{"type":"FeatureCollection", "features": [
{"type":"Feature","geometry":{"type":"Polygon","coordinates":[[[180,13.15],[179.98,13.15],[179.98,13.13],[180,13.13],[180,13.15]]]},"properties":{"scalerank":0,"featurecla":"Bathymetry","depth":6000}},
{"type":"Feature","geometry":{"type":"Polygon","coordinates":[[[179.19,8.9],[179.04,8.89],[179.07,8.68],[179.35,8.84],[179.4,8.45],[179.75,8.34],[179.63,7.98],[179.36,7.92],[179.68,7.67],[179.66,7.89],[179.94,8.06],[179.82,8.2],[179.91,8.5],[180,8.57],[180,8.93],[179.69,8.52],[179.45,8.67],[179.46,8.84],[179.19,8.9]]]},"properties":{"scalerank":0,"featurecla":"Bathymetry","depth":6000}},
{"type":"Feature","geometry":{"type":"Polygon","coordinates":[[[180,10.46],[179.93,10.34],[179.59,10.27],[179.39,10.02],[179.51,9.83],[179.69,9.71],[179.6,9.55],[179.73,9.45],[179.95,9.55],[179.75,9.82],[179.71,10],[179.8,10.2],[180,9.94],[180,10.2],[180,10.46]]]},"properties":{"scalerank":0,"featurecla":"Bathymetry","depth":6000}},
{"type":"Feature","geometry":{"type":"Polygon","coordinates":[[[180,42.79],[180,42.84],[179.76,42.78],[179.85,42.56],[180,42.79]]]},"properties":{"scalerank":0,"featurecla":"Bathymetry","depth":6000}},
{"type":"Feature","geometry":{"type":"Polygon","coordinates":[[[179.78,5.81],[179.62,5.69],[179.71,5.59],[179.78,5.81]]]},"properties":{"scalerank":0,"featurecla":"Bathymetry","depth":6000}},
{"type":"Feature","geometry":{"type":"Polygon","coordinates":[[[179.52,10.97],[179.5,11.07],[179.37,11.12],[179.36,11.04],[179.52,10.97]]]},"properties":{"scalerank":0,"featurecla":"Bathymetry","depth":6000}},
{"type":"Feature","geometry":{"type":"Polygon","coordinates":[[[179.57,11.64],[179.28,11.5],[179.19,11.3],[178.96,11.24],[179.04,11.11],[179.33,11.35],[179.4,11.54],[179.57,11.64]]]},"properties":{"scalerank":0,"featurecla":"Bathymetry","depth":6000}},
{"type":"Feature","geometry":{"type":"Polygon","coordinates":[[[179.74,11.84],[179.86,12.02],[179.83,12.2],[180,12.55],[180,12.77],[179.86,12.62],[179.83,12.37],[179.71,12.19],[179.74,11.84]]]},"properties":{"scalerank":0,"featurecla":"Bathymetry","depth":6000}},
{"type":"Feature","geometry":{"type":"Polygon","coordinates":[[[179.42,12.69],[179.68,12.98],[179.45,12.98],[179.42,12.69]]]},"properties":{"scalerank":0,"featurecla":"Bathymetry","depth":6000}},
{"type":"Feature","geometry":{"type":"Polygon","coordinates":[[[179.57,13.86],[179.54,13.68],[179.89,13.75],[179.57,13.86]]]},"properties":{"scalerank":0,"featurecla":"Bathymetry","depth":6000}},
{"type":"Feature","geometry":{"type":"Polygon","coordinates":[[[179.77,40.52],[179.61,40.55],[179.52,40.51],[179.89,40.41],[179.92,40.47],[179.77,40.52]]]},"properties":{"scalerank":0,"featurecla":"Bathymetry","depth":6000}},
{"type":"Feature","geometry":{"type":"Polygon","coordinates":[[[179.46,41.25],[179.74,41.42],[180,41.74],[180,41.81],[179.58,41.51],[179.46,41.25]]]},"properties":{"scalerank":0,"featurecla":"Bathymetry","depth":6000}},
{"type":"Feature","geometry":{"type":"Polygon","coordinates":[[[179.38,42.59],[179.1,42.39],[179.21,42.19],[179.44,42.33],[179.38,42.59]]]},"properties":{"scalerank":0,"featurecla":"Bathymetry","depth":6000}},
{"type":"Feature","geometry":{"type":"Polygon","coordinates":[[[170.21,52.68],[170.03,52.83],[169.81,52.7],[170.54,52.32],[171.4,52.02],[171.82,51.96],[172.08,51.71],[172.51,51.5],[172.99,51.44],[173.38,51.24],[173.79,51.26],[174,51.14],[174.83,51.06],[175.08,50.95],[175.37,50.98],[176.11,50.83],[176.28,50.71],[176.84,50.66],[177.59,50.3],[177.76,50.43],[178.15,50.25],[178.54,50.19],[178.73,50.25],[180,50.11],[180,50.47],[178.87,50.57],[178.36,50.64],[178.07,50.6],[177.84,50.71],[177.44,50.72],[176.94,50.85],[176.66,50.98],[176.38,51],[175.99,51.15],[175.52,51.08],[174.96,51.19],[174.65,51.31],[174.19,51.36],[173.95,51.5],[173.69,51.5],[173.28,51.67],[173.02,51.67],[172.8,51.81],[172.06,52.01],[171.13,52.41],[170.62,52.51],[170.41,52.7],[170.21,52.68]]]},"properties":{"scalerank":0,"featurecla":"Bathymetry","depth":6000}},
{"type":"Feature","geometry":{"type":"Polygon","coordinates":[[[-179.2,10.67],[-179.49,10.81],[-179.49,11.06],[-179.24,11.17],[-179.35,11.38],[-179.7,10.98],[-179.77,10.84],[-179.66,10.68],[-179.74,10.39],[-179.67,10.27],[-179.47,10.23],[-179.33,9.8],[-179.72,9.8],[-179.76,9.98],[-179.94,10.26],[-180,9.94],[-179.91,9.87],[-179.78,9.43],[-179.62,9.19],[-179.41,9.03],[-179.27,8.62],[-179.17,8.99],[-179.38,9.17],[-179.33,9.3],[-179.47,9.47],[-179.44,9.68],[-179.28,9.72],[-179.23,9.32],[-179.05,9.45],[-178.94,9.31],[-178.7,9.21],[-178.62,9.27],[-178.88,9.56],[-178.66,9.72],[-178.55,10.21],[-178.8,10.27],[-179,10.51],[-179.16,10.49],[-179.2,10.67]],[[-179.28,10.32],[-179.46,10.4],[-179.33,10.56],[-179.21,10.38],[-178.89,10.29],[-178.73,10],[-178.88,9.91],[-179.23,10.07],[-179.28,10.32]]]},"properties":{"scalerank":0,"featurecla":"Bathymetry","depth":6000}},
{"type":"Feature","geometry":{"type":"Polygon","coordinates":[[[-179.57,-4.08],[-179.46,-4.21],[-179.38,-4.22],[-179.35,-4.16],[-179.52,-4.13],[-179.57,-4.08]]]},"properties":{"scalerank":0,"featurecla":"Bathymetry","depth":6000}},
{"type":"Feature","geometry":{"type":"Polygon","coordinates":[[[-179.77,5.53],[-179.81,5.51],[-179.78,5.21],[-179.74,5.23],[-179.77,5.53]]]},"properties":{"scalerank":0,"featurecla":"Bathymetry","depth":6000}},
{"type":"Feature","geometry":{"type":"Polygon","coordinates":[[[-179.78,8.71],[-179.93,8.78],[-180,8.57],[-179.79,8.6],[-179.78,8.71]]]},"properties":{"scalerank":0,"featurecla":"Bathymetry","depth":6000}},
{"type":"Feature","geometry":{"type":"Polygon","coordinates":[[[-179.69,11.98],[-179.86,11.81],[-179.5,11.69],[-179.69,11.98]]]},"properties":{"scalerank":0,"featurecla":"Bathymetry","depth":6000}},
{"type":"Feature","geometry":{"type":"Polygon","coordinates":[[[-179.92,12.54],[-179.83,12.71],[-180,12.77],[-180,12.55],[-179.92,12.54]]]},"properties":{"scalerank":0,"featurecla":"Bathymetry","depth":6000}},
{"type":"Feature","geometry":{"type":"Polygon","coordinates":[[[-179.86,13.22],[-180,13.13],[-179.8,13.01],[-179.86,13.22]]]},"properties":{"scalerank":0,"featurecla":"Bathymetry","depth":6000}},
{"type":"Feature","geometry":{"type":"Polygon","coordinates":[[[-178.75,41.92],[-178.7,42.07],[-179.06,42.05],[-179.34,41.88],[-179.53,41.58],[-179.24,41.57],[-178.75,41.92]]]},"properties":{"scalerank":0,"featurecla":"Bathymetry","depth":6000}},
{"type":"Feature","geometry":{"type":"Polygon","coordinates":[[[-179.22,42.47],[-179.53,42.58],[-179.53,42.16],[-179.16,42.29],[-178.84,42.32],[-179.05,42.53],[-179.22,42.47]]]},"properties":{"scalerank":0,"featurecla":"Bathymetry","depth":6000}},
{"type":"Feature","geometry":{"type":"Polygon","coordinates":[[[-179.54,43.05],[-179.88,43],[-179.95,42.83],[-179.55,42.94],[-179.54,43.05]]]},"properties":{"scalerank":0,"featurecla":"Bathymetry","depth":6000}},
{"type":"Feature","geometry":{"type":"Polygon","coordinates":[[[-179.42,43.75],[-179.31,43.9],[-179.45,43.92],[-179.42,43.75]]]},"properties":{"scalerank":0,"featurecla":"Bathymetry","depth":6000}},
{"type":"Feature","geometry":{"type":"Polygon","coordinates":[[[-176,50.61],[-176.78,50.54],[-177.7,50.52],[-178.15,50.47],[-178.44,50.52],[-179.57,50.43],[-180,50.47],[-180,50.11],[-179.76,50.16],[-179.27,50.09],[-178.85,50.09],[-178.44,50.18],[-177.53,50.16],[-177.17,50.18],[-176.66,50.3],[-175.97,50.29],[-176,50.61]]]},"properties":{"scalerank":0,"featurecla":"Bathymetry","depth":6000}},
{"type":"Feature","geometry":{"type":"Polygon","coordinates":[[[-30.62,-54.6],[-30.94,-54.58],[-31.44,-54.79],[-30.91,-54.86],[-30.5,-55.05],[-29.97,-54.97],[-29.7,-55.18],[-29.43,-55.22],[-28.97,-55.13],[-28.41,-55.18],[-28.25,-55.07],[-27.88,-55.2],[-27.91,-55.4],[-27.31,-55.42],[-26.64,-55.7],[-25.9,-56.09],[-25.65,-56.41],[-25.32,-56.26],[-25.22,-56.47],[-24.4,-57.18],[-24.24,-57.23],[-24.25,-57.73],[-24.07,-57.78],[-23.94,-58.03],[-23.84,-58.54],[-23.98,-58.63],[-23.98,-59.1],[-24.09,-59.42],[-23.75,-59.37],[-23.78,-59.22],[-23.5,-58.79],[-23.57,-58.61],[-23.48,-58.13],[-23.81,-57.82],[-23.71,-57.6],[-23.76,-57.3],[-23.93,-56.94],[-24.16,-56.75],[-24.42,-56.22],[-24.66,-56.14],[-24.94,-55.83],[-25.6,-55.53],[-25.55,-55.37],[-25.93,-55.26],[-26.3,-54.93],[-26.74,-54.86],[-26.85,-54.76],[-27.52,-54.93],[-27.51,-54.75],[-27.99,-54.74],[-28.45,-54.6],[-28.92,-54.65],[-29.23,-54.74],[-30.11,-54.76],[-30.62,-54.6]]]},"properties":{"scalerank":0,"featurecla":"Bathymetry","depth":6000}},
{"type":"Feature","geometry":{"type":"Polygon","coordinates":[[[102.96,-7.4],[102.83,-7.37],[102.42,-7.12],[102.3,-7.21],[102.57,-7.48],[102.74,-7.4],[102.79,-7.67],[103.08,-7.78],[103.56,-8.06],[103.97,-8.07],[104.06,-8.24],[104.3,-8.28],[104.75,-8.56],[105.12,-8.9],[105.49,-9.08],[105.68,-9.08],[105.84,-9.25],[106,-9.26],[106.08,-9.57],[106.26,-9.55],[106.43,-9.76],[106.86,-9.81],[106.82,-9.98],[106.99,-10.08],[107.1,-10.3],[107.05,-10.49],[107.6,-10.43],[107.85,-10.32],[108.04,-10.46],[108.38,-10.37],[108.67,-10.23],[108.95,-10.52],[109.2,-10.3],[109.33,-10.28],[109.44,-10.46],[109.7,-10.36],[109.78,-10.54],[110.14,-10.58],[110.46,-10.56],[110.73,-10.45],[110.54,-10.23],[110.2,-10.25],[109.83,-10.16],[109.58,-10.22],[109.25,-10.13],[108.31,-10.01],[107.88,-9.85],[107.76,-9.73],[107.5,-9.69],[107.36,-9.55],[106.67,-9.41],[106.57,-9.3],[106.16,-9.08],[106,-9.06],[105.78,-8.87],[105.12,-8.42],[104.85,-8.11],[104.4,-8.04],[104.28,-7.88],[104.04,-7.85],[103.66,-7.7],[103.47,-7.59],[103.27,-7.56],[102.96,-7.4]]]},"properties":{"scalerank":0,"featurecla":"Bathymetry","depth":6000}},
{"type":"Feature","geometry":{"type":"Polygon","coordinates":[[[131.4,9.53],[131.2,9.43],[130.97,9.47],[130.89,9.05],[130.69,9.15],[130.44,9.05],[130.51,8.76],[130.66,8.62],[130.94,8.73],[131.16,8.98],[131.05,9.17],[131.42,9.2],[131.52,9.32],[131.82,9.38],[131.72,9.52],[131.4,9.53]]]},"properties":{"scalerank":0,"featurecla":"Bathymetry","depth":6000}},
{"type":"Feature","geometry":{"type":"Polygon","coordinates":[[[132.87,18.35],[132.49,18.36],[132.43,18.67],[132.2,18.6],[132.06,18.66],[132.05,18.94],[131.85,19.08],[131.73,18.91],[131.54,18.99],[131.37,18.87],[131.13,19.01],[130.96,18.76],[131.29,18.61],[131.66,18.57],[131.96,18.73],[132.26,18.43],[132.43,18.11],[132.36,17.87],[132.55,17.88],[132.49,18.14],[132.87,18.35]]]},"properties":{"scalerank":0,"featurecla":"Bathymetry","depth":6000}},
{"type":"Feature","geometry":{"type":"Polygon","coordinates":[[[126.22,22.42],[126.69,22.57],[126.58,22.78],[126.35,22.79],[126.22,22.42]]]},"properties":{"scalerank":0,"featurecla":"Bathymetry","depth":6000}},
{"type":"Feature","geometry":{"type":"Polygon","coordinates":[[[145.22,30.68],[145.29,30.77],[145.11,31],[144.94,30.98],[145.1,30.7],[145.22,30.68]]]},"properties":{"scalerank":0,"featurecla":"Bathymetry","depth":6000}},
{"type":"Feature","geometry":{"type":"Polygon","coordinates":[[[170.74,47.39],[170.24,47.32],[170.11,47.2],[170.25,46.9],[170.04,46.68],[169.94,46.42],[170.11,46.13],[171.16,46.27],[171.2,46.45],[171.4,46.59],[171.14,46.82],[170.74,47.39]]]},"properties":{"scalerank":0,"featurecla":"Bathymetry","depth":6000}},
{"type":"Feature","geometry":{"type":"Polygon","coordinates":[[[167.37,48.33],[167.06,48.65],[166.95,48.37],[167.11,48.26],[167.13,47.89],[167.27,47.69],[167,47.45],[167.27,47.06],[167.35,46.76],[167.21,46.43],[167.51,46.16],[167.35,46.08],[167.55,45.87],[168.09,46.07],[168.32,45.94],[168.56,45.6],[168.69,45.29],[168.87,45.31],[169.34,44.93],[169.59,45.05],[169.54,45.29],[169.29,45.35],[169,45.28],[168.81,45.86],[168.81,46.18],[168.93,46.37],[168.96,46.68],[168.82,46.79],[168.84,47.02],[168.38,47.5],[168.33,47.82],[167.95,48.32],[167.56,48.38],[167.37,48.33]],[[167.55,47.47],[167.3,47.98],[167.46,48.1],[167.82,47.63],[167.55,47.47]]]},"properties":{"scalerank":0,"featurecla":"Bathymetry","depth":6000}},
{"type":"Feature","geometry":{"type":"Polygon","coordinates":[[[170.26,49.2],[169.59,48.98],[169.9,48.57],[169.94,48.43],[169.7,48.14],[169.63,47.92],[169.83,47.85],[169.98,47.62],[171,47.53],[170.86,47.73],[170.94,47.94],[170.7,48.04],[170.52,48.29],[170.35,48.36],[170.28,48.63],[170.48,48.72],[170.42,49.01],[170.26,49.2]]]},"properties":{"scalerank":0,"featurecla":"Bathymetry","depth":6000}},
{"type":"Feature","geometry":{"type":"Polygon","coordinates":[[[-159.85,53.57],[-160.2,53.61],[-160.96,53.52],[-161.26,53.57],[-161.96,53.36],[-162.16,53.37],[-162.96,53.21],[-163.73,52.94],[-164.04,52.92],[-164.27,52.8],[-164.87,52.73],[-165.01,52.64],[-165.68,52.56],[-165.84,52.44],[-166.42,52.28],[-166.8,52.24],[-166.98,52.14],[-167.71,51.94],[-168.1,51.94],[-168.51,51.77],[-169.01,51.72],[-169.24,51.57],[-169.94,51.41],[-170.71,51.29],[-172.2,51.17],[-172.33,51.06],[-172.77,50.95],[-173.77,50.95],[-174.1,50.8],[-174.52,50.74],[-174.81,50.82],[-175.11,50.75],[-175.74,50.73],[-175.74,50.32],[-175.32,50.35],[-175.08,50.45],[-174.86,50.4],[-174.29,50.47],[-173.25,50.69],[-173.06,50.59],[-172.15,50.71],[-172.01,50.81],[-171.65,50.76],[-170.55,50.94],[-170.4,50.85],[-170.01,51.05],[-169.8,51.02],[-169.49,51.19],[-169.13,51.24],[-168.72,51.44],[-168.04,51.52],[-167.59,51.74],[-166.85,51.94],[-166.69,52.04],[-166.37,52.01],[-165.89,52.11],[-165.29,52.33],[-164.3,52.61],[-163.97,52.63],[-163.3,52.85],[-162.19,53.04],[-161.77,53.21],[-160.01,53.57],[-159.85,53.57]]]},"properties":{"scalerank":0,"featurecla":"Bathymetry","depth":6000}},
{"type":"Feature","geometry":{"type":"Polygon","coordinates":[[[14.12,-57.35],[14.13,-57.58],[14.39,-57.48],[14.12,-57.35]]]},"properties":{"scalerank":0,"featurecla":"Bathymetry","depth":6000}},
{"type":"Feature","geometry":{"type":"Polygon","coordinates":[[[12.65,-57.01],[12.71,-56.85],[12.63,-56.8],[12.45,-56.97],[12.65,-57.01]]]},"properties":{"scalerank":0,"featurecla":"Bathymetry","depth":6000}},
{"type":"Feature","geometry":{"type":"Polygon","coordinates":[[[-41.75,-48.06],[-41.93,-47.84],[-41.85,-47.41],[-42.03,-47.43],[-41.98,-47.71],[-42.05,-47.89],[-41.75,-48.06]]]},"properties":{"scalerank":0,"featurecla":"Bathymetry","depth":6000}},
{"type":"Feature","geometry":{"type":"Polygon","coordinates":[[[-46.08,-48.55],[-45.42,-47.96],[-45.64,-47.85],[-45.39,-47.48],[-45.8,-47.51],[-46.06,-47.38],[-46.17,-47.54],[-46.57,-47.64],[-46.9,-47.53],[-47.26,-47.6],[-47.57,-47.47],[-47.91,-47.66],[-48.07,-47.54],[-48.66,-47.52],[-48.94,-46.99],[-49.34,-47],[-49.48,-46.76],[-49.97,-46.87],[-50.17,-46.61],[-50.5,-46.37],[-50.51,-46.15],[-50.69,-46.1],[-50.88,-45.87],[-51.14,-45.79],[-51.46,-45.5],[-51.79,-45.31],[-52.11,-45.28],[-52.2,-45.49],[-53.04,-45.7],[-53.59,-46.22],[-54.08,-46.39],[-53.76,-46.88],[-54.06,-47.08],[-53.86,-47.33],[-53.61,-47.49],[-53.34,-47.89],[-53.26,-48.13],[-52.97,-48.16],[-52.86,-48.66],[-52.37,-48.86],[-52.02,-48.83],[-51.27,-48.94],[-51.35,-48.6],[-51.56,-48.44],[-51.13,-48.35],[-50.86,-48.67],[-50.95,-48.89],[-50.7,-48.98],[-50.3,-48.96],[-49.51,-48.98],[-49.21,-49.07],[-48.91,-48.94],[-49.03,-48.76],[-48.91,-48.58],[-48.5,-48.58],[-48.31,-48.38],[-47.62,-48.3],[-47.08,-48.36],[-46.69,-48.55],[-46.12,-48.28],[-46.08,-48.55]],[[-49.74,-48.66],[-49.76,-48.85],[-50.04,-48.9],[-50.13,-48.66],[-49.74,-48.66]],[[-48.7,-47.73],[-48.75,-48.02],[-49.03,-48.03],[-49.09,-47.77],[-48.7,-47.73]],[[-52.18,-48.46],[-51.93,-48.54],[-51.68,-48.47],[-51.55,-48.62],[-51.94,-48.74],[-52.1,-48.65],[-52.56,-48.65],[-52.55,-48.49],[-52.18,-48.46]]]},"properties":{"scalerank":0,"featurecla":"Bathymetry","depth":6000}},
{"type":"Feature","geometry":{"type":"Polygon","coordinates":[[[-132.64,-39.15],[-132.22,-39.01],[-132.4,-39],[-132.64,-39.15]]]},"properties":{"scalerank":0,"featurecla":"Bathymetry","depth":6000}},
{"type":"Feature","geometry":{"type":"Polygon","coordinates":[[[-172.64,-31.77],[-172.71,-31.88],[-172.93,-31.91],[-172.75,-32.08],[-172.62,-32],[-172.64,-31.77]]]},"properties":{"scalerank":0,"featurecla":"Bathymetry","depth":6000}},
{"type":"Feature","geometry":{"type":"Polygon","coordinates":[[[171.43,-23.1],[171.1,-22.98],[171.11,-23.09],[171.43,-23.1]]]},"properties":{"scalerank":0,"featurecla":"Bathymetry","depth":6000}},
{"type":"Feature","geometry":{"type":"Polygon","coordinates":[[[103.31,-23.04],[103.31,-23],[103.06,-22.92],[103.01,-22.94],[103.27,-23.05],[103.31,-23.04]]]},"properties":{"scalerank":0,"featurecla":"Bathymetry","depth":6000}},
{"type":"Feature","geometry":{"type":"Polygon","coordinates":[[[102.74,-22.42],[102.47,-22.24],[102.45,-22.32],[102.74,-22.42]]]},"properties":{"scalerank":0,"featurecla":"Bathymetry","depth":6000}},
{"type":"Feature","geometry":{"type":"Polygon","coordinates":[[[100.67,-22.13],[100.63,-21.99],[100.42,-21.94],[100.67,-22.13]]]},"properties":{"scalerank":0,"featurecla":"Bathymetry","depth":6000}},
{"type":"Feature","geometry":{"type":"Polygon","coordinates":[[[100.46,-21.29],[100.48,-21.43],[100.62,-21.56],[100.68,-21.55],[100.46,-21.29]]]},"properties":{"scalerank":0,"featurecla":"Bathymetry","depth":6000}},
{"type":"Feature","geometry":{"type":"Polygon","coordinates":[[[100.68,-19.86],[100.69,-19.65],[100.32,-19.99],[100.09,-19.94],[100.14,-20.17],[100.44,-20.17],[100.56,-20.4],[100.92,-20.69],[101.11,-20.68],[100.74,-20.29],[100.67,-20.13],[100.68,-19.86]]]},"properties":{"scalerank":0,"featurecla":"Bathymetry","depth":6000}},
{"type":"Feature","geometry":{"type":"Polygon","coordinates":[[[99.52,-19.76],[99.29,-19.81],[99.49,-20.48],[99.8,-20.64],[99.81,-20.91],[100.25,-21.01],[99.93,-20.71],[99.87,-20.57],[99.59,-20.38],[99.63,-20.14],[99.52,-19.76]]]},"properties":{"scalerank":0,"featurecla":"Bathymetry","depth":6000}},
{"type":"Feature","geometry":{"type":"Polygon","coordinates":[[[99.64,-18.57],[99.58,-18.86],[99.84,-19.56],[99.95,-19.52],[99.79,-19.08],[99.99,-18.84],[99.99,-18.56],[99.64,-18.57]]]},"properties":{"scalerank":0,"featurecla":"Bathymetry","depth":6000}},
{"type":"Feature","geometry":{"type":"Polygon","coordinates":[[[101.04,-18.26],[100.85,-18.24],[100.82,-18.48],[101.06,-18.49],[101.18,-18.71],[101.08,-18.9],[101.31,-19.14],[101.74,-19.27],[101.96,-19.63],[102.11,-19.65],[102.11,-19.85],[102.3,-19.91],[102.28,-19.62],[102,-19.49],[101.78,-19.24],[101.56,-19.17],[101.22,-18.87],[101.28,-18.58],[101.04,-18.26]]]},"properties":{"scalerank":0,"featurecla":"Bathymetry","depth":6000}},
{"type":"Feature","geometry":{"type":"Polygon","coordinates":[[[98.94,-18.38],[98.81,-18.57],[98.88,-18.95],[98.69,-19.06],[98.63,-18.78],[98.34,-18.63],[98.52,-19.3],[98.47,-19.69],[98.6,-19.9],[98.71,-19.9],[98.83,-20.18],[98.88,-20.68],[99,-20.57],[98.91,-20.35],[98.99,-20.1],[99.22,-20.08],[99.12,-19.78],[99.04,-19.17],[99.04,-18.9],[98.98,-18.77],[98.94,-18.38]],[[98.82,-19.87],[98.71,-19.72],[98.69,-19.18],[98.85,-19.11],[98.9,-19.42],[99.02,-19.61],[99.01,-20],[98.82,-19.87]]]},"properties":{"scalerank":0,"featurecla":"Bathymetry","depth":6000}},
{"type":"Feature","geometry":{"type":"Polygon","coordinates":[[[-72.43,-18.29],[-73.2,-17.62],[-73.33,-17.58],[-73.49,-17.37],[-73.68,-17.31],[-74.29,-16.82],[-74.35,-16.99],[-74.01,-17.29],[-73.78,-17.37],[-73.64,-17.59],[-73.45,-17.62],[-72.89,-18.12],[-72.74,-18.3],[-72.54,-18.37],[-72.07,-18.96],[-71.45,-20.11],[-71.28,-20.68],[-71.36,-20.8],[-71.23,-21.28],[-71.42,-21.91],[-71.4,-22.72],[-71.51,-22.98],[-71.54,-23.43],[-71.5,-23.61],[-71.57,-23.83],[-71.5,-24.13],[-71.56,-24.67],[-71.52,-25.1],[-71.64,-25.51],[-71.59,-25.63],[-71.63,-26.14],[-71.7,-26.38],[-71.71,-26.81],[-71.9,-26.85],[-71.84,-27.49],[-71.52,-26.76],[-71.4,-25.66],[-71.4,-25.03],[-71.33,-24.82],[-71.28,-24],[-71.23,-23.86],[-71.21,-23.16],[-71.09,-22.78],[-71.11,-22.25],[-71.07,-22.05],[-71.08,-21.21],[-71.13,-21.04],[-71.14,-20.33],[-71.35,-19.68],[-71.49,-19.62],[-71.47,-19.39],[-71.74,-19.1],[-72.43,-18.29]]]},"properties":{"scalerank":0,"featurecla":"Bathymetry","depth":6000}},
{"type":"Feature","geometry":{"type":"Polygon","coordinates":[[[104.13,-15.86],[104.28,-15.61],[103.97,-15.54],[103.99,-15.38],[103.75,-15.21],[103.41,-15.35],[103.31,-15.23],[103.15,-15.65],[103.38,-15.66],[103.5,-15.82],[103.66,-15.8],[103.82,-15.96],[103.91,-15.77],[104.09,-15.66],[104.13,-15.86]],[[103.92,-15.63],[103.85,-15.77],[103.6,-15.75],[103.57,-15.61],[103.75,-15.45],[103.92,-15.63]]]},"properties":{"scalerank":0,"featurecla":"Bathymetry","depth":6000}},
{"type":"Feature","geometry":{"type":"Polygon","coordinates":[[[106.22,-15.08],[106.14,-14.96],[106.04,-15.1],[106.22,-15.08]]]},"properties":{"scalerank":0,"featurecla":"Bathymetry","depth":6000}},
{"type":"Feature","geometry":{"type":"Polygon","coordinates":[[[101.29,-14.97],[101.28,-15.02],[101.58,-15.4],[101.61,-15.72],[101.21,-15.79],[100.76,-15.73],[100.61,-15.89],[100.74,-16.06],[100.53,-16.28],[100.79,-16.63],[101.09,-16.51],[101.36,-16.68],[101.36,-17.13],[101.19,-17.18],[101.12,-17.35],[101.29,-17.4],[101.44,-17.67],[101.5,-17.91],[101.43,-18.23],[101.82,-18.19],[102.08,-17.99],[102.25,-17.98],[102.5,-17.81],[102.33,-17.71],[102.12,-17.95],[101.97,-17.84],[102.16,-17.59],[101.96,-17.56],[101.76,-17.33],[101.56,-17.4],[101.38,-17.19],[101.54,-16.78],[101.4,-16.57],[101.34,-16.2],[101.5,-16.08],[101.74,-16.09],[101.88,-15.96],[101.95,-15.72],[101.66,-15.48],[101.46,-15.11],[101.29,-14.97]],[[101.51,-15.94],[101.72,-15.79],[101.79,-16.02],[101.51,-15.94]],[[101.71,-17.89],[101.87,-18.01],[101.69,-18.16],[101.6,-18.03],[101.71,-17.89]]]},"properties":{"scalerank":0,"featurecla":"Bathymetry","depth":6000}},
{"type":"Feature","geometry":{"type":"Polygon","coordinates":[[[-172.83,-20.78],[-172.75,-20.35],[-172.59,-19.77],[-172.4,-19.59],[-172.35,-19.21],[-172.5,-18.82],[-172.61,-18.73],[-172.48,-18.47],[-172.1,-18.1],[-171.98,-16.8],[-171.89,-16.66],[-171.93,-16.18],[-171.84,-16.08],[-171.98,-15.62],[-172.25,-15.24],[-172.44,-15.13],[-172.53,-14.9],[-172.83,-14.68],[-173.14,-14.57],[-173.6,-14.52],[-173.11,-14.88],[-172.99,-15.06],[-172.69,-15.24],[-172.54,-15.26],[-172.51,-15.51],[-172.3,-15.83],[-172.37,-16.99],[-172.46,-17.23],[-172.46,-17.47],[-172.68,-18],[-172.64,-18.22],[-172.77,-18.56],[-172.78,-18.74],[-172.98,-19.01],[-173,-19.28],[-173.12,-19.45],[-173.33,-19.99],[-173.38,-20.35],[-173.55,-20.62],[-173.59,-20.87],[-173.81,-21.04],[-173.81,-21.3],[-174.06,-21.72],[-174.09,-21.9],[-174.29,-22.08],[-174.3,-22.33],[-174.48,-22.46],[-174.67,-22.78],[-175.22,-23.52],[-175.43,-23.92],[-175.27,-24.84],[-175.22,-25.34],[-175.32,-25.58],[-175.15,-25.68],[-175.03,-25.18],[-174.84,-25.06],[-174.86,-24.81],[-174.66,-24.35],[-174.47,-24.26],[-174.43,-23.9],[-174.33,-23.66],[-173.9,-23.09],[-173.65,-23.05],[-173.63,-22.76],[-173.44,-22.52],[-173.45,-22.01],[-173.16,-21.91],[-173.16,-21.7],[-173.06,-21.48],[-172.68,-21.25],[-172.83,-20.78]]]},"properties":{"scalerank":0,"featurecla":"Bathymetry","depth":6000}},
{"type":"Feature","geometry":{"type":"Polygon","coordinates":[[[104.63,-14.26],[104.4,-14.4],[104.53,-14.63],[104.36,-14.67],[104.12,-14.57],[104.05,-14.74],[104.31,-14.89],[104.51,-14.88],[104.71,-14.98],[105.02,-15.28],[104.87,-15.43],[105.13,-15.8],[104.92,-15.97],[104.71,-15.84],[104.71,-16.1],[104.98,-16.09],[105.2,-16.01],[105.38,-16.18],[105.5,-15.99],[105.39,-15.79],[105.12,-15.67],[104.99,-15.47],[105.19,-15.32],[105.71,-15.63],[105.67,-15.79],[105.91,-15.8],[106.11,-15.92],[106.24,-15.69],[105.87,-15.73],[105.82,-15.59],[105.4,-15.41],[105.3,-15.22],[104.93,-15.03],[104.66,-14.6],[104.63,-14.26]]]},"properties":{"scalerank":0,"featurecla":"Bathymetry","depth":6000}},
{"type":"Feature","geometry":{"type":"Polygon","coordinates":[[[105.1,-13.7],[104.92,-13.4],[104.87,-13.84],[105.1,-13.7]]]},"properties":{"scalerank":0,"featurecla":"Bathymetry","depth":6000}},
{"type":"Feature","geometry":{"type":"Polygon","coordinates":[[[100.29,-12.59],[100.22,-12.43],[100.03,-12.45],[100.07,-12.66],[99.89,-12.72],[99.92,-12.93],[99.74,-12.92],[99.72,-13.19],[99.78,-13.35],[100.1,-13.4],[100.25,-13.74],[100.51,-13.72],[100.41,-13.47],[100.38,-13.19],[100.63,-13.08],[100.54,-12.82],[100.51,-12.5],[100.29,-12.59]],[[99.89,-13.36],[99.86,-13.08],[100.05,-13.16],[99.89,-13.36]]]},"properties":{"scalerank":0,"featurecla":"Bathymetry","depth":6000}},
{"type":"Feature","geometry":{"type":"Polygon","coordinates":[[[92.18,-12.35],[92.19,-12.16],[92.02,-12.19],[91.88,-12.36],[92.18,-12.35]]]},"properties":{"scalerank":0,"featurecla":"Bathymetry","depth":6000}},
{"type":"Feature","geometry":{"type":"Polygon","coordinates":[[[103.58,-11.48],[103.78,-11.29],[103.6,-11.21],[103.58,-11.48]]]},"properties":{"scalerank":0,"featurecla":"Bathymetry","depth":6000}},
{"type":"Feature","geometry":{"type":"Polygon","coordinates":[[[101.84,-6.43],[101.53,-6.16],[101.33,-5.88],[101.12,-5.77],[100.9,-5.4],[100.69,-5.46],[100.99,-5.69],[101.18,-5.9],[101.22,-6.06],[101.38,-6.19],[101.51,-6.51],[101.84,-6.43]]]},"properties":{"scalerank":0,"featurecla":"Bathymetry","depth":6000}},
{"type":"Feature","geometry":{"type":"Polygon","coordinates":[[[-17.7,-0.03],[-17.88,0.04],[-18.31,-0.14],[-18.16,-0.16],[-18.02,-0.07],[-17.7,-0.03]]]},"properties":{"scalerank":0,"featurecla":"Bathymetry","depth":6000}},
{"type":"Feature","geometry":{"type":"Polygon","coordinates":[[[176.66,2.06],[176.64,2.34],[176.58,2.46],[176.51,2.74],[176.43,2.75],[176.48,2.58],[176.56,2.43],[176.66,2.06]]]},"properties":{"scalerank":0,"featurecla":"Bathymetry","depth":6000}},
{"type":"Feature","geometry":{"type":"Polygon","coordinates":[[[175.59,5.97],[175.44,6.08],[175.39,6.25],[175.25,6.36],[175.33,6.14],[175.44,6.02],[175.59,5.97]]]},"properties":{"scalerank":0,"featurecla":"Bathymetry","depth":6000}},
{"type":"Feature","geometry":{"type":"Polygon","coordinates":[[[-170.26,6.78],[-170.28,6.86],[-170.26,6.96],[-170.35,6.95],[-170.37,6.82],[-170.26,6.78]]]},"properties":{"scalerank":0,"featurecla":"Bathymetry","depth":6000}},
{"type":"Feature","geometry":{"type":"Polygon","coordinates":[[[176.63,7.21],[176.31,6.92],[176.23,6.79],[176.21,6.5],[176.35,5.88],[176.52,5.88],[176.63,5.68],[176.63,5.3],[176.51,5.16],[176.48,4.92],[176.73,4.79],[176.69,4.57],[176.78,4.29],[176.95,4.37],[177.16,4.23],[177.29,4.3],[177.07,4.64],[177.17,4.81],[176.95,5.3],[177.1,5.4],[177.13,5.6],[176.97,5.64],[176.78,5.88],[176.64,6.19],[176.69,6.71],[176.51,6.85],[176.64,7.03],[176.63,7.21]]]},"properties":{"scalerank":0,"featurecla":"Bathymetry","depth":6000}},
{"type":"Feature","geometry":{"type":"Polygon","coordinates":[[[-173.37,7.58],[-173.53,7.58],[-173.45,7.5],[-173.37,7.58]]]},"properties":{"scalerank":0,"featurecla":"Bathymetry","depth":6000}},
{"type":"Feature","geometry":{"type":"Polygon","coordinates":[[[-175.06,8.19],[-175.17,8.27],[-175.17,7.99],[-175.06,7.99],[-175.06,8.19]]]},"properties":{"scalerank":0,"featurecla":"Bathymetry","depth":6000}},
{"type":"Feature","geometry":{"type":"Polygon","coordinates":[[[132.43,10.51],[132.26,10.44],[131.94,10.47],[132.07,10.31],[132.26,10.34],[132.43,10.51]]]},"properties":{"scalerank":0,"featurecla":"Bathymetry","depth":6000}},
{"type":"Feature","geometry":{"type":"Polygon","coordinates":[[[131.36,10.48],[131.26,10.39],[131.06,10.34],[131.27,10.23],[131.36,10.48]]]},"properties":{"scalerank":0,"featurecla":"Bathymetry","depth":6000}},
{"type":"Feature","geometry":{"type":"Polygon","coordinates":[[[-177.06,10.4],[-177.17,10.42],[-177.42,10.67],[-177.47,10.45],[-177.36,10.3],[-177.06,10.4]]]},"properties":{"scalerank":0,"featurecla":"Bathymetry","depth":6000}},
{"type":"Feature","geometry":{"type":"Polygon","coordinates":[[[138.94,11.25],[138.88,10.97],[138.59,10.56],[138.62,10.08],[138.47,9.9],[138.69,9.85],[138.74,10.2],[138.84,10.44],[138.84,10.77],[139.04,11.05],[139.24,11.07],[139.49,10.7],[139.73,10.81],[139.41,11.1],[138.94,11.25]]]},"properties":{"scalerank":0,"featurecla":"Bathymetry","depth":6000}},
{"type":"Feature","geometry":{"type":"Polygon","coordinates":[[[-178.92,11.26],[-179,11.07],[-178.82,10.92],[-178.51,10.85],[-178.14,10.61],[-178.04,10.73],[-178.27,10.88],[-178.49,10.85],[-178.81,11.06],[-178.92,11.26]]]},"properties":{"scalerank":0,"featurecla":"Bathymetry","depth":6000}},
{"type":"Feature","geometry":{"type":"Polygon","coordinates":[[[-36.36,13.06],[-36.48,13],[-36.53,12.91],[-36.52,12.81],[-36.38,12.94],[-36.36,13.06]]]},"properties":{"scalerank":0,"featurecla":"Bathymetry","depth":6000}},
{"type":"Feature","geometry":{"type":"Polygon","coordinates":[[[157.82,13.1],[157.57,13.09],[157.35,12.66],[157.4,12.45],[157.63,12.68],[157.56,12.94],[157.82,13.1]]]},"properties":{"scalerank":0,"featurecla":"Bathymetry","depth":6000}},
{"type":"Feature","geometry":{"type":"Polygon","coordinates":[[[-34.64,12.82],[-34.84,13.07],[-35.14,13.22],[-35.19,13.01],[-34.85,12.98],[-34.64,12.82]]]},"properties":{"scalerank":0,"featurecla":"Bathymetry","depth":6000}},
{"type":"Feature","geometry":{"type":"Polygon","coordinates":[[[158.44,14.2],[158.19,14.27],[158.18,14.12],[158.44,14.2]]]},"properties":{"scalerank":0,"featurecla":"Bathymetry","depth":6000}},
{"type":"Feature","geometry":{"type":"Polygon","coordinates":[[[-32.29,14.49],[-32.15,14.37],[-31.94,14.38],[-31.84,14.19],[-31.78,14.26],[-31.95,14.4],[-32.17,14.4],[-32.29,14.49]]]},"properties":{"scalerank":0,"featurecla":"Bathymetry","depth":6000}},
{"type":"Feature","geometry":{"type":"Polygon","coordinates":[[[125.18,14.72],[125.06,14.95],[124.64,15],[124.92,14.5],[125.06,14.35],[125.09,14.18],[125.33,13.7],[125.38,13.43],[125.54,13.15],[125.58,12.88],[125.85,12.49],[126.12,11.93],[126.29,10.92],[126.43,10.44],[126.41,10.32],[126.67,9.79],[126.67,9.6],[126.79,9.24],[126.95,8.95],[126.98,8.62],[127.06,8.5],[127.06,8.12],[127.13,7.97],[127.13,7.54],[127.08,6.94],[126.96,6.74],[127.13,6.38],[127.25,5.95],[127.4,5.79],[127.46,5.15],[127.71,5.18],[128.48,4.16],[128.68,4.11],[128.69,4.31],[128.45,4.61],[128.35,4.99],[128.11,5.38],[127.75,5.76],[127.76,5.96],[127.62,6.19],[127.59,6.43],[127.73,6.58],[127.68,7.06],[127.8,7.25],[127.74,7.71],[127.54,8.03],[127.59,8.48],[127.39,8.58],[127.36,8.85],[127.58,8.98],[127.56,9.12],[127.71,9.27],[127.66,9.95],[127.32,9.89],[127.1,10.46],[126.92,10.64],[126.89,11.08],[126.8,11.17],[126.77,11.64],[126.86,11.92],[126.58,12],[126.43,11.96],[126.08,12.62],[125.92,12.74],[125.78,12.99],[125.78,13.23],[125.68,13.53],[125.44,13.61],[125.49,13.95],[125.33,13.94],[125.25,14.11],[125.56,14.4],[125.36,14.45],[125.18,14.72]]]},"properties":{"scalerank":0,"featurecla":"Bathymetry","depth":6000}},
{"type":"Feature","geometry":{"type":"Polygon","coordinates":[[[-173.4,15.27],[-173.24,15.46],[-173.45,15.5],[-173.4,15.27]]]},"properties":{"scalerank":0,"featurecla":"Bathymetry","depth":6000}},
{"type":"Feature","geometry":{"type":"Polygon","coordinates":[[[147.84,15.78],[147.71,15.88],[147.48,15.32],[147.48,15.19],[147.21,15.02],[146.82,14.41],[146.79,14.12],[146.25,13.67],[146.07,13.43],[146.05,13.28],[145.65,12.96],[145.49,12.78],[145.28,12.7],[145.12,12.82],[144.75,12.62],[144.74,12.48],[144.55,12.26],[144.21,12.26],[143.94,12.08],[143.86,11.9],[143.5,11.72],[143.33,11.71],[143.03,11.59],[142.54,11.69],[141.72,11.57],[141.41,11.33],[141.08,11.14],[140.83,10.89],[141.12,10.82],[141.58,10.87],[141.72,10.94],[142.08,10.97],[142.57,10.9],[142.92,10.93],[143.17,11.08],[143.46,11.05],[143.75,11.11],[143.83,11.25],[144.05,11.33],[144.24,11.57],[144.46,11.65],[144.64,11.84],[144.83,11.66],[145.32,11.81],[145.58,11.98],[145.78,11.93],[146.3,11.93],[146.17,12.21],[146.45,12.48],[146.64,12.6],[146.45,12.83],[146.63,12.89],[146.81,12.82],[147.02,13.01],[146.95,13.28],[146.97,13.6],[147.18,13.87],[147.33,13.88],[147.45,13.58],[147.74,13.85],[147.55,14.13],[147.61,14.28],[147.62,14.67],[147.78,14.99],[147.72,15.39],[147.94,15.55],[148.07,15.82],[147.84,15.78]],[[145.78,12.29],[145.98,12.36],[146.06,12.1],[145.83,12.18],[145.78,12.29]]]},"properties":{"scalerank":0,"featurecla":"Bathymetry","depth":6000}},
{"type":"Feature","geometry":{"type":"Polygon","coordinates":[[[-171.87,16.11],[-172.2,16.2],[-172.12,16.11],[-171.87,16.11]]]},"properties":{"scalerank":0,"featurecla":"Bathymetry","depth":6000}},
{"type":"Feature","geometry":{"type":"Polygon","coordinates":[[[156.11,16.26],[155.91,16.18],[156.02,15.98],[155.98,15.6],[155.87,15.5],[155.82,15.27],[155.59,15.07],[155.57,14.88],[155.18,14.9],[154.9,14.79],[154.8,14.5],[154.9,14.36],[154.85,14.09],[154.34,13.97],[153.98,14.43],[153.76,14.34],[153.73,14.54],[153.55,14.51],[153.19,14.27],[153.12,14.42],[152.84,14.41],[152.5,14.6],[152.62,14.78],[152.99,14.72],[153.17,14.9],[153.17,15.17],[152.75,15.31],[152.32,15.05],[152.09,15],[151.92,15.09],[151.74,15.02],[151.73,15.24],[151.41,15.47],[150.89,15.12],[150.87,14.82],[151.16,14.81],[151.15,14.57],[151.03,14.45],[151.09,14.3],[151,14.09],[150.78,14.02],[150.17,14.07],[150.26,13.88],[150.05,13.66],[150.1,13.39],[150,13.22],[149.74,13.1],[149.93,12.76],[150.2,12.73],[150.3,12.81],[150.38,13.25],[150.29,13.4],[150.43,13.51],[150.72,13.6],[150.8,13.7],[151.27,13.58],[151.26,13.35],[151.46,13.2],[151.51,13.66],[151.45,13.82],[151.54,14.24],[151.75,14.62],[152.06,14.43],[152.23,14.45],[152.35,14.26],[152.52,14.36],[152.76,14.35],[152.9,14.16],[153.06,14.4],[153.29,14.14],[153.36,13.87],[153.6,13.87],[153.55,13.64],[153.31,13.63],[153.18,13.19],[153.38,13.16],[153.58,13.01],[153.72,13.06],[153.9,12.86],[154.15,12.89],[154.09,13.3],[154.2,13.4],[154.44,13.05],[154.84,13.09],[154.8,12.87],[155.07,12.86],[155.2,13.08],[155.41,12.99],[155.46,12.76],[155.89,12.83],[155.9,12.7],[156.07,12.56],[156.19,12.62],[156.06,12.89],[156.52,13.14],[156.64,13.3],[157.03,13.29],[157.17,13.43],[157.47,13.25],[157.43,13.5],[157.15,13.97],[156.95,13.95],[156.73,13.78],[156.38,13.8],[156.1,13.72],[155.98,13.59],[155.74,13.78],[155.69,13.96],[155.5,14.11],[155.56,14.35],[155.49,14.6],[155.76,14.59],[156.01,14.66],[156.21,14.43],[156.39,14.51],[156.6,14.8],[156.77,14.86],[156.85,15.06],[156.79,15.26],[156.91,15.41],[156.82,15.65],[156.61,15.58],[156.53,15.79],[156.33,15.79],[156.14,15.96],[156.19,16.18],[156.11,16.26]],[[156.33,15.44],[156.18,15.5],[156.31,15.7],[156.46,15.51],[156.33,15.44]],[[156.08,13.51],[155.93,13.15],[155.73,13.24],[155.76,13.42],[156.08,13.51]],[[149.99,13.11],[150.2,13.34],[150.23,13.06],[149.99,13.11]]]},"properties":{"scalerank":0,"featurecla":"Bathymetry","depth":6000}},
{"type":"Feature","geometry":{"type":"Polygon","coordinates":[[[151.61,16.31],[151.49,16.44],[151.23,16.29],[151.61,16.31]]]},"properties":{"scalerank":0,"featurecla":"Bathymetry","depth":6000}},
{"type":"Feature","geometry":{"type":"Polygon","coordinates":[[[133.32,18.23],[133.06,18.31],[132.97,18.17],[133.08,18.02],[133.17,18.23],[133.32,18.23]]]},"properties":{"scalerank":0,"featurecla":"Bathymetry","depth":6000}},
{"type":"Feature","geometry":{"type":"Polygon","coordinates":[[[-36.19,18.41],[-36.34,18.36],[-36.49,18.38],[-36.62,18.25],[-36.19,18.41]]]},"properties":{"scalerank":0,"featurecla":"Bathymetry","depth":6000}},
{"type":"Feature","geometry":{"type":"Polygon","coordinates":[[[133.13,18.75],[133.34,18.67],[133.74,18.76],[133.13,18.75]]]},"properties":{"scalerank":0,"featurecla":"Bathymetry","depth":6000}},
{"type":"Feature","geometry":{"type":"Polygon","coordinates":[[[133.78,18.92],[133.87,18.98],[133.75,19.16],[133.61,18.97],[133.78,18.92]]]},"properties":{"scalerank":0,"featurecla":"Bathymetry","depth":6000}},
{"type":"Feature","geometry":{"type":"Polygon","coordinates":[[[-65.75,20.34],[-66.03,20.31],[-66.34,20.1],[-66.95,20.14],[-67.06,20.02],[-67.39,20.04],[-67.68,19.95],[-67.92,19.97],[-68.17,19.73],[-68.35,19.72],[-68.44,19.5],[-68.04,19.47],[-67.47,19.33],[-67.35,19.2],[-66.94,19.32],[-66.85,19.16],[-66.62,19.01],[-66.28,19.15],[-65.84,19.13],[-65.16,19.26],[-65.01,19.38],[-64.43,19.6],[-64.14,19.51],[-63.96,19.53],[-63.68,19.42],[-63.38,19.38],[-63.23,19.45],[-62.98,19.14],[-62.77,19.08],[-62.69,18.89],[-62.46,18.97],[-62.28,18.82],[-61.97,18.79],[-61.75,18.7],[-61.82,19.1],[-61.49,18.98],[-61.34,18.79],[-61.06,18.75],[-60.92,18.52],[-60.75,18.51],[-60.66,18.32],[-60.37,18.08],[-60.21,17.79],[-59.61,17.35],[-59.4,17.57],[-59.59,17.87],[-59.93,18.07],[-59.96,18.36],[-60.05,18.61],[-60.23,18.82],[-60.55,18.9],[-60.69,19.08],[-61.3,19.18],[-61.39,19.25],[-61.76,19.34],[-62.15,19.53],[-62.69,19.87],[-62.85,20.02],[-63.17,20.13],[-63.21,19.98],[-63.59,19.97],[-63.79,20.06],[-64.17,20],[-64.26,20.06],[-64.56,20.04],[-64.99,20.13],[-65.21,20.28],[-65.47,20.26],[-65.75,20.34]]]},"properties":{"scalerank":0,"featurecla":"Bathymetry","depth":6000}},
{"type":"Feature","geometry":{"type":"Polygon","coordinates":[[[153.86,20.83],[153.89,20.64],[154.31,20.29],[154.38,20.57],[154.26,20.7],[153.86,20.83]]]},"properties":{"scalerank":0,"featurecla":"Bathymetry","depth":6000}},
{"type":"Feature","geometry":{"type":"Polygon","coordinates":[[[133.32,20.95],[132.95,20.94],[132.86,20.81],[132.64,20.82],[132.54,20.64],[132.67,20.3],[132.88,20.25],[133.1,20.65],[133.28,20.72],[133.32,20.95]]]},"properties":{"scalerank":0,"featurecla":"Bathymetry","depth":6000}},
{"type":"Feature","geometry":{"type":"Polygon","coordinates":[[[-37.19,20.91],[-37.04,21.06],[-37.1,21.23],[-37.22,21.28],[-37.27,21.24],[-37.15,21.17],[-37.13,21.06],[-37.19,20.91]]]},"properties":{"scalerank":0,"featurecla":"Bathymetry","depth":6000}},
{"type":"Feature","geometry":{"type":"Polygon","coordinates":[[[-59.28,23.06],[-59.28,23.25],[-59.42,23.04],[-59.28,23.06]]]},"properties":{"scalerank":0,"featurecla":"Bathymetry","depth":6000}},
{"type":"Feature","geometry":{"type":"Polygon","coordinates":[[[146.81,23.25],[146.62,23.15],[146.28,23.16],[146.15,23.31],[145.89,23.33],[145.65,23.19],[145.49,23.41],[145.31,23.35],[144.61,23.56],[144.73,23.25],[144.59,23.05],[144.71,22.95],[145.03,22.98],[145.24,22.62],[145.49,22.42],[145.44,22.28],[145.56,22.07],[145.81,22.05],[146.28,21.72],[146.58,21.6],[146.76,21.17],[146.99,20.91],[147,20.58],[147.22,20.62],[147.19,21.04],[146.97,21.38],[147.07,21.79],[146.95,21.95],[146.9,22.35],[146.95,22.53],[146.86,22.66],[146.76,23.13],[146.81,23.25]]]},"properties":{"scalerank":0,"featurecla":"Bathymetry","depth":6000}},
{"type":"Feature","geometry":{"type":"Polygon","coordinates":[[[168.46,23.47],[168.19,23.47],[167.93,23.6],[167.41,23.23],[167.28,23.05],[167.46,22.99],[167.57,23.15],[167.73,23],[167.91,23.01],[168.13,22.68],[168.21,22.82],[167.93,23.09],[168.12,23.18],[168.12,23.38],[168.46,23.47]]]},"properties":{"scalerank":0,"featurecla":"Bathymetry","depth":6000}},
{"type":"Feature","geometry":{"type":"Polygon","coordinates":[[[-53.93,24.47],[-54.07,24.46],[-54.28,24.35],[-54.23,24.31],[-54.05,24.46],[-53.93,24.47]]]},"properties":{"scalerank":0,"featurecla":"Bathymetry","depth":6000}},
{"type":"Feature","geometry":{"type":"Polygon","coordinates":[[[-54.97,24.26],[-55.12,24.45],[-55.16,24.59],[-55.26,24.51],[-55.14,24.34],[-54.97,24.26]]]},"properties":{"scalerank":0,"featurecla":"Bathymetry","depth":6000}},
{"type":"Feature","geometry":{"type":"Polygon","coordinates":[[[144.4,23.74],[144.26,23.84],[143.92,24.26],[143.79,24.62],[143.52,24.74],[143.33,24.99],[143.3,24.65],[143.53,24.22],[143.61,23.83],[143.93,23.64],[144.3,23.57],[144.4,23.74]]]},"properties":{"scalerank":0,"featurecla":"Bathymetry","depth":6000}},
{"type":"Feature","geometry":{"type":"Polygon","coordinates":[[[-54.96,24.94],[-54.98,24.98],[-55.23,24.99],[-55.21,24.91],[-54.96,24.94]]]},"properties":{"scalerank":0,"featurecla":"Bathymetry","depth":6000}},
{"type":"Feature","geometry":{"type":"Polygon","coordinates":[[[-32.63,24.82],[-32.74,24.93],[-32.74,24.8],[-32.63,24.82]]]},"properties":{"scalerank":0,"featurecla":"Bathymetry","depth":6000}},
{"type":"Feature","geometry":{"type":"Polygon","coordinates":[[[-54.65,24.98],[-54.72,25.05],[-54.77,24.96],[-54.58,24.96],[-54.49,24.92],[-54.43,24.98],[-54.47,25.03],[-54.55,24.98],[-54.65,24.98]]]},"properties":{"scalerank":0,"featurecla":"Bathymetry","depth":6000}},
{"type":"Feature","geometry":{"type":"Polygon","coordinates":[[[-59.78,25.2],[-59.75,24.99],[-59.66,25.06],[-59.65,25.18],[-59.78,25.2]]]},"properties":{"scalerank":0,"featurecla":"Bathymetry","depth":6000}},
{"type":"Feature","geometry":{"type":"Polygon","coordinates":[[[168,25.35],[167.76,25.49],[167.47,25.28],[167.38,25.08],[167.04,24.72],[166.78,24.54],[166.56,24.24],[166.23,24.23],[165.91,24.14],[166.37,23.66],[166.25,23.51],[166.08,23.54],[165.91,23.19],[166.17,23.15],[166.25,23.38],[166.63,23.37],[166.78,23.1],[167.02,23.12],[167.32,23.37],[167.72,23.86],[167.57,24.02],[167.07,24.02],[166.85,24.24],[167.01,24.47],[167.33,24.41],[167.38,24.71],[167.5,24.82],[167.72,25.23],[168,25.35]],[[167.18,23.89],[167.26,23.75],[167.13,23.61],[166.93,23.62],[167.18,23.89]]]},"properties":{"scalerank":0,"featurecla":"Bathymetry","depth":6000}},
{"type":"Feature","geometry":{"type":"Polygon","coordinates":[[[-33.77,25.49],[-33.73,25.62],[-33.76,25.63],[-33.84,25.47],[-33.77,25.49]]]},"properties":{"scalerank":0,"featurecla":"Bathymetry","depth":6000}},
{"type":"Feature","geometry":{"type":"Polygon","coordinates":[[[167.25,25.8],[167.34,25.94],[167.17,25.88],[167.25,25.8]]]},"properties":{"scalerank":0,"featurecla":"Bathymetry","depth":6000}},
{"type":"Feature","geometry":{"type":"Polygon","coordinates":[[[164.48,25.53],[164.3,25.7],[163.97,25.82],[163.88,26.08],[163.7,26.14],[163.52,25.84],[163.85,25.78],[163.98,25.61],[164.48,25.53]]]},"properties":{"scalerank":0,"featurecla":"Bathymetry","depth":6000}},
{"type":"Feature","geometry":{"type":"Polygon","coordinates":[[[163.13,26.06],[163.01,26.01],[163.17,25.91],[163.25,26.04],[163.13,26.06]]]},"properties":{"scalerank":0,"featurecla":"Bathymetry","depth":6000}},
{"type":"Feature","geometry":{"type":"Polygon","coordinates":[[[161.2,25.62],[161.53,25.89],[161.57,26.09],[161.39,26.2],[161.2,25.62]]]},"properties":{"scalerank":0,"featurecla":"Bathymetry","depth":6000}},
{"type":"Feature","geometry":{"type":"Polygon","coordinates":[[[168.52,24.09],[168.44,23.97],[168.67,23.85],[169.01,24.16],[169.2,23.92],[169.1,23.75],[169.3,23.4],[169.65,23.47],[169.95,23.44],[169.75,23.68],[169.54,23.79],[169.51,23.98],[169.67,24.38],[169.88,24.54],[169.94,24.83],[170.08,24.9],[170.03,25.27],[170.2,25.41],[170.3,25.9],[169.95,26.1],[169.8,25.9],[169.82,25.67],[169.62,25.66],[169.51,25.85],[169.74,26.14],[169.68,26.27],[169.44,26.28],[169.05,26.42],[168.84,26.26],[168.83,26.14],[169.03,25.82],[168.92,25.64],[169,25.35],[168.82,25.1],[168.5,25.13],[168.47,24.88],[168.33,24.57],[168.15,24.49],[168.05,24.29],[168.33,24.28],[168.31,24.44],[168.57,24.65],[168.71,24.64],[168.89,24.84],[168.89,25.02],[169.15,25.26],[169.32,25.32],[169.67,25.16],[169.67,25.01],[169.37,24.96],[169.35,24.66],[169.06,24.62],[169.09,24.34],[168.8,24.24],[168.65,24.26],[168.52,24.09]],[[169.35,25.59],[169.16,25.56],[169.08,25.71],[169.17,25.88],[169.44,25.78],[169.35,25.59]]]},"properties":{"scalerank":0,"featurecla":"Bathymetry","depth":6000}},
{"type":"Feature","geometry":{"type":"Polygon","coordinates":[[[129.65,26.14],[129.85,26.22],[129.91,26.45],[129.64,26.44],[129.31,26.03],[129.12,26.04],[129.05,25.9],[128.76,25.68],[128.65,25.53],[128.08,25.1],[126.96,24.29],[126.84,24.12],[126.35,23.75],[125.84,23.49],[125.19,23.4],[125.05,23.3],[124.61,23.23],[124.15,23.21],[123.88,23.11],[123.74,23.18],[123.26,23.11],[123.14,22.94],[123.91,22.75],[124.02,22.94],[124.3,22.82],[124.4,22.94],[124.66,22.86],[125.02,22.89],[125.07,23.07],[125.28,23.18],[125.59,23.18],[125.87,23.35],[126.05,23.3],[126.17,23.54],[126.68,23.68],[126.96,23.57],[127.01,23.67],[127.43,24],[127.46,24.19],[127.65,24.15],[127.64,24.39],[127.83,24.39],[128.02,24.55],[128.22,24.43],[128.27,24.62],[127.99,24.59],[128.09,24.79],[128.3,24.87],[128.62,25.15],[128.64,25.28],[128.86,25.41],[128.93,25.58],[129.2,25.57],[129.41,25.77],[129.41,25.92],[129.65,26.14]]]},"properties":{"scalerank":0,"featurecla":"Bathymetry","depth":6000}},
{"type":"Feature","geometry":{"type":"Polygon","coordinates":[[[151.71,26.83],[151.44,26.86],[151.35,26.65],[151.49,26.55],[151.71,26.58],[151.71,26.83]]]},"properties":{"scalerank":0,"featurecla":"Bathymetry","depth":6000}},
{"type":"Feature","geometry":{"type":"Polygon","coordinates":[[[166.05,26.9],[166.05,26.64],[165.69,26.61],[165.77,26.35],[165.99,26.43],[166.11,26.1],[165.96,25.96],[166.26,25.78],[166.14,25.6],[165.85,25.66],[165.47,25.61],[165.34,25.68],[164.81,25.7],[165,25.54],[164.96,25.31],[165.28,25.28],[165.38,25.2],[165.21,24.7],[165.24,24.5],[165.16,24.25],[165,24.04],[164.79,24],[164.87,23.77],[165.23,23.52],[165.46,23.64],[165.55,23.79],[165.65,24.29],[165.57,24.45],[165.36,24.54],[165.44,25],[165.81,25.13],[165.83,24.96],[166.2,25.22],[166.7,25.38],[166.42,25.52],[166.43,25.83],[166.62,26.09],[166.8,26.1],[166.93,26.43],[167.07,26.52],[167.19,26.88],[167,26.81],[166.49,26.83],[166.05,26.9]],[[165.31,24.17],[165.41,24.42],[165.53,24.37],[165.56,24.11],[165.31,24.17]],[[165.2,24.14],[165.45,23.85],[165.42,23.66],[165.2,23.65],[165.12,23.78],[165.12,24.07],[165.2,24.14]]]},"properties":{"scalerank":0,"featurecla":"Bathymetry","depth":6000}},
{"type":"Feature","geometry":{"type":"Polygon","coordinates":[[[154.78,26.81],[154.56,26.58],[154.68,26.48],[154.91,26.67],[154.78,26.81]]]},"properties":{"scalerank":0,"featurecla":"Bathymetry","depth":6000}},
{"type":"Feature","geometry":{"type":"Polygon","coordinates":[[[170.83,27.29],[170.78,27.42],[170.52,27.36],[170.74,27.14],[170.83,27.29]]]},"properties":{"scalerank":0,"featurecla":"Bathymetry","depth":6000}},
{"type":"Feature","geometry":{"type":"Polygon","coordinates":[[[-61.19,27.16],[-61.73,27.41],[-61.72,27.11],[-61.34,27.07],[-61.3,26.87],[-60.84,26.83],[-60.97,27.05],[-61.19,27.16]]]},"properties":{"scalerank":0,"featurecla":"Bathymetry","depth":6000}},
{"type":"Feature","geometry":{"type":"Polygon","coordinates":[[[153.32,27.6],[153.01,27.42],[152.7,27.41],[152.76,27.22],[152.58,26.8],[152.69,26.68],[153.04,26.54],[153.13,26.76],[153.36,26.84],[153.41,26.98],[153.64,27.07],[153.64,26.84],[153.43,26.72],[153.59,26.59],[153.89,26.65],[153.91,26.83],[154.3,26.93],[154.46,27.11],[154.3,27.4],[154.05,27.37],[153.82,27.49],[153.32,27.6]]]},"properties":{"scalerank":0,"featurecla":"Bathymetry","depth":6000}},
{"type":"Feature","geometry":{"type":"Polygon","coordinates":[[[169.42,27.24],[169.4,27.45],[168.55,26.66],[168.5,26.5],[168.33,26.37],[168.05,26.05],[168.11,25.95],[168.06,25.69],[168.28,25.67],[168.58,25.8],[168.41,25.98],[168.46,26.28],[168.68,26.43],[168.65,26.61],[168.95,26.78],[169.15,27.2],[169.42,27.24]]]},"properties":{"scalerank":0,"featurecla":"Bathymetry","depth":6000}},
{"type":"Feature","geometry":{"type":"Polygon","coordinates":[[[-56.16,27.23],[-56.33,27.72],[-56.49,27.58],[-56.3,27.48],[-56.34,27.21],[-56.16,27.23]]]},"properties":{"scalerank":0,"featurecla":"Bathymetry","depth":6000}},
{"type":"Feature","geometry":{"type":"Polygon","coordinates":[[[174.53,27.56],[174.61,27.71],[174.46,27.76],[174.53,27.56]]]},"properties":{"scalerank":0,"featurecla":"Bathymetry","depth":6000}},
{"type":"Feature","geometry":{"type":"Polygon","coordinates":[[[-61.19,27.94],[-61.22,27.85],[-61.03,27.84],[-61.19,27.94]]]},"properties":{"scalerank":0,"featurecla":"Bathymetry","depth":6000}},
{"type":"Feature","geometry":{"type":"Polygon","coordinates":[[[-60.24,26.21],[-59.66,25.92],[-59.32,25.92],[-59.06,25.73],[-58.9,25.75],[-58.58,25.51],[-58.16,25.37],[-57.77,25.31],[-57.75,25.19],[-57.32,25.25],[-57.34,25.43],[-57.69,25.5],[-57.73,25.38],[-58.16,25.55],[-58.27,25.8],[-57.91,26.09],[-58.1,26.14],[-58.31,26.3],[-58.46,26.16],[-58.3,25.82],[-58.58,25.63],[-58.92,25.92],[-59.19,25.97],[-58.99,26.38],[-58.79,26.67],[-58.3,26.61],[-58.18,26.48],[-57.9,26.47],[-57.64,26.34],[-57.43,26.36],[-57.12,26.26],[-56.9,26.01],[-56.75,26.17],[-56.18,26.16],[-55.99,26.04],[-55.81,26.2],[-56.34,26.21],[-56.55,26.31],[-57.02,26.31],[-57.24,26.41],[-57.15,26.72],[-56.85,26.51],[-56.42,26.52],[-56.49,26.68],[-56.74,26.59],[-56.86,26.9],[-57.09,26.83],[-57.17,27.17],[-57.45,27.34],[-57.67,27.26],[-57.81,27.5],[-58.11,27.13],[-58.2,26.85],[-57.82,26.72],[-57.5,27.13],[-57.21,27.08],[-57.22,26.66],[-57.42,26.42],[-57.92,26.59],[-58.09,26.57],[-58.28,26.67],[-58.43,26.63],[-59.06,26.86],[-59.18,27.07],[-59.35,26.97],[-59.5,27.09],[-59.66,27.05],[-59.89,27.18],[-59.94,26.97],[-59.84,26.81],[-60.14,26.65],[-60.2,26.8],[-60.02,27.24],[-60.14,27.4],[-60.6,27.43],[-60.43,27.27],[-60.59,27.05],[-60.37,26.99],[-60.41,27.25],[-60.17,27.21],[-60.14,27],[-60.31,26.45],[-59.95,26.28],[-60.24,26.21]],[[-59.52,26.38],[-59.38,26.43],[-59.33,26.63],[-59.68,26.66],[-59.78,26.82],[-59.64,26.95],[-59.2,26.81],[-59,26.62],[-59.17,26.45],[-59.24,26.13],[-59.45,26.18],[-59.63,26.34],[-59.78,26.35],[-59.87,26.52],[-59.5,26.57],[-59.52,26.38]]]},"properties":{"scalerank":0,"featurecla":"Bathymetry","depth":6000}},
{"type":"Feature","geometry":{"type":"Polygon","coordinates":[[[-59.35,27.74],[-59.47,27.94],[-59.52,27.76],[-59.35,27.74]]]},"properties":{"scalerank":0,"featurecla":"Bathymetry","depth":6000}},
{"type":"Feature","geometry":{"type":"Polygon","coordinates":[[[-58.87,28.17],[-58.83,27.95],[-59.11,27.53],[-59.04,27.41],[-58.81,27.32],[-58.62,27.38],[-58.57,27.63],[-58.85,27.73],[-58.72,28.01],[-58.87,28.17]]]},"properties":{"scalerank":0,"featurecla":"Bathymetry","depth":6000}},
{"type":"Feature","geometry":{"type":"Polygon","coordinates":[[[152.15,27.9],[151.79,27.9],[151.79,27.75],[152.08,27.78],[152.22,27.57],[152.47,27.61],[152.15,27.9]]]},"properties":{"scalerank":0,"featurecla":"Bathymetry","depth":6000}},
{"type":"Feature","geometry":{"type":"Polygon","coordinates":[[[172.38,28.14],[172.48,28.4],[171.66,27.73],[171.58,27.58],[171.09,27.3],[171.08,27.18],[170.83,27.02],[170.42,26.47],[171.21,27.09],[171.6,27.34],[171.77,27.22],[171.82,26.98],[171.67,26.89],[171.58,26.58],[171.62,26.4],[171.45,26.21],[171.27,26.22],[170.89,26.12],[170.8,25.8],[170.95,25.74],[170.89,25.5],[171.05,25.32],[171.05,25.12],[170.9,25],[171.21,24.77],[171.38,24.89],[171.38,25.04],[171.79,25.22],[172.16,25.12],[172.33,25.31],[172.53,25.36],[172.52,25.56],[172.67,25.74],[172.52,25.88],[172.18,25.99],[171.96,26],[171.68,26.11],[171.81,26.37],[172.11,26.62],[172.24,26.55],[172.63,26.66],[172.89,26.6],[173.11,26.71],[173.36,26.71],[173.4,26.93],[173.76,27.07],[174.17,27.41],[174.21,27.68],[174,27.98],[173.71,28.03],[172.82,27.86],[172.72,27.98],[172.45,27.94],[172.38,28.14]],[[172.15,27.66],[172.16,27.88],[172.38,27.92],[172.41,27.76],[172.15,27.66]]]},"properties":{"scalerank":0,"featurecla":"Bathymetry","depth":6000}},
{"type":"Feature","geometry":{"type":"Polygon","coordinates":[[[171.63,28.02],[171.85,28.23],[171.75,28.4],[171.49,28.31],[171.43,28.11],[171.26,28.1],[171.16,27.89],[170.99,27.93],[170.9,27.69],[171.06,27.55],[171.22,27.69],[171.39,27.99],[171.63,28.02]]]},"properties":{"scalerank":0,"featurecla":"Bathymetry","depth":6000}},
{"type":"Feature","geometry":{"type":"Polygon","coordinates":[[[164.43,28.82],[164.12,28.85],[164.19,28.58],[163.89,28.51],[163.8,28.19],[164.03,28.27],[164.32,28.11],[164.52,28.44],[164.54,28.69],[164.43,28.82]]]},"properties":{"scalerank":0,"featurecla":"Bathymetry","depth":6000}},
{"type":"Feature","geometry":{"type":"Polygon","coordinates":[[[155.12,28.83],[154.92,28.75],[154.92,28.48],[155.14,28.16],[155.4,28.09],[155.5,27.89],[155.27,27.68],[155.69,27.31],[156.09,27.24],[156,27.04],[156.31,26.9],[156.36,26.57],[156.62,26.17],[156.65,26.04],[156.94,26.09],[157.05,25.94],[156.98,25.77],[156.81,25.81],[156.71,25.67],[156.9,25.52],[157.13,25.51],[157.1,25.68],[157.21,25.88],[157.85,25.7],[158.22,26.06],[158.57,26.06],[158.52,26.28],[158.33,26.3],[158.02,26.64],[157.78,26.45],[157.7,26.68],[157.44,26.7],[157.24,26.94],[157.18,27.24],[157.25,27.36],[157.75,27.29],[157.9,27.1],[158.08,27.18],[157.78,27.54],[157.72,27.4],[157.52,27.34],[157.4,27.44],[157.66,27.72],[157.75,27.99],[157.55,28.4],[157.14,28.3],[156.92,28.38],[157.04,28.55],[157.44,28.55],[157.46,28.75],[157.03,28.63],[156.86,28.53],[156.59,28.54],[156.31,28.65],[155.89,28.48],[155.85,28.77],[155.54,28.82],[155.12,28.83]],[[155.96,28.2],[156.01,28.3],[156.34,28.17],[156.34,28.06],[156.06,28],[155.96,28.2]]]},"properties":{"scalerank":0,"featurecla":"Bathymetry","depth":6000}},
{"type":"Feature","geometry":{"type":"Polygon","coordinates":[[[166.67,28.96],[166.65,28.9],[166.74,28.81],[166.84,28.81],[166.67,28.96]]]},"properties":{"scalerank":0,"featurecla":"Bathymetry","depth":6000}},
{"type":"Feature","geometry":{"type":"Polygon","coordinates":[[[151.92,29.81],[151.88,29.65],[152.14,29.6],[152.1,29.83],[151.92,29.81]]]},"properties":{"scalerank":0,"featurecla":"Bathymetry","depth":6000}},
{"type":"Feature","geometry":{"type":"Polygon","coordinates":[[[152.54,32.09],[152.51,32.21],[152.16,32.03],[151.65,31.93],[151.92,31.66],[152.1,31.78],[152.29,32.03],[152.54,32.09]]]},"properties":{"scalerank":0,"featurecla":"Bathymetry","depth":6000}},
{"type":"Feature","geometry":{"type":"Polygon","coordinates":[[[149.73,29.62],[149.94,29.7],[149.93,30.05],[150.16,30.13],[150.38,30.05],[150.47,29.82],[150.26,29.81],[150.46,29.54],[150.65,29.69],[150.85,29.51],[150.96,29.83],[151.25,29.95],[151.11,30.2],[151.13,30.44],[150.91,30.58],[150.8,30.87],[150.49,30.62],[150.28,30.59],[150.21,30.83],[149.98,31.03],[149.79,31.43],[149.36,31.22],[149.14,31.17],[148.73,31.24],[148.62,31.6],[148.44,31.68],[148.17,31.62],[147.51,31.86],[146.97,31.61],[146.7,31.86],[146.36,32.31],[146.18,32.39],[145.88,32.32],[145.8,31.72],[145.71,31.49],[145.86,31.11],[145.43,31.19],[145.35,31.08],[145.94,29.9],[146.02,29.66],[146.45,29.14],[146.53,28.98],[146.86,28.82],[147.17,28.46],[147.64,28.2],[147.99,28.25],[148.16,28.58],[148.06,28.75],[148.19,28.93],[148.25,29.28],[148.41,29.26],[148.32,28.94],[148.56,28.94],[148.58,28.61],[148.44,28.55],[148.47,28.22],[148.54,28.13],[148.98,28.06],[149.13,27.88],[149.6,27.91],[149.46,27.73],[149.6,27.37],[149.85,27.52],[149.67,27.74],[149.83,27.85],[150.19,27.66],[150.45,27.74],[150.71,27.73],[151.01,27.55],[151.4,27.68],[151.48,27.81],[151.32,27.94],[151.02,27.75],[150.8,27.73],[150.72,28.13],[150.4,28.38],[150.38,28.46],[149.99,28.57],[149.78,28.78],[149.53,29.2],[149.89,29.27],[149.75,29.6],[149.73,29.62]],[[149.76,30.2],[149.64,30.34],[149.86,30.55],[150.17,30.46],[150.05,30.25],[149.76,30.2]],[[147.71,28.65],[147.47,28.84],[147.59,29],[147.8,28.8],[147.71,28.65]],[[150.3,28.1],[150.51,27.93],[150.34,27.82],[150.3,28.1]]]},"properties":{"scalerank":0,"featurecla":"Bathymetry","depth":6000}},
{"type":"Feature","geometry":{"type":"Polygon","coordinates":[[[168.06,32.57],[167.76,32.5],[167.86,32.14],[167.72,31.98],[167.86,31.75],[167.25,31.51],[167.48,31.44],[167.73,31.54],[167.79,31.22],[167.91,31.12],[168.13,31.28],[167.95,31.44],[168.14,31.66],[168.28,31.67],[168.26,31.92],[168.52,32.24],[168.36,32.33],[168.36,32.5],[168.06,32.57]]]},"properties":{"scalerank":0,"featurecla":"Bathymetry","depth":6000}},
{"type":"Feature","geometry":{"type":"Polygon","coordinates":[[[-165.61,32.82],[-165.73,32.71],[-165.48,32.66],[-165.61,32.82]]]},"properties":{"scalerank":0,"featurecla":"Bathymetry","depth":6000}},
{"type":"Feature","geometry":{"type":"Polygon","coordinates":[[[167.35,33.05],[167.38,33.2],[167.59,33.24],[167.62,33.5],[167.39,33.65],[167.41,33.85],[166.96,33.99],[166.74,33.99],[166.51,34.1],[166.4,33.64],[166.17,33.79],[166.27,33.9],[166.18,34.12],[165.48,34.39],[165.54,34.13],[165.69,33.91],[165.4,33.92],[165.34,34.1],[164.94,34.19],[164.67,34.48],[164.47,34.52],[164.31,34.92],[164.01,34.93],[163.93,34.81],[164.22,34.88],[164.29,34.79],[164.27,34.4],[164.1,34.27],[163.73,34.36],[163.57,34.53],[163.39,34.44],[163.36,34.12],[163.2,33.92],[162.89,33.95],[162.65,33.78],[162.56,33.55],[162.35,33.5],[162.38,33.31],[162.72,33.13],[162.91,32.79],[162.48,33.04],[162.31,32.99],[162.29,32.78],[162.11,32.64],[162.41,32.34],[162.84,32.36],[163.01,32.18],[163.61,31.83],[164.14,31.76],[164.45,31.78],[164.55,31.88],[164.86,31.8],[164.88,32.02],[165.23,32.04],[165.36,31.78],[165.47,31.27],[165.45,31.08],[165,31.1],[164.97,31],[165.38,30.9],[165.63,30.92],[166,30.68],[166.26,30.58],[166.34,30.78],[166.75,30.95],[166.82,30.67],[167.01,30.61],[167.19,30.22],[167.02,29.99],[166.87,30.04],[167.02,30.27],[166.71,30.28],[166.42,30.19],[166.63,29.95],[166.76,29.94],[167.25,29.52],[167.44,29.66],[167.54,30.02],[167.88,30.19],[168.01,30.42],[167.82,30.57],[167.51,30.62],[167.37,30.83],[166.87,30.99],[166.96,31.24],[166.9,31.78],[167.18,31.85],[167.28,31.74],[167.65,32.12],[167.67,32.36],[167.39,32.34],[167.3,32.15],[166.98,32.43],[166.94,33.1],[166.77,33.39],[166.54,33.46],[166.65,33.14],[166.49,33.04],[166.37,33.26],[166.37,33.48],[166.65,33.67],[166.83,33.91],[167.13,33.82],[167.22,33.55],[167.14,33.26],[167.35,33.05]],[[165.73,33.66],[165.76,33.44],[165.54,33.4],[165.54,33.64],[165.73,33.66]],[[162.4,32.5],[162.36,32.74],[162.62,32.77],[162.68,32.64],[162.4,32.5]],[[166.48,32.68],[166.72,32.69],[166.72,32.46],[166.5,32.27],[166.28,32.39],[166.3,32.64],[166.48,32.68]],[[166.34,32.16],[166.57,31.89],[166.27,31.87],[166.34,32.16]],[[166.12,32.14],[166.15,31.97],[166.39,31.37],[166,31.35],[166.08,31.62],[165.98,31.82],[166.01,32.14],[166.12,32.14]],[[165.93,31.14],[165.68,31.1],[165.53,31.39],[165.75,31.43],[165.93,31.14]],[[165.54,32.13],[165.74,31.79],[165.58,31.71],[165.32,32.13],[165.54,32.13]],[[167.17,29.97],[167.5,30.5],[167.66,30.3],[167.26,29.82],[167.17,29.97]]]},"properties":{"scalerank":0,"featurecla":"Bathymetry","depth":6000}},
{"type":"Feature","geometry":{"type":"Polygon","coordinates":[[[-168.58,35.52],[-168.74,35.7],[-168.48,35.84],[-168.08,35.8],[-167.77,35.92],[-167.45,35.93],[-166.87,36.1],[-166.54,36.24],[-166.58,36.33],[-167.02,36.18],[-167.49,36.06],[-167.59,36.31],[-167.91,36.15],[-169.01,36.07],[-169.34,35.83],[-169.94,35.64],[-169.94,35.45],[-169.61,35.42],[-169.3,35.61],[-169.02,35.49],[-168.58,35.52]]]},"properties":{"scalerank":0,"featurecla":"Bathymetry","depth":6000}},
{"type":"Feature","geometry":{"type":"Polygon","coordinates":[[[149.94,36.14],[149.83,36.48],[149.56,36.58],[149.45,36.45],[149.5,36.24],[149.32,36.17],[149.42,35.86],[149.18,35.69],[148.96,35.69],[148.67,35.55],[148.81,35.22],[148.32,35.11],[148.36,35],[148.07,34.79],[147.88,34.47],[147.69,34.5],[147.56,34.11],[147.35,33.98],[147.36,33.79],[147.71,33.41],[147.69,33.18],[147.38,33.2],[147.18,33],[147.4,32.78],[147.31,32.59],[147.46,32.46],[147.82,32.32],[147.93,32.54],[147.69,32.67],[147.75,32.95],[147.93,33.08],[148.29,33.16],[148.52,33.13],[148.85,32.9],[149.09,32.81],[149.33,32.83],[149.4,33.04],[149.73,33.25],[149.83,33.09],[150.32,33.12],[150.66,32.98],[150.94,33.06],[150.93,33.3],[151.1,33.43],[150.89,33.94],[150.93,34.12],[150.67,34.2],[150.32,33.98],[150.04,34.1],[149.8,34.4],[149.57,34.56],[149.64,34.75],[149.83,34.87],[150.17,34.94],[150.67,34.92],[150.65,34.71],[150.87,34.63],[151.26,34.73],[151.3,34.5],[151.42,34.39],[151.42,34.03],[151.02,33.86],[151.32,33.73],[151.53,33.73],[151.65,33.59],[151.9,33.56],[152.11,33.41],[152.54,33.36],[152.75,33.28],[152.81,33.47],[152.67,33.65],[153.09,34.06],[153.62,33.75],[153.69,33.93],[153.41,33.96],[153.17,34.3],[153.21,34.55],[152.98,34.58],[153.11,35],[152.96,35.16],[152.63,35.33],[152.23,35.29],[152.07,35.46],[151.79,35.56],[151.96,35.78],[151.72,36.16],[151.58,36.07],[151.63,35.72],[151.44,35.78],[150.65,35.69],[150.08,35.92],[149.96,35.55],[149.82,35.81],[150,35.95],[149.94,36.14]],[[150.68,35.39],[150.82,35.59],[151.28,35.56],[151.19,35.41],[150.68,35.39]],[[150.33,35.27],[150.37,35.14],[150.15,35.01],[150.12,35.25],[150.33,35.27]],[[152.63,35.07],[152.92,35.03],[152.78,34.8],[152.63,35.07]],[[148.27,34.54],[148.59,34.32],[148.31,33.96],[148.06,33.94],[147.74,34.06],[147.68,34.19],[147.87,34.41],[148.27,34.54]],[[152.09,33.89],[152.23,33.7],[152.04,33.55],[151.85,33.67],[152.09,33.89]]]},"properties":{"scalerank":0,"featurecla":"Bathymetry","depth":6000}},
{"type":"Feature","geometry":{"type":"Polygon","coordinates":[[[151.04,37.48],[150.88,37.51],[150.58,37.45],[150.7,37.38],[150.83,37.45],[151.04,37.48]]]},"properties":{"scalerank":0,"featurecla":"Bathymetry","depth":6000}},
{"type":"Feature","geometry":{"type":"Polygon","coordinates":[[[-158.28,38.66],[-157.86,38.72],[-158.05,38.76],[-158.28,38.66]]]},"properties":{"scalerank":0,"featurecla":"Bathymetry","depth":6000}},
{"type":"Feature","geometry":{"type":"Polygon","coordinates":[[[-168.24,39.02],[-168,39.06],[-167.89,39.25],[-168.16,39.15],[-168.24,39.02]]]},"properties":{"scalerank":0,"featurecla":"Bathymetry","depth":6000}},
{"type":"Feature","geometry":{"type":"Polygon","coordinates":[[[-166.2,39.23],[-166.27,39.3],[-166.39,39.22],[-166.2,39.23]]]},"properties":{"scalerank":0,"featurecla":"Bathymetry","depth":6000}},
{"type":"Feature","geometry":{"type":"Polygon","coordinates":[[[169.78,39.48],[169.75,39.75],[169.51,39.88],[169.46,39.8],[169.67,39.66],[169.78,39.48]]]},"properties":{"scalerank":0,"featurecla":"Bathymetry","depth":6000}},
{"type":"Feature","geometry":{"type":"Polygon","coordinates":[[[-178.99,40.01],[-179.15,39.95],[-178.97,39.72],[-178.68,39.8],[-178.99,40.01]]]},"properties":{"scalerank":0,"featurecla":"Bathymetry","depth":6000}},
{"type":"Feature","geometry":{"type":"Polygon","coordinates":[[[-173.95,40.41],[-174.22,40.44],[-174.34,40.5],[-174.3,40.32],[-174.1,40.39],[-173.95,40.41]]]},"properties":{"scalerank":0,"featurecla":"Bathymetry","depth":6000}},
{"type":"Feature","geometry":{"type":"Polygon","coordinates":[[[-174.79,39.43],[-174.79,39.61],[-174.91,39.98],[-174.76,40.14],[-174.72,40.34],[-174.9,40.47],[-174.65,40.58],[-174.76,40.78],[-175.18,40.87],[-175.6,40.7],[-175.56,40.89],[-175.67,41.26],[-176.02,41.1],[-176.02,40.87],[-176.21,40.77],[-176.18,40.61],[-176.42,40.31],[-176.28,40.13],[-176.15,39.8],[-175.54,39.98],[-175.56,39.79],[-175.41,39.51],[-174.99,39.68],[-174.79,39.43]]]},"properties":{"scalerank":0,"featurecla":"Bathymetry","depth":6000}},
{"type":"Feature","geometry":{"type":"Polygon","coordinates":[[[-174.24,41.21],[-174.45,41.17],[-174.27,41.09],[-174.24,41.21]]]},"properties":{"scalerank":0,"featurecla":"Bathymetry","depth":6000}},
{"type":"Feature","geometry":{"type":"Polygon","coordinates":[[[-174.88,42.21],[-175.37,41.89],[-175.59,41.86],[-175.85,41.64],[-175.73,41.47],[-175.48,41.62],[-175.01,42.05],[-174.88,42.21]]]},"properties":{"scalerank":0,"featurecla":"Bathymetry","depth":6000}},
{"type":"Feature","geometry":{"type":"Polygon","coordinates":[[[-168.82,43.39],[-168.96,43.48],[-169.38,43.5],[-169.46,43.42],[-169.14,43.38],[-168.82,43.39]]]},"properties":{"scalerank":0,"featurecla":"Bathymetry","depth":6000}},
{"type":"Feature","geometry":{"type":"Polygon","coordinates":[[[-174.82,44.55],[-174.72,44.6],[-174.8,44.66],[-174.9,44.58],[-174.82,44.55]]]},"properties":{"scalerank":0,"featurecla":"Bathymetry","depth":6000}},
{"type":"Feature","geometry":{"type":"Polygon","coordinates":[[[-172.94,45.03],[-172.81,44.7],[-172.9,44.49],[-173.22,44.13],[-173.49,44.03],[-173.26,43.79],[-173.12,44.07],[-172.89,44.19],[-172.68,44.45],[-172.78,44.61],[-172.7,44.88],[-172.94,45.03]]]},"properties":{"scalerank":0,"featurecla":"Bathymetry","depth":6000}},
{"type":"Feature","geometry":{"type":"Polygon","coordinates":[[[-170.86,44.75],[-170.86,45.07],[-171,45.19],[-171.12,44.59],[-170.86,44.75]]]},"properties":{"scalerank":0,"featurecla":"Bathymetry","depth":6000}},
{"type":"Feature","geometry":{"type":"Polygon","coordinates":[[[163.39,45.34],[163.14,45.27],[163.32,45.13],[163.39,45.34]]]},"properties":{"scalerank":0,"featurecla":"Bathymetry","depth":6000}},
{"type":"Feature","geometry":{"type":"Polygon","coordinates":[[[165.34,44.95],[165.45,45.13],[165.52,45.16],[165.44,45.3],[165.28,45.05],[165.34,44.95]]]},"properties":{"scalerank":0,"featurecla":"Bathymetry","depth":6000}},
{"type":"Feature","geometry":{"type":"Polygon","coordinates":[[[164.06,45.48],[164.26,45.58],[164.17,45.64],[164.02,45.55],[164.06,45.48]]]},"properties":{"scalerank":0,"featurecla":"Bathymetry","depth":6000}},
{"type":"Feature","geometry":{"type":"Polygon","coordinates":[[[173.46,45.85],[173.4,45.75],[173.89,45.39],[173.87,45.18],[174.04,44.94],[174.4,44.71],[174.48,44.35],[174.41,44.01],[175.09,43.7],[175.02,43.47],[175.18,43.13],[175.37,42.9],[175.43,42.62],[175.61,42.63],[175.82,42.46],[176.15,42.43],[176.12,42.27],[176.4,42.23],[176.64,41.98],[176.96,42],[177.29,41.5],[177.44,41.44],[177.75,41.12],[178,41.2],[177.81,41.44],[177.55,41.56],[176.96,42.09],[176.77,42.33],[176.51,42.34],[176.49,42.52],[176.22,42.54],[175.82,42.82],[175.61,43.28],[175.45,43.46],[175.44,43.73],[175.22,44],[174.86,43.96],[175,44.22],[174.38,44.87],[174.31,45.32],[173.92,45.62],[173.7,45.86],[173.46,45.85]]]},"properties":{"scalerank":0,"featurecla":"Bathymetry","depth":6000}},
{"type":"Feature","geometry":{"type":"Polygon","coordinates":[[[171.03,48.96],[171.07,48.73],[171.22,48.72],[171.03,48.96]]]},"properties":{"scalerank":0,"featurecla":"Bathymetry","depth":6000}},
{"type":"Feature","geometry":{"type":"Polygon","coordinates":[[[168.62,53.35],[168.26,53.21],[168.8,52.95],[168.93,53.12],[168.62,53.35]]]},"properties":{"scalerank":0,"featurecla":"Bathymetry","depth":6000}},
{"type":"Feature","geometry":{"type":"Polygon","coordinates":[[[-158.84,53.8],[-158.23,53.91],[-158.25,53.98],[-158.6,53.9],[-158.84,53.8]]]},"properties":{"scalerank":0,"featurecla":"Bathymetry","depth":6000}},
{"type":"Feature","geometry":{"type":"Polygon","coordinates":[[[-24.45,-59.99],[-24.63,-60.01],[-24.78,-60.12],[-24.67,-60.16],[-24.45,-59.99]]]},"properties":{"scalerank":0,"featurecla":"Bathymetry","depth":6000}},
{"type":"Feature","geometry":{"type":"Polygon","coordinates":[[[-24.27,-60],[-24.2,-59.87],[-24.34,-59.83],[-24.35,-59.99],[-24.27,-60]]]},"properties":{"scalerank":0,"featurecla":"Bathymetry","depth":6000}},
{"type":"Feature","geometry":{"type":"Polygon","coordinates":[[[-10.92,-58.13],[-10.93,-58.1],[-11.34,-58.13],[-11.28,-58.16],[-10.92,-58.13]]]},"properties":{"scalerank":0,"featurecla":"Bathymetry","depth":6000}},
{"type":"Feature","geometry":{"type":"Polygon","coordinates":[[[157.67,-58.17],[157.63,-58],[157.57,-57.89],[157.5,-57.89],[157.56,-58.12],[157.67,-58.17]]]},"properties":{"scalerank":0,"featurecla":"Bathymetry","depth":6000}},
{"type":"Feature","geometry":{"type":"Polygon","coordinates":[[[11.01,-57.58],[10.96,-57.64],[11.15,-57.7],[11.3,-57.69],[11.01,-57.58]]]},"properties":{"scalerank":0,"featurecla":"Bathymetry","depth":6000}},
{"type":"Feature","geometry":{"type":"Polygon","coordinates":[[[-113.66,-57.37],[-114.05,-57.26],[-114.65,-57.24],[-114.42,-57.37],[-113.66,-57.37]]]},"properties":{"scalerank":0,"featurecla":"Bathymetry","depth":6000}},
{"type":"Feature","geometry":{"type":"Polygon","coordinates":[[[11.13,-57.11],[11.06,-56.93],[10.7,-57.07],[11.04,-57.21],[11.13,-57.11]]]},"properties":{"scalerank":0,"featurecla":"Bathymetry","depth":6000}},
{"type":"Feature","geometry":{"type":"Polygon","coordinates":[[[-90.82,-56.09],[-90.74,-55.94],[-90.59,-55.85],[-90.67,-55.8],[-90.86,-55.95],[-90.82,-56.09]]]},"properties":{"scalerank":0,"featurecla":"Bathymetry","depth":6000}},
{"type":"Feature","geometry":{"type":"Polygon","coordinates":[[[-32.59,-54.67],[-32.43,-54.58],[-32.65,-54.58],[-32.59,-54.67]]]},"properties":{"scalerank":0,"featurecla":"Bathymetry","depth":6000}},
{"type":"Feature","geometry":{"type":"Polygon","coordinates":[[[-94.22,-54.47],[-94.4,-54.51],[-94.42,-54.6],[-94.22,-54.47]]]},"properties":{"scalerank":0,"featurecla":"Bathymetry","depth":6000}},
{"type":"Feature","geometry":{"type":"Polygon","coordinates":[[[-95.16,-55.34],[-95.04,-54.92],[-95.25,-54.92],[-95.33,-55.13],[-95.16,-55.34]]]},"properties":{"scalerank":0,"featurecla":"Bathymetry","depth":6000}},
{"type":"Feature","geometry":{"type":"Polygon","coordinates":[[[26.87,-53.98],[26.99,-53.94],[27.13,-53.8],[27.06,-53.74],[26.9,-53.86],[26.87,-53.98]]]},"properties":{"scalerank":0,"featurecla":"Bathymetry","depth":6000}},
{"type":"Feature","geometry":{"type":"Polygon","coordinates":[[[32.07,-53.66],[32.41,-53.28],[32.25,-53.21],[32.07,-53.66]]]},"properties":{"scalerank":0,"featurecla":"Bathymetry","depth":6000}},
{"type":"Feature","geometry":{"type":"Polygon","coordinates":[[[31.74,-52.68],[31.54,-52.72],[31.56,-52.94],[31.78,-53.02],[31.74,-52.68]]]},"properties":{"scalerank":0,"featurecla":"Bathymetry","depth":6000}},
{"type":"Feature","geometry":{"type":"Polygon","coordinates":[[[-174.55,-51.65],[-174.74,-51.39],[-174.91,-51.43],[-174.79,-51.68],[-174.55,-51.65]]]},"properties":{"scalerank":0,"featurecla":"Bathymetry","depth":6000}},
{"type":"Feature","geometry":{"type":"Polygon","coordinates":[[[-174.12,-51.52],[-174.12,-51.31],[-174.23,-51.33],[-174.24,-51.42],[-174.12,-51.52]]]},"properties":{"scalerank":0,"featurecla":"Bathymetry","depth":6000}},
{"type":"Feature","geometry":{"type":"Polygon","coordinates":[[[-49.54,-49.2],[-49.72,-49.34],[-49.46,-49.36],[-49.54,-49.2]]]},"properties":{"scalerank":0,"featurecla":"Bathymetry","depth":6000}},
{"type":"Feature","geometry":{"type":"Polygon","coordinates":[[[-46.2,-49.21],[-46.12,-49.17],[-46.13,-48.96],[-46.34,-48.96],[-46.19,-49.11],[-46.2,-49.21]]]},"properties":{"scalerank":0,"featurecla":"Bathymetry","depth":6000}},
{"type":"Feature","geometry":{"type":"Polygon","coordinates":[[[-47.74,-48.91],[-47.96,-48.93],[-48.24,-48.86],[-48.35,-48.94],[-48.05,-48.98],[-47.76,-48.97],[-47.74,-48.91]]]},"properties":{"scalerank":0,"featurecla":"Bathymetry","depth":6000}},
{"type":"Feature","geometry":{"type":"Polygon","coordinates":[[[-43.57,-48.84],[-43.62,-48.77],[-43.89,-48.86],[-43.8,-48.91],[-43.57,-48.84]]]},"properties":{"scalerank":0,"featurecla":"Bathymetry","depth":6000}},
{"type":"Feature","geometry":{"type":"Polygon","coordinates":[[[-46.75,-48.92],[-47.2,-48.85],[-47.33,-49.06],[-46.88,-49.08],[-46.75,-48.92]]]},"properties":{"scalerank":0,"featurecla":"Bathymetry","depth":6000}},
{"type":"Feature","geometry":{"type":"Polygon","coordinates":[[[-45.35,-48.55],[-45.34,-48.49],[-45.23,-48.4],[-45.27,-48.33],[-45.39,-48.47],[-45.35,-48.55]]]},"properties":{"scalerank":0,"featurecla":"Bathymetry","depth":6000}},
{"type":"Feature","geometry":{"type":"Polygon","coordinates":[[[-41.57,-48.43],[-41.57,-48.33],[-41.7,-48.28],[-41.7,-48.38],[-41.57,-48.43]]]},"properties":{"scalerank":0,"featurecla":"Bathymetry","depth":6000}},
{"type":"Feature","geometry":{"type":"Polygon","coordinates":[[[-43.57,-48.41],[-44.15,-48.42],[-43.66,-48.6],[-43.57,-48.41]]]},"properties":{"scalerank":0,"featurecla":"Bathymetry","depth":6000}},
{"type":"Feature","geometry":{"type":"Polygon","coordinates":[[[-41.31,-47.72],[-41.26,-47.57],[-41.48,-47.63],[-41.31,-47.72]]]},"properties":{"scalerank":0,"featurecla":"Bathymetry","depth":6000}},
{"type":"Feature","geometry":{"type":"Polygon","coordinates":[[[-54.14,-46.75],[-54.32,-46.78],[-54.34,-46.87],[-54.17,-46.87],[-54.14,-46.75]]]},"properties":{"scalerank":0,"featurecla":"Bathymetry","depth":6000}},
{"type":"Feature","geometry":{"type":"Polygon","coordinates":[[[-135.22,-45.58],[-135.43,-45.73],[-135.43,-45.79],[-135.22,-45.58]]]},"properties":{"scalerank":0,"featurecla":"Bathymetry","depth":6000}},
{"type":"Feature","geometry":{"type":"Polygon","coordinates":[[[14.51,-45.64],[14.59,-45.57],[14.47,-45.46],[14.4,-45.58],[14.51,-45.64]]]},"properties":{"scalerank":0,"featurecla":"Bathymetry","depth":6000}},
{"type":"Feature","geometry":{"type":"Polygon","coordinates":[[[-52.24,-45.01],[-52.31,-44.92],[-52.42,-44.89],[-52.48,-44.96],[-52.24,-45.01]]]},"properties":{"scalerank":0,"featurecla":"Bathymetry","depth":6000}},
{"type":"Feature","geometry":{"type":"Polygon","coordinates":[[[-98.14,-41.57],[-98.23,-41.54],[-98.77,-41.55],[-98.62,-41.58],[-98.42,-41.57],[-98.19,-41.59],[-98.14,-41.57]]]},"properties":{"scalerank":0,"featurecla":"Bathymetry","depth":6000}},
{"type":"Feature","geometry":{"type":"Polygon","coordinates":[[[-145.14,-37.94],[-145.12,-37.81],[-145.25,-37.8],[-145.25,-37.88],[-145.14,-37.94]]]},"properties":{"scalerank":0,"featurecla":"Bathymetry","depth":6000}},
{"type":"Feature","geometry":{"type":"Polygon","coordinates":[[[123,-37.46],[123.12,-37.39],[122.75,-37.36],[122.76,-37.42],[123,-37.46]]]},"properties":{"scalerank":0,"featurecla":"Bathymetry","depth":6000}},
{"type":"Feature","geometry":{"type":"Polygon","coordinates":[[[-164.44,-37.07],[-164.5,-36.91],[-164.49,-36.76],[-164.56,-36.75],[-164.56,-36.9],[-164.52,-37.02],[-164.44,-37.07]]]},"properties":{"scalerank":0,"featurecla":"Bathymetry","depth":6000}},
{"type":"Feature","geometry":{"type":"Polygon","coordinates":[[[106.81,-36.26],[106.87,-36.18],[106.63,-36.16],[106.65,-36.21],[106.81,-36.26]]]},"properties":{"scalerank":0,"featurecla":"Bathymetry","depth":6000}},
{"type":"Feature","geometry":{"type":"Polygon","coordinates":[[[104.93,-35.74],[105.33,-35.97],[105.37,-35.9],[104.93,-35.74]]]},"properties":{"scalerank":0,"featurecla":"Bathymetry","depth":6000}},
{"type":"Feature","geometry":{"type":"Polygon","coordinates":[[[102.86,-34.97],[102.83,-34.84],[102.58,-34.76],[102.47,-34.6],[102.14,-34.39],[101.98,-34.46],[102.36,-34.63],[102.58,-34.9],[102.86,-34.97]]]},"properties":{"scalerank":0,"featurecla":"Bathymetry","depth":6000}},
{"type":"Feature","geometry":{"type":"Polygon","coordinates":[[[-164.55,-34.38],[-164.57,-33.98],[-164.66,-34],[-164.55,-34.38]]]},"properties":{"scalerank":0,"featurecla":"Bathymetry","depth":6000}},
{"type":"Feature","geometry":{"type":"Polygon","coordinates":[[[103.77,-33.99],[104.13,-33.84],[103.94,-33.73],[103.77,-33.99]]]},"properties":{"scalerank":0,"featurecla":"Bathymetry","depth":6000}},
{"type":"Feature","geometry":{"type":"Polygon","coordinates":[[[-165.74,-33.83],[-165.67,-33.55],[-165.77,-33.6],[-165.74,-33.83]]]},"properties":{"scalerank":0,"featurecla":"Bathymetry","depth":6000}},
{"type":"Feature","geometry":{"type":"Polygon","coordinates":[[[101.4,-33.7],[101.58,-33.51],[101.41,-33.3],[101.23,-33.51],[101.4,-33.7]]]},"properties":{"scalerank":0,"featurecla":"Bathymetry","depth":6000}},
{"type":"Feature","geometry":{"type":"Polygon","coordinates":[[[-176.1,-33.09],[-175.95,-32.95],[-176.03,-32.92],[-176.18,-33],[-176.1,-33.09]]]},"properties":{"scalerank":0,"featurecla":"Bathymetry","depth":6000}},
{"type":"Feature","geometry":{"type":"Polygon","coordinates":[[[-163.6,-32.06],[-163.69,-32.19],[-163.66,-32.23],[-163.49,-32.07],[-163.6,-32.06]]]},"properties":{"scalerank":0,"featurecla":"Bathymetry","depth":6000}},
{"type":"Feature","geometry":{"type":"Polygon","coordinates":[[[-72.55,-30.89],[-72.48,-30.24],[-72.36,-29.86],[-72.34,-29.42],[-72.28,-29.35],[-72.17,-28.85],[-72.3,-28.81],[-72.29,-29.09],[-72.38,-29.28],[-72.46,-29.71],[-72.41,-29.84],[-72.53,-30.07],[-72.55,-30.89]]]},"properties":{"scalerank":0,"featurecla":"Bathymetry","depth":6000}},
{"type":"Feature","geometry":{"type":"Polygon","coordinates":[[[58.82,-27.84],[58.77,-27.67],[58.69,-27.73],[58.82,-27.84]]]},"properties":{"scalerank":0,"featurecla":"Bathymetry","depth":6000}},
{"type":"Feature","geometry":{"type":"Polygon","coordinates":[[[-175.68,-29.05],[-175.41,-28.72],[-175.3,-28.01],[-175.14,-27.94],[-175.25,-27.74],[-175.3,-27.48],[-175.2,-27.3],[-175.2,-26.52],[-175.31,-26.38],[-175.25,-25.99],[-175.36,-25.83],[-175.54,-26.06],[-175.55,-26.36],[-175.7,-26.57],[-175.8,-26.88],[-176.04,-28.25],[-176.14,-28.51],[-176.14,-28.75],[-176.34,-29.13],[-176.38,-29.47],[-176.64,-29.86],[-177.08,-30.7],[-177.3,-31.27],[-177.64,-31.85],[-177.58,-32.01],[-177.74,-32.25],[-177.78,-32.48],[-177.9,-32.59],[-177.89,-32.88],[-178.2,-33.18],[-178.18,-33.34],[-178.38,-33.7],[-178.54,-34.42],[-178.83,-34.73],[-178.78,-34.95],[-178.87,-35.44],[-179.01,-35.56],[-179,-35.72],[-178.81,-35.95],[-178.56,-35.92],[-178.34,-36.1],[-178.19,-35.95],[-177.89,-35.88],[-177.9,-35.69],[-177.72,-35.64],[-177.59,-35.46],[-177.87,-35.04],[-177.58,-34.89],[-177.67,-34.49],[-177.62,-34.27],[-177.12,-33.89],[-177.02,-33.62],[-176.85,-33.53],[-176.84,-33.22],[-176.61,-33.05],[-176.75,-32.94],[-176.51,-32.2],[-176.78,-32.07],[-176.99,-31.86],[-176.91,-31.71],[-176.72,-31.69],[-176.6,-31.54],[-176.65,-31.23],[-176.48,-31.04],[-176.31,-31.03],[-176.15,-30.41],[-176.16,-30.17],[-175.87,-30.18],[-175.68,-30.08],[-175.77,-29.89],[-175.75,-29.62],[-175.5,-29.15],[-175.68,-29.05]]]},"properties":{"scalerank":0,"featurecla":"Bathymetry","depth":6000}},
{"type":"Feature","geometry":{"type":"Polygon","coordinates":[[[105.38,-24.7],[105.3,-24.54],[105.08,-24.35],[105.14,-24.55],[105.38,-24.7]]]},"properties":{"scalerank":0,"featurecla":"Bathymetry","depth":6000}},
{"type":"Feature","geometry":{"type":"Polygon","coordinates":[[[-170.91,-24.33],[-170.83,-24.02],[-170.89,-23.99],[-170.95,-24.29],[-170.91,-24.33]]]},"properties":{"scalerank":0,"featurecla":"Bathymetry","depth":6000}},
{"type":"Feature","geometry":{"type":"Polygon","coordinates":[[[100.61,-24.5],[100.68,-24.36],[100.7,-24.2],[100.8,-23.98],[100.68,-24],[100.61,-24.22],[100.61,-24.5]]]},"properties":{"scalerank":0,"featurecla":"Bathymetry","depth":6000}},
{"type":"Feature","geometry":{"type":"Polygon","coordinates":[[[172.35,-23.16],[172.21,-23.06],[171.91,-23.17],[172.35,-23.16]]]},"properties":{"scalerank":0,"featurecla":"Bathymetry","depth":6000}},
{"type":"Feature","geometry":{"type":"Polygon","coordinates":[[[103.03,-22.39],[103.03,-22.46],[103.24,-22.45],[103.18,-22.38],[103.03,-22.39]]]},"properties":{"scalerank":0,"featurecla":"Bathymetry","depth":6000}},
{"type":"Feature","geometry":{"type":"Polygon","coordinates":[[[88.73,-22.27],[88.63,-22.23],[88.6,-22.34],[88.61,-22.47],[88.73,-22.27]]]},"properties":{"scalerank":0,"featurecla":"Bathymetry","depth":6000}},
{"type":"Feature","geometry":{"type":"Polygon","coordinates":[[[101.44,-22.43],[101.47,-21.88],[101.38,-22.01],[101.38,-22.33],[101.44,-22.43]]]},"properties":{"scalerank":0,"featurecla":"Bathymetry","depth":6000}},
{"type":"Feature","geometry":{"type":"Polygon","coordinates":[[[99.9,-21.93],[99.88,-21.79],[99.76,-21.84],[99.9,-21.93]]]},"properties":{"scalerank":0,"featurecla":"Bathymetry","depth":6000}},
{"type":"Feature","geometry":{"type":"Polygon","coordinates":[[[99.17,-21.67],[99.14,-21.89],[99.29,-21.96],[99.17,-21.67]]]},"properties":{"scalerank":0,"featurecla":"Bathymetry","depth":6000}},
{"type":"Feature","geometry":{"type":"Polygon","coordinates":[[[98.42,-21.34],[98.26,-21.43],[98.25,-21.61],[98.32,-21.62],[98.32,-21.45],[98.42,-21.34]]]},"properties":{"scalerank":0,"featurecla":"Bathymetry","depth":6000}},
{"type":"Feature","geometry":{"type":"Polygon","coordinates":[[[100.59,-21.05],[100.6,-20.96],[100.46,-20.74],[100.3,-20.62],[100.33,-20.79],[100.46,-20.88],[100.59,-21.05]]]},"properties":{"scalerank":0,"featurecla":"Bathymetry","depth":6000}},
{"type":"Feature","geometry":{"type":"Polygon","coordinates":[[[98.17,-20.61],[98.1,-20.48],[98.01,-20.56],[98.05,-20.64],[98.17,-20.61]]]},"properties":{"scalerank":0,"featurecla":"Bathymetry","depth":6000}},
{"type":"Feature","geometry":{"type":"Polygon","coordinates":[[[-172.5,-20.26],[-172.63,-20.33],[-172.63,-20.52],[-172.54,-20.5],[-172.56,-20.39],[-172.5,-20.26]]]},"properties":{"scalerank":0,"featurecla":"Bathymetry","depth":6000}},
{"type":"Feature","geometry":{"type":"Polygon","coordinates":[[[98.18,-20.14],[98.06,-20.18],[98.19,-20.26],[98.18,-20.14]]]},"properties":{"scalerank":0,"featurecla":"Bathymetry","depth":6000}},
{"type":"Feature","geometry":{"type":"Polygon","coordinates":[[[168.82,-21.02],[168.65,-20.28],[168.22,-19.95],[168.55,-20.62],[168.82,-21.02]]]},"properties":{"scalerank":0,"featurecla":"Bathymetry","depth":6000}},
{"type":"Feature","geometry":{"type":"Polygon","coordinates":[[[96.02,-18.12],[96.03,-17.99],[95.96,-17.9],[95.95,-18.08],[96.02,-18.12]]]},"properties":{"scalerank":0,"featurecla":"Bathymetry","depth":6000}},
{"type":"Feature","geometry":{"type":"Polygon","coordinates":[[[103.17,-17.86],[103.43,-17.66],[103.29,-17.67],[103.18,-17.74],[103.17,-17.86]]]},"properties":{"scalerank":0,"featurecla":"Bathymetry","depth":6000}},
{"type":"Feature","geometry":{"type":"Polygon","coordinates":[[[98.3,-17.14],[98.25,-17.13],[98.29,-17.58],[98.33,-17.57],[98.3,-17.14]]]},"properties":{"scalerank":0,"featurecla":"Bathymetry","depth":6000}},
{"type":"Feature","geometry":{"type":"Polygon","coordinates":[[[100.69,-17.07],[100.78,-16.98],[100.64,-16.95],[100.69,-17.07]]]},"properties":{"scalerank":0,"featurecla":"Bathymetry","depth":6000}},
{"type":"Feature","geometry":{"type":"Polygon","coordinates":[[[102.79,-17.02],[102.74,-16.85],[102.68,-16.88],[102.71,-16.97],[102.79,-17.02]]]},"properties":{"scalerank":0,"featurecla":"Bathymetry","depth":6000}},
{"type":"Feature","geometry":{"type":"Polygon","coordinates":[[[106.78,-16.65],[106.43,-16.73],[106.4,-16.85],[106.69,-16.79],[106.78,-16.65]]]},"properties":{"scalerank":0,"featurecla":"Bathymetry","depth":6000}},
{"type":"Feature","geometry":{"type":"Polygon","coordinates":[[[99.45,-17.99],[99.38,-17.45],[99.41,-17.21],[99.31,-16.82],[99.19,-16.85],[99.37,-17.95],[99.45,-17.99]]]},"properties":{"scalerank":0,"featurecla":"Bathymetry","depth":6000}},
{"type":"Feature","geometry":{"type":"Polygon","coordinates":[[[102.61,-16.72],[102.67,-16.42],[102.52,-16.62],[102.61,-16.72]]]},"properties":{"scalerank":0,"featurecla":"Bathymetry","depth":6000}},
{"type":"Feature","geometry":{"type":"Polygon","coordinates":[[[105.94,-16.34],[105.79,-16.47],[105.67,-16.48],[105.65,-16.63],[105.82,-16.5],[105.94,-16.34]]]},"properties":{"scalerank":0,"featurecla":"Bathymetry","depth":6000}},
{"type":"Feature","geometry":{"type":"Polygon","coordinates":[[[95.24,-16.36],[95.02,-16.25],[94.99,-16.71],[94.78,-17.27],[94.68,-17.4],[94.78,-17.61],[95.16,-17.42],[95.14,-17.24],[95.28,-16.75],[95.24,-16.36]]]},"properties":{"scalerank":0,"featurecla":"Bathymetry","depth":6000}},
{"type":"Feature","geometry":{"type":"Polygon","coordinates":[[[98.21,-16.75],[98.23,-16.66],[98.2,-16.19],[98.12,-16.2],[98.18,-16.46],[98.21,-16.75]]]},"properties":{"scalerank":0,"featurecla":"Bathymetry","depth":6000}},
{"type":"Feature","geometry":{"type":"Polygon","coordinates":[[[99.13,-16.36],[99.17,-16.2],[99.05,-16.08],[99.07,-16.3],[99.13,-16.36]]]},"properties":{"scalerank":0,"featurecla":"Bathymetry","depth":6000}},
{"type":"Feature","geometry":{"type":"Polygon","coordinates":[[[95.62,-16.01],[95.53,-15.97],[95.62,-16.2],[95.67,-16.09],[95.62,-16.01]]]},"properties":{"scalerank":0,"featurecla":"Bathymetry","depth":6000}},
{"type":"Feature","geometry":{"type":"Polygon","coordinates":[[[90.32,-16.1],[90.34,-15.96],[90.29,-15.7],[90.25,-15.72],[90.27,-15.98],[90.32,-16.1]]]},"properties":{"scalerank":0,"featurecla":"Bathymetry","depth":6000}},
{"type":"Feature","geometry":{"type":"Polygon","coordinates":[[[102.91,-15.59],[102.98,-15.38],[102.86,-15.46],[102.91,-15.59]]]},"properties":{"scalerank":0,"featurecla":"Bathymetry","depth":6000}},
{"type":"Feature","geometry":{"type":"Polygon","coordinates":[[[106.49,-15.65],[106.49,-15.56],[106.6,-15.45],[106.66,-15.33],[106.59,-15.31],[106.51,-15.47],[106.41,-15.53],[106.49,-15.65]]]},"properties":{"scalerank":0,"featurecla":"Bathymetry","depth":6000}},
{"type":"Feature","geometry":{"type":"Polygon","coordinates":[[[99.76,-15.6],[99.77,-15.14],[99.65,-15.24],[99.76,-15.6]]]},"properties":{"scalerank":0,"featurecla":"Bathymetry","depth":6000}},
{"type":"Feature","geometry":{"type":"Polygon","coordinates":[[[100.39,-14.3],[100.49,-14.54],[100.65,-14.41],[100.56,-14.28],[100.39,-14.3]]]},"properties":{"scalerank":0,"featurecla":"Bathymetry","depth":6000}},
{"type":"Feature","geometry":{"type":"Polygon","coordinates":[[[100.94,-14.26],[100.93,-14.15],[100.86,-14.02],[100.8,-14.18],[100.94,-14.26]]]},"properties":{"scalerank":0,"featurecla":"Bathymetry","depth":6000}},
{"type":"Feature","geometry":{"type":"Polygon","coordinates":[[[104.66,-14.21],[104.87,-14.08],[104.84,-13.94],[104.68,-14.11],[104.66,-14.21]]]},"properties":{"scalerank":0,"featurecla":"Bathymetry","depth":6000}},
{"type":"Feature","geometry":{"type":"Polygon","coordinates":[[[98.81,-14.78],[98.69,-14.16],[98.59,-14.21],[98.71,-14.55],[98.66,-14.71],[98.81,-14.78]]]},"properties":{"scalerank":0,"featurecla":"Bathymetry","depth":6000}},
{"type":"Feature","geometry":{"type":"Polygon","coordinates":[[[100.06,-14.42],[99.9,-13.68],[99.7,-13.67],[99.89,-14.02],[99.93,-14.47],[100.06,-14.42]]]},"properties":{"scalerank":0,"featurecla":"Bathymetry","depth":6000}},
{"type":"Feature","geometry":{"type":"Polygon","coordinates":[[[166.3,-13.92],[166.27,-13.56],[166.19,-13.52],[166.26,-13.88],[166.3,-13.92]]]},"properties":{"scalerank":0,"featurecla":"Bathymetry","depth":6000}},
{"type":"Feature","geometry":{"type":"Polygon","coordinates":[[[94.32,-13.7],[94.47,-13.69],[94.43,-13.58],[94.32,-13.7]]]},"properties":{"scalerank":0,"featurecla":"Bathymetry","depth":6000}},
{"type":"Feature","geometry":{"type":"Polygon","coordinates":[[[166.18,-13.34],[166.18,-12.89],[166.06,-12.82],[166.06,-13.09],[166.18,-13.34]]]},"properties":{"scalerank":0,"featurecla":"Bathymetry","depth":6000}},
{"type":"Feature","geometry":{"type":"Polygon","coordinates":[[[93.11,-13.01],[93.17,-12.72],[93.05,-12.86],[93.11,-13.01]]]},"properties":{"scalerank":0,"featurecla":"Bathymetry","depth":6000}},
{"type":"Feature","geometry":{"type":"Polygon","coordinates":[[[92.79,-12.84],[92.79,-12.36],[92.71,-12.6],[92.79,-12.84]]]},"properties":{"scalerank":0,"featurecla":"Bathymetry","depth":6000}},
{"type":"Feature","geometry":{"type":"Polygon","coordinates":[[[166.06,-12.7],[166.08,-12.34],[165.94,-12.02],[165.92,-11.76],[165.71,-11.57],[165.53,-11.66],[165.54,-11.85],[165.7,-12.12],[165.72,-12.31],[165.85,-12.6],[166.06,-12.7]]]},"properties":{"scalerank":0,"featurecla":"Bathymetry","depth":6000}},
{"type":"Feature","geometry":{"type":"Polygon","coordinates":[[[-24.94,-11.78],[-25.12,-11.43],[-25.27,-11.45],[-24.94,-11.78]]]},"properties":{"scalerank":0,"featurecla":"Bathymetry","depth":6000}},
{"type":"Feature","geometry":{"type":"Polygon","coordinates":[[[115.22,-11.15],[115.14,-11.35],[115.37,-11.33],[115.54,-11.4],[116.16,-11.31],[116.29,-11.37],[117.13,-11.43],[117.65,-11.42],[117.84,-11.33],[118.39,-11.33],[118.74,-11.18],[119.11,-11.23],[119.15,-11.16],[118.58,-11.11],[118.39,-11.16],[117.89,-11.14],[117.65,-11.26],[117.31,-11.21],[117.12,-11.26],[116.4,-11.23],[116.21,-11.18],[115.85,-11.23],[115.22,-11.15]]]},"properties":{"scalerank":0,"featurecla":"Bathymetry","depth":6000}},
{"type":"Feature","geometry":{"type":"Polygon","coordinates":[[[164.07,-11.03],[163.51,-11.06],[163.28,-11.14],[162.96,-11.15],[162.43,-11.3],[162.05,-11.26],[162.17,-11.49],[162.34,-11.51],[162.77,-11.35],[163.08,-11.35],[163.64,-11.12],[163.93,-11.12],[164.07,-11.03]]]},"properties":{"scalerank":0,"featurecla":"Bathymetry","depth":6000}},
{"type":"Feature","geometry":{"type":"Polygon","coordinates":[[[164.51,-10.94],[164.65,-10.9],[164.62,-10.83],[164.46,-10.83],[164.51,-10.94]]]},"properties":{"scalerank":0,"featurecla":"Bathymetry","depth":6000}},
{"type":"Feature","geometry":{"type":"Polygon","coordinates":[[[90.34,-10.93],[90.29,-10.97],[90.22,-11.29],[90.24,-11.35],[90.34,-10.93]]]},"properties":{"scalerank":0,"featurecla":"Bathymetry","depth":6000}},
{"type":"Feature","geometry":{"type":"Polygon","coordinates":[[[113.82,-10.93],[113.67,-10.81],[113.53,-10.92],[113.95,-11.04],[113.93,-10.9],[113.82,-10.93]]]},"properties":{"scalerank":0,"featurecla":"Bathymetry","depth":6000}},
{"type":"Feature","geometry":{"type":"Polygon","coordinates":[[[-79.46,-11.27],[-79.67,-10.79],[-79.82,-10.78],[-79.46,-11.27]]]},"properties":{"scalerank":0,"featurecla":"Bathymetry","depth":6000}},
{"type":"Feature","geometry":{"type":"Polygon","coordinates":[[[-80.47,-9.55],[-80.41,-9.76],[-80.28,-9.88],[-80.24,-9.89],[-80.47,-9.55]]]},"properties":{"scalerank":0,"featurecla":"Bathymetry","depth":6000}},
{"type":"Feature","geometry":{"type":"Polygon","coordinates":[[[-159.91,-7.1],[-160.18,-7.09],[-160.09,-7.22],[-159.91,-7.1]]]},"properties":{"scalerank":0,"featurecla":"Bathymetry","depth":6000}},
{"type":"Feature","geometry":{"type":"Polygon","coordinates":[[[102.12,-7.01],[102.31,-6.93],[102.14,-6.74],[102.03,-6.84],[102.12,-7.01]]]},"properties":{"scalerank":0,"featurecla":"Bathymetry","depth":6000}},
{"type":"Feature","geometry":{"type":"Polygon","coordinates":[[[-176.97,-6.18],[-177.07,-6.16],[-177.33,-6.22],[-177.14,-6.29],[-176.97,-6.18]]]},"properties":{"scalerank":0,"featurecla":"Bathymetry","depth":6000}},
{"type":"Feature","geometry":{"type":"Polygon","coordinates":[[[-177.65,-6.07],[-177.66,-5.89],[-177.74,-5.88],[-177.71,-6.04],[-177.65,-6.07]]]},"properties":{"scalerank":0,"featurecla":"Bathymetry","depth":6000}},
{"type":"Feature","geometry":{"type":"Polygon","coordinates":[[[153.16,-5.83],[152.9,-5.68],[152.57,-5.66],[151.97,-5.93],[151.8,-6.07],[151.38,-6.23],[151.16,-6.44],[150.45,-6.74],[150.29,-6.84],[149.91,-6.93],[149.34,-6.97],[149.09,-7.1],[148.97,-7.23],[149.22,-7.46],[149.51,-7.13],[149.95,-7.06],[150.1,-7.08],[150.8,-6.8],[151.24,-6.65],[151.46,-6.48],[151.8,-6.36],[152.33,-6.06],[152.47,-6.09],[152.7,-5.96],[153.04,-5.91],[153.37,-6.06],[153.45,-6.28],[153.63,-6.28],[153.66,-6.45],[153.83,-6.49],[153.85,-6.64],[154.12,-6.92],[154.32,-6.97],[154.7,-7.25],[154.91,-7.28],[154.6,-6.84],[154.52,-6.64],[154.32,-6.5],[154.04,-6.19],[153.77,-5.97],[153.48,-5.93],[153.35,-5.83],[153.16,-5.83]]]},"properties":{"scalerank":0,"featurecla":"Bathymetry","depth":6000}},
{"type":"Feature","geometry":{"type":"Polygon","coordinates":[[[-175.11,-5.7],[-174.97,-5.59],[-175.15,-5.54],[-175.11,-5.7]]]},"properties":{"scalerank":0,"featurecla":"Bathymetry","depth":6000}},
{"type":"Feature","geometry":{"type":"Polygon","coordinates":[[[-178.84,-5.47],[-178.82,-5.36],[-179,-5.41],[-179.01,-5.47],[-178.84,-5.47]]]},"properties":{"scalerank":0,"featurecla":"Bathymetry","depth":6000}},
{"type":"Feature","geometry":{"type":"Polygon","coordinates":[[[130.87,-4.7],[130.65,-4.7],[130.68,-5.26],[130.8,-5.51],[130.75,-5.89],[130.63,-6.14],[130.42,-6.41],[130.46,-6.57],[130.77,-6.53],[130.88,-6.36],[131.48,-6.09],[131.63,-5.85],[131.56,-5.62],[131.39,-5.74],[131.27,-5.56],[131.31,-5.19],[130.87,-4.7]]]},"properties":{"scalerank":0,"featurecla":"Bathymetry","depth":6000}},
{"type":"Feature","geometry":{"type":"Polygon","coordinates":[[[123.55,-4.49],[123.61,-4.3],[123.5,-4.34],[123.46,-4.43],[123.55,-4.49]]]},"properties":{"scalerank":0,"featurecla":"Bathymetry","depth":6000}},
{"type":"Feature","geometry":{"type":"Polygon","coordinates":[[[-173.18,-4.43],[-173.02,-4.37],[-173.01,-4.23],[-173.21,-4.37],[-173.18,-4.43]]]},"properties":{"scalerank":0,"featurecla":"Bathymetry","depth":6000}},
{"type":"Feature","geometry":{"type":"Polygon","coordinates":[[[-178.77,-4.21],[-179.12,-4.19],[-179.17,-4.4],[-178.77,-4.21]]]},"properties":{"scalerank":0,"featurecla":"Bathymetry","depth":6000}},
{"type":"Feature","geometry":{"type":"Polygon","coordinates":[[[-177.25,-3.77],[-177.44,-3.79],[-177.39,-3.86],[-177.25,-3.77]]]},"properties":{"scalerank":0,"featurecla":"Bathymetry","depth":6000}},
{"type":"Feature","geometry":{"type":"Polygon","coordinates":[[[-176.76,-3.71],[-176.79,-3.67],[-176.99,-3.77],[-176.82,-3.76],[-176.76,-3.71]]]},"properties":{"scalerank":0,"featurecla":"Bathymetry","depth":6000}},
{"type":"Feature","geometry":{"type":"Polygon","coordinates":[[[-177.74,-3.64],[-177.72,-3.48],[-177.88,-3.58],[-177.74,-3.64]]]},"properties":{"scalerank":0,"featurecla":"Bathymetry","depth":6000}},
{"type":"Feature","geometry":{"type":"Polygon","coordinates":[[[-175.05,-3.26],[-174.98,-3.21],[-174.98,-3.12],[-175.12,-3.19],[-175.05,-3.26]]]},"properties":{"scalerank":0,"featurecla":"Bathymetry","depth":6000}},
{"type":"Feature","geometry":{"type":"Polygon","coordinates":[[[152.03,-1.44],[152.25,-1.31],[152.14,-1.1],[151.97,-1.17],[152.03,-1.44]]]},"properties":{"scalerank":0,"featurecla":"Bathymetry","depth":6000}},
{"type":"Feature","geometry":{"type":"Polygon","coordinates":[[[-167.96,-1.04],[-168.44,-1.21],[-168.91,-1.25],[-169.13,-1.4],[-169.02,-1.49],[-168.84,-1.34],[-168.63,-1.35],[-168.18,-1.18],[-167.96,-1.04]]]},"properties":{"scalerank":0,"featurecla":"Bathymetry","depth":6000}},
{"type":"Feature","geometry":{"type":"Polygon","coordinates":[[[149.94,-0.85],[149.82,-0.78],[149.74,-0.86],[149.92,-0.89],[149.94,-0.85]]]},"properties":{"scalerank":0,"featurecla":"Bathymetry","depth":6000}},
{"type":"Feature","geometry":{"type":"Polygon","coordinates":[[[-20.18,-0.6],[-20.14,-0.53],[-20.28,-0.54],[-20.26,-0.61],[-20.18,-0.6]]]},"properties":{"scalerank":0,"featurecla":"Bathymetry","depth":6000}},
{"type":"Feature","geometry":{"type":"Polygon","coordinates":[[[151.82,-0.82],[151.81,-0.66],[151.71,-0.5],[151.66,-0.54],[151.75,-0.65],[151.82,-0.82]]]},"properties":{"scalerank":0,"featurecla":"Bathymetry","depth":6000}},
{"type":"Feature","geometry":{"type":"Polygon","coordinates":[[[149.21,-0.52],[149.32,-0.34],[149.14,0.14],[149.08,0.83],[148.94,1.05],[148.92,1.39],[148.82,1.68],[148.7,1.69],[148.72,1.35],[148.9,1.1],[148.85,0.96],[148.92,0.65],[149.06,0.31],[149.11,-0.1],[149.21,-0.34],[149.21,-0.52]]]},"properties":{"scalerank":0,"featurecla":"Bathymetry","depth":6000}},
{"type":"Feature","geometry":{"type":"Polygon","coordinates":[[[178.87,4.76],[178.9,4.93],[178.77,4.96],[178.81,4.77],[178.87,4.76]]]},"properties":{"scalerank":0,"featurecla":"Bathymetry","depth":6000}},
{"type":"Feature","geometry":{"type":"Polygon","coordinates":[[[178.62,4.82],[178.44,4.87],[178.28,5],[178.19,4.93],[178.32,4.85],[178.62,4.82]]]},"properties":{"scalerank":0,"featurecla":"Bathymetry","depth":6000}},
{"type":"Feature","geometry":{"type":"Polygon","coordinates":[[[177.84,4.97],[177.63,4.95],[177.74,4.82],[177.84,4.97]]]},"properties":{"scalerank":0,"featurecla":"Bathymetry","depth":6000}},
{"type":"Feature","geometry":{"type":"Polygon","coordinates":[[[178.97,5.47],[178.75,5.3],[178.88,5.24],[178.97,5.47]]]},"properties":{"scalerank":0,"featurecla":"Bathymetry","depth":6000}},
{"type":"Feature","geometry":{"type":"Polygon","coordinates":[[[175.84,4.71],[175.92,4.94],[175.85,5.33],[175.87,5.62],[175.69,5.7],[175.66,5.47],[175.82,4.94],[175.84,4.71]]]},"properties":{"scalerank":0,"featurecla":"Bathymetry","depth":6000}},
{"type":"Feature","geometry":{"type":"Polygon","coordinates":[[[134.52,6.58],[134.67,6.82],[134.57,6.82],[134.48,6.68],[134.52,6.58]]]},"properties":{"scalerank":0,"featurecla":"Bathymetry","depth":6000}},
{"type":"Feature","geometry":{"type":"Polygon","coordinates":[[[135,7.48],[135.13,7.85],[134.91,7.8],[135,7.48]]]},"properties":{"scalerank":0,"featurecla":"Bathymetry","depth":6000}},
{"type":"Feature","geometry":{"type":"Polygon","coordinates":[[[178.8,8.29],[178.84,8.23],[179.07,8.12],[179.18,8.14],[179.13,8.26],[178.99,8.23],[178.8,8.29]]]},"properties":{"scalerank":0,"featurecla":"Bathymetry","depth":6000}},
{"type":"Feature","geometry":{"type":"Polygon","coordinates":[[[-174.48,8.21],[-174.59,8.47],[-174.88,8.32],[-174.76,8.17],[-174.48,8.21]]]},"properties":{"scalerank":0,"featurecla":"Bathymetry","depth":6000}},
{"type":"Feature","geometry":{"type":"Polygon","coordinates":[[[130.89,8.47],[131.06,8.53],[131.05,8.6],[130.88,8.55],[130.89,8.47]]]},"properties":{"scalerank":0,"featurecla":"Bathymetry","depth":6000}},
{"type":"Feature","geometry":{"type":"Polygon","coordinates":[[[177.62,8.32],[177.7,8.38],[177.68,8.48],[177.56,8.37],[177.62,8.32]]]},"properties":{"scalerank":0,"featurecla":"Bathymetry","depth":6000}},
{"type":"Feature","geometry":{"type":"Polygon","coordinates":[[[176.11,8.31],[176.21,8.39],[176.35,8.71],[176.26,8.72],[176.14,8.52],[176.11,8.31]]]},"properties":{"scalerank":0,"featurecla":"Bathymetry","depth":6000}},
{"type":"Feature","geometry":{"type":"Polygon","coordinates":[[[178.49,8.83],[178.26,8.74],[178.12,8.79],[178.03,8.58],[178.37,8.54],[178.49,8.83]]]},"properties":{"scalerank":0,"featurecla":"Bathymetry","depth":6000}},
{"type":"Feature","geometry":{"type":"Polygon","coordinates":[[[138.24,8.86],[138.04,8.8],[137.82,8.53],[137.81,8.33],[137.58,7.9],[137.15,7.51],[136.87,7.36],[136.98,7.27],[137.59,7.63],[137.71,7.78],[138.05,8.45],[138.17,8.59],[138.24,8.86]]]},"properties":{"scalerank":0,"featurecla":"Bathymetry","depth":6000}},
{"type":"Feature","geometry":{"type":"Polygon","coordinates":[[[-173.61,8.73],[-173.95,8.9],[-174.02,8.87],[-173.68,8.71],[-173.61,8.73]]]},"properties":{"scalerank":0,"featurecla":"Bathymetry","depth":6000}},
{"type":"Feature","geometry":{"type":"Polygon","coordinates":[[[-175.71,8.95],[-175.65,8.74],[-175.6,8.74],[-175.63,8.89],[-175.71,8.95]]]},"properties":{"scalerank":0,"featurecla":"Bathymetry","depth":6000}},
{"type":"Feature","geometry":{"type":"Polygon","coordinates":[[[128.97,8.92],[128.88,8.78],[129.14,8.93],[128.97,8.92]]]},"properties":{"scalerank":0,"featurecla":"Bathymetry","depth":6000}},
{"type":"Feature","geometry":{"type":"Polygon","coordinates":[[[178.64,9.08],[178.69,8.95],[178.77,8.95],[178.75,9.08],[178.64,9.08]]]},"properties":{"scalerank":0,"featurecla":"Bathymetry","depth":6000}},
{"type":"Feature","geometry":{"type":"Polygon","coordinates":[[[-176.4,9],[-176.25,9.07],[-176.26,9.16],[-176.46,9.09],[-176.4,9]]]},"properties":{"scalerank":0,"featurecla":"Bathymetry","depth":6000}},
{"type":"Feature","geometry":{"type":"Polygon","coordinates":[[[178.7,9.36],[178.61,9.47],[178.4,9.55],[178.34,9.5],[178.54,9.39],[178.7,9.36]]]},"properties":{"scalerank":0,"featurecla":"Bathymetry","depth":6000}},
{"type":"Feature","geometry":{"type":"Polygon","coordinates":[[[-175.19,9.43],[-175.33,9.52],[-175.44,9.54],[-175.45,9.4],[-175.19,9.43]]]},"properties":{"scalerank":0,"featurecla":"Bathymetry","depth":6000}},
{"type":"Feature","geometry":{"type":"Polygon","coordinates":[[[-176.59,9.44],[-176.6,9.47],[-176.91,9.63],[-176.83,9.5],[-176.59,9.44]]]},"properties":{"scalerank":0,"featurecla":"Bathymetry","depth":6000}},
{"type":"Feature","geometry":{"type":"Polygon","coordinates":[[[131.5,9.86],[131.44,9.74],[131.77,9.7],[131.69,9.79],[131.5,9.86]]]},"properties":{"scalerank":0,"featurecla":"Bathymetry","depth":6000}},
{"type":"Feature","geometry":{"type":"Polygon","coordinates":[[[-177.41,9.9],[-177.64,9.86],[-177.62,9.77],[-177.38,9.74],[-177.41,9.9]]]},"properties":{"scalerank":0,"featurecla":"Bathymetry","depth":6000}},
{"type":"Feature","geometry":{"type":"Polygon","coordinates":[[[131.38,9.74],[131.09,9.86],[131.26,9.63],[131.38,9.74]]]},"properties":{"scalerank":0,"featurecla":"Bathymetry","depth":6000}},
{"type":"Feature","geometry":{"type":"Polygon","coordinates":[[[-177.82,10],[-177.72,9.85],[-177.67,9.89],[-177.82,10]]]},"properties":{"scalerank":0,"featurecla":"Bathymetry","depth":6000}},
{"type":"Feature","geometry":{"type":"Polygon","coordinates":[[[177.65,10.05],[177.55,9.95],[177.83,9.93],[177.65,10.05]]]},"properties":{"scalerank":0,"featurecla":"Bathymetry","depth":6000}},
{"type":"Feature","geometry":{"type":"Polygon","coordinates":[[[136.08,10.26],[135.94,10.22],[136.12,10.14],[136.08,10.26]]]},"properties":{"scalerank":0,"featurecla":"Bathymetry","depth":6000}},
{"type":"Feature","geometry":{"type":"Polygon","coordinates":[[[178.97,10.18],[178.97,10.22],[178.86,10.34],[178.84,10.46],[178.78,10.48],[178.69,10.4],[178.79,10.38],[178.97,10.18]]]},"properties":{"scalerank":0,"featurecla":"Bathymetry","depth":6000}},
{"type":"Feature","geometry":{"type":"Polygon","coordinates":[[[178.2,10.51],[178.03,10.66],[177.72,10.61],[177.79,10.45],[178.2,10.51]]]},"properties":{"scalerank":0,"featurecla":"Bathymetry","depth":6000}},
{"type":"Feature","geometry":{"type":"Polygon","coordinates":[[[-26.74,10.8],[-26.76,10.86],[-27.05,10.87],[-26.98,10.79],[-26.74,10.8]]]},"properties":{"scalerank":0,"featurecla":"Bathymetry","depth":6000}},
{"type":"Feature","geometry":{"type":"Polygon","coordinates":[[[157.13,11.81],[157,11.98],[156.91,11.86],[157.13,11.81]]]},"properties":{"scalerank":0,"featurecla":"Bathymetry","depth":6000}},
{"type":"Feature","geometry":{"type":"Polygon","coordinates":[[[152.65,11.93],[152.7,11.99],[152.57,12.12],[152.52,11.93],[152.65,11.93]]]},"properties":{"scalerank":0,"featurecla":"Bathymetry","depth":6000}},
{"type":"Feature","geometry":{"type":"Polygon","coordinates":[[[151.23,11.87],[151.05,12.16],[150.98,12],[151.23,11.87]]]},"properties":{"scalerank":0,"featurecla":"Bathymetry","depth":6000}},
{"type":"Feature","geometry":{"type":"Polygon","coordinates":[[[157.93,11.87],[157.97,12.06],[157.77,12.05],[157.93,11.87]]]},"properties":{"scalerank":0,"featurecla":"Bathymetry","depth":6000}},
{"type":"Feature","geometry":{"type":"Polygon","coordinates":[[[155.71,12.17],[155.66,11.81],[155.98,11.79],[156.17,11.66],[156.31,11.88],[156.15,12.05],[155.89,12.18],[155.71,12.17]]]},"properties":{"scalerank":0,"featurecla":"Bathymetry","depth":6000}},
{"type":"Feature","geometry":{"type":"Polygon","coordinates":[[[131.89,12.3],[131.86,12.16],[132.11,12.09],[132.16,11.95],[132.5,11.96],[132.14,12.22],[131.89,12.3]]]},"properties":{"scalerank":0,"featurecla":"Bathymetry","depth":6000}},
{"type":"Feature","geometry":{"type":"Polygon","coordinates":[[[-33.36,12.41],[-33.22,12.34],[-32.81,12.29],[-32.7,12.22],[-32.55,12.3],[-32.71,12.36],[-32.93,12.34],[-33.08,12.38],[-33.36,12.41]]]},"properties":{"scalerank":0,"featurecla":"Bathymetry","depth":6000}},
{"type":"Feature","geometry":{"type":"Polygon","coordinates":[[[-34.16,12.59],[-34.26,12.66],[-34.56,12.7],[-34.16,12.59]]]},"properties":{"scalerank":0,"featurecla":"Bathymetry","depth":6000}},
{"type":"Feature","geometry":{"type":"Polygon","coordinates":[[[-34.82,12.72],[-34.94,12.77],[-35.42,12.82],[-35.7,12.98],[-35.74,12.86],[-35.39,12.65],[-34.82,12.72]]]},"properties":{"scalerank":0,"featurecla":"Bathymetry","depth":6000}},
{"type":"Feature","geometry":{"type":"Polygon","coordinates":[[[-32.67,13.08],[-32.68,13.03],[-32.57,13.03],[-32.28,12.96],[-32.19,13.01],[-32.38,13.01],[-32.67,13.08]]]},"properties":{"scalerank":0,"featurecla":"Bathymetry","depth":6000}},
{"type":"Feature","geometry":{"type":"Polygon","coordinates":[[[130.61,13],[130.79,12.89],[130.79,12.95],[130.61,13]]]},"properties":{"scalerank":0,"featurecla":"Bathymetry","depth":6000}},
{"type":"Feature","geometry":{"type":"Polygon","coordinates":[[[130.38,13.2],[130.27,13.24],[130.08,13.22],[130.13,13.08],[130.21,13.18],[130.38,13.2]]]},"properties":{"scalerank":0,"featurecla":"Bathymetry","depth":6000}},
{"type":"Feature","geometry":{"type":"Polygon","coordinates":[[[131.35,13.22],[131.53,13.33],[131.48,13.44],[131.35,13.22]]]},"properties":{"scalerank":0,"featurecla":"Bathymetry","depth":6000}},
{"type":"Feature","geometry":{"type":"Polygon","coordinates":[[[151.94,13.49],[151.63,13.46],[151.59,13.2],[151.68,13.08],[151.92,13.1],[152.09,13.37],[151.94,13.49]]]},"properties":{"scalerank":0,"featurecla":"Bathymetry","depth":6000}},
{"type":"Feature","geometry":{"type":"Polygon","coordinates":[[[-34.25,13.39],[-34.49,13.32],[-34.68,13.39],[-34.74,13.32],[-34.6,13.17],[-34.36,13.22],[-34.25,13.39]]]},"properties":{"scalerank":0,"featurecla":"Bathymetry","depth":6000}},
{"type":"Feature","geometry":{"type":"Polygon","coordinates":[[[-35.74,13.42],[-35.85,13.35],[-35.75,13.21],[-35.69,13.27],[-35.74,13.42]]]},"properties":{"scalerank":0,"featurecla":"Bathymetry","depth":6000}},
{"type":"Feature","geometry":{"type":"Polygon","coordinates":[[[-34.4,13.73],[-34.5,13.79],[-34.66,13.78],[-34.43,13.66],[-34.4,13.73]]]},"properties":{"scalerank":0,"featurecla":"Bathymetry","depth":6000}},
{"type":"Feature","geometry":{"type":"Polygon","coordinates":[[[130.29,13.45],[130.77,13.63],[130.74,13.76],[130.44,13.61],[130.29,13.45]]]},"properties":{"scalerank":0,"featurecla":"Bathymetry","depth":6000}},
{"type":"Feature","geometry":{"type":"Polygon","coordinates":[[[-35.16,13.84],[-35.34,13.86],[-35.48,13.67],[-35.35,13.57],[-35.31,13.77],[-35.16,13.84]]]},"properties":{"scalerank":0,"featurecla":"Bathymetry","depth":6000}},
{"type":"Feature","geometry":{"type":"Polygon","coordinates":[[[158.06,14.02],[158.02,13.78],[158.11,13.73],[158.12,13.87],[158.18,14.02],[158.06,14.02]]]},"properties":{"scalerank":0,"featurecla":"Bathymetry","depth":6000}},
{"type":"Feature","geometry":{"type":"Polygon","coordinates":[[[-31.49,14.24],[-31.33,14.12],[-31.07,14.09],[-31.49,14.24]]]},"properties":{"scalerank":0,"featurecla":"Bathymetry","depth":6000}},
{"type":"Feature","geometry":{"type":"Polygon","coordinates":[[[150.47,14.27],[150.65,14.4],[150.55,14.47],[150.47,14.27]]]},"properties":{"scalerank":0,"featurecla":"Bathymetry","depth":6000}},
{"type":"Feature","geometry":{"type":"Polygon","coordinates":[[[-34.85,14.66],[-34.79,14.44],[-34.61,14.53],[-34.34,14.43],[-34.24,14.52],[-33.98,14.38],[-33.78,14.47],[-33.4,14.4],[-32.72,14.32],[-32.74,14.42],[-33.96,14.56],[-34.1,14.67],[-34.31,14.57],[-34.85,14.66]]]},"properties":{"scalerank":0,"featurecla":"Bathymetry","depth":6000}},
{"type":"Feature","geometry":{"type":"Polygon","coordinates":[[[-141.69,15.4],[-141.94,15.41],[-142.25,15.34],[-142.37,15.22],[-141.77,15.36],[-141.69,15.4]]]},"properties":{"scalerank":0,"featurecla":"Bathymetry","depth":6000}},
{"type":"Feature","geometry":{"type":"Polygon","coordinates":[[[157.03,15.95],[156.94,16.04],[156.87,15.94],[157.03,15.95]]]},"properties":{"scalerank":0,"featurecla":"Bathymetry","depth":6000}},
{"type":"Feature","geometry":{"type":"Polygon","coordinates":[[[132.69,16.61],[132.87,16.33],[132.91,16.54],[132.69,16.61]]]},"properties":{"scalerank":0,"featurecla":"Bathymetry","depth":6000}},
{"type":"Feature","geometry":{"type":"Polygon","coordinates":[[[132.91,16.8],[132.87,16.97],[132.75,16.92],[132.91,16.8]]]},"properties":{"scalerank":0,"featurecla":"Bathymetry","depth":6000}},
{"type":"Feature","geometry":{"type":"Polygon","coordinates":[[[129.92,16.74],[129.78,16.89],[129.67,17.1],[129.67,16.97],[129.94,16.64],[129.92,16.74]]]},"properties":{"scalerank":0,"featurecla":"Bathymetry","depth":6000}},
{"type":"Feature","geometry":{"type":"Polygon","coordinates":[[[151.38,16.97],[151.44,17.12],[151.37,17.15],[151.31,17],[151.38,16.97]]]},"properties":{"scalerank":0,"featurecla":"Bathymetry","depth":6000}},
{"type":"Feature","geometry":{"type":"Polygon","coordinates":[[[165.72,17.35],[165.78,17.46],[165.73,17.56],[165.6,17.46],[165.72,17.35]]]},"properties":{"scalerank":0,"featurecla":"Bathymetry","depth":6000}},
{"type":"Feature","geometry":{"type":"Polygon","coordinates":[[[148.34,18.36],[148.02,18.27],[147.74,18.36],[147.67,18.16],[147.73,18.01],[147.61,17.74],[147.79,17.31],[147.67,17.09],[147.51,16.98],[147.78,16.43],[148.17,16.33],[148.39,16.8],[148.54,17.4],[148.55,17.91],[148.34,18.36]]]},"properties":{"scalerank":0,"featurecla":"Bathymetry","depth":6000}},
{"type":"Feature","geometry":{"type":"Polygon","coordinates":[[[133.28,19.05],[133.16,19.13],[133.05,18.98],[133.22,18.98],[133.28,19.05]]]},"properties":{"scalerank":0,"featurecla":"Bathymetry","depth":6000}},
{"type":"Feature","geometry":{"type":"Polygon","coordinates":[[[-78.7,19.32],[-79.18,19.32],[-79.37,19.28],[-79.88,19.31],[-80.19,19.2],[-80.39,19.07],[-79.61,19.1],[-79.22,19.22],[-78.89,19.2],[-78.7,19.32]]]},"properties":{"scalerank":0,"featurecla":"Bathymetry","depth":6000}},
{"type":"Feature","geometry":{"type":"Polygon","coordinates":[[[147.79,19.03],[147.6,19.06],[147.72,18.7],[148.07,18.73],[148.24,18.87],[148.05,19.13],[147.79,19.03]]]},"properties":{"scalerank":0,"featurecla":"Bathymetry","depth":6000}},
{"type":"Feature","geometry":{"type":"Polygon","coordinates":[[[133.57,19.36],[133.54,19.42],[133.46,19.35],[133.54,19.29],[133.57,19.36]]]},"properties":{"scalerank":0,"featurecla":"Bathymetry","depth":6000}},
{"type":"Feature","geometry":{"type":"Polygon","coordinates":[[[125.28,19.44],[125.18,19.32],[125.3,19.18],[125.28,19.44]]]},"properties":{"scalerank":0,"featurecla":"Bathymetry","depth":6000}},
{"type":"Feature","geometry":{"type":"Polygon","coordinates":[[[-37.61,19.08],[-37.68,19.28],[-37.65,19.4],[-37.75,19.5],[-37.68,19.12],[-37.61,19.08]]]},"properties":{"scalerank":0,"featurecla":"Bathymetry","depth":6000}},
{"type":"Feature","geometry":{"type":"Polygon","coordinates":[[[132.1,19.56],[132.14,19.3],[132.34,19.32],[132.1,19.56]]]},"properties":{"scalerank":0,"featurecla":"Bathymetry","depth":6000}},
{"type":"Feature","geometry":{"type":"Polygon","coordinates":[[[-76.27,19.61],[-76.29,19.77],[-77.22,19.66],[-77,19.58],[-76.78,19.61],[-76.4,19.56],[-76.27,19.61]]]},"properties":{"scalerank":0,"featurecla":"Bathymetry","depth":6000}},
{"type":"Feature","geometry":{"type":"Polygon","coordinates":[[[132.62,19.82],[132.6,19.7],[132.83,19.72],[132.72,19.83],[132.62,19.82]]]},"properties":{"scalerank":0,"featurecla":"Bathymetry","depth":6000}},
{"type":"Feature","geometry":{"type":"Polygon","coordinates":[[[147.53,19.61],[147.69,19.81],[147.31,19.99],[147.53,19.61]]]},"properties":{"scalerank":0,"featurecla":"Bathymetry","depth":6000}},
{"type":"Feature","geometry":{"type":"Polygon","coordinates":[[[132.31,20.39],[132.3,20.49],[132.17,20.56],[132.15,20.42],[132.31,20.39]]]},"properties":{"scalerank":0,"featurecla":"Bathymetry","depth":6000}},
{"type":"Feature","geometry":{"type":"Polygon","coordinates":[[[-37.03,20.57],[-36.86,20.35],[-36.79,20.54],[-37.03,20.57]]]},"properties":{"scalerank":0,"featurecla":"Bathymetry","depth":6000}},
{"type":"Feature","geometry":{"type":"Polygon","coordinates":[[[145.89,21.53],[145.98,21.63],[145.81,21.79],[145.79,21.59],[145.89,21.53]]]},"properties":{"scalerank":0,"featurecla":"Bathymetry","depth":6000}},
{"type":"Feature","geometry":{"type":"Polygon","coordinates":[[[-36.11,21.74],[-36.24,21.76],[-36.43,21.73],[-36.49,21.66],[-36.11,21.74]]]},"properties":{"scalerank":0,"featurecla":"Bathymetry","depth":6000}},
{"type":"Feature","geometry":{"type":"Polygon","coordinates":[[[-36.96,21.7],[-37.1,21.79],[-37.06,21.58],[-36.96,21.7]]]},"properties":{"scalerank":0,"featurecla":"Bathymetry","depth":6000}},
{"type":"Feature","geometry":{"type":"Polygon","coordinates":[[[-55.54,22.83],[-55.48,22.69],[-55.34,22.82],[-55.54,22.83]]]},"properties":{"scalerank":0,"featurecla":"Bathymetry","depth":6000}},
{"type":"Feature","geometry":{"type":"Polygon","coordinates":[[[-53.81,22.87],[-53.63,22.8],[-53.59,22.9],[-53.81,22.87]]]},"properties":{"scalerank":0,"featurecla":"Bathymetry","depth":6000}},
{"type":"Feature","geometry":{"type":"Polygon","coordinates":[[[-34.38,22.98],[-34.53,23.02],[-34.89,23],[-34.6,22.9],[-34.38,22.98]]]},"properties":{"scalerank":0,"featurecla":"Bathymetry","depth":6000}},
{"type":"Feature","geometry":{"type":"Polygon","coordinates":[[[-56.74,22.51],[-56.68,22.61],[-56.73,22.81],[-56.83,22.8],[-56.74,22.51]]]},"properties":{"scalerank":0,"featurecla":"Bathymetry","depth":6000}},
{"type":"Feature","geometry":{"type":"Polygon","coordinates":[[[169.79,23.03],[169.75,23.22],[169.67,23.11],[169.79,23.03]]]},"properties":{"scalerank":0,"featurecla":"Bathymetry","depth":6000}},
{"type":"Feature","geometry":{"type":"Polygon","coordinates":[[[170.42,23.07],[170.56,23.18],[170.52,23.27],[170.38,23.11],[170.42,23.07]]]},"properties":{"scalerank":0,"featurecla":"Bathymetry","depth":6000}},
{"type":"Feature","geometry":{"type":"Polygon","coordinates":[[[-56.22,23.29],[-56.48,23.4],[-56.25,23.12],[-56.22,23.29]]]},"properties":{"scalerank":0,"featurecla":"Bathymetry","depth":6000}},
{"type":"Feature","geometry":{"type":"Polygon","coordinates":[[[-56.9,23.54],[-57.13,23.47],[-56.87,23.44],[-56.9,23.54]]]},"properties":{"scalerank":0,"featurecla":"Bathymetry","depth":6000}},
{"type":"Feature","geometry":{"type":"Polygon","coordinates":[[[-33.18,23.41],[-33.15,23.52],[-33.34,23.5],[-33.18,23.41]]]},"properties":{"scalerank":0,"featurecla":"Bathymetry","depth":6000}},
{"type":"Feature","geometry":{"type":"Polygon","coordinates":[[[145.32,23.55],[145.22,23.69],[145.15,23.64],[145.32,23.55]]]},"properties":{"scalerank":0,"featurecla":"Bathymetry","depth":6000}},
{"type":"Feature","geometry":{"type":"Polygon","coordinates":[[[-58.03,23.81],[-58.32,23.81],[-58.32,23.66],[-58.1,23.69],[-58.03,23.81]]]},"properties":{"scalerank":0,"featurecla":"Bathymetry","depth":6000}},
{"type":"Feature","geometry":{"type":"Polygon","coordinates":[[[-58.92,23.54],[-58.68,23.76],[-58.84,23.75],[-58.96,23.62],[-58.92,23.54]]]},"properties":{"scalerank":0,"featurecla":"Bathymetry","depth":6000}},
{"type":"Feature","geometry":{"type":"Polygon","coordinates":[[[-36.92,23.92],[-37.13,23.88],[-37.28,23.9],[-37.36,23.8],[-37.13,23.78],[-36.92,23.92]]]},"properties":{"scalerank":0,"featurecla":"Bathymetry","depth":6000}},
{"type":"Feature","geometry":{"type":"Polygon","coordinates":[[[-33.24,23.98],[-33.24,23.86],[-32.9,23.78],[-32.31,23.77],[-32.39,23.94],[-32.66,23.89],[-32.86,23.98],[-32.99,23.92],[-33.24,23.98]]]},"properties":{"scalerank":0,"featurecla":"Bathymetry","depth":6000}},
{"type":"Feature","geometry":{"type":"Polygon","coordinates":[[[-55.75,24.03],[-55.67,24.17],[-55.75,24.24],[-55.82,24.11],[-55.75,24.03]]]},"properties":{"scalerank":0,"featurecla":"Bathymetry","depth":6000}},
{"type":"Feature","geometry":{"type":"Polygon","coordinates":[[[164.83,24.26],[164.74,24.35],[164.42,24.36],[164.5,24.26],[164.83,24.26]]]},"properties":{"scalerank":0,"featurecla":"Bathymetry","depth":6000}},
{"type":"Feature","geometry":{"type":"Polygon","coordinates":[[[-33.59,24.36],[-34.01,24.34],[-34.02,24.09],[-34.46,24.07],[-34.91,24.19],[-34.92,24.05],[-33.91,24.01],[-33.89,24.24],[-33.59,24.36]]]},"properties":{"scalerank":0,"featurecla":"Bathymetry","depth":6000}},
{"type":"Feature","geometry":{"type":"Polygon","coordinates":[[[-55.42,24.48],[-55.51,24.48],[-55.59,24.28],[-55.44,24.37],[-55.42,24.48]]]},"properties":{"scalerank":0,"featurecla":"Bathymetry","depth":6000}},
{"type":"Feature","geometry":{"type":"Polygon","coordinates":[[[-57.54,24.53],[-57.62,24.55],[-57.85,24.42],[-57.76,24.36],[-57.54,24.53]]]},"properties":{"scalerank":0,"featurecla":"Bathymetry","depth":6000}},
{"type":"Feature","geometry":{"type":"Polygon","coordinates":[[[164.41,24.55],[164.69,24.6],[164.58,24.68],[164.44,24.65],[164.41,24.55]]]},"properties":{"scalerank":0,"featurecla":"Bathymetry","depth":6000}},
{"type":"Feature","geometry":{"type":"Polygon","coordinates":[[[166.47,24.44],[166.49,24.61],[166.35,24.65],[166.38,24.51],[166.47,24.44]]]},"properties":{"scalerank":0,"featurecla":"Bathymetry","depth":6000}},
{"type":"Feature","geometry":{"type":"Polygon","coordinates":[[[-56.06,24.74],[-56.24,24.77],[-56.43,24.55],[-56.75,24.69],[-56.78,24.53],[-56.55,24.31],[-55.96,24.46],[-55.93,24.68],[-56.06,24.74]]]},"properties":{"scalerank":0,"featurecla":"Bathymetry","depth":6000}},
{"type":"Feature","geometry":{"type":"Polygon","coordinates":[[[175.58,24.89],[175.39,24.86],[175.34,24.59],[175.51,24.65],[175.42,24.81],[175.58,24.89]]]},"properties":{"scalerank":0,"featurecla":"Bathymetry","depth":6000}},
{"type":"Feature","geometry":{"type":"Polygon","coordinates":[[[-32.33,24.77],[-32.33,24.9],[-32.48,24.93],[-32.46,24.76],[-32.33,24.77]]]},"properties":{"scalerank":0,"featurecla":"Bathymetry","depth":6000}},
{"type":"Feature","geometry":{"type":"Polygon","coordinates":[[[-30.72,24.99],[-30.79,24.91],[-30.62,24.91],[-30.72,24.99]]]},"properties":{"scalerank":0,"featurecla":"Bathymetry","depth":6000}},
{"type":"Feature","geometry":{"type":"Polygon","coordinates":[[[-29.58,24.67],[-29.56,24.82],[-29.42,24.93],[-29.63,24.99],[-29.58,24.67]]]},"properties":{"scalerank":0,"featurecla":"Bathymetry","depth":6000}},
{"type":"Feature","geometry":{"type":"Polygon","coordinates":[[[-57.1,25.01],[-57.44,24.93],[-57.4,24.67],[-57.15,24.86],[-57.1,25.01]]]},"properties":{"scalerank":0,"featurecla":"Bathymetry","depth":6000}},
{"type":"Feature","geometry":{"type":"Polygon","coordinates":[[[170.48,24.99],[170.53,25.06],[170.44,25.16],[170.42,25.03],[170.48,24.99]]]},"properties":{"scalerank":0,"featurecla":"Bathymetry","depth":6000}},
{"type":"Feature","geometry":{"type":"Polygon","coordinates":[[[-32.85,25.31],[-32.79,25.38],[-32.9,25.43],[-32.98,25.36],[-32.85,25.31]]]},"properties":{"scalerank":0,"featurecla":"Bathymetry","depth":6000}},
{"type":"Feature","geometry":{"type":"Polygon","coordinates":[[[175.92,25.54],[175.79,25.57],[175.76,25.48],[175.84,25.41],[175.92,25.54]]]},"properties":{"scalerank":0,"featurecla":"Bathymetry","depth":6000}},
{"type":"Feature","geometry":{"type":"Polygon","coordinates":[[[-55.4,25.64],[-55.67,25.55],[-55.64,25.38],[-55.36,25.51],[-55.4,25.64]]]},"properties":{"scalerank":0,"featurecla":"Bathymetry","depth":6000}},
{"type":"Feature","geometry":{"type":"Polygon","coordinates":[[[166.99,25.72],[166.83,25.7],[166.94,25.42],[167.08,25.52],[166.97,25.61],[166.99,25.72]]]},"properties":{"scalerank":0,"featurecla":"Bathymetry","depth":6000}},
{"type":"Feature","geometry":{"type":"Polygon","coordinates":[[[-62.68,25.58],[-62.68,25.71],[-62.79,25.7],[-62.79,25.59],[-62.68,25.58]]]},"properties":{"scalerank":0,"featurecla":"Bathymetry","depth":6000}},
{"type":"Feature","geometry":{"type":"Polygon","coordinates":[[[-56.77,25.62],[-56.89,25.8],[-56.92,25.7],[-56.77,25.62]]]},"properties":{"scalerank":0,"featurecla":"Bathymetry","depth":6000}},
{"type":"Feature","geometry":{"type":"Polygon","coordinates":[[[173.8,25.7],[173.9,25.82],[173.76,25.94],[173.51,25.59],[173.63,25.51],[173.8,25.7]]]},"properties":{"scalerank":0,"featurecla":"Bathymetry","depth":6000}},
{"type":"Feature","geometry":{"type":"Polygon","coordinates":[[[-57.62,25.69],[-57.55,25.87],[-57.64,25.86],[-57.62,25.69]]]},"properties":{"scalerank":0,"featurecla":"Bathymetry","depth":6000}},
{"type":"Feature","geometry":{"type":"Polygon","coordinates":[[[-60.15,25.94],[-60.36,25.95],[-60.38,25.78],[-60.15,25.94]]]},"properties":{"scalerank":0,"featurecla":"Bathymetry","depth":6000}},
{"type":"Feature","geometry":{"type":"Polygon","coordinates":[[[156.51,25.78],[156.67,25.88],[156.58,25.99],[156.41,25.86],[156.51,25.78]]]},"properties":{"scalerank":0,"featurecla":"Bathymetry","depth":6000}},
{"type":"Feature","geometry":{"type":"Polygon","coordinates":[[[-60.9,25.69],[-61.03,25.75],[-61.22,25.97],[-61.18,25.66],[-60.9,25.69]]]},"properties":{"scalerank":0,"featurecla":"Bathymetry","depth":6000}},
{"type":"Feature","geometry":{"type":"Polygon","coordinates":[[[-58.64,25.99],[-58.61,26.11],[-58.7,26.18],[-58.85,26.16],[-58.76,26.02],[-58.64,25.99]]]},"properties":{"scalerank":0,"featurecla":"Bathymetry","depth":6000}},
{"type":"Feature","geometry":{"type":"Polygon","coordinates":[[[154.2,26.04],[153.91,26.11],[153.62,26.23],[153.59,26.17],[153.8,26.03],[154.2,26.04]]]},"properties":{"scalerank":0,"featurecla":"Bathymetry","depth":6000}},
{"type":"Feature","geometry":{"type":"Polygon","coordinates":[[[173.09,26.38],[173.11,26.3],[173.21,26.32],[173.22,26.37],[173.09,26.38]]]},"properties":{"scalerank":0,"featurecla":"Bathymetry","depth":6000}},
{"type":"Feature","geometry":{"type":"Polygon","coordinates":[[[-61.25,26.33],[-61.19,26.38],[-61.25,26.49],[-61.33,26.4],[-61.25,26.33]]]},"properties":{"scalerank":0,"featurecla":"Bathymetry","depth":6000}},
{"type":"Feature","geometry":{"type":"Polygon","coordinates":[[[164.07,26.55],[163.92,26.54],[163.86,26.34],[164.07,26.55]]]},"properties":{"scalerank":0,"featurecla":"Bathymetry","depth":6000}},
{"type":"Feature","geometry":{"type":"Polygon","coordinates":[[[154.44,26.33],[154.41,26.52],[154.28,26.52],[154.34,26.32],[154.44,26.33]]]},"properties":{"scalerank":0,"featurecla":"Bathymetry","depth":6000}},
{"type":"Feature","geometry":{"type":"Polygon","coordinates":[[[167.84,26.48],[167.86,26.63],[167.64,26.55],[167.69,26.39],[167.84,26.48]]]},"properties":{"scalerank":0,"featurecla":"Bathymetry","depth":6000}},
{"type":"Feature","geometry":{"type":"Polygon","coordinates":[[[-61.67,26.23],[-61.72,26.44],[-61.8,26.45],[-61.73,26.27],[-61.67,26.23]]]},"properties":{"scalerank":0,"featurecla":"Bathymetry","depth":6000}},
{"type":"Feature","geometry":{"type":"Polygon","coordinates":[[[-62.09,26.53],[-62.41,26.42],[-62.4,26.16],[-62.13,26.22],[-62.09,26.53]]]},"properties":{"scalerank":0,"featurecla":"Bathymetry","depth":6000}},
{"type":"Feature","geometry":{"type":"Polygon","coordinates":[[[161.56,26.45],[161.47,26.65],[161.14,26.71],[160.97,26.59],[161.2,26.37],[161.56,26.45]]]},"properties":{"scalerank":0,"featurecla":"Bathymetry","depth":6000}},
{"type":"Feature","geometry":{"type":"Polygon","coordinates":[[[155.47,26.59],[155.51,26.68],[155.39,26.75],[155.33,26.64],[155.47,26.59]]]},"properties":{"scalerank":0,"featurecla":"Bathymetry","depth":6000}},
{"type":"Feature","geometry":{"type":"Polygon","coordinates":[[[-55.13,26.5],[-55.12,26.6],[-55.19,26.63],[-55.24,26.54],[-55.13,26.5]]]},"properties":{"scalerank":0,"featurecla":"Bathymetry","depth":6000}},
{"type":"Feature","geometry":{"type":"Polygon","coordinates":[[[156.13,26.65],[155.9,26.42],[155.48,26.21],[155.95,26.12],[155.97,26.35],[156.13,26.65]]]},"properties":{"scalerank":0,"featurecla":"Bathymetry","depth":6000}},
{"type":"Feature","geometry":{"type":"Polygon","coordinates":[[[148.73,26.65],[148.3,26.86],[148.12,26.74],[148.21,26.35],[148.41,26.27],[148.34,26.11],[148.78,25.95],[149.2,25.93],[149.5,26.12],[149.61,26.3],[149.55,26.47],[149.17,26.8],[149.04,26.69],[148.73,26.65]],[[148.69,26.38],[148.94,26.47],[148.92,26.26],[148.69,26.38]]]},"properties":{"scalerank":0,"featurecla":"Bathymetry","depth":6000}},
{"type":"Feature","geometry":{"type":"Polygon","coordinates":[[[163.9,26.86],[163.7,26.86],[163.66,26.63],[163.9,26.86]]]},"properties":{"scalerank":0,"featurecla":"Bathymetry","depth":6000}},
{"type":"Feature","geometry":{"type":"Polygon","coordinates":[[[166.28,27.23],[166.28,27.19],[166.42,27.15],[166.5,27.23],[166.37,27.22],[166.28,27.23]]]},"properties":{"scalerank":0,"featurecla":"Bathymetry","depth":6000}},
{"type":"Feature","geometry":{"type":"Polygon","coordinates":[[[159.86,26.91],[160,27.07],[159.7,27.18],[159.86,26.91]]]},"properties":{"scalerank":0,"featurecla":"Bathymetry","depth":6000}},
{"type":"Feature","geometry":{"type":"Polygon","coordinates":[[[-54.86,27.05],[-54.98,27.24],[-55.07,27.02],[-54.86,27.05]]]},"properties":{"scalerank":0,"featurecla":"Bathymetry","depth":6000}},
{"type":"Feature","geometry":{"type":"Polygon","coordinates":[[[159.8,27.41],[159.79,27.53],[159.7,27.56],[159.64,27.48],[159.8,27.41]]]},"properties":{"scalerank":0,"featurecla":"Bathymetry","depth":6000}},
{"type":"Feature","geometry":{"type":"Polygon","coordinates":[[[-61.97,27.5],[-62.05,27.56],[-62.16,27.53],[-62.09,27.45],[-61.97,27.5]]]},"properties":{"scalerank":0,"featurecla":"Bathymetry","depth":6000}},
{"type":"Feature","geometry":{"type":"Polygon","coordinates":[[[158.06,27.58],[158.04,27.31],[158.2,27.42],[158.06,27.58]]]},"properties":{"scalerank":0,"featurecla":"Bathymetry","depth":6000}},
{"type":"Feature","geometry":{"type":"Polygon","coordinates":[[[-55.87,27.61],[-56.02,27.79],[-56.02,27.64],[-55.87,27.61]]]},"properties":{"scalerank":0,"featurecla":"Bathymetry","depth":6000}},
{"type":"Feature","geometry":{"type":"Polygon","coordinates":[[[159.98,27.89],[160.29,27.82],[160.38,27.46],[160.66,27.12],[160.82,27.24],[160.95,27.55],[161.22,27.4],[161.38,27.46],[161.35,27.72],[161.09,27.66],[160.9,27.75],[160.59,27.76],[160.43,27.69],[160.34,27.89],[159.98,27.89]]]},"properties":{"scalerank":0,"featurecla":"Bathymetry","depth":6000}},
{"type":"Feature","geometry":{"type":"Polygon","coordinates":[[[-56.12,27.99],[-56.48,28],[-56.52,27.91],[-56.33,27.94],[-56.21,27.91],[-56.12,27.99]]]},"properties":{"scalerank":0,"featurecla":"Bathymetry","depth":6000}},
{"type":"Feature","geometry":{"type":"Polygon","coordinates":[[[158.32,28.15],[158.35,28.08],[158.43,28.07],[158.63,28.1],[158.32,28.15]]]},"properties":{"scalerank":0,"featurecla":"Bathymetry","depth":6000}},
{"type":"Feature","geometry":{"type":"Polygon","coordinates":[[[-56.86,28.1],[-56.85,28.17],[-57.07,28.27],[-57.01,28.11],[-56.86,28.1]]]},"properties":{"scalerank":0,"featurecla":"Bathymetry","depth":6000}},
{"type":"Feature","geometry":{"type":"Polygon","coordinates":[[[-58.1,28.15],[-58.2,28.26],[-58.28,28.11],[-58.16,28.08],[-58.17,27.91],[-57.98,28.11],[-58.1,28.15]]]},"properties":{"scalerank":0,"featurecla":"Bathymetry","depth":6000}},
{"type":"Feature","geometry":{"type":"Polygon","coordinates":[[[168.24,28.32],[167.9,28.34],[168.09,28.18],[168.24,28.32]]]},"properties":{"scalerank":0,"featurecla":"Bathymetry","depth":6000}},
{"type":"Feature","geometry":{"type":"Polygon","coordinates":[[[159.56,28.46],[159.36,28.52],[159.22,28.27],[159.41,28.27],[159.56,28.46]]]},"properties":{"scalerank":0,"featurecla":"Bathymetry","depth":6000}},
{"type":"Feature","geometry":{"type":"Polygon","coordinates":[[[170.01,28.02],[170.08,28.12],[170.16,28.15],[170.27,28.31],[170.47,28.44],[170.56,28.54],[170.51,28.58],[170.4,28.46],[170.29,28.42],[170.21,28.27],[169.91,28.01],[170.01,28.02]]]},"properties":{"scalerank":0,"featurecla":"Bathymetry","depth":6000}},
{"type":"Feature","geometry":{"type":"Polygon","coordinates":[[[159.12,28.5],[158.98,28.67],[158.83,28.49],[159,28.37],[159.12,28.5]]]},"properties":{"scalerank":0,"featurecla":"Bathymetry","depth":6000}},
{"type":"Feature","geometry":{"type":"Polygon","coordinates":[[[164.76,28.59],[164.78,28.8],[164.69,28.78],[164.76,28.59]]]},"properties":{"scalerank":0,"featurecla":"Bathymetry","depth":6000}},
{"type":"Feature","geometry":{"type":"Polygon","coordinates":[[[-155.76,29],[-155.81,29.04],[-156.05,29.04],[-156.07,28.94],[-155.93,28.99],[-155.76,29]]]},"properties":{"scalerank":0,"featurecla":"Bathymetry","depth":6000}},
{"type":"Feature","geometry":{"type":"Polygon","coordinates":[[[167.8,28.89],[167.72,28.59],[168,28.66],[168.19,28.79],[168.07,28.93],[167.8,28.89]]]},"properties":{"scalerank":0,"featurecla":"Bathymetry","depth":6000}},
{"type":"Feature","geometry":{"type":"Polygon","coordinates":[[[163.39,28.84],[163.22,29.14],[163.19,28.83],[163.39,28.84]]]},"properties":{"scalerank":0,"featurecla":"Bathymetry","depth":6000}},
{"type":"Feature","geometry":{"type":"Polygon","coordinates":[[[158.85,28.98],[158.86,29.21],[158.91,29.32],[158.76,29.38],[158.75,29.25],[158.85,28.98]]]},"properties":{"scalerank":0,"featurecla":"Bathymetry","depth":6000}},
{"type":"Feature","geometry":{"type":"Polygon","coordinates":[[[-153.29,29.4],[-153.36,29.45],[-153.48,29.38],[-153.46,29.3],[-153.29,29.4]]]},"properties":{"scalerank":0,"featurecla":"Bathymetry","depth":6000}},
{"type":"Feature","geometry":{"type":"Polygon","coordinates":[[[156.34,29.38],[156.02,29.35],[156.25,29.06],[156.1,28.9],[156.43,28.87],[156.62,28.68],[156.81,28.73],[156.65,28.94],[156.67,29.09],[156.33,29.2],[156.34,29.38]]]},"properties":{"scalerank":0,"featurecla":"Bathymetry","depth":6000}},
{"type":"Feature","geometry":{"type":"Polygon","coordinates":[[[-155.57,29.65],[-156.17,29.66],[-156.05,29.57],[-155.9,29.64],[-155.64,29.59],[-155.57,29.65]]]},"properties":{"scalerank":0,"featurecla":"Bathymetry","depth":6000}},
{"type":"Feature","geometry":{"type":"Polygon","coordinates":[[[165.98,30.22],[165.96,30.09],[166.18,30.14],[165.98,30.22]]]},"properties":{"scalerank":0,"featurecla":"Bathymetry","depth":6000}},
{"type":"Feature","geometry":{"type":"Polygon","coordinates":[[[162.12,30.19],[161.81,30.11],[161.76,29.81],[162.31,29.82],[162.48,29.74],[162.75,29.86],[163,29.86],[162.97,30.06],[162.52,30.22],[162.12,30.19]]]},"properties":{"scalerank":0,"featurecla":"Bathymetry","depth":6000}},
{"type":"Feature","geometry":{"type":"Polygon","coordinates":[[[-54.35,30.01],[-54.37,30.09],[-54.6,30.1],[-54.6,30.05],[-54.35,30.01]]]},"properties":{"scalerank":0,"featurecla":"Bathymetry","depth":6000}},
{"type":"Feature","geometry":{"type":"Polygon","coordinates":[[[151.49,30.42],[151.52,30.5],[151.38,30.52],[151.32,30.43],[151.49,30.42]]]},"properties":{"scalerank":0,"featurecla":"Bathymetry","depth":6000}},
{"type":"Feature","geometry":{"type":"Polygon","coordinates":[[[154.06,30.53],[153.9,30.67],[153.88,30.57],[154.06,30.53]]]},"properties":{"scalerank":0,"featurecla":"Bathymetry","depth":6000}},
{"type":"Feature","geometry":{"type":"Polygon","coordinates":[[[-145.66,31.08],[-145.88,31.08],[-145.92,31.02],[-145.66,31.08]]]},"properties":{"scalerank":0,"featurecla":"Bathymetry","depth":6000}},
{"type":"Feature","geometry":{"type":"Polygon","coordinates":[[[145.29,31.36],[145.22,31.52],[145.28,31.62],[145.21,31.69],[145.13,31.57],[145.24,31.36],[145.29,31.36]]]},"properties":{"scalerank":0,"featurecla":"Bathymetry","depth":6000}},
{"type":"Feature","geometry":{"type":"Polygon","coordinates":[[[150.8,32.19],[150.63,32.27],[150.59,32.17],[150.74,32.11],[150.8,32.19]]]},"properties":{"scalerank":0,"featurecla":"Bathymetry","depth":6000}},
{"type":"Feature","geometry":{"type":"Polygon","coordinates":[[[-166.19,32.77],[-166.56,32.74],[-166.68,32.64],[-166.87,32.7],[-166.94,32.42],[-166.74,32.25],[-166.46,32.18],[-166.43,32.03],[-166.23,31.89],[-165.98,32.02],[-165.73,31.99],[-165.76,32.28],[-165.98,32.47],[-166.19,32.77]]]},"properties":{"scalerank":0,"featurecla":"Bathymetry","depth":6000}},
{"type":"Feature","geometry":{"type":"Polygon","coordinates":[[[-158.68,33.49],[-158.95,33.48],[-158.9,33.36],[-158.68,33.49]]]},"properties":{"scalerank":0,"featurecla":"Bathymetry","depth":6000}},
{"type":"Feature","geometry":{"type":"Polygon","coordinates":[[[153.34,33.54],[153.31,33.7],[153.06,33.46],[153.34,33.54]]]},"properties":{"scalerank":0,"featurecla":"Bathymetry","depth":6000}},
{"type":"Feature","geometry":{"type":"Polygon","coordinates":[[[-173.57,34.04],[-173.58,34.14],[-174.01,34],[-173.86,33.98],[-173.57,34.04]]]},"properties":{"scalerank":0,"featurecla":"Bathymetry","depth":6000}},
{"type":"Feature","geometry":{"type":"Polygon","coordinates":[[[146.98,34.23],[146.93,34.34],[146.87,34.28],[146.98,34.23]]]},"properties":{"scalerank":0,"featurecla":"Bathymetry","depth":6000}},
{"type":"Feature","geometry":{"type":"Polygon","coordinates":[[[-167.84,34.41],[-168.06,34.5],[-168.1,34.32],[-167.84,34.41]]]},"properties":{"scalerank":0,"featurecla":"Bathymetry","depth":6000}},
{"type":"Feature","geometry":{"type":"Polygon","coordinates":[[[150.17,34.61],[149.92,34.57],[150.12,34.42],[150.17,34.61]]]},"properties":{"scalerank":0,"featurecla":"Bathymetry","depth":6000}},
{"type":"Feature","geometry":{"type":"Polygon","coordinates":[[[-169.85,34.68],[-169.85,34.79],[-169.68,34.86],[-169.7,34.91],[-169.9,34.9],[-169.9,34.77],[-169.85,34.68]]]},"properties":{"scalerank":0,"featurecla":"Bathymetry","depth":6000}},
{"type":"Feature","geometry":{"type":"Polygon","coordinates":[[[-168.91,35],[-169.15,35.02],[-169.05,34.88],[-168.91,35]]]},"properties":{"scalerank":0,"featurecla":"Bathymetry","depth":6000}},
{"type":"Feature","geometry":{"type":"Polygon","coordinates":[[[-168.3,35.17],[-168.26,35.3],[-168.38,35.34],[-168.36,35.18],[-168.3,35.17]]]},"properties":{"scalerank":0,"featurecla":"Bathymetry","depth":6000}},
{"type":"Feature","geometry":{"type":"Polygon","coordinates":[[[-163.85,35.21],[-163.85,35.28],[-164.19,35.27],[-164.2,35.23],[-163.85,35.21]]]},"properties":{"scalerank":0,"featurecla":"Bathymetry","depth":6000}},
{"type":"Feature","geometry":{"type":"Polygon","coordinates":[[[164.78,35.33],[164.43,35.35],[164.41,35.08],[164.77,35.11],[164.78,35.33]]]},"properties":{"scalerank":0,"featurecla":"Bathymetry","depth":6000}},
{"type":"Feature","geometry":{"type":"Polygon","coordinates":[[[-170.19,35.31],[-170.36,35.41],[-170.39,35.31],[-170.19,35.31]]]},"properties":{"scalerank":0,"featurecla":"Bathymetry","depth":6000}},
{"type":"Feature","geometry":{"type":"Polygon","coordinates":[[[-168.12,35.48],[-168.12,35.59],[-168.31,35.62],[-168.35,35.58],[-168.12,35.48]]]},"properties":{"scalerank":0,"featurecla":"Bathymetry","depth":6000}},
{"type":"Feature","geometry":{"type":"Polygon","coordinates":[[[-167.48,35.55],[-167.77,35.54],[-168.04,35.33],[-168.09,35.12],[-168.29,34.98],[-168,34.76],[-167.76,34.78],[-167.9,34.99],[-167.67,35.37],[-167.47,35.45],[-167.21,35.4],[-166.92,35.52],[-167.34,35.64],[-167.48,35.55]]]},"properties":{"scalerank":0,"featurecla":"Bathymetry","depth":6000}},
{"type":"Feature","geometry":{"type":"Polygon","coordinates":[[[-161.34,36.29],[-161.45,36.46],[-161.51,36.42],[-161.45,36.32],[-161.34,36.29]]]},"properties":{"scalerank":0,"featurecla":"Bathymetry","depth":6000}},
{"type":"Feature","geometry":{"type":"Polygon","coordinates":[[[-161.75,36.28],[-161.72,36.47],[-162.01,36.26],[-161.75,36.28]]]},"properties":{"scalerank":0,"featurecla":"Bathymetry","depth":6000}},
{"type":"Feature","geometry":{"type":"Polygon","coordinates":[[[-163.94,36.65],[-164.04,36.7],[-164.18,36.65],[-164.27,36.67],[-164.29,36.57],[-163.94,36.65]]]},"properties":{"scalerank":0,"featurecla":"Bathymetry","depth":6000}},
{"type":"Feature","geometry":{"type":"Polygon","coordinates":[[[-164.55,36.97],[-166.03,36.91],[-166.13,36.87],[-167.62,36.76],[-168.01,36.7],[-168.16,36.57],[-168.41,36.67],[-169.03,36.65],[-169.42,36.5],[-169.21,36.3],[-168.64,36.43],[-168.45,36.4],[-168.32,36.55],[-168.12,36.46],[-167.81,36.55],[-167.23,36.65],[-166.37,36.74],[-166.07,36.73],[-165.91,36.65],[-165.56,36.72],[-165.07,36.74],[-164.94,36.92],[-164.65,36.89],[-164.55,36.97]]]},"properties":{"scalerank":0,"featurecla":"Bathymetry","depth":6000}},
{"type":"Feature","geometry":{"type":"Polygon","coordinates":[[[-161.36,37.05],[-161.38,37.08],[-161.57,37.01],[-161.82,37.02],[-161.77,36.98],[-161.44,37],[-161.36,37.05]]]},"properties":{"scalerank":0,"featurecla":"Bathymetry","depth":6000}},
{"type":"Feature","geometry":{"type":"Polygon","coordinates":[[[-174.61,37.05],[-174.36,37.3],[-174.47,37.31],[-174.58,37.2],[-174.61,37.05]]]},"properties":{"scalerank":0,"featurecla":"Bathymetry","depth":6000}},
{"type":"Feature","geometry":{"type":"Polygon","coordinates":[[[149.57,36.91],[149.74,37.01],[149.6,37.18],[149.42,36.94],[149.57,36.91]]]},"properties":{"scalerank":0,"featurecla":"Bathymetry","depth":6000}},
{"type":"Feature","geometry":{"type":"Polygon","coordinates":[[[-159.31,37.55],[-159.49,37.61],[-159.69,37.58],[-159.7,37.53],[-159.31,37.55]]]},"properties":{"scalerank":0,"featurecla":"Bathymetry","depth":6000}},
{"type":"Feature","geometry":{"type":"Polygon","coordinates":[[[-162.38,37.49],[-162.65,37.61],[-163.06,37.3],[-162.48,37.3],[-162.38,37.49]]]},"properties":{"scalerank":0,"featurecla":"Bathymetry","depth":6000}},
{"type":"Feature","geometry":{"type":"Polygon","coordinates":[[[-168.94,37.41],[-168.83,37.52],[-168.7,37.58],[-168.81,37.63],[-168.96,37.45],[-168.94,37.41]]]},"properties":{"scalerank":0,"featurecla":"Bathymetry","depth":6000}},
{"type":"Feature","geometry":{"type":"Polygon","coordinates":[[[-168.31,37.9],[-168.52,37.87],[-168.46,37.73],[-168.27,37.73],[-168.31,37.9]]]},"properties":{"scalerank":0,"featurecla":"Bathymetry","depth":6000}},
{"type":"Feature","geometry":{"type":"Polygon","coordinates":[[[-176.26,37.3],[-176.38,37.69],[-176.53,37.92],[-176.74,37.97],[-176.26,37.3]]]},"properties":{"scalerank":0,"featurecla":"Bathymetry","depth":6000}},
{"type":"Feature","geometry":{"type":"Polygon","coordinates":[[[171.86,38.39],[171.48,38.26],[171.48,37.99],[171.72,37.8],[171.99,37.89],[172.05,38.27],[171.86,38.39]]]},"properties":{"scalerank":0,"featurecla":"Bathymetry","depth":6000}},
{"type":"Feature","geometry":{"type":"Polygon","coordinates":[[[-151.09,38.64],[-151.29,38.63],[-151.22,38.55],[-151.09,38.64]]]},"properties":{"scalerank":0,"featurecla":"Bathymetry","depth":6000}},
{"type":"Feature","geometry":{"type":"Polygon","coordinates":[[[-169.15,38.9],[-169.3,38.88],[-169.29,38.74],[-169.15,38.9]]]},"properties":{"scalerank":0,"featurecla":"Bathymetry","depth":6000}},
{"type":"Feature","geometry":{"type":"Polygon","coordinates":[[[-151.86,38.9],[-151.82,39.08],[-152.15,38.99],[-151.86,38.9]]]},"properties":{"scalerank":0,"featurecla":"Bathymetry","depth":6000}},
{"type":"Feature","geometry":{"type":"Polygon","coordinates":[[[-168.58,38.93],[-168.35,38.77],[-168.28,38.95],[-168.58,38.93]]]},"properties":{"scalerank":0,"featurecla":"Bathymetry","depth":6000}},
{"type":"Feature","geometry":{"type":"Polygon","coordinates":[[[-177.94,39.22],[-177.77,39.03],[-177.42,38.83],[-177.23,38.57],[-176.83,38.42],[-177.32,38.87],[-177.38,39],[-177.74,39.24],[-177.94,39.22]]]},"properties":{"scalerank":0,"featurecla":"Bathymetry","depth":6000}},
{"type":"Feature","geometry":{"type":"Polygon","coordinates":[[[-169.49,39.38],[-169.81,39.47],[-169.81,39.33],[-169.49,39.38]]]},"properties":{"scalerank":0,"featurecla":"Bathymetry","depth":6000}},
{"type":"Feature","geometry":{"type":"Polygon","coordinates":[[[-141.1,39.42],[-141.27,39.5],[-141.37,39.41],[-141.1,39.42]]]},"properties":{"scalerank":0,"featurecla":"Bathymetry","depth":6000}},
{"type":"Feature","geometry":{"type":"Polygon","coordinates":[[[-166.61,39.48],[-167.21,39.42],[-167.49,39.29],[-167.22,39.1],[-167.1,39.31],[-166.83,39.3],[-166.61,39.48]]]},"properties":{"scalerank":0,"featurecla":"Bathymetry","depth":6000}},
{"type":"Feature","geometry":{"type":"Polygon","coordinates":[[[172.37,39.6],[171.84,39.55],[171.56,39.15],[171.55,39.01],[171.88,38.81],[172.15,39.02],[172.3,38.95],[172.49,39.5],[172.37,39.6]]]},"properties":{"scalerank":0,"featurecla":"Bathymetry","depth":6000}},
{"type":"Feature","geometry":{"type":"Polygon","coordinates":[[[-177.84,39.6],[-177.68,39.55],[-177.61,39.61],[-177.84,39.6]]]},"properties":{"scalerank":0,"featurecla":"Bathymetry","depth":6000}},
{"type":"Feature","geometry":{"type":"Polygon","coordinates":[[[-175.86,39.47],[-175.77,39.33],[-175.68,39.35],[-175.73,39.52],[-175.86,39.47]]]},"properties":{"scalerank":0,"featurecla":"Bathymetry","depth":6000}},
{"type":"Feature","geometry":{"type":"Polygon","coordinates":[[[-167.82,39.78],[-167.96,39.58],[-168.44,39.55],[-168.66,39.38],[-168.43,39.29],[-168.14,39.46],[-167.56,39.57],[-167.82,39.78]]]},"properties":{"scalerank":0,"featurecla":"Bathymetry","depth":6000}},
{"type":"Feature","geometry":{"type":"Polygon","coordinates":[[[-174.6,39.56],[-174.53,39.75],[-174.38,39.86],[-174.51,39.86],[-174.65,39.61],[-174.6,39.56]]]},"properties":{"scalerank":0,"featurecla":"Bathymetry","depth":6000}},
{"type":"Feature","geometry":{"type":"Polygon","coordinates":[[[178.67,40.69],[178.49,40.95],[178.44,40.82],[178.67,40.69]]]},"properties":{"scalerank":0,"featurecla":"Bathymetry","depth":6000}},
{"type":"Feature","geometry":{"type":"Polygon","coordinates":[[[171.46,40.8],[171.24,40.85],[171.17,40.64],[170.9,40.37],[170.36,39.93],[170.21,39.64],[170.28,39.28],[169.94,38.8],[170.27,38.54],[170.52,38.45],[170.76,38.57],[170.81,38.97],[171,39.12],[171.2,39.13],[171.32,39.26],[171.42,39.74],[171.84,39.89],[171.79,40.41],[171.91,40.66],[171.46,40.8]]]},"properties":{"scalerank":0,"featurecla":"Bathymetry","depth":6000}},
{"type":"Feature","geometry":{"type":"Polygon","coordinates":[[[177.26,41.14],[177.21,41.23],[177.02,41.14],[177.26,41.14]]]},"properties":{"scalerank":0,"featurecla":"Bathymetry","depth":6000}},
{"type":"Feature","geometry":{"type":"Polygon","coordinates":[[[178.72,41.3],[178.56,41.42],[178.33,41.44],[178.51,41.23],[178.72,41.3]]]},"properties":{"scalerank":0,"featurecla":"Bathymetry","depth":6000}},
{"type":"Feature","geometry":{"type":"Polygon","coordinates":[[[-168.26,41.73],[-168.46,41.66],[-168.62,41.66],[-168.85,41.52],[-168.43,41.64],[-168.25,41.61],[-168.26,41.73]]]},"properties":{"scalerank":0,"featurecla":"Bathymetry","depth":6000}},
{"type":"Feature","geometry":{"type":"Polygon","coordinates":[[[-170.45,41.78],[-170.17,41.95],[-170.56,41.92],[-170.45,41.78]]]},"properties":{"scalerank":0,"featurecla":"Bathymetry","depth":6000}},
{"type":"Feature","geometry":{"type":"Polygon","coordinates":[[[-173.77,41.69],[-173.45,41.94],[-173.69,41.96],[-173.88,41.8],[-173.77,41.69]]]},"properties":{"scalerank":0,"featurecla":"Bathymetry","depth":6000}},
{"type":"Feature","geometry":{"type":"Polygon","coordinates":[[[178.97,42.36],[178.65,42.57],[178.57,42.32],[178.97,42.36]]]},"properties":{"scalerank":0,"featurecla":"Bathymetry","depth":6000}},
{"type":"Feature","geometry":{"type":"Polygon","coordinates":[[[-174.09,42.41],[-173.98,42.43],[-173.86,42.53],[-173.93,42.57],[-174.09,42.41]]]},"properties":{"scalerank":0,"featurecla":"Bathymetry","depth":6000}},
{"type":"Feature","geometry":{"type":"Polygon","coordinates":[[[171.33,42.56],[171.36,42.73],[171.15,42.66],[171.33,42.56]]]},"properties":{"scalerank":0,"featurecla":"Bathymetry","depth":6000}},
{"type":"Feature","geometry":{"type":"Polygon","coordinates":[[[-173.38,42.7],[-173.38,42.78],[-173.52,42.96],[-173.62,42.91],[-173.45,42.81],[-173.38,42.7]]]},"properties":{"scalerank":0,"featurecla":"Bathymetry","depth":6000}},
{"type":"Feature","geometry":{"type":"Polygon","coordinates":[[[-177.4,42.92],[-177.17,43.08],[-177.27,43.1],[-177.41,42.99],[-177.4,42.92]]]},"properties":{"scalerank":0,"featurecla":"Bathymetry","depth":6000}},
{"type":"Feature","geometry":{"type":"Polygon","coordinates":[[[-176.42,43.16],[-176.47,43.36],[-176.78,43.22],[-176.64,43.11],[-176.38,43.13],[-176.14,42.95],[-176.46,42.57],[-176.8,42.65],[-176.8,42.86],[-177.26,42.53],[-177.53,42.41],[-177.74,42.47],[-177.95,42.25],[-177.62,42.14],[-177.49,42.38],[-177.2,42.34],[-176.54,42.52],[-176.54,42.34],[-176.28,42.36],[-176.31,42.61],[-176.14,42.74],[-176.02,43.16],[-176.42,43.16]]]},"properties":{"scalerank":0,"featurecla":"Bathymetry","depth":6000}},
{"type":"Feature","geometry":{"type":"Polygon","coordinates":[[[-178.78,43.61],[-179.06,43.53],[-178.91,43.5],[-178.75,43.5],[-178.78,43.61]]]},"properties":{"scalerank":0,"featurecla":"Bathymetry","depth":6000}},
{"type":"Feature","geometry":{"type":"Polygon","coordinates":[[[-174.56,43.51],[-174.55,43.2],[-175.15,42.87],[-175.33,42.97],[-175.61,42.84],[-175.82,42.62],[-175.67,42.51],[-175.63,42.29],[-175.26,42.41],[-175.27,42.57],[-174.85,42.8],[-174.58,42.87],[-174.6,43.13],[-174.31,43.28],[-174.56,43.51]]]},"properties":{"scalerank":0,"featurecla":"Bathymetry","depth":6000}},
{"type":"Feature","geometry":{"type":"Polygon","coordinates":[[[-172.91,43.41],[-172.9,43.66],[-173.23,43.32],[-172.91,43.41]]]},"properties":{"scalerank":0,"featurecla":"Bathymetry","depth":6000}},
{"type":"Feature","geometry":{"type":"Polygon","coordinates":[[[-176.66,44.14],[-176.8,44.05],[-176.65,43.93],[-176.66,44.14]]]},"properties":{"scalerank":0,"featurecla":"Bathymetry","depth":6000}},
{"type":"Feature","geometry":{"type":"Polygon","coordinates":[[[-174.79,43.92],[-174.72,44.14],[-174.92,44.17],[-174.79,43.92]]]},"properties":{"scalerank":0,"featurecla":"Bathymetry","depth":6000}},
{"type":"Feature","geometry":{"type":"Polygon","coordinates":[[[-175.49,43.95],[-175.42,44.1],[-175.63,44.17],[-175.49,43.95]]]},"properties":{"scalerank":0,"featurecla":"Bathymetry","depth":6000}},
{"type":"Feature","geometry":{"type":"Polygon","coordinates":[[[161.41,44.51],[161.39,44.61],[161.22,44.56],[161.24,44.52],[161.41,44.51]]]},"properties":{"scalerank":0,"featurecla":"Bathymetry","depth":6000}},
{"type":"Feature","geometry":{"type":"Polygon","coordinates":[[[-171.92,44.53],[-172.25,44.59],[-172.15,44.5],[-171.92,44.53]]]},"properties":{"scalerank":0,"featurecla":"Bathymetry","depth":6000}},
{"type":"Feature","geometry":{"type":"Polygon","coordinates":[[[-171.58,44.64],[-171.54,44.55],[-171.33,44.58],[-171.58,44.64]]]},"properties":{"scalerank":0,"featurecla":"Bathymetry","depth":6000}},
{"type":"Feature","geometry":{"type":"Polygon","coordinates":[[[-168.98,45.08],[-168.83,44.95],[-168.78,45.03],[-168.98,45.08]]]},"properties":{"scalerank":0,"featurecla":"Bathymetry","depth":6000}},
{"type":"Feature","geometry":{"type":"Polygon","coordinates":[[[164.09,45.14],[163.94,45.14],[163.79,45.02],[163.96,45.01],[164.09,45.14]]]},"properties":{"scalerank":0,"featurecla":"Bathymetry","depth":6000}},
{"type":"Feature","geometry":{"type":"Polygon","coordinates":[[[-170.42,45.18],[-169.97,45.05],[-169.87,45.16],[-170.21,45.15],[-170.42,45.18]]]},"properties":{"scalerank":0,"featurecla":"Bathymetry","depth":6000}},
{"type":"Feature","geometry":{"type":"Polygon","coordinates":[[[171.43,45.12],[171.3,45.24],[170.81,44.95],[170.88,44.59],[170.78,44.46],[171.05,44.1],[171.24,44.11],[171.44,44.33],[171.7,44.39],[171.65,44.66],[171.43,45.12]]]},"properties":{"scalerank":0,"featurecla":"Bathymetry","depth":6000}},
{"type":"Feature","geometry":{"type":"Polygon","coordinates":[[[-173.23,44.48],[-173.12,44.72],[-173.32,44.95],[-173.23,44.48]]]},"properties":{"scalerank":0,"featurecla":"Bathymetry","depth":6000}},
{"type":"Feature","geometry":{"type":"Polygon","coordinates":[[[-170.99,45.38],[-170.99,45.59],[-171.1,45.54],[-170.99,45.38]]]},"properties":{"scalerank":0,"featurecla":"Bathymetry","depth":6000}},
{"type":"Feature","geometry":{"type":"Polygon","coordinates":[[[167.13,45.65],[166.73,45.67],[166.97,45.58],[167.13,45.65]]]},"properties":{"scalerank":0,"featurecla":"Bathymetry","depth":6000}},
{"type":"Feature","geometry":{"type":"Polygon","coordinates":[[[171.15,45.31],[171.17,45.62],[170.9,45.67],[170.64,45.57],[170.62,45.44],[170.95,45.31],[171.15,45.31]]]},"properties":{"scalerank":0,"featurecla":"Bathymetry","depth":6000}},
{"type":"Feature","geometry":{"type":"Polygon","coordinates":[[[165.91,45.75],[165.66,45.79],[165.18,45.75],[165.22,45.7],[165.43,45.73],[165.7,45.72],[165.89,45.65],[165.91,45.75]]]},"properties":{"scalerank":0,"featurecla":"Bathymetry","depth":6000}},
{"type":"Feature","geometry":{"type":"Polygon","coordinates":[[[164.75,45.66],[164.58,45.6],[164.52,45.23],[164.86,45.33],[164.75,45.66]]]},"properties":{"scalerank":0,"featurecla":"Bathymetry","depth":6000}},
{"type":"Feature","geometry":{"type":"Polygon","coordinates":[[[164.93,46.82],[164.78,47.04],[164.64,46.97],[164.93,46.82]]]},"properties":{"scalerank":0,"featurecla":"Bathymetry","depth":6000}},
{"type":"Feature","geometry":{"type":"Polygon","coordinates":[[[177.7,47.32],[177.7,47.23],[177.8,47.2],[178.06,47.28],[177.77,47.28],[177.7,47.32]]]},"properties":{"scalerank":0,"featurecla":"Bathymetry","depth":6000}},
{"type":"Feature","geometry":{"type":"Polygon","coordinates":[[[172.22,46.83],[172.29,46.98],[171.96,47.21],[171.88,47.34],[171.72,47.3],[172.06,47.03],[172.22,46.83]]]},"properties":{"scalerank":0,"featurecla":"Bathymetry","depth":6000}},
{"type":"Feature","geometry":{"type":"Polygon","coordinates":[[[163.83,47.73],[163.73,47.64],[163.78,47.5],[163.87,47.5],[163.83,47.73]]]},"properties":{"scalerank":0,"featurecla":"Bathymetry","depth":6000}},
{"type":"Feature","geometry":{"type":"Polygon","coordinates":[[[166.97,47.62],[166.98,47.67],[166.71,47.87],[166.87,47.64],[166.97,47.62]]]},"properties":{"scalerank":0,"featurecla":"Bathymetry","depth":6000}},
{"type":"Feature","geometry":{"type":"Polygon","coordinates":[[[171.39,47.98],[171.45,48.15],[171.26,48.17],[171.39,47.98]]]},"properties":{"scalerank":0,"featurecla":"Bathymetry","depth":6000}},
{"type":"Feature","geometry":{"type":"Polygon","coordinates":[[[162.38,52.73],[162.84,52.91],[163.13,53.24],[163.12,53.51],[162.99,53.8],[162.53,53.54],[162.12,53.06],[162.12,52.91],[161.91,52.66],[161.69,52.62],[161.5,52.29],[161.06,52.03],[160.92,51.86],[160.13,51.26],[160.03,51.07],[159.27,50.53],[158.81,50.04],[158.06,49.61],[157.87,49.43],[157.15,49.09],[156.93,49.04],[156.86,48.86],[156.58,48.58],[156.33,48.54],[156.3,48.35],[156.08,48.11],[154.51,46.85],[154.26,46.77],[154.06,46.55],[153.85,46.53],[153.75,46.28],[153.38,46.2],[152.87,45.93],[152.85,45.7],[152.61,45.7],[152.39,45.48],[151.43,45.08],[151.19,44.88],[150.84,44.71],[150.46,44.62],[149.3,43.9],[149.04,43.82],[148.58,43.44],[148.38,43.41],[148.01,43.18],[147.92,43.01],[147.7,42.98],[147.49,42.8],[147.55,42.52],[147.13,42.48],[147.05,42.34],[146.76,42.31],[146.78,42.16],[146.3,42.02],[145.92,41.76],[145.31,41.53],[145.22,41.39],[144.8,41.27],[144.67,40.99],[144.5,40.97],[144.3,40.69],[144.31,40.39],[144.1,38.97],[143.94,38.77],[143.93,38.26],[143.74,37.68],[143.04,36.89],[142.85,36.51],[142.73,36.38],[142.58,36],[142.77,36],[142.91,35.82],[142.78,35.65],[142.43,35.71],[142.25,35.59],[142.03,35.28],[142.02,34.98],[141.9,34.76],[141.73,34.65],[141.17,34.49],[141.31,34.1],[141.51,33.85],[141.52,33.64],[141.71,33.37],[141.62,33.05],[141.7,32.78],[141.85,32.63],[141.67,32.41],[141.77,31.85],[141.77,31.53],[141.96,31.28],[142.03,30.98],[141.98,30.7],[142.34,30.35],[142.36,29.63],[142.99,28.32],[143.14,28.12],[143.04,27.67],[143.06,27.17],[143.38,26.63],[143.83,27.05],[143.78,27.4],[144.06,27.48],[144.26,27.69],[144.3,28.12],[144.07,28.41],[143.99,28.67],[143.79,28.82],[143.56,29.15],[143.19,29.95],[143.18,30.22],[143.09,30.46],[142.89,30.67],[143.03,30.81],[142.99,31.18],[142.88,31.65],[142.75,32.98],[142.63,33.57],[142.67,33.84],[142.49,34.08],[142.44,34.35],[142.61,34.97],[142.91,35.34],[143.29,35.61],[143.36,35.73],[143.3,36.05],[143.4,36.21],[143.62,36.27],[143.98,36.65],[144.11,37.13],[144.45,37.39],[144.31,37.63],[144.4,37.82],[144.36,38.25],[144.68,38.99],[144.67,39.46],[144.74,39.62],[144.74,40.01],[145,40.58],[145.42,41.03],[145.75,41.21],[145.77,41.36],[145.97,41.5],[146.26,41.55],[146.42,41.66],[147.74,42.22],[147.75,42.33],[148.12,42.34],[149.57,43.24],[150.03,43.37],[150.23,43.53],[150.61,43.65],[150.82,43.63],[151.06,43.85],[151.82,44.18],[152.13,44.36],[152.31,44.37],[152.93,44.78],[152.97,44.93],[153.41,45.12],[154.07,45.61],[154.4,45.98],[154.44,46.13],[154.82,46.54],[155.52,47.04],[155.52,47.2],[156.14,47.67],[158.28,49.1],[158.62,49.23],[158.81,49.56],[159.1,49.78],[159.66,49.89],[159.73,50.23],[160.22,50.81],[160.6,51.06],[160.78,51.08],[160.82,51.32],[161.06,51.39],[161.4,51.72],[161.57,51.79],[162.03,52.17],[162.09,52.43],[162.38,52.73]],[[144.84,40.78],[144.79,41.03],[145.1,41.08],[145.27,40.92],[145.01,40.78],[144.84,40.78]]]},"properties":{"scalerank":0,"featurecla":"Bathymetry","depth":6000}},
{"type":"Feature","geometry":{"type":"Polygon","coordinates":[[[165.46,54.98],[165.29,54.79],[165.6,54.6],[165.72,54.43],[166.06,54.24],[166.45,54.13],[167.3,53.65],[167.73,53.54],[167.9,53.71],[167.54,53.81],[167.33,53.98],[166.75,54.14],[166.55,54.33],[166.24,54.35],[165.82,54.57],[165.87,54.79],[165.46,54.98]]]},"properties":{"scalerank":0,"featurecla":"Bathymetry","depth":6000}}
]}