{"type":"FeatureCollection", "features": [
{"type":"Feature","geometry":{"type":"Polygon","coordinates":[[[180,24.99],[179.06,25.19],[177.19,25.59],[175.31,25.98],[173.44,26.38],[171.56,26.78],[170.92,28.05],[170.28,29.31],[169.85,30.15],[167.91,30],[165.96,29.85],[164.01,29.7],[162.06,29.55],[160.11,29.4],[158.17,29.25],[156.22,29.09],[154.27,28.94],[152.32,28.79],[150.67,29.44],[149.02,30.09],[147.1,29.64],[145.18,29.2],[144.23,28.97],[142.79,28.64],[142.87,28.27],[143,28],[142.97,27.65],[142.98,27.11],[143.34,26.5],[143.64,26.74],[143.89,26.78],[144.89,26.71],[144.99,26.59],[145.22,26.52],[145.68,26.48],[145.82,26.28],[146.04,26.16],[146.22,25.95],[146.52,25.9],[146.83,26.04],[147.01,26.23],[147.34,25.96],[147.75,26.05],[147.95,26.25],[148.14,26.29],[148.24,26.16],[148.16,25.98],[149.12,25.88],[149.11,25.72],[148.69,25.64],[148.29,25.62],[147.62,25.43],[147.46,25.54],[147.38,25.18],[147.35,24.62],[147.18,24.56],[146.97,24.89],[147.07,25.18],[147.1,25.51],[147,25.58],[146.16,25.68],[145.99,25.61],[145.37,25.72],[145.08,25.69],[144.96,25.82],[144.7,25.76],[144.72,25.6],[144.97,25.09],[144.96,24.94],[144.78,24.69],[144.61,24.68],[144.65,24.46],[144.79,24.22],[144.51,24.17],[144.36,23.94],[144.16,24.05],[143.98,24.26],[144.1,24.38],[144,24.67],[143.71,24.75],[143.51,25.06],[143.26,25.26],[143.16,24.72],[143.35,24.34],[143.23,24.07],[143.35,23.86],[143.61,23.58],[143.78,23.58],[143.91,23.44],[144.17,23.38],[144.5,23.15],[144.55,22.83],[144.82,22.61],[145.18,22.58],[145.29,22.47],[145.34,22.19],[145.66,21.91],[145.68,21.58],[145.85,21.26],[146.19,21.33],[146.11,21.58],[146.31,21.57],[146.58,21.36],[146.56,21.2],[146.74,21.1],[147.02,20.51],[147.55,20.64],[147.67,20.96],[147.81,21.08],[147.75,21.37],[147.87,21.46],[148.36,21.42],[148.48,21.23],[148.41,20.87],[148.81,20.94],[148.91,20.75],[149.65,20.83],[149.95,20.78],[150.12,21.05],[150.12,21.31],[150.42,21.31],[150.47,21.19],[150.39,20.67],[150.98,20.47],[150.81,20.21],[150.91,19.85],[151.11,19.74],[151.14,19.59],[150.88,19.44],[150.79,19.06],[150.68,19.01],[150.49,19.21],[150.45,19.4],[150.15,19.35],[150.03,19.59],[149.64,19.95],[149.48,19.69],[149.56,19.38],[149.39,19.27],[149.11,19.34],[148.85,19.23],[148.24,19.87],[148.29,20.15],[147.99,20.04],[147.81,20.06],[147.61,20.31],[147.2,20.34],[147.31,19.83],[147.49,19.51],[147.53,19.27],[147.46,19.05],[147.67,18.64],[147.98,18.65],[148.08,18.53],[148,18.36],[147.71,18.46],[147.58,18.24],[147.67,18.01],[147.54,17.72],[147.55,17.56],[147.75,17.25],[147.45,17.01],[147.34,16.78],[147.54,16.74],[147.78,16.31],[147.74,16.01],[147.49,15.62],[147.4,15.29],[147.23,15.26],[146.89,15.52],[146.88,15.62],[147.1,15.81],[146.97,16.11],[146.86,15.91],[146.72,15.87],[146.71,15.38],[147.07,15.07],[146.86,14.78],[146.63,14.26],[146.27,14.2],[146.4,14.02],[146.38,13.86],[146.21,13.8],[145.99,13.51],[145.99,13.36],[145.61,13.01],[145.19,12.86],[145.01,12.9],[144.84,12.7],[144.69,12.69],[144.66,12.45],[144.33,12.32],[144.18,12.37],[144.04,12.15],[143.8,12.13],[143.73,11.86],[143.46,11.74],[143.1,11.65],[142.85,11.65],[142.55,11.74],[142.37,11.66],[142.06,11.83],[141.8,11.72],[141.5,11.52],[140.77,10.95],[140.57,10.87],[140.26,10.88],[139.85,10.98],[139.63,11.16],[139.4,11.14],[139.1,11.3],[139.13,11.59],[138.91,11.76],[138.83,11.48],[138.82,10.98],[138.6,10.71],[138.5,10.3],[138.52,10.08],[138.43,9.82],[138.44,9.53],[138.21,8.96],[137.82,8.61],[137.74,8.33],[137.48,7.86],[137.11,7.54],[136.72,7.38],[136.49,7.35],[136.03,7.38],[136,7.27],[136.37,7.06],[136.67,7.17],[136.84,7.11],[136.99,7.22],[137.3,7.27],[137.52,7.46],[137.92,7.95],[137.99,8.23],[138.35,8.7],[138.34,9.06],[138.67,9.38],[138.7,9.65],[138.79,9.86],[138.82,10.29],[138.89,10.42],[138.89,10.8],[139.07,11.03],[139.19,11.01],[139.33,10.51],[139.73,10.75],[139.96,10.94],[140.23,10.83],[140.47,10.85],[140.84,10.78],[140.99,10.68],[141.38,10.7],[141.55,10.78],[141.96,10.8],[142.21,10.75],[142.51,10.61],[142.83,10.52],[143.14,10.51],[143.52,10.74],[143.7,10.73],[143.92,10.86],[143.86,11.01],[144.15,11.37],[144.49,11.49],[144.91,11.53],[145.17,11.43],[145.34,11.45],[145.5,11.29],[145.67,11.57],[146.04,11.27],[146.17,11.24],[146.31,11.03],[146.44,11],[146.54,11.26],[146.83,11.45],[146.75,11.74],[147.14,11.74],[147.34,11.54],[147.1,11.35],[147.01,11.13],[146.57,10.9],[146.5,10.76],[146.6,10.53],[146.41,10.5],[145.99,10.94],[145.89,10.79],[145.99,10.44],[146.18,10.43],[146.14,10.18],[146.3,9.92],[146.46,9.83],[146.7,9.89],[146.78,10.07],[146.95,10.12],[147.08,10.36],[146.95,10.55],[146.72,10.41],[146.64,10.52],[146.78,10.85],[147.3,10.71],[147.65,10.42],[147.83,10.16],[148.06,10.25],[148.27,10.42],[148.57,10.48],[148.77,10.47],[148.97,10.32],[148.84,10.01],[148.87,9.44],[148.98,9.53],[149.21,9.43],[149.36,9.58],[150,9.66],[150.43,9.41],[150.63,9.39],[150.89,9.15],[150.92,8.96],[151.07,8.74],[151.19,9.13],[151.52,9.4],[151.68,9.43],[151.91,9.6],[152.49,9.37],[152.79,9.29],[152.94,9.19],[153.28,8.62],[153.26,8.5],[153.48,8.18],[153.53,7.99],[153.82,8.02],[153.94,8.26],[154.17,8.43],[154.47,8.51],[154.75,8.33],[154.91,8.39],[154.91,8.56],[155.2,8.7],[155.5,8.62],[155.72,8.39],[155.88,8.42],[156.09,8.2],[156.2,8.19],[156.41,7.99],[156.69,8.03],[156.62,8.33],[157.25,8.57],[157.05,8.7],[157.05,8.85],[157.24,8.95],[157.64,8.91],[157.84,8.94],[158.25,8.68],[158.46,8.63],[158.63,8.5],[158.96,8.48],[159,8.67],[158.88,8.82],[158.94,8.98],[159.24,9.09],[159.18,8.84],[159.21,8.43],[159.33,8.25],[159.52,8.26],[159.91,8.45],[160.05,8.2],[160.32,8.24],[160.3,8.42],[160.51,8.67],[160.74,8.74],[160.63,9.13],[160.62,9.37],[160.29,9.36],[160.03,9.57],[159.98,9.77],[159.7,10.03],[159.94,10.37],[159.87,10.57],[160.04,10.8],[160.13,11.03],[160.02,11.24],[160.15,11.4],[160.34,11.35],[160.46,11.09],[160.62,10.97],[160.79,11.01],[160.93,11.34],[160.96,11.6],[161.26,11.76],[161.23,12.17],[161.14,12.41],[161.23,12.62],[161.44,12.59],[161.66,12.3],[161.7,12.03],[161.92,11.96],[162.04,12.08],[162.13,12.33],[162.27,12.41],[162.47,12.32],[162.47,12.01],[162.7,11.63],[162.79,11.85],[163.01,11.88],[163.3,11.8],[163.38,11.41],[163.25,11.26],[163.34,11.06],[163.67,11.36],[164.07,11.53],[164.09,11.64],[163.94,11.91],[164.02,12.21],[164.15,12.45],[164.38,12.55],[164.44,12.7],[164.3,13.01],[164.33,13.27],[164.2,13.32],[163.87,13.2],[163.61,13.2],[163.44,13.44],[162.86,13.79],[162.82,13.93],[162.95,14.21],[163.53,14.42],[163.79,14.4],[163.95,14.27],[164.18,14.23],[164.42,14.34],[164.53,14.19],[164.32,13.98],[164.41,13.87],[164.73,13.89],[164.84,13.74],[164.79,13.59],[164.77,13.06],[164.91,12.87],[164.93,12.67],[165.05,12.54],[165.33,12.53],[165.35,12.72],[165.67,12.67],[165.57,12.96],[165.96,13.19],[166.23,13.23],[166.27,13.09],[166.55,13.13],[166.75,12.86],[167.03,13.05],[167.14,12.94],[167.11,12.74],[167.42,12.59],[167.59,12.74],[167.76,12.71],[167.8,12.43],[168.02,12.28],[168.17,11.95],[168.32,12.08],[168.42,12.33],[168.14,12.41],[167.98,12.61],[168.02,12.82],[168.31,12.8],[168.48,12.62],[169.02,12.78],[169.19,12.7],[169.34,12.91],[169.27,13.14],[169.46,13.34],[169.66,13.3],[169.68,13.03],[169.91,12.62],[170.14,12.75],[170.41,12.79],[170.42,12.41],[170.57,12.35],[170.65,12.12],[170.49,12],[170.35,11.76],[170.1,11.74],[169.63,12.02],[169.57,12.21],[169.66,12.35],[169.38,12.43],[169.44,12],[169.63,11.81],[169.88,11.8],[170.42,11.52],[170.4,11.35],[170.73,11.29],[170.79,11.58],[171,11.61],[171.08,11.81],[171.49,11.8],[171.6,11.95],[171.94,11.93],[172.09,11.82],[172.06,11.61],[172.11,11.38],[171.96,11.38],[171.84,11.23],[171.97,11.08],[172.03,10.84],[172.18,10.77],[172.21,10.45],[172.08,10.09],[172.28,10],[172.35,9.82],[172.66,9.76],[172.85,9.56],[172.9,9.38],[173.11,9.09],[173.13,8.8],[173.02,8.62],[173.04,8.47],[172.96,8.08],[172.69,8.04],[172.66,7.61],[172.82,7.46],[172.97,7.46],[173.06,7.2],[173.38,6.89],[173.83,6.74],[173.92,6.61],[173.84,6.33],[173.88,6.1],[173.76,5.81],[173.69,5.38],[173.43,5.18],[173.49,4.85],[173.7,4.74],[173.8,4.97],[174.12,4.62],[174.11,4.24],[174.3,4.06],[174.24,3.94],[174.46,3.73],[174.18,3.67],[174.23,3.46],[174.53,3.55],[174.6,3.45],[174.51,3.08],[174.68,3.14],[174.89,3.07],[174.92,3.46],[174.82,3.61],[174.98,3.84],[175.3,3.98],[175.44,3.72],[175.42,3.51],[175.83,3.14],[175.76,2.78],[175.98,2.73],[175.86,3.45],[175.9,3.6],[176.18,3.65],[176.25,3.77],[176.1,4.03],[176.11,4.22],[175.93,4.47],[175.87,4.67],[175.96,4.91],[175.91,5.48],[175.97,5.63],[175.81,5.72],[175.69,6.07],[175.46,6.34],[175.23,6.47],[175.27,6.63],[175.51,6.75],[175.49,6.96],[175.71,6.96],[175.66,6.74],[175.88,6.57],[175.91,6.85],[176.02,7.3],[176.32,7.51],[176.45,7.38],[176.28,7.23],[176.18,7.02],[176.23,6.91],[176.09,6.58],[176.25,5.77],[176.52,5.6],[176.51,5.48],[176.31,5.24],[176.37,5.03],[176.26,4.8],[176.49,4.78],[176.63,4.65],[176.5,4.52],[176.35,4.54],[176.33,4.23],[176.48,4.04],[176.52,3.78],[176.76,3.4],[176.83,2.9],[176.63,2.8],[176.45,3],[176.35,3.37],[176.19,3.3],[176.27,2.97],[176.39,2.81],[176.41,2.57],[176.51,2.43],[176.56,2.11],[176.66,1.92],[176.71,1.56],[176.88,1.36],[177.07,1.35],[177.12,1.19],[176.98,1],[177.12,0.6],[176.88,0.59],[176.78,1.01],[176.5,1.42],[176.45,1.65],[176.26,1.75],[176.26,1.99],[176.14,2.14],[176.06,2.5],[175.94,2.34],[175.77,2.35],[175.58,2.64],[175.36,2.85],[175.26,2.64],[175.02,2.54],[175.03,2.23],[175.18,2.03],[175.26,1.67],[175.52,1.68],[175.61,1.54],[175.84,1.76],[176,1.78],[176.19,1.68],[176.31,1.34],[176.12,1.07],[175.92,0.92],[175.7,0.93],[175.59,0.8],[175.69,0.49],[175.91,0.41],[175.91,-0.24],[175.76,-0.41],[175.45,-0.54],[175.73,-0.75],[175.79,-0.87],[176.41,-0.87],[176.81,-1.3],[176.85,-1.63],[176.72,-1.81],[176.38,-1.7],[176.38,-1.88],[176.52,-2.14],[176.86,-2.06],[177.14,-2.33],[177.12,-2.54],[177.21,-2.88],[177,-3.55],[176.83,-3.4],[176.76,-2.96],[176.43,-2.95],[176.18,-2.78],[176.02,-2.86],[175.91,-3.07],[175.62,-3.09],[175.67,-2.88],[175.6,-2.72],[175.21,-2.67],[175.1,-2.86],[174.87,-2.9],[174.96,-3.1],[174.92,-3.25],[174.66,-3.26],[174.81,-3.66],[174.66,-3.74],[174.52,-4.1],[174.37,-4.1],[173.93,-4.37],[173.91,-4.55],[174.06,-4.87],[173.85,-5.04],[173.54,-4.9],[173.47,-5.33],[173.26,-5.26],[173.02,-5.37],[172.85,-5.59],[172.28,-5.82],[172.03,-6.05],[172.39,-6.06],[172.35,-6.2],[172.13,-6.24],[171.82,-6.41],[171.5,-6.43],[171.22,-6.53],[171.14,-6.72],[171.34,-6.86],[171.68,-6.92],[171.9,-6.85],[172.03,-7],[171.46,-7.15],[171.21,-7.07],[171.14,-7.22],[170.92,-7.13],[170.7,-7.26],[170.22,-7.25],[170.15,-7.43],[169.99,-7.54],[169.91,-7.77],[170.21,-7.87],[170.33,-8.03],[170.45,-8.33],[170.32,-8.55],[170.33,-8.81],[170.53,-8.65],[170.63,-8.43],[170.82,-8.31],[170.92,-7.95],[171.16,-7.94],[171.23,-8.12],[171.1,-8.21],[171.04,-8.42],[170.81,-8.61],[170.86,-8.81],[171.01,-8.95],[171.27,-8.95],[171.43,-8.74],[171.74,-8.92],[171.62,-9.06],[171.57,-9.28],[171.68,-9.51],[171.94,-9.63],[172.15,-9.61],[172.28,-9.74],[172.49,-9.64],[172.63,-9.41],[172.85,-9.46],[172.85,-9.6],[173.05,-9.62],[172.96,-9.95],[173.35,-10.08],[173.5,-10.05],[173.61,-10.33],[173.75,-10.27],[173.83,-10.03],[174.02,-10.17],[174.05,-10.38],[174.26,-10.5],[174.31,-10.23],[174.44,-10.14],[174.57,-10.4],[174.67,-10.41],[174.92,-10.21],[175,-9.83],[175.32,-9.94],[175.42,-10.25],[175.58,-10.28],[176.34,-10.3],[176.59,-10.25],[176.71,-10.38],[177.33,-10.16],[177.45,-9.95],[177.22,-9.82],[176.96,-9.51],[176.83,-9.69],[176.83,-9.86],[176.6,-9.95],[176.34,-9.84],[175.96,-9.74],[176,-9.45],[176.2,-9.36],[176.11,-9.2],[176.43,-9.12],[177.04,-9.38],[177.25,-9.25],[176.97,-8.96],[176.7,-8.96],[176.1,-9.15],[175.92,-8.78],[175.68,-8.59],[175.86,-8.45],[176.16,-8.63],[176.25,-8.54],[175.95,-8.25],[175.9,-7.95],[176.06,-7.92],[176.21,-8.18],[176.37,-8.26],[176.56,-8.77],[176.75,-8.79],[177.05,-8.55],[176.86,-8.51],[176.92,-8.07],[176.78,-7.91],[176.73,-7.5],[176.54,-7.25],[176.25,-7.37],[176.09,-7.13],[176.53,-6.8],[176.53,-6.57],[176.11,-6.48],[176.05,-6.3],[176.11,-6.09],[176.06,-5.9],[175.66,-5.77],[175.52,-5.61],[175.58,-5.42],[175.83,-5.43],[176.05,-5.35],[176.29,-5.45],[176.3,-5.18],[176.53,-5.04],[176.42,-4.74],[176.09,-4.58],[175.83,-4.36],[175.61,-4.37],[175.4,-4.24],[175.42,-4.03],[175.29,-3.74],[175.3,-3.38],[175.21,-3.2],[175.39,-3.03],[175.54,-3.14],[175.49,-3.37],[175.63,-3.58],[175.87,-3.7],[176.09,-3.65],[176.18,-3.91],[176.11,-4.06],[176.18,-4.22],[176.4,-4.29],[176.57,-4.18],[176.73,-4.22],[176.88,-4.53],[176.76,-4.85],[176.85,-5.28],[176.46,-5.55],[176.39,-5.68],[176.58,-6.02],[176.57,-6.24],[176.78,-6.19],[176.99,-6.39],[176.99,-6.71],[176.77,-6.81],[176.71,-6.98],[176.93,-7.01],[177.05,-6.9],[177.34,-6.89],[177.43,-6.98],[177.38,-7.21],[177.69,-7.23],[177.86,-7.4],[178.1,-7.41],[178.22,-7.21],[178.06,-7.13],[178.17,-6.8],[178.5,-6.88],[178.66,-7.01],[179.16,-7.03],[179.11,-6.77],[179.45,-6.79],[179.66,-6.98],[179.86,-6.95],[180,-6.72],[180,-6.46],[179.67,-6.25],[179.55,-6.08],[179.53,-5.79],[179.33,-5.63],[179.33,-5.44],[179.16,-5.19],[179.26,-5.04],[179.43,-5.09],[179.66,-5.38],[179.83,-5.4],[179.85,-5.76],[180,-6.02],[180,-5.56],[180,-5.09],[180,-4.62],[180,-4.15],[180,-3.69],[180,-3.22],[180,-2.75],[180,-2.28],[180,-1.8],[180,-1.32],[180,-0.84],[180,-0.36],[180,0.13],[180,0.61],[180,1.09],[180,1.57],[180,2.05],[180,2.53],[180,3.01],[180,3.35],[180,3.68],[180,4.15],[180,4.63],[180,5.11],[180,5.59],[180,6.07],[180,6.54],[180,7.02],[180,7.5],[180,7.98],[180,8.46],[180,8.93],[180,9.41],[180,9.89],[180,10.37],[180,10.84],[180,11.32],[180,11.8],[179.98,11.72],[180,11.8],[180,12.19],[180,12.41],[180,12.82],[179.8,12.95],[179.74,13.15],[179.94,13.18],[180,13.06],[180,13.47],[180,13.89],[180,14.31],[180,14.73],[179.88,14.45],[179.45,14.15],[179.36,14.37],[179.55,14.52],[179.59,14.69],[179.75,14.84],[179.96,14.81],[180,14.73],[180,15.16],[180,15.6],[180,16.03],[180,16.2],[180,16.46],[180,16.94],[179.94,16.75],[179.74,16.73],[179.73,16.47],[179.53,16.48],[179.54,16.24],[179.35,16.17],[179.21,15.99],[178.99,16.19],[178.94,15.91],[179.05,15.67],[178.87,15.59],[178.78,15.98],[178.8,16.2],[178.48,16.18],[178.34,15.98],[178.46,15.72],[178.36,15.38],[178.61,15.49],[178.69,15.4],[178.67,15.07],[178.81,14.78],[178.31,14.94],[178.34,14.73],[177.95,14.37],[177.33,14.47],[177.15,14.4],[177.12,14.21],[176.9,13.99],[176.71,14],[176.45,13.66],[175.94,13.42],[175.85,12.98],[175.89,12.82],[175.74,12.65],[175.57,12.68],[175.49,12.88],[175.56,13],[175.43,13.14],[175.3,13.49],[175.13,13.75],[175.14,13.97],[175.32,14.14],[175.15,14.33],[174.88,14.15],[174.7,14.28],[174.53,14.1],[174.31,14.22],[174.34,14.66],[174.56,14.8],[174.51,14.97],[174.72,15.02],[175.03,14.95],[175.12,14.63],[175.45,14.76],[175.39,15.02],[175.26,15.14],[175.21,15.5],[175.11,15.63],[174.79,15.82],[174.58,16.15],[174.49,16.38],[174.5,16.66],[174.62,16.99],[174.37,16.94],[174.2,16.98],[174.04,16.79],[173.9,16.77],[173.85,16.98],[173.66,17.11],[173.49,17.34],[173.3,17.19],[173.11,17.21],[172.96,17.08],[172.73,17.04],[172.43,17.11],[172.2,16.97],[172.03,17.05],[171.8,17.31],[171.6,17.28],[171.77,16.82],[171.73,16.49],[171.46,16.51],[171.28,16.38],[171.24,16.71],[171.35,16.9],[171.02,17.18],[170.46,17.57],[170.25,17.61],[170.11,17.49],[169.95,17.58],[169.63,17.54],[169.6,17.74],[169.89,17.89],[170.06,17.78],[170.34,17.87],[170.12,18.04],[169.88,18],[169.87,18.24],[170.13,18.34],[169.93,18.62],[169.93,18.81],[170.09,19.15],[170.11,19.34],[170.32,19.66],[170.15,19.93],[170.27,20.06],[170.54,19.74],[170.57,19.25],[170.8,19.09],[170.92,19.37],[170.78,19.59],[170.96,19.7],[171.46,19.51],[171.67,19.73],[171.71,19.89],[171.56,20.23],[171.7,20.45],[172.06,20.5],[172.45,20.73],[172.48,20.49],[172.34,20.39],[172.25,19.95],[172.33,19.36],[172.46,19.46],[172.54,19.85],[172.79,20.2],[173.03,20.34],[172.81,20.73],[172.64,20.61],[172.5,20.85],[172.56,21.02],[172.76,21.13],[172.97,21.1],[173.18,21.58],[173.05,21.78],[172.84,21.82],[172.78,22.02],[172.86,22.15],[172.86,22.4],[173.07,22.44],[173.37,22.82],[173.58,22.92],[173.52,22.44],[173.78,22.46],[173.86,22.66],[174.07,22.68],[174.34,23.24],[174.49,23.31],[174.6,23.13],[174.3,22.64],[174.09,22.62],[174.1,22.46],[173.85,22.29],[173.78,22.06],[173.88,21.92],[173.78,21.77],[173.45,21.7],[173.25,21.47],[173.55,21.4],[173.79,21.62],[173.99,21.72],[174.02,21.91],[174.16,22.09],[174.39,22.1],[174.42,22.29],[174.67,22.48],[174.73,22.63],[175.07,22.7],[175.06,22.86],[175.19,23.01],[175.7,23.24],[175.93,23.28],[175.91,23.56],[175.97,23.81],[176.14,23.78],[176.17,23.27],[175.93,22.97],[176.02,22.7],[175.77,22.6],[176,22.4],[176.05,22.25],[176.53,21.99],[176.81,22.11],[176.9,22.24],[177.36,22.31],[178.16,22.32],[178.46,22.4],[178.76,22.35],[178.9,22.44],[179.41,22.59],[179.43,22.38],[179.71,22.39],[179.95,22.52],[180,22.35],[180,22.79],[180,23.23],[180,23.67],[180,24.11],[180,24.55],[180,24.99]],[[165.76,25.04],[165.6,24.71],[165.46,24.94],[165.76,25.04]],[[167.64,24.74],[167.73,24.57],[167.56,24.48],[167.48,24.7],[167.64,24.74]],[[174.96,24.5],[175.1,24.63],[175.27,24.63],[175.22,24.28],[175.09,24.08],[175.15,23.9],[174.87,23.9],[174.89,24.29],[174.96,24.5]],[[174.72,23.96],[174.91,23.73],[174.96,23.51],[174.64,23.29],[174.55,23.34],[174.53,23.87],[174.72,23.96]],[[175.42,23.3],[175.37,23.49],[175.61,23.52],[175.61,23.33],[175.42,23.3]],[[163.36,19.49],[163.56,19.4],[163.53,19.23],[163.17,18.94],[162.73,18.95],[162.44,19.07],[162.18,18.82],[162.35,18.52],[162.07,18.46],[161.97,18.57],[162.01,18.83],[161.74,18.82],[161.61,19.02],[161.81,19.16],[161.78,19.39],[161.64,19.53],[161.66,19.76],[161.54,20.02],[161.64,20.26],[161.94,20.33],[162.2,19.94],[162.44,19.92],[162.54,20.01],[162.46,20.25],[162.67,20.45],[162.6,20.65],[162.69,20.95],[162.52,21.11],[162.54,21.37],[162.74,21.5],[162.72,21.67],[162.41,21.72],[162.27,21.34],[161.9,21.05],[161.71,21.21],[161.71,21.36],[161.55,21.6],[161.67,21.85],[161.24,22.07],[161.21,22.44],[161.41,22.63],[161.6,22.62],[161.91,22.4],[161.91,21.99],[162.06,22.04],[161.92,22.31],[162,22.47],[162.24,22.6],[161.97,23.04],[162.05,23.41],[162,23.64],[162.04,23.95],[162.27,24.05],[162.53,23.86],[162.6,23.69],[162.89,23.84],[162.95,23.42],[163.18,22.95],[162.94,22.83],[162.82,22.66],[162.61,22.69],[162.49,22.5],[162.65,22.32],[162.98,22.19],[163.17,22.25],[163.27,22.03],[163.47,21.97],[163.49,21.59],[163.71,21.25],[163.68,21.08],[163.72,20.74],[164.09,20.96],[164.23,20.96],[164.3,20.69],[164.16,20.51],[164.3,20.16],[164.08,20.04],[163.92,20.28],[163.7,20.17],[163.87,19.94],[163.63,19.8],[163.4,19.76],[163.36,19.49]],[[164.34,19.24],[164.54,19.47],[164.48,19.79],[164.63,19.92],[164.94,19.84],[165.22,19.49],[165.38,19.15],[165.22,18.89],[165.54,18.5],[165.73,18.7],[165.87,18.73],[166.06,18.58],[166.41,18.44],[166.51,18.72],[166.73,18.84],[166.42,19.06],[166.37,19.21],[166.43,19.56],[166.84,19.91],[167.05,19.89],[167.23,19.71],[167.86,19.61],[167.97,19.45],[168.04,19.07],[168.25,19.02],[168.2,18.86],[167.76,18.95],[168,18.67],[168,18.41],[167.89,18.28],[168.09,18.07],[168.26,18.05],[168.4,17.9],[168.15,17.74],[167.4,17.74],[167.22,17.87],[166.95,17.73],[166.87,17.51],[166.68,17.45],[166.45,17.62],[166.56,17.83],[166.76,17.98],[166.7,18.24],[166.54,18.26],[166.33,18.09],[166.11,18.14],[165.55,18.15],[165.46,18.3],[165.29,18.19],[165.02,18.14],[164.78,18.34],[164.79,18.49],[164.65,18.76],[164.42,18.9],[164.34,19.24]],[[165.79,19.27],[165.67,19.53],[165.85,19.68],[166.09,19.48],[165.98,19.27],[165.79,19.27]],[[168.39,18.27],[168.67,18.42],[168.93,18.35],[168.96,18.08],[169.07,17.87],[168.94,17.64],[168.68,17.7],[168.74,17.9],[168.52,17.96],[168.39,18.27]],[[167.4,17.4],[167.6,17.27],[167.61,17.14],[167.48,16.78],[167.63,16.51],[167.45,16.19],[167.1,16.2],[166.85,16.42],[166.95,16.88],[167.07,17.07],[167.13,17.35],[167.4,17.4]],[[168.34,16.87],[168.19,16.95],[168.14,17.13],[168.47,17.19],[168.55,17.03],[168.34,16.87]],[[172.02,16.27],[172.05,16.56],[172.18,16.65],[172.48,16.58],[172.55,16.33],[172.74,16.22],[173,15.91],[173.02,15.72],[172.68,15.55],[172.68,15.43],[172.87,15.14],[172.77,15],[172.61,15.05],[172.34,15.38],[172.25,15.72],[172.42,15.91],[172.28,16.17],[172.02,16.27]],[[169.12,15.14],[169.24,15.09],[169.42,14.78],[169.37,14.55],[169.57,14.22],[169.22,13.93],[169.1,13.94],[168.79,14.18],[168.5,14.48],[168.52,14.76],[168.77,15.05],[169.12,15.14]],[[172.13,14.21],[172.41,14.15],[172.35,13.97],[172.11,14],[172.13,14.21]],[[173.51,13.95],[173.62,14.11],[173.88,14.02],[173.75,13.79],[173.51,13.95]],[[174.82,13.8],[175,13.77],[174.89,13.54],[174.76,13.6],[174.82,13.8]],[[172.03,13.6],[172.11,13.43],[172.54,12.93],[172.2,12.97],[172.08,13.09],[171.88,13.13],[171.63,13.28],[171.64,13.55],[171.79,13.51],[172.03,13.6]],[[171.07,12.97],[171.11,12.82],[170.9,12.73],[170.88,12.95],[171.07,12.97]],[[168.05,13.08],[167.95,12.85],[167.6,12.94],[167.37,13.12],[167.22,13.15],[167.02,13.37],[166.76,13.38],[166.74,13.58],[166.95,13.68],[166.94,13.94],[167.11,14.32],[167.1,14.53],[167.3,14.62],[167.84,14.39],[168.04,14.21],[168.24,13.87],[168.5,13.83],[168.44,13.68],[168.12,13.63],[168.2,13.48],[168.17,13.26],[168.05,13.08]],[[166.57,13.95],[166.44,14.09],[166.13,14.04],[165.82,14.06],[165.64,14.18],[165.55,14.39],[165.14,14.55],[164.98,14.68],[165.08,14.85],[165.37,14.84],[165.53,15.05],[165.87,15.01],[165.72,15.3],[165.6,15.32],[165.3,15.18],[164.92,15.25],[164.88,15.46],[165.12,15.41],[165.48,15.48],[165.86,15.64],[165.79,15.82],[166.18,15.75],[166.29,15.53],[166.59,15.41],[166.56,15.09],[166.77,15.08],[166.83,14.77],[166.63,14.71],[166.53,14.88],[166.35,14.96],[166.2,14.84],[166.35,14.49],[166.65,14.14],[166.57,13.95]],[[162.67,14.53],[162.62,14.42],[162.39,14.47],[162.42,14.67],[162.55,14.71],[162.67,14.53]],[[161.34,14.49],[161.69,14.05],[161.69,13.82],[161.56,13.68],[161.57,13.51],[161.87,13.49],[161.93,13.08],[161.54,12.96],[161.38,13.13],[161.18,13.1],[160.93,13.51],[160.98,13.73],[160.85,13.93],[160.87,14.13],[160.75,14.3],[160.71,14.52],[160.32,14.51],[160.19,14.68],[160.12,14.92],[160.2,15.38],[159.78,15.47],[159.69,15.61],[159.74,15.85],[159.85,15.97],[160.25,16.01],[160.52,15.85],[160.73,15.48],[160.94,15.62],[161.36,15.44],[161.28,15.27],[160.98,15.25],[161.04,14.89],[160.97,14.72],[161.21,14.66],[161.34,14.49]],[[161.97,14.14],[162.09,14.1],[162.06,13.86],[161.86,13.82],[161.79,14.01],[161.97,14.14]],[[162.76,13.44],[163.04,13.33],[163.08,13.13],[162.94,12.8],[162.77,12.58],[162.61,12.55],[162.48,12.68],[162.52,12.86],[162.41,13.15],[162.53,13.42],[162.76,13.44]],[[158.1,12.95],[158.08,12.72],[157.85,12.62],[157.69,12.7],[157.72,12.97],[157.87,13.03],[158.1,12.95]],[[157.23,13],[157.19,12.75],[156.84,12.55],[156.74,12.31],[156.51,12.03],[156.34,12.01],[156.21,12.14],[156.2,12.35],[156.41,12.96],[156.62,13.06],[156.85,13.25],[157,13.24],[157.23,13]],[[158.27,12.22],[158.31,12.39],[158.51,12.55],[158.74,12.57],[158.92,12.39],[158.89,12.25],[158.64,12.02],[158.27,12.22]],[[159.5,12.16],[159.24,12.26],[159.28,12.51],[159.52,12.54],[159.59,12.26],[159.5,12.16]],[[159.62,12],[159.71,12.16],[159.95,12.1],[160.03,11.93],[159.94,11.81],[159.74,11.78],[159.62,12]],[[157.85,11.79],[157.62,11.71],[157.55,11.84],[157.66,12.02],[157.85,11.79]],[[156.62,12],[156.83,11.87],[156.96,11.52],[156.95,11.33],[157.14,11.2],[157.16,11],[156.98,10.8],[157.01,10.67],[156.83,10.2],[156.58,10.18],[156.45,10.39],[156.53,10.56],[156.77,10.71],[156.43,11.11],[156.32,11.48],[156.43,11.92],[156.62,12]],[[159.15,11.43],[159.41,11.36],[159.41,11.22],[159.23,11.09],[159.01,11.27],[159.15,11.43]],[[148.16,10.5],[147.96,10.43],[147.83,10.52],[147.82,10.73],[148.09,10.87],[148.2,10.62],[148.16,10.5]],[[146.82,11.94],[146.54,11.92],[146.33,12.26],[146.49,12.42],[146.74,12.34],[146.91,12.4],[146.95,12.22],[146.82,11.94]],[[146.97,12.41],[146.9,12.67],[147.26,12.74],[147.77,13.25],[147.89,13.48],[148.24,13.17],[148.47,13.25],[148.56,13.08],[148.23,12.87],[148.15,12.57],[148.23,12.39],[148.08,12.22],[147.88,12.13],[147.52,12.07],[147.33,12.12],[147.27,12.5],[146.97,12.41]],[[147.32,13.49],[147.18,13.27],[146.98,13.35],[147.11,13.74],[147.31,13.73],[147.32,13.49]],[[148.26,13.64],[148.25,13.88],[148.37,14.14],[148.52,14.2],[148.69,14.07],[148.64,13.83],[148.53,13.72],[148.37,13.4],[148.21,13.45],[148.26,13.64]],[[148.1,14.13],[148.04,13.89],[147.65,14.1],[147.65,14.59],[147.82,14.85],[148.1,14.88],[148.22,14.45],[148.1,14.13]],[[148.42,14.81],[148.27,15.07],[147.86,15.13],[147.74,15.35],[147.83,15.45],[148.04,15.33],[148.25,15.85],[148.06,16.01],[147.84,15.96],[147.84,16.14],[148.15,16.15],[148.3,16.33],[148.51,16.29],[148.75,16.1],[148.75,16.56],[148.94,16.73],[149.12,16.76],[149.28,16.59],[149.49,16.56],[149.56,16.4],[149.43,16.26],[149.24,16.3],[149.08,16.08],[149.43,15.98],[149.53,16.15],[149.71,16.06],[149.66,15.86],[149.41,15.81],[149.22,15.63],[148.98,15.68],[148.77,15.51],[148.59,15.19],[148.65,14.87],[148.42,14.81]],[[149.26,16.7],[149.35,17.04],[149.61,17.03],[149.9,17.45],[150.17,17.62],[150.24,18.02],[150.43,18.25],[150.69,18.35],[150.9,18.31],[151.28,18.45],[151.47,18.44],[151.47,18.03],[151.67,17.78],[151.86,17.81],[151.85,18.22],[152.02,18.3],[152.33,18.13],[152.29,17.91],[151.96,17.72],[152.26,17.33],[152.44,17.5],[152.39,17.73],[152.46,17.87],[152.77,17.97],[152.95,17.95],[153.18,18.04],[153.33,18],[153.46,17.74],[153.37,17.19],[152.81,17.11],[152.44,17.23],[152.49,16.99],[152.63,16.84],[152.53,16.67],[152.3,16.68],[152.07,16.57],[151.88,16.59],[151.7,16.78],[151.69,17.21],[151.39,17.35],[151.23,16.96],[151.01,16.8],[150.62,16.61],[150.43,16.8],[150.11,16.65],[149.69,16.7],[149.57,16.91],[149.41,16.7],[149.26,16.7]],[[148.8,17.6],[148.8,17.35],[148.66,17.33],[148.65,17.58],[148.8,17.6]],[[149.71,18.12],[149.96,17.97],[149.88,17.83],[149.62,17.86],[149.47,18.22],[149.71,18.12]],[[149.52,18.34],[149.34,18.25],[149.23,18.46],[149.42,18.55],[149.52,18.34]],[[149.03,18.54],[148.82,18.53],[148.62,18.63],[148.61,18.96],[148.79,19.12],[149.04,19.18],[149.12,19.1],[149.03,18.54]],[[147.96,19.17],[147.73,19.27],[147.55,19.46],[147.67,19.73],[148.1,19.81],[148.31,19.66],[148.1,19.48],[147.96,19.17]],[[152.61,18.92],[152.51,18.97],[152.3,19.36],[152.38,19.5],[152.64,19.56],[153.02,19.47],[153.04,19.3],[152.9,18.96],[152.61,18.92]],[[152.23,19.53],[152.09,19.27],[151.68,19.29],[151.2,19.58],[151.26,19.82],[151.53,20.19],[151.79,20.24],[152.01,19.98],[152.09,19.69],[152.23,19.53]],[[151.2,20.25],[151.1,20.3],[150.98,20.62],[151.45,20.69],[151.43,20.48],[151.2,20.25]],[[154.91,20.67],[154.36,21.02],[154.31,21.12],[154.54,21.56],[154.72,21.6],[155.06,21.5],[155.39,21.06],[155.37,20.91],[155.12,20.69],[154.91,20.67]],[[153.36,21.56],[153.55,21.34],[153.4,21.13],[153.07,21.07],[152.95,21.17],[152.87,21.42],[153.09,21.58],[153.36,21.56]],[[147.79,21.64],[147.58,21.45],[147.36,21.39],[147.21,21.5],[147.26,21.66],[147.45,21.8],[147.66,21.83],[147.79,21.64]],[[148.37,21.75],[148.39,22.03],[148.54,22.05],[148.79,21.94],[148.68,21.73],[148.37,21.75]],[[148.66,22.32],[148.53,22.26],[148.36,22.42],[148.53,22.59],[148.66,22.57],[148.66,22.32]],[[153.23,22.54],[153,22.68],[152.55,23.18],[152.59,23.57],[152.69,23.71],[153.19,23.74],[153.45,23.66],[153.49,23.83],[153.73,23.9],[154.02,23.52],[153.84,23.17],[153.78,22.81],[153.65,22.65],[153.23,22.54]],[[148.65,22.72],[148.49,22.68],[148.4,22.87],[148.24,23],[148.27,23.2],[148.6,23.25],[148.76,23.19],[148.9,23],[148.65,22.72]],[[148.65,23.32],[148.49,23.33],[148.45,23.58],[148.61,23.64],[148.55,23.83],[148.68,24.02],[148.95,24.05],[149.04,23.96],[148.89,23.6],[148.65,23.32]],[[149.73,24.05],[149.67,24.31],[149.73,24.61],[149.94,24.68],[150.42,24.61],[150.41,24.43],[150.62,24.29],[150.96,24.24],[151.08,24.07],[150.99,23.69],[150.83,23.57],[150.21,23.69],[149.73,24.05]],[[148.66,24.75],[148.5,24.72],[148.13,24.79],[148.11,24.98],[147.97,25.17],[148.05,25.38],[148.52,25.56],[148.72,25.41],[149.24,25.26],[149.3,25.13],[149.02,25.03],[148.96,24.77],[148.66,24.75]],[[149.35,25.42],[149.5,25.64],[149.62,25.46],[149.35,25.42]],[[153.18,25.68],[153.35,25.82],[153.49,25.72],[153.4,25.39],[153.14,25.45],[153.18,25.68]],[[162.79,25.98],[162.77,26.23],[163.11,26.72],[163.27,26.63],[163.13,26.38],[162.97,26.31],[163,26.11],[162.79,25.98]],[[152.15,26.35],[152.06,26.63],[152.35,26.78],[152.43,26.69],[152.37,26.42],[152.15,26.35]],[[157.51,26.79],[157.39,26.96],[157.71,27.01],[157.65,26.79],[157.51,26.79]],[[148.85,26.87],[148.46,26.91],[148.49,27.21],[148.75,27.31],[148.94,27.07],[148.85,26.87]],[[145.56,27.24],[145.46,26.92],[144.79,26.9],[144.54,27],[144.96,27.22],[144.94,27.41],[145.15,27.55],[145.44,27.58],[145.56,27.24]],[[144.84,27.54],[144.47,27.22],[144.1,27.22],[144.08,27.4],[144.25,27.56],[144.82,27.65],[144.84,27.54]],[[145.62,27.6],[145.49,27.67],[145.47,27.88],[145.64,28.12],[145.82,28.15],[146.08,28.05],[146.07,27.92],[146.35,27.92],[146.33,27.76],[146.15,27.62],[145.87,27.55],[145.62,27.6]],[[148.21,28.19],[148.1,28.32],[148.26,28.51],[148.41,28.45],[148.37,28.23],[148.21,28.19]],[[169.54,28.78],[169.78,28.92],[169.85,28.73],[169.58,28.6],[169.54,28.78]],[[168.33,28.6],[168.39,28.45],[168.1,28.38],[167.89,28.41],[167.87,28.57],[168.33,28.6]],[[166.84,28.33],[167.07,28.13],[166.94,27.82],[166.75,27.77],[166.67,28.29],[166.84,28.33]],[[168.53,27.81],[168.56,27.93],[168.86,28.03],[169,27.93],[168.96,27.61],[168.68,27.58],[168.53,27.81]],[[166.2,27.7],[166.4,27.62],[166.44,27.44],[166.22,27.31],[165.7,27.47],[165.66,27.69],[165.8,27.75],[166.2,27.7]],[[152.65,27.3],[152.69,27.21],[152.48,27.02],[152.23,27.07],[152.37,27.32],[152.65,27.3]],[[169.76,27.06],[169.92,27.05],[169.82,26.78],[169.66,26.9],[169.76,27.06]],[[152.19,27.31],[151.9,27.07],[151.54,26.9],[151.2,27.02],[151.46,27.14],[151.53,27.36],[151.87,27.53],[152.1,27.55],[152.19,27.31]],[[152.59,27.42],[152.51,27.55],[152.64,27.72],[153.02,27.78],[153.04,27.5],[152.59,27.42]],[[147.75,27.85],[147.45,27.9],[147.65,28.15],[147.96,28.18],[147.75,27.85]],[[153.17,28.1],[153.24,28.23],[153.63,28.24],[153.74,28.04],[154.01,27.96],[154.17,27.73],[153.96,27.64],[153.62,27.67],[153.32,27.75],[153.16,27.94],[153.17,28.1]],[[167.08,28.54],[166.82,28.48],[166.8,28.7],[167.01,28.69],[167.08,28.54]],[[158.85,26.37],[158.6,26.21],[158.62,26.51],[158.79,26.61],[158.85,26.37]],[[163.39,26.09],[163.52,26.46],[163.65,26.29],[163.65,26.11],[163,25.3],[162.84,24.9],[162.62,24.83],[162.67,25.13],[162.79,25.42],[163.06,25.66],[163.39,26.09]],[[167.42,25.66],[167.39,25.37],[167.12,25.35],[167.09,25.7],[167.42,25.66]],[[163.09,24.76],[163.36,24.74],[163.32,24.49],[163.18,24.45],[163.09,24.76]],[[167.82,24.08],[167.98,24.14],[168.09,24.02],[167.96,23.77],[167.78,23.83],[167.82,24.08]],[[168.61,23.65],[168.75,23.76],[168.9,23.64],[168.78,23.46],[168.61,23.65]],[[164.42,24.06],[164.29,23.98],[164.08,24.08],[164.14,24.3],[164.42,24.24],[164.42,24.06]],[[161.97,24.22],[161.87,24.13],[161.92,23.9],[161.73,23.79],[161.57,23.92],[161.74,24.07],[161.43,24.35],[161.63,24.6],[161.58,24.85],[161.88,25.18],[162.13,25.24],[162.24,25.13],[162.1,24.78],[161.89,24.65],[162.07,24.41],[161.97,24.22]],[[161.16,24.28],[161.23,23.94],[161.12,23.75],[161.19,23.61],[161.02,23.51],[160.87,23.64],[160.63,23.72],[160.54,23.89],[160.66,24.22],[160.83,24.3],[161.01,24.22],[161.16,24.28]],[[159.62,24.19],[159.79,23.9],[159.79,23.57],[159.63,23.44],[158.95,23.47],[158.86,23.7],[158.88,24.17],[159.11,24.19],[159.24,24.38],[159.45,24.16],[159.62,24.19]],[[158.31,23.48],[158.26,23.16],[158.14,23.01],[158.16,22.76],[157.87,22.69],[157.74,23.37],[158.03,23.58],[157.94,23.89],[158.24,24],[158.53,23.8],[158.59,23.62],[158.31,23.48]],[[160.7,22.81],[160.89,22.89],[161.07,22.8],[161.13,22.5],[160.99,22.42],[160.66,22.47],[160.7,22.81]],[[159.67,22.56],[159.78,22.29],[159.73,22.1],[159.78,21.77],[160.15,21.65],[160.48,21.99],[160.93,21.91],[161.1,21.99],[161.3,21.85],[161.08,21.6],[161.06,21.12],[160.82,21.04],[159.94,21.07],[159.26,21.33],[158.97,21.67],[158.52,21.77],[158.34,21.71],[158.26,21.91],[158.5,21.98],[158.76,21.96],[159.06,21.81],[159.02,22.22],[159.24,22.49],[159.67,22.56]],[[160.2,21.98],[160.16,22.15],[160.34,22.25],[160.39,22.05],[160.2,21.98]],[[162,21.06],[162.18,21.14],[162.27,21.02],[162.07,20.88],[162,21.06]],[[161.83,20.98],[162.06,20.78],[162.03,20.63],[161.76,20.76],[161.83,20.98]],[[161.36,20.92],[161.52,20.52],[161.5,20.26],[161.35,20.19],[161.22,19.98],[160.89,19.96],[160.7,19.84],[160.75,19.56],[160.88,19.38],[160.44,19.25],[160.08,19.32],[159.89,19.46],[159.73,19.77],[159.7,19.94],[159.5,20.09],[159.96,20.1],[160.34,20.38],[160.37,20.54],[160.68,20.9],[160.99,21.05],[161.36,20.92]],[[161.37,19.6],[161.42,19.84],[161.63,19.69],[161.37,19.6]],[[159.73,19.29],[159.61,19.17],[159.42,19.2],[159.37,19.42],[159.58,19.59],[159.69,19.52],[159.73,19.29]],[[161.36,19.16],[161.54,18.96],[161.48,18.69],[161.74,18.5],[161.64,18.22],[161.4,18.31],[161.39,18.46],[161.03,18.34],[160.87,18.44],[160.9,18.73],[161.02,18.86],[161.03,19.09],[161.24,19.06],[161.36,19.16]],[[163.38,18.39],[163.15,18.6],[163.25,18.82],[163.55,18.8],[163.53,18.46],[163.38,18.39]],[[162.72,18.82],[162.7,18.62],[162.57,18.55],[162.39,18.69],[162.45,18.85],[162.72,18.82]],[[155.32,18.73],[155.44,18.55],[155.38,18.43],[155.11,18.43],[155.08,18.61],[155.32,18.73]],[[151.77,18.69],[151.56,18.53],[151.45,18.73],[151.65,18.85],[151.77,18.69]],[[158.07,19.02],[157.7,19.26],[157.55,19.51],[157.28,19.61],[157.05,19.86],[157.02,19.49],[156.71,19.53],[156.61,19.67],[156.36,19.73],[156.16,20.05],[155.87,20.25],[155.82,20.52],[155.97,20.66],[156,20.95],[156.31,21.34],[156.38,21.63],[156.37,21.87],[156.59,22],[156.58,22.19],[156.7,22.32],[156.95,22.19],[157.02,21.91],[157.42,21.83],[157.45,21.72],[157.13,21.67],[156.98,21.55],[157.09,21.35],[157.68,21.39],[157.89,21.29],[158.02,21.34],[158.13,21.58],[158.3,21.63],[158.65,21.54],[158.81,21.27],[158.74,20.92],[158.46,20.69],[158.18,20.75],[158.03,20.94],[157.87,20.93],[157.84,20.72],[157.66,20.62],[157.3,20.66],[157.21,20.52],[156.98,20.45],[157.07,20.16],[157.19,20.11],[157.47,20.37],[157.61,20.35],[157.67,20.16],[157.83,20.03],[158.12,20.05],[158.35,19.78],[158.36,19.45],[158.46,19.17],[158.34,19.01],[158.07,19.02]],[[153.73,19.33],[153.5,19.32],[153.23,19.44],[153.17,19.71],[153.24,19.86],[153.6,20.01],[153.87,19.95],[154.01,19.62],[153.73,19.33]],[[151.85,21.71],[151.88,21.46],[151.7,21.47],[151.63,21.66],[151.85,21.71]],[[155.36,21.77],[155.2,22.03],[155.16,22.3],[155.4,22.34],[155.58,22.12],[155.48,21.78],[155.36,21.77]],[[154.66,22.34],[154.77,22.2],[154.7,22.01],[154.46,22.1],[154.43,22.21],[154.66,22.34]],[[154.65,22.5],[154.51,22.37],[154.29,22.49],[154.31,22.68],[154.49,22.76],[154.63,22.68],[154.65,22.5]],[[155.1,22.61],[154.8,22.75],[154.71,22.94],[154.81,23.05],[155.19,23.03],[155.38,23.24],[155.54,23.28],[155.74,23.47],[156.07,23.31],[156.05,23.08],[155.81,22.99],[155.9,22.85],[155.77,22.68],[155.58,22.72],[155.44,22.57],[155.25,22.68],[155.1,22.61]],[[156.88,23.43],[156.84,23.59],[157.04,23.91],[157.41,23.99],[157.58,23.83],[157.73,23.59],[157.6,23.38],[157.38,23.29],[157,23.33],[156.88,23.43]],[[154.33,23.99],[154.15,23.86],[153.88,24.06],[153.67,24.11],[153.62,24.25],[153.74,24.56],[154.19,24.54],[154.37,24.62],[154.69,24.58],[154.73,24.3],[154.33,23.99]],[[152.33,24.08],[152.2,24.08],[152.11,24.56],[152.35,24.76],[152.49,25.05],[152.64,25.15],[152.83,25.13],[152.94,24.66],[152.83,24.51],[152.76,24.17],[152.55,24.17],[152.33,24.08]],[[158.7,24.65],[158.79,24.83],[159.03,24.68],[158.95,24.53],[158.7,24.65]],[[156.66,23.02],[156.67,23.18],[156.86,23.28],[157.05,23.18],[157.18,23.02],[157.06,22.74],[156.8,22.8],[156.66,23.02]],[[156.22,22.83],[156.13,22.53],[155.97,22.56],[156.02,22.77],[156.22,22.83]],[[151.59,23.56],[151.6,23.73],[151.78,23.86],[152.14,23.86],[152.4,23.66],[152.23,23.47],[152.01,23.48],[151.98,23.3],[151.78,23.22],[151.74,23.42],[151.59,23.56]],[[163.97,17.71],[163.78,17.86],[163.78,17.98],[164.02,18],[164.18,17.81],[164.38,17.74],[164.26,17.32],[163.95,17.31],[163.97,17.71]],[[165.83,17.4],[166.04,17.53],[166.4,17.52],[166.25,17.11],[165.93,16.92],[165.8,16.95],[165.73,17.15],[165.83,17.4]],[[165.79,16.91],[165.86,16.68],[165.79,16.49],[165.62,16.34],[165.24,16.37],[165.14,16.51],[165.17,16.75],[165.79,16.91]],[[166.3,16.7],[166.51,16.78],[166.66,16.61],[166.44,16.46],[166.21,16.52],[166.3,16.7]],[[163.4,16.74],[163.45,16.68],[163.49,15.91],[163.34,15.74],[163.32,15.46],[163.39,15.24],[163.33,15.04],[163.06,14.89],[162.87,14.91],[162.62,15.17],[162.45,15.25],[162.69,15.58],[162.63,16.01],[162.72,16.26],[162.57,16.43],[162.35,16.85],[162.31,17.17],[162.55,17.34],[162.63,17.61],[162.79,17.67],[163.1,17.5],[163.2,17.35],[163.17,17.17],[163.41,17.13],[163.4,16.74]],[[164.07,15.93],[163.97,16.14],[164.2,16.27],[164.28,16.03],[164.07,15.93]],[[166.32,16.1],[166.66,15.87],[166.39,15.67],[166.32,16.1]],[[170.62,16.12],[171.03,16.22],[171.26,16.01],[171.18,15.76],[170.81,15.94],[170.62,16.12]],[[168.85,15.54],[168.93,15.44],[168.87,15.21],[168.68,15.2],[168.58,15.44],[168.85,15.54]],[[168.47,15.24],[168.6,15.15],[168.54,14.98],[168.37,14.99],[168.31,15.14],[168.47,15.24]],[[167.15,15.2],[167.08,15.01],[166.84,15.15],[166.88,15.32],[167.15,15.2]],[[164.58,16.02],[164.76,15.88],[164.71,15.74],[164.3,15.5],[164.3,15.93],[164.58,16.02]],[[163.7,15.12],[163.8,15.22],[164.05,15.13],[163.86,14.84],[163.72,14.81],[163.62,14.56],[163.3,14.62],[163.31,14.83],[163.7,15.12]],[[161.9,15.73],[162,15.53],[161.94,15.26],[161.74,15.2],[161.49,15.29],[161.51,15.43],[161.71,15.68],[161.9,15.73]],[[155.59,16.12],[155.76,15.91],[155.69,15.59],[155.52,15.32],[155.08,15.09],[154.79,15.19],[154.58,15.07],[154.28,15.19],[154.07,15.16],[153.92,15.37],[154.2,15.51],[154.44,15.41],[154.76,15.53],[154.76,15.85],[154.98,16.07],[155.49,16.15],[155.59,16.12]],[[158.49,15.47],[158.47,15.7],[158.7,15.7],[158.7,15.49],[158.91,15.44],[159.02,15.05],[158.85,14.98],[158.49,15.47]],[[159.1,15],[159.11,15.23],[159.22,15.29],[159.59,15.19],[159.58,15.04],[159.27,14.86],[159.1,15]],[[154.57,14.97],[154.75,14.62],[154.66,14.48],[154.76,14.3],[154.66,14.17],[154.42,14.28],[154.52,14.58],[154.37,14.9],[154.57,14.97]],[[156.71,14.59],[156.96,14.64],[157.15,14.5],[157.13,14.16],[156.86,14.02],[156.61,13.99],[156.31,13.84],[156.12,13.84],[155.94,13.7],[155.72,14.06],[155.71,14.26],[155.57,14.56],[155.93,14.56],[156.23,14.38],[156.41,14.36],[156.71,14.59]],[[157.8,14.2],[157.85,13.96],[157.76,13.68],[157.6,13.64],[157.33,13.77],[157.39,14.06],[157.55,14.18],[157.8,14.2]],[[149.08,14.15],[148.85,14.23],[149,14.7],[149.25,14.64],[149.25,14.37],[149.08,14.15]],[[149.94,14.95],[149.78,14.86],[149.71,15.07],[149.94,15.09],[149.94,14.95]],[[151.92,15.22],[151.78,15.26],[151.75,15.63],[151.92,15.94],[151.75,15.99],[151.7,16.15],[151.92,16.34],[152.15,16.22],[152.28,15.91],[152.51,15.72],[152.51,15.56],[152.23,15.31],[151.92,15.22]],[[149.83,15.59],[149.84,15.27],[149.56,15.26],[149.44,15.58],[149.65,15.74],[149.83,15.59]],[[154.22,16.34],[154.11,16.52],[153.96,16.55],[153.83,16.75],[153.88,16.99],[153.84,17.5],[154.02,17.58],[154.44,17.54],[154.68,17.59],[154.81,17.51],[154.76,17.28],[154.84,17.06],[154.66,16.7],[154.7,16.55],[154.52,16.36],[154.22,16.34]],[[155.88,17.26],[155.88,17.47],[156.15,17.54],[156.06,17.31],[155.88,17.26]],[[157.66,16.63],[157.94,16.66],[157.9,16.44],[157.71,16.48],[157.66,16.63]],[[158.81,16.46],[158.93,16.47],[159.04,16.23],[158.9,16.13],[158.74,16.35],[158.81,16.46]],[[153.45,15.68],[153.43,15.43],[153.32,15.33],[153.1,15.38],[153.09,15.52],[153.45,15.68]],[[164.02,17.16],[164.23,16.99],[164.07,16.91],[164.02,17.16]],[[149.97,13.51],[150.02,13.32],[149.78,13.29],[149.76,13.46],[149.97,13.51]],[[166.26,22.98],[166.37,22.9],[166.25,22.71],[166.11,22.91],[166.26,22.98]],[[169.15,22.73],[169.2,22.38],[168.91,22.06],[168.62,22.2],[168.76,22.57],[169.15,22.73]],[[171.42,22.09],[171.58,22.23],[171.84,22.13],[171.9,21.99],[171.68,21.77],[171.32,21.58],[171.29,21.4],[170.96,21.54],[171.05,21.77],[171.48,21.98],[171.42,22.09]],[[166.75,21.41],[166.84,21.23],[166.71,20.92],[166.39,20.83],[166.24,21.15],[166.38,21.35],[166.75,21.41]],[[169.06,21.7],[168.99,21.9],[169.28,21.91],[169.24,21.67],[169.06,21.7]],[[165.1,20.25],[165,20.44],[165.11,20.55],[165.26,20.34],[165.1,20.25]],[[171.19,20.47],[171.35,20.28],[171.31,20.08],[171.09,20.19],[171.19,20.47]],[[165.53,20.45],[165.72,20.32],[165.58,20.14],[165.37,20.14],[165.31,20.37],[165.53,20.45]],[[156.58,10.09],[156.58,9.8],[156.4,9.81],[156.31,10.03],[156.58,10.09]],[[157.51,9.63],[157.65,9.75],[157.93,9.62],[157.94,9.49],[157.56,9.49],[157.51,9.63]],[[157.87,9.28],[158.18,9.3],[158.33,9.09],[158.11,8.95],[158.07,9.16],[157.87,9.28]],[[159.92,9.22],[160.17,9.35],[160.24,9.21],[159.99,9.14],[159.92,9.22]],[[158.37,8.92],[158.43,9.08],[158.69,9.05],[158.63,8.75],[158.37,8.92]],[[160.26,9.1],[160.3,8.93],[160.15,8.75],[160.08,8.52],[159.93,8.63],[159.5,8.71],[159.41,9],[159.61,9.06],[159.77,8.92],[159.91,9.05],[160.26,9.1]],[[163.55,12.01],[163.51,12.26],[163.82,12.31],[163.82,12.02],[163.55,12.01]],[[171.54,12.42],[171.36,12.55],[171.47,12.67],[171.71,12.55],[171.72,12.26],[171.56,12.02],[171.46,12.2],[171.26,12.22],[171.28,12.37],[171.54,12.42]],[[173.2,12.1],[173.08,12.25],[173.12,12.51],[173.38,12.52],[173.35,12.14],[173.2,12.1]],[[175.37,11.45],[175.34,11.55],[175.47,11.81],[175.64,11.83],[175.52,11.53],[175.37,11.45]],[[178.2,10.91],[178.12,10.74],[177.78,10.74],[177.78,10.85],[178.2,10.91]],[[177.23,10.76],[177.3,10.65],[177.17,10.26],[177,10.18],[176.67,10.3],[176.7,10.46],[176.92,10.43],[176.95,10.65],[177.23,10.76]],[[177.75,10.19],[177.94,10.41],[178.73,10.32],[179,10],[178.88,9.89],[178.69,9.89],[178.53,10.13],[178.4,10.19],[177.75,10.19]],[[176.86,9.91],[177.07,9.72],[177.24,9.75],[177.36,9.53],[177.31,9.31],[177.1,9.51],[176.84,9.64],[176.53,9.58],[176.54,9.77],[176.86,9.91]],[[176.59,9.49],[176.78,9.37],[176.58,9.23],[176.48,9.36],[176.59,9.49]],[[177.26,9.22],[177.5,9.26],[177.62,9.19],[177.65,8.96],[177.55,8.81],[177.36,8.82],[177.17,9.09],[177.26,9.22]],[[176.15,8.73],[175.98,8.79],[175.96,9.01],[176.43,9.17],[176.5,8.93],[176.15,8.73]],[[176.76,8.72],[176.82,8.62],[176.69,8.38],[176.63,7.92],[176.36,7.85],[176.23,7.93],[176.16,8.21],[176.4,8.26],[176.46,8.55],[176.76,8.72]],[[177.28,8.15],[177.2,8.37],[177.38,8.44],[177.49,8.26],[177.28,8.15]],[[175.95,7.61],[175.91,7.43],[175.6,7.29],[175.53,7.12],[175.29,7.18],[175.12,6.96],[174.96,7.15],[174.98,7.72],[175.05,7.91],[174.93,8.14],[175,8.5],[175.19,8.48],[175.25,8.18],[175.49,8.48],[175.51,8.75],[175.82,8.79],[176.02,8.56],[175.97,8.21],[175.84,8.11],[175.99,7.82],[175.95,7.61]],[[175.92,9.08],[175.76,8.95],[175.68,9.17],[175.82,9.28],[175.92,9.08]],[[176.87,9.04],[176.79,8.82],[176.62,8.85],[176.62,9.05],[176.87,9.04]],[[176.34,9.42],[176.12,9.4],[176.04,9.64],[176.25,9.6],[176.34,9.42]],[[175.8,9.62],[175.58,9.36],[175.47,9.36],[175.64,9.75],[175.8,9.62]],[[175.48,9.79],[175.23,9.64],[175.13,9.94],[175.48,9.79]],[[176.5,9.89],[176.3,10.12],[176.59,10.19],[176.75,10.14],[176.79,9.94],[176.5,9.89]],[[174,6.19],[173.98,6.5],[174.18,6.42],[174.14,6.24],[174,6.19]],[[175.49,5.5],[175.36,5.77],[175.66,5.8],[175.49,5.5]],[[175.68,4.54],[175.92,4.43],[175.98,4.13],[175.89,4.02],[175.68,4.31],[175.68,4.54]],[[175.08,4.2],[175.03,4.46],[175.27,4.5],[175.26,4.23],[175.08,4.2]],[[177.19,0.53],[177.36,0.43],[177.34,0.26],[177.17,0.24],[177.07,0.42],[177.19,0.53]],[[175.6,2.26],[175.38,2.19],[175.2,2.48],[175.33,2.55],[175.53,2.48],[175.6,2.26]],[[176.22,-0.39],[176.15,-0.18],[176.35,0.05],[176.68,0],[176.74,-0.23],[176.63,-0.28],[176.52,-0.62],[176.22,-0.39]],[[177.86,-0.56],[178.12,-0.47],[178.25,-0.59],[178.23,-0.78],[178.08,-0.9],[177.85,-0.77],[177.86,-0.56]],[[177.16,-0.62],[177.29,-0.74],[177.27,-0.94],[177.05,-0.89],[177.16,-0.62]],[[177.03,-1.64],[177.13,-1.57],[177.34,-1.75],[177.78,-1.71],[177.81,-1.94],[177.46,-1.94],[177.17,-1.87],[177.03,-1.64]],[[177.53,-2.02],[177.63,-1.98],[177.86,-2.13],[177.98,-2.09],[178.24,-2.17],[178.42,-2.09],[178.61,-2.14],[178.7,-2.28],[178.6,-2.41],[178.36,-2.41],[178.29,-2.31],[178.03,-2.45],[177.77,-2.41],[177.53,-2.11],[177.53,-2.02]],[[179.18,-2.33],[179.2,-2.55],[178.82,-2.46],[178.83,-2.35],[179.18,-2.33]],[[177.85,-3.16],[177.99,-3.29],[177.89,-3.5],[177.56,-3.28],[177.63,-3.03],[177.85,-3.16]],[[178.75,-3.24],[178.75,-3.38],[178.32,-3.52],[178.27,-3.32],[178.49,-3.24],[178.75,-3.24]],[[177.67,-3.54],[177.91,-3.67],[177.67,-3.85],[177.89,-4.1],[178.02,-4.07],[178.12,-4.24],[178.33,-4.32],[178.07,-4.55],[177.67,-4.5],[177.14,-4.59],[177.11,-4.26],[177.31,-4.2],[177.36,-3.98],[177.21,-3.71],[177.26,-3.46],[177.6,-3.43],[177.67,-3.54]],[[178.96,-4.57],[179.15,-4.62],[179.16,-4.78],[178.86,-4.76],[178.96,-4.57]],[[176.92,-3.6],[177.08,-3.81],[177.07,-4.03],[176.85,-3.9],[176.79,-3.67],[176.92,-3.6]],[[174.32,-4.66],[174.5,-4.75],[174.84,-4.7],[174.97,-4.86],[174.6,-4.96],[174.18,-4.94],[174.14,-4.85],[174.32,-4.66]],[[175.36,-4.97],[175.2,-4.91],[175.22,-4.75],[175.47,-4.73],[175.36,-4.97]],[[175.85,-4.93],[176.06,-4.76],[176.13,-5.03],[176.04,-5.11],[175.85,-4.93]],[[175.02,-5.32],[175.19,-5.21],[175.32,-5.32],[175.26,-5.49],[175.09,-5.48],[175.02,-5.32]],[[175.74,-6.88],[175.97,-6.98],[175.85,-7.18],[175.35,-7.03],[175.36,-6.91],[175.74,-6.88]],[[174,-7.17],[173.97,-7.35],[173.78,-7.39],[173.71,-7.22],[174,-7.17]],[[176.18,-7.61],[176.33,-7.49],[176.32,-7.91],[176.16,-8.01],[176.09,-7.79],[176.18,-7.61]],[[171.67,-7.63],[171.86,-7.7],[171.85,-7.83],[172.38,-7.94],[173.06,-7.94],[173.26,-8.01],[173.62,-8.03],[174.23,-8.34],[174.21,-8.51],[173.78,-8.38],[173.54,-8.41],[173.55,-8.2],[173.1,-8.22],[172.95,-8.12],[172.64,-8.07],[172.2,-8.22],[172.12,-8.09],[171.86,-8.09],[171.59,-7.96],[171.6,-7.81],[171.39,-7.72],[171.43,-7.58],[171.67,-7.63]],[[174.11,-8.09],[174.43,-8.09],[174.45,-8.29],[174.1,-8.24],[174.11,-8.09]],[[174.54,-8.24],[174.82,-8.12],[175.35,-8.29],[175.29,-8.44],[175.02,-8.35],[174.91,-8.54],[174.62,-8.44],[174.54,-8.24]],[[174.95,-8.53],[175.12,-8.47],[175.22,-8.65],[174.98,-8.69],[174.95,-8.53]],[[175.16,-9.31],[175.29,-9.25],[175.48,-9.46],[175.13,-9.67],[175.16,-9.31]],[[171.88,-9.04],[171.79,-8.93],[172.02,-8.64],[172.19,-8.68],[171.88,-9.04]],[[174.48,-8.64],[174.44,-8.43],[174.81,-8.61],[174.74,-8.83],[174.48,-8.64]],[[173.57,-8.87],[173.54,-9.05],[173.32,-8.99],[173.32,-8.86],[173.57,-8.87]],[[170.4,-7.58],[170.44,-7.73],[170.23,-7.84],[170.19,-7.59],[170.4,-7.58]],[[177.22,-5.76],[177.49,-5.76],[177.68,-5.9],[177.72,-6.23],[177.67,-6.43],[177.73,-6.63],[177.52,-6.85],[177.41,-6.6],[176.82,-5.98],[176.88,-5.77],[177.22,-5.76]],[[177.77,-6.74],[177.93,-6.64],[178.05,-6.74],[177.92,-6.93],[177.77,-6.74]],[[176.76,12.89],[176.53,12.96],[176.74,13.13],[176.76,12.89]],[[178.86,12.93],[178.72,13.19],[178.94,13.61],[179.14,13.59],[179.46,13.67],[179.7,13.54],[179.68,13.37],[179.45,13.4],[179.4,13.13],[179.29,12.99],[178.86,12.93]],[[178.25,14.12],[178.06,13.97],[177.8,14.14],[177.84,14.26],[178.15,14.29],[178.25,14.12]],[[177.76,22.99],[178,22.93],[177.74,22.72],[177.76,22.99]],[[176.84,22.69],[176.81,22.53],[176.31,22.3],[176.17,22.57],[176.38,22.87],[176.62,22.96],[176.84,22.69]],[[176.96,22.71],[176.87,22.77],[176.85,23.06],[177.01,23.05],[177.13,22.84],[176.96,22.71]]]},"properties":{"scalerank":0,"featurecla":"Bathymetry","depth":5000}},
{"type":"Feature","geometry":null,"properties":{"scalerank":0,"featurecla":"Bathymetry","depth":5000}},
{"type":"Feature","geometry":null,"properties":{"scalerank":0,"featurecla":"Bathymetry","depth":5000}},
{"type":"Feature","geometry":null,"properties":{"scalerank":0,"featurecla":"Bathymetry","depth":5000}},
{"type":"Feature","geometry":null,"properties":{"scalerank":0,"featurecla":"Bathymetry","depth":5000}},
{"type":"Feature","geometry":null,"properties":{"scalerank":0,"featurecla":"Bathymetry","depth":5000}},
{"type":"Feature","geometry":null,"properties":{"scalerank":0,"featurecla":"Bathymetry","depth":5000}},
{"type":"Feature","geometry":null,"properties":{"scalerank":0,"featurecla":"Bathymetry","depth":5000}},
{"type":"Feature","geometry":null,"properties":{"scalerank":0,"featurecla":"Bathymetry","depth":5000}},
{"type":"Feature","geometry":null,"properties":{"scalerank":0,"featurecla":"Bathymetry","depth":5000}},
{"type":"Feature","geometry":{"type":"Polygon","coordinates":[[[180,24.99],[180,25.46],[180,25.93],[180,26.4],[180,26.87],[180,27.34],[180,27.81],[180,28.28],[180,28.75],[179.88,28.84],[179.88,29.13],[180,29.35],[180,29.78],[180,30.05],[180,30.46],[180,30.86],[179.93,30.91],[179.75,31.38],[179.6,31.52],[179.8,31.72],[179.61,31.81],[179.64,32.06],[180,31.97],[180,32.34],[180,32.71],[179.62,32.76],[179.14,32.72],[178.62,32.9],[177.79,32.9],[177.41,33],[177.21,33.21],[176.68,33],[176.19,32.99],[176.05,32.78],[175.78,32.76],[175.73,32.98],[175.49,32.98],[175.31,32.71],[174.86,32.61],[174.43,32.83],[174.62,33.02],[174.5,33.26],[174.06,33.34],[173.53,33.63],[173.54,33.82],[173.18,34.1],[173.08,34.12],[172.87,34.4],[172.87,35.06],[172.76,35.48],[172.87,35.66],[173.31,35.64],[173.86,35.71],[174.19,35.71],[174.53,35.6],[174.6,35.44],[174.91,35.35],[175.08,35.61],[175.09,36],[174.76,36.11],[174.77,36.22],[175.04,36.58],[175.06,37],[175.13,37.19],[175.02,37.53],[174.8,37.41],[174.67,37.53],[174.86,37.83],[174.73,37.91],[174.83,38.16],[174.87,38.72],[175.07,39],[174.84,39.12],[174.14,39.22],[173.86,39.43],[173.66,39.38],[173.4,39.63],[173.2,40.02],[173.27,40.2],[172.98,40.2],[172.83,40.41],[172.57,40.37],[172.22,40.79],[172.5,41.17],[172.74,41.35],[173.14,41.35],[173.36,41.14],[173.7,40.97],[173.95,41.11],[174.48,40.53],[174.97,40.3],[175.14,39.93],[175.28,39.91],[175.44,39.59],[175.66,39.65],[175.94,39.41],[175.76,39.29],[175.94,39.08],[176.4,39.11],[176.64,38.88],[176.78,38.59],[177.22,38.38],[177.55,38.15],[177.72,38.1],[177.79,37.85],[177.95,37.68],[178.1,37.82],[178.34,37.54],[178.63,37.51],[178.8,37.27],[179,36.81],[179.26,36.85],[179.27,36.61],[179.56,36.65],[179.76,36.38],[180,36.41],[180,36.86],[180,37.31],[180,37.76],[180,38.21],[180,38.66],[180,39.11],[180,39.56],[180,40.01],[180,40.46],[180,40.7],[180,41.18],[180,41.65],[180,42.12],[180,42.59],[180,43.06],[180,43.53],[180,44],[180,44.48],[180,44.95],[180,45.42],[180,45.89],[180,46.36],[180,46.83],[180,47.3],[180,47.57],[180,47.98],[180,48.38],[180,48.79],[179.95,49],[179.71,49.17],[179.93,49.37],[179.42,49.34],[179.08,49.13],[178.93,49.24],[178.61,49.07],[178.36,49.22],[178.08,48.92],[177.82,48.96],[177.81,49.5],[177.72,49.61],[177.65,50.07],[178.75,50.11],[179.04,49.93],[179.52,49.94],[180,49.78],[180,50.16],[180,50.54],[179.81,50.62],[179.41,50.6],[179.13,50.71],[178.58,50.65],[178.36,50.75],[177.97,50.7],[177.69,50.91],[176.98,50.88],[176.88,51.14],[176.19,51.32],[175.49,51.14],[174.38,51.41],[174.11,51.54],[173.7,51.57],[173.47,51.74],[172.75,51.86],[171.58,52.34],[171.07,52.46],[170.19,52.76],[169.81,52.99],[169.65,52.92],[169.27,53.11],[169.01,53.14],[168.6,53.42],[168.43,53.35],[167.88,53.81],[167.01,54.13],[166.71,54.31],[166.2,54.5],[166.06,54.74],[165.62,55.02],[165.08,55.22],[164.97,55.11],[164.31,55.5],[163.96,55.53],[163.7,55.11],[163.68,54.77],[163.38,54.43],[163.29,54.2],[162.91,53.98],[162.73,53.77],[162.35,53.6],[162.36,53.42],[162.03,53.26],[162,53.06],[161.58,52.76],[161.31,52.39],[160.35,51.56],[159.97,51.39],[159.5,51],[159.29,50.74],[158.33,49.97],[157.75,49.66],[157.63,49.5],[157.18,49.34],[156.44,48.87],[156.15,48.64],[155.63,48.01],[155.17,47.69],[155.16,47.5],[154.56,47.16],[154.5,46.99],[153.62,46.49],[153.6,46.34],[153.34,46.27],[153.13,46.1],[152.72,45.94],[151.73,45.28],[151.24,45.17],[150.96,44.92],[150.31,44.64],[149.81,44.33],[149.45,44.16],[149.13,44.08],[149.06,43.94],[148.57,43.55],[147.91,43.26],[147.34,42.79],[147.12,42.72],[146.66,42.46],[146.52,42.31],[146.11,42.19],[145.7,42],[145.5,41.97],[144.89,41.52],[144.87,41.37],[144.66,41.14],[144.43,41.21],[144.14,40.9],[144.24,40.47],[144.1,39.68],[144.12,39.47],[143.81,38.9],[143.83,38.62],[143.78,38.17],[143.3,37.3],[143.09,37.18],[142.9,36.79],[142.6,36.65],[142.6,36.39],[142.47,36.14],[142.55,35.95],[142.31,35.65],[142.12,35.6],[142.06,35.42],[141.72,35.1],[141.74,34.93],[141.62,34.61],[141.23,34.66],[141.04,34.55],[141.06,34.35],[141.44,33.73],[141.47,33.54],[141.6,33.36],[141.54,33.05],[141.65,32.71],[141.62,32.18],[141.55,32.04],[141.7,31.8],[141.62,31.63],[141.72,31.06],[141.95,31.01],[141.89,30.76],[141.97,30.48],[142.26,30.39],[142.28,30.18],[142.07,29.88],[142.08,29.64],[142.2,29.6],[142.32,29.3],[142.52,29.07],[142.79,28.64],[144.23,28.97],[145.18,29.2],[147.1,29.64],[149.02,30.09],[150.67,29.44],[152.32,28.79],[154.27,28.94],[156.22,29.09],[158.17,29.25],[160.11,29.4],[162.06,29.55],[164.01,29.7],[165.96,29.85],[167.91,30],[169.85,30.15],[170.28,29.31],[170.92,28.05],[171.56,26.78],[173.44,26.38],[175.31,25.98],[177.19,25.59],[179.06,25.19],[180,24.99]],[[177.83,28.07],[177.72,28.2],[178.09,28.34],[178.08,28.12],[177.83,28.07]],[[178.01,28.77],[177.98,28.64],[177.61,28.73],[177.53,29.21],[177.66,29.25],[177.74,28.92],[178.01,28.77]],[[177.19,28.92],[177.36,29.14],[177.47,28.75],[177.16,28.7],[176.85,28.97],[176.98,29.19],[177.19,29.09],[177.19,28.92]],[[176.44,28.83],[176.31,28.67],[176.08,28.75],[176.05,28.95],[176.47,29.22],[176.69,29.2],[176.65,28.92],[176.44,28.83]],[[171.57,28.93],[171.33,28.84],[171.43,29.17],[171.57,29.22],[171.75,29.11],[171.57,28.93]],[[174.7,29.19],[174.55,29.35],[174.73,29.71],[174.96,29.76],[175,29.31],[174.7,29.19]],[[173.86,29.69],[173.62,29.42],[173.25,29.29],[173.05,29.33],[172.92,29.6],[172.98,29.71],[173.21,29.71],[173.17,30.01],[173.45,30.24],[173.62,30.57],[173.91,30.38],[174.22,30.62],[174.43,30.62],[174.52,30.28],[174.17,30.14],[174.05,29.95],[173.83,29.87],[173.86,29.69]],[[171.2,29.7],[171.15,29.53],[170.91,29.58],[170.89,29.89],[171.18,30.24],[171.55,30.5],[171.59,30.65],[171.9,30.67],[171.84,30.46],[171.66,30.36],[171.61,30.2],[171.38,30.19],[171.14,29.91],[171.2,29.7]],[[159.47,30.82],[159.37,30.76],[159.38,30.49],[158.99,30.74],[158.74,30.65],[158.53,30.73],[158.41,30.52],[158.2,30.76],[158.26,30.89],[157.94,31.03],[157.78,30.82],[157.46,30.77],[157.12,30.82],[157.52,30.17],[157.36,30.01],[157.21,30.23],[157.03,30.31],[156.8,30.3],[156.67,30.44],[156.43,30.51],[156.41,30.65],[155.77,30.95],[155.56,31.16],[155.49,31.42],[155.19,31.39],[155.16,31.55],[154.96,31.56],[154.87,31.8],[154.46,31.91],[154.31,32.03],[153.83,32.11],[153.82,32.31],[153.96,32.52],[154.17,32.63],[154.38,32.59],[154.45,32.79],[154.75,32.98],[155.06,32.93],[155.37,33.03],[155.66,32.93],[156.1,32.81],[156.18,32.95],[156.45,32.86],[156.52,33.09],[156.84,33.23],[156.98,33.48],[156.9,33.69],[157.25,33.86],[157.28,34.2],[157.5,34.24],[157.58,34.46],[157.84,34.8],[158.18,34.87],[158.4,34.8],[158.52,34.98],[158.85,35],[158.56,35.03],[158.4,35.22],[158.25,34.96],[157.91,34.85],[157.58,34.87],[157.38,34.99],[157.39,35.28],[157.01,35.47],[156.96,35.91],[157.25,36.39],[157.22,36.59],[157.4,36.82],[157.49,37.12],[157.85,37.42],[158.34,37.37],[158.45,37.54],[158.85,37.49],[159.01,37.66],[159.34,37.61],[159.66,37.78],[159.87,37.75],[160.01,37.94],[160.19,37.88],[160.54,38.13],[160.92,38.2],[161,38.37],[161.45,38.57],[161.7,38.86],[161.95,38.99],[161.88,39.3],[162.67,39.65],[162.92,39.63],[163.08,40.21],[163.34,40.11],[163.66,40.14],[163.47,40.71],[164.19,40.63],[164.33,40.56],[164.21,40.32],[164.19,39.96],[163.82,39.63],[163.76,39.24],[163.93,39.05],[164.41,38.8],[164.07,38.58],[163.71,38.74],[163.51,38.5],[163.84,38.29],[164.09,38.47],[164.31,38.45],[164.58,38.54],[165.08,38.49],[165.13,38.76],[165.31,38.79],[165.52,38.65],[165.48,38.36],[165.38,38.24],[165.12,38.25],[164.9,38.06],[164.66,38.15],[164.54,38.32],[164.33,38.18],[164.31,38.05],[164.51,37.78],[164.21,37.66],[164.37,37.46],[164.21,37.22],[164.45,37.03],[164.33,36.65],[164.12,36.42],[163.93,36.42],[163.75,36.87],[163.56,36.65],[163.33,36.6],[163.29,36.43],[163.08,36.39],[163.06,36.16],[162.63,35.98],[162.39,35.94],[162.58,35.51],[162.51,35.35],[162.23,35.2],[162.29,34.85],[161.7,34.8],[161.66,34.56],[161.89,34.57],[161.94,34.42],[161.81,34.26],[161.64,34.3],[161.35,33.91],[161.16,33.84],[161.16,33.62],[160.76,33.19],[160.6,32.95],[160.3,32.74],[160.18,32.42],[160.34,32.16],[159.99,32.12],[160.05,31.89],[160.22,31.6],[160.2,31.23],[160,31.17],[159.99,31],[159.47,30.82]],[[173.07,30.75],[173.51,31.03],[173.75,30.94],[173.77,30.74],[173.07,30.75]],[[174.19,31.25],[174.49,31.5],[174.61,31.3],[174.35,31.16],[174.19,31.25]],[[174.58,31.68],[174.36,31.55],[174.15,31.72],[174.22,31.97],[174.5,31.97],[174.58,31.68]],[[172.13,34.18],[172.25,33.97],[172.2,33.68],[172.44,33.49],[172.75,33.15],[172.72,32.97],[172.87,32.78],[173.18,32.76],[173.53,33.06],[173.72,32.95],[173.69,32.8],[173.38,32.71],[173.58,32.21],[173.5,31.73],[173.19,31.59],[172.51,31.92],[172.25,31.83],[172.06,32.07],[172.09,32.35],[171.78,32.52],[171.61,32.49],[171.48,32.63],[171.47,32.98],[171.31,33.14],[171.36,33.59],[171.14,33.76],[171.19,33.94],[171.43,34.08],[171.23,34.32],[171.28,34.52],[170.84,34.65],[170.59,34.89],[170.68,35.09],[170.44,35.31],[170.48,35.75],[170.56,36],[170.81,36.12],[170.75,36.25],[171.02,36.35],[170.91,36.48],[171.01,36.66],[170.98,36.96],[171.16,37.23],[171.41,37.24],[171.65,37.01],[171.87,36.9],[171.96,36.48],[172.05,36.37],[172.41,36.19],[172.67,36.15],[172.82,35.93],[172.79,35.78],[172.5,35.31],[172.61,34.82],[172.48,34.5],[172.32,34.3],[172.13,34.18]],[[178.64,32.47],[178.63,32.68],[178.93,32.71],[178.95,32.51],[178.64,32.47]],[[177.79,32.03],[177.86,32.12],[178.18,32.1],[177.96,31.91],[177.79,32.03]],[[178.57,31.98],[178.82,32.07],[178.97,32],[179.28,32.04],[179.22,31.87],[178.92,31.83],[178.91,31.72],[178.55,31.59],[178.3,31.61],[178.02,31.51],[177.89,31.66],[178.57,31.98]],[[179.06,31.61],[179.33,31.68],[179.32,31.37],[179.02,31.43],[179.06,31.61]],[[176.16,31.47],[176.42,30.81],[176.32,30.73],[176.02,30.74],[175.46,30.53],[175.2,30.5],[175.18,30.71],[175.34,30.91],[175.57,31.33],[175.81,31.45],[176.16,31.47]],[[178.76,30.68],[178.84,30.54],[179.09,30.38],[179.14,30.19],[179.35,30.17],[179.58,30.01],[179.7,29.64],[179.6,29.49],[179.21,29.42],[178.61,29.74],[178.5,30.03],[178.33,30.11],[178.46,30.55],[178.76,30.68]],[[175.64,29.41],[175.94,29.29],[176.03,29.07],[175.95,28.97],[175.59,28.99],[175.44,29.07],[175.42,29.26],[175.64,29.41]],[[177.78,30.52],[177.8,30.36],[177.56,30.17],[177.42,30.25],[177.36,30.55],[177.68,30.65],[177.78,30.52]],[[170.7,32.42],[170.65,32.3],[170.41,32.29],[170.41,32.51],[170.63,32.55],[170.7,32.42]],[[170.18,35.98],[170.08,35.93],[169.85,36.17],[170.04,36.29],[170.18,35.98]],[[163.72,36.01],[163.44,36.05],[163.26,36.25],[163.34,36.44],[163.74,36.08],[163.72,36.01]],[[168.93,36.73],[168.85,36.94],[168.95,37.1],[169.2,37.09],[169.23,37.31],[169.46,37.22],[169.37,37.04],[169.51,36.86],[169.45,36.58],[169.51,36.2],[169.32,36.05],[168.81,36.29],[168.81,36.03],[168.67,36.02],[168.36,36.38],[168.19,36.29],[168.08,36.49],[168.27,36.56],[168.34,36.82],[168.76,36.96],[168.93,36.73]],[[168.43,37.08],[168.14,37.02],[168.15,37.21],[168.46,37.41],[168.65,37.42],[168.64,37.15],[168.43,37.08]],[[166.84,37.31],[167,37.16],[167.22,37.33],[167.5,37.12],[167.81,37.32],[167.98,37.25],[168.25,36.79],[168.13,36.57],[167.82,36.43],[167.64,36.58],[167.46,36.87],[167.16,36.87],[166.78,37.03],[166.55,37.27],[166.73,37.47],[166.84,37.31]],[[164.85,36.74],[164.57,37.08],[164.81,37.18],[164.75,37.35],[164.95,37.43],[165.23,37.42],[165.34,37.3],[165.97,36.98],[165.91,37.27],[165.52,37.25],[165.4,37.37],[165.51,37.72],[165.84,37.61],[166.14,37.75],[166.23,38.04],[166.37,37.99],[166.38,37.68],[166.51,37.6],[166.4,37.16],[166.65,37.04],[166.61,36.9],[166.32,36.97],[166.25,36.77],[165.91,36.66],[165.55,36.82],[165.36,36.79],[164.97,36.87],[164.85,36.74]],[[165.1,37.58],[165.05,37.81],[165.22,37.86],[165.33,37.67],[165.1,37.58]],[[166.81,38.04],[166.71,38.11],[166.59,38.47],[166.61,38.64],[167.02,38.87],[167.14,38.8],[167.06,38.39],[166.81,38.04]],[[165.73,38.85],[165.44,38.79],[165.31,39.16],[165.44,39.4],[165.71,39.32],[165.59,38.98],[165.73,38.85]],[[164.72,38.82],[164.42,38.92],[164.15,39.21],[164.33,39.35],[164.62,39.05],[164.72,38.82]],[[164.59,39.22],[164.48,39.39],[164.95,39.39],[164.89,39.14],[164.59,39.22]],[[165.77,39.48],[166.04,39.56],[166.37,39.17],[166.33,39.05],[165.97,39.05],[165.94,39.24],[165.77,39.48]],[[167.55,39.38],[167.7,39.35],[167.73,39.05],[167.43,39.08],[167.38,39.24],[167.55,39.38]],[[171.23,39.08],[171.46,39.1],[171.45,38.54],[171.23,38.36],[171.31,38.26],[171.49,37.59],[171.12,37.46],[170.87,37.7],[170.67,37.61],[170.24,37.61],[170.03,37.72],[169.76,37.73],[169.78,37.89],[170.01,38.02],[169.97,38.3],[169.84,38.52],[170.09,38.61],[170.53,38.31],[170.87,38.58],[171.01,39],[171.23,39.08]],[[169.11,37.57],[169.13,37.39],[168.91,37.11],[168.79,37.14],[168.79,37.44],[169.11,37.57]],[[167.82,38.6],[167.62,38.81],[167.88,38.92],[167.82,38.6]],[[169.65,36.75],[169.77,36.83],[170.15,36.81],[170.33,36.59],[170.25,36.33],[169.82,36.41],[169.76,36.1],[169.59,36.11],[169.58,36.48],[169.65,36.75]],[[172.69,30.74],[172.54,30.41],[172.38,30.41],[172.32,30.69],[172.69,30.74]],[[151.06,31.37],[151.02,31.7],[151.35,31.73],[151.43,31.56],[151.29,31.37],[151.06,31.37]],[[149.33,31.69],[149.23,31.39],[149.02,31.39],[148.74,31.59],[148.71,31.78],[148.8,32.04],[148.92,32.09],[149.11,31.83],[149.33,31.69]],[[148.34,31.78],[148.11,31.79],[148.02,32.01],[148.15,32.22],[148.56,32.16],[148.51,31.88],[148.34,31.78]],[[149.46,32.08],[149.44,31.94],[149.14,31.95],[149.11,32.14],[149.37,32.19],[149.46,32.08]],[[148.98,32.43],[148.83,32.4],[148.28,32.6],[148.11,32.91],[148.49,33],[149.01,32.54],[148.98,32.43]],[[143.34,32.87],[143.14,33.05],[143.21,33.19],[143.62,33.3],[143.64,32.97],[143.34,32.87]],[[143.66,33.7],[143.81,34.06],[143.66,34.28],[143.72,34.47],[143.92,34.54],[144.13,34.44],[144.33,34.47],[144.59,34.3],[144.58,34.12],[144.41,34.01],[144.03,34.11],[143.93,33.72],[143.66,33.7]],[[148.02,34.24],[148.25,34.3],[148.23,34.01],[147.95,34.12],[148.02,34.24]],[[146.08,33.97],[145.79,34.1],[145.95,34.22],[146.08,33.97]],[[143.76,36.12],[143.72,36.27],[143.94,36.38],[144.14,36.28],[143.76,36.12]],[[144.29,35.94],[144.52,35.92],[144.49,35.66],[144.2,35.7],[144.29,35.94]],[[144.14,36.5],[144.16,36.7],[144.37,36.75],[144.62,37.03],[144.94,37.1],[145.13,36.88],[144.6,36.51],[144.14,36.5]],[[145.24,37.06],[145.18,37.21],[145.44,37.28],[145.5,37.09],[145.24,37.06]],[[146.17,37.64],[145.86,37.65],[146.02,37.86],[146.17,37.64]],[[147.06,40.7],[147,40.53],[146.71,40.5],[146.68,40.76],[147.06,40.7]],[[163.87,40.75],[164.17,40.92],[164.28,40.71],[163.87,40.75]],[[164.64,41.04],[164.55,40.74],[164.22,40.96],[163.86,41.12],[163.31,41.14],[163.18,41.32],[164.11,41.42],[164.04,41.74],[164.04,42.16],[164.21,42.26],[164.3,42.48],[164.56,42.5],[164.79,42.7],[165.13,42.58],[165.31,42.87],[165.6,42.89],[165.53,43.24],[165.84,43.42],[165.94,43.66],[166.26,43.5],[166.37,43.77],[166.78,43.7],[167.15,43.55],[167.59,43.78],[167.63,43.64],[168.09,43.53],[168.29,43.26],[168.74,43.2],[168.96,42.75],[168.41,42.73],[168.45,42.47],[168.09,42.34],[167.97,42.48],[167.62,42.5],[167.26,42.36],[167.1,42.48],[166.62,42.5],[166.39,42.3],[166.01,42.24],[165.76,42.33],[165.57,42.3],[165.55,42.35],[165.54,42.25],[165.66,42.18],[165.72,42.04],[165.44,41.87],[165.44,41.57],[165.29,41.51],[164.98,41.13],[164.64,41.04]],[[163.39,53.96],[164.01,54.36],[164.39,54.47],[164.25,54.82],[164.07,54.94],[164.12,55.16],[164.74,55.1],[165.1,54.74],[165.14,54.57],[165.55,54.3],[166.44,53.93],[166.64,53.61],[167.02,53.39],[167.35,53.36],[167.71,53.47],[167.96,53.3],[168.04,52.9],[168.6,52.73],[168.93,52.75],[169.25,52.36],[169.45,52.64],[169.74,52.72],[170.12,52.15],[170.45,52.23],[170.95,52.08],[171.82,51.7],[172.14,51.48],[172.34,51.46],[172.73,51.17],[173.3,51],[175.15,50.8],[176.45,50.38],[176.89,50.38],[177.07,50.22],[177.32,50.24],[177.58,49.94],[177.53,49.82],[177.65,49.22],[177.61,48.87],[177.46,48.84],[177.22,49.6],[176.21,49.41],[175.86,49.18],[175.64,49.2],[175.55,48.74],[175.81,48.65],[175.5,48.28],[176.13,48.29],[176.03,48.13],[175.32,47.64],[174.93,47.65],[174.63,47.8],[174.22,47.8],[173.9,48.26],[173.61,48.24],[172.82,48.48],[172.4,48.37],[172.33,48.55],[172.06,48.57],[171.69,48.36],[171.48,48.38],[171.33,48.6],[171.38,48.93],[171.5,49.01],[171.39,49.24],[171.8,49.52],[171.82,49.18],[171.99,48.93],[172.43,48.92],[172.75,48.85],[173.22,48.83],[173.28,48.58],[173.86,48.51],[174.14,48.65],[174.3,48.86],[174.58,48.83],[174.58,48.53],[174.8,48.34],[174.92,48.09],[175.18,48.24],[175.13,48.96],[174.96,48.87],[174.45,48.95],[173.46,48.85],[173.15,48.95],[173.39,49.31],[172.66,49.21],[172.43,49.06],[172.25,49.23],[172.3,49.52],[172.07,49.58],[171.6,49.85],[170.74,49.97],[170.29,49.68],[169.69,50.01],[169.28,49.97],[169.06,50.02],[168.98,50.2],[169.1,50.33],[168.81,50.43],[168.6,50.21],[168.84,49.82],[168.58,49.37],[168.83,49.27],[169.23,49.44],[169.85,49.51],[169.97,49.33],[169.6,49.17],[169.44,48.92],[169.57,48.52],[169.82,48.39],[169.39,48.01],[169.79,47.59],[170.22,47.49],[170.01,47.25],[170.06,46.93],[169.86,46.56],[169.83,46.36],[170.01,46.08],[170.32,45.89],[170.4,45.5],[170.64,45.29],[170.86,45.29],[170.93,45.08],[170.69,45],[170.76,44.67],[170.68,44.51],[170.88,44.17],[170.74,43.85],[170.79,43.69],[171.02,43.56],[170.84,43.14],[170.85,42.95],[171.15,42.91],[171.18,42.76],[170.93,42.4],[170.86,42],[171.08,41.55],[171.38,41.38],[171.11,41.09],[171.13,40.84],[170.57,40.25],[170.1,39.61],[169.89,39.63],[169.9,39.84],[169.56,40.1],[170.01,40.61],[169.68,40.93],[169.79,41.08],[169.68,41.2],[169.8,41.51],[170.01,41.52],[169.97,41.78],[170.14,41.97],[169.88,42.17],[169.94,42.35],[169.83,42.51],[169.98,42.65],[170.04,43.18],[169.71,43.15],[169.7,43.51],[169.8,43.68],[170.22,44.04],[169.75,44.54],[169.25,44.81],[169.59,44.95],[169.74,45.11],[169.8,45.4],[169.49,45.81],[169.12,45.61],[168.93,45.7],[168.92,45.99],[169.08,46.42],[169.07,46.64],[168.91,46.85],[169.01,46.99],[168.62,47.33],[168.48,47.84],[168.13,48.13],[167.99,48.34],[167.71,48.54],[167.66,48.77],[167.89,48.97],[167.78,49.46],[167.47,49.66],[167.42,49.84],[166.89,49.77],[166.73,50.07],[166.47,50.09],[166.68,50.57],[166.31,50.65],[166.01,51.24],[165.55,51.41],[165.94,51.66],[165.58,51.79],[165.52,51.52],[165.24,51.63],[164.99,51.54],[165.29,50.93],[165.04,50.89],[164.79,51.18],[164.6,51.54],[164.41,51.64],[164.46,51.9],[164.09,52.12],[163.84,52.08],[163.55,52.18],[163.78,52.61],[163.27,53.4],[163.25,53.71],[163.39,53.96]],[[178.68,48.89],[178.88,49.07],[179.58,49.04],[179.04,48.77],[178.68,48.89]],[[177.05,49.52],[177.19,49.28],[176.96,49.08],[176.57,49.08],[176.74,49.47],[177.05,49.52]],[[174.53,47.62],[174.46,47.51],[173.95,47.31],[173.55,47.23],[173.52,47.39],[174.29,47.66],[174.53,47.62]],[[173.9,47.66],[173.67,47.58],[173.53,47.77],[174.09,47.86],[173.9,47.66]],[[171.25,48.32],[170.86,48.48],[171.02,48.71],[171.25,48.32]],[[170.63,49.13],[170.23,49.46],[170.62,49.57],[170.96,49.45],[171.26,49.42],[171.23,49.26],[170.86,49.25],[170.63,49.13]],[[174.76,44.63],[174.47,44.86],[174.7,44.98],[174.76,44.63]],[[173.27,43.87],[173.18,44.02],[173.47,44.16],[173.54,43.77],[173.42,43.48],[173.44,42.93],[173.12,42.86],[173.1,42.56],[172.99,42.44],[172.66,41.81],[172.62,41.64],[172.36,41.68],[172.53,42.25],[172.73,42.54],[172.73,43.03],[172.88,43.41],[173.16,43.58],[173.27,43.87]],[[175.82,43.31],[176.22,42.88],[175.89,42.82],[175.72,43.16],[175.82,43.31]],[[173.71,42.6],[173.75,42.43],[173.29,42.07],[173.09,41.65],[172.89,41.61],[172.78,41.82],[172.93,42.06],[173.12,42.13],[173.11,42.47],[173.71,42.6]],[[174.23,42.22],[174.52,42.26],[174.09,41.56],[173.81,41.62],[173.87,41.87],[174.23,42.22]],[[173.5,41.82],[173.5,41.59],[173.21,41.6],[173.28,41.85],[173.5,41.82]],[[172.39,43.55],[172.39,43.73],[172.85,43.86],[172.88,43.68],[172.6,43.37],[172.39,43.55]],[[177.99,41.39],[178.2,41.44],[178.45,41.19],[178.38,41.05],[178.04,41.23],[177.99,41.39]],[[178.92,41.04],[179.21,40.9],[179.27,40.75],[178.88,40.76],[178.62,40.97],[178.92,41.04]],[[178.52,40.66],[178.72,40.5],[178.62,40.33],[178.36,40.54],[178.52,40.66]],[[179.34,40.35],[179.49,40.44],[179.79,40.3],[179.66,40.08],[179.34,40.35]],[[166.61,39.89],[166.8,39.68],[166.48,39.63],[166.23,39.89],[166.38,40.07],[166.61,39.89]],[[152.69,43.92],[152.81,43.6],[152.36,43.59],[152.1,43.39],[152.3,43.18],[151.71,43.12],[151.23,42.74],[151.23,42.5],[150.95,42.42],[150.94,42.61],[150.44,42.68],[150.31,42.34],[149.93,42.19],[149.77,42.54],[149.8,42.9],[150.11,43.05],[150.44,43.32],[150.74,43.33],[150.87,43.5],[151.07,43.5],[151.19,43.32],[151.46,43.44],[151.91,43.84],[152.69,43.92]],[[148.79,42.2],[148.87,41.95],[148.6,42.01],[148.79,42.2]],[[153.58,44.1],[153.2,44.39],[153.44,44.47],[153.66,44.3],[153.58,44.1]],[[156.13,44.45],[155.97,44.54],[155.88,44.75],[155.33,44.85],[155.23,44.69],[154.98,44.57],[154.7,44.66],[154.55,44.59],[154.08,44.73],[154.58,44.89],[154.44,45.19],[154.58,45.43],[154.59,45.7],[155.2,46.16],[155.45,46.44],[155.5,46.63],[155.74,46.61],[155.9,46.94],[155.91,47.14],[156.32,47.32],[156.6,47.64],[156.91,47.87],[157.37,47.88],[157.65,47.72],[158.01,47.74],[157.94,47.5],[158.41,47.41],[158.4,46.98],[158.88,46.3],[158.83,45.94],[159.28,45.82],[159.04,45.59],[159.07,45.35],[158.79,45.22],[158.74,45.02],[158.38,44.92],[158.14,45.11],[157.79,45.07],[157.6,45.24],[157.33,45.29],[157.33,45.01],[157.58,44.9],[157.55,44.78],[157.21,44.62],[157.01,44.62],[156.33,44.94],[156.22,44.78],[156.29,44.55],[156.13,44.45]],[[160.12,47.42],[160.27,47.51],[160.54,47.43],[160.48,47.26],[160.12,47.42]],[[162.6,45.05],[162.64,44.87],[162.22,44.7],[162.3,44.98],[162.6,45.05]],[[160.83,49.85],[161.04,50.17],[161.3,50.26],[161.33,50.02],[161.18,49.89],[160.83,49.85]],[[146.2,41.34],[145.89,41.19],[145.83,41.34],[146,41.45],[146.2,41.34]],[[153.41,29.25],[153.18,29.51],[153.28,29.73],[153.7,29.82],[153.83,29.71],[153.84,29.38],[153.67,29.27],[153.41,29.25]]]},"properties":{"scalerank":0,"featurecla":"Bathymetry","depth":5000}},
{"type":"Feature","geometry":null,"properties":{"scalerank":0,"featurecla":"Bathymetry","depth":5000}},
{"type":"Feature","geometry":{"type":"Polygon","coordinates":[[[180,-7.15],[179.95,-7.16],[179.95,-7.22],[180,-7.22],[180,-7.15]]]},"properties":{"scalerank":0,"featurecla":"Bathymetry","depth":5000}},
{"type":"Feature","geometry":{"type":"Polygon","coordinates":[[[180,-8.03],[179.89,-8.1],[179.53,-8.06],[179.47,-8.16],[179.64,-8.51],[179.88,-8.42],[179.86,-8.21],[180,-8.12],[180,-8.03]]]},"properties":{"scalerank":0,"featurecla":"Bathymetry","depth":5000}},
{"type":"Feature","geometry":{"type":"Polygon","coordinates":[[[179.7,-7.49],[179.71,-7.75],[179.95,-7.93],[180,-8.03],[180,-7.8],[179.96,-7.52],[179.7,-7.49]]]},"properties":{"scalerank":0,"featurecla":"Bathymetry","depth":5000}},
{"type":"Feature","geometry":{"type":"Polygon","coordinates":[[[178.85,-59.95],[178.59,-59.87],[178.69,-60.09],[178.85,-59.95]]]},"properties":{"scalerank":0,"featurecla":"Bathymetry","depth":5000}},
{"type":"Feature","geometry":null,"properties":{"scalerank":0,"featurecla":"Bathymetry","depth":5000}},
{"type":"Feature","geometry":{"type":"Polygon","coordinates":[[[176.02,-54.05],[175.71,-54.03],[175.72,-53.81],[175.05,-53.71],[175.05,-53.94],[174.79,-54.01],[174.81,-54.29],[174.96,-54.62],[174.76,-54.68],[174.37,-54.35],[173.95,-54.4],[174,-54.12],[173.37,-54.12],[173.27,-54.25],[172.92,-54.26],[172.89,-54.5],[172.08,-54.53],[171.85,-54.75],[171.85,-54.94],[171.58,-55.06],[170.9,-55.03],[170.81,-55.2],[170.25,-55.37],[170.23,-55.59],[169.39,-55.71],[169.19,-56.1],[168.89,-56.11],[168.47,-55.91],[168.37,-56.12],[168.01,-56.38],[167.77,-56.33],[167.46,-56.44],[167.11,-56.77],[166.49,-56.71],[165.98,-56.8],[165.68,-56.95],[165.52,-57.4],[165.24,-57.41],[165.22,-57.11],[164.91,-56.99],[164.63,-56.75],[164.42,-57.01],[164.7,-57.34],[164.81,-57.75],[165.07,-57.48],[165.69,-57.44],[166.06,-57.21],[166.59,-57.21],[166.56,-57.55],[166.12,-57.73],[165.65,-57.77],[165.77,-58.07],[165.7,-58.27],[166.18,-58.25],[166.46,-58.32],[166.85,-58.79],[167.56,-58.75],[167.57,-58.46],[167.86,-58.46],[167.81,-58.76],[168.22,-58.75],[168.39,-58.6],[168.68,-58.58],[168.7,-58.8],[168.14,-58.99],[168.36,-59.14],[168.22,-59.38],[168.47,-59.46],[169.64,-59.33],[170.1,-59.17],[170.14,-59.42],[170.96,-59.45],[171.08,-59.63],[171.37,-59.67],[171.44,-59.84],[172.03,-59.71],[172.85,-59.98],[172.43,-59.49],[172.2,-58.82],[172.58,-58.97],[172.82,-59.45],[173.33,-60.07],[173.47,-59.77],[173.23,-59.67],[173.38,-59.47],[174.27,-59.56],[174.53,-59.41],[175.13,-59.51],[174.46,-58.99],[174.51,-58.86],[174.98,-58.85],[175.49,-59.1],[175.72,-59.53],[175.99,-59.42],[175.61,-59.07],[175.57,-58.91],[175.05,-58.73],[175.05,-58.58],[174.25,-58.35],[174.51,-58.22],[174.79,-58.27],[175.32,-58.08],[176.36,-57.88],[176.74,-57.89],[176.91,-58.23],[177.29,-58.09],[177.11,-57.87],[177.69,-57.75],[178.32,-57.35],[178.57,-57.49],[178.7,-57.7],[179.37,-58.31],[179.38,-57.93],[180,-57.82],[179.76,-57.6],[179.19,-57.48],[178.82,-57.47],[179.25,-57.16],[179.18,-57.06],[179.74,-56.9],[179.97,-56.99],[179.76,-57.19],[180,-57.34],[180,-56.76],[179.86,-56.61],[180,-56.4],[180,-55],[180,-53],[180,-51.19],[179.8,-51.04],[179.26,-51.19],[179.23,-51.43],[178.99,-51.62],[179.76,-51.67],[179.57,-51.84],[179.45,-52.13],[179.82,-52.19],[179.78,-52.34],[179.4,-52.33],[179.33,-52.69],[179.67,-52.99],[179.44,-53.2],[179.45,-53.6],[179.14,-53.62],[178.56,-53.74],[178.64,-53.96],[178.13,-54.24],[178.01,-54.63],[177.65,-54.71],[177.31,-54.91],[177.03,-54.94],[176.36,-54.76],[176.16,-54.31],[175.74,-54.34],[175.74,-54.14],[176.02,-54.05]],[[175.26,-54.25],[175.56,-54.6],[175.84,-54.52],[175.86,-54.84],[175.5,-55.05],[175.25,-54.83],[175.13,-54.38],[175.26,-54.25]],[[177.05,-55.11],[177.26,-55.02],[177.46,-55.22],[177.5,-55.51],[177.32,-55.52],[177.05,-55.11]],[[175.82,-55.36],[176.17,-55.44],[176.16,-55.58],[175.78,-55.72],[175.82,-55.36]],[[176.59,-55.68],[176.81,-55.81],[176.99,-56.12],[177.6,-56.29],[177.69,-56.11],[178.49,-56.31],[178.46,-56.5],[178.75,-56.6],[178.74,-56.78],[177.54,-56.88],[176.98,-56.66],[177.06,-56.44],[176.64,-56.33],[176.71,-55.99],[176.53,-55.83],[176.59,-55.68]],[[179.16,-56.42],[179.61,-56.37],[179.43,-56.65],[179.16,-56.42]],[[179.22,-56.77],[179.52,-56.89],[178.92,-57.01],[178.85,-56.84],[179.22,-56.77]],[[178.58,-56.9],[178.28,-57.26],[177.93,-57.41],[177.76,-57.26],[177.78,-57.06],[178.14,-56.92],[178.58,-56.9]],[[167.78,-57.37],[168.42,-57.41],[167.91,-57.76],[166.75,-57.61],[166.76,-57.46],[167.53,-57.43],[167.78,-57.37]],[[170.66,-57.7],[171.17,-57.79],[170.72,-57.93],[170.66,-57.7]],[[167.67,-57.99],[167.47,-58.33],[167.22,-58.28],[167.32,-58.08],[166.97,-58.03],[166.97,-57.89],[167.36,-57.78],[167.67,-57.99]],[[167.83,-56.97],[167.7,-56.81],[168.16,-56.69],[168.15,-56.87],[167.83,-56.97]],[[176.17,-56.51],[176.32,-56.18],[176.56,-56.19],[176.71,-56.66],[176.91,-56.79],[176.88,-56.98],[177.01,-57.25],[176.64,-57.29],[176.42,-57.07],[176.6,-56.75],[176.35,-56.71],[176.17,-56.51]],[[170.62,-55.85],[170.41,-55.75],[170.59,-55.5],[170.83,-55.6],[170.62,-55.85]],[[175.27,-55.75],[175.14,-55.52],[175.32,-55.44],[175.67,-55.52],[175.49,-55.72],[175.27,-55.75]],[[173.92,-59.19],[174.28,-59.05],[174.43,-59.35],[173.74,-59.38],[173.92,-59.19]]]},"properties":{"scalerank":0,"featurecla":"Bathymetry","depth":5000}},
{"type":"Feature","geometry":{"type":"Polygon","coordinates":[[[179.36,-58.85],[178.89,-58.94],[179.02,-59.04],[179.36,-58.85]]]},"properties":{"scalerank":0,"featurecla":"Bathymetry","depth":5000}},
{"type":"Feature","geometry":{"type":"Polygon","coordinates":[[[177.68,-58.67],[177.92,-59.1],[178.3,-59.37],[178.48,-59.12],[178.22,-59.04],[177.93,-58.66],[177.68,-58.67]]]},"properties":{"scalerank":0,"featurecla":"Bathymetry","depth":5000}},
{"type":"Feature","geometry":{"type":"Polygon","coordinates":[[[178.47,-58.88],[178.66,-58.78],[178.58,-58.6],[178.29,-58.7],[178.47,-58.88]]]},"properties":{"scalerank":0,"featurecla":"Bathymetry","depth":5000}},
{"type":"Feature","geometry":{"type":"Polygon","coordinates":[[[178.35,-58.2],[178.15,-58.19],[178.08,-58.38],[178.42,-58.3],[178.35,-58.2]]]},"properties":{"scalerank":0,"featurecla":"Bathymetry","depth":5000}},
{"type":"Feature","geometry":{"type":"Polygon","coordinates":[[[178.93,-52.77],[178.59,-52.41],[178.51,-52.71],[177.94,-52.9],[178.13,-52.99],[178.62,-52.99],[178.65,-52.77],[178.93,-52.77]]]},"properties":{"scalerank":0,"featurecla":"Bathymetry","depth":5000}},
{"type":"Feature","geometry":{"type":"Polygon","coordinates":[[[179.05,-52.29],[179.02,-52.44],[179.13,-52.43],[179.18,-52.29],[179.05,-52.29]]]},"properties":{"scalerank":0,"featurecla":"Bathymetry","depth":5000}},
{"type":"Feature","geometry":{"type":"Polygon","coordinates":[[[179.35,-50.1],[179.34,-49.95],[179.12,-49.99],[179.22,-50.12],[179.35,-50.1]]]},"properties":{"scalerank":0,"featurecla":"Bathymetry","depth":5000}},
{"type":"Feature","geometry":{"type":"Polygon","coordinates":[[[178.99,-7.89],[178.79,-7.87],[178.81,-7.97],[178.99,-7.89]]]},"properties":{"scalerank":0,"featurecla":"Bathymetry","depth":5000}},
{"type":"Feature","geometry":{"type":"Polygon","coordinates":[[[179.18,16.73],[179.1,16.8],[179.06,16.57],[179.12,16.57],[179.18,16.73]]]},"properties":{"scalerank":0,"featurecla":"Bathymetry","depth":5000}},
{"type":"Feature","geometry":{"type":"Polygon","coordinates":[[[178.9,16.78],[178.88,16.94],[178.79,16.96],[178.79,16.8],[178.9,16.78]]]},"properties":{"scalerank":0,"featurecla":"Bathymetry","depth":5000}},
{"type":"Feature","geometry":{"type":"Polygon","coordinates":[[[180,17.71],[179.88,17.86],[179.86,18],[179.74,17.93],[179.95,17.62],[180,17.62],[180,17.71]]]},"properties":{"scalerank":0,"featurecla":"Bathymetry","depth":5000}},
{"type":"Feature","geometry":{"type":"Polygon","coordinates":[[[180,22.35],[179.91,22.23],[179.47,22.08],[179.62,21.88],[180,21.96],[180,22.35]]]},"properties":{"scalerank":0,"featurecla":"Bathymetry","depth":5000}},
{"type":"Feature","geometry":null,"properties":{"scalerank":0,"featurecla":"Bathymetry","depth":5000}},
{"type":"Feature","geometry":null,"properties":{"scalerank":0,"featurecla":"Bathymetry","depth":5000}},
{"type":"Feature","geometry":null,"properties":{"scalerank":0,"featurecla":"Bathymetry","depth":5000}},
{"type":"Feature","geometry":null,"properties":{"scalerank":0,"featurecla":"Bathymetry","depth":5000}},
{"type":"Feature","geometry":{"type":"Polygon","coordinates":[[[-162.3,49.99],[-162.26,49.78],[-162.58,49.68],[-162.92,49.81],[-162.86,49.51],[-162.98,49.19],[-163.15,48.94],[-163.67,48.94],[-163.91,48.77],[-164.18,48.84],[-164.4,48.7],[-164.65,48.71],[-164.46,49.06],[-164.97,49.63],[-165.05,50.06],[-165.43,50.28],[-166.04,50.22],[-166.32,50.5],[-166.66,50.34],[-167.13,50.56],[-167.72,50.94],[-167.69,51.22],[-167.46,51.3],[-167.58,51.46],[-166.92,51.65],[-166.57,51.86],[-166.4,51.73],[-165.93,51.9],[-165.4,51.92],[-165.04,52.11],[-164.42,52.27],[-163.41,52.37],[-162.89,52.58],[-162.68,52.6],[-161.76,52.89],[-161.47,53.02],[-161.38,53.19],[-161.03,53.11],[-160.06,53.23],[-159.53,53.42],[-158.59,53.54],[-158.02,53.76],[-156.86,53.95],[-156.49,53.98],[-156.22,54.12],[-155.88,54.17],[-155.44,54.34],[-155.26,54.29],[-154.86,54.46],[-154.39,54.77],[-154.08,55.08],[-153.14,55.25],[-152.64,55.49],[-150.96,55.82],[-150.1,56.2],[-149.85,56.48],[-149.82,56.74],[-150.74,56.5],[-151.06,56.31],[-151.99,56.09],[-152.23,55.94],[-153.53,55.38],[-153.72,55.37],[-154.32,55.09],[-155.18,54.84],[-155.29,54.69],[-155.73,54.56],[-156.28,54.5],[-157.25,54.24],[-158.95,53.95],[-159.34,53.81],[-160.1,53.74],[-160.56,53.64],[-161.35,53.62],[-161.72,53.48],[-162.27,53.44],[-163.63,53.04],[-164.78,52.8],[-164.99,52.83],[-165.46,52.72],[-165.86,52.53],[-166.44,52.44],[-167.1,52.16],[-167.76,52.09],[-168,51.99],[-168.86,51.9],[-169.25,51.72],[-169.56,51.74],[-169.68,51.57],[-170.64,51.41],[-171.07,51.41],[-171.31,51.34],[-172.08,51.29],[-172.39,51.18],[-173,51.19],[-173.23,51.01],[-173.44,51.08],[-174.21,50.93],[-174.58,50.98],[-175.06,50.9],[-175.2,50.8],[-175.78,50.81],[-176.3,50.66],[-177.34,50.62],[-177.96,50.54],[-180,50.54],[-180,49.78],[-179.6,49.91],[-179.14,49.85],[-178.67,49.85],[-177.99,49.98],[-177.07,49.95],[-176.48,50.07],[-176.15,50.19],[-176.06,49.95],[-175.6,49.96],[-175.59,49.8],[-175.82,49.73],[-175.78,49.53],[-176.22,49.44],[-176.08,49.16],[-176.8,49.05],[-177.13,48.91],[-177.22,49.05],[-176.96,49.39],[-177.1,49.55],[-177.54,49.52],[-177.24,49.13],[-177.34,48.83],[-177.63,48.77],[-178.01,48.94],[-178.44,48.84],[-178.64,48.89],[-179.03,48.73],[-179.04,48.96],[-179.32,49.33],[-179.49,49.24],[-179.5,48.89],[-180,48.79],[-180,47.57],[-179.86,47.42],[-180,47.3],[-180,45.5],[-180,44],[-180,42.5],[-180,40.7],[-179.61,40.62],[-179.55,40.45],[-179.35,40.44],[-179.06,40.22],[-179.13,40.1],[-179.67,40.28],[-180,40.46],[-180,38.5],[-180,37.5],[-180,36.41],[-179.82,36.31],[-179.62,36.38],[-179.65,36.69],[-179.25,36.27],[-179.1,36.58],[-178.8,36.46],[-178.66,36.62],[-178.39,36.53],[-178.2,36.69],[-178.2,36.98],[-177.98,37.01],[-178.03,36.74],[-177.93,36.35],[-177.5,36.51],[-177.31,36.18],[-177.16,36.31],[-176.93,36.16],[-176.8,36.37],[-176.42,36.29],[-176.44,36.7],[-176.23,36.68],[-176.12,36.38],[-175.99,36.36],[-176.12,36.52],[-175.99,36.74],[-175.79,36.54],[-174.99,36.65],[-174.7,36.57],[-174.71,36.78],[-174.57,36.85],[-174.34,37.24],[-174.12,37.41],[-174,37.2],[-174.29,36.92],[-174.14,36.81],[-174.1,36.37],[-173.79,36.12],[-173.55,36.12],[-173.47,35.93],[-174.24,35.59],[-174.37,35.45],[-175.37,35.09],[-175.49,35.09],[-175.78,34.8],[-175.96,34.49],[-175.71,33.89],[-175.57,33.79],[-175.54,33.56],[-175.4,33.34],[-175.05,33.21],[-174.93,33.08],[-174.84,32.81],[-174.49,32.72],[-174.12,32.38],[-174.1,31.94],[-173.98,31.75],[-173.69,31.46],[-173.5,31.03],[-173.76,31.01],[-173.9,31.18],[-173.98,31.42],[-174.44,31.44],[-174.55,31.61],[-174.78,31.63],[-174.99,31.8],[-174.82,32.09],[-174.64,31.88],[-174.49,31.98],[-174.55,32.33],[-174.67,32.48],[-174.98,32.21],[-175.15,32.23],[-175.35,32.41],[-175.46,32.71],[-175.7,32.64],[-175.98,32.95],[-176.19,33.07],[-176.59,33.53],[-176.76,33.59],[-176.96,33.85],[-177.33,34.03],[-177.84,33.7],[-177.88,33.52],[-178.13,33.5],[-178.14,33.67],[-178.33,33.81],[-178.44,34.01],[-178.62,34.01],[-178.59,33.79],[-178.42,33.72],[-178.4,33.49],[-178.77,33.22],[-179.07,33.35],[-179.45,32.93],[-180,32.71],[-180,31.97],[-179.81,32],[-179.69,31.8],[-179.77,31.63],[-179.3,31.57],[-179.2,31.41],[-179.26,31.25],[-179.21,30.87],[-179.27,30.76],[-179.54,30.77],[-180,30.86],[-180,30.05],[-179.78,29.99],[-179.78,29.86],[-180,29.78],[-180,29.35],[-179.69,29.42],[-179.47,29.26],[-179,29.3],[-178.99,29.47],[-178.73,29.47],[-178.68,29.27],[-178.28,29.27],[-177.98,29.34],[-177.88,29.1],[-177.65,28.9],[-177.18,28.71],[-177.01,28.74],[-176.69,28.97],[-176.29,28.88],[-175.53,28.86],[-175.22,28.58],[-175.2,28.28],[-174.98,27.86],[-174.6,27.91],[-174.56,27.71],[-174.8,27.47],[-175.32,27.43],[-175.56,27.36],[-175.3,27.18],[-175.24,26.67],[-175.44,26.54],[-175.84,26.8],[-176.07,26.68],[-176.07,26.46],[-176.35,26.2],[-176.91,26.19],[-177.29,26.5],[-177.58,26.3],[-177.51,26.74],[-177.7,26.95],[-177.9,26.94],[-177.94,27.12],[-178.6,27.5],[-178.84,27.98],[-179.01,27.93],[-179.31,28.03],[-179.42,28.14],[-179.45,28.38],[-179.7,28.64],[-180,28.75],[-180,27],[-180,25.5],[-180,24],[-180,23],[-180,21.96],[-179.73,22.01],[-179.61,21.9],[-179.67,21.75],[-179.93,21.65],[-179.59,21.65],[-179.51,21.37],[-179.09,21.4],[-178.86,21.28],[-178.81,21.42],[-178.46,21.5],[-178.22,21.45],[-178.19,21.11],[-178.86,21.07],[-178.7,20.95],[-178.34,20.97],[-177.97,20.75],[-177.93,20.63],[-178.18,20.2],[-177.94,20.14],[-177.76,20.34],[-177.5,20.21],[-177.57,20.03],[-177.17,20.14],[-177.3,20.34],[-176.99,20.34],[-176.91,19.84],[-177.22,19.78],[-177.4,19.66],[-177.58,19.3],[-177.18,19.25],[-176.92,19.27],[-176.55,19.23],[-176.3,19.27],[-176.27,19.08],[-176,19.55],[-176.08,19.82],[-175.87,19.88],[-175.6,19.6],[-175.37,19.63],[-175.34,19.34],[-175.06,19.36],[-175.05,19.67],[-174.82,19.9],[-174.67,19.89],[-174.44,20.11],[-174.41,20.24],[-174.04,20.59],[-173.91,20.6],[-174.12,20.11],[-173.89,20.11],[-173.61,19.94],[-173.39,20.05],[-173.14,20.33],[-172.97,20.67],[-172.64,20.75],[-172.46,20.94],[-172.32,20.8],[-171.91,20.9],[-171.64,21.1],[-171.54,20.96],[-171.09,21.2],[-171.39,21.05],[-171.61,21.19],[-172.03,21.14],[-172.18,21.05],[-172.35,21.22],[-172.36,21.37],[-172.2,21.51],[-172.05,21.41],[-171.85,21.65],[-171.78,22.06],[-172,22.28],[-172.31,22.36],[-172.63,22.36],[-172.99,22.99],[-173.37,23.01],[-173.74,23.11],[-173.71,23.33],[-173.96,23.54],[-174.02,23.81],[-173.95,24],[-173.99,24.21],[-173.93,24.42],[-174.17,24.67],[-174.41,24.7],[-174.56,24.82],[-175.4,25],[-175.37,25.46],[-175.46,25.67],[-175.36,25.93],[-175.15,26.08],[-174.99,26.32],[-174.97,26.55],[-174.7,26.63],[-174.46,26.94],[-174.19,27],[-173.47,26.68],[-173.3,26.69],[-173.05,26.45],[-172.87,26.4],[-172.99,26.21],[-172.92,25.95],[-172.81,25.9],[-172.56,26.12],[-172.66,26.37],[-172.51,26.41],[-172.43,26.81],[-172.19,26.85],[-172.31,27.07],[-172.42,27.64],[-172.3,27.77],[-172.41,28.12],[-172.71,28.2],[-172.71,28.42],[-172.39,28.51],[-172.22,28.47],[-172.1,28.75],[-172.16,29.34],[-172.28,29.36],[-172.44,29.61],[-172.32,29.77],[-172.08,29.74],[-172.06,29.54],[-171.89,29.24],[-171.65,29.2],[-171.43,28.99],[-171.11,28.93],[-171.08,29.17],[-170.93,29.26],[-170.73,29.03],[-170.76,28.82],[-170.54,28.7],[-170.33,29.11],[-169.95,29.15],[-169.77,28.99],[-169.63,29.11],[-169.42,29.04],[-169.34,28.9],[-168.96,28.95],[-168.72,28.85],[-168.65,29.06],[-168.38,28.87],[-168.15,28.84],[-167.97,28.72],[-167.47,28.73],[-167.34,28.55],[-167,28.44],[-166.75,28.49],[-166.51,28.3],[-166.31,28.36],[-166.15,28.1],[-165.79,28.13],[-165.55,28.25],[-165.52,28.42],[-165.29,28.39],[-165.23,28.11],[-165.05,27.96],[-165.31,27.8],[-164.79,27.78],[-164.83,27.58],[-164.33,27.67],[-164.27,27.43],[-164.43,27.38],[-164.46,27.14],[-164.23,27.17],[-164.06,27.36],[-163.72,27.06],[-163.66,26.86],[-163.21,26.63],[-163.15,26.78],[-162.91,26.77],[-162.86,26.52],[-163.03,26.32],[-162.69,26.09],[-162.53,25.86],[-162.25,25.73],[-162.24,25.58],[-162.03,25.48],[-161.92,25.58],[-161.94,25.93],[-162.07,25.9],[-162.26,26.04],[-162.3,26.35],[-162.11,26.45],[-161.76,26.35],[-161.62,26.2],[-161.37,26.36],[-161.45,26.58],[-161.68,26.48],[-161.95,26.49],[-161.89,26.72],[-161.75,26.9],[-161.75,27.08],[-161.93,27.26],[-162.01,27.5],[-162.3,27.73],[-162.3,27.94],[-162.46,28.07],[-162.44,28.24],[-162.24,28.35],[-161.9,28.19],[-161.85,28.34],[-161.58,28.32],[-161.33,28.4],[-161.35,28.71],[-161.19,28.86],[-161.13,28.51],[-160.94,28.38],[-160.93,28.22],[-160.75,28.1],[-160.48,28.19],[-160.03,28.08],[-159.62,28.2],[-159.64,28.04],[-160.07,27.78],[-159.91,27.63],[-159.69,27.78],[-159.52,27.77],[-159.47,27.58],[-159.88,27.38],[-159.67,27.3],[-159.55,27.44],[-159.05,27.46],[-158.87,27.58],[-158.48,27.65],[-158.32,27.34],[-158.49,27.28],[-159.18,27.17],[-159.23,26.87],[-159.17,26.76],[-158.74,26.81],[-158.59,26.76],[-157.88,26.79],[-157.84,26.66],[-158.14,26.59],[-158.96,26.5],[-159.17,26.55],[-159.28,26.37],[-158.89,26.4],[-158.61,26.35],[-158.33,26.43],[-157.96,26.43],[-157.73,26.32],[-157.42,26.26],[-156.94,26.28],[-156.86,26.16],[-157.05,25.99],[-156.72,25.96],[-156.44,25.81],[-156.35,26],[-156.11,26.27],[-155.94,26.33],[-155.86,26.11],[-155.94,25.88],[-155.57,25.89],[-155.52,25.55],[-155.18,25.61],[-155.04,25.73],[-153.79,26.48],[-152.13,27.48],[-150.46,28.47],[-148.8,29.47],[-148.96,29.7],[-149.3,29.68],[-149.35,29.86],[-148.99,30.01],[-148.65,30.02],[-148.51,30.17],[-148.28,30.23],[-147.91,30.17],[-147.66,30.22],[-147.42,30.38],[-147.22,30.37],[-146.57,30.58],[-146.14,30.6],[-145.79,30.7],[-145.22,30.74],[-144.84,30.89],[-144.72,30.86],[-144.35,30.98],[-143.84,31.08],[-143.33,31.08],[-143.15,31.25],[-141.71,31.46],[-141.94,31.63],[-141.86,31.75],[-141.41,31.75],[-141.15,31.91],[-140.47,31.99],[-139.61,32.18],[-138.77,32.28],[-138.6,32.41],[-138.39,32.38],[-138.23,32.49],[-137.9,32.51],[-137.7,32.76],[-137.99,33],[-138.02,32.81],[-138.4,32.8],[-138.7,32.62],[-139.04,32.67],[-139.11,32.44],[-139.39,32.43],[-139.55,32.73],[-140.17,32.3],[-140.25,32.55],[-139.99,32.69],[-140.01,33.24],[-139.69,33.35],[-139.59,33.12],[-139.42,33.19],[-139.25,33.39],[-139,33.39],[-138.79,33.22],[-138.66,33.42],[-138.69,33.66],[-138.5,33.71],[-138.41,33.24],[-137.97,33.37],[-137.95,33.54],[-138.34,33.68],[-138.28,33.8],[-137.89,33.74],[-137.2,33.35],[-136.69,33.34],[-136.58,33.46],[-136.09,33.6],[-136.11,33.39],[-135.92,33.39],[-135.68,33.26],[-135.49,33.4],[-135.58,33.81],[-135.8,33.72],[-136.03,33.78],[-136.03,33.94],[-136.31,34.08],[-136.27,34.24],[-135.86,34.06],[-135.58,34.03],[-135.4,33.84],[-135.09,33.78],[-135.14,33.56],[-134.91,33.51],[-134.96,33.89],[-134.66,33.94],[-134.07,33.5],[-133.94,33.63],[-133.38,33.51],[-133.24,33.69],[-133.08,33.53],[-132.86,33.65],[-132.7,33.51],[-132.05,33.49],[-131.78,33.58],[-131.67,33.73],[-131.72,33.97],[-131.3,34.01],[-131.16,33.92],[-130.68,33.92],[-130.58,34.15],[-130.29,34.07],[-130.15,34.3],[-130.15,34.74],[-130.22,34.81],[-130.62,34.8],[-130.78,34.99],[-130.61,35.14],[-130.65,35.59],[-131.1,35.53],[-131.12,35.85],[-131.33,35.92],[-132.32,35.79],[-132.49,35.68],[-132.72,35.75],[-132.69,36.23],[-132.58,36.46],[-132.81,36.51],[-132.93,36.8],[-132.59,36.93],[-132.83,37.07],[-132.8,37.2],[-132.47,37.44],[-132.46,37.71],[-132.78,37.81],[-133.03,37.74],[-133.17,37.56],[-133.47,37.42],[-133.62,37.23],[-133.59,36.79],[-133.8,36.98],[-134.52,36.86],[-134.71,37.25],[-135,37.39],[-135.34,37.44],[-135.38,37.56],[-135.73,37.69],[-135.82,37.94],[-135.48,38.36],[-135.57,38.44],[-136.66,38.42],[-136.55,38.14],[-136.98,38],[-137.05,37.62],[-137.28,37.71],[-137.05,38.07],[-137.32,38.39],[-138.16,38.4],[-138.58,38.38],[-140.03,38.41],[-140.1,38.53],[-139.63,38.93],[-139.37,38.77],[-139.08,38.78],[-138.61,38.62],[-138.45,38.68],[-138.19,38.61],[-137.52,38.59],[-137.08,38.82],[-137.1,38.98],[-137.39,38.94],[-137.56,39.02],[-137.52,39.33],[-137.23,39.34],[-137.2,39.45],[-136.73,39.6],[-136.97,39.82],[-137.02,39.97],[-138.22,39.89],[-138.52,39.74],[-138.72,39.94],[-139.97,39.86],[-140.21,39.92],[-141.14,39.86],[-141.67,40.01],[-142.89,39.98],[-143.19,39.93],[-143.38,40.03],[-144.34,40.03],[-144.67,40.08],[-145.01,40.03],[-145.49,40.06],[-145.82,40.01],[-146.01,40.07],[-147.26,40.16],[-147.6,40],[-147.85,39.97],[-148.05,40.14],[-148.44,40.2],[-149.92,40.18],[-150.17,40.25],[-150.41,40.2],[-152.02,40.18],[-152.85,40.2],[-153.5,39.91],[-153.67,39.67],[-153.92,39.6],[-154.03,39.76],[-154.51,39.49],[-154.66,39.58],[-155.02,39.52],[-155.55,39.55],[-155.59,39.79],[-155.43,40.02],[-155.21,39.98],[-154.91,40.13],[-154.37,40.23],[-154.1,40.23],[-154.03,40.04],[-153.55,40.28],[-153.48,40.53],[-152.88,40.66],[-152.54,40.37],[-152.41,40.42],[-151.82,40.42],[-151.68,40.56],[-151.61,40.88],[-151.82,41.01],[-151.83,41.2],[-151.36,41.44],[-151.32,40.96],[-151.1,40.97],[-150.66,41.11],[-150.65,41.65],[-150.51,41.86],[-149.93,41.88],[-150.07,42.2],[-149.7,42.31],[-149.39,42.17],[-149.71,41.89],[-149.62,41.57],[-149.81,41.23],[-149.69,41.11],[-148.89,41.19],[-148.85,41.06],[-149.05,41.03],[-148.88,40.72],[-148.69,40.95],[-148.41,40.74],[-147.94,40.8],[-147.55,40.9],[-147.62,41.03],[-147.16,41.29],[-146.81,41.36],[-146.67,41.15],[-146.76,40.86],[-147.16,40.73],[-146.71,40.78],[-146.58,40.9],[-146.69,41.4],[-146.41,41.58],[-146.49,41.69],[-146.89,41.78],[-147.6,41.7],[-147.67,41.81],[-148.04,41.93],[-148.33,41.73],[-148.27,42.11],[-148.92,42.12],[-149.1,42.01],[-149.34,42.27],[-149.3,42.48],[-149.02,42.66],[-148.62,42.78],[-148.71,42.98],[-148.34,43.3],[-148.54,43.43],[-148.33,43.67],[-148.18,43.63],[-147.22,43.55],[-147.53,43.83],[-147.21,44.1],[-147.96,44.01],[-148.51,44.09],[-148.45,44.26],[-148.13,44.33],[-148.01,44.5],[-148.19,44.75],[-148.05,44.83],[-148.04,45.09],[-147.58,45.19],[-147.58,45.46],[-147.71,45.5],[-147.94,46],[-148.2,46.17],[-148.46,46.15],[-149.08,46.4],[-149.16,46.83],[-148.96,47.02],[-148.72,47.08],[-148.7,47.26],[-148.51,47.52],[-148.16,47.74],[-149.37,47.83],[-149.47,47.47],[-149.7,47.54],[-149.99,47.14],[-150.98,47.08],[-151.51,47.16],[-151.77,47.4],[-151.86,47.61],[-151.85,48.17],[-151.51,48.34],[-151.41,48.56],[-152.04,48.62],[-153.01,48.67],[-152.81,48.42],[-153.08,48.39],[-153.41,48.91],[-153.79,48.91],[-154.15,48.41],[-154.35,48.8],[-154.8,48.65],[-155.29,48.91],[-155.16,48.51],[-155.59,48.48],[-155.98,48.67],[-155.83,48.85],[-155.59,48.89],[-155.5,49.13],[-155.83,49.42],[-156.08,49.39],[-156.34,49.51],[-156.59,49.75],[-157.07,49.49],[-157.47,49.63],[-157.52,49.47],[-157.76,49.42],[-157.92,49.22],[-158.71,49],[-158.93,49.08],[-159.37,49.09],[-159.79,48.78],[-160.03,48.76],[-159.92,48.4],[-160.46,48.43],[-160.79,48.32],[-160.94,48.4],[-160.9,49.3],[-160.35,49.49],[-160.09,49.44],[-159.94,49.17],[-159.48,49.29],[-159.75,49.47],[-159.96,49.87],[-160.79,50.04],[-160.62,49.63],[-160.85,49.42],[-161.12,49.36],[-161.54,49.82],[-161.78,49.71],[-162.11,49.76],[-162.3,49.99]],[[-163.7,48.77],[-163.6,48.69],[-163.68,48.41],[-163.9,48.5],[-163.7,48.77]],[[-162.58,46.8],[-162.61,47],[-162.07,46.86],[-162.09,47.27],[-162.27,47.44],[-162.06,47.57],[-162.04,47.85],[-161.74,48.1],[-161.27,48.07],[-161.14,47.98],[-160.86,48.19],[-160.54,48.23],[-159.85,48.01],[-159.19,48.29],[-159.14,48.12],[-158.21,48.24],[-158.04,48.35],[-157.74,48.18],[-158.07,48.03],[-158.5,48.07],[-158.52,47.73],[-158.38,47.52],[-158.66,47.35],[-158.71,47.21],[-159.24,47.18],[-159.47,47.29],[-159.68,47.23],[-159.75,47.5],[-160.02,47.63],[-160.19,47.42],[-160.46,47.38],[-160.39,47.14],[-160.48,46.79],[-160.82,46.77],[-160.89,46.43],[-161.29,46.43],[-161.47,46.98],[-161.64,46.45],[-161.59,46.3],[-161.74,45.97],[-162.67,45.98],[-162.81,46.18],[-162.57,46.5],[-162.58,46.8]],[[-159.59,48.55],[-159.86,48.48],[-159.94,48.7],[-159.56,48.71],[-159.59,48.55]],[[-158.88,48.73],[-159.06,48.96],[-158.59,48.89],[-158.88,48.73]],[[-157.96,48.92],[-157.97,49.07],[-157.67,49.14],[-157.59,48.93],[-157.96,48.92]],[[-156.86,49.14],[-156.93,49.4],[-156.63,49.52],[-156.53,49.39],[-156.7,49.13],[-156.86,49.14]],[[-157.83,48.78],[-157.74,48.62],[-157.99,48.46],[-158.27,48.63],[-157.83,48.78]],[[-156.9,48.64],[-156.81,48.38],[-156.6,48.38],[-156.62,48.14],[-156.97,48.14],[-157.13,48.62],[-156.9,48.64]],[[-154.98,48.42],[-154.81,48.23],[-155.33,48.1],[-155.55,47.97],[-155.66,48.38],[-154.98,48.42]],[[-153.53,48.15],[-153.54,48.38],[-153.24,48.36],[-153.14,47.98],[-153.56,47.78],[-153.53,48.15]],[[-152.4,48.11],[-152.02,48.43],[-151.71,48.46],[-151.63,48.3],[-151.98,48.15],[-151.91,47.97],[-152.11,47.9],[-152.4,48.11]],[[-157.06,47.45],[-156.82,47.42],[-156.82,47.23],[-157.12,47.3],[-157.06,47.45]],[[-157.95,47.31],[-158.02,47.21],[-158.45,47.22],[-158.5,47.34],[-158.14,47.45],[-157.95,47.31]],[[-157.09,48.88],[-157.32,48.86],[-157.39,49.05],[-156.99,49.05],[-157.09,48.88]],[[-153.55,45.11],[-153.36,44.9],[-153.59,44.84],[-153.7,45.05],[-153.55,45.11]],[[-152.07,44.53],[-151.89,44.36],[-152.04,44.06],[-152.07,43.78],[-151.88,43.64],[-151.82,43.36],[-152.18,43.32],[-152.25,43.43],[-152.66,43.54],[-152.82,43.73],[-152.71,44.03],[-152.24,43.93],[-152.32,44.28],[-152.07,44.53]],[[-148.28,43.89],[-148.15,43.95],[-147.69,43.94],[-147.7,43.74],[-148.25,43.77],[-148.28,43.89]],[[-150.19,43.7],[-150.09,43.52],[-149.76,43.51],[-149.4,43.68],[-149.01,43.62],[-148.83,43.52],[-148.69,43.11],[-149.13,42.94],[-149.25,43.14],[-149.5,43.08],[-149.71,43.32],[-150.1,43.22],[-150.16,43.41],[-150.48,43.46],[-151.15,43.42],[-151.37,43.44],[-151.17,43.69],[-150.19,43.7]],[[-151.64,42.49],[-151.41,42.34],[-151.32,41.95],[-151.59,42.08],[-151.72,42.36],[-151.64,42.49]],[[-150.77,42.21],[-150.62,42.01],[-150.91,41.85],[-151,42],[-150.77,42.21]],[[-153.58,41.19],[-153.46,41.36],[-153.19,41.14],[-153.27,40.96],[-153.58,41.19]],[[-160.32,40.61],[-160.39,40.82],[-160.06,40.87],[-160.01,40.68],[-160.32,40.61]],[[-165.24,41.38],[-164.98,41.16],[-165.34,41.01],[-165.46,41.14],[-165.24,41.38]],[[-158.38,41.14],[-158.69,41.39],[-158.64,41.58],[-158.17,41.79],[-157.97,41.61],[-157.68,41.57],[-157.77,41.39],[-158.08,41.38],[-158.15,41.19],[-158.38,41.14]],[[-166.12,41.33],[-166.34,41.36],[-166.34,41.65],[-166.11,41.64],[-166.12,41.33]],[[-165.76,41.63],[-165.94,41.78],[-165.73,41.98],[-165.66,41.69],[-165.76,41.63]],[[-158.91,42.13],[-158.94,42.22],[-158.53,42.35],[-158.53,42.15],[-158.91,42.13]],[[-169.87,42.24],[-170.05,42.26],[-170.04,42.48],[-169.75,42.62],[-169.56,42.53],[-169.87,42.24]],[[-172.42,42.46],[-172.74,42.46],[-172.56,42.72],[-172.42,42.46]],[[-178.66,42.53],[-178.94,42.65],[-179.19,42.63],[-179.14,42.94],[-178.76,42.89],[-178.66,42.53]],[[-177.09,43.05],[-176.94,42.88],[-177.21,42.71],[-177.39,42.84],[-177.09,43.05]],[[-175.92,42.96],[-175.73,43.1],[-175.41,43.03],[-175.81,42.84],[-175.92,42.96]],[[-174.86,43.38],[-174.78,43.17],[-175.08,43.07],[-175.16,43.19],[-174.86,43.38]],[[-173.73,43.08],[-173.84,43.35],[-173.6,43.4],[-173.53,43.12],[-173.73,43.08]],[[-153,44.5],[-152.72,44.49],[-152.74,44.18],[-153.02,44.21],[-153,44.5]],[[-153.26,43.47],[-152.94,43.38],[-153.05,43.25],[-153.44,43.29],[-153.26,43.47]],[[-151.72,43.57],[-151.5,43.45],[-151.57,43.23],[-151.42,43.14],[-151.67,42.93],[-151.82,43.11],[-151.71,43.37],[-151.72,43.57]],[[-153.61,42.54],[-153.58,42.44],[-153.87,42.26],[-154.01,42.43],[-153.61,42.54]],[[-159.45,46.65],[-159.19,46.83],[-158.82,46.84],[-158.78,46.68],[-159.45,46.65]],[[-151.05,46.87],[-150.91,46.78],[-151.15,46.48],[-151.63,46.46],[-151.51,46.64],[-151.24,46.68],[-151.05,46.87]],[[-158.58,46.58],[-158.5,46.42],[-158.8,46.33],[-158.84,46.49],[-158.58,46.58]],[[-164.31,46.57],[-164.22,46.8],[-163.97,46.58],[-164.31,46.57]],[[-163.02,48.06],[-162.48,47.98],[-162.52,47.75],[-162.79,47.79],[-163.09,47.48],[-163.39,47.62],[-163.69,47.56],[-163.7,47.76],[-163.56,47.96],[-163.31,47.9],[-163.02,48.06]],[[-164.16,47.4],[-163.96,47.31],[-163.93,47.12],[-164.36,47.15],[-164.43,47.47],[-164.16,47.4]],[[-163.23,47.06],[-163.31,46.79],[-163.6,46.71],[-163.69,46.89],[-163.23,47.06]],[[-173.1,48.53],[-173.18,48.6],[-173.16,48.98],[-173.23,49.21],[-172.91,49.21],[-172.89,48.78],[-173.1,48.53]],[[-173.47,49.25],[-173.65,49.11],[-173.95,49.08],[-174.09,49.26],[-173.47,49.25]],[[-175.35,49.25],[-175.48,49.41],[-175.73,49.46],[-175.63,49.66],[-175.3,49.66],[-175.2,49.38],[-175.35,49.25]],[[-175.07,49.55],[-175.13,49.85],[-175.45,49.86],[-175.48,50.04],[-174.65,50.12],[-174.55,49.92],[-175.07,49.55]],[[-174.55,50.23],[-174.35,50.14],[-174.01,50.15],[-173.88,50.33],[-173.15,50.4],[-172.95,50.16],[-172.97,49.83],[-173.21,49.94],[-173.67,49.93],[-173.88,49.82],[-174.49,49.9],[-174.55,50.23]],[[-169.62,50.49],[-169.26,50.59],[-169.08,50.47],[-169.3,50.33],[-169.62,50.49]],[[-168.82,50.47],[-168.76,50.61],[-168.36,50.71],[-168.38,50.42],[-168.77,50.21],[-168.96,50.32],[-168.82,50.47]],[[-168.17,50.76],[-167.89,50.83],[-167.46,50.56],[-167.34,50.03],[-167.61,50.05],[-167.71,50.37],[-168.13,50.33],[-168.17,50.76]],[[-172.41,49.34],[-172.24,49.23],[-172.11,48.97],[-172.59,49.14],[-172.41,49.34]],[[-174.59,49.6],[-174.48,49.79],[-173.99,49.75],[-174.11,49.53],[-174.59,49.6]],[[-171.8,49.68],[-171.73,49.56],[-171.89,49.34],[-172.17,49.28],[-172.11,49.6],[-171.8,49.68]],[[-173.8,49.35],[-174.09,49.48],[-173.82,49.71],[-173.59,49.76],[-173.19,49.49],[-173.23,49.37],[-173.8,49.35]],[[-179.64,39.86],[-179.6,40.07],[-179.29,39.99],[-179.16,39.82],[-179.35,39.58],[-179.64,39.86]],[[-158.52,39.94],[-158.34,39.81],[-158.06,39.84],[-158.02,39.48],[-158.38,39.57],[-158.52,39.94]],[[-147.72,39.48],[-147.68,39.71],[-147.43,39.8],[-147.29,39.67],[-147.01,39.66],[-146.77,39.44],[-146.49,39.43],[-146.37,39.6],[-146.07,39.52],[-145.9,39.38],[-145.87,39.83],[-145.77,39.96],[-145.39,39.86],[-145.24,39.58],[-145.03,39.67],[-144.7,39.65],[-144.19,39.75],[-143.95,39.7],[-143.72,39.79],[-143.45,39.65],[-142.44,39.74],[-141.79,39.74],[-141.86,39.6],[-142.2,39.53],[-142.82,39.57],[-143.59,39.41],[-144.05,39.38],[-144.62,39.26],[-144.79,39.15],[-145.01,39.19],[-145.55,39.14],[-146.13,38.99],[-146.93,38.83],[-147.87,38.77],[-147.95,39.06],[-147.62,39.24],[-147.72,39.48]],[[-140.88,39.05],[-140.93,38.81],[-141.12,38.71],[-141.11,38.47],[-141.55,38.46],[-141.29,38.66],[-141.29,38.96],[-141.59,39.17],[-140.97,39.19],[-140.88,39.05]],[[-140.71,38.54],[-140.66,38.66],[-140.22,38.55],[-140.45,38.41],[-140.71,38.54]],[[-139.44,38.18],[-138.97,38.01],[-138.94,37.87],[-139.43,37.96],[-139.44,38.18]],[[-145.82,37.96],[-146,37.81],[-146.14,37.9],[-146.05,38.14],[-146.46,38.29],[-146.16,38.8],[-145.84,38.51],[-145.82,37.96]],[[-146.68,37.87],[-146.58,37.7],[-146.6,37.5],[-146.9,37.27],[-146.94,37.8],[-146.68,37.87]],[[-135.64,37.04],[-135.52,36.65],[-135.71,36.56],[-135.75,36.91],[-135.64,37.04]],[[-133.3,35.92],[-133.01,35.73],[-133.22,35.66],[-133.3,35.92]],[[-132.64,35.55],[-132.47,35.53],[-132.34,35.32],[-132.55,35.21],[-132.99,35.48],[-132.64,35.55]],[[-135.91,35.2],[-135.85,34.93],[-136.05,34.79],[-135.83,34.57],[-135.8,34.25],[-135.94,34.2],[-136.14,34.38],[-136.36,34.3],[-136.41,34.08],[-136.97,34.02],[-137.02,34.24],[-137.18,34.37],[-137.47,34.34],[-137.58,34.21],[-138.05,34.19],[-138.21,34.48],[-138.03,34.63],[-138.08,34.89],[-137.84,34.83],[-137.42,34.98],[-137.45,35.35],[-137.05,35.37],[-136.92,35.26],[-136.68,35.5],[-136.44,35.38],[-136.58,35.2],[-136.08,35.09],[-135.91,35.2]],[[-133.05,34.95],[-133.01,34.8],[-133.19,34.72],[-133.5,34.79],[-133.25,34.94],[-133.05,34.95]],[[-135.34,34.25],[-135.12,34.25],[-135.08,34.05],[-135.31,33.96],[-135.52,34.06],[-135.69,34.38],[-135.67,34.55],[-135.29,34.58],[-135.34,34.25]],[[-143.3,33.84],[-143.21,33.63],[-143.42,33.55],[-143.64,33.7],[-143.3,33.84]],[[-139.01,33.67],[-138.78,33.72],[-138.77,33.48],[-138.98,33.49],[-139.01,33.67]],[[-140.87,33.48],[-140.71,33.31],[-140.47,33.21],[-140.67,32.96],[-140.87,32.99],[-141,33.24],[-140.87,33.48]],[[-140.82,32.96],[-140.72,32.78],[-140.95,32.66],[-141,32.93],[-140.82,32.96]],[[-162.94,32.6],[-162.73,32.32],[-162.55,32.4],[-162.58,32.6],[-162.29,32.57],[-162.2,32.38],[-161.93,32.43],[-161.03,32.43],[-161.04,32.26],[-161.36,32.07],[-161.54,32.18],[-161.84,32.23],[-161.88,32.02],[-161.71,31.98],[-161.22,31.99],[-161.26,31.79],[-161.72,31.73],[-162.26,31.55],[-162.5,31.6],[-162.72,31.49],[-162.97,31.47],[-163.2,31.21],[-163.37,31.22],[-163.2,31.54],[-163.21,31.85],[-163.66,32.03],[-163.89,32.05],[-164.27,32.2],[-164.73,32.09],[-164.86,32.28],[-164.46,32.44],[-164.19,32.38],[-163.64,32.37],[-163.66,32.7],[-163.92,32.64],[-164.23,32.66],[-164.56,32.57],[-164.74,32.95],[-164.32,32.88],[-164.07,33.14],[-164.34,33.29],[-164.77,33.12],[-165.07,33.09],[-165.18,33.24],[-165.06,33.4],[-164.66,33.41],[-164.35,33.53],[-164.22,33.41],[-163.83,33.41],[-163.89,33.1],[-163.76,32.93],[-163.55,32.85],[-163.21,32.93],[-162.94,32.78],[-162.94,32.6]],[[-160.68,32.46],[-160.39,32.33],[-160.03,32.46],[-159.72,32.38],[-159.48,32.45],[-159.35,32.22],[-159.73,32.21],[-159.88,32.27],[-160.23,32.12],[-160.59,32.07],[-160.68,32.46]],[[-161.9,31.28],[-161.86,31.03],[-161.97,30.96],[-162.56,31.09],[-162.53,31.3],[-162.27,31.38],[-162.15,31.19],[-161.9,31.28]],[[-172.87,30.79],[-172.8,30.56],[-172.9,30.43],[-173.21,30.41],[-173.52,30.81],[-173.07,30.96],[-172.87,30.79]],[[-162.18,30.63],[-161.87,30.61],[-161.84,30.43],[-161.98,30.16],[-162.24,30.33],[-162.18,30.63]],[[-161.51,30.63],[-161.33,30.68],[-161.19,30.51],[-161.44,30.44],[-161.51,30.63]],[[-149.27,30.47],[-148.86,30.58],[-148.9,30.43],[-149.27,30.47]],[[-172.44,30.19],[-172.46,29.98],[-172.74,29.99],[-172.85,30.12],[-172.79,30.34],[-172.55,30.41],[-172.44,30.19]],[[-163.32,29.8],[-163.03,29.59],[-163.16,29.41],[-163.61,29.47],[-163.75,29.71],[-163.32,29.8]],[[-161.26,29.32],[-161.11,29.19],[-161.46,29.11],[-161.6,29.26],[-161.26,29.32]],[[-161.8,29.1],[-161.85,28.87],[-161.55,28.75],[-161.61,28.57],[-161.9,28.54],[-161.99,28.7],[-162.26,28.88],[-162.19,29.18],[-161.8,29.1]],[[-162.84,29.09],[-162.5,28.87],[-162.42,28.65],[-162.52,28.54],[-162.74,28.58],[-162.84,29.09]],[[-173.62,29.94],[-173.89,29.61],[-174.21,29.68],[-174.24,30],[-174.12,30.11],[-173.8,30.13],[-173.62,29.94]],[[-173.98,29.54],[-173.64,29.43],[-173.72,28.95],[-174.09,28.81],[-174.34,28.97],[-174.4,29.31],[-174.29,29.42],[-173.98,29.54]],[[-179.07,29.62],[-179.16,29.74],[-178.98,29.93],[-178.81,29.7],[-179.07,29.62]],[[-174.91,30.58],[-174.62,31.08],[-174.68,31.37],[-174.47,31.4],[-174.31,31],[-174.13,30.83],[-174.14,30.62],[-174.61,30.42],[-174.91,30.58]],[[-178.59,30.76],[-178.9,31.03],[-178.37,31.42],[-178.06,31.37],[-178.28,31.17],[-178.19,30.93],[-178.59,30.76]],[[-176.43,31.19],[-176.1,30.98],[-176.13,30.86],[-176.47,30.99],[-176.43,31.19]],[[-164.18,30.41],[-164.06,30.62],[-163.73,30.48],[-163.87,30.24],[-164.18,30.41]],[[-164.84,31.38],[-164.74,31.57],[-164.46,31.54],[-164.57,31.34],[-164.84,31.38]],[[-165.04,31.54],[-165.25,31.69],[-165.07,31.88],[-164.78,31.9],[-164.81,31.66],[-165.04,31.54]],[[-165.29,32.03],[-165.27,32.23],[-165.13,32.28],[-165.01,32.09],[-165.29,32.03]],[[-165.6,32.44],[-165.75,32.37],[-165.96,32.54],[-165.89,32.66],[-165.6,32.59],[-165.6,32.44]],[[-166.45,33.48],[-166.61,33.26],[-166.76,33.36],[-166.7,33.59],[-166.45,33.48]],[[-146.1,33.75],[-146.22,33.67],[-146.54,33.88],[-146.26,33.94],[-146.1,33.75]],[[-166.12,33.79],[-166.24,33.69],[-166.66,33.77],[-166.7,34.01],[-166.48,34.16],[-166.34,33.96],[-166.12,33.79]],[[-166.85,33.76],[-167.21,33.71],[-167.28,34.01],[-167.08,34.11],[-166.87,34.06],[-166.77,33.88],[-166.85,33.76]],[[-138.82,34.51],[-138.63,34.53],[-138.49,34.36],[-138.77,34.22],[-138.82,34.51]],[[-143.19,34.78],[-143.64,34.82],[-143.53,34.98],[-143.04,34.94],[-143.19,34.78]],[[-172.9,35.73],[-172.56,35.69],[-172.59,35.52],[-172.86,35.57],[-172.9,35.73]],[[-173.28,36.16],[-173.55,36.27],[-173.16,36.74],[-173.1,36.98],[-172.9,36.91],[-172.8,37.08],[-172.57,37.08],[-172.49,36.94],[-172.83,36.86],[-172.92,36.6],[-173.28,36.16]],[[-173.33,37.22],[-173.45,37.45],[-173.12,37.42],[-173.33,37.22]],[[-174.65,37.44],[-174.83,37.19],[-174.86,36.94],[-174.99,36.79],[-175.53,36.76],[-175.94,36.99],[-176.18,37.34],[-176.3,37.68],[-176.59,38.03],[-176.42,38.23],[-175.98,38.05],[-176.02,37.89],[-175.75,37.66],[-175.49,37.94],[-175.42,37.5],[-175.1,37.74],[-174.99,38.16],[-174.79,38.21],[-174.55,38.06],[-174.86,37.68],[-174.65,37.44]],[[-176.52,37.1],[-176.33,36.87],[-176.65,36.58],[-176.52,37.1]],[[-177.59,37.27],[-177.93,37.65],[-177.67,37.64],[-177.51,37.36],[-177.59,37.27]],[[-178.22,37.82],[-178.1,37.52],[-178.46,37.66],[-178.22,37.82]],[[-177,37.69],[-177.02,38.12],[-177.17,38.32],[-177.43,38.35],[-177.61,38.55],[-177.74,38.52],[-178.1,38.82],[-178.24,39.04],[-177.97,39.06],[-177.74,38.89],[-177.51,38.83],[-177.21,38.51],[-177.04,38.46],[-176.72,37.84],[-177,37.69]],[[-177.38,39.1],[-177.87,39.39],[-177.79,39.48],[-177.44,39.39],[-177.06,39.48],[-176.78,39.47],[-176.81,39.27],[-177.38,39.1]],[[-178.31,39.44],[-178.25,39.17],[-178.46,39.17],[-178.57,39.37],[-178.8,39.47],[-178.6,39.63],[-178.31,39.44]],[[-167.93,39.44],[-167.43,39.56],[-167.47,39.36],[-167.89,39.31],[-167.93,39.44]],[[-160.15,39.5],[-159.94,39.37],[-160.44,39.21],[-160.4,39.43],[-160.15,39.5]],[[-158.59,39.29],[-157.86,39.38],[-157.9,38.99],[-158.18,39.22],[-158.38,39.12],[-158.59,39.29]],[[-154.58,39.38],[-154.36,39.16],[-154.54,38.99],[-154.74,39.03],[-154.73,39.34],[-154.58,39.38]],[[-152.86,39.41],[-152.62,39.32],[-152.89,39.14],[-153.6,39.09],[-153.86,38.98],[-154.02,39.11],[-153.79,39.3],[-153.57,39.2],[-152.86,39.41]],[[-146.8,38.44],[-146.53,38.47],[-146.8,38.05],[-146.99,38],[-147.25,37.66],[-147.55,37.73],[-147.62,38.14],[-147.22,38.13],[-147,38.38],[-146.8,38.44]],[[-160.75,37.53],[-161.3,37.4],[-161.53,37.68],[-161.36,37.8],[-161.09,37.84],[-160.75,37.53]],[[-163.44,37.51],[-163.65,37.38],[-163.85,37.44],[-163.82,37.61],[-163.6,37.65],[-163.44,37.51]],[[-164.06,37.58],[-163.92,37.31],[-164.63,37.07],[-164.78,37.13],[-165.05,36.99],[-165.64,36.98],[-165.75,36.94],[-166.51,36.87],[-166.54,37.04],[-165.48,37.15],[-165.01,37.24],[-164.76,37.42],[-164.59,37.42],[-164.06,37.58]],[[-172.15,36.82],[-172.39,36.91],[-172.3,37.08],[-171.98,37.37],[-172.13,37.43],[-171.77,37.94],[-171.5,37.8],[-171.11,37.79],[-170.81,38.2],[-171.13,38.22],[-170.95,38.52],[-170.6,38.25],[-170.3,38.55],[-170.14,38.62],[-169.85,38.5],[-169.78,38.33],[-169.9,37.99],[-169.58,38.04],[-169.51,38.23],[-169.22,38.5],[-169.09,38.41],[-169.16,38.13],[-169.51,37.85],[-169.87,37.63],[-170.14,37.55],[-170,37.91],[-170.28,38.11],[-170.47,38.04],[-170.49,37.85],[-171.15,37.26],[-171.41,37.31],[-171.43,37.66],[-171.65,37.54],[-171.61,37.31],[-171.83,37.09],[-172.03,37.05],[-172.15,36.82]],[[-172.51,37.33],[-172.74,37.34],[-172.78,37.62],[-172.19,37.88],[-172.16,37.67],[-172.26,37.49],[-172.51,37.33]],[[-173.09,37.53],[-173.37,37.72],[-173.5,37.64],[-173.7,37.77],[-173.95,37.77],[-174.18,37.62],[-174.31,37.82],[-174.29,38.07],[-174.01,38.4],[-173.82,38.38],[-173.88,38.02],[-173.7,37.9],[-173.45,38.03],[-173.33,37.83],[-173.02,37.93],[-172.91,37.69],[-173.09,37.53]],[[-172.11,38.43],[-171.62,38.45],[-171.5,38.28],[-171.64,38.05],[-172.21,38.06],[-172.67,37.97],[-172.38,38.36],[-172.11,38.43]],[[-163.58,38.67],[-163.51,38.77],[-163.03,38.92],[-162.67,38.76],[-162.96,38.64],[-163.4,38.55],[-163.58,38.67]],[[-169.9,39.04],[-169.99,39.22],[-169.64,39.25],[-169.62,39.11],[-169.9,39.04]],[[-170.64,39.36],[-170.57,39.17],[-171.14,39.21],[-171.12,39.46],[-170.86,39.48],[-170.64,39.36]],[[-168.12,39.39],[-168.05,39.27],[-168.35,39],[-168.67,39.1],[-169.21,39.16],[-169.17,39.38],[-168.48,39.24],[-168.12,39.39]],[[-160.78,39.38],[-160.77,39.15],[-161.13,39.15],[-161.05,39.34],[-160.78,39.38]],[[-162.9,39.19],[-163.06,38.99],[-163.3,39.17],[-163.12,39.29],[-162.9,39.19]],[[-161.48,39.09],[-161.3,38.94],[-161.55,38.78],[-161.81,38.99],[-161.48,39.09]],[[-149,38.7],[-149.26,38.16],[-149.51,38.27],[-149.53,38.7],[-149.29,38.78],[-149,38.7]],[[-151.98,38.22],[-151.95,37.93],[-152.29,38.02],[-151.98,38.22]],[[-154.08,37.75],[-154.79,37.58],[-154.74,37.7],[-154.16,37.85],[-154.08,37.75]],[[-160.39,37.73],[-160.75,37.7],[-160.92,37.92],[-160.31,38.04],[-160.01,38.05],[-159.86,37.76],[-160.2,37.58],[-160.39,37.73]],[[-164.29,37.79],[-164.46,38.04],[-163.97,38.35],[-163.73,38.46],[-163.63,38.25],[-163.95,38.07],[-164.29,37.79]],[[-163.34,38.04],[-163.43,38.21],[-162.8,38.53],[-162.7,38.33],[-162.38,38.23],[-163.03,37.97],[-163.34,38.04]],[[-159.92,38.51],[-159.66,38.41],[-160.03,38.23],[-160.34,38.34],[-159.92,38.51]],[[-156.49,38.85],[-156.76,38.68],[-156.86,38.84],[-156.49,38.85]],[[-153.07,38.02],[-153.26,38.06],[-153.17,38.45],[-152.93,38.3],[-153.07,38.02]],[[-153.91,38.44],[-154.21,38.11],[-154.39,38.15],[-154.29,38.35],[-153.91,38.44]],[[-137.9,35.26],[-137.73,35.3],[-137.7,35.06],[-137.82,34.94],[-138.14,35.14],[-137.9,35.26]],[[-179.12,31.97],[-179.17,31.9],[-179.51,31.98],[-179.3,32.14],[-179.12,31.97]],[[-178.76,32.25],[-178.71,32.37],[-178.35,32.52],[-178.11,32.47],[-178.34,32.23],[-178.76,32.25]],[[-177.44,33.36],[-177.65,33.31],[-177.44,33.61],[-177.24,33.63],[-177.09,33.27],[-177.23,33.09],[-177.22,32.86],[-177.05,32.78],[-177.22,32.33],[-177.58,32.55],[-177.59,32.7],[-177.39,32.76],[-177.44,33.36]],[[-176.25,32.59],[-176.05,32.48],[-176,32.09],[-176.58,32.02],[-176.76,32.09],[-176.58,32.41],[-176.25,32.59]],[[-177.98,26.29],[-178.06,26.54],[-177.73,26.68],[-177.62,26.4],[-177.77,26.29],[-177.98,26.29]],[[-177.37,25.62],[-177.45,25.87],[-177.19,25.92],[-177.19,25.65],[-177.37,25.62]],[[-177.88,24.82],[-177.72,24.77],[-177.79,24.55],[-178,24.62],[-177.88,24.82]],[[-178.99,21.86],[-179.2,21.7],[-179.27,21.9],[-179.07,22.04],[-178.99,21.86]],[[-176.39,21.08],[-176.2,21.15],[-175.98,20.99],[-176.2,20.79],[-175.96,20.57],[-176.12,20.39],[-176.58,20.42],[-176.54,20.76],[-176.39,21.08]],[[-173.78,20.87],[-173.54,20.96],[-173.34,20.81],[-173.38,20.66],[-173.71,20.57],[-173.78,20.87]],[[-177.45,20.68],[-177.19,20.66],[-177.29,20.46],[-177.46,20.66],[-177.65,20.64],[-177.74,20.88],[-177.48,20.83],[-177.45,20.68]],[[-176.5,19.71],[-176.32,19.77],[-176.25,19.52],[-176.76,19.34],[-176.72,19.54],[-176.5,19.71]],[[-162.86,27.9],[-162.99,27.65],[-163.33,27.7],[-163.34,27.84],[-162.86,27.9]],[[-163.51,27.63],[-163.79,27.51],[-163.98,27.71],[-163.39,27.82],[-163.51,27.63]],[[-162.79,27.5],[-162.36,27.35],[-162.36,27.14],[-162.77,27.08],[-163,27.43],[-162.79,27.5]],[[-162.28,27.1],[-162.15,26.88],[-162.46,26.69],[-162.46,27.05],[-162.28,27.1]],[[-148.99,41.56],[-149.11,41.49],[-149.45,41.82],[-149.11,41.97],[-148.99,41.56]],[[-153.73,48.84],[-153.43,48.78],[-153.41,48.59],[-153.86,48.61],[-153.73,48.84]]]},"properties":{"scalerank":0,"featurecla":"Bathymetry","depth":5000}},
{"type":"Feature","geometry":null,"properties":{"scalerank":0,"featurecla":"Bathymetry","depth":5000}},
{"type":"Feature","geometry":null,"properties":{"scalerank":0,"featurecla":"Bathymetry","depth":5000}},
{"type":"Feature","geometry":null,"properties":{"scalerank":0,"featurecla":"Bathymetry","depth":5000}},
{"type":"Feature","geometry":{"type":"Polygon","coordinates":[[[-133.07,21.26],[-133.06,21.27],[-133.07,21.27],[-133.07,21.26]]]},"properties":{"scalerank":0,"featurecla":"Bathymetry","depth":5000}},
{"type":"Feature","geometry":{"type":"Polygon","coordinates":[[[-136.89,22.29],[-136.9,22.32],[-136.9,22.28],[-136.89,22.29]]]},"properties":{"scalerank":0,"featurecla":"Bathymetry","depth":5000}},
{"type":"Feature","geometry":{"type":"Polygon","coordinates":[[[-155.04,25.73],[-154.73,25.31],[-154.54,25.13],[-154.73,25.02],[-154.64,24.7],[-154.39,24.72],[-154.23,24.87],[-153.98,24.71],[-154.06,24.41],[-153.79,24.55],[-153.71,24.48],[-153.59,24.36],[-153.47,23.99],[-153.33,23.86],[-153.19,23.49],[-153.29,23.24],[-153.02,23.07],[-153.19,22.7],[-153.12,22.4],[-152.69,22.34],[-152.41,22.25],[-152.27,22.06],[-152.33,21.91],[-152.58,21.91],[-152.87,21.81],[-153.31,21.75],[-153.27,21.53],[-153.56,21.27],[-153.81,21.15],[-154.11,21.15],[-154.31,21.22],[-154.27,21.51],[-154.38,21.62],[-155.01,21.65],[-155.45,21.84],[-155.74,21.9],[-155.9,22.01],[-156.54,22.04],[-156.72,21.79],[-156.64,21.58],[-156.19,21.43],[-155.74,21.43],[-155.68,21.24],[-155.48,21.2],[-155.14,20.78],[-154.9,20.79],[-154.79,20.54],[-154.99,20.37],[-154.92,20.23],[-154.2,19.81],[-154.46,19.43],[-154.63,19.3],[-154.8,19],[-155.03,18.85],[-155.25,18.56],[-155.33,18.15],[-154.87,18.05],[-154.64,17.54],[-154.7,17.23],[-154.43,16.98],[-154.24,16.94],[-154.3,16.74],[-154.56,16.64],[-154.78,16.7],[-155,16.9],[-155.08,17.17],[-155.36,17.07],[-155.03,16.69],[-154.9,16.37],[-155.37,16.14],[-155.46,16.34],[-155.72,16.13],[-155.92,16.23],[-155.82,16.4],[-155.94,16.67],[-156.25,16.65],[-156.4,16.8],[-156.79,16.64],[-156.79,16.81],[-157.11,16.81],[-157.41,17.02],[-157.39,16.74],[-157.76,16.7],[-157.92,16.8],[-157.87,17.05],[-158.04,17.31],[-158.23,17.47],[-158.44,17.35],[-158.66,17.5],[-158.8,17.71],[-159.14,17.76],[-159.18,17.94],[-159.37,17.96],[-159.45,18.16],[-159.64,18.34],[-159.69,18.49],[-160.09,18.67],[-160.39,19.05],[-160.82,19.27],[-160.75,19.48],[-160.84,19.61],[-161.05,19.48],[-161.18,19.55],[-161.4,19.51],[-161.67,19.55],[-161.66,19.73],[-161.98,19.75],[-162.23,19.64],[-162.26,19.94],[-162.56,19.98],[-162.68,19.83],[-162.86,19.97],[-163.31,19.94],[-163.44,19.87],[-163.58,20.06],[-163.83,20.12],[-164.1,19.93],[-164.32,19.98],[-164.62,19.9],[-165.27,19.88],[-165.55,19.95],[-165.43,20.16],[-165.17,20.3],[-165.45,20.41],[-165.8,20.41],[-165.99,20.26],[-166.08,20.46],[-166.36,20.18],[-166.8,19.96],[-167.06,19.93],[-167.18,19.79],[-167.86,19.54],[-168.12,19.51],[-168.56,19.32],[-168.59,19.07],[-169.01,18.98],[-169.06,18.76],[-168.64,18.82],[-168.26,19.27],[-167.87,19.32],[-167.79,19.22],[-167.93,19.05],[-167.66,19.01],[-167.4,19.07],[-167.26,18.62],[-167.56,18.42],[-167.52,18.27],[-168.02,18.24],[-168.01,18.45],[-168.43,18.79],[-168.48,18.71],[-168.34,18.46],[-168.59,18.01],[-168.55,17.62],[-168.24,17.42],[-168.11,17.23],[-167.85,17.23],[-167.77,17.03],[-167.91,16.66],[-167.47,15.98],[-167.44,15.83],[-167.28,15.68],[-167.36,15.33],[-167.55,15.29],[-167.75,15.11],[-167.62,14.9],[-168,14.94],[-168.35,15.09],[-168.67,15.07],[-168.98,14.85],[-169.1,14.93],[-168.96,15.14],[-169.15,15.34],[-169.69,15.54],[-169.94,15.38],[-170.19,15.5],[-170.35,15.41],[-170.59,15.43],[-170.69,16.07],[-170.55,16.27],[-170.34,16.34],[-170.18,16.29],[-170.04,16.1],[-169.83,16.16],[-169.8,16.38],[-170.09,16.36],[-170.21,16.5],[-170.07,16.75],[-170.08,17.01],[-169.73,17.28],[-169.45,17.23],[-169.12,16.9],[-169.18,16.34],[-169.3,16.21],[-169.01,16.07],[-168.82,15.89],[-168.61,15.81],[-168.29,15.58],[-167.94,15.7],[-167.91,15.85],[-168.1,16.15],[-168.3,16.21],[-168.32,16.38],[-168.75,16.83],[-168.73,17.02],[-168.89,17.22],[-168.98,17.61],[-169.3,17.33],[-169.43,17.59],[-169.24,18.05],[-169.51,18.19],[-169.68,18.01],[-169.73,17.84],[-169.96,17.84],[-170.05,18.29],[-170.23,18.26],[-170.57,18.48],[-170.81,18.47],[-170.71,18.25],[-170.52,18.03],[-170.25,17.92],[-170.28,17.74],[-170.72,17.79],[-171.16,18.29],[-171.46,18.08],[-171.89,18.02],[-172.13,18.29],[-171.95,18.4],[-171.95,18.55],[-172.27,18.46],[-172.46,18.48],[-172.66,18.34],[-172.63,18.14],[-172.5,17.87],[-173.14,17.74],[-173.4,17.86],[-173.42,17.69],[-173.64,17.5],[-174,17.45],[-173.98,17.21],[-174.49,16.98],[-174.82,17.06],[-175.05,16.95],[-175.22,16.7],[-175.2,16.55],[-175.33,16.3],[-175.51,16.11],[-175.76,16.09],[-176.03,15.98],[-176.45,15.68],[-176.7,15.79],[-176.7,16],[-176.5,16.22],[-176.15,16.41],[-176.01,16.58],[-175.87,16.45],[-175.63,16.44],[-175.64,16.65],[-175.92,16.8],[-175.97,16.94],[-176.28,16.92],[-176.59,16.97],[-176.92,16.78],[-177.38,16.87],[-177.48,16.98],[-177.71,16.67],[-177.76,16.51],[-178.03,16.34],[-178.15,16.34],[-178.38,16.17],[-178.44,16.44],[-178.33,16.57],[-178.42,16.87],[-178.55,16.97],[-178.56,17.21],[-178.18,17.52],[-178.51,17.7],[-178.97,17.69],[-179.25,17.5],[-179.6,17.61],[-179.88,17.52],[-179.61,17.27],[-179.31,17.27],[-179.32,17.05],[-179.51,16.98],[-179.5,16.77],[-180,16.94],[-180,16.2],[-179.87,16.37],[-179.64,16.47],[-179.52,16.67],[-179.18,16.56],[-179.05,16.62],[-178.9,16.36],[-178.58,16.3],[-178.58,16.14],[-178.36,15.99],[-178.34,15.76],[-178.59,15.69],[-179.16,15.6],[-179.25,15.82],[-179.4,15.85],[-179.5,16.13],[-179.16,16.22],[-179.34,16.38],[-179.59,16.22],[-180,16.03],[-180,14.73],[-180,13.06],[-180,12.19],[-180,10.5],[-180,9],[-180,7.5],[-180,5.5],[-180,4],[-180,2.5],[-180,0.5],[-180,-1.5],[-180,-3.5],[-180,-5],[-180,-6.02],[-179.66,-6.28],[-179.64,-6.48],[-179.82,-6.61],[-179.72,-6.8],[-179.94,-7.2],[-179.64,-7.27],[-179.43,-7.24],[-179.4,-7.39],[-179.07,-7.52],[-178.91,-7.65],[-178.66,-7.63],[-178.59,-7.79],[-179.02,-7.8],[-179.39,-7.76],[-179.44,-7.96],[-180,-8.12],[-179.76,-8.36],[-179.7,-8.68],[-179.83,-8.88],[-179.59,-8.97],[-179.44,-8.94],[-179.26,-9.17],[-178.87,-9.17],[-178.62,-9.09],[-178.28,-9.13],[-178.01,-9.31],[-177.91,-9.2],[-177.69,-9.22],[-177.48,-9.43],[-177.22,-9.53],[-176.62,-9.31],[-176.42,-9.42],[-176.19,-9.24],[-176.11,-9.42],[-175.85,-9.48],[-175.6,-9.32],[-175.61,-9.17],[-175.32,-9.02],[-174.85,-9],[-174.98,-8.83],[-174.65,-8.5],[-174.5,-8.58],[-174.11,-8.55],[-173.88,-8.22],[-173.67,-8.09],[-173.47,-8.21],[-173.39,-8.09],[-173.47,-7.81],[-173.38,-7.5],[-173.2,-7.52],[-172.99,-7.79],[-172.8,-7.76],[-172.73,-7.9],[-172.54,-7.8],[-172.55,-7.61],[-172.36,-7.56],[-172.22,-7.4],[-172.25,-7.22],[-172.16,-6.85],[-171.98,-6.87],[-171.95,-7.15],[-171.66,-6.99],[-171.63,-6.85],[-171.41,-6.88],[-171.43,-7.13],[-171.68,-7.31],[-171.91,-7.34],[-172.01,-7.45],[-171.94,-7.8],[-171.63,-7.36],[-171.37,-7.46],[-170.88,-7.46],[-170.66,-7.62],[-170.52,-7.19],[-170.35,-7.2],[-170.29,-6.7],[-170.13,-6.49],[-170.32,-6.31],[-170.38,-5.9],[-170.57,-5.92],[-170.66,-5.69],[-170.38,-5.57],[-170.36,-5.35],[-170.47,-5.26],[-170.43,-5.08],[-170.16,-5.21],[-169.95,-5.11],[-169.75,-5.16],[-169.52,-4.96],[-169.39,-5.11],[-169.62,-5.38],[-169.94,-5.56],[-169.91,-6.12],[-169.8,-6.29],[-169.68,-6.82],[-169.75,-7.28],[-170.23,-7.69],[-170.26,-8.02],[-170.02,-8.02],[-169.8,-7.75],[-169.55,-7.66],[-169.4,-7.87],[-169.83,-8.1],[-169.81,-8.28],[-169.22,-7.8],[-169.1,-7.94],[-168.9,-7.89],[-168.89,-7.63],[-168.76,-7.63],[-168.73,-7.88],[-168.55,-8.04],[-168.58,-7.67],[-168.4,-7.52],[-168.16,-7.09],[-167.92,-6.95],[-167.78,-7.01],[-167.27,-6.81],[-167.11,-6.62],[-167.09,-6.32],[-166.94,-6.02],[-167.01,-5.7],[-166.81,-5.36],[-166.66,-5.26],[-166.7,-5.07],[-166.54,-5.01],[-166.6,-4.82],[-166.49,-4.59],[-166.34,-4.51],[-166.25,-4.24],[-166.13,-4.1],[-166.05,-3.82],[-166.14,-3.59],[-166.51,-3.56],[-166.64,-3.29],[-166.44,-3.07],[-166.27,-3.11],[-166.03,-2.78],[-165.6,-3.07],[-165.27,-3.4],[-164.93,-3.1],[-164.57,-3.08],[-164.38,-3.26],[-163.82,-3.56],[-163.63,-3.77],[-163.49,-3.79],[-163.39,-3.97],[-163.16,-3.88],[-162.9,-3.96],[-162.84,-4.12],[-162.58,-4.02],[-162.26,-3.75],[-162.03,-3.63],[-161.79,-3.68],[-161.72,-3.51],[-161.42,-3.33],[-161.42,-3.53],[-161.59,-3.84],[-161.85,-4],[-162.16,-4.01],[-162.5,-4.22],[-162.91,-4.52],[-162.87,-4.68],[-162.12,-4.22],[-161.79,-4.09],[-161.62,-4.08],[-161.21,-3.9],[-160.73,-3.79],[-160.61,-3.92],[-160.67,-4.06],[-161.05,-4.06],[-161.27,-4.23],[-161.39,-4.23],[-161.71,-4.39],[-161.5,-4.54],[-161.09,-4.39],[-160.75,-4.22],[-160.53,-4.2],[-160.57,-4.42],[-161.43,-4.74],[-161.4,-4.99],[-161.69,-5.02],[-161.8,-5.25],[-161.97,-5.36],[-161.93,-5.75],[-161.66,-5.62],[-161.45,-5.43],[-161.06,-5.48],[-160.77,-5.35],[-160.69,-5.57],[-161.06,-5.82],[-161.39,-5.9],[-161.52,-5.86],[-161.48,-6.04],[-161.18,-6.17],[-160.88,-5.86],[-160.73,-5.88],[-160.55,-5.52],[-159.83,-5.2],[-159.22,-5.09],[-159.07,-5.11],[-158.74,-4.94],[-157.81,-4.84],[-157.49,-4.91],[-157.14,-4.82],[-157.16,-4.62],[-156.84,-4.56],[-156.73,-4.64],[-156.82,-4.87],[-156.75,-5.11],[-156.47,-5.27],[-156.5,-5.44],[-156.76,-5.48],[-157.05,-5.64],[-157.27,-5.61],[-157.55,-5.82],[-157.71,-5.79],[-157.63,-5.55],[-157.93,-5.77],[-158,-5.59],[-158.31,-5.48],[-158.32,-5.23],[-158.45,-5.16],[-158.7,-5.23],[-158.83,-5.38],[-159.12,-5.36],[-159.33,-5.48],[-159.65,-5.45],[-160.1,-5.59],[-160.39,-5.76],[-160.71,-6.11],[-160.53,-6.31],[-160.63,-6.48],[-160.39,-6.69],[-160.49,-7.06],[-160.39,-7.28],[-160.1,-7.25],[-159.94,-7.33],[-159.75,-7.27],[-159.75,-7.54],[-159.54,-7.47],[-159.52,-7.95],[-159.58,-8.18],[-159.75,-8.39],[-159.94,-8.42],[-159.93,-8.63],[-160.05,-8.79],[-159.8,-8.93],[-159.78,-9.12],[-159.91,-9.27],[-159.79,-9.55],[-159.95,-9.77],[-159.7,-9.81],[-159.76,-9.55],[-159.63,-9.51],[-159.4,-9.71],[-159.29,-9.92],[-159.46,-9.97],[-159.69,-9.93],[-159.84,-10.18],[-160.2,-10.46],[-160.13,-11.08],[-159.94,-11.02],[-159.98,-10.78],[-159.8,-10.74],[-159.73,-10.93],[-159.44,-10.91],[-159.41,-11.02],[-159.63,-11.16],[-159.89,-11.14],[-159.98,-11.42],[-159.73,-11.44],[-159.82,-11.69],[-159.78,-11.99],[-160,-12.1],[-160.2,-12.1],[-160.44,-11.88],[-160.39,-12.34],[-160.11,-12.48],[-160.3,-13.21],[-160.29,-13.5],[-160.43,-13.98],[-160.42,-14.41],[-160.21,-14.48],[-160.35,-14.76],[-160.22,-14.98],[-160.02,-15.04],[-160.15,-15.17],[-160.01,-15.4],[-160.2,-15.43],[-160.17,-15.79],[-159.99,-16.13],[-160.15,-16.37],[-160.04,-16.49],[-160.17,-16.8],[-159.96,-16.87],[-159.84,-17.04],[-159.82,-17.35],[-159.89,-17.43],[-159.86,-17.83],[-160.13,-17.87],[-160.03,-18.18],[-159.77,-18.17],[-159.72,-17.92],[-159.41,-18.1],[-159.06,-17.81],[-158.73,-17.62],[-158.61,-17.41],[-158.42,-17.34],[-158.64,-16.99],[-158.54,-16.74],[-158.62,-16.48],[-158.48,-16.37],[-158.58,-16.17],[-158.44,-16.06],[-158.62,-15.74],[-158.98,-15.67],[-158.99,-15.27],[-158.79,-15.06],[-158.3,-15],[-158.22,-14.8],[-158.42,-14.58],[-158.58,-14.65],[-158.61,-14.22],[-158.41,-14.24],[-158.11,-14.17],[-157.8,-14.23],[-158.02,-13.89],[-157.66,-14.08],[-157.55,-13.96],[-157.36,-14],[-157.02,-14.4],[-156.84,-14.37],[-156.62,-14.77],[-156.52,-14.5],[-156.74,-14.35],[-156.51,-14.11],[-156.35,-14.16],[-156.27,-14.44],[-156.08,-14.34],[-156.02,-14.08],[-155.86,-14.09],[-155.77,-14.31],[-155.33,-14.57],[-155.46,-14.21],[-155.33,-14.21],[-155.13,-13.94],[-154.86,-13.76],[-154.66,-14.02],[-154.47,-13.92],[-154.37,-14.04],[-153.98,-14.14],[-153.79,-13.81],[-153.58,-13.93],[-153.41,-13.92],[-153.39,-13.83],[-153.25,-13.79],[-153.24,-13.85],[-153.02,-13.69],[-152.78,-13.75],[-152.62,-13.7],[-152.33,-13.8],[-152.22,-13.48],[-152.23,-13.29],[-152.5,-13.39],[-152.62,-13.22],[-152.57,-12.81],[-152.25,-12.64],[-151.98,-12.59],[-151.82,-12.29],[-151.39,-12.1],[-151.25,-11.87],[-151.33,-11.77],[-151.58,-11.79],[-151.69,-11.67],[-151.91,-11.67],[-152.02,-11.55],[-152.3,-11.59],[-152.39,-11.44],[-152.27,-11.22],[-152.31,-11.01],[-152.19,-10.87],[-151.9,-10.98],[-151.58,-11.35],[-151.53,-11.24],[-151.99,-10.58],[-152.02,-10.37],[-152.26,-10.37],[-152.26,-10.52],[-152.43,-10.65],[-152.46,-10.82],[-152.65,-10.97],[-152.8,-10.93],[-153.02,-10.6],[-153.19,-10.25],[-153.09,-9.96],[-153.26,-9.94],[-153.35,-9.8],[-153.69,-9.76],[-153.89,-9.5],[-153.92,-9.2],[-154.15,-9.1],[-154.18,-8.88],[-153.95,-8.77],[-153.72,-8.77],[-153.54,-8.91],[-153.31,-8.95],[-153.08,-8.82],[-153.18,-8.54],[-153.36,-8.37],[-153.23,-8.17],[-153,-8.04],[-153.19,-7.66],[-153.1,-7.42],[-153.24,-7.08],[-153.54,-7.05],[-153.74,-6.85],[-153.73,-6.74],[-153.51,-6.6],[-153.55,-6.44],[-153.45,-6.27],[-153.73,-6.17],[-153.74,-6],[-153.89,-5.95],[-154.28,-6.03],[-154.55,-6.27],[-154.6,-6.48],[-155.06,-6.6],[-155.12,-6.39],[-154.85,-6.38],[-154.74,-6.18],[-155.13,-5.72],[-155.29,-5.7],[-155.43,-5.42],[-155.11,-5.35],[-155,-5.53],[-154.75,-5.47],[-154.31,-5.45],[-153.98,-5.49],[-153.82,-5.28],[-153.57,-5.24],[-153.39,-5.3],[-153.34,-5.09],[-153.67,-5.21],[-154.18,-5.16],[-154.64,-5.2],[-154.91,-4.96],[-154.85,-4.68],[-154.66,-4.54],[-154.4,-4.54],[-154.7,-4.27],[-154.91,-4.34],[-154.88,-4.63],[-155.08,-4.67],[-155.2,-4.58],[-155.14,-4.27],[-155.48,-3.85],[-155.66,-3.84],[-155.83,-3.67],[-155.93,-3.37],[-155.87,-3.03],[-156.39,-2.99],[-156.42,-2.8],[-156.26,-2.71],[-156.17,-2.52],[-156.43,-2.45],[-156.89,-2.1],[-156.91,-2.3],[-157.07,-2.29],[-157.2,-1.92],[-157.16,-1.79],[-157.27,-1.61],[-157.49,-1.74],[-157.63,-1.66],[-157.68,-1.31],[-157.79,-1.09],[-157.62,-1.03],[-157.65,-0.78],[-157.79,-0.78],[-157.97,-0.98],[-158,-1.36],[-158.74,-1.4],[-158.66,-1.25],[-158.97,-1.22],[-159.01,-1.08],[-159.22,-0.94],[-159.29,-0.77],[-159.13,-0.47],[-158.98,-0.41],[-159.26,-0.1],[-159.7,0.12],[-159.93,0.05],[-160.05,0.11],[-160.13,0.41],[-159.96,0.71],[-159.74,0.74],[-159.97,1.04],[-160.14,0.86],[-160.3,1.1],[-160.27,1.32],[-160.41,1.51],[-160.31,1.69],[-160.06,1.8],[-160.18,1.94],[-160.36,1.87],[-160.75,2],[-160.83,2.25],[-161.07,2.67],[-161.18,2.54],[-161.35,2.54],[-161.45,2.78],[-161.62,2.95],[-161.76,2.79],[-161.94,2.92],[-162.15,2.8],[-162.34,3.07],[-162.47,2.95],[-162.72,3.17],[-162.75,3.32],[-162.95,3.42],[-163.22,3.96],[-163.49,3.95],[-163.69,4.13],[-164.01,4.07],[-164.33,4.27],[-164.2,4.43],[-164.33,4.63],[-164.5,4.62],[-164.74,4.38],[-165.05,4.37],[-165.6,4.59],[-165.91,4.68],[-165.97,4.78],[-165.78,5.06],[-166.25,5.33],[-166.26,5.61],[-166.43,5.64],[-166.76,6.06],[-166.96,5.95],[-167.05,5.74],[-167.51,6.29],[-167.49,6.55],[-167.66,6.72],[-168.04,6.86],[-167.99,7.19],[-168.28,7.4],[-168.41,7.68],[-168.63,7.87],[-168.65,8.08],[-168.83,8.09],[-169.02,8.65],[-169.28,8.97],[-169.42,8.93],[-169.68,9.17],[-169.9,9.25],[-170.01,9.1],[-170.37,9.32],[-170.89,9.49],[-170.87,9.24],[-171.17,9.08],[-171.28,8.88],[-171.53,8.9],[-171.64,9.03],[-171.6,9.44],[-171.65,9.89],[-171.56,10.25],[-171.33,10.41],[-171.35,10.64],[-171.24,10.74],[-170.92,10.68],[-171.02,10.89],[-170.96,11.13],[-170.82,11.19],[-170.59,11.11],[-170.36,11.4],[-170.26,11.62],[-169.95,11.92],[-169.79,11.96],[-169.6,11.84],[-169.64,11.64],[-169.53,11.44],[-169.49,11.14],[-169.25,11.25],[-169.18,10.99],[-168.89,10.78],[-168.81,11.02],[-168.52,11.03],[-168.5,10.85],[-168.67,10.58],[-169.03,10.39],[-168.88,10.22],[-168.93,10.01],[-168.85,9.62],[-169.06,9.57],[-169.12,9.39],[-169.01,9.03],[-168.86,9.05],[-168.57,8.79],[-168.49,8.58],[-168.34,8.47],[-168.18,8.13],[-167.98,7.92],[-167.79,7.88],[-167.74,7.66],[-167.82,7.5],[-167.26,7.37],[-166.9,7.37],[-166.74,7.3],[-166.52,7.37],[-166.39,7.08],[-166.17,7.13],[-166.04,6.95],[-165.54,6.73],[-165.33,6.75],[-165.1,6.67],[-165.01,6.91],[-165.24,7.42],[-165.1,7.77],[-164.88,8.1],[-164.66,8.18],[-164.71,8.45],[-164.69,8.71],[-164.59,8.92],[-165.08,8.84],[-164.91,8.54],[-165.01,8.31],[-165.15,8.23],[-165.48,8.27],[-165.9,8.25],[-166.33,8.39],[-166.44,8.5],[-166.4,8.67],[-166.6,8.79],[-166.68,9],[-166.94,9.02],[-167.16,9.34],[-166.98,9.53],[-167.11,9.74],[-166.77,9.77],[-166.57,9.6],[-166.44,9.74],[-166.72,9.84],[-166.8,10.12],[-166.87,10.22],[-167.23,10.08],[-167.35,10.2],[-167.66,10.28],[-167.9,10.13],[-168.07,10.14],[-168.15,10.39],[-168.4,10.4],[-168.51,10.6],[-168.43,10.78],[-168.27,10.87],[-168.09,10.76],[-167.85,10.76],[-167.74,10.63],[-167.37,11.08],[-167.16,10.87],[-167.28,10.71],[-166.98,10.64],[-166.82,10.45],[-166.59,10.45],[-166.38,10.7],[-166.36,10.92],[-166.4,11.42],[-166.25,11.54],[-166.01,11.35],[-165.92,11.51],[-166.01,11.64],[-166.24,11.74],[-166.05,11.97],[-166.02,12.25],[-165.72,12.28],[-165.63,12.11],[-165.67,11.96],[-165.51,11.71],[-165.26,11.7],[-165.23,11.92],[-165.08,11.88],[-164.89,12.32],[-164.72,12.36],[-164.81,11.9],[-164.67,11.64],[-164.56,11.73],[-164.27,11.77],[-164.04,11.71],[-163.86,11.56],[-163.56,11.57],[-163.17,11.29],[-163.22,11.02],[-163.1,10.87],[-162.84,10.97],[-162.84,11.12],[-163.07,11.18],[-162.99,11.41],[-162.86,11.45],[-162.68,11.25],[-162.52,11.24],[-162.43,11.02],[-162.18,10.69],[-162.53,10.41],[-162.34,10.28],[-162.08,10.3],[-161.68,9.94],[-161.64,9.78],[-161.44,9.7],[-161.44,9.51],[-161.67,9.37],[-161.54,8.86],[-161.38,8.89],[-161.09,9.15],[-161.21,9.55],[-161.06,9.7],[-160.69,9.77],[-160.59,9.65],[-160.34,9.75],[-160.3,9.54],[-159.54,10.03],[-159.15,9.98],[-158.89,9.5],[-158.68,9.6],[-158.16,9.5],[-157.88,9.5],[-157.54,9.36],[-157.39,9.41],[-157.18,9.34],[-157.16,9.15],[-157.46,9.03],[-157.36,8.65],[-156.66,8.43],[-156.87,8.1],[-156.73,7.88],[-156.56,7.86],[-156.47,7.61],[-156.86,7.59],[-156.69,7.29],[-156.51,7.36],[-156.33,7.22],[-156.19,7.22],[-155.98,6.94],[-155.62,6.82],[-155.35,6.8],[-155.37,6.96],[-155.08,7.06],[-154.9,7.17],[-154.75,7.61],[-154.52,7.73],[-154.22,7.57],[-154.15,7.81],[-153.98,7.83],[-153.89,7.7],[-153.69,7.76],[-153.53,7.6],[-153.6,7.47],[-153.43,7.15],[-153.19,7.17],[-153.22,6.98],[-153.09,6.88],[-152.97,6.57],[-152.86,6.65],[-152,6.58],[-151.73,6.73],[-151.54,6.48],[-151.72,6.3],[-151.66,6.16],[-151.42,6.01],[-151.58,5.83],[-151.77,5.98],[-151.94,5.98],[-152.36,5.89],[-152.33,5.76],[-151.92,5.78],[-151.84,5.64],[-151.41,5.5],[-151.54,5.28],[-151.97,5.09],[-151.87,4.98],[-151.53,5.27],[-151.52,5.02],[-151.32,4.97],[-151.35,4.77],[-151.23,4.51],[-151.37,4.28],[-151.23,4.17],[-151.12,3.92],[-150.91,3.77],[-150.84,4.13],[-150.7,4.22],[-150.61,4.48],[-150.43,4.33],[-150.08,4.36],[-149.72,4.46],[-149.51,4.6],[-149.27,4.48],[-149.09,4.6],[-149.39,4.78],[-149.56,4.65],[-149.74,4.75],[-149.67,4.92],[-149.95,5.1],[-149.78,5.37],[-149.57,5.26],[-149.37,4.93],[-149.32,5.21],[-149.4,5.71],[-149.3,5.8],[-149.35,6.12],[-149.58,6.07],[-149.67,6.39],[-149.87,6.54],[-149.87,6.72],[-150.05,6.84],[-149.92,7.17],[-150.12,7.44],[-150.06,7.76],[-150.21,7.85],[-150.27,7.61],[-150.45,7.62],[-150.83,7.81],[-150.96,8.02],[-150.8,8.33],[-150.79,8.66],[-150.89,8.83],[-150.75,9.01],[-150.62,8.66],[-150.34,8.66],[-150.48,8.9],[-150.46,9.08],[-150.58,9.22],[-150.79,9.13],[-151.25,9.11],[-151.45,9.2],[-151.41,9.35],[-150.95,9.33],[-150.74,9.36],[-150.89,9.58],[-151.25,9.51],[-151.38,9.67],[-151.27,9.83],[-150.59,9.79],[-150.37,9.86],[-150.2,9.69],[-150.5,9.58],[-150.34,9.47],[-150.19,9.6],[-150.07,9.46],[-149.6,9.51],[-149.47,9.34],[-149.55,9.22],[-149.5,9.03],[-149.13,8.61],[-148.95,8.6],[-148.9,8.45],[-148.66,8.5],[-148.46,8.22],[-148.34,8.23],[-148.07,7.95],[-148.24,7.66],[-148.21,7.57],[-147.83,7.6],[-147.7,7.5],[-147.3,7.54],[-147.21,7.34],[-147.13,6.81],[-146.83,6.94],[-146.72,7.18],[-146.48,7.01],[-146.44,6.68],[-146.57,6.48],[-146.76,6.54],[-147.21,6.24],[-147.16,5.87],[-147.01,5.99],[-146.76,5.71],[-146.97,5.64],[-147.2,5.37],[-146.9,5.03],[-146.87,4.81],[-146.66,4.63],[-146.42,4.61],[-146.22,4.68],[-146.28,4.42],[-145.97,4.14],[-145.53,4.13],[-145.36,4.39],[-145.87,4.28],[-146.06,4.51],[-146.06,4.75],[-145.44,4.75],[-145.27,4.87],[-145,4.94],[-144.76,5.09],[-144.51,5.06],[-144.26,5.13],[-144.24,5.32],[-144.02,5.33],[-143.78,5.75],[-143.54,5.81],[-143.21,6],[-143.05,6.22],[-142.86,6.15],[-142.85,6.42],[-143,6.46],[-143.04,6.62],[-142.64,6.66],[-142.31,6.91],[-142.01,6.43],[-141.83,6.52],[-141.81,6.7],[-141.6,6.62],[-141.29,6.67],[-141.15,6.42],[-140.9,6.26],[-140.81,6.5],[-140.83,6.73],[-140.55,6.66],[-140.53,6.39],[-140.25,7.22],[-140.06,7.1],[-139.74,7.11],[-139.13,6.91],[-138.72,7.26],[-138.85,7.42],[-138.68,7.72],[-138.77,7.97],[-139.08,7.89],[-139.08,8.2],[-138.93,8.29],[-138.9,8.77],[-139.29,8.91],[-139.27,9.14],[-139.47,9.39],[-139.66,9.36],[-139.98,9.62],[-140.08,9.8],[-140.49,9.69],[-140.52,9.96],[-140.62,10.21],[-140.83,10.15],[-141.01,10.27],[-140.93,10.39],[-141.1,10.68],[-140.87,10.75],[-140.99,10.94],[-141.17,10.78],[-141.38,10.97],[-141.46,10.75],[-141.62,10.75],[-141.94,10.58],[-141.94,10.44],[-142.34,10.54],[-142.65,10.31],[-142.98,10.6],[-142.91,10.81],[-142.59,10.8],[-142.85,11.33],[-143.09,11.52],[-143,11.73],[-142.68,11.9],[-142.56,12.15],[-142.72,12.26],[-142.91,12.15],[-143.09,12.18],[-143.13,12.34],[-143.47,12.38],[-143.62,12.57],[-143.94,12.58],[-144.17,12.75],[-144.22,12.86],[-143.85,13.01],[-143.88,12.76],[-143.56,12.78],[-143.21,13.01],[-142.96,13.05],[-142.61,13.33],[-142.43,13.38],[-142.51,13.73],[-142.18,13.84],[-141.85,13.8],[-141.89,14.11],[-142.16,14.14],[-142.17,14.38],[-142.37,14.63],[-142.63,14.47],[-142.56,14.32],[-142.7,13.97],[-142.88,14.07],[-142.98,14.29],[-143.21,14.16],[-143.53,14.2],[-143.68,14.15],[-143.96,14.19],[-144.1,14.28],[-144.49,14.21],[-144.54,14.34],[-144.14,14.47],[-142.95,14.68],[-143.01,14.75],[-143.4,14.64],[-143.74,14.64],[-144.06,14.53],[-144.11,14.77],[-143.8,14.85],[-143.65,14.81],[-143.28,14.95],[-142.97,15],[-142.8,15.12],[-142.61,15],[-141.96,15.24],[-141.44,15.28],[-141.34,15.43],[-140.65,15.41],[-140.06,15.65],[-139.63,15.74],[-139.34,15.74],[-138.91,15.91],[-138.6,15.91],[-138.42,16.02],[-137.91,16.15],[-137.49,16.07],[-137.28,16.24],[-136.89,16.24],[-136.73,16.37],[-135.98,16.54],[-135.5,16.58],[-135.34,16.66],[-134.98,16.68],[-134.59,16.85],[-134.3,16.83],[-134.04,16.92],[-133.13,17.04],[-133,17.11],[-132.65,17.11],[-132.77,16.87],[-132.92,16.88],[-133.01,16.65],[-132.9,16.34],[-132.7,16.34],[-132.72,16.15],[-133.26,16.13],[-133.54,16.18],[-133.57,16.08],[-132.85,16.06],[-132.58,16.01],[-132.36,16.1],[-131.71,16.09],[-131.85,16.32],[-131.43,16.37],[-131.37,16.18],[-131.14,16.03],[-130.76,16.12],[-130.78,16.27],[-130.37,16.41],[-130.44,16.68],[-130.85,16.75],[-131.04,16.71],[-131.21,16.57],[-131.47,16.51],[-131.88,16.6],[-132.03,16.48],[-132.4,16.36],[-132.58,16.45],[-132.72,16.8],[-132.57,16.9],[-132.3,16.92],[-132.22,16.82],[-132,17.02],[-132.48,17.02],[-132.32,17.22],[-132,17.26],[-131.68,17.38],[-131.52,17.3],[-131.11,17.45],[-130.68,17.47],[-130.36,17.57],[-129.89,17.64],[-129.95,17.78],[-130.66,17.81],[-131.16,17.58],[-131.5,17.71],[-131.59,17.45],[-131.83,17.46],[-132.05,17.43],[-132.24,17.7],[-131.99,17.93],[-131.86,17.9],[-131.66,18.05],[-131.31,18.1],[-131.14,17.97],[-130.92,18.22],[-130.81,18.23],[-130.67,18.01],[-130.49,18.11],[-130.3,18.42],[-130.1,18.47],[-130.01,18.33],[-129.62,18.31],[-129.41,18.38],[-129.28,18.8],[-129.51,18.83],[-129.75,18.95],[-129.66,19.17],[-129.98,19.29],[-130.31,19.21],[-130.77,19.29],[-130.97,19.19],[-131.16,19.54],[-130.94,19.88],[-131.13,20.25],[-131.33,20.14],[-131.32,19.91],[-131.53,20],[-131.92,20.33],[-131.76,20.45],[-131.91,20.61],[-132.5,20.53],[-132.6,20.64],[-132.59,20.91],[-133,21.12],[-133.07,21.26],[-133.12,21.15],[-133.37,21.08],[-133.61,21.19],[-133.56,21.33],[-133.32,21.6],[-132.93,21.77],[-133.02,22.04],[-133.26,21.97],[-133.4,22.13],[-133.78,22.01],[-133.92,22.3],[-133.84,22.4],[-133.92,22.65],[-134.23,22.63],[-134.17,22.48],[-134.39,22.42],[-134.52,22.66],[-134.64,22.61],[-134.87,22.7],[-135.26,22.64],[-135.44,22.73],[-135.36,22.92],[-135.19,22.8],[-135.02,23.11],[-135.83,22.95],[-136.45,22.94],[-136.7,22.86],[-137.06,22.85],[-137.18,22.77],[-136.96,22.54],[-136.54,22.72],[-136.39,22.58],[-136.18,22.76],[-135.73,22.75],[-135.79,22.56],[-135.9,22.39],[-136.25,22.4],[-136.34,22.46],[-136.57,22.36],[-136.37,22.22],[-136.48,22.1],[-136.68,22.12],[-136.73,22.32],[-136.89,22.29],[-136.92,22],[-137.01,21.89],[-137.25,22],[-137.5,22],[-137.49,22.34],[-137.42,22.55],[-137.62,22.6],[-137.7,22.77],[-138.12,22.8],[-138.32,22.76],[-138.42,22.9],[-138.09,23.04],[-137.84,22.98],[-137.6,23.1],[-137.34,23.13],[-137.4,23.32],[-137.77,23.45],[-138.02,23.35],[-138.46,23.38],[-138.6,23.33],[-138.81,23.43],[-138.65,23.69],[-139.27,23.7],[-140.1,23.57],[-140.28,23.48],[-140.54,23.52],[-140.54,23.67],[-140.74,23.88],[-140.65,23.97],[-140.42,23.93],[-140.18,24.01],[-140.2,23.81],[-139.82,23.81],[-139.11,23.95],[-139.08,24.12],[-138.9,24.25],[-138.72,24.21],[-138.48,24.34],[-138.03,24.43],[-138.24,24.46],[-138.7,24.34],[-139.8,24.22],[-140.2,24.1],[-140.72,24.06],[-141.02,23.95],[-140.94,23.74],[-141.29,23.65],[-141.64,23.67],[-141.84,23.57],[-141.96,23.68],[-141.67,23.9],[-142.15,23.89],[-142.33,23.81],[-142.58,23.86],[-142.73,24.03],[-142.37,24.1],[-142.39,24.22],[-142.81,24.1],[-142.89,24.14],[-143.5,24],[-144,24.02],[-144.46,23.88],[-144.83,23.97],[-144.72,24.14],[-144.24,24.16],[-143.78,24.34],[-143.59,24.54],[-143.48,24.77],[-143.64,24.81],[-143.86,25.25],[-144.27,25.43],[-144.25,25.61],[-144.66,25.5],[-144.81,25.27],[-144.74,25.18],[-144.84,24.78],[-144.98,24.98],[-145.1,25.37],[-144.94,25.44],[-145.11,25.65],[-144.83,25.8],[-144.99,26.23],[-144.73,26.32],[-144.66,26.51],[-144.46,26.46],[-144.59,26.26],[-144.52,26.16],[-144.22,26.16],[-144.13,26],[-143.9,26.17],[-144.17,26.44],[-144.36,26.36],[-144.39,26.6],[-144.61,26.66],[-145.01,26.59],[-145.27,26.65],[-145.3,26.91],[-145.66,27.12],[-146.05,26.99],[-145.96,26.86],[-146.18,26.67],[-146.36,26.73],[-146.12,27.12],[-146.21,27.29],[-145.51,27.38],[-145.22,27.29],[-145.16,27.51],[-144.91,27.43],[-144.77,27.6],[-145.24,27.57],[-145.41,27.77],[-145.41,28.02],[-145.81,27.91],[-145.98,28.06],[-146.31,27.9],[-146.65,28.21],[-146.81,28.22],[-146.95,28.41],[-146.79,28.49],[-146.63,28.99],[-146.15,29.09],[-146.07,29.22],[-146.45,29.25],[-146.8,29.11],[-147.27,29.21],[-147.52,29.51],[-147.7,29.4],[-148.03,29.5],[-147.85,29.85],[-148.08,29.79],[-148.14,29.61],[-148.8,29.47],[-150.46,28.47],[-152.13,27.48],[-153.79,26.48],[-155.04,25.73]],[[-134.76,17.4],[-134.86,17.25],[-135.24,17.24],[-135.06,17.53],[-134.95,17.4],[-134.76,17.4]],[[-135.58,17.4],[-135.64,17.18],[-135.82,17.16],[-135.78,16.91],[-135.98,16.91],[-136.17,17.08],[-136.13,17.38],[-135.58,17.4]],[[-146.02,16.9],[-146.3,16.75],[-146.6,16.74],[-146.24,17.18],[-145.94,17.18],[-145.82,16.92],[-146.02,16.9]],[[-153.94,17.13],[-154.13,17.04],[-154.2,17.35],[-153.95,17.26],[-153.94,17.13]],[[-153.09,17.5],[-153.52,17.44],[-153.83,17.69],[-153.84,18.2],[-153.67,18.31],[-153.7,18.52],[-153.49,18.58],[-153.35,18.33],[-153.09,18.07],[-153.17,17.89],[-152.97,17.61],[-153.09,17.5]],[[-154.09,17.42],[-154.26,17.54],[-154.19,17.69],[-153.99,17.59],[-154.09,17.42]],[[-153.27,18.58],[-153.02,18.46],[-153.07,18.27],[-153.29,18.32],[-153.27,18.58]],[[-152.92,18.43],[-153.08,18.54],[-153.11,18.83],[-152.79,18.55],[-152.92,18.43]],[[-153.79,18.84],[-153.93,18.87],[-154,19.1],[-153.79,19.26],[-153.58,19.08],[-153.33,19.05],[-153.34,18.91],[-153.58,18.94],[-153.79,18.84]],[[-136.29,19.47],[-136.36,19.67],[-136.12,19.82],[-136.07,19.59],[-136.29,19.47]],[[-130.56,19.03],[-130.43,19.18],[-130.27,19.06],[-130.32,18.77],[-130.56,19.03]],[[-152.53,17.95],[-152.65,17.82],[-152.82,17.87],[-152.9,18.12],[-152.71,18.17],[-152.53,17.95]],[[-134.31,17.75],[-134.16,17.8],[-134.02,17.4],[-134.26,17.42],[-134.31,17.75]],[[-133.19,17.65],[-133.24,17.41],[-133.43,17.6],[-133.19,17.65]],[[-152.35,20.31],[-152.85,20.39],[-153.04,20.56],[-153.36,20.51],[-153.52,20.64],[-153.48,20.87],[-153.05,20.95],[-152.9,20.88],[-152.58,20.93],[-152.18,20.74],[-152.36,20.56],[-152.35,20.31]],[[-152.92,21.1],[-153.07,21.22],[-153.26,21.17],[-153.36,21.35],[-152.88,21.34],[-152.92,21.1]],[[-152.14,21.67],[-152.21,21.8],[-151.9,21.86],[-151.92,21.72],[-152.14,21.67]],[[-150.5,21.9],[-150.44,21.79],[-150.88,21.66],[-150.96,21.81],[-150.5,21.9]],[[-148.78,22.18],[-148.54,22.25],[-147.95,22.25],[-148.01,22.01],[-148.49,22.06],[-148.71,22.03],[-148.78,22.18]],[[-147.31,22.06],[-147.3,22.23],[-147.14,22.3],[-146.95,22.15],[-147.31,22.06]],[[-144.49,22.23],[-144.55,22.46],[-144.23,22.5],[-144.17,22.34],[-144.49,22.23]],[[-139.94,22.69],[-140.1,23.04],[-139.97,23.11],[-139.78,22.94],[-139.66,23.1],[-139.43,23.09],[-139.31,22.84],[-139.32,22.63],[-139.52,22.46],[-139.76,22.53],[-139.94,22.69]],[[-148.55,22.99],[-148.57,23.13],[-148.37,23.23],[-148.22,23.13],[-148.55,22.99]],[[-142.3,23.22],[-142.17,23.48],[-141.61,23.44],[-141.46,23.54],[-140.95,23.59],[-140.95,23.38],[-141.29,23.36],[-141.37,23.24],[-142.01,23.28],[-142.3,23.22]],[[-143.33,23.86],[-143.16,23.93],[-142.99,23.73],[-143.43,23.67],[-143.33,23.86]],[[-137.82,22.55],[-137.57,22.26],[-137.74,22.13],[-138.18,22.24],[-138.17,22.37],[-137.86,22.42],[-137.82,22.55]],[[-138.77,22.2],[-138.9,22.09],[-139.01,22.46],[-138.77,22.49],[-138.77,22.2]],[[-142.24,21.96],[-142.14,21.77],[-142.34,21.72],[-142.43,21.92],[-142.24,21.96]],[[-134.9,21.74],[-134.64,22.16],[-134.3,22.1],[-134.21,21.82],[-134.56,21.6],[-134.69,21.72],[-134.9,21.74]],[[-148.51,21.26],[-148.78,21.07],[-148.94,21.19],[-148.51,21.26]],[[-151.1,21.4],[-151.49,21.41],[-151.45,21.56],[-151.15,21.55],[-151.1,21.4]],[[-150.84,21.43],[-150.89,21.6],[-150.62,21.64],[-150.68,21.43],[-150.84,21.43]],[[-143.42,21.91],[-143.58,21.83],[-143.7,21.97],[-143.43,22.04],[-143.42,21.91]],[[-143.24,21.93],[-143.25,22.04],[-142.78,22.18],[-142.81,22.03],[-143.24,21.93]],[[-140.39,22.63],[-140.02,22.65],[-140.26,22.44],[-140.69,22.39],[-140.65,22.52],[-140.39,22.63]],[[-133.61,20.33],[-133.71,20.49],[-133.64,20.68],[-133.49,20.76],[-133.42,20.52],[-133.61,20.33]],[[-135.67,20.54],[-135.87,20.62],[-135.81,20.83],[-135.62,20.86],[-135.67,20.54]],[[-139.51,20.83],[-139.24,20.63],[-139.39,20.55],[-139.51,20.83]],[[-148.47,20.9],[-148.64,20.71],[-148.84,20.9],[-148.47,20.9]],[[-145.62,24.48],[-145.92,24.57],[-145.85,24.71],[-145.65,24.69],[-145.62,24.48]],[[-144.24,24.72],[-144.05,24.73],[-144.21,24.43],[-144.4,24.42],[-144.38,24.69],[-144.24,24.72]],[[-143.88,24.62],[-144.12,24.83],[-143.78,24.83],[-143.88,24.62]],[[-154.28,24.87],[-154.61,24.84],[-154.52,25.03],[-154.18,25.09],[-154.28,24.87]],[[-146.41,25.54],[-146.36,25.88],[-146.46,26.17],[-146.24,26.15],[-146.21,25.97],[-146,25.73],[-146.21,25.56],[-146.41,25.54]],[[-145.76,26.69],[-145.76,26.86],[-145.52,26.89],[-145.51,26.62],[-145.76,26.69]],[[-145.79,26],[-145.73,25.64],[-145.86,25.6],[-145.94,25.92],[-145.79,26]],[[-146.54,27.32],[-146.38,27.36],[-146.35,27.24],[-146.55,27.16],[-146.88,27.24],[-146.88,27.38],[-146.61,27.45],[-146.54,27.32]],[[-147.7,27.58],[-147.8,27.82],[-147.57,27.84],[-147.55,27.63],[-147.7,27.58]],[[-147.23,27.87],[-147.36,27.95],[-147.15,28.21],[-147.04,28.15],[-147.07,27.87],[-147.23,27.87]],[[-147.23,28.36],[-147.74,28.46],[-147.69,28.69],[-147.43,28.56],[-147.1,28.57],[-146.98,28.35],[-147.23,28.36]],[[-146.09,16.65],[-145.82,16.71],[-145.78,16.55],[-146.04,16.51],[-146.09,16.65]],[[-155.92,16.1],[-156.09,16.19],[-156.38,16.24],[-156.41,16.44],[-156.17,16.51],[-156.04,16.41],[-155.92,16.1]],[[-157.91,15.89],[-157.91,15.61],[-158.11,15.56],[-158.09,15.81],[-157.91,15.89]],[[-155.32,15.7],[-155.12,15.8],[-155.05,15.57],[-155.45,15.48],[-155.32,15.7]],[[-163.01,15.24],[-162.88,15.2],[-162.84,14.95],[-163.11,14.98],[-163.14,15.16],[-163.01,15.24]],[[-146.04,14.9],[-145.78,14.93],[-145.73,14.76],[-146.05,14.73],[-146.04,14.9]],[[-144.67,14.71],[-144.29,14.68],[-144.55,14.41],[-144.79,14.45],[-145.47,14.24],[-145.42,13.99],[-145.56,13.93],[-146,14.15],[-146.09,14.32],[-146.27,14.28],[-146.29,14.47],[-145.97,14.47],[-145.34,14.57],[-144.98,14.69],[-144.67,14.71]],[[-144.04,14.05],[-143.82,14.11],[-143.56,13.77],[-143.36,13.73],[-143.43,13.48],[-143.72,13.58],[-143.81,13.54],[-143.79,13.27],[-144.04,13.32],[-144.26,13.75],[-144.17,14],[-144.04,14.05]],[[-143.23,13.34],[-143.1,13.2],[-143.14,13.07],[-143.66,12.83],[-143.83,12.9],[-143.69,13.12],[-143.23,13.34]],[[-144.42,12.61],[-144.16,12.59],[-144.36,12.38],[-144.67,12.31],[-144.75,12.49],[-144.42,12.61]],[[-144.03,12.4],[-143.72,12.41],[-143.66,12.22],[-143.86,12.1],[-144.07,12.15],[-144.03,12.4]],[[-144.47,12.16],[-144.46,11.99],[-144.66,11.94],[-144.67,12.16],[-144.47,12.16]],[[-152.14,11.68],[-152.4,11.47],[-152.81,11.52],[-152.86,11.68],[-152.14,11.68]],[[-153.11,11.71],[-153.08,11.59],[-153.46,11.42],[-153.74,11.42],[-153.75,11.62],[-153.11,11.71]],[[-155.29,11.36],[-155.48,11.45],[-155.21,11.64],[-155.02,11.59],[-155.06,11.42],[-155.29,11.36]],[[-143.39,11.34],[-143.14,11.35],[-143.22,11.16],[-143.4,11.1],[-143.39,11.34]],[[-143.07,11.1],[-142.87,11.2],[-142.88,10.96],[-143.06,10.85],[-143.07,11.1]],[[-148.39,11.06],[-148.21,10.85],[-148.39,10.61],[-148.59,10.85],[-148.54,11.03],[-148.39,11.06]],[[-152.3,10.61],[-152.39,10.41],[-152.67,10.53],[-152.67,10.72],[-152.3,10.61]],[[-151.69,10.58],[-151.44,10.54],[-151.42,10.39],[-151.7,10.34],[-151.69,10.58]],[[-151.13,10.42],[-150.91,10.22],[-150.69,10.18],[-150.74,9.99],[-151.17,10.1],[-151.47,10.02],[-151.78,10.11],[-151.13,10.42]],[[-145.77,10.17],[-145.93,10.27],[-145.9,10.42],[-145.58,10.38],[-145.64,10.16],[-145.77,10.17]],[[-141.5,10.34],[-141.79,10.47],[-141.58,10.65],[-141.34,10.63],[-141.4,10.37],[-141.5,10.34]],[[-140.83,9.92],[-140.69,10.03],[-140.59,9.71],[-141.01,9.71],[-141.02,9.89],[-140.83,9.92]],[[-142.78,9.24],[-142.63,9.44],[-142.49,9.22],[-142.58,9.12],[-142.78,9.24]],[[-145.12,9.41],[-145.11,9.18],[-145.37,9.27],[-145.12,9.41]],[[-149.19,9.1],[-149.07,8.93],[-149.28,8.83],[-149.33,9.12],[-149.19,9.1]],[[-141.41,8.99],[-141.24,8.9],[-141.24,8.64],[-141.41,8.64],[-141.41,8.99]],[[-141.03,9.03],[-140.95,9.14],[-140.59,8.76],[-140.66,8.54],[-140.87,8.72],[-140.86,8.92],[-141.03,9.03]],[[-140.3,8.69],[-140.4,8.94],[-140.2,9.16],[-140.15,8.97],[-140.19,8.7],[-140.3,8.69]],[[-139.71,9.02],[-139.48,9.12],[-139.36,9.02],[-139.3,8.71],[-139.51,8.74],[-139.55,8.95],[-139.71,9.02]],[[-139.22,8.66],[-139.08,8.69],[-138.97,8.49],[-139.36,8.38],[-139.41,8.55],[-139.22,8.66]],[[-141.56,8.03],[-141.34,7.97],[-141.27,7.74],[-141.51,7.81],[-141.56,8.03]],[[-141.64,7.6],[-141.57,7.36],[-141.77,7.23],[-141.77,7.57],[-141.64,7.6]],[[-141.36,7.14],[-141.26,7],[-141.54,6.93],[-141.78,7],[-141.83,7.13],[-141.55,7.27],[-141.36,7.14]],[[-142.75,6.95],[-142.83,6.71],[-143.23,6.74],[-143.33,6.43],[-143.62,6.67],[-143.81,7.01],[-143.76,7.22],[-143.58,7.31],[-143.24,7.14],[-143.18,7.5],[-143.02,7.47],[-143.03,7.27],[-142.79,7.22],[-142.75,6.95]],[[-144.16,6.87],[-144.36,7.15],[-144.58,7.18],[-144.59,7.3],[-144.44,7.51],[-144.2,7.47],[-144.02,6.99],[-144.16,6.87]],[[-145.65,7.22],[-145.79,7.28],[-145.68,7.5],[-145.51,7.37],[-145.65,7.22]],[[-145.04,7.59],[-145.25,7.75],[-145.27,8.04],[-145.09,8.06],[-144.87,7.87],[-145.04,7.59]],[[-147.75,7.98],[-147.6,7.92],[-147.66,7.7],[-147.8,7.69],[-147.89,7.91],[-147.75,7.98]],[[-148.33,8.29],[-148.46,8.33],[-148.37,8.64],[-148.22,8.63],[-148.2,8.35],[-148.33,8.29]],[[-142.14,8.88],[-142.17,8.56],[-142.3,8.58],[-142.3,8.82],[-142.14,8.88]],[[-144.25,8.31],[-144.53,8.26],[-144.37,8.62],[-144.25,8.31]],[[-142.58,8.3],[-142.64,8.51],[-142.41,8.51],[-142.36,8.36],[-142.58,8.3]],[[-153.87,9.82],[-153.41,9.77],[-153.21,9.81],[-153.09,9.66],[-153.3,9.55],[-153.44,9.62],[-153.83,9.6],[-153.87,9.82]],[[-152.23,9.77],[-151.84,9.68],[-151.87,9.59],[-152.41,9.55],[-152.4,9.74],[-152.23,9.77]],[[-152.81,9.53],[-153.03,9.65],[-152.93,9.76],[-152.61,9.74],[-152.6,9.57],[-152.81,9.53]],[[-156.65,9.84],[-156.86,9.71],[-156.92,9.96],[-156.65,9.84]],[[-157.86,9.95],[-158.07,9.8],[-158.52,9.86],[-158.48,10.13],[-158.04,10.1],[-157.86,9.95]],[[-158.76,9.98],[-158.96,9.86],[-159.03,10.1],[-159.58,10.3],[-159.77,10.15],[-160.02,10.57],[-160.09,10.96],[-159.91,11.05],[-159.77,10.85],[-159.61,10.99],[-159.75,11.21],[-159.61,11.28],[-159.25,11.1],[-159.16,10.7],[-158.83,10.73],[-158.66,10.61],[-158.69,10.27],[-158.63,10.11],[-158.76,9.98]],[[-159.99,11.22],[-160.45,11.24],[-160.49,11.42],[-160.34,11.64],[-160.07,11.68],[-159.92,11.55],[-159.99,11.22]],[[-161.13,11.48],[-161.2,11.66],[-161.11,11.89],[-160.97,11.94],[-160.66,11.83],[-160.64,11.61],[-160.96,11.47],[-161.13,11.48]],[[-163.24,11.88],[-163.2,11.76],[-163.56,11.77],[-163.56,11.95],[-163.24,11.88]],[[-162.42,12.21],[-162.41,12.34],[-162.19,12.38],[-162.03,12.24],[-162.2,12.1],[-162.42,12.21]],[[-159.23,12.22],[-159.02,12.36],[-159.03,12.51],[-158.64,12.55],[-158.58,12.24],[-158.76,12.01],[-159.16,12.06],[-159.23,12.22]],[[-166.22,12.54],[-166.18,12.4],[-166.28,12.19],[-166.41,12.22],[-166.4,12.43],[-166.57,12.59],[-166.76,12.92],[-167.12,13.19],[-167.18,13.4],[-167.38,13.42],[-167.49,13.25],[-167.23,12.89],[-167.55,12.92],[-167.79,13.19],[-167.69,13.41],[-167.74,13.64],[-167.96,14.07],[-168.12,14.09],[-168.42,14.32],[-168.52,14.17],[-168.75,14.33],[-168.66,14.68],[-168.47,14.47],[-168.35,14.81],[-168.12,14.86],[-168.02,14.76],[-168.04,14.45],[-167.9,14.45],[-167.65,14.27],[-167.59,13.85],[-167.47,13.66],[-167.28,13.9],[-167.48,14.06],[-167.46,14.32],[-167.52,14.69],[-167.37,14.69],[-167.05,14.34],[-167.04,14.04],[-167.14,13.92],[-167.09,13.66],[-166.97,13.51],[-166.87,13.23],[-166.57,13.14],[-166.22,12.54]],[[-170.58,12.18],[-170.57,11.96],[-170.81,11.93],[-170.74,12.17],[-170.58,12.18]],[[-166.69,12.02],[-166.5,12.02],[-166.37,11.71],[-166.53,11.62],[-166.94,11.63],[-166.96,11.87],[-166.69,12.02]],[[-167.66,11.83],[-167.52,11.71],[-167.6,11.47],[-167.81,11.55],[-167.83,11.77],[-167.66,11.83]],[[-168.51,11.79],[-168.37,11.54],[-168.58,11.42],[-168.74,11.65],[-168.7,11.91],[-168.51,11.79]],[[-167.76,11.38],[-167.62,11.24],[-167.65,11.08],[-167.95,11.06],[-167.98,11.28],[-167.76,11.38]],[[-171.43,11.68],[-171.26,11.54],[-171.34,11.35],[-171.56,11.36],[-171.59,11.63],[-171.43,11.68]],[[-171.4,11.22],[-171.3,11.28],[-171.08,11.2],[-171.21,10.94],[-171.41,11.02],[-171.4,11.22]],[[-172.18,11.01],[-172.05,10.88],[-172.13,10.63],[-172.37,10.72],[-172.33,10.98],[-172.18,11.01]],[[-174.06,10.63],[-174.28,10.53],[-174.53,10.5],[-174.62,10.37],[-175.11,10.25],[-175.1,10.77],[-175.28,11],[-175.34,11.23],[-175.26,11.55],[-175.06,11.64],[-174.77,11.46],[-174.63,11.44],[-174.44,11.12],[-174.52,11.02],[-174.33,10.85],[-174.06,10.77],[-174.06,10.63]],[[-171.96,10.31],[-171.78,10.44],[-171.66,10.26],[-171.89,10.19],[-171.96,10.31]],[[-177.16,11.53],[-177.31,11.71],[-177.77,11.56],[-178.02,11.82],[-178.12,12.2],[-178.13,12.71],[-177.99,12.79],[-178.03,13.09],[-178.34,13.01],[-178.41,13.12],[-178.37,13.42],[-178.09,13.88],[-177.88,14.1],[-177.73,14.12],[-177.43,14],[-177.3,13.73],[-177.11,13.85],[-176.93,13.72],[-176.93,13.46],[-176.5,13.42],[-176.41,13.3],[-176.41,12.91],[-175.78,13.06],[-175.78,12.73],[-175.85,12.62],[-175.7,12.41],[-175.87,12.12],[-175.87,11.94],[-176.4,11.66],[-176.57,11.76],[-176.76,11.62],[-177.16,11.53]],[[-178.11,11.55],[-178.26,11.52],[-178.31,11.83],[-178.11,11.89],[-178.11,11.55]],[[-178.9,12.45],[-179.26,12.41],[-179.65,12.66],[-179.73,12.87],[-179.58,12.9],[-179.38,12.79],[-179.15,12.79],[-178.97,12.67],[-178.9,12.45]],[[-178.7,12.92],[-178.56,13.04],[-178.37,12.88],[-178.61,12.74],[-178.7,12.92]],[[-179.16,13.66],[-178.99,13.56],[-179.06,13.27],[-179.22,13.26],[-179.46,13.49],[-179.4,13.63],[-179.16,13.66]],[[-179.38,14.18],[-179.55,14.26],[-179.5,14.45],[-179.32,14.49],[-179.38,14.18]],[[-177.74,14.62],[-177.72,14.86],[-177.87,14.89],[-177.83,15.13],[-178.4,15.59],[-178.22,15.73],[-178.22,16.01],[-177.97,15.97],[-177.96,16.2],[-177.76,16.41],[-177.53,16.42],[-177.44,16.18],[-177.56,15.96],[-177.39,15.78],[-177.28,16.01],[-177.07,16.09],[-176.93,15.96],[-177.02,15.7],[-177.04,15.27],[-176.71,15.23],[-176.72,14.98],[-176.97,14.72],[-177.2,14.74],[-177.43,14.64],[-177.74,14.62]],[[-179.02,14.69],[-179.27,14.75],[-179.18,15.12],[-179.01,15.11],[-179.02,14.69]],[[-179.55,15.11],[-179.73,14.95],[-179.83,15.2],[-179.67,15.24],[-179.55,15.11]],[[-178.77,15.15],[-178.47,15.03],[-178.46,14.78],[-178.75,14.74],[-178.87,14.81],[-178.9,15.05],[-178.77,15.15]],[[-176.94,16.34],[-176.68,16.37],[-176.72,16.19],[-176.87,16.18],[-176.94,16.34]],[[-175.7,15.48],[-175.82,15.79],[-175.65,15.8],[-175.56,15.48],[-175.7,15.48]],[[-175.02,15.9],[-175.25,16.18],[-175.13,16.42],[-174.86,16.25],[-174.86,16.03],[-175.02,15.9]],[[-172.56,16.61],[-172.37,16.48],[-171.89,16.42],[-171.72,16.31],[-171.09,16.22],[-171.05,16.06],[-171.34,16.03],[-172.09,16.22],[-172.32,16.34],[-172.63,16.37],[-172.56,16.61]],[[-171.4,16.28],[-171.74,16.37],[-171.81,16.67],[-171.19,16.72],[-171.06,16.29],[-171.4,16.28]],[[-173.65,16.63],[-174.04,16.45],[-174.16,16.62],[-173.96,16.76],[-173.78,16.78],[-173.65,16.63]],[[-171.61,16.76],[-171.77,17],[-171.64,17.09],[-171.41,16.84],[-171.61,16.76]],[[-170.92,17.08],[-170.77,17],[-170.83,16.8],[-171.06,16.94],[-170.92,17.08]],[[-172.83,16.08],[-172.73,15.98],[-172.85,15.79],[-172.97,15.83],[-173.02,16.03],[-172.83,16.08]],[[-171.31,15.9],[-171.12,15.9],[-170.99,15.78],[-171.09,15.37],[-170.79,15.34],[-170.68,15.04],[-170.73,14.92],[-171.15,14.85],[-171.35,15.11],[-171.43,15.47],[-171.77,15.48],[-171.78,15.33],[-171.4,14.88],[-171.47,14.74],[-171.68,14.82],[-172.03,15.22],[-172.18,15.26],[-172.27,15.49],[-172.16,15.74],[-171.89,15.74],[-171.71,15.89],[-171.42,15.79],[-171.31,15.9]],[[-169.58,15.1],[-169.43,15.15],[-169.31,14.82],[-169.5,14.77],[-169.26,14.44],[-169.27,14.29],[-169.03,14.09],[-168.93,13.84],[-169.26,13.86],[-169.49,13.79],[-169.99,14.16],[-170.14,14.16],[-170.34,13.72],[-170.53,13.82],[-170.61,13.98],[-170.83,14.09],[-170.98,14.33],[-170.96,14.56],[-170.78,14.66],[-170.62,14.62],[-170.66,14.28],[-170.55,14.21],[-170.26,14.3],[-170.28,14.47],[-170.04,14.65],[-169.82,14.64],[-169.59,14.83],[-169.58,15.1]],[[-169.15,14.71],[-169.04,14.72],[-168.83,14.51],[-168.86,14.33],[-169.13,14.33],[-169.15,14.71]],[[-168.32,13.86],[-168.14,13.92],[-168.07,13.75],[-168.22,13.6],[-168.34,13.67],[-168.32,13.86]],[[-169.9,13.51],[-170.14,13.53],[-170.12,13.78],[-170,13.83],[-169.9,13.51]],[[-168.8,13.47],[-168.53,13.21],[-168.73,13.07],[-168.92,13.33],[-168.8,13.47]],[[-170.43,13.19],[-170.46,12.99],[-170.7,12.95],[-170.63,13.18],[-170.43,13.19]],[[-168.19,12.82],[-167.89,12.85],[-167.74,12.62],[-167.52,12.52],[-167.48,12.3],[-167.64,12.28],[-167.95,12.58],[-168.13,12.57],[-168.19,12.82]],[[-167.11,12.38],[-167.12,12.71],[-166.98,12.77],[-166.8,12.56],[-166.92,12.37],[-167.11,12.38]],[[-170.35,12.24],[-170.53,12.34],[-170.38,12.53],[-170.23,12.47],[-170.35,12.24]],[[-171.7,12.5],[-171.65,12.48],[-171.61,12.01],[-171.81,11.98],[-171.98,12.18],[-171.88,12.45],[-171.7,12.5]],[[-173.48,12.05],[-173.64,11.96],[-173.72,12.19],[-173.49,12.21],[-173.48,12.05]],[[-173.75,12.22],[-173.98,12.24],[-174,12.41],[-173.83,12.51],[-173.7,12.4],[-173.75,12.22]],[[-172.71,12.5],[-172.59,12.42],[-172.46,12.11],[-172.78,12.07],[-172.91,12.13],[-172.91,12.46],[-172.71,12.5]],[[-174.12,12.79],[-174.38,12.89],[-174.36,13.2],[-174.1,13.28],[-174.03,13.12],[-174.12,12.79]],[[-174.58,13.06],[-174.83,13.02],[-174.94,13.19],[-175.01,13.48],[-174.9,13.59],[-174.6,13.37],[-174.58,13.06]],[[-176.13,13.56],[-176.06,13.87],[-175.9,13.63],[-176.13,13.56]],[[-175.32,13.8],[-175.63,14.28],[-175.67,14.43],[-176.06,15.14],[-175.91,15.31],[-175.67,15.08],[-175.52,14.56],[-175.36,14.38],[-175.34,14.18],[-175.13,14.02],[-175.1,13.87],[-175.32,13.8]],[[-178.98,14.5],[-178.98,14.27],[-179.21,14.28],[-179.14,14.57],[-178.98,14.5]],[[-173.03,15.31],[-172.83,15.23],[-172.88,15.09],[-172.79,14.76],[-173.02,14.56],[-173.4,15.02],[-173.37,15.16],[-173.03,15.31]],[[-172.3,14.76],[-172.45,14.96],[-172.18,14.99],[-172.13,14.76],[-172.3,14.76]],[[-173.52,14.77],[-173.22,14.57],[-173.28,14.33],[-173.64,14.44],[-173.69,14.65],[-173.52,14.77]],[[-171.2,14.26],[-171.04,14.1],[-171.31,13.94],[-171.46,13.94],[-171.55,14.1],[-171.43,14.26],[-171.2,14.26]],[[-171.88,14.08],[-171.76,13.81],[-171.89,13.68],[-172.15,13.78],[-172.15,13.97],[-171.88,14.08]],[[-173.37,13.65],[-173.21,13.56],[-173.27,13.19],[-173.37,13.15],[-173.56,13.38],[-173.64,13.7],[-173.52,13.78],[-173.37,13.65]],[[-172.42,14.07],[-172.69,14.03],[-172.58,14.25],[-172.42,14.07]],[[-173.8,14.64],[-173.88,14.45],[-174.29,14.86],[-174.53,14.92],[-174.53,15.19],[-174.3,15.18],[-173.99,14.96],[-173.8,14.64]],[[-173.2,15.7],[-173.33,15.52],[-173.45,15.68],[-173.43,15.87],[-173.23,15.85],[-173.2,15.7]],[[-174.42,15.71],[-174.48,15.6],[-174.7,15.69],[-174.81,16.11],[-174.55,16.2],[-174.42,15.71]],[[-172.43,11.91],[-172.3,11.76],[-172.48,11.63],[-172.58,11.78],[-172.43,11.91]],[[-171.86,11.67],[-171.69,11.62],[-171.72,11.42],[-171.9,11.42],[-171.86,11.67]],[[-172.71,11.55],[-172.99,11.46],[-173.16,11.54],[-173.13,11.85],[-172.81,11.81],[-172.71,11.55]],[[-167.04,14.86],[-167.3,15],[-167.32,15.18],[-167.17,15.42],[-166.98,15.42],[-166.85,15.62],[-166.7,15.63],[-166.56,15.35],[-166.39,15.18],[-166.29,14.94],[-165.98,14.69],[-165.88,14.51],[-165.72,14.52],[-165.53,14.33],[-165.49,14.13],[-165.59,13.97],[-165.29,13.92],[-165.26,13.26],[-165.5,12.86],[-165.44,12.6],[-165.77,12.73],[-166.16,12.74],[-166.34,13.15],[-166.55,13.35],[-166.58,13.66],[-166.76,13.66],[-166.89,13.92],[-166.61,14.29],[-166.32,13.87],[-166.15,13.85],[-166.13,13.46],[-166.06,13.31],[-165.71,13.24],[-165.64,13.65],[-165.84,13.73],[-165.86,13.9],[-166.06,14.18],[-166.3,14.23],[-166.63,14.64],[-166.76,14.61],[-167.04,14.86]],[[-146.35,14.74],[-146.35,14.51],[-146.62,14.57],[-146.53,14.74],[-146.35,14.74]],[[-147.4,14.22],[-147.25,14.07],[-147.42,13.93],[-147.54,14.05],[-147.4,14.22]],[[-156.38,13.16],[-156.59,13.07],[-156.67,13.26],[-156.42,13.31],[-156.38,13.16]],[[-156.52,13.07],[-156.37,12.87],[-156.59,12.83],[-156.52,13.07]],[[-158.17,12.73],[-158.28,12.55],[-158.53,12.6],[-158.51,12.81],[-158.36,12.86],[-158.17,12.73]],[[-155.46,12.54],[-155.24,12.5],[-155.23,12.1],[-155.41,12.03],[-155.6,12.37],[-155.46,12.54]],[[-154.42,12.1],[-154.24,12.06],[-154.3,11.68],[-154.49,11.83],[-154.42,12.1]],[[-161.38,11.97],[-161.59,11.92],[-161.67,12.1],[-161.37,12.19],[-161.38,11.97]],[[-158.43,11.99],[-158.39,12.18],[-157.92,12.26],[-157.91,12.01],[-158.43,11.99]],[[-160.1,12.63],[-160.42,12.55],[-160.37,12.79],[-159.98,12.93],[-160.1,12.63]],[[-165.1,12.81],[-165.39,12.91],[-165.31,13.1],[-165.08,13.04],[-164.93,13.15],[-164.78,13.1],[-164.78,12.93],[-165.1,12.81]],[[-158.16,12.87],[-158.14,12.98],[-157.88,13.03],[-157.88,12.83],[-158.16,12.87]],[[-163.08,14.17],[-163.17,14.32],[-162.99,14.47],[-162.88,14.28],[-163.08,14.17]],[[-148.1,14.18],[-147.98,13.92],[-148.33,13.85],[-148.51,13.74],[-148.6,13.96],[-148.53,14.09],[-148.31,14.08],[-148.1,14.18]],[[-148.74,14.03],[-149.23,13.71],[-149.44,13.92],[-149.12,14.08],[-148.74,14.03]],[[-156.66,11.29],[-156.43,11.43],[-156.4,11.18],[-156.62,11.15],[-156.66,11.29]],[[-153.34,11.07],[-153.45,10.81],[-153.73,10.93],[-153.73,11.15],[-153.51,11.17],[-153.34,11.07]],[[-151.99,10.83],[-151.33,10.81],[-151.34,10.66],[-151.84,10.64],[-151.99,10.83]],[[-152.38,10.22],[-152.14,10.25],[-152.15,10.03],[-152.79,10.1],[-152.86,10.32],[-152.64,10.32],[-152.38,10.22]],[[-154.61,10.1],[-154.8,10.02],[-154.87,10.25],[-154.67,10.24],[-154.61,10.1]],[[-155.58,10.29],[-155.4,9.99],[-155.44,9.86],[-155.66,9.94],[-155.96,10.25],[-156.02,10.55],[-155.91,10.61],[-155.63,10.57],[-155.58,10.29]],[[-145.04,9.68],[-145.33,9.52],[-145.35,9.65],[-145.18,9.78],[-145.04,9.68]],[[-156.26,10.86],[-156.55,10.85],[-156.46,11.1],[-156.33,11.1],[-156.26,10.86]],[[-154.06,10.97],[-154.02,11.26],[-153.82,11.13],[-154.06,10.97]],[[-161.5,15.86],[-161.64,15.97],[-161.86,15.98],[-162.12,16.08],[-162.2,16.3],[-161.74,16.32],[-161.48,16.21],[-161.37,15.96],[-161.5,15.86]],[[-166.78,15.9],[-167.29,16.05],[-167.24,16.21],[-166.96,16.25],[-166.78,16.13],[-166.78,15.9]],[[-162.48,16.1],[-162.81,16.45],[-162.86,17],[-162.75,17.08],[-162.58,16.88],[-162.52,16.6],[-162.37,16.5],[-162.24,16.21],[-162.48,16.1]],[[-157.54,16.56],[-157.39,16.65],[-157.25,16.34],[-157.35,16.16],[-157.49,16.27],[-157.54,16.56]],[[-156.77,16.48],[-156.88,16.29],[-157.09,16.3],[-157.13,16.46],[-156.77,16.48]],[[-167.91,17.92],[-168.13,17.97],[-168.34,18.19],[-168.08,18.2],[-167.91,17.92]],[[-163.15,18.83],[-163.1,18.58],[-163.24,18.57],[-163.36,18.77],[-163.15,18.83]],[[-161.14,18.87],[-161.2,19.03],[-161.05,19.22],[-160.91,19.24],[-160.87,19.01],[-161.14,18.87]],[[-162.45,19.43],[-162.1,19.44],[-161.69,19.53],[-161.66,19.33],[-162.17,19.25],[-162.44,19.28],[-162.45,19.43]],[[-173.19,17.25],[-173.61,17.27],[-173.67,17.4],[-173.3,17.69],[-173.15,17.62],[-173.11,17.4],[-173.19,17.25]],[[-171.07,17.67],[-171.46,17.71],[-171.48,17.86],[-171.13,17.9],[-171.07,17.67]],[[-176.14,9.78],[-176.21,9.51],[-176.38,9.65],[-176.14,9.78]],[[-169.49,8.65],[-169.29,8.59],[-169.29,8.35],[-169.19,8],[-169.3,7.95],[-169.51,8.21],[-169.49,8.65]],[[-175.54,7.65],[-175.49,7.45],[-175.63,7.27],[-175.82,7.18],[-175.8,7.03],[-175.9,6.69],[-175.83,6.49],[-176.05,6.46],[-176.25,6.24],[-176.45,6.3],[-176.56,5.98],[-176.87,5.99],[-176.93,5.81],[-177.01,5.11],[-177.17,5.04],[-177.28,5.21],[-177.48,5.18],[-177.6,5.59],[-177.82,5.69],[-178.27,5.66],[-178.5,5.74],[-178.66,5.99],[-178.29,6.14],[-178.08,6.1],[-178.08,6.38],[-178.17,6.49],[-178.18,6.78],[-178.06,6.88],[-177.94,7.19],[-177.81,7.37],[-177.73,7.66],[-177.6,7.77],[-177.6,7.94],[-177.34,8.09],[-177.15,7.99],[-176.86,8.04],[-176.77,8.38],[-176.45,8.57],[-176.17,8.6],[-175.95,8.36],[-175.85,8.06],[-175.63,7.84],[-175.54,7.65]],[[-173.98,6.53],[-174.11,6.7],[-173.96,6.87],[-173.79,6.64],[-173.98,6.53]],[[-174.05,6.17],[-173.9,6.23],[-173.76,6.04],[-173.93,5.85],[-174.11,5.84],[-174.19,6.05],[-174.05,6.17]],[[-173.72,5.8],[-173.42,5.54],[-173.26,5.22],[-173.38,5.11],[-173.65,5.2],[-173.68,5.44],[-173.88,5.5],[-173.95,5.69],[-173.72,5.8]],[[-168.42,5.48],[-168.19,5.34],[-168.18,4.98],[-168.3,4.98],[-168.48,5.3],[-168.42,5.48]],[[-175.51,4.78],[-175.13,4.78],[-175.1,4.55],[-175.37,4.63],[-175.65,4.47],[-175.76,4.67],[-175.51,4.78]],[[-172.92,4.56],[-172.76,4.51],[-172.7,4.32],[-173.06,4.32],[-173.05,4.51],[-172.92,4.56]],[[-174.94,4.24],[-175.05,4.01],[-174.74,3.98],[-174.89,3.79],[-174.89,3.5],[-175.19,3.45],[-175.36,3.19],[-175.6,3.15],[-175.71,3.33],[-176.11,3.65],[-176.31,3.47],[-176.79,3.4],[-176.6,3.85],[-176.75,3.9],[-176.65,4.5],[-176.42,4.58],[-176.23,4.85],[-175.98,4.31],[-175.73,4.13],[-175.35,4.2],[-175.24,4.12],[-174.94,4.24]],[[-166.22,3.76],[-165.98,3.78],[-166.01,3.59],[-166.19,3.59],[-166.22,3.76]],[[-173,3.53],[-173.05,3.35],[-173.35,3.55],[-173.26,3.72],[-173.04,3.71],[-173,3.53]],[[-173.57,3.19],[-173.41,3.15],[-173.46,2.94],[-173.64,3.07],[-173.57,3.19]],[[-168.34,3.15],[-168.26,3.04],[-168.45,2.74],[-168.59,2.69],[-168.89,2.73],[-169.06,2.57],[-169.18,2.81],[-168.94,2.93],[-168.74,2.92],[-168.66,3.13],[-168.34,3.15]],[[-165.02,3.04],[-164.89,3.06],[-164.81,2.83],[-164.86,2.62],[-165.33,2.6],[-165.37,2.88],[-165.02,3.04]],[[-163.25,2.66],[-163.02,2.6],[-163.13,2.42],[-163.25,2.66]],[[-172.61,2.54],[-172.36,2.48],[-172.35,2.32],[-172.6,2.25],[-172.85,2.35],[-173.02,2.64],[-172.86,2.72],[-172.61,2.54]],[[-164.77,2.37],[-164.62,2.41],[-164.49,2.3],[-164.19,2.23],[-163.99,1.87],[-164.44,1.86],[-164.64,2.11],[-164.76,2.16],[-164.77,2.37]],[[-162.55,2.27],[-162.4,2.27],[-162.25,1.87],[-162.59,1.96],[-162.66,2.22],[-162.55,2.27]],[[-161.56,2.01],[-161.36,1.9],[-161.4,1.74],[-161.71,1.75],[-161.7,1.98],[-161.56,2.01]],[[-162.94,1.67],[-162.87,1.56],[-162.93,1.24],[-163.11,1.15],[-163.26,1.35],[-163.23,1.49],[-162.94,1.67]],[[-162.19,1.19],[-161.98,1.47],[-161.7,1.44],[-161.69,1.03],[-161.93,0.94],[-162.37,0.87],[-162.53,0.75],[-162.73,0.76],[-163.26,0.59],[-163.58,0.59],[-163.84,0.38],[-164.23,0.19],[-164.53,0.17],[-164.52,0.04],[-164.77,0.02],[-164.9,0.1],[-165.27,-0.01],[-165.3,0.11],[-165.17,0.36],[-164.57,0.55],[-164.4,0.65],[-163.46,0.9],[-163.1,0.94],[-162.6,1.1],[-162.19,1.19]],[[-161.27,1.4],[-161.1,1.31],[-161.11,1.03],[-161.27,0.86],[-161.51,0.88],[-161.57,1.08],[-161.4,1.37],[-161.27,1.4]],[[-160.72,1.03],[-160.68,1.23],[-160.41,1.23],[-160.37,0.98],[-160.43,0.75],[-160.64,0.64],[-160.85,0.84],[-160.72,1.03]],[[-161.25,0.64],[-161.42,0.49],[-161.76,0.53],[-161.82,0.76],[-161.54,0.77],[-161.25,0.64]],[[-163.37,0.12],[-163.54,-0.13],[-164.11,-0.14],[-164.19,0.04],[-164.05,0.17],[-163.59,0.27],[-163.57,0.38],[-163.26,0.43],[-163.05,0.3],[-163.06,0.18],[-163.37,0.12]],[[-160.3,-0.12],[-159.83,0],[-159.65,-0.12],[-159.6,-0.34],[-159.72,-0.55],[-159.92,-0.69],[-160.04,-0.93],[-160.2,-0.85],[-160.17,-0.63],[-160.3,-0.12]],[[-166.71,-0.93],[-166.78,-1.06],[-167.2,-1.14],[-167.45,-1.08],[-168.03,-1.35],[-168.16,-1.52],[-168.38,-1.66],[-168.51,-1.62],[-168.81,-1.79],[-168.92,-1.57],[-168.17,-1.2],[-167.95,-1.06],[-167.64,-0.97],[-167.71,-0.82],[-167.31,-0.57],[-167.06,-0.53],[-166.67,-0.38],[-166.49,-0.19],[-166.39,-0.36],[-165.98,-0.19],[-165.9,0.05],[-165.51,0.12],[-165.42,-0.08],[-165.01,-0.15],[-165.01,-0.39],[-165.21,-0.27],[-165.49,-0.35],[-165.5,-0.55],[-165.89,-0.65],[-165.95,-0.43],[-166.14,-0.44],[-166.54,-0.7],[-166.74,-0.7],[-166.71,-0.93]],[[-159.45,-1.3],[-159.29,-1.34],[-159.29,-1.54],[-159.59,-1.8],[-159.6,-1.45],[-159.45,-1.3]],[[-168.61,-2.14],[-168.84,-2.17],[-168.84,-1.89],[-168.62,-1.96],[-168.61,-2.14]],[[-169.21,-2.03],[-169.59,-2.06],[-169.58,-2.23],[-169.78,-2.49],[-169.99,-2.38],[-170.13,-2.5],[-170.59,-2.29],[-170.57,-2.12],[-170.35,-2.01],[-170.25,-2.17],[-170.1,-2.01],[-169.75,-1.99],[-169.42,-1.66],[-169.15,-1.48],[-169.03,-1.61],[-168.99,-1.91],[-169.21,-2.03]],[[-168.97,-2.36],[-168.92,-2.55],[-169.33,-2.69],[-169.38,-2.49],[-168.97,-2.36]],[[-167.47,-2.62],[-167.18,-2.71],[-167.19,-2.89],[-167.39,-2.87],[-167.47,-2.62]],[[-167.15,-3.16],[-167.06,-3.09],[-166.88,-3.25],[-166.95,-3.39],[-167.11,-3.38],[-167.15,-3.16]],[[-168.83,-3.76],[-168.89,-4.06],[-168.83,-4.29],[-169.08,-4.39],[-169.2,-4.2],[-169.04,-3.97],[-169.11,-3.64],[-168.98,-3.59],[-168.83,-3.76]],[[-171.01,-4.48],[-171.08,-4.68],[-171.21,-4.7],[-171.58,-4.44],[-171.7,-4.46],[-171.91,-4.83],[-172.11,-4.88],[-172.45,-4.76],[-172.46,-4.41],[-172.59,-4.14],[-172.12,-4.17],[-171.79,-4.35],[-171.65,-4.25],[-171.41,-4.2],[-171.02,-4.32],[-171.01,-4.48]],[[-170.15,-4.83],[-170.17,-4.5],[-169.95,-4.6],[-170.01,-4.83],[-170.15,-4.83]],[[-169.64,-4.79],[-169.5,-4.44],[-169.39,-4.45],[-169.34,-4.69],[-169.47,-4.86],[-169.64,-4.79]],[[-169.22,-4.8],[-169.28,-4.6],[-169.05,-4.53],[-169.08,-4.75],[-169.22,-4.8]],[[-173.14,-4.92],[-173.21,-5.11],[-173.51,-5.2],[-173.54,-5.06],[-173.14,-4.92]],[[-173.99,-5.03],[-173.7,-5.33],[-173.64,-5.64],[-174,-5.97],[-174.27,-5.87],[-174.15,-5.56],[-174.26,-5.34],[-174.09,-5.05],[-173.99,-5.03]],[[-173.88,-5.96],[-173.7,-5.84],[-173.47,-6.11],[-173.47,-6.26],[-173.23,-6.65],[-173.34,-6.83],[-173.48,-6.82],[-173.75,-6.5],[-173.88,-5.96]],[[-173.69,-6.78],[-173.53,-6.97],[-173.33,-7.07],[-173.23,-7.3],[-173.47,-7.52],[-173.69,-7.44],[-173.92,-7.45],[-174.1,-7.31],[-174,-7.08],[-173.81,-7],[-173.69,-6.78]],[[-178.15,-7.47],[-178.23,-7.57],[-178.49,-7.44],[-178.39,-7.33],[-178.15,-7.47]],[[-178.91,-7.48],[-179.28,-7.34],[-179.39,-6.88],[-179.11,-6.43],[-179.06,-6.12],[-178.75,-6.24],[-178.75,-6.55],[-179.03,-6.6],[-179.11,-7.02],[-178.94,-7.19],[-178.86,-6.86],[-178.7,-6.94],[-178.73,-7.14],[-178.6,-7.27],[-178.66,-7.41],[-178.91,-7.48]],[[-179.39,-6.29],[-179.56,-6.28],[-179.52,-6.05],[-179.33,-6.14],[-179.39,-6.29]],[[-178.63,-5.89],[-178.83,-5.67],[-178.63,-5.59],[-178.63,-5.89]],[[-176,-5.63],[-176.22,-5.33],[-176.15,-5.17],[-175.99,-5.23],[-175.82,-5.46],[-176,-5.63]],[[-175.74,-5.32],[-175.61,-5.09],[-175.49,-5.28],[-175.74,-5.32]],[[-174.05,-4.93],[-174.49,-5.01],[-174.83,-4.83],[-174.72,-4.47],[-174.91,-4.45],[-175.07,-4.14],[-174.89,-3.96],[-174.63,-4],[-174.57,-4.16],[-174.69,-4.31],[-174.34,-4.37],[-174.24,-4.61],[-174.02,-4.74],[-174.05,-4.93]],[[-173.24,-4.19],[-173.5,-3.84],[-173.34,-3.65],[-173.02,-3.72],[-172.95,-3.95],[-172.72,-4.08],[-172.94,-4.18],[-173.24,-4.19]],[[-174.54,-3.92],[-174.67,-3.91],[-174.69,-3.6],[-174.84,-3.52],[-174.87,-3.28],[-174.59,-3.17],[-174.43,-3.63],[-174.54,-3.92]],[[-171.3,-2.76],[-171.17,-2.71],[-170.93,-2.81],[-170.84,-2.97],[-170.58,-3.01],[-170.59,-3.12],[-170.81,-3.26],[-170.53,-3.56],[-170.31,-3.7],[-170.47,-3.92],[-170.73,-3.96],[-170.84,-4.05],[-171.06,-3.97],[-171.02,-3.64],[-171.16,-3.37],[-171.42,-3.2],[-171.9,-3.27],[-171.98,-2.98],[-172.16,-3.08],[-172.34,-3.31],[-172.78,-3.38],[-172.89,-3.24],[-172.66,-3.08],[-172.34,-2.98],[-172.2,-2.78],[-172.22,-2.5],[-171.99,-2.33],[-171.72,-2.28],[-171.48,-2.42],[-171.41,-2.65],[-171.3,-2.76]],[[-170.89,-2.62],[-170.89,-2.59],[-170.68,-2.5],[-170.68,-2.73],[-170.89,-2.62]],[[-169.76,-2.69],[-169.53,-2.74],[-169.71,-3.01],[-170.27,-3.04],[-170.22,-2.89],[-169.76,-2.69]],[[-169.35,-2.96],[-169.11,-3.08],[-169.01,-3.24],[-169.1,-3.46],[-169.26,-3.36],[-169.44,-3.04],[-169.35,-2.96]],[[-168.36,-3.15],[-168.25,-3.11],[-168.1,-3.28],[-168.14,-3.44],[-168.35,-3.52],[-168.44,-3.43],[-168.36,-3.15]],[[-168.82,-3.16],[-168.58,-3.56],[-168.68,-3.74],[-168.84,-3.6],[-168.97,-3.28],[-168.82,-3.16]],[[-169.38,-3.72],[-169.26,-4.09],[-169.51,-4.14],[-169.5,-3.76],[-169.38,-3.72]],[[-171.46,-3.31],[-171.27,-3.5],[-171.32,-3.8],[-171.51,-3.93],[-171.8,-3.9],[-171.88,-3.67],[-171.84,-3.55],[-171.46,-3.31]],[[-172.08,-3.91],[-172.38,-3.68],[-172.28,-3.45],[-172.01,-3.49],[-171.9,-3.68],[-172.08,-3.91]],[[-173.9,-3.59],[-173.97,-3.83],[-174.31,-3.72],[-174.33,-3.48],[-174.15,-3.33],[-173.97,-3.28],[-173.85,-3.42],[-173.9,-3.59]],[[-174.84,-2.88],[-174.97,-2.93],[-175.24,-2.82],[-175.48,-2.62],[-175.46,-2.45],[-175.08,-2.47],[-174.86,-2.69],[-174.84,-2.88]],[[-178.71,-2.63],[-178.92,-2.64],[-179.04,-2.54],[-179.09,-2.17],[-178.92,-2.14],[-178.69,-2.39],[-178.71,-2.63]],[[-175.73,-1.78],[-175.62,-1.85],[-175.65,-2.07],[-175.49,-2.19],[-175.73,-2.31],[-175.87,-1.89],[-175.73,-1.78]],[[-174.77,-2.24],[-174.98,-1.99],[-175.25,-1.94],[-175.55,-1.72],[-175.53,-1.58],[-175.32,-1.39],[-175.01,-1.3],[-174.65,-1.25],[-174.21,-1.4],[-174.28,-1.63],[-174.21,-1.74],[-174.31,-1.97],[-174.63,-2.22],[-174.77,-2.24]],[[-178.94,-1.55],[-179.35,-1.37],[-179.21,-1.15],[-179.09,-1.42],[-178.94,-1.55]],[[-177.88,-1.36],[-178.05,-1.08],[-178,-0.86],[-177.74,-0.91],[-177.8,-1.34],[-177.88,-1.36]],[[-176.34,-1.32],[-176.29,-1.13],[-176.4,-0.92],[-176.31,-0.72],[-176.42,-0.53],[-176.27,-0.2],[-176.13,-0.12],[-175.83,-0.27],[-175.78,-0.41],[-175.93,-0.63],[-175.9,-0.98],[-175.97,-1.24],[-175.79,-1.46],[-175.78,-1.63],[-175.95,-1.72],[-176.31,-1.43],[-176.34,-1.32]],[[-179.46,-0.63],[-179.64,-0.5],[-179.6,-0.19],[-179.43,-0.04],[-179.46,-0.63]],[[-178.14,-0.24],[-178.27,-0.09],[-178.09,0.21],[-177.81,0.36],[-177.71,0.14],[-177.94,0.01],[-178.02,-0.23],[-178.14,-0.24]],[[-176.56,0.03],[-176.78,0.26],[-176.7,0.37],[-176.47,0.43],[-176.27,0.4],[-176.22,0.27],[-176.34,0.07],[-176.56,0.03]],[[-167.24,0.6],[-167.14,0.86],[-166.91,0.86],[-167.02,0.57],[-167.24,0.6]],[[-176.42,0.65],[-176.72,0.55],[-176.94,0.78],[-176.77,1.05],[-176.44,1.06],[-176.33,0.88],[-176.42,0.65]],[[-179.15,0.7],[-179.55,0.82],[-179.56,1],[-179.41,1.14],[-179.18,1.15],[-179.09,1.02],[-179.15,0.7]],[[-178.84,1.13],[-179.07,1.23],[-179.12,1.42],[-178.86,1.55],[-178.7,1.34],[-178.84,1.13]],[[-177.61,1.43],[-177.72,1.75],[-177.64,1.88],[-177.36,1.9],[-177.34,1.58],[-177.61,1.43]],[[-172,1.63],[-172.08,1.86],[-171.92,1.95],[-171.77,1.81],[-172,1.63]],[[-167.59,1.2],[-167.61,1.01],[-167.86,0.94],[-167.86,1.13],[-167.59,1.2]],[[-165.91,0.77],[-165.77,0.58],[-165.96,0.38],[-166.41,0.32],[-166.64,0.38],[-166.6,0.51],[-166.21,0.77],[-166.03,0.67],[-165.91,0.77]],[[-168.23,-0.04],[-167.83,0.13],[-167.81,-0.08],[-168.14,-0.17],[-168.23,-0.04]],[[-168.45,-0.62],[-168.04,-0.51],[-167.89,-0.29],[-167.62,-0.26],[-167.19,-0.14],[-167.13,-0.28],[-167.62,-0.53],[-167.78,-0.53],[-168.11,-0.68],[-168.45,-0.62]],[[-170.51,-0.43],[-170.45,-0.71],[-170.69,-0.7],[-170.71,-0.5],[-170.51,-0.43]],[[-168.84,-0.71],[-168.76,-0.78],[-169.13,-1],[-169.3,-0.87],[-169.14,-0.76],[-168.84,-0.71]],[[-171.53,-0.91],[-171.68,-1.02],[-171.84,-0.84],[-171.6,-0.75],[-171.53,-0.91]],[[-174.43,-0.77],[-174.55,-1.06],[-174.8,-1.01],[-174.84,-0.67],[-174.55,-0.59],[-174.43,-0.77]],[[-171.19,-0.58],[-171.12,-0.48],[-170.88,-0.49],[-170.84,-0.72],[-171.22,-0.84],[-171.19,-0.58]],[[-171.37,-0.28],[-171.6,-0.21],[-171.47,-0.04],[-171.37,-0.28]],[[-173.23,-1.58],[-173.19,-1.84],[-173.42,-1.86],[-173.62,-1.7],[-173.51,-1.55],[-173.35,-1.67],[-173.23,-1.58]],[[-172.97,-2.69],[-172.73,-2.6],[-172.63,-2.75],[-172.87,-2.83],[-172.97,-2.69]],[[-175.72,2.12],[-175.85,2.06],[-175.96,2.3],[-175.83,2.35],[-175.72,2.12]],[[-165.16,2.19],[-164.98,2.29],[-164.85,2.11],[-165.1,1.99],[-165.16,2.19]],[[-175.63,2.59],[-175.73,2.69],[-175.58,2.85],[-175.46,2.7],[-175.63,2.59]],[[-177.44,2.72],[-177.6,2.63],[-177.75,2.75],[-177.72,2.95],[-177.39,2.92],[-177.44,2.72]],[[-176.47,3.17],[-176.46,3.41],[-176.14,3.48],[-176.06,3.26],[-176.27,3.26],[-176.47,3.17]],[[-177.64,3.9],[-177.77,3.87],[-177.87,4.06],[-177.68,4.17],[-177.64,3.9]],[[-176.18,3.07],[-175.91,2.99],[-175.97,2.84],[-176.24,2.89],[-176.18,3.07]],[[-174,2.86],[-173.81,2.88],[-173.74,2.75],[-173.86,2.59],[-174.05,2.75],[-174,2.86]],[[-174.3,3.33],[-174.57,3.38],[-174.61,3.55],[-174.39,3.54],[-174.3,3.33]],[[-179.08,-8.78],[-178.84,-8.93],[-178.95,-9.08],[-179.15,-8.94],[-179.08,-8.78]],[[-167.61,-6.11],[-167.38,-5.98],[-167.21,-6.19],[-167.44,-6.25],[-167.61,-6.11]],[[-169.72,-7.66],[-169.79,-7.51],[-169.52,-7.42],[-169.52,-7.59],[-169.72,-7.66]],[[-161.96,-2.94],[-161.9,-3.17],[-162.08,-3.21],[-162.11,-3.04],[-161.96,-2.94]],[[-161.55,-3.21],[-161.69,-3.05],[-161.38,-2.96],[-161.33,-3.14],[-161.55,-3.21]],[[-157.03,-3.31],[-156.72,-3.24],[-156.6,-3.48],[-156.61,-3.65],[-156.82,-3.79],[-157.28,-3.61],[-157.3,-3.51],[-157.03,-3.31]],[[-159.64,-3.72],[-159.86,-3.88],[-160.18,-3.75],[-160.24,-3.6],[-160.17,-3.46],[-159.9,-3.37],[-159.74,-3.52],[-159.64,-3.72]],[[-159.51,-3.88],[-159.22,-3.89],[-158.83,-4.18],[-158.84,-4.3],[-158.23,-4.25],[-158.13,-4.52],[-158.6,-4.72],[-158.97,-4.7],[-159.05,-4.53],[-159.39,-4.39],[-159.59,-4.09],[-159.51,-3.88]],[[-156.12,-3.97],[-155.97,-3.89],[-155.68,-3.99],[-155.83,-4.15],[-155.85,-4.54],[-156.11,-4.41],[-156.25,-4.54],[-156.43,-4.4],[-156.54,-4.1],[-156.48,-3.99],[-156.18,-4.12],[-156.12,-3.97]],[[-160.17,-4.74],[-160.32,-4.7],[-160.46,-4.86],[-160.65,-4.88],[-160.81,-5.04],[-161.01,-5.02],[-161.13,-4.84],[-160.43,-4.58],[-160.22,-4.61],[-160.17,-4.74]],[[-155.62,-4.61],[-155.72,-4.83],[-155.49,-5.01],[-155.76,-5.28],[-155.42,-5.81],[-155.5,-6],[-155.71,-6.02],[-156,-5.95],[-156.23,-5.79],[-156.12,-5.33],[-156.29,-5.29],[-156.14,-4.84],[-155.87,-4.9],[-155.88,-4.63],[-155.62,-4.61]],[[-155.23,-4.88],[-154.99,-4.86],[-154.94,-5.11],[-155.12,-5.14],[-155.23,-4.88]],[[-156.79,-5.95],[-156.77,-6.2],[-156.91,-6.44],[-157.14,-6.42],[-157.2,-6.26],[-157.38,-6.12],[-157.27,-5.76],[-157.11,-5.87],[-156.86,-5.86],[-156.79,-5.95]],[[-159.48,-6.29],[-159.37,-6.48],[-159.67,-6.59],[-159.79,-6.49],[-159.48,-6.29]],[[-153.98,-6.88],[-153.75,-6.9],[-153.67,-7.01],[-153.71,-7.28],[-154.03,-7.15],[-154.4,-7.12],[-154.46,-6.94],[-153.98,-6.88]],[[-154.25,-7.24],[-154.39,-7.39],[-154.63,-7.3],[-154.67,-7.03],[-154.4,-7.22],[-154.25,-7.24]],[[-155.21,-7.32],[-155.32,-7.49],[-155.6,-7.44],[-155.61,-7.3],[-155.2,-7.16],[-155.21,-7.32]],[[-156.36,-7.5],[-156.73,-7.79],[-156.93,-7.72],[-156.85,-7.52],[-156.62,-7.31],[-156.6,-7.09],[-156.3,-7.03],[-156.19,-7.45],[-156.36,-7.5]],[[-153.63,-8.08],[-153.61,-8.27],[-153.41,-8.3],[-153.5,-8.48],[-153.82,-8.5],[-154.08,-8.42],[-154.02,-8.2],[-153.63,-8.08]],[[-154.1,-8.18],[-154.15,-8.32],[-154.34,-8.38],[-154.49,-8.59],[-154.68,-8.57],[-154.7,-8.38],[-155.14,-8.28],[-155.33,-8.15],[-155.18,-7.78],[-154.94,-7.74],[-154.8,-7.92],[-154.61,-8.02],[-154.44,-7.97],[-154.1,-8.18]],[[-153.56,-8.59],[-153.27,-8.62],[-153.34,-8.83],[-153.54,-8.81],[-153.56,-8.59]],[[-156.89,-8.66],[-156.7,-8.69],[-156.71,-8.98],[-156.96,-8.98],[-157.03,-8.83],[-156.89,-8.66]],[[-157.54,-8.68],[-157.48,-8.9],[-157.51,-9.17],[-157.66,-9.39],[-158.01,-9.4],[-158.27,-9.27],[-158.51,-9.23],[-158.48,-8.75],[-158.17,-8.46],[-157.75,-8.48],[-157.54,-8.68]],[[-157.22,-9.37],[-156.66,-9.46],[-156.66,-9.68],[-156.91,-9.72],[-157.23,-9.61],[-157.22,-9.37]],[[-156.39,-9.91],[-156.23,-9.96],[-155.97,-10.17],[-155.93,-10.33],[-156.1,-10.4],[-156.42,-10.21],[-156.39,-9.91]],[[-155.05,-10.21],[-154.97,-10.01],[-154.67,-10.02],[-154.67,-10.2],[-155.05,-10.21]],[[-154.07,-10.18],[-153.9,-10.38],[-154.15,-10.64],[-154.34,-10.63],[-154.46,-10.48],[-154.46,-10.3],[-154.07,-10.18]],[[-156.11,-10.66],[-156.14,-10.87],[-156.35,-10.82],[-156.38,-10.67],[-156.11,-10.66]],[[-158.7,-10.84],[-159.21,-10.83],[-159.37,-10.74],[-159.34,-10.49],[-159.21,-10.36],[-159.06,-10.52],[-158.81,-10.58],[-158.7,-10.84]],[[-159.4,-10.35],[-159.5,-10.57],[-159.65,-10.45],[-159.53,-10.25],[-159.4,-10.35]],[[-157.34,-10.41],[-157.25,-10.52],[-157.32,-10.79],[-157.44,-10.78],[-157.34,-10.41]],[[-156.02,-7.27],[-156.07,-7.18],[-155.94,-6.96],[-155.81,-7.06],[-156.02,-7.27]],[[-155.46,-7.15],[-155.6,-6.98],[-155.45,-6.89],[-155.35,-7.08],[-155.46,-7.15]],[[-160.06,-6.89],[-160.28,-6.81],[-160.52,-6.34],[-160.26,-6.2],[-160.06,-6.38],[-160.01,-6.53],[-159.82,-6.55],[-159.89,-6.82],[-160.06,-6.89]],[[-158.77,-5.55],[-158.53,-5.36],[-158.44,-5.62],[-158.71,-5.67],[-158.77,-5.55]],[[-159.49,-11.18],[-159.28,-10.92],[-159.24,-11.21],[-159.41,-11.34],[-159.49,-11.18]],[[-158.69,-11.21],[-158.92,-11.04],[-158.82,-10.92],[-158.46,-11.05],[-158.51,-11.24],[-158.69,-11.21]],[[-158.32,-11.22],[-158.18,-11.27],[-158.16,-11.52],[-158.38,-11.59],[-158.47,-11.35],[-158.32,-11.22]],[[-153.86,-11.84],[-153.63,-11.78],[-153.62,-11.98],[-153.84,-12.03],[-153.86,-11.84]],[[-153.38,-12],[-153.5,-12.29],[-153.71,-12.19],[-153.52,-12.01],[-153.38,-12]],[[-152.95,-12.7],[-153.14,-12.96],[-153.35,-12.75],[-153.29,-12.55],[-152.95,-12.7]],[[-155.82,-12.95],[-155.86,-13.08],[-156.26,-12.95],[-156.41,-12.8],[-156.23,-12.68],[-156.28,-12.4],[-156.02,-12.22],[-155.84,-12.19],[-155.78,-12.38],[-155.99,-12.42],[-155.88,-12.64],[-155.82,-12.95]],[[-155.2,-13.37],[-154.94,-13.61],[-155.12,-13.67],[-155.33,-13.43],[-155.2,-13.37]],[[-158.2,-13.83],[-158.19,-14.13],[-158.32,-14.13],[-158.32,-13.86],[-158.2,-13.83]],[[-159.44,-13.83],[-159.33,-13.71],[-159.3,-13.49],[-159.14,-13.52],[-159.15,-13.81],[-159.44,-13.83]],[[-158.04,-13.27],[-158.16,-13.41],[-158.38,-13.32],[-158.36,-13.12],[-158.19,-13.08],[-158.04,-13.27]],[[-158.98,-12.67],[-158.9,-12.42],[-158.75,-12.26],[-158.49,-12.19],[-158.43,-12.35],[-158.75,-12.43],[-158.74,-12.7],[-158.98,-12.67]],[[-155.76,-12.19],[-155.75,-12.06],[-155.49,-12.06],[-155.57,-12.27],[-155.76,-12.19]],[[-155.64,-12.36],[-155.46,-12.42],[-155.27,-12.36],[-155.14,-12.52],[-155.33,-12.66],[-155.74,-12.56],[-155.64,-12.36]],[[-154.87,-12.59],[-154.79,-12.41],[-154.58,-12.46],[-154.67,-12.71],[-154.87,-12.59]],[[-155.29,-12.8],[-155.32,-12.93],[-155.75,-12.92],[-155.75,-12.68],[-155.29,-12.8]],[[-159.56,-15.75],[-159.47,-15.91],[-159.66,-16.03],[-159.79,-15.82],[-159.56,-15.75]],[[-159.47,-16.08],[-159.36,-16.43],[-159.72,-16.55],[-159.76,-16.28],[-159.47,-16.08]],[[-167.54,9.7],[-167.37,9.76],[-167.39,9.59],[-167.29,9.48],[-167.44,9.31],[-167.34,9.17],[-167.53,9.03],[-167.72,9.12],[-167.7,9.46],[-167.83,9.65],[-167.82,9.85],[-167.62,9.82],[-167.54,9.7]],[[-168.29,9.45],[-168.18,9.28],[-168.43,9.14],[-168.47,9.37],[-168.29,9.45]],[[-165.36,7.22],[-165.64,7.26],[-165.71,7.46],[-165.62,7.58],[-165.4,7.62],[-165.27,7.52],[-165.36,7.22]],[[-152.68,9.24],[-152.74,8.92],[-153.08,8.99],[-153.17,9.19],[-152.68,9.24]],[[-151,8.83],[-150.91,8.59],[-151.1,8.57],[-151,8.83]],[[-152.78,8.76],[-152.82,8.65],[-153.1,8.54],[-153.14,8.75],[-152.78,8.76]],[[-152.44,8.41],[-152.28,8.44],[-152.23,8.25],[-152.36,8.12],[-152.44,8.41]],[[-156.99,8.66],[-157.18,8.74],[-157.02,8.95],[-156.77,8.93],[-156.44,8.78],[-156.49,8.68],[-156.8,8.71],[-156.99,8.66]],[[-150.97,7.46],[-150.81,7.48],[-150.8,7.14],[-151.02,7.12],[-151.16,7.22],[-151.24,7.58],[-151.13,7.7],[-150.97,7.46]],[[-150.67,7.34],[-150.43,7.17],[-150.5,7.06],[-150.7,7.07],[-150.67,7.34]],[[-150.39,7.27],[-150.14,7.32],[-150.17,6.98],[-150.34,7.1],[-150.39,7.27]],[[-150.83,6.79],[-150.74,6.68],[-150.88,6.39],[-151.06,6.4],[-151.01,6.74],[-150.83,6.79]],[[-150,6.26],[-149.75,6.08],[-149.69,5.9],[-149.91,5.78],[-150.04,6.09],[-150,6.26]],[[-150.57,6.02],[-150.61,5.67],[-150.72,5.69],[-150.79,5.97],[-150.57,6.02]],[[-150.11,5.42],[-150.02,5.3],[-150.23,4.95],[-149.93,4.73],[-150.09,4.54],[-150.38,4.63],[-150.51,4.75],[-150.54,4.96],[-150.74,4.92],[-150.82,5.28],[-150.34,5.29],[-150.11,5.42]],[[-150.67,4.77],[-150.93,4.75],[-150.87,4.94],[-150.67,4.77]],[[-150.95,4.9],[-151.18,4.79],[-151.27,4.97],[-151.01,5.14],[-150.95,4.9]],[[-144.52,5.44],[-144.32,5.44],[-144.33,5.27],[-144.58,5.18],[-144.74,5.38],[-144.52,5.44]],[[-145.78,5.06],[-145.95,5.07],[-145.97,5.3],[-145.74,5.39],[-145.78,5.06]],[[-146.39,4.87],[-146.59,5.08],[-146.52,5.33],[-146.12,5.17],[-146.15,5.03],[-146.39,4.87]],[[-142.27,14.05],[-142.51,14.1],[-142.52,14.37],[-142.36,14.39],[-142.27,14.05]]]},"properties":{"scalerank":0,"featurecla":"Bathymetry","depth":5000}},
{"type":"Feature","geometry":null,"properties":{"scalerank":0,"featurecla":"Bathymetry","depth":5000}},
{"type":"Feature","geometry":null,"properties":{"scalerank":0,"featurecla":"Bathymetry","depth":5000}},
{"type":"Feature","geometry":null,"properties":{"scalerank":0,"featurecla":"Bathymetry","depth":5000}},
{"type":"Feature","geometry":null,"properties":{"scalerank":0,"featurecla":"Bathymetry","depth":5000}},
{"type":"Feature","geometry":null,"properties":{"scalerank":0,"featurecla":"Bathymetry","depth":5000}},
{"type":"Feature","geometry":null,"properties":{"scalerank":0,"featurecla":"Bathymetry","depth":5000}},
{"type":"Feature","geometry":{"type":"Polygon","coordinates":[[[-178.58,16.14],[-178.59,16.13],[-178.58,16.13],[-178.58,16.14]]]},"properties":{"scalerank":0,"featurecla":"Bathymetry","depth":5000}},
{"type":"Feature","geometry":null,"properties":{"scalerank":0,"featurecla":"Bathymetry","depth":5000}},
{"type":"Feature","geometry":{"type":"Polygon","coordinates":[[[-167.54,9.7],[-167.54,9.69],[-167.53,9.69],[-167.54,9.7]]]},"properties":{"scalerank":0,"featurecla":"Bathymetry","depth":5000}},
{"type":"Feature","geometry":null,"properties":{"scalerank":0,"featurecla":"Bathymetry","depth":5000}},
{"type":"Feature","geometry":null,"properties":{"scalerank":0,"featurecla":"Bathymetry","depth":5000}},
{"type":"Feature","geometry":null,"properties":{"scalerank":0,"featurecla":"Bathymetry","depth":5000}},
{"type":"Feature","geometry":null,"properties":{"scalerank":0,"featurecla":"Bathymetry","depth":5000}},
{"type":"Feature","geometry":null,"properties":{"scalerank":0,"featurecla":"Bathymetry","depth":5000}},
{"type":"Feature","geometry":null,"properties":{"scalerank":0,"featurecla":"Bathymetry","depth":5000}},
{"type":"Feature","geometry":null,"properties":{"scalerank":0,"featurecla":"Bathymetry","depth":5000}},
{"type":"Feature","geometry":null,"properties":{"scalerank":0,"featurecla":"Bathymetry","depth":5000}},
{"type":"Feature","geometry":null,"properties":{"scalerank":0,"featurecla":"Bathymetry","depth":5000}},
{"type":"Feature","geometry":null,"properties":{"scalerank":0,"featurecla":"Bathymetry","depth":5000}},
{"type":"Feature","geometry":null,"properties":{"scalerank":0,"featurecla":"Bathymetry","depth":5000}},
{"type":"Feature","geometry":{"type":"Polygon","coordinates":[[[-148.4,-44.89],[-148.39,-44.89],[-148.38,-44.89],[-148.39,-44.88],[-148.4,-44.89]]]},"properties":{"scalerank":0,"featurecla":"Bathymetry","depth":5000}},
{"type":"Feature","geometry":{"type":"Polygon","coordinates":[[[-157.49,-31.21],[-157.49,-31.2],[-157.5,-31.21],[-157.49,-31.21]]]},"properties":{"scalerank":0,"featurecla":"Bathymetry","depth":5000}},
{"type":"Feature","geometry":null,"properties":{"scalerank":0,"featurecla":"Bathymetry","depth":5000}},
{"type":"Feature","geometry":null,"properties":{"scalerank":0,"featurecla":"Bathymetry","depth":5000}},
{"type":"Feature","geometry":{"type":"Polygon","coordinates":[[[-133.7,-41.69],[-133.74,-41.8],[-133.69,-41.82],[-133.7,-41.69]]]},"properties":{"scalerank":0,"featurecla":"Bathymetry","depth":5000}},
{"type":"Feature","geometry":null,"properties":{"scalerank":0,"featurecla":"Bathymetry","depth":5000}},
{"type":"Feature","geometry":null,"properties":{"scalerank":0,"featurecla":"Bathymetry","depth":5000}},
{"type":"Feature","geometry":{"type":"Polygon","coordinates":[[[-167.09,-10.98],[-167.14,-11.38],[-166.97,-11.45],[-167.07,-11.62],[-167.21,-11.53],[-167.32,-11.16],[-167.47,-11.23],[-167.67,-11.12],[-167.81,-11.15],[-167.96,-11],[-168.54,-11.12],[-168.79,-10.94],[-169.03,-10.99],[-169.3,-11.14],[-169.66,-11.21],[-169.7,-11.04],[-169.49,-10.91],[-169.28,-10.41],[-169.65,-10.42],[-169.95,-10.54],[-170.04,-10.42],[-169.53,-10.13],[-169.29,-10.18],[-169.22,-10.03],[-169.32,-9.85],[-169.04,-9.79],[-168.82,-9.53],[-168.99,-9.37],[-169.22,-9.55],[-169.18,-9.72],[-169.68,-9.98],[-169.7,-10.18],[-169.99,-10.08],[-170.1,-10.35],[-170.28,-10.21],[-170.62,-10.37],[-170.69,-10.74],[-170.93,-10.8],[-170.84,-11.22],[-170.33,-10.92],[-170.3,-11.21],[-170.49,-11.35],[-170.62,-11.74],[-170.9,-12.07],[-170.97,-12.27],[-170.79,-12.29],[-170.54,-12.19],[-170.2,-12.36],[-169.84,-12.36],[-169.73,-12.65],[-169.54,-12.59],[-169.48,-12.91],[-169.54,-13.19],[-169.41,-13.49],[-169.27,-13.52],[-169.01,-13.78],[-168.94,-13.94],[-168.39,-14.42],[-168.11,-14.03],[-168,-14.07],[-167.86,-14.45],[-167.97,-14.81],[-168.42,-14.72],[-168.49,-14.6],[-168.72,-14.7],[-168.77,-14.95],[-169,-14.93],[-169.61,-15.14],[-169.86,-15.11],[-170.01,-15.44],[-169.98,-15.76],[-170.24,-15.81],[-170.23,-16],[-170.08,-16.09],[-170.13,-16.35],[-170.02,-16.58],[-170.03,-16.79],[-169.57,-17.13],[-169.29,-17.27],[-169.37,-17.42],[-169.25,-17.76],[-169.01,-17.96],[-168.99,-18.12],[-168.72,-18.17],[-168.72,-18],[-168.99,-17.94],[-169.03,-17.66],[-168.79,-17.59],[-168.62,-17.77],[-168.47,-17.75],[-168.19,-17.99],[-168.15,-18.28],[-168.25,-18.45],[-168.24,-18.7],[-168.01,-18.98],[-168.11,-19.16],[-168.34,-19.31],[-168.63,-19.38],[-168.67,-19.18],[-169.15,-19.08],[-169.27,-19.46],[-169.36,-19.55],[-169.79,-19.63],[-170.48,-19.29],[-170.55,-18.97],[-170.74,-18.53],[-171,-18.31],[-171.03,-18.19],[-171.34,-17.95],[-171.49,-17.91],[-171.7,-17.54],[-171.8,-16.91],[-171.55,-16.9],[-171.56,-16.67],[-171.41,-16.54],[-171.5,-16.37],[-171.48,-15.98],[-171.92,-15.42],[-172.06,-15.19],[-172.3,-15.17],[-172.41,-15.07],[-172.49,-14.51],[-172.68,-14.52],[-173.12,-14.4],[-173.41,-14.23],[-173.57,-14.33],[-173.81,-14.33],[-173.91,-14.54],[-173.57,-14.62],[-173.02,-15.06],[-172.67,-15.3],[-172.55,-15.64],[-172.36,-15.9],[-172.42,-16.31],[-172.39,-16.56],[-172.44,-16.97],[-172.56,-17.2],[-172.61,-17.65],[-172.78,-17.86],[-172.82,-18.19],[-172.74,-18.34],[-172.85,-18.72],[-172.97,-18.82],[-173.16,-19.15],[-173.19,-19.56],[-173.54,-20.33],[-173.47,-20.48],[-173.69,-20.64],[-173.65,-20.82],[-173.84,-20.95],[-174.07,-21.36],[-174.24,-21.88],[-174.49,-22.14],[-174.45,-22.36],[-174.53,-22.5],[-174.75,-22.61],[-174.88,-22.96],[-175.12,-23.15],[-175.16,-23.31],[-175.49,-23.93],[-175.53,-24.15],[-175.46,-24.65],[-175.56,-24.85],[-175.36,-24.94],[-175.33,-25.36],[-175.43,-25.58],[-175.37,-25.72],[-175.51,-25.94],[-175.72,-26.12],[-175.78,-26.4],[-175.94,-26.65],[-176.04,-27.24],[-175.99,-27.38],[-176.13,-28.07],[-176.22,-28.2],[-176.16,-28.39],[-176.21,-28.59],[-176.4,-28.92],[-176.42,-29.26],[-176.65,-29.27],[-176.62,-29.53],[-176.67,-29.83],[-176.94,-30.04],[-177.1,-30.05],[-177.16,-30.25],[-177.01,-30.48],[-177.31,-30.58],[-177.47,-30.86],[-177.46,-31],[-177.64,-31.23],[-177.82,-31.27],[-178,-31.49],[-177.81,-31.8],[-177.95,-32.09],[-178.18,-32.33],[-178.39,-32.93],[-178.59,-33.25],[-178.62,-33.43],[-178.8,-33.6],[-178.82,-33.93],[-178.75,-34.09],[-178.98,-34.29],[-178.92,-34.66],[-179.14,-34.83],[-179.35,-35.2],[-179.35,-35.66],[-179.28,-36.05],[-179.3,-36.48],[-179.06,-36.43],[-178.92,-36.22],[-178.68,-36.29],[-178.37,-36.21],[-177.73,-36.54],[-177.67,-36.7],[-177.42,-36.94],[-177.08,-37.09],[-176.77,-37.07],[-176.66,-37.15],[-176.68,-37.47],[-176.33,-37.87],[-176.33,-37.54],[-176.29,-37.49],[-176.04,-37.51],[-175.84,-37.67],[-175.83,-37.83],[-175.69,-37.76],[-175.28,-38],[-175.31,-38.24],[-175.12,-38.38],[-175.06,-38.74],[-174.84,-38.93],[-174.65,-39.33],[-174.5,-39.4],[-174.24,-39.17],[-174.09,-39.44],[-173.88,-39.59],[-173.73,-39.03],[-173.42,-39.16],[-173.14,-39.02],[-172.88,-39],[-172.92,-38.64],[-173.14,-38.44],[-172.82,-38.3],[-172.59,-38.39],[-172.56,-38.54],[-172.75,-38.71],[-172.55,-38.95],[-172.29,-38.74],[-172.26,-38.56],[-172.07,-38.45],[-171.98,-38.23],[-171.99,-37.94],[-171.67,-37.65],[-171.31,-37.52],[-171.38,-36.8],[-171.28,-36.51],[-170.95,-36.53],[-170.83,-36.74],[-170.75,-37.2],[-170.55,-37.3],[-170.66,-37.75],[-170.28,-37.82],[-170.15,-38.05],[-169.9,-38.01],[-169.69,-38.1],[-169.6,-38.26],[-169.35,-38.01],[-169.64,-37.34],[-170.06,-37.1],[-170.21,-36.7],[-170.04,-36.48],[-169.95,-36.06],[-170.62,-36.32],[-170.93,-36.37],[-170.93,-36.1],[-170.81,-35.9],[-170.59,-35.96],[-170.57,-35.76],[-170.69,-35.27],[-170.49,-35.08],[-170.18,-35.09],[-169.83,-35.23],[-169.81,-34.87],[-169.56,-34.69],[-169.46,-34.89],[-169.57,-35],[-169.54,-35.24],[-169.02,-35.32],[-168.87,-35.55],[-168.98,-35.68],[-169.19,-35.7],[-169.01,-35.95],[-168.61,-36.04],[-168.5,-35.83],[-168.56,-35.29],[-168.2,-35.21],[-168.11,-35.27],[-167.86,-35.04],[-167.71,-35.26],[-167.62,-35.67],[-167.34,-35.83],[-166.69,-35.96],[-166.41,-35.87],[-166.5,-35.67],[-166.27,-35.63],[-166.08,-35.43],[-166.1,-35.23],[-165.86,-35.26],[-165.95,-35.58],[-165.92,-35.85],[-165.63,-36.21],[-165.78,-36.69],[-165.65,-37.21],[-165.69,-37.38],[-166.09,-37.63],[-166.36,-37.55],[-166.56,-37.7],[-166.72,-38.05],[-167.06,-38.17],[-167.11,-38.76],[-166.7,-38.9],[-166.49,-38.78],[-165.91,-38.85],[-165.82,-39.19],[-165.91,-39.45],[-165.77,-39.65],[-165.58,-39.72],[-165.51,-39.99],[-165.71,-40.15],[-165.18,-40.43],[-164.83,-40.44],[-164.62,-40.58],[-164.5,-40.8],[-164.21,-40.97],[-163.8,-41.11],[-163.54,-41.53],[-163.41,-41.54],[-163.34,-41.86],[-163.08,-41.45],[-162.84,-41.57],[-162.82,-41.78],[-162.47,-41.7],[-162.44,-41.52],[-162.08,-41.5],[-162.02,-41.59],[-162.01,-42.08],[-162.15,-42.26],[-161.95,-42.36],[-161.68,-42.37],[-161.43,-42.79],[-161.47,-43.01],[-161.06,-43.03],[-160.93,-43.39],[-160.44,-43.5],[-160.1,-43.7],[-160.09,-43.85],[-159.53,-44.06],[-159.34,-44.21],[-158.98,-44.17],[-158.86,-44.3],[-158.3,-44.52],[-158.05,-44.83],[-157.72,-44.91],[-157.24,-44.4],[-157.46,-44.23],[-157.11,-43.97],[-157.03,-43.63],[-157.1,-43.45],[-156.94,-43],[-156.76,-43.14],[-156.7,-43.89],[-156.5,-43.87],[-156.41,-44.1],[-156.1,-44.48],[-155.9,-44.26],[-155.76,-43.81],[-156.18,-43.72],[-156.23,-43.55],[-156.57,-43.56],[-156.6,-43.31],[-156.77,-42.94],[-157.01,-42.82],[-157.31,-42.82],[-157.56,-42.97],[-157.82,-42.96],[-157.77,-43.18],[-157.89,-43.46],[-157.61,-43.39],[-157.17,-43.76],[-157.4,-43.89],[-157.72,-43.75],[-158.44,-43.72],[-158.6,-43.61],[-158.81,-43.7],[-158.77,-43.88],[-159.2,-43.93],[-159.14,-43.75],[-159.44,-43.37],[-159.18,-43.24],[-158.73,-43.25],[-159.03,-43.22],[-159.12,-42.87],[-159,-42.72],[-159.1,-42.44],[-158.92,-42.42],[-158.91,-42.19],[-158.64,-42.29],[-158.4,-42.24],[-158.2,-41.86],[-157.94,-41.92],[-158.04,-42.43],[-157.61,-42.43],[-157.6,-42.16],[-157.42,-41.93],[-157.62,-41.73],[-157.55,-41.49],[-157.89,-41.56],[-157.95,-41.35],[-157.72,-41.25],[-158.25,-41.02],[-158.17,-41.29],[-158.21,-41.52],[-158.47,-41.52],[-158.65,-41.09],[-158.9,-40.89],[-159.17,-40.47],[-159.26,-40.51],[-159.27,-40.59],[-159.46,-40.58],[-159.51,-40.74],[-159.69,-40.72],[-159.68,-40.53],[-159.83,-40.32],[-159.65,-40.24],[-159.69,-40.07],[-159.39,-39.98],[-159.59,-39.82],[-159.53,-39.7],[-159.79,-39.32],[-160.04,-39.33],[-160.08,-39.12],[-159.98,-38.96],[-159.96,-38.7],[-160.09,-38.58],[-160.09,-38.38],[-160.5,-38.29],[-160.7,-38.06],[-160.68,-37.88],[-161.01,-37.32],[-160.88,-36.95],[-161.18,-36.71],[-161.08,-36.58],[-160.58,-36.59],[-160.54,-36.74],[-160.31,-36.97],[-159.99,-37.41],[-159.81,-37.41],[-159.61,-37.62],[-159.53,-37.3],[-159.35,-37.24],[-159.05,-37.46],[-159.07,-37.64],[-158.76,-37.66],[-158.75,-37.65],[-158.52,-37.64],[-158.33,-37.87],[-158.55,-38.01],[-158.48,-38.13],[-158.37,-38.29],[-158.16,-38.28],[-157.95,-38.68],[-157.79,-38.4],[-157.59,-38.26],[-157.24,-38.16],[-157.18,-38.47],[-157.05,-38.29],[-156.7,-38.49],[-156.54,-38.71],[-156.26,-38.62],[-155.78,-38.12],[-155.4,-38.03],[-155.23,-38.18],[-155.17,-38.49],[-154.87,-38.45],[-154.89,-38.77],[-154.28,-38.99],[-153.65,-38.92],[-153.42,-38.78],[-153.26,-38.93],[-152.98,-39.05],[-153.26,-39.36],[-153.2,-39.51],[-152.51,-39.37],[-152.4,-39.6],[-152.37,-39.85],[-152.6,-40.05],[-152.35,-40.14],[-152.46,-40.38],[-152.3,-40.95],[-152.38,-41.3],[-152.76,-41.4],[-152.88,-41.17],[-153.06,-41.27],[-153.17,-41.04],[-153.5,-40.99],[-153.64,-41.17],[-153.69,-41.68],[-154.01,-41.77],[-154.29,-41.94],[-154.75,-42.71],[-154.33,-42.8],[-154.2,-42.64],[-154.01,-42.77],[-154.32,-42.87],[-154.32,-43.17],[-154.53,-43.38],[-154.52,-43.72],[-154.32,-43.97],[-154.26,-44.29],[-154.01,-44.36],[-154.04,-44.8],[-154.16,-45.07],[-154.02,-45.05],[-153.39,-45.28],[-153.47,-45.56],[-153.21,-45.66],[-152.91,-45.63],[-152.96,-45.41],[-152.47,-45.02],[-152.03,-44.85],[-151.71,-44.92],[-151.39,-45.25],[-151.04,-45.06],[-150.84,-45.53],[-150.45,-45.52],[-150.25,-45.95],[-149.89,-45.92],[-149.64,-45.77],[-149.54,-45.94],[-149.27,-45.91],[-149.22,-46.09],[-148.75,-46.1],[-148.63,-45.67],[-148.27,-45.36],[-148.13,-45.7],[-147.96,-45.86],[-148.1,-46.03],[-147.77,-46.08],[-147.91,-45.96],[-147.84,-45.76],[-147.16,-45.89],[-146.74,-45.6],[-146.36,-45.66],[-146.58,-45.97],[-146.97,-46.23],[-146.93,-46.47],[-146.62,-46.7],[-146.36,-46.6],[-146.25,-46.36],[-146.08,-45.7],[-146.42,-45.34],[-146.41,-45.19],[-146.1,-45.08],[-145.78,-45.2],[-145.51,-45.16],[-145.43,-44.92],[-145.14,-45.31],[-145.26,-45.46],[-144.99,-45.89],[-144.74,-45.84],[-144.34,-45.98],[-144.34,-46.18],[-143.7,-46.17],[-143.2,-46.42],[-143.07,-46.75],[-143.83,-46.82],[-144.55,-46.75],[-144.89,-46.78],[-145,-46.54],[-145.21,-46.4],[-145.39,-46.13],[-145.68,-46.12],[-145.94,-46.24],[-146.12,-46.49],[-146.08,-46.74],[-145.65,-46.92],[-145.68,-46.71],[-145.26,-46.63],[-144.93,-46.77],[-144.82,-47.06],[-144.28,-47.07],[-144.2,-47.17],[-143.77,-46.9],[-143.33,-47.12],[-142.91,-46.83],[-142.84,-46.69],[-142.3,-46.82],[-142.27,-47.06],[-141.62,-47.09],[-141.13,-47.35],[-140.85,-47.41],[-140.78,-47.69],[-141.19,-47.73],[-141.07,-47.97],[-140.63,-47.72],[-140.62,-47.36],[-140.36,-47.28],[-140.11,-47.42],[-139.9,-47.42],[-139.05,-47.18],[-138.98,-47.38],[-138.53,-47.22],[-138.61,-47.55],[-138.41,-47.59],[-138.22,-47.78],[-137.81,-47.8],[-137.74,-47.68],[-137.4,-47.59],[-137.38,-47.42],[-137.98,-47.31],[-137.93,-47.02],[-137.5,-46.9],[-137.26,-47.3],[-136.95,-47.29],[-136.67,-47.56],[-136.58,-47.23],[-136.9,-47.12],[-137.22,-47.16],[-136.64,-46.62],[-136.08,-46.38],[-135.7,-46.46],[-135.52,-46.21],[-135.29,-45.72],[-134.98,-45.5],[-134.5,-45.36],[-134.59,-45.26],[-134.9,-45.42],[-135.22,-45.44],[-135.55,-45.66],[-135.89,-45.69],[-136.01,-45.91],[-136.32,-46.08],[-136.44,-46.25],[-136.85,-46.32],[-136.96,-46.17],[-136.75,-46.06],[-136.75,-45.82],[-136.35,-45.66],[-136.45,-45.42],[-136.27,-45.22],[-136.3,-45.08],[-136,-45],[-135.92,-45.26],[-135.63,-45.29],[-135.2,-45.19],[-135.25,-44.91],[-135.04,-44.8],[-134.94,-44.61],[-135.21,-44.41],[-135.64,-44.48],[-136.2,-44.79],[-136.44,-44.83],[-136.78,-45.05],[-137.06,-45.11],[-137.31,-44.95],[-137.69,-44.93],[-137.68,-44.81],[-137.23,-44.81],[-137.14,-44.66],[-137.38,-44.46],[-137.48,-44.24],[-137.08,-44.28],[-137.16,-44.14],[-137.56,-44.04],[-137.33,-43.84],[-137.37,-43.65],[-137.02,-43.34],[-136.75,-43.44],[-136.4,-43.45],[-136.28,-43.26],[-136.27,-42.79],[-136.51,-42.65],[-136.39,-42.45],[-136.11,-42.55],[-136.02,-42.96],[-135.46,-42.86],[-135.46,-43.03],[-135.71,-43.12],[-135.49,-43.24],[-135.21,-43.06],[-134.66,-43.26],[-134.76,-43.49],[-134.21,-43.3],[-133.82,-43.39],[-133.8,-43.51],[-134.23,-43.66],[-134.01,-43.81],[-133.39,-43.38],[-132.71,-43.34],[-132.37,-43.24],[-132.41,-42.8],[-132.56,-42.87],[-132.91,-42.77],[-133.12,-42.94],[-133.73,-42.93],[-133.81,-43.04],[-134.18,-42.96],[-134.54,-42.58],[-134.29,-42.36],[-133.94,-42.48],[-133.72,-42.41],[-133.48,-42.58],[-132.91,-42.37],[-132.77,-42.53],[-132.38,-42.31],[-131.98,-42.26],[-131.89,-42.02],[-131.66,-41.82],[-131.41,-41.91],[-130.98,-41.95],[-130.92,-41.82],[-131.09,-41.33],[-131.21,-41.21],[-131.02,-41.09],[-131.21,-40.92],[-131.28,-40.53],[-131.5,-40.82],[-131.9,-40.68],[-132.22,-40.72],[-132.41,-40.85],[-132.59,-40.72],[-133.06,-40.77],[-133.32,-40.58],[-133.54,-40.7],[-133.83,-40.69],[-134.18,-40.57],[-134.21,-40.39],[-133.99,-40.36],[-133.91,-40.13],[-133.67,-40.2],[-133.32,-39.96],[-133.64,-39.93],[-133.98,-39.67],[-134.18,-39.7],[-134.51,-39.39],[-134.69,-39.63],[-134.67,-39.74],[-134.86,-39.93],[-135.15,-39.9],[-135.37,-39.65],[-135.31,-39.19],[-135.74,-39],[-135.77,-38.52],[-136.19,-38.44],[-136.44,-38.28],[-136.54,-38.42],[-136.87,-38.45],[-137.03,-38.54],[-137.27,-38.47],[-137.47,-38.62],[-137.67,-38.47],[-137.57,-38.33],[-137.87,-37.92],[-138.03,-38],[-138.53,-37.82],[-138.68,-37.6],[-138.42,-37.38],[-138.35,-37],[-138.22,-36.98],[-138.03,-37.37],[-137.93,-37.34],[-137.69,-37.22],[-137.94,-37.09],[-137.96,-36.97],[-138.23,-36.87],[-138.37,-36.93],[-138.51,-37.23],[-138.8,-37.07],[-138.94,-37.22],[-139.24,-37.22],[-139.49,-37.33],[-139.33,-37.53],[-139.07,-37.7],[-138.9,-37.56],[-138.86,-37.98],[-139.36,-37.88],[-139.4,-37.67],[-139.75,-37.4],[-139.94,-37.13],[-140.14,-37.1],[-140.66,-37.22],[-140.89,-37.22],[-141.02,-36.89],[-141.69,-36.67],[-142.2,-36.84],[-142.25,-36.58],[-141.72,-36.42],[-141.86,-36.29],[-142.33,-36.5],[-142.58,-36.41],[-142.76,-36.24],[-142.99,-36.4],[-142.62,-36.6],[-142.45,-36.55],[-142.28,-36.88],[-142.3,-37.02],[-141.85,-37.12],[-141.7,-37.37],[-141.75,-37.46],[-142.34,-37.31],[-142.18,-37.47],[-142,-37.4],[-141.75,-37.62],[-141.75,-37.81],[-142.19,-37.79],[-142.45,-37.92],[-142.21,-38.05],[-141.94,-37.95],[-141.79,-38.21],[-142.17,-38.28],[-142.56,-38.12],[-142.8,-38.23],[-142.94,-38.42],[-142.89,-38.71],[-143.16,-38.75],[-143.34,-38.46],[-143.89,-38.23],[-143.81,-37.94],[-143.86,-37.82],[-144.74,-37.17],[-144.96,-36.94],[-144.75,-36.75],[-144.31,-36.53],[-144.4,-36.39],[-144.37,-36.13],[-144.11,-35.94],[-144.31,-35.72],[-144.15,-35.49],[-143.78,-35.5],[-143.66,-35.62],[-143.76,-35.85],[-143.47,-35.95],[-143.23,-35.79],[-143.09,-35.98],[-142.74,-35.91],[-142.57,-36.05],[-142.44,-35.81],[-142.77,-35.77],[-142.97,-35.86],[-143.06,-35.64],[-143.48,-35.59],[-143.29,-35.4],[-143.57,-35.35],[-143.64,-35.23],[-143.33,-35.16],[-142.96,-35.28],[-142.63,-35.01],[-142.47,-35.31],[-142.15,-35.57],[-142.05,-35.85],[-141.81,-35.84],[-141.8,-35.56],[-142.01,-35.61],[-142.23,-35.44],[-142.47,-35.03],[-142.69,-34.8],[-142.86,-34.94],[-142.9,-35.14],[-143.31,-35.08],[-143.58,-35.12],[-143.64,-34.9],[-143.36,-34.9],[-143.06,-34.6],[-143.39,-34.48],[-143.72,-34.63],[-143.76,-34.47],[-143.64,-34.3],[-143.26,-34.22],[-143.08,-33.95],[-142.85,-34.03],[-142.64,-34.28],[-142.47,-34.15],[-142.74,-33.89],[-142.95,-33.93],[-143.4,-33.91],[-143.69,-33.96],[-144.09,-33.93],[-144.88,-33.96],[-145.15,-33.72],[-145.33,-33.77],[-145.6,-34.2],[-145.45,-34.3],[-145.7,-34.61],[-146.06,-34.54],[-146.18,-34.84],[-146.65,-34.62],[-146.75,-34.75],[-146.74,-34.99],[-146.85,-35.14],[-146.79,-35.39],[-146.58,-35.4],[-146.6,-35.58],[-146.37,-35.64],[-146.43,-35.8],[-146.97,-35.8],[-147.13,-35.9],[-147.59,-35.57],[-147.54,-35.43],[-147.25,-35.45],[-147.2,-35.09],[-146.95,-34.85],[-147.06,-34.68],[-147.22,-35.03],[-147.55,-35.19],[-147.79,-35.14],[-147.85,-34.84],[-147.44,-34.45],[-147.02,-34.38],[-147.29,-34.21],[-147.65,-34.54],[-147.83,-34.62],[-147.91,-34.37],[-147.68,-34.28],[-147.98,-34.23],[-148.07,-34],[-147.76,-33.89],[-147.6,-33.97],[-147.49,-33.74],[-148.11,-33.77],[-148.3,-33.96],[-148.85,-33.58],[-148.87,-33.26],[-148.54,-33.09],[-148.81,-32.83],[-148.93,-32.86],[-149.15,-32.58],[-149.14,-32.4],[-149.37,-32.25],[-149.56,-32.37],[-149.85,-32.19],[-150,-32.18],[-150.17,-31.95],[-150.21,-31.6],[-150.65,-31.49],[-150.89,-31.52],[-151.15,-31.08],[-151.11,-30.83],[-150.73,-30.5],[-150.96,-30.41],[-150.96,-30.24],[-150.75,-30.1],[-150.7,-29.81],[-150.79,-29.69],[-151,-29.76],[-151.03,-30.52],[-151.21,-30.71],[-151.36,-30.55],[-151.44,-29.79],[-152.39,-29.61],[-152.18,-29.4],[-151.96,-29.37],[-151.82,-29.56],[-151.42,-29.54],[-151.49,-29.3],[-151.64,-29.36],[-151.82,-29.26],[-152.12,-29.23],[-152.5,-28.97],[-152.7,-29.14],[-152.98,-29.06],[-152.9,-28.74],[-153.2,-28.63],[-153.21,-28.4],[-153.04,-28.35],[-152.89,-28.05],[-152.57,-28.05],[-152.52,-27.84],[-152.9,-27.41],[-153.29,-27.21],[-153.22,-27.01],[-153.55,-26.74],[-153.77,-26.81],[-154.12,-26.6],[-154.23,-26.3],[-153.78,-26.43],[-153.83,-26.22],[-154.03,-26.26],[-154.23,-26.18],[-154.42,-26.22],[-154.3,-26.6],[-154.44,-26.76],[-154.78,-26.81],[-155.04,-26.64],[-154.96,-26.47],[-155.12,-26.39],[-155.19,-25.91],[-155.11,-25.77],[-154.73,-25.66],[-155.14,-25.55],[-155.5,-25.71],[-155.51,-26],[-156.12,-26.34],[-156.5,-26.04],[-156.99,-25.82],[-157.11,-25.65],[-157.26,-25.77],[-157.39,-25.62],[-157.9,-25.92],[-158.15,-25.75],[-158.04,-25.41],[-158.26,-25.29],[-158.5,-25.56],[-158.66,-25.46],[-159.07,-25.47],[-159.28,-25.55],[-159.55,-25.13],[-159.74,-24.98],[-160.02,-24.92],[-160.41,-25.09],[-160.8,-24.99],[-160.78,-24.79],[-161,-24.77],[-160.96,-24.97],[-160.75,-25.13],[-160.52,-25.42],[-160.65,-25.57],[-160.82,-25.41],[-160.94,-25.55],[-160.73,-25.71],[-160.53,-26.06],[-160.13,-26.36],[-160.03,-26.57],[-160.1,-26.78],[-159.83,-26.93],[-159.98,-27.12],[-159.76,-27.28],[-159.82,-27.55],[-159.36,-28.2],[-159.37,-28.35],[-159.58,-28.53],[-159.53,-28.7],[-159.74,-28.79],[-159.91,-28.55],[-159.73,-28.19],[-159.79,-28.04],[-160.42,-27.99],[-160.51,-27.89],[-160.25,-28.22],[-160.25,-28.54],[-159.98,-28.64],[-159.86,-28.86],[-160,-29.03],[-160.25,-28.75],[-160.41,-28.81],[-160.52,-28.61],[-160.63,-28.2],[-160.97,-28.25],[-161.3,-28.2],[-161.45,-28.26],[-161.66,-28.02],[-161.64,-27.82],[-161.86,-27.68],[-161.89,-27.44],[-161.09,-27.14],[-160.9,-27.01],[-160.79,-26.78],[-161.05,-26.54],[-161.15,-26.29],[-161.56,-26.28],[-161.47,-25.94],[-161.26,-25.92],[-161.09,-26.11],[-160.77,-26.29],[-160.58,-26.61],[-160.56,-26.9],[-160.25,-27.24],[-160.15,-27.44],[-160.17,-27.71],[-160.09,-27.65],[-160.1,-27.26],[-160.25,-27.03],[-160.44,-27.02],[-160.47,-26.67],[-160.32,-26.59],[-160.86,-26.11],[-160.87,-25.94],[-161.06,-25.89],[-161.37,-25.6],[-161.49,-25.83],[-161.68,-25.8],[-161.89,-25.89],[-161.97,-25.67],[-161.81,-25.41],[-162.07,-25.29],[-161.97,-24.84],[-161.98,-24.63],[-162.11,-24.29],[-162.34,-24.2],[-162.57,-24.32],[-162.75,-24.25],[-162.5,-24.05],[-162.6,-23.85],[-162.51,-23.75],[-162.67,-23.54],[-162.85,-23.62],[-163.03,-23.5],[-162.92,-23.28],[-163.06,-23.13],[-163.04,-22.99],[-163.35,-22.81],[-163.59,-22.89],[-163.89,-22.85],[-164.04,-22.63],[-163.67,-22.43],[-163.75,-22.21],[-163.6,-21.95],[-163.76,-21.9],[-163.8,-21.67],[-164.04,-21.52],[-164.21,-21.5],[-164.28,-21.36],[-164.64,-21.27],[-164.54,-21.05],[-164.34,-20.85],[-163.93,-20.7],[-163.21,-20.74],[-163.19,-20.89],[-162.81,-20.72],[-162.68,-20.59],[-162.74,-20.3],[-163,-20.41],[-163.24,-20.29],[-163.49,-20.06],[-163.58,-19.72],[-163.9,-19.75],[-164.06,-19.9],[-164.64,-20.14],[-164.83,-20.14],[-165.18,-20.26],[-165.15,-20.48],[-165.41,-20.46],[-165.28,-20.71],[-165.56,-20.89],[-165.85,-20.98],[-165.7,-20.55],[-165.7,-20.09],[-165.59,-19.86],[-165.81,-19.78],[-165.96,-19.82],[-165.8,-19.42],[-165.53,-19.27],[-165.36,-19.42],[-165.07,-19.54],[-164.88,-19.54],[-164.76,-19.73],[-164.33,-19.11],[-164.21,-19.1],[-163.89,-19.27],[-163.8,-19.15],[-163.61,-19.22],[-163.22,-19.21],[-163.14,-19.06],[-162.82,-19.03],[-162.9,-18.61],[-162.82,-18.48],[-163.28,-18.46],[-163.54,-18.31],[-163.78,-18.45],[-163.94,-18.46],[-164.16,-18.74],[-164.59,-18.62],[-164.85,-18.34],[-164.76,-18.1],[-164.32,-18.04],[-164.11,-17.83],[-164.09,-17.6],[-163.86,-17.75],[-163.23,-17.42],[-162.56,-17.4],[-162.39,-17.2],[-162.36,-17.01],[-162.52,-16.95],[-162.48,-16.61],[-162.39,-16.29],[-162.14,-16.27],[-162.03,-16.05],[-162.03,-15.8],[-161.87,-15.54],[-161.72,-14.92],[-161.62,-14.84],[-161.64,-14.64],[-162.06,-14.65],[-162.15,-14.73],[-162.19,-15.02],[-162.3,-15.11],[-162.65,-15.07],[-162.73,-14.77],[-162.7,-14.57],[-162.96,-14.19],[-163.19,-14.13],[-163.47,-13.75],[-163.95,-13.49],[-164.15,-13.29],[-164.13,-13.18],[-163.8,-13.07],[-163.89,-12.85],[-164.11,-12.89],[-164.26,-12.73],[-164.16,-12.57],[-164.31,-12.46],[-164.7,-12.4],[-164.7,-12.2],[-164.96,-12.31],[-165.27,-12.04],[-165.42,-11.75],[-165.55,-11.74],[-165.67,-11.54],[-165.91,-11.54],[-166.17,-11.14],[-166.18,-10.94],[-166.36,-10.84],[-166.44,-11.12],[-166.63,-11.14],[-166.74,-11.03],[-167.09,-10.98]],[[-147.26,-44.66],[-146.89,-44.61],[-146.72,-44.5],[-146.92,-44.33],[-146.72,-43.98],[-146.38,-44.22],[-146.27,-44.05],[-145.85,-44.35],[-145.63,-44.18],[-145.44,-44.29],[-145.75,-44.78],[-146.04,-44.81],[-146.14,-44.64],[-146.4,-44.62],[-146.44,-44.85],[-146.77,-45.11],[-147.47,-45.24],[-147.59,-45],[-147.32,-44.92],[-147.27,-44.67],[-147.26,-44.66]],[[-165.96,-19.82],[-165.83,-20.1],[-166.1,-20.13],[-166.19,-19.76],[-165.96,-19.82]],[[-169.61,-11.62],[-169.94,-11.63],[-169.92,-11.3],[-170.02,-11.16],[-169.9,-11.01],[-169.77,-11.05],[-169.75,-11.29],[-169.61,-11.62]],[[-170.21,-11.81],[-170.23,-11.98],[-170.5,-12.05],[-170.46,-11.77],[-170.25,-11.64],[-170.01,-11.61],[-170.03,-11.77],[-170.21,-11.81]],[[-166.9,-12.31],[-166.6,-12.23],[-166.3,-12.33],[-166.27,-12.55],[-166.54,-12.72],[-166.83,-12.75],[-166.88,-12.94],[-167.08,-12.97],[-167.19,-13.12],[-167.38,-13.04],[-167.33,-12.86],[-167.42,-12.65],[-167.38,-12.47],[-167.21,-12.46],[-167.11,-12.6],[-166.9,-12.31]],[[-165.46,-12.75],[-165.26,-12.8],[-165.09,-12.98],[-165.22,-13.08],[-165.53,-12.9],[-165.46,-12.75]],[[-167.46,-14.59],[-167.51,-14.91],[-167.68,-14.85],[-167.61,-14.62],[-167.46,-14.59]],[[-163.7,-14.8],[-163.68,-15.16],[-163.88,-15.14],[-163.91,-14.86],[-163.7,-14.8]],[[-162.1,-15.12],[-161.98,-14.97],[-161.84,-15.25],[-162.07,-15.36],[-162.1,-15.12]],[[-164.04,-15.36],[-164.1,-15.44],[-164.42,-15.42],[-164.37,-15.19],[-164.04,-15.36]],[[-163.92,-15.77],[-163.66,-15.79],[-163.68,-16.02],[-163.92,-15.97],[-163.92,-15.77]],[[-166.19,-16.04],[-166.04,-16.08],[-166.01,-16.37],[-166.2,-16.4],[-166.34,-16.2],[-166.19,-16.04]],[[-165.22,-16.42],[-165.24,-16.25],[-165.07,-16.16],[-164.97,-16.38],[-165.22,-16.42]],[[-167.97,-16.7],[-168.05,-16.9],[-168.24,-17.09],[-168.44,-17.02],[-168.47,-16.75],[-168.83,-16.48],[-168.74,-16.39],[-168.06,-16.02],[-167.9,-15.68],[-167.68,-15.68],[-167.64,-15.81],[-167.81,-16.13],[-167.97,-16.7]],[[-167.87,-15.57],[-167.98,-15.5],[-167.82,-15.29],[-167.86,-15.05],[-167.62,-15.02],[-167.65,-15.41],[-167.87,-15.57]],[[-167.06,-14.88],[-167.06,-14.83],[-166.96,-14.81],[-166.87,-14.95],[-167.06,-15.14],[-167.28,-15.25],[-167.45,-15.17],[-167.37,-14.87],[-167.19,-14.95],[-167.06,-14.88]],[[-167.12,-15.77],[-167.39,-15.79],[-167.31,-15.6],[-167.12,-15.77]],[[-166.47,-17.38],[-166.3,-17.54],[-166.56,-17.67],[-166.68,-17.58],[-166.47,-17.38]],[[-167.42,-18.77],[-167.32,-18.61],[-167.09,-18.72],[-167.28,-18.86],[-167.42,-18.77]],[[-165.74,-18.99],[-165.57,-19.15],[-165.84,-19.3],[-166.01,-19.16],[-166.12,-19.25],[-166.47,-19.17],[-166.7,-19.05],[-166.5,-18.9],[-166.06,-18.89],[-165.94,-19.03],[-165.74,-18.99]],[[-167.49,-19.28],[-167.53,-19.49],[-167.74,-19.51],[-167.84,-19.29],[-167.62,-19.15],[-167.49,-19.28]],[[-166.75,-19.75],[-166.51,-19.82],[-166.55,-20.18],[-166.81,-20.28],[-166.94,-20.21],[-167.03,-19.9],[-166.81,-19.88],[-166.75,-19.75]],[[-169.14,-20.27],[-169.23,-20.39],[-169.45,-20.34],[-169.42,-20.14],[-169.17,-20.13],[-169.14,-20.27]],[[-168.76,-20.26],[-168.85,-20.03],[-168.65,-19.87],[-168.57,-20.1],[-168.76,-20.26]],[[-168.02,-19.82],[-167.86,-19.66],[-167.51,-19.81],[-167.44,-19.93],[-167.56,-20.15],[-167.82,-20.22],[-168.01,-20.08],[-168.02,-19.82]],[[-171.83,-18.78],[-171.88,-18.98],[-172.03,-19.04],[-172.27,-18.93],[-172.46,-18.58],[-172.2,-18.31],[-171.89,-18.52],[-171.83,-18.78]],[[-172.45,-20.78],[-172.2,-20.79],[-172.21,-20.98],[-172.41,-20.98],[-172.45,-20.78]],[[-168.99,-20.95],[-168.84,-20.9],[-168.69,-21.06],[-168.88,-21.24],[-169.06,-21.07],[-168.99,-20.95]],[[-164.68,-21.1],[-164.66,-20.86],[-164.45,-20.54],[-164.05,-20.64],[-164.46,-20.87],[-164.68,-21.1]],[[-164.9,-20.5],[-164.97,-20.28],[-164.66,-20.26],[-164.56,-20.13],[-164.23,-19.99],[-163.96,-19.98],[-163.92,-20.21],[-164.11,-20.38],[-164.59,-20.33],[-164.9,-20.5]],[[-163.82,-20.33],[-163.73,-20.52],[-164.04,-20.55],[-163.99,-20.37],[-163.82,-20.33]],[[-168.87,-21.37],[-168.75,-21.51],[-168.96,-21.68],[-169.02,-21.42],[-168.87,-21.37]],[[-164.55,-22.4],[-164.29,-22.46],[-164.22,-22.66],[-164.37,-22.82],[-164.55,-22.4]],[[-164.95,-23],[-164.61,-23.26],[-164.39,-23.67],[-164.4,-24.25],[-164.32,-24.5],[-164.53,-24.64],[-164.57,-24.89],[-164.87,-25.23],[-164.87,-24.8],[-164.71,-24.59],[-164.76,-24.41],[-164.64,-24.18],[-164.59,-23.81],[-164.92,-23.25],[-164.95,-23]],[[-169.1,-24.34],[-169.03,-24.6],[-169.15,-24.63],[-169.32,-24.47],[-169.1,-24.34]],[[-171.05,-24.29],[-171.23,-24.16],[-171.19,-23.96],[-170.92,-24.06],[-171.05,-24.29]],[[-165.53,-23.35],[-165.71,-23.31],[-165.64,-23.13],[-165.46,-23.13],[-165.53,-23.35]],[[-165.61,-22.85],[-165.6,-23.01],[-165.85,-23.21],[-165.98,-23.09],[-165.74,-22.88],[-165.61,-22.85]],[[-165.34,-22.46],[-165.31,-22.78],[-165.46,-22.78],[-165.51,-22.55],[-165.34,-22.46]],[[-173.49,-25.65],[-173.72,-25.8],[-173.71,-25.54],[-173.49,-25.65]],[[-169.32,-25.88],[-168.89,-25.82],[-168.84,-26.07],[-169.39,-26.12],[-169.32,-25.88]],[[-164.23,-26.08],[-164.33,-26.33],[-164.52,-26.27],[-164.5,-26.06],[-164.23,-26.08]],[[-161.83,-26.28],[-161.71,-26.21],[-161.41,-26.77],[-161.88,-26.62],[-161.83,-26.28]],[[-161.62,-27],[-161.61,-27.25],[-161.82,-27.22],[-161.83,-27.04],[-161.62,-27]],[[-162,-27.01],[-161.9,-27.16],[-162.12,-27.33],[-162.26,-27.2],[-162.19,-27.03],[-162,-27.01]],[[-170.16,-27.3],[-170.26,-27.77],[-170,-27.68],[-169.87,-27.76],[-170.09,-28.34],[-170.36,-28.28],[-170.59,-28.32],[-170.74,-28.12],[-170.54,-27.95],[-170.54,-27.72],[-170.27,-27.32],[-170.16,-27.3]],[[-164.64,-28.24],[-164.4,-28.18],[-164.26,-28.51],[-164.55,-28.55],[-164.64,-28.24]],[[-161.44,-28.35],[-161.14,-28.39],[-161.18,-28.59],[-161.44,-28.35]],[[-159.17,-28.87],[-159.31,-28.54],[-158.95,-28.65],[-158.86,-28.8],[-158.58,-29.03],[-158.72,-29.2],[-158.93,-29.06],[-158.96,-28.88],[-159.17,-28.87]],[[-158.74,-28.39],[-158.57,-28.37],[-158.52,-28.58],[-158.77,-28.59],[-158.74,-28.39]],[[-158.77,-27.67],[-159.29,-27.64],[-158.65,-27.36],[-158.33,-27.55],[-158.4,-28.01],[-158.86,-27.91],[-159.03,-28.02],[-159.12,-27.84],[-158.77,-27.67]],[[-159.4,-27.56],[-159.52,-27.63],[-159.7,-27.37],[-159.66,-27.22],[-159.29,-27.02],[-159.17,-27.14],[-159.19,-27.5],[-159.4,-27.56]],[[-159.57,-27.07],[-159.83,-27.02],[-159.76,-26.75],[-159.65,-26.71],[-159.57,-26.92],[-159.57,-27.07]],[[-159.58,-26.81],[-159.67,-26.67],[-159.77,-26.61],[-160.01,-26.58],[-159.98,-26.45],[-159.68,-26.29],[-159.28,-26.42],[-159.23,-26.67],[-159.05,-26.72],[-159.03,-27],[-159.58,-26.81]],[[-159.85,-25.97],[-159.66,-25.93],[-159.73,-26.26],[-160.16,-26.17],[-160.08,-26.01],[-160.27,-25.95],[-160.25,-25.75],[-160.03,-25.73],[-159.85,-25.97]],[[-159.7,-25.71],[-159.75,-25.45],[-159.56,-25.38],[-159.48,-25.64],[-159.7,-25.71]],[[-159.98,-25.35],[-160.16,-25.46],[-160.45,-25.33],[-160.26,-25.06],[-160.13,-25.07],[-159.98,-25.35]],[[-158.95,-25.61],[-158.63,-25.62],[-158.68,-25.9],[-158.95,-25.61]],[[-158.58,-26.97],[-158.73,-26.82],[-158.92,-26.78],[-159.21,-26.52],[-159.19,-26.21],[-158.53,-25.99],[-158.56,-26.23],[-158.21,-26.52],[-157.52,-26.64],[-157.36,-26.79],[-157.51,-27.02],[-157.53,-27.27],[-157.71,-27.32],[-157.85,-27.16],[-158.04,-27.35],[-157.87,-27.48],[-158.09,-27.65],[-158.02,-27.91],[-158.21,-27.89],[-158.21,-27.53],[-158.38,-27.48],[-158.62,-27.19],[-158.58,-26.97]],[[-155.87,-26.57],[-155.54,-26.81],[-155.42,-27],[-155.43,-27.3],[-155.11,-27.83],[-155.24,-27.98],[-155.78,-27.56],[-156.07,-27.71],[-156.21,-27.62],[-156.14,-27.46],[-156.37,-27.4],[-156.41,-27.64],[-156.68,-27.82],[-156.86,-27.48],[-156.7,-27.02],[-156.46,-26.9],[-156.52,-26.72],[-156.2,-26.56],[-156.04,-26.64],[-155.87,-26.57]],[[-156.79,-28.25],[-156.71,-28.42],[-156.81,-28.59],[-156.71,-28.7],[-156.47,-28.61],[-156.36,-28.93],[-156.51,-29],[-156.54,-29.19],[-156.24,-29.13],[-156.18,-29.59],[-156.7,-29.66],[-156.89,-29.86],[-157.18,-29.76],[-157.25,-29.59],[-157.44,-29.66],[-157.78,-29.58],[-158.07,-29.64],[-158.21,-29.34],[-158.42,-29.38],[-158.51,-29.19],[-158.5,-28.93],[-158.27,-28.99],[-158.19,-28.88],[-158.32,-28.62],[-158.23,-28.46],[-157.83,-28.39],[-157.77,-28.58],[-157.63,-28.63],[-157.27,-28.31],[-156.96,-28.11],[-157.3,-27.82],[-156.87,-27.83],[-156.79,-28.25]],[[-153.58,-28.37],[-153.38,-28.39],[-153.43,-28.6],[-153.59,-28.58],[-153.58,-28.37]],[[-153.24,-28.93],[-153.1,-28.94],[-152.93,-29.18],[-152.74,-29.25],[-152.65,-29.41],[-152.42,-29.51],[-152.5,-29.98],[-152.72,-29.91],[-153.08,-30.02],[-153.08,-29.82],[-153.33,-29.57],[-153.18,-29.23],[-153.24,-28.93]],[[-155.45,-29.55],[-155.34,-29.41],[-155.14,-29.5],[-154.94,-29.88],[-154.88,-29.55],[-154.52,-29.67],[-154.44,-29.84],[-154.63,-29.9],[-154.65,-30.01],[-154.32,-29.96],[-154.33,-30.12],[-154.22,-30.17],[-154.15,-30.33],[-154.07,-30.2],[-153.79,-30.1],[-153.61,-30.3],[-153.29,-30.34],[-153.25,-30.54],[-153.55,-30.58],[-153.54,-30.8],[-153.29,-30.77],[-153.03,-30.9],[-152.83,-30.89],[-152.91,-31.16],[-152.87,-31.36],[-152.98,-31.73],[-152.61,-32.09],[-152.4,-32.08],[-152.22,-32.52],[-152.66,-32.9],[-152.75,-33.13],[-152.98,-32.79],[-152.87,-32.6],[-152.55,-32.6],[-152.9,-32.33],[-153.31,-31.79],[-153.48,-31.9],[-153.36,-32.06],[-153.54,-32.22],[-153.72,-32.15],[-153.97,-32.3],[-154.08,-31.94],[-154.32,-31.75],[-154.14,-31.45],[-153.97,-31.41],[-153.98,-31.1],[-154.27,-31.08],[-154.51,-30.57],[-154.5,-30.36],[-154.7,-30.27],[-154.63,-30.63],[-154.45,-30.86],[-154.63,-31.13],[-154.85,-31.08],[-154.97,-30.95],[-155.05,-30.58],[-155.23,-30.47],[-155.37,-30.12],[-155.25,-29.98],[-155.43,-29.71],[-155.45,-29.55]],[[-151.26,-32.18],[-151.44,-32.44],[-151.55,-32.3],[-151.26,-32.18]],[[-150.14,-32.53],[-150,-32.53],[-149.83,-32.84],[-150.02,-32.9],[-150.14,-32.53]],[[-149.16,-33.6],[-149.04,-33.58],[-148.63,-33.87],[-148.83,-34.09],[-149.12,-33.9],[-149.16,-33.6]],[[-148.58,-34.08],[-148.19,-34.03],[-148.32,-34.22],[-148.56,-34.39],[-148.58,-34.08]],[[-148.08,-34.22],[-147.97,-34.29],[-148.17,-34.53],[-147.94,-34.58],[-148.01,-35],[-147.68,-35.3],[-148.16,-35.25],[-148.27,-34.85],[-148.19,-34.65],[-148.37,-34.51],[-148.3,-34.31],[-148.08,-34.22]],[[-148.03,-35.37],[-147.96,-35.64],[-148.13,-35.76],[-148.35,-35.54],[-148.03,-35.37]],[[-148.38,-35.68],[-148.68,-35.76],[-148.91,-35.53],[-149.06,-35.69],[-149.18,-35.44],[-149.17,-35.16],[-149.07,-34.97],[-149.14,-34.73],[-148.74,-34.73],[-148.44,-34.87],[-148.46,-35.14],[-148.4,-35.35],[-148.46,-35.56],[-148.38,-35.68]],[[-147.29,-36.07],[-146.95,-36],[-146.81,-35.88],[-146.37,-36.03],[-146.49,-36.35],[-146.66,-36.35],[-146.75,-36.16],[-147.1,-36.24],[-147.29,-36.07]],[[-144.77,-35.9],[-144.58,-35.81],[-144.35,-36.03],[-144.59,-36.14],[-144.77,-35.9]],[[-145.2,-35.43],[-145.09,-35.56],[-144.86,-35.5],[-144.72,-35.64],[-145.2,-35.74],[-145.2,-35.43]],[[-145.93,-35.06],[-145.95,-34.84],[-145.61,-34.91],[-145.93,-35.06]],[[-145.58,-34.8],[-145.58,-34.57],[-145.31,-34.49],[-145.45,-34.1],[-145.2,-34.07],[-145.17,-34.63],[-145.21,-34.78],[-145.58,-34.8]],[[-144.88,-35.95],[-144.74,-36.17],[-144.46,-36.26],[-144.65,-36.41],[-145.06,-36.31],[-145.11,-36.22],[-144.88,-35.95]],[[-145.44,-36.51],[-145.23,-36.81],[-145.19,-37.01],[-145.39,-37.09],[-145.39,-37.33],[-145.7,-37.32],[-145.72,-37.04],[-146.02,-37.1],[-146.06,-36.94],[-146.5,-36.87],[-146.05,-36.62],[-145.69,-36.67],[-145.44,-36.51]],[[-146.09,-37.19],[-145.89,-37.6],[-146.15,-37.62],[-146.33,-37.12],[-146.09,-37.19]],[[-146.49,-37.76],[-146.32,-38.18],[-145.84,-38.09],[-145.78,-38.23],[-145.34,-38.4],[-145.1,-38.57],[-145.17,-38.85],[-145.09,-38.98],[-145.44,-39.21],[-145.44,-39.38],[-145.93,-39.43],[-146.06,-39.17],[-146.41,-39.16],[-146.63,-38.98],[-146.81,-38.7],[-147.07,-38.71],[-147.11,-38.54],[-146.78,-38.33],[-146.59,-38.31],[-146.52,-38.14],[-146.63,-37.86],[-146.98,-37.95],[-147,-37.75],[-147.24,-37.6],[-146.99,-37.43],[-146.87,-37.67],[-146.55,-37.58],[-146.49,-37.76]],[[-143.65,-38.84],[-143.63,-38.7],[-143.33,-38.77],[-143.36,-38.98],[-143.65,-38.84]],[[-142.85,-38.83],[-142.4,-38.73],[-142.31,-38.91],[-142.53,-39],[-142.77,-38.96],[-142.85,-38.83]],[[-141.77,-38.38],[-141.53,-38.27],[-141.4,-38.47],[-141.48,-38.65],[-141.67,-38.62],[-141.77,-38.38]],[[-140.09,-38.23],[-140.1,-38.04],[-139.84,-37.94],[-140.17,-37.74],[-140.08,-37.63],[-139.65,-37.7],[-139.5,-37.98],[-139.2,-37.98],[-138.89,-38.23],[-139.33,-38.41],[-139.46,-38.3],[-139.7,-38.57],[-139.77,-38.29],[-140.09,-38.23]],[[-141.48,-38.02],[-141.6,-37.95],[-141.48,-37.63],[-141.12,-37.68],[-141.12,-37.82],[-141.38,-37.9],[-141.48,-38.02]],[[-140.9,-37.61],[-141.15,-37.37],[-140.9,-37.23],[-140.58,-37.49],[-140.9,-37.61]],[[-138.63,-39.18],[-138.41,-39.17],[-138.24,-39.35],[-138.38,-39.44],[-138.29,-39.77],[-138.09,-39.73],[-138.03,-39.97],[-138.58,-40.02],[-138.5,-40.25],[-138.7,-40.27],[-138.97,-40.15],[-138.85,-39.76],[-139.04,-39.76],[-139.32,-39.6],[-139.49,-39.68],[-139.62,-39.5],[-139.08,-39.36],[-138.85,-38.88],[-138.63,-39.18]],[[-135.83,-39.34],[-135.74,-39.12],[-135.4,-39.2],[-135.39,-39.48],[-135.52,-39.67],[-135.81,-39.49],[-135.83,-39.34]],[[-134.95,-40.3],[-134.84,-40.39],[-134.35,-40.39],[-134.31,-40.62],[-134.7,-40.65],[-134.91,-40.8],[-135.07,-40.66],[-135.32,-40.72],[-135.53,-40.47],[-135.35,-40.35],[-135.07,-40.41],[-134.95,-40.3]],[[-133.7,-41.69],[-133.63,-41.57],[-133.63,-41.26],[-133.37,-41.27],[-133.37,-41.42],[-133.06,-41.76],[-132.68,-41.58],[-132.31,-41.81],[-132.21,-42.02],[-132.6,-42.09],[-132.77,-41.95],[-133.01,-42.1],[-133.22,-41.94],[-133.76,-42],[-134.43,-41.97],[-134.78,-42.07],[-135.14,-41.98],[-135.24,-41.67],[-135.03,-41.59],[-134.55,-41.82],[-134.4,-41.62],[-134.47,-41.45],[-134.71,-41.48],[-135,-41.17],[-134.69,-41.13],[-134.66,-41.01],[-134.3,-40.7],[-134,-40.84],[-133.8,-40.8],[-133.94,-41.18],[-133.86,-41.39],[-134.11,-41.42],[-133.92,-41.66],[-133.7,-41.69]],[[-133.3,-40.97],[-133.3,-41.1],[-133.63,-41.14],[-133.7,-40.97],[-133.3,-40.97]],[[-135.85,-42.66],[-136.04,-42.56],[-135.74,-42.35],[-135.32,-42.35],[-135.23,-42.63],[-135.54,-42.51],[-135.85,-42.66]],[[-138.65,-42.96],[-138.6,-42.84],[-138.27,-42.94],[-138.47,-43.11],[-138.65,-42.96]],[[-137.36,-42.89],[-137.16,-42.98],[-137.06,-43.22],[-137.29,-43.29],[-137.47,-42.97],[-137.36,-42.89]],[[-137.77,-43.1],[-137.82,-43.35],[-138.16,-43.47],[-138.31,-43.28],[-137.77,-43.1]],[[-137.93,-44.09],[-137.68,-44.13],[-137.8,-44.42],[-138.07,-44.26],[-137.93,-44.09]],[[-138.02,-44.88],[-137.83,-45],[-137.97,-45.18],[-137.82,-45.42],[-137.55,-45.61],[-137.58,-45.82],[-137.83,-45.94],[-137.85,-46.27],[-137.75,-46.45],[-137.52,-46.38],[-137.35,-46.49],[-137.03,-46.52],[-137.16,-46.84],[-137.33,-46.84],[-137.66,-46.6],[-137.87,-46.81],[-138.08,-46.84],[-138.23,-47.26],[-138.5,-47.09],[-138.34,-46.91],[-138.36,-46.73],[-138.22,-46.51],[-138.44,-46.23],[-138.38,-46.03],[-138.08,-46.06],[-138.07,-45.56],[-138.22,-45.38],[-138.54,-45.27],[-138.36,-44.93],[-138.02,-44.88]],[[-136.02,-46.34],[-136.05,-46.17],[-135.8,-45.83],[-135.6,-45.84],[-135.65,-46.15],[-136.02,-46.34]],[[-141.57,-44.87],[-141.4,-44.77],[-141.2,-45],[-141,-44.64],[-140.78,-44.66],[-140.54,-44.98],[-140.69,-45.42],[-140.52,-45.81],[-140.83,-45.89],[-141.01,-46.14],[-140.74,-46.25],[-141.09,-46.4],[-141.19,-46.59],[-141.48,-46.82],[-141.91,-46.7],[-142.15,-46.42],[-142.42,-46.35],[-142.74,-46.43],[-142.87,-46.13],[-142.79,-45.81],[-142.78,-45.36],[-142.9,-45.13],[-142.76,-44.94],[-142.47,-45.13],[-142.42,-45.38],[-142.03,-45.73],[-141.74,-45.56],[-141.82,-45.35],[-142,-45.31],[-142.13,-45.1],[-142.39,-45.1],[-142.64,-44.88],[-142.59,-44.73],[-142.15,-44.7],[-141.57,-44.87]],[[-144.29,-45.87],[-144.41,-45.84],[-144.46,-45.55],[-144.26,-45.56],[-144.29,-45.87]],[[-144.12,-45.26],[-144.45,-45.2],[-144.49,-44.91],[-144.34,-44.77],[-144.11,-44.97],[-144.12,-45.26]],[[-143.96,-44.9],[-143.73,-44.96],[-143.51,-45.18],[-143.74,-45.24],[-143.95,-45.15],[-143.96,-44.9]],[[-143.71,-45.53],[-143.47,-45.41],[-143.36,-45.59],[-143.59,-45.7],[-143.71,-45.53]],[[-142.06,-45.62],[-142.29,-45.48],[-142.35,-45.28],[-142.22,-45.16],[-141.91,-45.48],[-142.06,-45.62]],[[-140.27,-45.22],[-140.33,-45.48],[-140.58,-45.47],[-140.51,-45.17],[-140.2,-44.94],[-139.96,-45],[-139.76,-44.71],[-139.61,-45.03],[-139.77,-45.18],[-140.22,-45.39],[-140.27,-45.22]],[[-138.83,-45.36],[-138.57,-45.5],[-138.75,-45.67],[-138.92,-45.48],[-138.83,-45.36]],[[-139.08,-45.68],[-139.2,-45.78],[-139.46,-45.62],[-139.63,-45.63],[-139.84,-45.39],[-139.58,-45.29],[-139.24,-45.39],[-139.08,-45.68]],[[-140.4,-44.93],[-140.61,-44.87],[-140.58,-44.52],[-140.35,-44.69],[-140.4,-44.93]],[[-146.91,-45.19],[-146.76,-45.45],[-147.05,-45.78],[-147.37,-45.78],[-147.5,-45.46],[-147.17,-45.36],[-146.91,-45.19]],[[-148.4,-44.89],[-148.49,-44.47],[-147.89,-44.58],[-147.67,-44.91],[-147.76,-45.3],[-148.27,-45.2],[-148.59,-45.22],[-148.4,-44.89]],[[-150.72,-45.33],[-150.83,-44.83],[-151.1,-44.81],[-151.4,-44.91],[-151.39,-44.59],[-151.61,-44.52],[-151.42,-44.26],[-151.08,-44.04],[-150.7,-43.94],[-150.32,-43.98],[-150.34,-44.16],[-150.55,-44.41],[-150.08,-44.65],[-150.11,-44.97],[-149.86,-45.14],[-149.86,-45.26],[-150.55,-45.12],[-150.72,-45.33]],[[-152.98,-44.62],[-153.09,-44.51],[-153.75,-44.44],[-153.79,-44.32],[-153.49,-44.23],[-153.59,-44.02],[-153.57,-43.68],[-153.4,-43.65],[-153.12,-43.78],[-152.9,-44.07],[-152.63,-44.09],[-152.74,-44.3],[-152.65,-44.57],[-152.98,-44.62]],[[-153.23,-43.64],[-153.4,-43.37],[-153.21,-43.32],[-153.03,-43.56],[-153.23,-43.64]],[[-150.05,-42.96],[-150.42,-42.61],[-150.14,-42.49],[-150.13,-42.14],[-149.83,-42.12],[-149.67,-42.54],[-149.78,-42.58],[-150.05,-42.96]],[[-151.9,-41.76],[-151.96,-41.54],[-152.13,-41.34],[-151.74,-41.2],[-151.57,-41.49],[-151.16,-41.79],[-151.13,-41.95],[-150.92,-42.05],[-151.15,-42.27],[-151.42,-42.12],[-151.68,-41.79],[-151.9,-41.76]],[[-150.98,-41.18],[-151.35,-41.07],[-151.61,-41.12],[-151.68,-40.91],[-151.92,-40.7],[-151.94,-40.56],[-152.31,-40.57],[-152.2,-40.25],[-152.44,-39.99],[-152.31,-39.8],[-152.33,-39.68],[-152.19,-39.41],[-152.01,-39.4],[-151.85,-39.55],[-151.6,-39.62],[-151.75,-39.82],[-151.5,-40.34],[-150.98,-40.2],[-150.72,-40.52],[-150.27,-40.25],[-150.16,-40.44],[-150.58,-40.63],[-150.5,-40.87],[-150.23,-41.1],[-150.24,-41.28],[-150.52,-41.38],[-150.96,-41.32],[-150.98,-41.18]],[[-147.55,-38.98],[-147.77,-38.6],[-147.53,-38.52],[-147.35,-38.76],[-147.32,-38.95],[-147.55,-38.98]],[[-147.18,-39.06],[-147.23,-38.92],[-146.99,-38.84],[-146.91,-39.08],[-147.18,-39.06]],[[-147.91,-39.14],[-147.67,-39.14],[-147.61,-39.33],[-147.87,-39.4],[-147.91,-39.14]],[[-146.54,-39.22],[-146.29,-39.27],[-146.28,-39.43],[-146.53,-39.49],[-146.54,-39.22]],[[-140.92,-39.07],[-140.9,-38.85],[-140.69,-38.87],[-140.54,-38.7],[-140.36,-38.87],[-140.47,-39.05],[-140.92,-39.07]],[[-137.88,-38.88],[-137.83,-38.71],[-137.59,-38.74],[-137.64,-38.9],[-137.88,-38.88]],[[-140.31,-39.09],[-140.2,-39.19],[-140.38,-39.43],[-140.58,-39.24],[-140.31,-39.09]],[[-140.36,-39.53],[-139.92,-39.74],[-139.81,-39.94],[-140.27,-39.89],[-140.43,-39.61],[-140.36,-39.53]],[[-140.48,-40.06],[-140.37,-40.22],[-140.53,-40.42],[-140.93,-39.96],[-141.14,-39.9],[-141.19,-39.64],[-141.02,-39.63],[-140.76,-39.82],[-140.5,-39.86],[-140.48,-40.06]],[[-139.57,-40.37],[-139.56,-40.25],[-139.12,-40.21],[-138.74,-40.3],[-138.58,-40.56],[-138.74,-40.63],[-139.3,-40.56],[-139.57,-40.37]],[[-138.26,-40.42],[-138.18,-40.69],[-138.52,-40.63],[-138.36,-40.44],[-138.46,-40.31],[-138.17,-40.08],[-137.8,-39.98],[-137.64,-40.03],[-137.46,-40.38],[-137.27,-40.39],[-137,-40.57],[-137.32,-40.78],[-137.52,-40.64],[-137.62,-40.86],[-138.11,-40.77],[-138.07,-40.6],[-137.77,-40.54],[-137.63,-40.4],[-138.17,-40.37],[-138.26,-40.42]],[[-135.48,-40.13],[-135.17,-40.01],[-135.05,-40.16],[-135.29,-40.28],[-135.48,-40.13]],[[-135.35,-40.9],[-134.79,-40.92],[-134.94,-41.04],[-135.36,-41.07],[-135.35,-40.9]],[[-137.18,-40.94],[-137.09,-41.23],[-137.28,-41.24],[-137.48,-40.96],[-137.18,-40.94]],[[-137.76,-41],[-137.51,-41.18],[-137.64,-41.37],[-137.86,-41.15],[-137.76,-41]],[[-137.38,-41.36],[-137,-41.43],[-136.58,-41.8],[-136.85,-41.97],[-136.94,-42.13],[-137.22,-42.17],[-137.47,-41.97],[-137.72,-41.58],[-137.38,-41.36]],[[-139.06,-42.34],[-139.06,-42.09],[-138.5,-42.01],[-138.34,-42.16],[-138.87,-42.21],[-139.06,-42.34]],[[-143.41,-42.4],[-143.77,-42.05],[-143.46,-42.01],[-143.3,-42.35],[-143.41,-42.4]],[[-149.19,-42.12],[-149.55,-41.87],[-149.33,-41.6],[-148.95,-41.61],[-149.21,-41.98],[-149.19,-42.12]],[[-150.34,-42.1],[-150.41,-42.29],[-150.7,-42.25],[-150.62,-41.94],[-150.43,-41.92],[-150.34,-42.1]],[[-150.88,-41.89],[-151.22,-41.66],[-151.36,-41.42],[-151.27,-41.25],[-151.06,-41.3],[-150.82,-41.77],[-150.88,-41.89]],[[-149.24,-41.39],[-149.1,-41.29],[-148.82,-41.35],[-148.79,-41.51],[-149,-41.56],[-149.24,-41.39]],[[-149.48,-40.93],[-149.81,-40.79],[-149.56,-40.59],[-149.41,-40.73],[-149.48,-40.93]],[[-140.47,-40.61],[-140.4,-40.54],[-139.96,-40.6],[-140.02,-40.78],[-140.37,-40.91],[-140.5,-40.87],[-140.47,-40.61]],[[-139.86,-40.89],[-139.56,-40.66],[-139.38,-40.68],[-139.41,-41],[-139.86,-40.89]],[[-143.99,-40.97],[-144.16,-41.04],[-144.37,-40.94],[-144.25,-40.72],[-143.99,-40.97]],[[-139.44,-41.29],[-139.51,-41.59],[-139.68,-41.54],[-139.63,-41.31],[-139.44,-41.29]],[[-138.86,-41.59],[-138.6,-41.62],[-138.84,-41.9],[-139.1,-41.8],[-138.86,-41.59]],[[-139.4,-41.93],[-139.52,-42.12],[-139.75,-41.86],[-140.02,-41.81],[-139.96,-41.57],[-139.67,-41.77],[-139.39,-41.75],[-139.4,-41.93]],[[-149.74,-41.72],[-149.67,-41.92],[-149.96,-41.94],[-150,-41.81],[-149.74,-41.72]],[[-141.08,-40.1],[-140.83,-40.33],[-141.05,-40.39],[-141.23,-40.24],[-141.08,-40.1]],[[-141.73,-40.12],[-141.7,-40.26],[-142,-40.36],[-142.03,-40.18],[-141.73,-40.12]],[[-150.64,-40.25],[-150.29,-39.83],[-150.08,-39.84],[-150.04,-40.11],[-150.35,-40.11],[-150.64,-40.25]],[[-149.64,-42.8],[-149.26,-42.89],[-149.4,-43.35],[-149.61,-43.26],[-149.64,-42.8]],[[-146.34,-43.65],[-146.04,-43.82],[-146.09,-43.96],[-146.43,-43.78],[-146.34,-43.65]],[[-150.01,-44.11],[-149.76,-44.45],[-149.97,-44.53],[-150.27,-44.16],[-150.01,-44.11]],[[-149.84,-44.94],[-150,-44.81],[-149.88,-44.65],[-149.59,-44.74],[-149.84,-44.94]],[[-137.84,-39.6],[-138.18,-39.7],[-138.29,-39.46],[-138.14,-39.36],[-137.84,-39.6]],[[-147.23,-37.95],[-147.83,-37.88],[-147.86,-37.7],[-147.5,-37.77],[-147.23,-37.95]],[[-157.37,-38],[-157.39,-38.12],[-157.7,-38.19],[-157.7,-38],[-157.37,-38]],[[-157.9,-37.97],[-158.06,-37.84],[-158.01,-37.69],[-157.77,-37.73],[-157.56,-37.9],[-157.9,-37.97]],[[-159.68,-37.23],[-159.9,-37.18],[-160.15,-36.8],[-160.08,-36.6],[-159.86,-36.68],[-159.68,-37.23]],[[-164.18,-37.05],[-164.4,-36.91],[-164.35,-36.42],[-164.47,-36.22],[-164.35,-35.99],[-164.37,-35.62],[-164.2,-35.51],[-163.9,-35.81],[-163.86,-36.1],[-164.02,-36.24],[-164.02,-36.65],[-164.22,-36.64],[-164.18,-37.05]],[[-165.33,-36.31],[-165.17,-36.58],[-165.38,-36.76],[-165.5,-36.47],[-165.33,-36.31]],[[-164.35,-35.47],[-164.4,-34.75],[-164.52,-34.26],[-164.52,-33.76],[-164.57,-33.57],[-164.57,-33.14],[-164.64,-32.95],[-164.4,-32.95],[-164.47,-33.21],[-164.38,-33.62],[-164.26,-33.84],[-164.26,-34.18],[-164.19,-34.85],[-164.23,-35.2],[-164.18,-35.42],[-164.35,-35.47]],[[-166.21,-35.17],[-166.26,-35.48],[-166.53,-35.41],[-166.6,-34.99],[-166.4,-35],[-166.21,-35.17]],[[-166.25,-35.06],[-166.42,-34.78],[-166.5,-34.48],[-166.26,-34.3],[-166.27,-33.93],[-165.86,-33.89],[-166.08,-34.26],[-166.02,-34.45],[-166.2,-34.8],[-166.25,-35.06]],[[-170.27,-34.72],[-170.29,-34.86],[-170.73,-35.13],[-171.14,-35.26],[-171.2,-35.42],[-171.37,-35.49],[-171.71,-35.36],[-171.78,-35.14],[-172.16,-34.93],[-172,-34.8],[-171.81,-34.91],[-171.44,-34.91],[-171.18,-35.08],[-170.99,-35.07],[-170.86,-34.8],[-170.86,-34.62],[-170.63,-34.47],[-170.41,-34.49],[-170.27,-34.72]],[[-176.03,-34.85],[-175.99,-34.56],[-175.75,-34.61],[-175.86,-34.82],[-176.03,-34.85]],[[-170.76,-34.39],[-170.79,-34.16],[-170.6,-34.1],[-170.53,-34.31],[-170.76,-34.39]],[[-176.28,-34.13],[-176.46,-34.26],[-176.65,-34.06],[-176.49,-33.94],[-176.28,-34.13]],[[-173.27,-34.01],[-173.11,-33.76],[-172.97,-33.84],[-173.27,-34.01]],[[-172.82,-33.71],[-172.67,-33.56],[-172.46,-33.73],[-172.7,-33.85],[-172.82,-33.71]],[[-174.96,-33.42],[-175.13,-33.26],[-174.98,-33.12],[-174.8,-33.13],[-174.96,-33.42]],[[-175.73,-33.17],[-175.92,-33.35],[-176.05,-33.21],[-175.87,-32.91],[-175.66,-32.96],[-175.73,-33.17]],[[-176.35,-32.94],[-176.34,-33.23],[-176.55,-33.13],[-176.35,-32.94]],[[-171.84,-32.8],[-171.99,-32.65],[-172.2,-32.31],[-172.06,-31.98],[-171.94,-31.94],[-171.56,-32.06],[-171.5,-32.42],[-171.38,-32.57],[-171.41,-32.79],[-171.07,-33.43],[-171.04,-34.05],[-171.33,-34.1],[-171.62,-34.01],[-171.77,-33.51],[-171.67,-33.23],[-171.84,-33.07],[-171.84,-32.8]],[[-174.55,-31.99],[-174.58,-31.72],[-174.42,-31.67],[-174.36,-31.92],[-174.55,-31.99]],[[-176.53,-31.79],[-176.57,-31.69],[-176.38,-31.5],[-176.27,-31.68],[-176.53,-31.79]],[[-174.95,-31.48],[-175.14,-31.29],[-174.95,-31.21],[-174.72,-31.32],[-174.95,-31.48]],[[-175.68,-31.21],[-175.89,-31.3],[-176.02,-31.05],[-176.01,-30.86],[-175.83,-30.85],[-175.68,-31.21]],[[-172.96,-30.8],[-173.06,-30.63],[-173.25,-30.59],[-173.57,-30.24],[-173.52,-29.95],[-173.3,-29.88],[-172.92,-30.19],[-172.88,-30.39],[-172.58,-30.72],[-172.6,-31.01],[-172.78,-30.98],[-172.96,-30.8]],[[-173.21,-29.76],[-173.46,-29.79],[-173.55,-29.53],[-173.19,-29.14],[-172.97,-29.28],[-173.21,-29.76]],[[-170.47,-29.13],[-170.61,-28.92],[-170.48,-28.72],[-170.67,-28.52],[-170.59,-28.39],[-170.35,-28.39],[-169.9,-28.73],[-169.95,-28.89],[-170.29,-28.78],[-170.35,-29.11],[-170.47,-29.13]],[[-173.02,-28.75],[-173.16,-28.97],[-173.3,-29.02],[-173.62,-28.91],[-173.78,-28.74],[-173.78,-28.56],[-174.22,-28.1],[-174.34,-28.08],[-174.74,-27.58],[-174.83,-27.35],[-174.67,-27.24],[-174.74,-26.92],[-174.94,-26.77],[-174.96,-26.46],[-175.17,-26.14],[-175.2,-25.81],[-174.84,-25.53],[-174.44,-25.5],[-174.06,-25.81],[-173.81,-26.18],[-174.22,-26.71],[-174.22,-26.94],[-174.43,-27.04],[-174.12,-27.19],[-173.95,-27.41],[-173.7,-27.56],[-173.33,-27.63],[-173.19,-28.07],[-173.01,-28.24],[-172.87,-28.71],[-173.02,-28.75]],[[-170.43,-26.1],[-170.11,-25.94],[-170.09,-26.21],[-170.39,-26.25],[-170.43,-26.1]],[[-170.01,-26.23],[-170.05,-26.1],[-169.8,-25.94],[-169.74,-26.18],[-170.01,-26.23]],[[-168.43,-26.24],[-168.41,-26.09],[-168.18,-26.08],[-168.12,-26.22],[-168.43,-26.24]],[[-162.2,-26.49],[-161.94,-26.6],[-162.09,-26.75],[-162.2,-26.49]],[[-164,-26.53],[-164,-26.73],[-164.23,-26.71],[-164.19,-26.54],[-164,-26.53]],[[-170.81,-26.86],[-170.83,-27.07],[-170.63,-27.49],[-170.61,-27.72],[-170.89,-27.89],[-171.11,-27.73],[-171.44,-27.61],[-171.44,-27.31],[-171.25,-27.17],[-171.04,-26.62],[-170.81,-26.57],[-170.81,-26.86]],[[-170.57,-27.15],[-170.57,-26.85],[-170.38,-26.83],[-170.3,-27.05],[-170.57,-27.15]],[[-167.67,-28.38],[-167.4,-28.33],[-167.49,-28.62],[-167.79,-28.52],[-167.67,-28.38]],[[-165.34,-28.39],[-165.4,-28.31],[-165.24,-28.1],[-165.12,-28.66],[-165.33,-28.61],[-165.34,-28.39]],[[-167.67,-28.08],[-167.77,-28.25],[-167.95,-28.3],[-167.99,-28.09],[-167.77,-27.97],[-167.67,-28.08]],[[-162.49,-28.37],[-162.12,-28.32],[-162.02,-28.51],[-162.25,-28.58],[-162.48,-28.49],[-162.49,-28.37]],[[-162.67,-28.74],[-162.52,-28.88],[-162.84,-29.08],[-162.85,-28.87],[-162.67,-28.74]],[[-162.06,-29.01],[-162.16,-28.81],[-161.99,-28.74],[-161.91,-28.98],[-162.06,-29.01]],[[-162.05,-29.13],[-161.9,-29.11],[-161.77,-29.29],[-161.78,-29.56],[-162.05,-29.43],[-162.05,-29.13]],[[-157.66,-29.74],[-157.53,-29.7],[-157.31,-29.84],[-157.17,-30.07],[-157.49,-30.08],[-157.68,-29.91],[-157.66,-29.74]],[[-156.4,-30.11],[-156.27,-30.48],[-156.52,-30.64],[-156.62,-30.51],[-156.62,-30.16],[-156.4,-30.11]],[[-155.78,-31.18],[-156.11,-31.05],[-156.23,-30.49],[-155.99,-30.53],[-155.66,-30.7],[-155.57,-31.25],[-155.74,-31.29],[-155.78,-31.18]],[[-155.68,-31.92],[-155.62,-32.16],[-156.08,-32.22],[-156.09,-32.08],[-155.68,-31.92]],[[-153.44,-32.36],[-153.27,-32.2],[-153.11,-32.53],[-153.14,-32.69],[-152.98,-32.88],[-153.05,-33.18],[-153.22,-33.12],[-153.14,-32.93],[-153.5,-32.75],[-153.44,-32.36]],[[-155.86,-33.1],[-155.93,-33.33],[-156.25,-33.2],[-156.09,-33.02],[-155.86,-33.1]],[[-157.32,-33.32],[-157.44,-33.41],[-157.75,-33.1],[-157.42,-32.98],[-157.32,-33.32]],[[-155.35,-33.96],[-155.38,-34.13],[-155.25,-34.3],[-155.46,-34.38],[-155.48,-34.54],[-155.7,-34.53],[-155.7,-34.32],[-155.88,-34.25],[-155.87,-33.96],[-155.54,-33.89],[-155.35,-33.96]],[[-150.33,-34.79],[-150.28,-35.1],[-150.4,-35.18],[-150.67,-34.68],[-150.53,-34.58],[-150.33,-34.79]],[[-150.25,-35.96],[-149.95,-36.15],[-150.02,-36.35],[-150.38,-36.34],[-150.41,-36.08],[-150.25,-35.96]],[[-149.03,-36.58],[-148.62,-36.87],[-148.84,-36.99],[-149.13,-36.72],[-149.03,-36.58]],[[-159.11,-36.25],[-159.32,-35.87],[-159.11,-35.72],[-158.93,-35.8],[-158.92,-36],[-158.8,-36.28],[-158.92,-36.4],[-159.11,-36.25]],[[-160.11,-35.67],[-160.32,-35.72],[-160.57,-35.48],[-160.8,-34.97],[-160.74,-34.74],[-160.56,-34.68],[-160.53,-34.99],[-160.35,-35.47],[-160.17,-35.5],[-160.11,-35.67]],[[-163.85,-35.1],[-163.7,-35.23],[-163.79,-35.49],[-164.04,-35.44],[-164,-35.14],[-164.14,-35.02],[-164.01,-34.86],[-163.85,-35.1]],[[-160.92,-34.7],[-161.15,-34.52],[-160.82,-34.46],[-160.92,-34.7]],[[-160.54,-34.38],[-160.54,-34.15],[-160.82,-33.65],[-160.85,-33.38],[-160.63,-33.24],[-160.3,-33.26],[-160.37,-33.5],[-160.25,-33.89],[-160.22,-34.48],[-160.54,-34.38]],[[-161.06,-33.86],[-161.17,-34.06],[-161.37,-34],[-161.28,-33.8],[-161.06,-33.86]],[[-161.43,-33.71],[-161.45,-34.03],[-161.64,-33.93],[-161.43,-33.71]],[[-165.48,-33.04],[-165.59,-32.99],[-165.53,-32.67],[-165.37,-32.62],[-165.48,-33.04]],[[-166.74,-33.01],[-166.67,-33.29],[-166.88,-33.26],[-166.74,-33.01]],[[-166.61,-33.39],[-166.43,-33.52],[-166.43,-33.79],[-166.69,-33.78],[-166.61,-33.39]],[[-166.28,-32.83],[-166.58,-32.38],[-166.74,-32.06],[-166.69,-31.6],[-166.8,-31.06],[-166.67,-31],[-166.54,-31.27],[-166.55,-31.44],[-166.31,-31.45],[-166.22,-31.7],[-166.05,-31.93],[-166.26,-32.24],[-166.29,-32.44],[-166.14,-32.71],[-166.28,-32.83]],[[-166.88,-31.37],[-166.73,-31.71],[-166.82,-31.94],[-167.05,-31.69],[-167.05,-31.48],[-166.88,-31.37]],[[-168.96,-31.4],[-169.1,-31.63],[-169.28,-31.46],[-168.96,-31.1],[-168.96,-31.4]],[[-171.85,-31.38],[-171.93,-31.69],[-172.1,-31.73],[-172.44,-31.57],[-172.58,-31.42],[-172.53,-31.1],[-172.17,-31.02],[-171.95,-31.15],[-171.85,-31.38]],[[-174.78,-31.67],[-174.73,-31.91],[-174.96,-31.86],[-174.78,-31.67]],[[-164.97,-31.04],[-165.05,-30.78],[-165.05,-30.47],[-165.15,-29.83],[-165.34,-29.52],[-165.11,-29.39],[-164.81,-29.54],[-164.9,-29.76],[-164.88,-30.03],[-164.54,-30.33],[-164.52,-30.49],[-164.72,-30.9],[-164.67,-31.12],[-164.52,-31.2],[-164.64,-31.38],[-164.55,-31.71],[-164.57,-32.21],[-164.53,-32.52],[-164.68,-32.55],[-164.83,-32.04],[-164.83,-31.66],[-164.95,-31.32],[-164.97,-31.04]],[[-168.62,-30.49],[-168.68,-30.82],[-168.99,-30.77],[-168.86,-30.55],[-168.62,-30.49]],[[-165.57,-30.48],[-165.78,-30.15],[-165.75,-29.96],[-165.54,-29.8],[-165.3,-30.06],[-165.5,-30.16],[-165.45,-30.4],[-165.57,-30.48]],[[-167.82,-29.94],[-168,-29.74],[-167.88,-29.53],[-167.66,-29.51],[-167.55,-29.71],[-167.62,-29.93],[-167.5,-30.14],[-167.86,-30.12],[-167.82,-29.94]],[[-167.78,-29.44],[-168.1,-29.4],[-168.07,-29.28],[-167.79,-29.03],[-167.59,-29.02],[-167.54,-29.22],[-167.78,-29.44]],[[-167.96,-28.84],[-167.98,-28.59],[-167.87,-28.55],[-167.58,-28.8],[-167.96,-28.84]],[[-157.49,-31.21],[-157.54,-31.25],[-157.65,-31.24],[-158.05,-30.9],[-158.27,-30.97],[-158.33,-30.74],[-158.67,-30.01],[-158.65,-29.89],[-158,-29.83],[-158.09,-30.03],[-157.69,-30],[-157.49,-30.29],[-157.44,-30.48],[-157.56,-30.7],[-157.19,-31.07],[-157.49,-31.21]],[[-157.09,-30.17],[-156.86,-30.02],[-156.86,-30.3],[-157.09,-30.17]],[[-157.21,-30.22],[-157.1,-30.49],[-157.24,-30.59],[-157.39,-30.26],[-157.21,-30.22]],[[-156.78,-31.16],[-156.52,-31.09],[-156.55,-31.37],[-156.78,-31.16]],[[-157.07,-31.22],[-157.19,-31.53],[-157.34,-31.27],[-157.07,-31.22]],[[-159.94,-31.56],[-160.19,-31.45],[-159.96,-31.02],[-159.93,-30.82],[-159.61,-30.82],[-159.74,-31.03],[-159.74,-31.21],[-159.91,-31.35],[-159.94,-31.56]],[[-160.81,-31.58],[-160.93,-31.47],[-160.46,-31.27],[-160.44,-30.95],[-160.22,-30.98],[-160.23,-31.36],[-160.53,-31.51],[-160.81,-31.58]],[[-162.67,-31.57],[-162.62,-31.74],[-163.25,-31.79],[-163.15,-31.55],[-162.67,-31.57]],[[-159.74,-31.63],[-159.51,-31.83],[-159.82,-31.85],[-159.74,-31.63]],[[-158.78,-31.82],[-158.58,-31.81],[-158.39,-32.12],[-158.41,-32.28],[-158.23,-32.35],[-158.22,-32.56],[-158.5,-32.47],[-158.64,-32.24],[-158.78,-31.82]],[[-154.93,-32.49],[-154.7,-32.64],[-154.8,-32.9],[-154.95,-32.81],[-154.93,-32.49]],[[-154.49,-32.84],[-154.63,-32.61],[-154.37,-32.62],[-154.49,-32.84]],[[-156.14,-33],[-156.39,-33.07],[-156.32,-32.81],[-156.12,-32.76],[-155.82,-32.79],[-155.82,-32.99],[-156.14,-33]],[[-158.19,-32.86],[-158.18,-32.66],[-157.92,-32.71],[-158,-32.93],[-158.19,-32.86]],[[-163.31,-32.37],[-163.61,-32.35],[-163.34,-32.06],[-163.13,-32.16],[-163.31,-32.37]],[[-163.06,-31.26],[-163.46,-30.97],[-163.5,-30.63],[-163.16,-30.68],[-163,-30.91],[-162.94,-31.16],[-163.06,-31.26]],[[-160.44,-30.55],[-160.3,-30.34],[-159.86,-30.23],[-159.77,-30.46],[-160.1,-30.6],[-160.44,-30.55]],[[-159.57,-29.77],[-159.42,-29.97],[-159.43,-30.26],[-159.64,-30.21],[-159.7,-29.87],[-159.57,-29.77]],[[-159.04,-30.28],[-158.79,-30.23],[-158.77,-30.47],[-159.01,-30.48],[-159.04,-30.28]],[[-159.09,-30.68],[-158.82,-30.97],[-158.7,-30.81],[-158.46,-30.92],[-158.8,-31.21],[-159.17,-31.08],[-159.42,-31.54],[-159.59,-31.42],[-159.47,-31.15],[-159.25,-30.8],[-159.09,-30.68]],[[-159.2,-34.29],[-159.2,-34.07],[-159.01,-34.08],[-158.78,-34.54],[-158.79,-34.81],[-159.01,-34.71],[-159.2,-34.29]],[[-159.67,-34.89],[-159.96,-34.99],[-160.19,-34.96],[-160.25,-34.78],[-160.13,-34.55],[-159.72,-34.65],[-159.67,-34.89]],[[-159.43,-35.19],[-159.43,-35.3],[-159.69,-35.44],[-159.92,-35.25],[-159.43,-35.19]],[[-150.91,-36.24],[-150.55,-36.23],[-150.8,-36.48],[-150.99,-36.38],[-150.91,-36.24]],[[-154.2,-36.53],[-154,-36.56],[-153.92,-36.92],[-154.12,-36.96],[-154.2,-36.53]],[[-168.07,-34.08],[-167.87,-33.92],[-167.66,-34.2],[-167.97,-34.2],[-168.07,-34.08]],[[-165.76,-34.7],[-165.96,-34.63],[-165.84,-34.17],[-165.63,-34.3],[-165.74,-34.49],[-165.46,-34.61],[-165.64,-34.93],[-165.76,-34.7]],[[-155.32,-29.38],[-155.35,-29.21],[-155.05,-29.18],[-154.9,-29.31],[-154.89,-29.47],[-155.32,-29.38]],[[-155.52,-29.17],[-155.71,-29.29],[-156.04,-29.15],[-156.13,-28.89],[-156.04,-28.61],[-155.82,-28.71],[-155.89,-28.96],[-155.52,-29.17]],[[-154.14,-29.42],[-154.33,-29.81],[-154.44,-29.81],[-154.45,-29.45],[-154.29,-29.39],[-154.14,-29.42]],[[-154.01,-29.9],[-153.88,-30.01],[-154.04,-30.16],[-154.17,-30.17],[-154.2,-29.98],[-154.01,-29.9]],[[-158.19,-28.36],[-158.4,-28.26],[-158.26,-28.05],[-158.02,-28.19],[-158.19,-28.36]],[[-171.59,-35.93],[-171.56,-36.11],[-171.72,-36.25],[-171.91,-36.22],[-171.93,-35.99],[-171.59,-35.93]],[[-172.88,-35.96],[-173.21,-36.03],[-173.1,-35.65],[-172.92,-35.6],[-172.88,-35.96]],[[-171.96,-36.57],[-171.74,-36.72],[-171.98,-36.84],[-172.1,-36.73],[-171.96,-36.57]],[[-174.22,-37.06],[-173.95,-37.1],[-173.74,-37.35],[-173.93,-37.47],[-174.11,-37.42],[-174.26,-37.22],[-174.22,-37.06]],[[-163.98,-37.5],[-163.61,-37.5],[-163.54,-37.73],[-163.55,-37.97],[-163.68,-38.11],[-163.68,-38.79],[-163.42,-39.06],[-163.63,-39.32],[-163.3,-39.63],[-163.08,-39.69],[-163.29,-39.95],[-163.16,-40.1],[-163.56,-40.13],[-163.81,-40.23],[-164.05,-40.04],[-164.05,-39.6],[-164.2,-39.06],[-164.12,-38.88],[-164.18,-38.54],[-164.01,-38.45],[-164.04,-38.23],[-163.9,-37.9],[-164.05,-37.8],[-163.98,-37.5]],[[-160.89,-38.63],[-160.67,-38.77],[-160.64,-39.17],[-160.34,-39.2],[-159.69,-39.58],[-160,-39.71],[-160.05,-39.94],[-160.5,-39.91],[-160.73,-39.34],[-160.88,-39.12],[-160.96,-38.71],[-160.89,-38.63]],[[-160.29,-39.96],[-160.13,-40.08],[-159.98,-40.37],[-160.13,-40.61],[-160.36,-40.18],[-160.29,-39.96]],[[-160.01,-40.79],[-159.69,-40.91],[-159.91,-41.05],[-160.01,-40.79]],[[-159.47,-40.98],[-159.44,-40.77],[-159.2,-40.79],[-159.29,-41.08],[-159.47,-40.98]],[[-159.14,-41.29],[-158.94,-41.26],[-158.71,-41.45],[-158.7,-41.64],[-158.98,-41.73],[-159.22,-41.71],[-159.36,-41.53],[-159.14,-41.29]],[[-159.24,-42.19],[-159.1,-42.14],[-159,-42.34],[-159.4,-42.44],[-159.39,-42.7],[-159.6,-42.94],[-160.27,-42.85],[-160.26,-42.68],[-160.01,-42.58],[-159.93,-42.43],[-160.01,-42.14],[-160.15,-41.97],[-159.32,-41.74],[-158.97,-41.9],[-158.72,-41.91],[-158.65,-42.05],[-159.1,-42.12],[-159.24,-42.19]],[[-160.22,-42.55],[-160.52,-42.29],[-160.36,-42.23],[-160.08,-42.34],[-160.22,-42.55]],[[-162.61,-41.43],[-162.87,-41.46],[-162.86,-41.09],[-162.63,-41.19],[-162.61,-41.43]],[[-162.15,-41.43],[-162.43,-41.33],[-162.65,-41.01],[-162.41,-40.75],[-162.27,-40.73],[-161.78,-41.06],[-161.69,-41.3],[-161.9,-41.41],[-162.15,-41.43]],[[-163.01,-40.75],[-162.95,-40.58],[-162.62,-40.56],[-162.72,-40.8],[-163.01,-40.75]],[[-162.63,-40.25],[-162.7,-39.98],[-162.46,-39.76],[-162.34,-39.93],[-162.13,-39.86],[-162.11,-40.13],[-162.38,-40.3],[-162.63,-40.25]],[[-162.2,-39.73],[-161.98,-39.6],[-161.64,-39.67],[-161.31,-39.57],[-161.31,-39.79],[-161.83,-39.9],[-162.2,-39.73]],[[-161.26,-39.84],[-161.18,-39.61],[-161,-39.56],[-160.74,-39.87],[-161.04,-40.13],[-161.26,-39.84]],[[-161.21,-38.81],[-161.28,-38.98],[-161.02,-39.28],[-161.26,-39.43],[-161.52,-38.9],[-161.81,-38.94],[-161.76,-38.74],[-161.51,-38.69],[-161.21,-38.81]],[[-164.33,-39.46],[-164.26,-39.84],[-164.53,-39.93],[-164.97,-39.78],[-164.95,-39.57],[-165.22,-39.53],[-165.41,-39.23],[-165.63,-39.16],[-165.72,-38.99],[-165.68,-38.73],[-165.41,-38.69],[-165.29,-38.38],[-164.97,-38.07],[-164.83,-38.23],[-165.04,-38.31],[-164.64,-38.52],[-164.57,-38.66],[-164.27,-38.67],[-164.24,-38.99],[-164.53,-39.06],[-164.61,-39.24],[-164.33,-39.46]],[[-164.49,-38.12],[-164.32,-37.92],[-164.2,-38.39],[-164.41,-38.57],[-164.49,-38.12]],[[-158.45,-43.96],[-158.42,-43.78],[-157.89,-43.83],[-157.82,-43.94],[-158.34,-44.07],[-158.45,-43.96]],[[-156.02,-43.83],[-155.9,-43.9],[-155.95,-44.14],[-156.19,-44.21],[-156.31,-44.04],[-156.24,-43.88],[-156.02,-43.83]],[[-153.46,-45.02],[-153.3,-44.82],[-153.11,-44.97],[-153.08,-45.29],[-153.2,-45.34],[-153.46,-45.02]],[[-146.73,-46.52],[-146.85,-46.32],[-146.62,-46.25],[-146.54,-46.45],[-146.73,-46.52]],[[-135.89,-45.05],[-135.93,-44.84],[-135.48,-44.74],[-135.38,-44.9],[-135.89,-45.05]],[[-132.77,-43.17],[-132.91,-42.95],[-132.56,-42.92],[-132.54,-43.08],[-132.77,-43.17]]]},"properties":{"scalerank":0,"featurecla":"Bathymetry","depth":5000}},
{"type":"Feature","geometry":{"type":"Polygon","coordinates":[[[-158.58,-26.97],[-158.57,-26.97],[-158.57,-26.95],[-158.58,-26.97]]]},"properties":{"scalerank":0,"featurecla":"Bathymetry","depth":5000}},
{"type":"Feature","geometry":null,"properties":{"scalerank":0,"featurecla":"Bathymetry","depth":5000}},
{"type":"Feature","geometry":null,"properties":{"scalerank":0,"featurecla":"Bathymetry","depth":5000}},
{"type":"Feature","geometry":null,"properties":{"scalerank":0,"featurecla":"Bathymetry","depth":5000}},
{"type":"Feature","geometry":null,"properties":{"scalerank":0,"featurecla":"Bathymetry","depth":5000}},
{"type":"Feature","geometry":null,"properties":{"scalerank":0,"featurecla":"Bathymetry","depth":5000}},
{"type":"Feature","geometry":null,"properties":{"scalerank":0,"featurecla":"Bathymetry","depth":5000}},
{"type":"Feature","geometry":null,"properties":{"scalerank":0,"featurecla":"Bathymetry","depth":5000}},
{"type":"Feature","geometry":null,"properties":{"scalerank":0,"featurecla":"Bathymetry","depth":5000}},
{"type":"Feature","geometry":null,"properties":{"scalerank":0,"featurecla":"Bathymetry","depth":5000}},
{"type":"Feature","geometry":{"type":"Polygon","coordinates":[[[-160.17,-27.71],[-160.2,-27.7],[-160.17,-27.72],[-160.17,-27.71]]]},"properties":{"scalerank":0,"featurecla":"Bathymetry","depth":5000}},
{"type":"Feature","geometry":null,"properties":{"scalerank":0,"featurecla":"Bathymetry","depth":5000}},
{"type":"Feature","geometry":null,"properties":{"scalerank":0,"featurecla":"Bathymetry","depth":5000}},
{"type":"Feature","geometry":null,"properties":{"scalerank":0,"featurecla":"Bathymetry","depth":5000}},
{"type":"Feature","geometry":null,"properties":{"scalerank":0,"featurecla":"Bathymetry","depth":5000}},
{"type":"Feature","geometry":null,"properties":{"scalerank":0,"featurecla":"Bathymetry","depth":5000}},
{"type":"Feature","geometry":{"type":"Polygon","coordinates":[[[-135.71,-43.12],[-135.72,-43.12],[-135.72,-43.13],[-135.71,-43.12]]]},"properties":{"scalerank":0,"featurecla":"Bathymetry","depth":5000}},
{"type":"Feature","geometry":{"type":"Polygon","coordinates":[[[-147.77,-46.08],[-147.59,-46.2],[-147.54,-46.14],[-147.77,-46.08]]]},"properties":{"scalerank":0,"featurecla":"Bathymetry","depth":5000}},
{"type":"Feature","geometry":null,"properties":{"scalerank":0,"featurecla":"Bathymetry","depth":5000}},
{"type":"Feature","geometry":null,"properties":{"scalerank":0,"featurecla":"Bathymetry","depth":5000}},
{"type":"Feature","geometry":null,"properties":{"scalerank":0,"featurecla":"Bathymetry","depth":5000}},
{"type":"Feature","geometry":null,"properties":{"scalerank":0,"featurecla":"Bathymetry","depth":5000}},
{"type":"Feature","geometry":null,"properties":{"scalerank":0,"featurecla":"Bathymetry","depth":5000}},
{"type":"Feature","geometry":{"type":"Polygon","coordinates":[[[-153.19,-45.67],[-153.21,-45.66],[-153.21,-45.67],[-153.19,-45.67]]]},"properties":{"scalerank":0,"featurecla":"Bathymetry","depth":5000}},
{"type":"Feature","geometry":null,"properties":{"scalerank":0,"featurecla":"Bathymetry","depth":5000}},
{"type":"Feature","geometry":null,"properties":{"scalerank":0,"featurecla":"Bathymetry","depth":5000}},
{"type":"Feature","geometry":{"type":"Polygon","coordinates":[[[-179.88,50.78],[-179.63,50.72],[-179.66,50.88],[-179.88,50.78]]]},"properties":{"scalerank":0,"featurecla":"Bathymetry","depth":5000}},
{"type":"Feature","geometry":null,"properties":{"scalerank":0,"featurecla":"Bathymetry","depth":5000}},
{"type":"Feature","geometry":null,"properties":{"scalerank":0,"featurecla":"Bathymetry","depth":5000}},
{"type":"Feature","geometry":null,"properties":{"scalerank":0,"featurecla":"Bathymetry","depth":5000}},
{"type":"Feature","geometry":null,"properties":{"scalerank":0,"featurecla":"Bathymetry","depth":5000}},
{"type":"Feature","geometry":{"type":"Polygon","coordinates":[[[-160.36,-45.57],[-160.25,-45.47],[-160.53,-45.19],[-160.75,-45.15],[-160.67,-44.89],[-161.15,-44.64],[-160.89,-44.54],[-160.82,-44.31],[-161.15,-44.17],[-161.31,-43.84],[-161.7,-43.78],[-161.86,-43.61],[-161.81,-43.46],[-162.17,-43.09],[-162.36,-43.13],[-162.67,-42.86],[-163.3,-42.55],[-163.55,-42.25],[-163.78,-42.23],[-164.08,-42.06],[-164.29,-41.83],[-164.5,-41.78],[-164.59,-41.62],[-165.11,-41.37],[-165.27,-41.39],[-165.71,-41.08],[-165.72,-40.9],[-166.17,-40.91],[-166.44,-40.51],[-166.75,-40.5],[-166.96,-40.78],[-167.3,-40.7],[-167.26,-40.94],[-166.95,-41.11],[-166.86,-40.94],[-166.58,-40.9],[-166.37,-41.02],[-166,-41.03],[-166.18,-41.48],[-165.82,-41.57],[-165.6,-41.76],[-165.38,-41.92],[-165.55,-42.19],[-165.34,-42.41],[-165.45,-42.53],[-165.69,-42.49],[-165.88,-42.27],[-166.28,-42.43],[-166.2,-42.58],[-166.16,-42.95],[-166.84,-43.11],[-166.98,-42.98],[-167.18,-43.2],[-167.41,-43.2],[-167.85,-43.88],[-167.73,-44.21],[-167.99,-44.23],[-168.13,-44.41],[-168.38,-44.38],[-168.7,-43.85],[-168.54,-43.64],[-168.91,-43.59],[-168.86,-43.95],[-169.34,-43.83],[-169.34,-43.94],[-169.02,-44.08],[-168.98,-44.26],[-169.4,-44.28],[-169.76,-44],[-169.88,-44.02],[-169.87,-44.43],[-169.97,-44.58],[-170.22,-44.51],[-170.02,-44.3],[-170.35,-44.23],[-170.5,-44.52],[-170.26,-44.88],[-170.39,-45.11],[-170.66,-44.98],[-170.87,-45.07],[-171.1,-45.36],[-171.18,-45.64],[-171.73,-45.55],[-171.8,-45.93],[-172.09,-46.18],[-172.36,-46.14],[-172.61,-46.21],[-172.53,-46.54],[-172.77,-46.64],[-172.92,-46.54],[-173.2,-46.7],[-173.52,-46.78],[-173.48,-46.91],[-174.11,-47.05],[-174.39,-47.18],[-174.62,-47.14],[-174.58,-46.91],[-174.88,-46.76],[-175.09,-46.77],[-174.76,-47.11],[-174.92,-47.21],[-175.16,-47.1],[-175.3,-47.4],[-175.22,-47.61],[-175.46,-47.76],[-175.6,-47.44],[-175.53,-47.19],[-175.71,-47.16],[-175.71,-46.94],[-176.07,-47.09],[-175.89,-47.3],[-176.35,-47.47],[-176.34,-47.8],[-176.07,-47.91],[-176,-48.27],[-176.11,-48.6],[-176.76,-48.71],[-176.44,-48.83],[-176.25,-49.1],[-175.87,-49.2],[-175.7,-49.49],[-175.35,-49.78],[-175.5,-50.05],[-175.19,-50.29],[-175.07,-50.67],[-174.84,-50.81],[-174.35,-51.35],[-174.54,-51.46],[-174.88,-51.05],[-175.32,-50.69],[-175.56,-50.76],[-175.55,-51.02],[-176.23,-51.31],[-176.41,-51.47],[-176.67,-51.5],[-176.89,-51.39],[-177.21,-51.4],[-177.49,-51.57],[-177.76,-51.51],[-178.41,-51.83],[-178.62,-51.58],[-178.84,-51.66],[-179.08,-52.04],[-179.49,-51.75],[-179.58,-51.56],[-180,-51.19],[-180,-51.86],[-179.58,-51.86],[-179.59,-52.03],[-180,-52.03],[-180,-54],[-180,-55],[-180,-56.4],[-179.45,-56.74],[-179.22,-56.66],[-178.53,-56.71],[-178.41,-56.43],[-178.17,-56.38],[-177.95,-56.6],[-177.9,-57],[-177.5,-56.61],[-177.73,-56.54],[-177.79,-56.22],[-177.48,-56.16],[-177.4,-56.35],[-176.38,-56.59],[-175.94,-56.61],[-175.31,-57.12],[-175.28,-57.36],[-174.86,-57.29],[-175.88,-56.38],[-175.78,-56.18],[-175.56,-56.14],[-175.22,-56.5],[-174.79,-56.69],[-174.77,-56.87],[-174.43,-56.87],[-174.31,-57.19],[-173.92,-57.18],[-174.09,-56.84],[-174.87,-56.49],[-174.14,-56.27],[-174.44,-56.07],[-174.44,-55.89],[-174.9,-55.79],[-174.16,-55.46],[-173.95,-55.46],[-173.52,-55.1],[-173.29,-55.21],[-173.01,-55.03],[-172.86,-55.24],[-172.52,-55.34],[-172.25,-55.29],[-172.44,-55.07],[-171.92,-54.8],[-171.81,-54.61],[-171.47,-54.59],[-171.07,-54.36],[-170.73,-54.3],[-170.23,-53.83],[-169.48,-54.2],[-168.96,-54.57],[-168.86,-54.7],[-168.16,-55.07],[-167.47,-55.56],[-166.93,-55.74],[-166.2,-56.06],[-166.03,-56.18],[-165,-56.64],[-164.83,-56.51],[-165.24,-56.4],[-165.43,-56.23],[-165.99,-56.08],[-166.7,-55.8],[-166.87,-55.66],[-167.42,-55.44],[-167.98,-55.07],[-168.4,-54.89],[-168.53,-54.68],[-168.82,-54.61],[-169.01,-54.31],[-168.66,-53.94],[-168.22,-53.83],[-168.16,-53.61],[-167.56,-53.78],[-166.85,-54.19],[-166.77,-54.1],[-167.23,-53.88],[-167.7,-53.54],[-167.65,-53.32],[-167.11,-53.02],[-166.78,-53.13],[-166.03,-53.03],[-165.49,-53.47],[-165.35,-53.48],[-164.8,-54.06],[-164.69,-53.9],[-164.85,-53.64],[-165.58,-53.26],[-165.74,-52.94],[-166.19,-52.9],[-166.48,-52.74],[-166.45,-52.44],[-166.24,-52.46],[-165.82,-52.72],[-165.69,-52.57],[-165.74,-52.35],[-165.5,-52],[-165.78,-51.78],[-165.77,-51.6],[-165.9,-51.47],[-165.74,-51.44],[-165.7,-51.57],[-165.65,-51.33],[-165.35,-51.34],[-165.36,-51.56],[-165.05,-51.6],[-164.7,-51.5],[-164.24,-50.88],[-164.43,-50.78],[-163.99,-50.39],[-163.39,-50.51],[-163.13,-50.3],[-162.77,-50.31],[-162.41,-50.2],[-161.96,-50.18],[-161.77,-49.92],[-162.39,-49.95],[-162.23,-49.68],[-162.3,-49.31],[-162.07,-49.25],[-162.53,-48.88],[-162.09,-48.89],[-162.03,-48.51],[-162.53,-48.6],[-162.77,-48.5],[-163.18,-48.5],[-163.33,-48.35],[-163.12,-48.09],[-163.59,-47.79],[-164.33,-47.76],[-164.26,-47.5],[-164.29,-47.23],[-164.75,-47.17],[-164.99,-46.79],[-164.81,-46.75],[-164.35,-46.81],[-164.11,-46.92],[-163.95,-47.2],[-163.71,-47.19],[-162.85,-47.49],[-162.37,-47.68],[-162.38,-47.93],[-162.15,-48.13],[-160.97,-48.12],[-160.75,-48.07],[-160.41,-48.13],[-160.45,-48.35],[-160.75,-48.26],[-161.47,-48.35],[-161.08,-48.57],[-160.62,-48.65],[-160.7,-48.86],[-160.32,-49.06],[-159.48,-49.1],[-159.26,-49.3],[-158.77,-49.43],[-159.14,-49.7],[-158.98,-49.94],[-158.57,-50.06],[-158.44,-50.32],[-158.98,-50.42],[-159.29,-50.33],[-159.41,-50.14],[-159.84,-49.93],[-160.32,-49.56],[-160.33,-49.3],[-160.7,-49.2],[-160.74,-49.35],[-160.51,-49.5],[-160.61,-49.63],[-161.06,-49.45],[-160.75,-49.85],[-160.03,-50.21],[-159.47,-50.69],[-159.19,-50.71],[-158.54,-51.07],[-158.21,-51.36],[-157.6,-51.59],[-157.41,-51.73],[-156.96,-51.77],[-157.37,-51.46],[-157.71,-51.35],[-157.9,-51.12],[-158.19,-50.99],[-158.41,-50.98],[-158.59,-50.61],[-158.37,-50.46],[-158.18,-50.2],[-157.86,-50.38],[-157.62,-50.13],[-157.41,-50.26],[-157.44,-50.49],[-156.91,-50.45],[-156.48,-50.14],[-156.31,-50.13],[-155.98,-50.34],[-156.02,-50.54],[-155.62,-50.95],[-154.74,-50.97],[-154.59,-50.78],[-154.78,-50.5],[-155.7,-50.36],[-155.76,-50.16],[-155.65,-49.68],[-155.19,-49.64],[-155.67,-49.26],[-156.12,-49.22],[-155.79,-49.55],[-156.1,-49.64],[-156.26,-49.51],[-156.62,-49.56],[-157.09,-49.37],[-157.25,-49.18],[-156.94,-49.01],[-156.93,-48.7],[-157.21,-48.49],[-157.28,-48.33],[-156.99,-48.03],[-156.79,-47.95],[-157.07,-47.98],[-157.22,-47.84],[-157.63,-47.64],[-157.91,-47.64],[-158.19,-47.82],[-158.47,-47.62],[-158.71,-47.62],[-158.65,-47.4],[-159.12,-47.21],[-159.22,-46.9],[-159,-46.63],[-159.24,-46.42],[-158.65,-46.24],[-158.53,-46.03],[-158.37,-45.99],[-158.07,-46.21],[-158.02,-45.84],[-158.33,-45.64],[-158.56,-45.61],[-158.79,-45.32],[-159.2,-45.23],[-159.13,-44.92],[-159.62,-44.65],[-159.96,-44.76],[-159.82,-44.98],[-159.87,-45.12],[-159.36,-45.17],[-159,-45.45],[-159.71,-46],[-160.21,-46.22],[-160.21,-45.94],[-160.53,-45.76],[-160.79,-45.46],[-161.09,-45.53],[-161.57,-44.98],[-161.73,-45.03],[-162.11,-44.84],[-162.13,-44.65],[-161.59,-44.76],[-161.27,-44.64],[-161.08,-44.84],[-160.81,-44.87],[-160.77,-45.15],[-160.9,-45.31],[-160.45,-45.39],[-160.36,-45.57]],[[-165.6,-41.76],[-165.62,-41.64],[-165.31,-41.48],[-165.16,-41.71],[-165.6,-41.76]],[[-162.34,-44.59],[-162.41,-44.86],[-162.68,-44.74],[-162.34,-44.59]],[[-169.64,-44.73],[-169.96,-44.77],[-169.97,-44.59],[-169.65,-44.61],[-169.64,-44.73]],[[-163.54,-43.58],[-163.22,-43.63],[-163.06,-43.88],[-163.53,-43.78],[-163.54,-43.58]],[[-164.72,-43.43],[-164.81,-43.22],[-165.21,-43],[-165.58,-42.98],[-165.66,-42.78],[-165.38,-42.65],[-165.32,-42.47],[-164.79,-42.43],[-164.73,-42.63],[-164.4,-42.75],[-164.16,-43.17],[-164.38,-43.36],[-164.72,-43.43]],[[-164.54,-42.38],[-164.2,-42.24],[-163.97,-42.36],[-164.04,-42.51],[-164.41,-42.5],[-164.54,-42.38]],[[-163.93,-42.7],[-163.8,-42.91],[-164.12,-42.92],[-164.13,-42.73],[-163.93,-42.7]],[[-170.88,-45.23],[-170.64,-45.26],[-170.47,-45.52],[-170.55,-45.62],[-170.93,-45.5],[-170.88,-45.23]],[[-170.92,-45.82],[-170.72,-46.13],[-170.97,-46.26],[-171.16,-46.03],[-170.92,-45.82]],[[-159.37,-46.45],[-159.31,-46.77],[-159.65,-46.82],[-159.72,-46.52],[-159.37,-46.45]],[[-160.92,-46.85],[-160.93,-46.99],[-161.33,-47.11],[-161.44,-46.86],[-161.04,-46.78],[-160.92,-46.85]],[[-160.42,-47.75],[-159.99,-47.53],[-159.72,-47.93],[-159.91,-48.1],[-160.25,-48.07],[-160.42,-47.75],[-160.56,-47.94],[-160.77,-47.79],[-160.59,-47.63],[-160.42,-47.75]],[[-160.71,-47.54],[-160.87,-47.66],[-161.13,-47.54],[-160.84,-47.37],[-160.71,-47.54]],[[-162.34,-47.48],[-162.99,-47.28],[-163.49,-46.93],[-163.19,-46.82],[-163.03,-46.91],[-162.55,-47],[-162.55,-47.16],[-162.35,-47.32],[-162.34,-47.48]],[[-157.86,-47.85],[-157.53,-48.01],[-157.67,-48.19],[-157.9,-48.17],[-158.01,-47.97],[-157.86,-47.85]],[[-165.19,-47.64],[-164.93,-47.84],[-164.74,-47.86],[-164.23,-48.07],[-164.03,-48.07],[-163.87,-48.27],[-163.48,-48.25],[-163.55,-48.45],[-162.65,-48.91],[-162.46,-49.11],[-162.67,-49.2],[-162.92,-49.06],[-163.34,-49.19],[-163.66,-49.13],[-163.65,-48.92],[-164.17,-48.93],[-164.36,-48.55],[-164.3,-48.35],[-164.71,-48.32],[-164.76,-48.12],[-165.1,-47.94],[-165.45,-47.89],[-165.58,-47.76],[-165.49,-47.55],[-165.19,-47.64]],[[-163.94,-49.2],[-164.35,-49.27],[-164.28,-48.94],[-163.94,-49.2]],[[-164.85,-49.17],[-165.31,-48.67],[-164.8,-48.78],[-164.5,-49.07],[-164.85,-49.17]],[[-165.48,-48.23],[-165.71,-48.09],[-165.51,-47.91],[-165.32,-48.05],[-165.48,-48.23]],[[-164.63,-50.03],[-164.27,-50.05],[-164.28,-50.35],[-164.67,-50.28],[-164.63,-50.03]],[[-169.63,-50.88],[-169.61,-51.19],[-169.2,-51.35],[-169.19,-51.16],[-168.95,-51.13],[-168.79,-51.34],[-168.76,-51.77],[-168.2,-51.9],[-168.14,-52.05],[-168.56,-52.03],[-168.73,-51.95],[-169.12,-52.01],[-169.3,-51.86],[-169.87,-51.62],[-170.14,-51.82],[-170.31,-51.49],[-170.02,-51.27],[-169.94,-50.98],[-169.63,-50.88]],[[-172.3,-52.32],[-172.69,-52.18],[-172.38,-52.06],[-172.3,-52.32]],[[-171.38,-52.66],[-170.71,-52.9],[-171.02,-53.2],[-170.9,-53.44],[-171.05,-53.53],[-171.47,-53.39],[-171.87,-53],[-171.56,-52.88],[-171.38,-52.66]],[[-168.39,-53.06],[-168.26,-52.91],[-167.9,-53.06],[-167.52,-53.03],[-167.54,-53.23],[-167.77,-53.36],[-168.04,-53.31],[-168.39,-53.06]],[[-179.3,-52.73],[-179.45,-52.87],[-179.71,-52.78],[-179.59,-52.63],[-179.3,-52.73]],[[-173.7,-51.38],[-173.93,-51.23],[-173.76,-51.1],[-173.51,-51.19],[-173.7,-51.38]],[[-171.71,-51.02],[-171.43,-50.83],[-171.35,-51.15],[-171.74,-51.44],[-171.94,-51.27],[-171.71,-51.02]],[[-171.34,-50.82],[-171.34,-50.64],[-171.64,-50.62],[-171.55,-50.38],[-171.31,-50.38],[-170.76,-50.62],[-170.78,-50.98],[-171.06,-51.06],[-171.34,-50.82]],[[-165.73,-50.08],[-165.72,-50.21],[-166.01,-50.38],[-166.16,-50.14],[-165.73,-50.08]],[[-168.92,-53.79],[-169.07,-54.18],[-169.46,-54.08],[-168.92,-53.79]],[[-176.6,-56.18],[-176.21,-56.24],[-176.29,-56.47],[-176.72,-56.35],[-176.6,-56.18]]]},"properties":{"scalerank":0,"featurecla":"Bathymetry","depth":5000}},
{"type":"Feature","geometry":{"type":"Polygon","coordinates":[[[-158.19,-50.99],[-158.16,-50.99],[-158.17,-50.98],[-158.19,-50.99]]]},"properties":{"scalerank":0,"featurecla":"Bathymetry","depth":5000}},
{"type":"Feature","geometry":null,"properties":{"scalerank":0,"featurecla":"Bathymetry","depth":5000}},
{"type":"Feature","geometry":null,"properties":{"scalerank":0,"featurecla":"Bathymetry","depth":5000}},
{"type":"Feature","geometry":{"type":"Polygon","coordinates":[[[-179.7,-57.06],[-180,-57],[-180,-57.34],[-179.85,-57.29],[-179.92,-57.12],[-179.7,-57.06]]]},"properties":{"scalerank":0,"featurecla":"Bathymetry","depth":5000}},
{"type":"Feature","geometry":{"type":"Polygon","coordinates":[[[-179.96,-58.72],[-179.92,-58.9],[-179.79,-58.74],[-179.96,-58.72]]]},"properties":{"scalerank":0,"featurecla":"Bathymetry","depth":5000}},
{"type":"Feature","geometry":{"type":"Polygon","coordinates":[[[-178.48,-58.14],[-178.63,-58.15],[-178.62,-58.25],[-178.43,-58.24],[-178.48,-58.14]]]},"properties":{"scalerank":0,"featurecla":"Bathymetry","depth":5000}},
{"type":"Feature","geometry":{"type":"Polygon","coordinates":[[[-179.96,-57.81],[-179.7,-57.89],[-179.27,-58.36],[-178.69,-58.73],[-178.5,-58.65],[-179.16,-58.38],[-179.16,-58.13],[-179.62,-57.77],[-179.96,-57.81]]]},"properties":{"scalerank":0,"featurecla":"Bathymetry","depth":5000}},
{"type":"Feature","geometry":{"type":"Polygon","coordinates":[[[-179.02,-56.91],[-179.23,-57.22],[-178.94,-57.36],[-179.02,-56.91]]]},"properties":{"scalerank":0,"featurecla":"Bathymetry","depth":5000}},
{"type":"Feature","geometry":{"type":"Polygon","coordinates":[[[-179.69,17.02],[-179.62,17.06],[-179.76,17.18],[-179.85,17.15],[-179.69,17.02]]]},"properties":{"scalerank":0,"featurecla":"Bathymetry","depth":5000}},
{"type":"Feature","geometry":{"type":"Polygon","coordinates":[[[-178.78,20.33],[-178.91,20.27],[-178.74,20.21],[-178.78,20.33]]]},"properties":{"scalerank":0,"featurecla":"Bathymetry","depth":5000}},
{"type":"Feature","geometry":{"type":"Polygon","coordinates":[[[-178.31,20.64],[-178.5,20.7],[-178.6,20.5],[-178.37,20.55],[-178.31,20.64]]]},"properties":{"scalerank":0,"featurecla":"Bathymetry","depth":5000}},
{"type":"Feature","geometry":{"type":"Polygon","coordinates":[[[-178.87,35.9],[-179.14,36.16],[-179.22,36],[-178.87,35.9]]]},"properties":{"scalerank":0,"featurecla":"Bathymetry","depth":5000}},
{"type":"Feature","geometry":{"type":"Polygon","coordinates":[[[-179.44,49.4],[-179.37,49.5],[-179.62,49.53],[-179.44,49.4]]]},"properties":{"scalerank":0,"featurecla":"Bathymetry","depth":5000}},
{"type":"Feature","geometry":null,"properties":{"scalerank":0,"featurecla":"Bathymetry","depth":5000}},
{"type":"Feature","geometry":{"type":"Polygon","coordinates":[[[-178.11,50.87],[-178.33,50.91],[-178.56,50.81],[-178.32,50.76],[-178.11,50.87]]]},"properties":{"scalerank":0,"featurecla":"Bathymetry","depth":5000}},
{"type":"Feature","geometry":{"type":"Polygon","coordinates":[[[-25.54,-53.76],[-25.6,-53.58],[-25.95,-53.52],[-26.16,-53.76],[-28.16,-53.83],[-28.86,-54.04],[-29.35,-54.34],[-29.8,-54.37],[-30.14,-54.29],[-30.81,-54.31],[-31.37,-54.26],[-31.47,-54.46],[-31.78,-54.67],[-32.02,-54.62],[-32.18,-54.43],[-33.04,-54.5],[-33.4,-54.63],[-33.28,-54.82],[-32.92,-55.05],[-32.58,-54.97],[-31.88,-55.05],[-31.66,-54.96],[-31.08,-54.98],[-30.69,-55.26],[-30.24,-55.11],[-29.9,-55.25],[-28.91,-55.21],[-28.58,-55.32],[-27.41,-55.45],[-26.96,-55.57],[-26.11,-56.06],[-25.88,-56.35],[-25.49,-56.5],[-25.05,-56.92],[-24.6,-57.03],[-24.31,-57.5],[-23.98,-58.55],[-24.15,-58.83],[-24.11,-59],[-24.26,-59.33],[-24.54,-59.57],[-24.45,-59.73],[-24.93,-60.02],[-25.02,-60.19],[-25.36,-60.26],[-25.41,-60.41],[-26.27,-60.67],[-25.81,-60.7],[-25.73,-60.53],[-25.07,-60.52],[-24.79,-60.29],[-24.42,-60.17],[-24.1,-60.24],[-23.86,-60.08],[-23.67,-59.79],[-23.95,-59.62],[-23.84,-59.49],[-23.41,-59.46],[-23.37,-59.32],[-23.61,-59.14],[-23.21,-58.85],[-23.3,-58.58],[-23.07,-58.45],[-23.4,-58.05],[-23,-57.95],[-23.52,-57.38],[-23.45,-56.9],[-23.26,-56.81],[-24.03,-56.5],[-24.3,-56.12],[-24.96,-55.49],[-25.34,-55.42],[-25.45,-54.96],[-26.16,-54.62],[-26.1,-54.38],[-25.56,-54.05],[-25.54,-53.76]]]},"properties":{"scalerank":0,"featurecla":"Bathymetry","depth":5000}},
{"type":"Feature","geometry":{"type":"Polygon","coordinates":[[[-163.54,-55.61],[-164.11,-55.51],[-164.3,-55.65],[-163.9,-55.82],[-163.54,-55.61]]]},"properties":{"scalerank":0,"featurecla":"Bathymetry","depth":5000}},
{"type":"Feature","geometry":{"type":"Polygon","coordinates":[[[35.84,-50.22],[35.06,-50.21],[34.79,-50.1],[34.39,-50.12],[34.24,-50.34],[34.46,-50.68],[34.76,-50.73],[34.78,-51.29],[34.58,-51.46],[34.46,-51.78],[34.97,-51.65],[34.84,-51.51],[34.94,-51.03],[34.83,-50.87],[35.14,-50.76],[34.82,-50.45],[35.19,-50.27],[35.61,-50.32],[35.84,-50.22]]]},"properties":{"scalerank":0,"featurecla":"Bathymetry","depth":5000}},
{"type":"Feature","geometry":{"type":"Polygon","coordinates":[[[-130.87,-39.54],[-131.23,-39.57],[-131.44,-39.71],[-131.31,-39.97],[-131.12,-39.9],[-130.87,-39.54]]]},"properties":{"scalerank":0,"featurecla":"Bathymetry","depth":5000}},
{"type":"Feature","geometry":{"type":"Polygon","coordinates":[[[118.9,-38.33],[118.6,-38.35],[118.42,-38.62],[118.55,-38.92],[118.42,-39.12],[118.83,-39.07],[118.95,-38.49],[118.9,-38.33]]]},"properties":{"scalerank":0,"featurecla":"Bathymetry","depth":5000}},
{"type":"Feature","geometry":{"type":"Polygon","coordinates":[[[59.74,-32.76],[59.47,-32.45],[59.46,-33.25],[59.38,-33.65],[59.15,-34.33],[58.93,-34.72],[59.11,-34.89],[59.33,-34.92],[59.41,-35.18],[59.29,-35.32],[59.05,-35.38],[58.88,-35.28],[58.65,-35.34],[58.68,-35.59],[58.54,-35.86],[58.97,-35.71],[59.31,-35.48],[59.55,-35.22],[59.54,-35.06],[59.8,-34.72],[59.98,-34.78],[59.98,-35.11],[59.64,-35.28],[59.65,-35.48],[59.84,-35.66],[60.2,-35.77],[60.23,-35.24],[60.45,-35.15],[60.65,-34.85],[60.5,-34.48],[60.18,-34.66],[60.17,-34.41],[60.42,-34.26],[60.17,-34.16],[59.88,-34.25],[59.79,-34.67],[59.21,-34.84],[59.08,-34.73],[59.22,-34.25],[59.47,-33.84],[59.54,-33.5],[59.57,-33.1],[59.74,-32.76]]]},"properties":{"scalerank":0,"featurecla":"Bathymetry","depth":5000}},
{"type":"Feature","geometry":{"type":"Polygon","coordinates":[[[-25.39,-28.49],[-25.49,-28.78],[-25.71,-28.78],[-25.68,-28.54],[-25.8,-28.39],[-25.63,-28.26],[-25.23,-28.26],[-25.1,-28.05],[-24.91,-28.18],[-24.78,-28.39],[-24.56,-28.09],[-24.56,-27.89],[-24.96,-27.77],[-26.4,-27.79],[-26.74,-27.84],[-28.24,-27.88],[-27.49,-27.94],[-27.48,-28.04],[-27.92,-28.17],[-28.32,-28.1],[-28.49,-28.19],[-28.39,-28.34],[-28.16,-28.28],[-27.74,-28.31],[-27.56,-28.21],[-27.27,-28.26],[-27.16,-28.41],[-26.96,-28.31],[-26.99,-28.13],[-26.66,-27.91],[-26.5,-28.09],[-26.21,-28.01],[-26.08,-28.1],[-26.1,-28.34],[-25.85,-28.49],[-26.03,-28.75],[-26.63,-28.49],[-26.8,-28.63],[-27.29,-28.63],[-27.5,-28.59],[-27.89,-28.63],[-28.06,-28.51],[-28.28,-28.57],[-27.23,-28.81],[-27.34,-28.98],[-27.87,-28.96],[-27.81,-29.15],[-27.28,-29.2],[-27.12,-29.33],[-26.84,-29.3],[-26.66,-29.16],[-26.47,-29.33],[-26.23,-29.3],[-26.01,-28.92],[-25.72,-28.87],[-25.36,-28.92],[-25.43,-28.71],[-25.39,-28.49]],[[-26.38,-28.87],[-26.24,-29.06],[-26.54,-29.2],[-26.61,-28.97],[-26.86,-28.96],[-27.18,-28.83],[-26.51,-28.67],[-26.38,-28.87]],[[-25.26,-28.06],[-25.49,-28.15],[-25.78,-27.88],[-25.49,-27.87],[-25.26,-28.06]]]},"properties":{"scalerank":0,"featurecla":"Bathymetry","depth":5000}},
{"type":"Feature","geometry":{"type":"Polygon","coordinates":[[[78.05,-16.11],[78.31,-16.09],[78.4,-15.84],[78.62,-15.78],[78.85,-15.86],[78.85,-15.64],[79.34,-15.66],[79.49,-15.86],[79.88,-15.58],[79.87,-15.41],[80.01,-15.19],[80.27,-15.26],[80.38,-14.81],[80.14,-14.67],[80.04,-14.87],[79.78,-14.95],[79.63,-15.19],[79.38,-15.28],[79.2,-15.46],[79.03,-15.5],[78.88,-15.07],[78.7,-15.22],[78.43,-15.19],[78.12,-15.42],[78.21,-15.7],[78.11,-15.84],[78.05,-16.11]]]},"properties":{"scalerank":0,"featurecla":"Bathymetry","depth":5000}},
{"type":"Feature","geometry":{"type":"Polygon","coordinates":[[[131.13,-4.84],[130.57,-4.29],[130.49,-4.42],[130.63,-5.02],[130.58,-5.23],[130.72,-5.49],[130.7,-5.8],[130.49,-6.18],[130.14,-6.66],[130.25,-7.1],[130.6,-6.69],[130.73,-6.62],[130.9,-6.72],[130.96,-6.46],[131.3,-6.55],[131.43,-6.42],[131.42,-6.27],[131.6,-6.08],[131.8,-5.79],[131.71,-5.47],[131.56,-5.34],[131.35,-4.81],[131.13,-4.84]]]},"properties":{"scalerank":0,"featurecla":"Bathymetry","depth":5000}},
{"type":"Feature","geometry":{"type":"Polygon","coordinates":[[[124.91,-2.97],[125.1,-3.25],[125.3,-3.24],[125.38,-3.38],[125.61,-3.53],[125.66,-3.23],[125.37,-2.99],[124.91,-2.97]]]},"properties":{"scalerank":0,"featurecla":"Bathymetry","depth":5000}},
{"type":"Feature","geometry":{"type":"Polygon","coordinates":[[[-7.92,2.55],[-8.17,2.44],[-8.47,2.4],[-8.46,2.23],[-8.69,2.18],[-8.72,2.02],[-8.97,2],[-9.07,1.87],[-9.34,1.76],[-9.63,1.75],[-9.78,1.67],[-10.03,1.7],[-10.36,1.58],[-10.64,1.65],[-10.8,1.53],[-11.06,1.53],[-11.28,1.44],[-11.8,1.46],[-12.21,1.29],[-12.87,1.3],[-12.91,1.11],[-12.56,1.09],[-12.25,1.2],[-11.78,1.15],[-11.54,1.25],[-11.3,1.22],[-10.83,1.34],[-10.64,1.32],[-9.65,1.51],[-9.14,1.58],[-8.18,1.87],[-7.97,1.9],[-7.49,2.16],[-7.78,2.26],[-7.87,2.15],[-8.06,2.18],[-7.92,2.55]]]},"properties":{"scalerank":0,"featurecla":"Bathymetry","depth":5000}},
{"type":"Feature","geometry":{"type":"Polygon","coordinates":[[[123.56,3.45],[123.49,3.33],[123.25,3.34],[123.07,3.6],[122.95,3.39],[122.74,3.31],[122.7,3.2],[122.41,3.16],[122.25,3.23],[121.89,3.27],[121.47,3.24],[121.41,3.11],[121.2,3.16],[120.81,3.02],[120.69,2.85],[120.42,2.66],[120.28,2.38],[120.14,2.45],[119.86,2.3],[119.67,2.38],[119.59,2.22],[119.34,2.19],[119.3,1.99],[119.83,2.02],[119.96,2.12],[120.27,2.11],[120.53,2.23],[121.36,2.29],[121.54,2.2],[121.92,2.23],[122.26,2.11],[123.1,1.97],[123.52,1.78],[123.74,1.78],[123.9,1.69],[124.11,1.87],[124.15,2.01],[124.01,2.19],[123.73,2.23],[123.63,2.55],[123.46,2.5],[123.37,2.65],[123.11,2.74],[123.51,2.98],[123.17,3.07],[123.17,3.27],[123.52,3.22],[123.56,3.45]]]},"properties":{"scalerank":0,"featurecla":"Bathymetry","depth":5000}},
{"type":"Feature","geometry":{"type":"Polygon","coordinates":[[[124.73,5.42],[124.21,5.48],[123.91,5.09],[124.05,4.73],[124.19,4.61],[124.42,4.59],[124.65,5.11],[124.87,4.66],[125.17,4.9],[125.1,5.1],[124.73,5.42]]]},"properties":{"scalerank":0,"featurecla":"Bathymetry","depth":5000}},
{"type":"Feature","geometry":{"type":"Polygon","coordinates":[[[-137.66,11.86],[-137.93,11.95],[-138.01,11.82],[-137.76,11.72],[-137.66,11.86]]]},"properties":{"scalerank":0,"featurecla":"Bathymetry","depth":5000}},
{"type":"Feature","geometry":{"type":"Polygon","coordinates":[[[-137.68,12.56],[-137.7,12.4],[-138.14,12.48],[-138.19,12.22],[-138.03,12.09],[-137.82,12.33],[-137.35,12.21],[-137.21,12.26],[-137.14,12.46],[-137.35,12.48],[-137.57,12.32],[-137.68,12.56]]]},"properties":{"scalerank":0,"featurecla":"Bathymetry","depth":5000}},
{"type":"Feature","geometry":{"type":"Polygon","coordinates":[[[136.56,18.22],[136.29,18.16],[136.01,17.9],[135.89,17.67],[135.81,17.08],[135.99,17],[136.17,17.32],[136.42,17.52],[136.45,17.94],[136.4,18.11],[136.56,18.22]]]},"properties":{"scalerank":0,"featurecla":"Bathymetry","depth":5000}},
{"type":"Feature","geometry":{"type":"Polygon","coordinates":[[[-75.79,19.61],[-76.02,19.63],[-76.18,19.79],[-76.77,19.77],[-77.4,19.64],[-77.72,19.63],[-78.19,19.55],[-78.19,19.4],[-78.44,19.34],[-78.78,19.42],[-79.41,19.32],[-79.74,19.42],[-80.06,19.25],[-80.85,19],[-80.42,18.97],[-79.86,19.08],[-79.7,19.03],[-79.34,19.08],[-79.08,18.75],[-78.87,18.81],[-78.6,18.73],[-78.16,18.91],[-77.85,18.94],[-77.81,18.8],[-77.47,18.82],[-77.34,19.1],[-77.38,19.42],[-76.8,19.58],[-76.59,19.4],[-76.19,19.54],[-76.05,19.49],[-75.79,19.61]]]},"properties":{"scalerank":0,"featurecla":"Bathymetry","depth":5000}},
{"type":"Feature","geometry":{"type":"Polygon","coordinates":[[[-62.93,34.61],[-63.19,34.44],[-63.24,34.2],[-63.02,33.96],[-62.88,34.42],[-62.93,34.61]]]},"properties":{"scalerank":0,"featurecla":"Bathymetry","depth":5000}},
{"type":"Feature","geometry":{"type":"Polygon","coordinates":[[[-13.92,-66.38],[-14.1,-66.27],[-14.16,-66.17],[-14.59,-66.19],[-14.59,-66.24],[-14.24,-66.26],[-13.92,-66.38]]]},"properties":{"scalerank":0,"featurecla":"Bathymetry","depth":5000}},
{"type":"Feature","geometry":{"type":"Polygon","coordinates":[[[11.07,-64.53],[10.78,-64.44],[10.7,-64.54],[11.07,-64.53]]]},"properties":{"scalerank":0,"featurecla":"Bathymetry","depth":5000}},
{"type":"Feature","geometry":{"type":"Polygon","coordinates":[[[-24.04,-64.53],[-24.15,-64.45],[-24.35,-64.45],[-24.27,-64.57],[-24.04,-64.53]]]},"properties":{"scalerank":0,"featurecla":"Bathymetry","depth":5000}},
{"type":"Feature","geometry":{"type":"Polygon","coordinates":[[[-128.64,-63.73],[-128.52,-63.84],[-128.48,-63.98],[-128.3,-63.86],[-128.64,-63.73]]]},"properties":{"scalerank":0,"featurecla":"Bathymetry","depth":5000}},
{"type":"Feature","geometry":{"type":"Polygon","coordinates":[[[-23.59,-64.61],[-23.72,-64.7],[-23.02,-64.93],[-22.45,-65.39],[-21.96,-65.38],[-21.83,-65.2],[-21.36,-64.9],[-21.62,-64.73],[-22.08,-64.7],[-22.14,-64.48],[-21.4,-64.47],[-21.05,-64.57],[-21.09,-64.2],[-21.7,-64.15],[-22.24,-63.96],[-21.61,-63.68],[-21.68,-63.5],[-22.26,-63.38],[-22.7,-63.58],[-22.42,-63.82],[-22.87,-63.94],[-22.82,-64.2],[-22.36,-64.19],[-22.26,-64.35],[-22.68,-64.68],[-23.08,-64.55],[-23.59,-64.61]]]},"properties":{"scalerank":0,"featurecla":"Bathymetry","depth":5000}},
{"type":"Feature","geometry":{"type":"Polygon","coordinates":[[[-34.52,-63.13],[-34.48,-63.17],[-34.22,-63.19],[-34.15,-63.24],[-34.03,-63.22],[-34.39,-63.14],[-34.52,-63.13]]]},"properties":{"scalerank":0,"featurecla":"Bathymetry","depth":5000}},
{"type":"Feature","geometry":{"type":"Polygon","coordinates":[[[-125.64,-62.9],[-125.96,-63.28],[-125.62,-63.43],[-125.27,-63.11],[-125.64,-62.9]]]},"properties":{"scalerank":0,"featurecla":"Bathymetry","depth":5000}},
{"type":"Feature","geometry":{"type":"Polygon","coordinates":[[[-26.1,-62.8],[-26.19,-62.96],[-25.94,-62.97],[-26.1,-62.8]]]},"properties":{"scalerank":0,"featurecla":"Bathymetry","depth":5000}},
{"type":"Feature","geometry":{"type":"Polygon","coordinates":[[[-135.19,-63],[-134.96,-62.82],[-134.64,-62.75],[-134.78,-62.52],[-135,-62.52],[-135.05,-62.83],[-135.19,-63]]]},"properties":{"scalerank":0,"featurecla":"Bathymetry","depth":5000}},
{"type":"Feature","geometry":{"type":"Polygon","coordinates":[[[-24.43,-62.47],[-25.06,-62.29],[-25.55,-62.47],[-26.17,-62.31],[-26.54,-62.41],[-25.61,-62.64],[-24.65,-62.71],[-24.66,-62.93],[-25.57,-62.83],[-25.39,-63.07],[-24.77,-63.26],[-24.45,-63.22],[-24.64,-62.97],[-23.81,-62.98],[-23.66,-63.21],[-22.89,-62.87],[-23.61,-62.61],[-23.92,-62.67],[-24.43,-62.47]]]},"properties":{"scalerank":0,"featurecla":"Bathymetry","depth":5000}},
{"type":"Feature","geometry":{"type":"Polygon","coordinates":[[[11.64,-61.84],[11.54,-61.69],[11.29,-61.69],[11.5,-61.91],[11.64,-61.84]]]},"properties":{"scalerank":0,"featurecla":"Bathymetry","depth":5000}},
{"type":"Feature","geometry":{"type":"Polygon","coordinates":[[[175.22,-61.33],[175.15,-61.36],[175.45,-61.46],[175.42,-61.35],[175.22,-61.33]]]},"properties":{"scalerank":0,"featurecla":"Bathymetry","depth":5000}},
{"type":"Feature","geometry":{"type":"Polygon","coordinates":[[[-58.07,-60.86],[-58.13,-60.96],[-57.48,-60.83],[-57.78,-60.82],[-58.07,-60.86]]]},"properties":{"scalerank":0,"featurecla":"Bathymetry","depth":5000}},
{"type":"Feature","geometry":{"type":"Polygon","coordinates":[[[-118.87,-60.74],[-119.11,-60.81],[-119.26,-60.74],[-119.54,-60.75],[-119.59,-60.98],[-119.33,-60.84],[-119.06,-60.86],[-118.87,-60.74]]]},"properties":{"scalerank":0,"featurecla":"Bathymetry","depth":5000}},
{"type":"Feature","geometry":{"type":"Polygon","coordinates":[[[-9.95,-60.56],[-10.2,-60.72],[-9.91,-60.91],[-10.27,-61.26],[-9.94,-61.39],[-9.66,-61.3],[-9.7,-61.11],[-9.45,-60.89],[-9.95,-60.56]]]},"properties":{"scalerank":0,"featurecla":"Bathymetry","depth":5000}},
{"type":"Feature","geometry":{"type":"Polygon","coordinates":[[[-118.4,-59.99],[-118.3,-60.06],[-117.84,-60.17],[-117.68,-60.3],[-117.62,-60.28],[-117.8,-60.14],[-118.01,-60.07],[-118.25,-60.05],[-118.4,-59.99]]]},"properties":{"scalerank":0,"featurecla":"Bathymetry","depth":5000}},
{"type":"Feature","geometry":{"type":"Polygon","coordinates":[[[-94.05,-59.95],[-94.42,-59.89],[-94.61,-60.04],[-94.35,-60.1],[-94.29,-59.95],[-94.05,-59.95]]]},"properties":{"scalerank":0,"featurecla":"Bathymetry","depth":5000}},
{"type":"Feature","geometry":{"type":"Polygon","coordinates":[[[-91,-59.77],[-90.46,-60.1],[-90.39,-60.41],[-89.62,-60.55],[-89.73,-60.34],[-89.06,-60.36],[-88.9,-60.29],[-88.22,-60.29],[-87.55,-60.38],[-87.62,-60.12],[-87.94,-59.97],[-88.32,-60.05],[-90.12,-59.96],[-90.26,-59.83],[-91,-59.77]]]},"properties":{"scalerank":0,"featurecla":"Bathymetry","depth":5000}},
{"type":"Feature","geometry":{"type":"Polygon","coordinates":[[[-100.79,-59.52],[-100.87,-59.48],[-101.06,-59.59],[-100.81,-59.63],[-100.79,-59.52]]]},"properties":{"scalerank":0,"featurecla":"Bathymetry","depth":5000}},
{"type":"Feature","geometry":{"type":"Polygon","coordinates":[[[-117.09,-59.39],[-117.24,-59.53],[-116.8,-59.57],[-116.84,-59.45],[-117.09,-59.39]]]},"properties":{"scalerank":0,"featurecla":"Bathymetry","depth":5000}},
{"type":"Feature","geometry":{"type":"Polygon","coordinates":[[[-162.02,-59.18],[-161.66,-59.28],[-161.59,-59.2],[-161.8,-59.21],[-162.02,-59.18]]]},"properties":{"scalerank":0,"featurecla":"Bathymetry","depth":5000}},
{"type":"Feature","geometry":{"type":"Polygon","coordinates":[[[-76.79,-59.19],[-77.1,-59.14],[-77.12,-59.23],[-76.79,-59.19]]]},"properties":{"scalerank":0,"featurecla":"Bathymetry","depth":5000}},
{"type":"Feature","geometry":{"type":"Polygon","coordinates":[[[-96.34,-58.62],[-96.27,-58.77],[-96.07,-58.7],[-96.34,-58.62]]]},"properties":{"scalerank":0,"featurecla":"Bathymetry","depth":5000}},
{"type":"Feature","geometry":{"type":"Polygon","coordinates":[[[175.79,-58.38],[175.58,-58.59],[175.91,-59.02],[176.14,-59.19],[176.38,-59.06],[176.2,-58.83],[176.49,-58.77],[176.23,-58.55],[175.79,-58.38]]]},"properties":{"scalerank":0,"featurecla":"Bathymetry","depth":5000}},
{"type":"Feature","geometry":{"type":"Polygon","coordinates":[[[175.43,-58.52],[175.51,-58.34],[175.26,-58.37],[175.43,-58.52]]]},"properties":{"scalerank":0,"featurecla":"Bathymetry","depth":5000}},
{"type":"Feature","geometry":{"type":"Polygon","coordinates":[[[-98.51,-58.28],[-98.45,-58.38],[-97.94,-58.5],[-97.85,-58.56],[-97.8,-58.78],[-97.56,-58.53],[-97.59,-58.48],[-98.28,-58.39],[-98.51,-58.28]]]},"properties":{"scalerank":0,"featurecla":"Bathymetry","depth":5000}},
{"type":"Feature","geometry":{"type":"Polygon","coordinates":[[[162.27,-58.29],[162.17,-58.27],[162.1,-58.46],[162.28,-58.34],[162.27,-58.29]]]},"properties":{"scalerank":0,"featurecla":"Bathymetry","depth":5000}},
{"type":"Feature","geometry":{"type":"Polygon","coordinates":[[[-165.96,-58.3],[-166.17,-58.18],[-166.34,-58.21],[-166.04,-58.3],[-165.96,-58.3]]]},"properties":{"scalerank":0,"featurecla":"Bathymetry","depth":5000}},
{"type":"Feature","geometry":{"type":"Polygon","coordinates":[[[-101.43,-62.88],[-101.56,-63.21],[-102.17,-62.45],[-102.42,-62.33],[-102.39,-61.88],[-102.11,-61.92],[-101.69,-61.82],[-101.71,-61.61],[-102.12,-61.54],[-102.5,-61.34],[-103.2,-61.16],[-102.75,-61.04],[-102.39,-61.2],[-101.93,-61.18],[-101.46,-61.43],[-101.09,-61.97],[-101.55,-61.98],[-101.21,-62.35],[-100.67,-62.42],[-100.46,-62.35],[-100.84,-62.1],[-100.05,-62.08],[-100.01,-61.88],[-99.06,-62.08],[-98.99,-62.26],[-98.12,-62.3],[-97.8,-62.5],[-98.02,-62.69],[-98.42,-62.78],[-98.76,-63.07],[-98.45,-63.5],[-97.6,-63.42],[-97.15,-63.46],[-97.18,-63.12],[-96.74,-63.19],[-95.78,-63.07],[-95.11,-62.8],[-95.14,-62.62],[-94.63,-62.55],[-94.25,-61.97],[-94.42,-61.85],[-95.18,-61.77],[-95.18,-61.54],[-95.76,-61.38],[-97.05,-61.68],[-97.13,-61.36],[-96.75,-61.15],[-97.43,-61.07],[-97.89,-60.94],[-97.84,-60.76],[-98.33,-60.65],[-98.89,-60.6],[-99.23,-60.26],[-99.18,-60.06],[-98.93,-59.85],[-98.35,-59.92],[-97.75,-60.23],[-97.44,-60.24],[-96.54,-60.07],[-96.38,-60.21],[-96.55,-60.43],[-97.32,-60.43],[-96.68,-60.76],[-96.29,-60.89],[-95.73,-60.97],[-95.56,-61.17],[-94.96,-61.38],[-94.73,-61.21],[-94.25,-61.1],[-94.64,-60.92],[-94.75,-60.69],[-94.2,-60.7],[-93.67,-60.88],[-93.26,-61.22],[-92.78,-61.22],[-92.74,-60.97],[-93.52,-60.92],[-93.64,-60.67],[-93.98,-60.55],[-94.42,-60.6],[-94.59,-60.48],[-95.04,-60.6],[-95.5,-60.34],[-95.22,-60.25],[-95.27,-60.09],[-96.01,-60.1],[-95.84,-60.48],[-96.33,-60.39],[-96.22,-60.02],[-96.62,-60.02],[-97,-59.73],[-97.2,-60.09],[-97.64,-60.11],[-97.7,-59.88],[-98.1,-59.76],[-98.7,-59.73],[-99.15,-59.57],[-99.26,-60.07],[-99.7,-60.28],[-100.2,-60.1],[-100.51,-60.21],[-101.09,-60.1],[-101.29,-60.21],[-101.76,-59.89],[-102.45,-59.67],[-102.9,-59.65],[-103.08,-59.55],[-103.62,-59.48],[-104.52,-59.2],[-105.14,-59.22],[-105.05,-59.4],[-105.4,-59.57],[-105.64,-59.48],[-105.42,-59.29],[-105.43,-58.99],[-105.87,-58.85],[-106.01,-58.68],[-106.78,-58.54],[-107.26,-58.51],[-108.05,-58.3],[-108.38,-58.32],[-107.79,-58.61],[-107.54,-58.6],[-107.22,-58.88],[-107.16,-59.11],[-106.66,-59.07],[-106.32,-59.39],[-106.14,-59.37],[-105.73,-59.59],[-105.36,-59.59],[-105.12,-59.76],[-104.47,-59.86],[-104.28,-60.01],[-104.47,-60.18],[-104.74,-60.18],[-104.84,-60.45],[-105.24,-60.6],[-105.41,-60.45],[-105.96,-60.34],[-106.52,-60.08],[-106.87,-60.11],[-107.52,-59.88],[-107.75,-59.92],[-108.31,-59.81],[-108.71,-59.9],[-109.12,-59.83],[-108.96,-59.64],[-109.33,-59.39],[-110.11,-59.21],[-110.59,-58.99],[-111.12,-58.94],[-111.68,-58.73],[-112.06,-58.69],[-112.43,-58.49],[-112.94,-58.41],[-113.94,-58.09],[-114.24,-58.46],[-114.73,-58.8],[-115.21,-58.66],[-115.07,-58.98],[-115.37,-59.17],[-114.86,-59.45],[-114.97,-59.8],[-115.63,-59.83],[-115.82,-59.96],[-116.41,-60.06],[-116.59,-60.41],[-116.32,-60.64],[-116.43,-60.79],[-116.28,-61.1],[-116.66,-61.16],[-116.96,-61.41],[-117.37,-61.39],[-117.9,-61.05],[-117.81,-60.77],[-118.27,-60.44],[-118.36,-60.68],[-118.05,-61.01],[-118.15,-61.3],[-118.03,-61.66],[-118.32,-61.73],[-118.65,-61.41],[-119.06,-61.25],[-118.57,-61.09],[-118.95,-60.99],[-119.2,-61.34],[-118.79,-61.42],[-118.73,-61.59],[-119.07,-61.76],[-119.53,-61.72],[-119.53,-61.38],[-119.91,-61.4],[-119.82,-61.7],[-119.46,-61.9],[-118.73,-61.82],[-118.24,-62.15],[-116.91,-62.47],[-116.79,-62.81],[-116.95,-63.03],[-117.33,-63.13],[-117.55,-62.98],[-117.91,-62.93],[-118.34,-62.64],[-118.93,-62.51],[-119.1,-62.71],[-119.86,-62.36],[-120.11,-62.34],[-120.49,-62.05],[-120.38,-61.82],[-121.27,-61.56],[-121.6,-61.64],[-122.38,-61.21],[-123.22,-61.1],[-123.94,-60.77],[-124.37,-60.84],[-124.72,-60.71],[-124.68,-60.55],[-125.8,-60.23],[-125.82,-60.42],[-125.45,-60.4],[-125.37,-60.72],[-125.8,-60.85],[-125.15,-60.93],[-125.21,-61.1],[-124.7,-61.28],[-123.73,-61.28],[-123.65,-61.51],[-123.21,-61.53],[-123.26,-61.85],[-123.53,-61.99],[-123.84,-61.84],[-124.54,-62.01],[-124.69,-61.91],[-124.56,-61.54],[-125,-61.58],[-124.76,-61.77],[-124.8,-62.18],[-124,-62.29],[-123.72,-62.57],[-124.53,-62.55],[-124.84,-62.4],[-125.09,-62.45],[-125.7,-62.31],[-125.88,-62.04],[-126.16,-62.19],[-125.98,-62.51],[-125.07,-62.71],[-124.32,-62.64],[-124.05,-62.84],[-124.11,-63.15],[-124.55,-63.02],[-125.02,-63.1],[-124.76,-63.37],[-125.27,-63.73],[-124.85,-63.79],[-124.84,-63.94],[-124.31,-64.01],[-123.8,-63.97],[-123.48,-63.69],[-122.95,-63.5],[-123.02,-63.17],[-122.74,-63],[-123.11,-62.68],[-122.98,-62.48],[-123.45,-62.49],[-123.73,-62.29],[-123.37,-62.17],[-123.4,-61.97],[-122.9,-61.85],[-122.44,-61.82],[-122.02,-61.94],[-121.42,-61.94],[-120.89,-62.09],[-120.15,-62.54],[-120.03,-62.79],[-120.38,-63.26],[-120.85,-63.64],[-120.86,-63.94],[-120.22,-64.02],[-119.83,-64.18],[-119.58,-64.4],[-118.87,-64.08],[-119.06,-63.77],[-119.44,-63.69],[-119.21,-63.43],[-118.73,-63.19],[-118.64,-62.98],[-118.05,-63.26],[-117.68,-63.5],[-117.69,-63.66],[-117.17,-63.98],[-116.4,-64.22],[-116.14,-64.18],[-115.51,-64.34],[-115.18,-64.3],[-114.31,-64.58],[-113.62,-64.87],[-113.16,-64.78],[-112.9,-64.61],[-111.96,-64.54],[-111.72,-64.46],[-110.64,-64.8],[-110.18,-64.61],[-109.92,-64.63],[-109.29,-64.49],[-108.66,-64.5],[-108.48,-64.34],[-108.02,-64.33],[-107.55,-64.16],[-106.97,-64.2],[-106.8,-64.52],[-107.39,-64.55],[-107.2,-64.78],[-106.41,-64.8],[-106.6,-64.55],[-106.27,-64.34],[-105.98,-64.34],[-105.6,-64.6],[-104.85,-64.58],[-103.85,-64.84],[-103.89,-64.57],[-103.36,-64.38],[-102.84,-64.1],[-102.76,-63.92],[-102.23,-64.02],[-101.7,-64],[-101.75,-63.86],[-100.62,-63.83],[-100.03,-63.77],[-99.65,-63.58],[-99.68,-63.43],[-100.1,-63.27],[-100.35,-63.33],[-100.69,-63.13],[-101.43,-62.88]],[[-117.03,-61.81],[-117.01,-61.67],[-116.54,-61.57],[-116.5,-61.82],[-116.74,-61.94],[-117.03,-61.81]],[[-116.26,-61.46],[-116.24,-61.32],[-115.83,-61.23],[-115.51,-60.96],[-115.3,-61.13],[-115.51,-61.28],[-115.4,-61.48],[-115.61,-61.66],[-115.9,-61.49],[-116.26,-61.46]],[[-108.05,-60.82],[-108.19,-60.65],[-108.03,-60.44],[-107.54,-60.17],[-107.26,-60.31],[-106.75,-60.43],[-104.93,-61.03],[-104.33,-61.1],[-104.11,-60.92],[-104.83,-60.59],[-104.65,-60.34],[-104.08,-60.16],[-104.21,-60.47],[-103.56,-60.72],[-103.34,-60.96],[-103.68,-61.04],[-103.96,-61.24],[-103.95,-61.43],[-103.62,-61.54],[-103.69,-61.78],[-104.17,-61.64],[-104.82,-61.63],[-105.21,-61.49],[-105.24,-61.33],[-106.02,-61.28],[-106.06,-61.13],[-106.49,-61.13],[-106.73,-61.01],[-107.19,-61.12],[-107.9,-61],[-108.05,-60.82]],[[-115.49,-60.7],[-115.74,-60.58],[-115.64,-60.23],[-115.39,-60.24],[-115.44,-60.49],[-114.52,-60.39],[-114.81,-60.63],[-115.49,-60.7]],[[-116.02,-60.43],[-116.44,-60.36],[-116.47,-60.19],[-116.03,-60.11],[-115.89,-60.26],[-116.02,-60.43]],[[-115.04,-59.95],[-114.54,-59.78],[-114.02,-59.88],[-114.2,-60.08],[-115.04,-59.95]],[[-103.56,-60.17],[-103.9,-60.01],[-103.94,-59.63],[-103.06,-59.71],[-103,-59.9],[-103.22,-60.25],[-103.56,-60.17]],[[-104.26,-59.57],[-104.71,-59.54],[-104.71,-59.36],[-104.26,-59.43],[-104.26,-59.57]],[[-99.14,-61.07],[-98.81,-61.01],[-98.31,-61.23],[-98.42,-61.37],[-98.84,-61.3],[-99.14,-61.07]],[[-103.32,-61.66],[-102.68,-61.62],[-102.66,-61.9],[-103.24,-61.76],[-103.32,-61.66]],[[-105.61,-59.19],[-106.2,-59.14],[-106.42,-58.87],[-105.72,-59.01],[-105.61,-59.19]],[[-114.32,-59.56],[-114.63,-59.67],[-114.79,-59.47],[-114.65,-59.35],[-114.29,-59.38],[-114.32,-59.56]],[[-123.97,-63.48],[-123.77,-63.58],[-124.32,-63.77],[-124.35,-63.55],[-123.97,-63.48]]]},"properties":{"scalerank":0,"featurecla":"Bathymetry","depth":5000}},
{"type":"Feature","geometry":{"type":"Polygon","coordinates":[[[-170.37,-58.02],[-170.62,-58.13],[-170.29,-58.22],[-170.37,-58.02]]]},"properties":{"scalerank":0,"featurecla":"Bathymetry","depth":5000}},
{"type":"Feature","geometry":{"type":"Polygon","coordinates":[[[64.7,-58.13],[64.97,-58.09],[64.79,-57.95],[64.7,-58.13]]]},"properties":{"scalerank":0,"featurecla":"Bathymetry","depth":5000}},
{"type":"Feature","geometry":{"type":"Polygon","coordinates":[[[-170.88,-57.7],[-171.07,-57.75],[-170.91,-57.81],[-170.88,-57.7]]]},"properties":{"scalerank":0,"featurecla":"Bathymetry","depth":5000}},
{"type":"Feature","geometry":{"type":"Polygon","coordinates":[[[-172.61,-57.73],[-172.77,-57.79],[-172.65,-57.9],[-172.61,-57.73]]]},"properties":{"scalerank":0,"featurecla":"Bathymetry","depth":5000}},
{"type":"Feature","geometry":{"type":"Polygon","coordinates":[[[-93.67,-57.61],[-93.59,-57.8],[-93.22,-57.96],[-93.06,-58.45],[-93.2,-58.56],[-93.91,-58.51],[-93.71,-58.7],[-92.99,-58.69],[-92.86,-58.49],[-93,-58.37],[-92.96,-57.89],[-92.82,-57.83],[-92.33,-57.98],[-91.94,-57.87],[-91.36,-57.82],[-91.57,-57.68],[-91.84,-57.75],[-92.65,-57.66],[-92.67,-57.54],[-93.09,-57.41],[-93.67,-57.61]]]},"properties":{"scalerank":0,"featurecla":"Bathymetry","depth":5000}},
{"type":"Feature","geometry":{"type":"Polygon","coordinates":[[[-163.92,-57.49],[-164.15,-57.27],[-164.29,-57.35],[-163.92,-57.49]]]},"properties":{"scalerank":0,"featurecla":"Bathymetry","depth":5000}},
{"type":"Feature","geometry":{"type":"Polygon","coordinates":[[[-163.18,-57.31],[-163.4,-57.18],[-163.46,-57.24],[-163.18,-57.31]]]},"properties":{"scalerank":0,"featurecla":"Bathymetry","depth":5000}},
{"type":"Feature","geometry":{"type":"Polygon","coordinates":[[[60.63,-56.85],[60.74,-56.93],[60.82,-56.83],[60.63,-56.85]]]},"properties":{"scalerank":0,"featurecla":"Bathymetry","depth":5000}},
{"type":"Feature","geometry":{"type":"Polygon","coordinates":[[[-53.76,-56.69],[-54,-56.74],[-53.73,-56.78],[-53.76,-56.69]]]},"properties":{"scalerank":0,"featurecla":"Bathymetry","depth":5000}},
{"type":"Feature","geometry":{"type":"Polygon","coordinates":[[[-49.66,-56.71],[-49.38,-56.79],[-49.36,-56.75],[-49.66,-56.71]]]},"properties":{"scalerank":0,"featurecla":"Bathymetry","depth":5000}},
{"type":"Feature","geometry":{"type":"Polygon","coordinates":[[[-166.07,-56.5],[-166.15,-56.53],[-165.46,-56.98],[-165.57,-57.17],[-166.03,-57.17],[-165.98,-57.31],[-165.57,-57.24],[-165.34,-56.86],[-166.07,-56.5]]]},"properties":{"scalerank":0,"featurecla":"Bathymetry","depth":5000}},
{"type":"Feature","geometry":{"type":"Polygon","coordinates":[[[57.71,-56.44],[57.26,-56.62],[57.12,-56.81],[57.33,-56.92],[57.59,-56.76],[57.71,-56.44]]]},"properties":{"scalerank":0,"featurecla":"Bathymetry","depth":5000}},
{"type":"Feature","geometry":{"type":"Polygon","coordinates":[[[-95.12,-57.09],[-95.21,-57.32],[-95.62,-57.38],[-94.82,-57.8],[-94.64,-57.56],[-95.03,-57.42],[-95.12,-57.09]]]},"properties":{"scalerank":0,"featurecla":"Bathymetry","depth":5000}},
{"type":"Feature","geometry":{"type":"Polygon","coordinates":[[[-18.53,-56.35],[-18.34,-56.5],[-18.34,-56.75],[-18.13,-56.77],[-18,-56.5],[-18.53,-56.35]]]},"properties":{"scalerank":0,"featurecla":"Bathymetry","depth":5000}},
{"type":"Feature","geometry":{"type":"Polygon","coordinates":[[[-83,-56.34],[-83.36,-56.33],[-83.08,-56.42],[-83,-56.34]]]},"properties":{"scalerank":0,"featurecla":"Bathymetry","depth":5000}},
{"type":"Feature","geometry":{"type":"Polygon","coordinates":[[[19.49,-56.3],[19.2,-56.4],[18.87,-57.01],[18.52,-57.29],[18.08,-57.27],[17.78,-57.53],[18.01,-58.04],[17.68,-58.05],[17.55,-58.78],[18.06,-58.74],[18.07,-58.49],[17.83,-58.36],[17.84,-58.2],[18.26,-58.18],[18.41,-58.43],[18.37,-58.73],[18.02,-59.02],[18.69,-59.18],[18.7,-59.4],[19.14,-59.26],[19.45,-59.28],[19.73,-59.43],[19.67,-59.58],[19.23,-59.82],[19.28,-60.01],[18.93,-60.14],[18.95,-60.41],[18.65,-60.61],[18.44,-60.59],[18.14,-61.06],[19.06,-60.46],[19.86,-59.8],[20.02,-59.51],[20.09,-59.11],[19.69,-58.95],[20.58,-58.8],[20.21,-58.52],[20.39,-58.41],[20.16,-58.15],[20.48,-57.98],[20.74,-58.24],[20.95,-58.8],[20.37,-59.22],[20.42,-59.71],[19.89,-60.08],[19.32,-60.62],[18.65,-60.96],[17.77,-61.56],[17.87,-61.6],[18.67,-61.18],[18.79,-61.06],[20.16,-60.22],[20.68,-59.77],[21.58,-58.49],[21.23,-58.13],[21.23,-57.98],[20.91,-57.85],[20.88,-57.67],[21.58,-57.18],[21.36,-56.87],[21.15,-57.39],[20.6,-57.35],[20.46,-57.48],[19.63,-57.7],[19.44,-57.96],[19.15,-58.1],[18.53,-58.01],[18.32,-57.91],[18.23,-57.68],[18.39,-57.43],[18.71,-57.39],[18.66,-57.22],[19,-57.05],[19.02,-56.83],[19.49,-56.3]],[[19.29,-58.13],[19.67,-57.95],[19.76,-57.74],[20.09,-57.84],[19.77,-58.12],[19.59,-58.39],[19.27,-58.31],[19.29,-58.13]],[[19.3,-58.42],[19.34,-58.67],[19.51,-58.89],[19,-59.15],[18.55,-59.05],[18.86,-58.8],[18.63,-58.61],[18.78,-58.5],[19.3,-58.42]],[[19.5,-58.73],[19.9,-58.56],[19.99,-58.75],[19.76,-58.86],[19.5,-58.73]]]},"properties":{"scalerank":0,"featurecla":"Bathymetry","depth":5000}},
{"type":"Feature","geometry":{"type":"Polygon","coordinates":[[[158.24,-58.98],[157.88,-58.48],[157.71,-57.89],[157.34,-57.62],[157.49,-57.31],[157.68,-56.64],[157.33,-56.84],[157.23,-57.33],[157.23,-57.75],[157.67,-58.55],[158.24,-58.98]]]},"properties":{"scalerank":0,"featurecla":"Bathymetry","depth":5000}},
{"type":"Feature","geometry":{"type":"Polygon","coordinates":[[[43.55,-56.31],[43.08,-56.33],[42.95,-56.17],[42.79,-56.21],[43.03,-56.41],[43.49,-56.36],[43.55,-56.31]]]},"properties":{"scalerank":0,"featurecla":"Bathymetry","depth":5000}},
{"type":"Feature","geometry":{"type":"Polygon","coordinates":[[[20.22,-56.44],[20.45,-56.28],[20.38,-56.21],[20.2,-56.35],[20.22,-56.44]]]},"properties":{"scalerank":0,"featurecla":"Bathymetry","depth":5000}},
{"type":"Feature","geometry":{"type":"Polygon","coordinates":[[[17.58,-55.93],[17.23,-56.06],[17.47,-56.42],[17.8,-56.29],[17.56,-56.08],[17.58,-55.93]]]},"properties":{"scalerank":0,"featurecla":"Bathymetry","depth":5000}},
{"type":"Feature","geometry":{"type":"Polygon","coordinates":[[[-173.3,-55.98],[-173.68,-56.18],[-173.66,-56.44],[-173.81,-56.65],[-172.92,-57.26],[-172.38,-57.57],[-172.25,-57.84],[-171.6,-58.06],[-171.21,-58.33],[-170.69,-58.48],[-171.09,-58.05],[-172.03,-57.74],[-172.29,-57.47],[-172.75,-57.29],[-173.17,-56.91],[-173.35,-56.85],[-173.37,-56.4],[-173.57,-56.33],[-173.29,-56.11],[-173.3,-55.98]]]},"properties":{"scalerank":0,"featurecla":"Bathymetry","depth":5000}},
{"type":"Feature","geometry":{"type":"Polygon","coordinates":[[[7.72,-55.87],[7.71,-55.75],[7.42,-55.87],[7.69,-55.96],[7.72,-55.87]]]},"properties":{"scalerank":0,"featurecla":"Bathymetry","depth":5000}},
{"type":"Feature","geometry":{"type":"Polygon","coordinates":[[[-17.28,-55.92],[-17.51,-55.76],[-17.58,-55.94],[-17.28,-55.92]]]},"properties":{"scalerank":0,"featurecla":"Bathymetry","depth":5000}},
{"type":"Feature","geometry":{"type":"Polygon","coordinates":[[[18.34,-55.77],[18.5,-55.75],[18.86,-55.44],[18.81,-55.36],[18.34,-55.71],[18.34,-55.77]]]},"properties":{"scalerank":0,"featurecla":"Bathymetry","depth":5000}},
{"type":"Feature","geometry":{"type":"Polygon","coordinates":[[[56.58,-55.22],[56.52,-55.34],[56.6,-55.38],[56.65,-55.27],[56.58,-55.22]]]},"properties":{"scalerank":0,"featurecla":"Bathymetry","depth":5000}},
{"type":"Feature","geometry":{"type":"Polygon","coordinates":[[[-171.1,-54.79],[-171.01,-54.72],[-171.1,-54.68],[-171.22,-54.8],[-171.1,-54.79]]]},"properties":{"scalerank":0,"featurecla":"Bathymetry","depth":5000}},
{"type":"Feature","geometry":{"type":"Polygon","coordinates":[[[23.91,-54.95],[24.34,-54.64],[24.4,-54.47],[24.12,-54.57],[24.14,-54.69],[23.98,-54.77],[23.91,-54.95]]]},"properties":{"scalerank":0,"featurecla":"Bathymetry","depth":5000}},
{"type":"Feature","geometry":{"type":"Polygon","coordinates":[[[-83.19,-54.52],[-83.24,-54.45],[-83.5,-54.54],[-83.29,-54.55],[-83.19,-54.52]]]},"properties":{"scalerank":0,"featurecla":"Bathymetry","depth":5000}},
{"type":"Feature","geometry":{"type":"Polygon","coordinates":[[[-166.54,-54.34],[-166.44,-54.46],[-166.32,-54.4],[-166.54,-54.34]]]},"properties":{"scalerank":0,"featurecla":"Bathymetry","depth":5000}},
{"type":"Feature","geometry":{"type":"Polygon","coordinates":[[[-168.38,-54.18],[-168.53,-54.26],[-168.56,-54.36],[-168.4,-54.38],[-168.38,-54.18]]]},"properties":{"scalerank":0,"featurecla":"Bathymetry","depth":5000}},
{"type":"Feature","geometry":{"type":"Polygon","coordinates":[[[176.89,-53.91],[176.82,-53.99],[176.99,-54.01],[177,-53.92],[176.89,-53.91]]]},"properties":{"scalerank":0,"featurecla":"Bathymetry","depth":5000}},
{"type":"Feature","geometry":{"type":"Polygon","coordinates":[[[36.16,-53.94],[35.97,-54.06],[35.98,-54.26],[36.41,-54.24],[36.42,-54.09],[36.16,-53.94]]]},"properties":{"scalerank":0,"featurecla":"Bathymetry","depth":5000}},
{"type":"Feature","geometry":{"type":"Polygon","coordinates":[[[-82.44,-53.45],[-82.63,-53.65],[-82.46,-53.66],[-82.44,-53.45]]]},"properties":{"scalerank":0,"featurecla":"Bathymetry","depth":5000}},
{"type":"Feature","geometry":{"type":"Polygon","coordinates":[[[-94.07,-53.76],[-93.8,-53.36],[-94.83,-53.94],[-95.38,-54.62],[-95.41,-54.86],[-95.62,-54.97],[-95.64,-55.3],[-95.38,-55.44],[-95.45,-55.61],[-95.11,-55.8],[-95.19,-56.16],[-95.51,-56.39],[-95.12,-56.57],[-95.07,-56.83],[-94.02,-56.87],[-93.96,-57.14],[-94.09,-57.22],[-93.23,-57.12],[-92.98,-57.26],[-92.61,-57.27],[-92.35,-57.05],[-91.82,-57.19],[-91.08,-57.15],[-90.86,-57.34],[-90.22,-57.27],[-90.39,-57.11],[-90.21,-56.94],[-89.74,-57.17],[-89.85,-57.46],[-89.66,-57.53],[-89.13,-57.34],[-88.76,-57.47],[-88.57,-57.8],[-88.3,-58.1],[-88.44,-58.21],[-88.1,-58.42],[-88.27,-58.79],[-87.99,-59.1],[-88.19,-59.22],[-88.74,-59.15],[-88.97,-58.99],[-89.37,-59.14],[-89.64,-59.02],[-90.13,-59.11],[-90.05,-58.7],[-90.3,-58.39],[-90.49,-58.71],[-91.07,-58.73],[-91.3,-59.04],[-90.94,-59.11],[-90.55,-59.04],[-90.21,-59.11],[-89.78,-59.33],[-89.12,-59.37],[-89.02,-59.52],[-88.57,-59.5],[-87.91,-59.76],[-87.88,-59.58],[-88.2,-59.39],[-87.82,-59.14],[-88.15,-58.92],[-88.05,-58.66],[-87.51,-58.84],[-87.57,-59.03],[-87.19,-59.21],[-87.19,-59.42],[-86.68,-59.5],[-86.62,-59.8],[-86.36,-60],[-85.97,-59.8],[-85.78,-59.82],[-85.68,-60.13],[-85.2,-60.13],[-85.02,-60.36],[-84.11,-60.36],[-83.79,-60.55],[-83.47,-60.46],[-83.51,-60.16],[-82.74,-60.23],[-82.43,-60.36],[-81.94,-60.38],[-82.21,-60.12],[-82.08,-59.83],[-81.32,-59.81],[-80.87,-59.92],[-80.5,-60.28],[-79.68,-60.24],[-79.54,-60.07],[-79.15,-59.93],[-79.29,-59.77],[-79.28,-59.48],[-79.85,-59.52],[-79.77,-59.92],[-80.28,-60.05],[-80.35,-59.76],[-80.79,-59.62],[-81.05,-59.39],[-80.49,-59.44],[-80.54,-59.14],[-80.85,-59.06],[-81.26,-59.14],[-81.33,-58.89],[-81.71,-58.97],[-82.16,-58.88],[-82.47,-58.65],[-82.97,-58.54],[-83.88,-58.08],[-84.34,-58.01],[-84.6,-57.86],[-85.13,-57.76],[-84.92,-57.57],[-84.47,-57.64],[-84.36,-57.77],[-83.02,-58.11],[-83.09,-57.89],[-83.39,-57.93],[-83.98,-57.74],[-84.29,-57.75],[-84.39,-57.51],[-84.82,-57.5],[-85.2,-57.38],[-85.3,-57.14],[-85.94,-57.02],[-85.73,-56.86],[-85.12,-57.02],[-84.89,-57.26],[-84.67,-57.24],[-84.86,-56.95],[-84.76,-56.78],[-85.3,-56.81],[-84.97,-56.3],[-84.62,-56.35],[-84.54,-56.02],[-84.87,-56.02],[-84.9,-56.21],[-85.5,-56.44],[-85.68,-56.24],[-85.82,-55.86],[-86.05,-55.81],[-86.08,-55.59],[-86.79,-55.79],[-86.95,-55.7],[-87.31,-55.73],[-86.96,-55.24],[-87.31,-55.05],[-87.35,-55.45],[-87.98,-55.5],[-88.34,-55.46],[-88.85,-55.56],[-88.57,-55.77],[-88.99,-55.78],[-89.09,-55.62],[-89.58,-55.32],[-89.79,-55.73],[-90.27,-55.78],[-90.42,-55.66],[-90.91,-55.55],[-91.03,-55.3],[-91.62,-55.04],[-91.52,-54.81],[-91.73,-54.74],[-91.95,-55.03],[-92.18,-55.18],[-93.13,-55.02],[-92.81,-54.82],[-92.9,-54.6],[-93.77,-54.51],[-93.91,-54.67],[-94.2,-54.59],[-93.89,-54.32],[-93.7,-54.28],[-93.12,-54.34],[-93.29,-54.11],[-93.55,-54.05],[-94.24,-54.24],[-94.85,-54.82],[-95.06,-54.82],[-95.04,-54.55],[-94.66,-54.23],[-94.59,-54.05],[-94.07,-53.76]],[[-95.1,-55.56],[-94.99,-55],[-94.9,-54.88],[-94.51,-54.89],[-94.59,-55.3],[-94.78,-55.53],[-95.1,-55.56]],[[-91.66,-55.63],[-91.88,-55.45],[-91.77,-55.23],[-91.46,-55.27],[-91.32,-55.49],[-91,-55.66],[-91.22,-55.85],[-91.66,-55.63]],[[-89.33,-55.79],[-88.54,-55.92],[-88.37,-55.81],[-88.28,-55.54],[-87.77,-55.55],[-87.55,-55.73],[-87.6,-56.07],[-88.2,-55.99],[-88.36,-56.16],[-88.86,-56.11],[-89.33,-55.79]],[[-86.6,-56.05],[-86.49,-55.89],[-86.19,-55.88],[-86.26,-56.11],[-86.6,-56.05]],[[-87.41,-56.18],[-87.37,-56.39],[-87.84,-56.4],[-87.77,-56.21],[-87.41,-56.18]],[[-94.69,-56.19],[-94.69,-56.5],[-94.97,-56.53],[-95.03,-55.89],[-94.82,-55.85],[-94.69,-56.19]],[[-86.33,-56.57],[-86.22,-56.47],[-85.81,-56.52],[-85.72,-56.73],[-86.18,-56.7],[-86.33,-56.57]],[[-90.48,-56.16],[-90.58,-56.02],[-90.31,-55.8],[-89.58,-55.92],[-89.81,-56.08],[-90.08,-56.05],[-90.48,-56.16]],[[-86.64,-58.01],[-86.45,-58.25],[-86.98,-58.58],[-87.35,-58.6],[-87.58,-58.73],[-87.83,-58.35],[-88.2,-58.3],[-88.26,-58.17],[-87.96,-58.01],[-87.24,-57.98],[-86.97,-58.09],[-86.64,-58.01]],[[-86.26,-58.58],[-85.98,-58.82],[-85.51,-58.81],[-85.11,-58.92],[-84.89,-59.17],[-85.07,-59.45],[-85.62,-59.49],[-85.7,-59.33],[-86.4,-59.31],[-86.42,-58.94],[-87.05,-58.85],[-86.64,-58.61],[-86.26,-58.58]],[[-84.67,-59.91],[-85.08,-60.1],[-85.55,-60.02],[-85.43,-59.86],[-84.89,-59.81],[-84.67,-59.91]]]},"properties":{"scalerank":0,"featurecla":"Bathymetry","depth":5000}},
{"type":"Feature","geometry":{"type":"Polygon","coordinates":[[[-167.06,-53.32],[-167.06,-53.53],[-166.79,-53.38],[-167.06,-53.32]]]},"properties":{"scalerank":0,"featurecla":"Bathymetry","depth":5000}},
{"type":"Feature","geometry":{"type":"Polygon","coordinates":[[[175.7,-53.14],[175.61,-53.23],[176,-53.21],[175.7,-53.14]]]},"properties":{"scalerank":0,"featurecla":"Bathymetry","depth":5000}},
{"type":"Feature","geometry":{"type":"Polygon","coordinates":[[[-86.3,-54.38],[-86.52,-54.4],[-86.69,-54.16],[-86.62,-53.93],[-86.23,-54.09],[-86.05,-53.72],[-85.76,-53.87],[-86.03,-53.97],[-85.99,-54.28],[-85.68,-54.5],[-85.06,-54.63],[-85.06,-54.03],[-84.84,-54.03],[-84.56,-53.74],[-84.77,-53.42],[-85.26,-53.28],[-85.32,-53.12],[-85.6,-53],[-85.88,-53.18],[-86.53,-53.3],[-86.8,-53.4],[-86.95,-53.24],[-87.2,-53.38],[-87.54,-53.4],[-87.76,-53.3],[-88.15,-53.6],[-88.32,-53],[-88.87,-52.8],[-89.06,-53.03],[-88.9,-53.26],[-88.9,-53.46],[-88.64,-53.81],[-88.35,-53.85],[-87.94,-54.05],[-87.48,-54.07],[-87.29,-54.24],[-87.28,-54.44],[-87.59,-54.84],[-86.95,-54.87],[-86.62,-54.82],[-86.64,-55.3],[-86.43,-55.23],[-86.51,-55.03],[-86.3,-54.7],[-86.5,-54.6],[-86.3,-54.38]],[[-86.98,-54.19],[-86.76,-54.23],[-86.6,-54.49],[-86.72,-54.6],[-87.06,-54.58],[-87.19,-54.41],[-86.98,-54.19]]]},"properties":{"scalerank":0,"featurecla":"Bathymetry","depth":5000}},
{"type":"Feature","geometry":{"type":"Polygon","coordinates":[[[25.66,-52.9],[25.73,-52.68],[25.94,-52.57],[25.84,-52.53],[25.7,-52.62],[25.59,-52.8],[25.66,-52.9]]]},"properties":{"scalerank":0,"featurecla":"Bathymetry","depth":5000}},
{"type":"Feature","geometry":{"type":"Polygon","coordinates":[[[-155.35,-52.56],[-155.25,-52.67],[-155.04,-52.7],[-154.78,-52.85],[-154.39,-52.97],[-154.5,-52.79],[-154.94,-52.71],[-155.16,-52.55],[-155.35,-52.56]]]},"properties":{"scalerank":0,"featurecla":"Bathymetry","depth":5000}},
{"type":"Feature","geometry":{"type":"Polygon","coordinates":[[[177.48,-52.43],[177.42,-52.39],[177.43,-52.26],[177.3,-52.29],[177.3,-52.34],[177.42,-52.44],[177.48,-52.43]]]},"properties":{"scalerank":0,"featurecla":"Bathymetry","depth":5000}},
{"type":"Feature","geometry":{"type":"Polygon","coordinates":[[[-93.46,-51.91],[-93.6,-51.94],[-93.72,-52.18],[-93.5,-52.08],[-93.46,-51.91]]]},"properties":{"scalerank":0,"featurecla":"Bathymetry","depth":5000}},
{"type":"Feature","geometry":{"type":"Polygon","coordinates":[[[28.66,-52.14],[28.07,-52.08],[28.07,-52.24],[27.74,-52.57],[27.82,-52.75],[28.27,-52.46],[28.66,-52.14]]]},"properties":{"scalerank":0,"featurecla":"Bathymetry","depth":5000}},
{"type":"Feature","geometry":{"type":"Polygon","coordinates":[[[-152.19,-51.13],[-152.35,-51.04],[-152.33,-51.15],[-152.19,-51.13]]]},"properties":{"scalerank":0,"featurecla":"Bathymetry","depth":5000}},
{"type":"Feature","geometry":{"type":"Polygon","coordinates":[[[29.57,-51.36],[29.88,-51.17],[29.83,-51.07],[29.57,-51.36]]]},"properties":{"scalerank":0,"featurecla":"Bathymetry","depth":5000}},
{"type":"Feature","geometry":{"type":"Polygon","coordinates":[[[-36.65,-50.47],[-36.34,-50.66],[-36.24,-50.54],[-36.49,-50.55],[-36.65,-50.47]]]},"properties":{"scalerank":0,"featurecla":"Bathymetry","depth":5000}},
{"type":"Feature","geometry":{"type":"Polygon","coordinates":[[[-160.34,-50.26],[-160.37,-50.37],[-160.24,-50.43],[-160.13,-50.56],[-159.98,-50.58],[-160.1,-50.45],[-160.24,-50.4],[-160.34,-50.26]]]},"properties":{"scalerank":0,"featurecla":"Bathymetry","depth":5000}},
{"type":"Feature","geometry":{"type":"Polygon","coordinates":[[[-134.16,-50.11],[-134.29,-50.3],[-133.88,-50.24],[-134.16,-50.11]]]},"properties":{"scalerank":0,"featurecla":"Bathymetry","depth":5000}},
{"type":"Feature","geometry":{"type":"Polygon","coordinates":[[[-91.39,-49.51],[-91.54,-49.56],[-91.83,-49.52],[-91.82,-49.7],[-91.65,-49.6],[-91.39,-49.51]]]},"properties":{"scalerank":0,"featurecla":"Bathymetry","depth":5000}},
{"type":"Feature","geometry":{"type":"Polygon","coordinates":[[[49.14,-54.59],[48.82,-54.67],[48.96,-55.02],[48.85,-55.23],[48.32,-55.23],[48.23,-55.46],[47.78,-55.39],[47.38,-55.64],[47.3,-55.82],[46.92,-56.01],[46.38,-55.9],[46.12,-56.06],[46.38,-56.35],[46.38,-56.48],[45.37,-56.44],[44.88,-56.54],[43.81,-56.61],[44.11,-56.86],[43.91,-56.97],[43.13,-56.75],[42.93,-57.14],[42.43,-57.13],[42,-56.89],[41.48,-56.7],[41.27,-56.52],[40.91,-56.46],[40.83,-56.15],[40.41,-56.54],[40.18,-56.4],[39.65,-56.5],[39.54,-56.32],[39.27,-56.26],[38.89,-56.44],[38.87,-56.63],[38.63,-56.91],[38.11,-56.72],[38.22,-56.26],[38.02,-56.3],[37.6,-56.7],[37.42,-56.42],[37.74,-55.98],[37.39,-55.96],[36.99,-55.79],[37.29,-55.7],[36.86,-55.34],[36.52,-55.26],[36.72,-55.06],[36.6,-54.89],[36.24,-54.72],[35.48,-54.55],[35.48,-54.32],[35.21,-54.2],[34.77,-54.12],[34.97,-53.83],[35.18,-53.66],[35.33,-53.3],[35.1,-53.34],[34.89,-53.54],[34.78,-53.85],[34.53,-53.63],[34.81,-53.12],[34.77,-52.98],[34.94,-52.71],[34.78,-52.38],[35.15,-52.01],[34.73,-51.94],[34.27,-52.07],[33.88,-52.03],[34.18,-51.28],[34,-51.14],[34.07,-50.87],[33.68,-50.42],[33.31,-50.57],[33.02,-50.35],[33.17,-49.82],[32.79,-49.96],[32.67,-50.37],[33,-50.62],[33.29,-50.6],[33.56,-50.89],[33.26,-51.17],[32.57,-51.24],[32.26,-51.22],[32.36,-51.51],[32.16,-51.6],[31.65,-51.31],[31.65,-51.74],[31.45,-51.93],[31.14,-51.55],[31.37,-51.33],[31.46,-50.82],[31.7,-50.84],[31.81,-51.09],[32.06,-51],[31.68,-50.73],[31.72,-50.29],[31.26,-50.92],[30.97,-50.98],[31.04,-51.13],[30.86,-51.48],[30.93,-51.68],[30.69,-52.06],[30.94,-52.28],[30.54,-52.36],[30.42,-52.65],[30.11,-52.8],[29.59,-52.81],[29.29,-52.66],[29.14,-53.15],[29.47,-53.47],[29.23,-53.61],[29.33,-54.1],[29.06,-54.19],[28.91,-54.03],[28.56,-54.17],[28.22,-54.14],[28.11,-54.52],[28.18,-54.84],[28.08,-55.07],[28.25,-55.56],[27.98,-55.6],[27.58,-54.86],[27.58,-54.46],[27.41,-54.19],[26.95,-54.7],[26.9,-55.27],[26.53,-55.64],[26.56,-55.92],[26.37,-55.97],[26.47,-56.62],[26.45,-57.1],[26.35,-57.41],[26.51,-57.56],[26.15,-57.83],[26.03,-58.02],[25.49,-58.39],[24.14,-59.47],[23.78,-59.47],[23.81,-59.26],[24.31,-58.99],[24.59,-58.72],[25.2,-58.25],[25.68,-57.94],[26.24,-57.46],[26.08,-57.32],[26.14,-56.66],[25.92,-56.26],[25.92,-55.69],[26.09,-55.44],[26.37,-55.22],[26.43,-55],[26.65,-54.78],[26.84,-54.16],[27.26,-53.72],[27.05,-53.59],[26.55,-53.99],[26.45,-54.26],[26.05,-54.61],[26.06,-54.88],[25.66,-55.07],[25.33,-55.4],[25.27,-55.9],[24.53,-56.47],[24.69,-56.7],[24.96,-56.78],[25.21,-57.39],[25.23,-57.63],[25.03,-57.68],[24.86,-57.26],[24.7,-57.09],[24.29,-57.02],[24.27,-57.37],[24.43,-57.63],[24.19,-58.25],[23.89,-58.25],[23.97,-57.89],[23.74,-57.67],[23.32,-57.52],[22.87,-57.5],[22.69,-57.15],[22.44,-57.26],[22.55,-57.54],[22.23,-57.64],[22.26,-57.95],[22.44,-58.1],[22.46,-58.36],[22.21,-58.42],[21.96,-57.95],[21.73,-58.22],[21.92,-58.32],[21.9,-58.63],[21.72,-58.71],[21.53,-59.17],[21.29,-59.4],[20.87,-59.98],[19.92,-60.62],[19.7,-60.65],[19.78,-61.08],[19.33,-61.04],[19.43,-61.3],[19.14,-61.63],[18.82,-61.61],[18.89,-61.92],[18.72,-62.02],[18.18,-62.06],[18.35,-62.21],[17.72,-62.54],[17.47,-62.74],[17.02,-62.69],[16.97,-62.54],[16.47,-61.87],[16.39,-62.14],[15.83,-62.44],[15.62,-62.42],[15.94,-61.94],[15.93,-61.64],[16.18,-61.32],[17.18,-60.94],[17.39,-60.96],[17.66,-60.73],[16.68,-60.72],[16.18,-61.1],[15.92,-60.93],[16.1,-60.77],[16.73,-60.59],[16.65,-60.29],[16.39,-60.26],[15.53,-60.77],[15.47,-60.51],[15.86,-60.29],[15.83,-60.03],[16.51,-59.52],[16.9,-59.11],[17.18,-58.61],[17.15,-58.22],[17.23,-58.1],[17.09,-57.78],[17.24,-57.4],[17.48,-57.33],[18.01,-56.68],[17.42,-56.62],[17.38,-56.47],[16.48,-56.91],[16.54,-57.11],[15.77,-57.02],[15.8,-56.86],[16.18,-56.87],[16.17,-56.6],[16.43,-56.43],[16.58,-56],[16.93,-55.67],[16.94,-55.51],[17.3,-55.46],[17.47,-55.24],[16.92,-55.26],[16.92,-55.47],[16.63,-55.68],[15.84,-55.59],[15.35,-55.46],[15.41,-55.25],[15.02,-55.1],[14.88,-55.28],[14.6,-55.39],[14.16,-55.25],[14.18,-55.39],[13.69,-55.62],[12.91,-55.68],[12.79,-55.44],[12.94,-55.2],[12.66,-55.34],[12.44,-55.7],[12.17,-55.73],[12.16,-56.16],[11.76,-56.06],[11.55,-56.27],[11.34,-56.24],[11.01,-56.48],[10.82,-56.25],[10.47,-56.18],[10.37,-56.5],[10.57,-56.62],[10.42,-57.01],[10.48,-57.23],[9.94,-57.28],[9.72,-57.06],[10.13,-57.07],[10.38,-56.99],[10.32,-56.77],[9.91,-56.31],[9.85,-55.93],[9.48,-55.79],[9.23,-56.03],[9.15,-56.25],[9.25,-56.53],[8.95,-56.71],[8.53,-56.61],[8.47,-56.76],[8.11,-56.78],[7.7,-56.9],[7.41,-57.12],[7.84,-57.18],[7.88,-57.38],[8.11,-57.54],[8.75,-57.65],[9.18,-57.8],[9.28,-58.06],[10.17,-58.18],[10.17,-58.34],[9.65,-58.46],[9.04,-58.84],[8.76,-58.94],[8.28,-58.87],[7.81,-58.93],[7.89,-58.69],[7.73,-58.49],[7.31,-58.47],[7.18,-58.07],[6.77,-57.79],[5.95,-57.62],[6.02,-57.82],[6.39,-57.78],[6.63,-58.05],[6.1,-58.12],[5.88,-57.96],[4.75,-57.86],[3.98,-57.98],[3.82,-58.1],[3.45,-58.07],[3.11,-58.27],[3.39,-58.37],[3.25,-58.6],[3.71,-58.84],[4.07,-58.95],[4.01,-59.11],[4.73,-59.46],[4.82,-59.27],[4.21,-59.04],[4.81,-59],[5.02,-59.2],[5.4,-59.14],[5.87,-59.3],[5.8,-59.46],[5.26,-59.39],[4.93,-59.71],[3.97,-59.43],[3.41,-59.47],[2.9,-59.4],[2.62,-59.26],[2.94,-59.09],[2.8,-58.83],[2.25,-59.17],[1.85,-59.23],[1.43,-59.09],[1.58,-58.92],[1.07,-58.88],[1.22,-59.1],[1.62,-59.3],[1.83,-59.3],[1.98,-59.59],[1.44,-59.66],[0.91,-59.29],[0.34,-59.38],[0.24,-59.22],[-1.02,-59.16],[-0.9,-59.57],[-1.3,-59.52],[-1.38,-59.31],[-1.69,-59.2],[-1.46,-58.99],[-1.76,-58.8],[-2.08,-58.88],[-2.53,-59.17],[-2.34,-59.33],[-2.21,-59.77],[-2.47,-59.87],[-2.74,-59.71],[-3.02,-59.74],[-3.31,-59.91],[-2.64,-60.1],[-3.67,-60.17],[-3.71,-59.9],[-4.1,-60.1],[-4.82,-60.07],[-4.57,-59.88],[-4.68,-59.69],[-5.19,-59.58],[-5.47,-59.68],[-6.26,-59.57],[-7.11,-59.74],[-7.7,-59.76],[-8.15,-59.91],[-8.35,-59.69],[-8.18,-59.58],[-7.65,-59.57],[-7.62,-59.34],[-8.15,-59.37],[-8.86,-59.56],[-9.41,-59.76],[-10.12,-59.52],[-9.83,-60.1],[-10.51,-60.15],[-10.39,-60.43],[-9.57,-60.42],[-9.2,-60.2],[-8.78,-60.14],[-8.61,-60.02],[-7.79,-60.23],[-7.73,-59.87],[-6.97,-59.99],[-7.18,-60.17],[-7.14,-60.36],[-7.39,-60.5],[-7.16,-60.72],[-6.41,-60.86],[-6.27,-61.06],[-5.9,-61.2],[-5.19,-61.32],[-4.99,-61.53],[-4.56,-61.64],[-4.92,-61.79],[-6.02,-61.3],[-6.55,-61.21],[-7.01,-61.47],[-6.75,-61.86],[-7.03,-62.06],[-7.72,-61.76],[-7.82,-61.54],[-7.58,-61.3],[-7.56,-61.06],[-7.83,-60.77],[-8.2,-60.74],[-8.81,-60.34],[-8.98,-60.63],[-8.18,-60.94],[-7.91,-61.23],[-8.22,-61.29],[-7.86,-61.57],[-8.41,-61.81],[-8.33,-61.99],[-7.92,-62.06],[-7.33,-62.34],[-8.22,-62.34],[-8.69,-62.08],[-8.74,-61.84],[-9.16,-61.77],[-10.26,-61.7],[-9.77,-61.87],[-9.3,-61.89],[-9.17,-62.06],[-9.54,-62.11],[-8.93,-62.42],[-8.38,-62.55],[-8.35,-62.78],[-9.49,-62.52],[-9.89,-62.28],[-10.54,-62.28],[-10.89,-62.16],[-10.9,-61.86],[-11.42,-61.87],[-12.1,-61.66],[-12.6,-61.7],[-13.05,-61.63],[-13.82,-61.41],[-14.72,-61.47],[-14.63,-61.72],[-14.02,-61.94],[-13.51,-62.04],[-13.18,-62.3],[-12.22,-62.71],[-12.13,-62.87],[-11.73,-62.99],[-11.75,-63.17],[-12.4,-63.25],[-12.59,-62.99],[-13.09,-62.81],[-14.07,-62.22],[-14.66,-62.18],[-14.41,-62.41],[-14.45,-62.57],[-14.03,-63.28],[-14.62,-63.14],[-14.83,-62.99],[-15.4,-62.82],[-15.34,-62.58],[-15.65,-62.46],[-15.76,-62.17],[-16.75,-61.97],[-16.99,-61.85],[-17.36,-61.96],[-17.03,-62.26],[-17.06,-62.45],[-17.39,-62.58],[-17.64,-62.33],[-18.41,-62.37],[-18.48,-62.64],[-17.84,-62.78],[-17.85,-62.93],[-18.67,-62.86],[-18.27,-63.17],[-17.52,-63.22],[-17.45,-63.58],[-17.65,-63.63],[-18.09,-63.47],[-18.6,-63.6],[-18.35,-63.79],[-18.94,-63.87],[-19.11,-63.71],[-19.85,-63.69],[-20.18,-63.52],[-20.57,-63.5],[-20.87,-63.65],[-20.11,-63.7],[-19.37,-63.97],[-18.84,-64.06],[-18.43,-64.03],[-18.48,-64.3],[-19.13,-64.19],[-19.39,-64.22],[-19.75,-64.61],[-19.44,-64.7],[-19.08,-64.61],[-18.46,-64.61],[-18.04,-64.75],[-18.02,-65.09],[-18.46,-65.52],[-18.12,-65.71],[-17.22,-65.64],[-16.54,-65.88],[-16.06,-65.74],[-15.48,-65.98],[-15.29,-65.87],[-14.54,-65.92],[-14.46,-65.75],[-13.88,-65.66],[-13.37,-65.9],[-12.94,-65.83],[-12.62,-65.95],[-12,-65.86],[-11.46,-65.85],[-10.79,-65.63],[-10.03,-65.71],[-9.17,-65.7],[-8.94,-65.52],[-8.12,-65.33],[-7.23,-65.37],[-6.71,-65.2],[-6.54,-65.42],[-6.08,-65.34],[-5.46,-65.13],[-5,-65.31],[-5.04,-65.44],[-4.55,-65.52],[-4.19,-65.15],[-3.26,-65.23],[-2.98,-65.16],[-2.77,-64.93],[-1.16,-64.92],[-0.6,-64.66],[-0.67,-64.43],[-0.25,-64.41],[0.04,-64.18],[0.08,-63.97],[0.55,-63.95],[1.44,-63.7],[2.16,-63.41],[2.4,-63.41],[3.09,-63.18],[3.92,-63.08],[5.45,-62.74],[6.05,-63.31],[7.24,-63.42],[7.6,-63.38],[8.1,-63.57],[9.42,-64.25],[9.62,-64.54],[9.85,-64.36],[9.56,-64.16],[9.22,-64.1],[9.12,-63.96],[8.78,-63.8],[8.98,-63.66],[9.86,-63.62],[9.94,-63.86],[10.49,-64.29],[11.4,-64.27],[12.44,-63.98],[12.96,-64.19],[13.39,-64.01],[13.67,-64.08],[14.5,-63.76],[14.28,-63.38],[14.01,-63.46],[13.62,-63.33],[14.11,-63.1],[15.05,-62.88],[15.31,-62.9],[15.92,-62.5],[16.36,-62.33],[16.63,-62.62],[16.17,-62.95],[16.27,-63.19],[15.91,-63.22],[15.74,-63.46],[15.79,-63.67],[15.26,-63.92],[15.87,-64.08],[16.25,-63.95],[16.37,-63.75],[17.26,-63.38],[16.79,-63.36],[16.81,-63.09],[17.72,-62.83],[18.17,-62.47],[18.88,-62.3],[18.77,-62.19],[19.49,-61.85],[20.47,-61.26],[21.38,-61.22],[21.22,-61.39],[20.29,-61.98],[19.53,-62.48],[19.48,-62.67],[18.99,-62.7],[18.67,-62.9],[18.81,-63.07],[18.22,-63.55],[17.86,-63.66],[17.82,-63.8],[17.27,-64.06],[16.9,-64.35],[18.26,-64.37],[18.74,-63.98],[17.86,-64.27],[17.37,-64.3],[17.33,-64.15],[18.23,-63.67],[18.79,-63.28],[19.16,-63.15],[19.99,-62.57],[20.68,-62.16],[20.76,-62.28],[20.02,-63.05],[19.79,-63.4],[20.73,-63.01],[20.66,-62.81],[21.22,-62.59],[21.24,-62.38],[21.66,-62.46],[22.58,-62.27],[22.5,-62.5],[22.21,-62.78],[21.57,-63.13],[21.58,-63.48],[22.03,-63.38],[22.21,-63.09],[22.55,-63.17],[23.06,-63.02],[23.55,-63.04],[24.11,-63.48],[24.43,-63.33],[24.73,-63.5],[24.61,-63.61],[24.93,-63.83],[24.99,-64.1],[25.44,-64.08],[25.53,-64.23],[25.89,-64.29],[26.41,-64.61],[27.08,-64.75],[27.22,-64.93],[28.43,-65.07],[29.21,-65.23],[29.69,-65.1],[29.74,-64.61],[30.18,-64.7],[30.56,-64.88],[30.82,-64.73],[30.87,-64.3],[31.39,-64.25],[32.11,-63.91],[32.85,-63.23],[33.24,-63.36],[33.39,-63.57],[33.73,-63.74],[34.02,-64.17],[33.94,-64.39],[34.08,-64.56],[34.47,-64.63],[34.41,-64.31],[33.84,-63.65],[33.83,-63.29],[34.48,-63.44],[34.36,-63.69],[35.77,-63.79],[35.86,-63.95],[35.55,-64.11],[35.89,-64.54],[36.53,-64.3],[36.65,-63.97],[36.31,-63.84],[36.67,-63.63],[37.14,-63.52],[37.78,-63.77],[38.18,-63.51],[38.72,-63.43],[39.46,-63.42],[39.51,-63.24],[39.83,-63.2],[39.89,-62.98],[40.17,-62.95],[40.62,-63.15],[41.09,-63.05],[41.63,-63.02],[42.04,-62.8],[42.38,-63.06],[42.72,-62.81],[42.76,-62.64],[43.13,-62.64],[43.38,-62.48],[44.59,-62.25],[44.93,-62.02],[45.58,-62.07],[45.9,-62.21],[46.68,-62.23],[46.86,-62.33],[47.26,-62.18],[47.39,-61.98],[48.05,-62.23],[48.5,-62.61],[48.97,-62.25],[49.54,-62.64],[49.82,-62.49],[50.38,-62.67],[50.7,-62.6],[50.99,-62.75],[52.07,-62.64],[52.95,-62.74],[53.1,-62.89],[54.39,-62.72],[54.83,-62.57],[54.54,-62.15],[54.73,-61.97],[55.55,-61.73],[55.49,-61.56],[56.2,-61.52],[56,-61.34],[56.2,-61.11],[56.86,-61.03],[57.41,-60.6],[58.01,-60.65],[58.29,-60.74],[58.67,-60.52],[58.94,-60.17],[58.97,-59.47],[59.34,-59.12],[59.46,-58.85],[59.41,-58.66],[59.71,-58.22],[59.43,-58.09],[59.71,-57.82],[59.76,-57.61],[59.09,-57.74],[58.71,-57.4],[58.8,-57.14],[59.19,-57.07],[59.21,-57.29],[59.6,-57.23],[59.37,-57.02],[58.9,-56.93],[58.75,-57.12],[58.23,-57.49],[58.11,-57.34],[58.45,-56.98],[57.4,-57.19],[56.64,-57.17],[56.71,-56.99],[56.08,-56.83],[55.84,-56.87],[55.62,-56.71],[55.13,-56.83],[55.07,-56.5],[55.25,-56.41],[55.02,-56.14],[54.73,-56.12],[55.15,-55.78],[55.22,-55.58],[54.71,-55.66],[54.7,-55.86],[54.22,-55.97],[54.28,-55.59],[54.6,-55.46],[54.51,-55.12],[54.93,-55.12],[54.79,-54.86],[54.77,-54.58],[54.17,-54.58],[53.74,-55.06],[53.27,-55.31],[53.16,-55.5],[52.78,-55.45],[52.58,-55.3],[52.21,-55.48],[51.54,-55.66],[51.38,-55.32],[50.99,-55.29],[51.42,-55.06],[51.24,-54.94],[50.23,-54.91],[49.8,-54.72],[49.39,-54.7],[49.14,-54.59]],[[42.1,-57.98],[42.13,-58.15],[41.62,-58.15],[41.56,-57.8],[42.1,-57.98]],[[27.22,-56.56],[27.03,-56.54],[26.96,-56.21],[26.81,-56.01],[27.2,-56],[27.22,-56.56]],[[34.7,-56.49],[34.82,-56.26],[35.12,-56.41],[34.7,-56.49]],[[34.23,-55.16],[33.99,-55.15],[34.27,-54.65],[34.5,-54.72],[34.23,-55.16]],[[34.66,-54.98],[34.58,-54.82],[35.31,-54.86],[35.18,-54.97],[34.66,-54.98]],[[33.49,-52.66],[33.62,-52.37],[33.98,-52.37],[33.6,-52.75],[33.49,-52.66]],[[33.18,-52.22],[32.93,-52.1],[33.02,-51.94],[32.9,-51.74],[32.64,-51.63],[32.69,-51.45],[33.22,-51.37],[33.41,-51.17],[33.67,-51.26],[33.61,-51.51],[33.32,-51.64],[33.38,-51.91],[33.18,-52.22]],[[25.82,-56.82],[25.7,-57.01],[25.7,-57.43],[25.45,-57.32],[25.49,-57.04],[24.91,-56.67],[25.02,-56.21],[25.42,-56.16],[25.54,-56.74],[25.82,-56.82]],[[22.74,-59.84],[22.94,-60.1],[22.5,-60.14],[22.74,-59.84]],[[24.49,-60.11],[24.75,-60.05],[24.81,-60.5],[24.04,-61.33],[23.66,-61.3],[23.77,-60.97],[23.99,-60.85],[24.07,-60.56],[24.36,-60.5],[24.49,-60.11]],[[15.55,-62.33],[15.31,-62.47],[14.86,-62.04],[15.07,-61.85],[15.54,-61.8],[15.68,-61.92],[15.45,-62.26],[15.55,-62.33]],[[14.18,-62.37],[14.4,-62.54],[14.38,-62.84],[13.84,-62.67],[13.82,-62.42],[14.18,-62.37]],[[12.17,-62.99],[11.96,-63.34],[12.65,-63.13],[12.91,-63.31],[12.7,-63.43],[12.02,-63.53],[10.92,-63.82],[10.85,-63.53],[11.48,-63.44],[11.64,-63.12],[12.17,-62.99]],[[12.92,-63.4],[13.22,-63.39],[13.21,-63.67],[13.58,-63.77],[13.62,-63.95],[13.08,-63.94],[12.8,-63.7],[12.92,-63.4]],[[13.58,-63.67],[13.96,-63.5],[14.19,-63.72],[13.76,-63.83],[13.58,-63.67]],[[11.92,-60.81],[11.91,-60.45],[12.6,-60.91],[12.98,-60.96],[13.61,-60.84],[13.59,-61.02],[13.18,-61.24],[13.56,-61.41],[13.2,-61.52],[12.95,-61.75],[13.2,-62.04],[12.47,-62.16],[12.34,-62.35],[11.93,-62.58],[11.46,-62.71],[11.02,-62.72],[10.81,-63],[10.52,-62.93],[10.09,-63.07],[9.9,-63.46],[9.6,-63.24],[9.12,-63.2],[8.99,-63.44],[8.52,-63.71],[8.03,-63.34],[8.53,-63.25],[8.54,-63.13],[9.36,-62.7],[9.6,-62.69],[10.22,-62.4],[10.77,-62.39],[11.05,-62.12],[10.82,-62.06],[10.6,-61.8],[10.23,-61.84],[9.78,-61.59],[10.25,-61.51],[10.63,-61.05],[11.04,-61.15],[11.11,-60.94],[10.84,-60.56],[11.31,-60.65],[11.62,-60.94],[11.92,-60.81]],[[9.7,-60.64],[10.13,-61.04],[9.82,-61.21],[9.6,-61.01],[9.15,-60.84],[9.29,-60.7],[9.7,-60.64]],[[9.32,-61.1],[9.77,-61.35],[9.5,-61.51],[9.02,-61.38],[8.96,-61.24],[9.32,-61.1]],[[8.4,-61.11],[8.76,-61.26],[9.11,-61.61],[9.48,-61.58],[9.79,-61.87],[9.48,-62.09],[8.85,-62.28],[8.11,-62.26],[7.61,-62.04],[7.46,-61.87],[7.62,-61.45],[8,-61.44],[8.4,-61.11]],[[10.53,-61.91],[10.82,-62.15],[10.11,-62.37],[9.69,-62.29],[9.75,-62.09],[10.1,-61.92],[10.53,-61.91]],[[9.62,-62.25],[9.62,-62.42],[8.95,-62.62],[8.59,-62.61],[8.34,-62.79],[7.29,-62.93],[7.07,-63.04],[6.35,-63.15],[6.89,-62.76],[7.27,-62.76],[7.87,-62.45],[6.98,-62.27],[7.04,-62.06],[8.18,-62.4],[9.05,-62.43],[9.12,-62.26],[9.62,-62.25]],[[-4.9,-60.79],[-4.7,-60.8],[-4.3,-61.08],[-4.17,-61.29],[-4.66,-61.28],[-5.1,-61.02],[-4.9,-60.79]],[[-5.86,-60.72],[-6.1,-60.56],[-5.61,-60.42],[-5.52,-60.59],[-5.86,-60.72]],[[-5.78,-60.23],[-6.95,-59.89],[-6.92,-59.77],[-6.38,-59.76],[-5.92,-59.67],[-5.48,-59.73],[-5.38,-60],[-5.78,-60.23]],[[-4.37,-60.18],[-4,-60.28],[-3.98,-60.41],[-4.3,-60.57],[-4.59,-60.47],[-4.37,-60.18]],[[-1.32,-60.17],[-1.6,-60.05],[-1.58,-59.87],[-2.02,-59.72],[-1.89,-59.47],[-1.34,-59.69],[-1.09,-60.05],[-1.32,-60.17]],[[0.44,-59.71],[0.17,-59.59],[-0.36,-59.55],[-0.48,-59.41],[-0.26,-59.24],[0.08,-59.28],[0.3,-59.46],[0.6,-59.42],[0.67,-59.63],[0.44,-59.71]],[[8.95,-59.45],[8.77,-59.12],[9.77,-58.89],[9.81,-59.05],[9.53,-59.14],[8.95,-59.45]],[[6.06,-59.31],[6.07,-59.09],[6.5,-59.06],[6.58,-59.2],[6.06,-59.31]],[[14.71,-58.95],[14.69,-58.61],[14.96,-58.59],[14.88,-58.94],[14.71,-58.95]],[[15.22,-58.54],[14.83,-58.41],[14.8,-58.17],[14.59,-58.04],[14.67,-57.81],[15.05,-57.86],[15.46,-58.32],[15.79,-58.27],[15.77,-58.06],[15.99,-57.97],[16.08,-58.35],[15.94,-58.49],[16.23,-58.62],[16.47,-58.4],[16.83,-58.59],[16.68,-58.97],[16.1,-58.97],[15.52,-59.32],[15.26,-59.28],[15.22,-59.07],[15.71,-58.84],[15.69,-58.6],[15.22,-58.54]],[[10.8,-58.25],[10.48,-58.35],[10.19,-58.1],[10.7,-58.08],[10.8,-58.25]],[[9.11,-57.66],[8.83,-57.67],[8.54,-57.52],[8.66,-57.19],[8.38,-57.02],[8.27,-56.83],[8.76,-56.86],[9.14,-56.7],[9.41,-56.48],[9.28,-56.3],[9.43,-55.92],[9.82,-56.07],[9.58,-56.52],[8.97,-57.11],[9.19,-57.31],[9.11,-57.66]],[[10.45,-57.34],[10.8,-57.25],[10.99,-57.46],[10.58,-57.5],[10.45,-57.34]],[[13.13,-57.23],[12.89,-56.8],[12.54,-56.57],[12.77,-56.37],[13.33,-56.75],[13.44,-56.93],[13.88,-57.33],[13.85,-57.49],[13.41,-57.44],[13.13,-57.23]],[[11.81,-56.66],[11.48,-56.56],[11.5,-56.41],[11.92,-56.31],[11.81,-56.66]],[[13.6,-56.57],[13.13,-56.34],[13.18,-56.19],[12.98,-56],[13.31,-55.92],[13.58,-56.3],[13.86,-56.41],[13.6,-56.57]],[[13.56,-56.06],[13.48,-55.95],[13.77,-55.67],[14.01,-55.72],[14.02,-55.91],[13.56,-56.06]],[[14.6,-55.92],[14.3,-55.74],[14.59,-55.61],[14.86,-55.68],[14.83,-55.87],[14.6,-55.92]],[[15.34,-55.76],[14.83,-55.61],[14.81,-55.46],[15.29,-55.46],[15.47,-55.69],[15.34,-55.76]],[[16.48,-55.73],[16.54,-55.88],[16.23,-55.99],[16.17,-56.23],[15.83,-56.14],[16.13,-55.75],[16.48,-55.73]],[[15.1,-56.39],[15.26,-56.65],[14.71,-56.57],[15.1,-56.39]],[[14.26,-56.22],[14.09,-55.98],[14.76,-56.06],[14.26,-56.22]],[[15.2,-56.98],[15.72,-57.1],[15.74,-57.24],[15.11,-57.16],[15.2,-56.98]],[[9.87,-57.61],[9.84,-57.36],[10.21,-57.41],[10.28,-57.56],[9.87,-57.61]],[[15.83,-59.49],[15.84,-59.31],[16.18,-59.11],[16.39,-59.29],[16.23,-59.51],[15.88,-59.54],[15.87,-59.77],[15.51,-59.94],[15.14,-59.58],[15.26,-59.47],[15.83,-59.49]],[[14.95,-59.37],[14.62,-59.54],[14.18,-59.57],[14.04,-59.78],[13.65,-59.74],[13.71,-59.51],[14.36,-59.38],[14.71,-59.09],[15.01,-59.18],[14.95,-59.37]],[[15.13,-61.06],[15.31,-60.86],[15.57,-60.83],[15.62,-61.22],[15.13,-61.06]],[[8.8,-60.27],[8.48,-60.5],[8.12,-60.38],[8.4,-60.12],[8.78,-60.05],[8.8,-60.27]],[[-2.19,-60.34],[-2.02,-60.24],[-1.6,-60.28],[-1.82,-60.5],[-2.19,-60.34]],[[13.34,-61.94],[13.75,-61.82],[13.82,-62.07],[13.34,-61.94]],[[5.74,-58.83],[5.68,-58.98],[5.28,-58.92],[5.23,-58.61],[5.49,-58.27],[5.81,-58.36],[5.61,-58.74],[5.74,-58.83]],[[5.12,-58.53],[4.66,-58.5],[4.45,-58.35],[4.1,-58.42],[3.81,-58.22],[4.26,-58.05],[4.71,-58.09],[5.23,-57.99],[5.39,-58.18],[5.12,-58.39],[5.12,-58.53]],[[6.55,-58.46],[6.97,-58.34],[7.06,-58.52],[6.73,-58.59],[6.55,-58.46]],[[-9.24,-62.7],[-8.86,-62.96],[-9.29,-63],[-9.24,-62.7]],[[-11.28,-62.64],[-11.01,-62.45],[-10.39,-62.66],[-9.9,-62.68],[-9.51,-62.84],[-10.02,-62.92],[-10.83,-62.95],[-11.28,-62.64]],[[-12.14,-62.55],[-12.74,-62.44],[-13,-62.19],[-12.44,-62.18],[-12.23,-62.32],[-11.9,-62.16],[-11.45,-62.16],[-11.22,-62.39],[-11.68,-62.42],[-12.14,-62.55]],[[-14.24,-63.59],[-14.78,-63.53],[-15.48,-63.53],[-15.34,-63.29],[-15.03,-63.28],[-14.38,-63.46],[-14.24,-63.59]],[[-15.77,-63.42],[-15.97,-63.44],[-16.49,-63.2],[-16.94,-63.11],[-16.91,-62.68],[-16.39,-62.52],[-16.53,-62.29],[-15.71,-62.43],[-16.02,-62.75],[-16.31,-62.88],[-15.78,-63.01],[-15.5,-63.29],[-15.77,-63.42]],[[23.15,-61.93],[22.76,-62.25],[22.52,-62.11],[23.15,-61.93]]]},"properties":{"scalerank":0,"featurecla":"Bathymetry","depth":5000}},
{"type":"Feature","geometry":{"type":"Polygon","coordinates":[[[-133.69,-49.16],[-133.63,-49.26],[-133.53,-49.29],[-133.38,-49.29],[-133.69,-49.16]]]},"properties":{"scalerank":0,"featurecla":"Bathymetry","depth":5000}},
{"type":"Feature","geometry":{"type":"Polygon","coordinates":[[[-145.69,-49.09],[-145.63,-49.32],[-145.45,-49.27],[-145.69,-49.09]]]},"properties":{"scalerank":0,"featurecla":"Bathymetry","depth":5000}},
{"type":"Feature","geometry":{"type":"Polygon","coordinates":[[[35.95,-49.29],[36.13,-49.18],[36.16,-49.08],[35.91,-49.22],[35.95,-49.29]]]},"properties":{"scalerank":0,"featurecla":"Bathymetry","depth":5000}},
{"type":"Feature","geometry":{"type":"Polygon","coordinates":[[[-30.52,-48.77],[-30.7,-48.81],[-31.65,-48.87],[-32.16,-48.96],[-32.78,-48.96],[-33.79,-49.08],[-34.08,-49.03],[-34.48,-49.11],[-35.02,-49.09],[-35.55,-49.38],[-35.66,-49.68],[-35.06,-49.76],[-34.78,-49.89],[-34.32,-49.73],[-34.38,-49.99],[-34.01,-50.02],[-33.66,-50.13],[-33.35,-49.99],[-32.84,-49.99],[-32.65,-50.09],[-32.29,-50.02],[-32.09,-50.13],[-31.85,-50.02],[-31.35,-49.95],[-31.31,-49.82],[-30.91,-49.58],[-30.86,-49.39],[-30.64,-49.28],[-30.38,-49.37],[-29.86,-49.22],[-29.36,-49.4],[-28.85,-49.17],[-29.65,-48.85],[-29.9,-48.89],[-30.52,-48.77]]]},"properties":{"scalerank":0,"featurecla":"Bathymetry","depth":5000}},
{"type":"Feature","geometry":{"type":"Polygon","coordinates":[[[31.25,-48.64],[31.37,-48.53],[31.52,-48.46],[31.44,-48.41],[31.26,-48.54],[31.25,-48.64]]]},"properties":{"scalerank":0,"featurecla":"Bathymetry","depth":5000}},
{"type":"Feature","geometry":{"type":"Polygon","coordinates":[[[-156.08,-48.7],[-155.8,-49.11],[-155.48,-49.06],[-155.31,-49.25],[-154.94,-49.25],[-155.38,-48.98],[-155.62,-48.52],[-155.88,-48.47],[-156.08,-48.7]]]},"properties":{"scalerank":0,"featurecla":"Bathymetry","depth":5000}},
{"type":"Feature","geometry":{"type":"Polygon","coordinates":[[[32.81,-48.48],[32.93,-48.38],[32.8,-48.38],[32.81,-48.48]]]},"properties":{"scalerank":0,"featurecla":"Bathymetry","depth":5000}},
{"type":"Feature","geometry":{"type":"Polygon","coordinates":[[[160.3,-48.18],[159.82,-48.14],[159.09,-48.3],[159.86,-48.35],[160.06,-48.2],[160.3,-48.18]]]},"properties":{"scalerank":0,"featurecla":"Bathymetry","depth":5000}},
{"type":"Feature","geometry":{"type":"Polygon","coordinates":[[[32.02,-48.02],[31.89,-47.91],[31.75,-48.11],[32.02,-48.02]]]},"properties":{"scalerank":0,"featurecla":"Bathymetry","depth":5000}},
{"type":"Feature","geometry":{"type":"Polygon","coordinates":[[[-30.45,-47.62],[-30.52,-47.5],[-30.65,-47.62],[-30.45,-47.62]]]},"properties":{"scalerank":0,"featurecla":"Bathymetry","depth":5000}},
{"type":"Feature","geometry":{"type":"Polygon","coordinates":[[[-142.62,-47.53],[-142.74,-47.49],[-142.87,-47.51],[-142.92,-47.57],[-142.62,-47.53]]]},"properties":{"scalerank":0,"featurecla":"Bathymetry","depth":5000}},
{"type":"Feature","geometry":{"type":"Polygon","coordinates":[[[20.64,-47.54],[20.16,-47.56],[20.38,-47.73],[20.64,-47.54]]]},"properties":{"scalerank":0,"featurecla":"Bathymetry","depth":5000}},
{"type":"Feature","geometry":{"type":"Polygon","coordinates":[[[144.05,-47.29],[143.97,-47.15],[143.79,-47.17],[143.93,-47.28],[144.05,-47.29]]]},"properties":{"scalerank":0,"featurecla":"Bathymetry","depth":5000}},
{"type":"Feature","geometry":{"type":"Polygon","coordinates":[[[-145.87,-47.46],[-145.82,-47.37],[-145.83,-47.22],[-145.93,-47.12],[-145.96,-47.26],[-145.9,-47.28],[-145.87,-47.46]]]},"properties":{"scalerank":0,"featurecla":"Bathymetry","depth":5000}},
{"type":"Feature","geometry":{"type":"Polygon","coordinates":[[[33.57,-46.92],[33.64,-46.85],[33.58,-46.77],[33.47,-46.87],[33.57,-46.92]]]},"properties":{"scalerank":0,"featurecla":"Bathymetry","depth":5000}},
{"type":"Feature","geometry":{"type":"Polygon","coordinates":[[[151.71,-46.84],[151.58,-46.63],[151.39,-46.54],[151.41,-46.87],[151.71,-46.84]]]},"properties":{"scalerank":0,"featurecla":"Bathymetry","depth":5000}},
{"type":"Feature","geometry":{"type":"Polygon","coordinates":[[[-134.28,-46.5],[-134.44,-46.49],[-134.42,-46.66],[-134.19,-46.65],[-134.28,-46.5]]]},"properties":{"scalerank":0,"featurecla":"Bathymetry","depth":5000}},
{"type":"Feature","geometry":{"type":"Polygon","coordinates":[[[18.76,-47.86],[18.52,-47.55],[18.76,-47.49],[18.8,-47.71],[19.01,-47.74],[19.29,-47.57],[19.14,-47.37],[18.92,-47.27],[18.89,-47.1],[19.43,-47.22],[19.49,-46.92],[19.74,-46.76],[19.67,-46.5],[19.22,-46.33],[18.84,-46.29],[18.94,-46.49],[18.6,-46.51],[18.36,-46.64],[18.5,-46.89],[18.23,-47.25],[18.48,-47.39],[18.49,-47.74],[18.76,-47.86]]]},"properties":{"scalerank":0,"featurecla":"Bathymetry","depth":5000}},
{"type":"Feature","geometry":{"type":"Polygon","coordinates":[[[-133.75,-45.48],[-133.46,-45.23],[-133.56,-45.22],[-133.75,-45.48]]]},"properties":{"scalerank":0,"featurecla":"Bathymetry","depth":5000}},
{"type":"Feature","geometry":{"type":"Polygon","coordinates":[[[-132.46,-45.18],[-132.48,-45.42],[-132.3,-45.36],[-132.46,-45.18]]]},"properties":{"scalerank":0,"featurecla":"Bathymetry","depth":5000}},
{"type":"Feature","geometry":{"type":"Polygon","coordinates":[[[11.47,-45.23],[11.77,-45.17],[11.93,-45.05],[11.48,-45.1],[11.47,-45.23]]]},"properties":{"scalerank":0,"featurecla":"Bathymetry","depth":5000}},
{"type":"Feature","geometry":{"type":"Polygon","coordinates":[[[14.91,-44.94],[14.81,-44.91],[14.75,-45],[14.89,-45.04],[14.91,-44.94]]]},"properties":{"scalerank":0,"featurecla":"Bathymetry","depth":5000}},
{"type":"Feature","geometry":{"type":"Polygon","coordinates":[[[-157.05,-44.75],[-157.03,-44.66],[-157.14,-44.69],[-157.05,-44.75]]]},"properties":{"scalerank":0,"featurecla":"Bathymetry","depth":5000}},
{"type":"Feature","geometry":{"type":"Polygon","coordinates":[[[3.23,-44.52],[2.9,-44.69],[3.16,-44.72],[3.23,-44.52]]]},"properties":{"scalerank":0,"featurecla":"Bathymetry","depth":5000}},
{"type":"Feature","geometry":{"type":"Polygon","coordinates":[[[-133.26,-44.42],[-133.79,-44.42],[-133.74,-44.49],[-133.47,-44.49],[-133.26,-44.42]]]},"properties":{"scalerank":0,"featurecla":"Bathymetry","depth":5000}},
{"type":"Feature","geometry":{"type":"Polygon","coordinates":[[[-135.47,-44.02],[-135.73,-44.08],[-135.65,-44.11],[-135.47,-44.02]]]},"properties":{"scalerank":0,"featurecla":"Bathymetry","depth":5000}},
{"type":"Feature","geometry":{"type":"Polygon","coordinates":[[[60.51,-43.93],[60.83,-44.23],[61.06,-44.18],[60.89,-43.97],[60.51,-43.93]]]},"properties":{"scalerank":0,"featurecla":"Bathymetry","depth":5000}},
{"type":"Feature","geometry":{"type":"Polygon","coordinates":[[[22.56,-44.06],[22.59,-44.03],[22.56,-43.86],[22.69,-43.83],[22.6,-43.71],[22.56,-43.85],[22.49,-43.89],[22.46,-44],[22.56,-44.06]]]},"properties":{"scalerank":0,"featurecla":"Bathymetry","depth":5000}},
{"type":"Feature","geometry":{"type":"MultiPolygon","coordinates":[[[[158.03,-46.21],[158.19,-46.37],[158.44,-46.3],[158.74,-45.98],[159.27,-46.04],[159.52,-46.21],[159.7,-46.06],[160.14,-46.36],[160.34,-46.57],[160.2,-46.92],[160.07,-46.99],[160.2,-47.21],[160.64,-47.14],[160.61,-46.96],[160.87,-46.92],[161.04,-46.75],[161.07,-46.54],[160.64,-46.56],[160.59,-46.29],[160.25,-46.39],[160.07,-45.96],[160.24,-45.91],[160.03,-45.58],[160.29,-45.5],[160.41,-45.34],[160.04,-45.27],[159.96,-45.08],[159.66,-45.18],[159.31,-45.44],[159.49,-45.77],[159.19,-45.89],[159.14,-45.71],[158.76,-45.74],[158.24,-46.31],[158.03,-46.21]]],[[[158.02,-46.2],[157.66,-45.89],[157.66,-45.62],[157.98,-45.25],[158.5,-45.23],[158.77,-45.05],[158.97,-45.03],[158.99,-44.84],[159.31,-44.9],[159.55,-44.76],[159.76,-44.52],[160.15,-44.57],[160.6,-44.3],[161.09,-44.33],[161.38,-44.18],[161.53,-43.7],[161.4,-43.66],[160.69,-43.86],[160.19,-43.74],[160.02,-43.83],[159.34,-43.87],[158.8,-44.22],[158.41,-44.39],[158.28,-44.58],[158.33,-44.79],[157.77,-45.15],[157.78,-45.42],[157.49,-45.48],[157.28,-45.69],[157.51,-46.07],[157.3,-46.38],[157.43,-46.47],[157.39,-46.87],[157.52,-46.88],[157.5,-46.48],[157.72,-46.23],[158.02,-46.2]]]]},"properties":{"scalerank":0,"featurecla":"Bathymetry","depth":5000}},
{"type":"Feature","geometry":{"type":"Polygon","coordinates":[[[-130.78,-43.63],[-130.98,-43.56],[-131.39,-43.71],[-131.7,-43.63],[-131.62,-43.87],[-131.39,-43.91],[-131.31,-44.11],[-131.64,-44.33],[-131.78,-44.64],[-131.79,-45],[-131.18,-44.83],[-131.01,-45.02],[-130.62,-45.13],[-130.27,-45],[-129.67,-44.66],[-129.77,-44.4],[-129.97,-44.46],[-129.95,-43.98],[-130.27,-43.85],[-130.48,-43.9],[-130.78,-43.63]],[[-131.5,-44.65],[-131.49,-44.32],[-131.33,-44.28],[-131.24,-44.57],[-131.5,-44.65]],[[-130.8,-44.4],[-130.47,-44.59],[-130.2,-44.45],[-129.92,-44.62],[-130.2,-44.86],[-130.73,-44.81],[-130.85,-44.62],[-130.8,-44.4]]]},"properties":{"scalerank":0,"featurecla":"Bathymetry","depth":5000}},
{"type":"Feature","geometry":{"type":"Polygon","coordinates":[[[63.72,-43.37],[63.52,-43.24],[63.55,-43.37],[63.72,-43.37]]]},"properties":{"scalerank":0,"featurecla":"Bathymetry","depth":5000}},
{"type":"Feature","geometry":{"type":"Polygon","coordinates":[[[21,-43.32],[20.8,-43.1],[20.69,-43.41],[21,-43.54],[21,-43.32]]]},"properties":{"scalerank":0,"featurecla":"Bathymetry","depth":5000}},
{"type":"Feature","geometry":{"type":"Polygon","coordinates":[[[15.43,-42.67],[15.22,-42.72],[15.2,-42.84],[15.52,-42.81],[15.43,-42.67]]]},"properties":{"scalerank":0,"featurecla":"Bathymetry","depth":5000}},
{"type":"Feature","geometry":{"type":"Polygon","coordinates":[[[10.01,-42.82],[10.51,-42.59],[9.57,-42.87],[10.01,-42.82]]]},"properties":{"scalerank":0,"featurecla":"Bathymetry","depth":5000}},
{"type":"Feature","geometry":{"type":"Polygon","coordinates":[[[-167.47,-42.55],[-167.39,-42.76],[-167.34,-42.64],[-167.47,-42.55]]]},"properties":{"scalerank":0,"featurecla":"Bathymetry","depth":5000}},
{"type":"Feature","geometry":{"type":"Polygon","coordinates":[[[159.5,-42.43],[159.59,-42.42],[159.62,-42.36],[159.5,-42.35],[159.5,-42.43]]]},"properties":{"scalerank":0,"featurecla":"Bathymetry","depth":5000}},
{"type":"Feature","geometry":{"type":"Polygon","coordinates":[[[15.95,-42.61],[16.11,-42.46],[16.35,-42.38],[16.31,-42.27],[16.12,-42.35],[15.95,-42.61]]]},"properties":{"scalerank":0,"featurecla":"Bathymetry","depth":5000}},
{"type":"Feature","geometry":{"type":"Polygon","coordinates":[[[127.2,-42.07],[126.79,-42.07],[126.99,-42.23],[127.2,-42.07]]]},"properties":{"scalerank":0,"featurecla":"Bathymetry","depth":5000}},
{"type":"Feature","geometry":{"type":"Polygon","coordinates":[[[-129.97,-41.93],[-130.05,-41.85],[-130.03,-41.71],[-130.15,-41.83],[-130.04,-41.93],[-129.97,-41.93]]]},"properties":{"scalerank":0,"featurecla":"Bathymetry","depth":5000}},
{"type":"Feature","geometry":{"type":"Polygon","coordinates":[[[125.32,-41.35],[125.32,-41.58],[125.44,-41.49],[125.32,-41.35]]]},"properties":{"scalerank":0,"featurecla":"Bathymetry","depth":5000}},
{"type":"Feature","geometry":{"type":"Polygon","coordinates":[[[-154.78,-43.51],[-154.92,-43.39],[-155.2,-43.38],[-155.14,-43.01],[-155.14,-42.8],[-155.42,-42.89],[-155.67,-42.58],[-155.38,-42.44],[-155.14,-42.46],[-155.07,-42.18],[-155.35,-42.17],[-155.62,-42],[-155.57,-41.76],[-155.87,-41.67],[-155.95,-42.17],[-155.9,-42.47],[-155.65,-42.89],[-155.28,-43.27],[-155.26,-43.37],[-155.09,-43.49],[-154.78,-43.51]]]},"properties":{"scalerank":0,"featurecla":"Bathymetry","depth":5000}},
{"type":"Feature","geometry":{"type":"Polygon","coordinates":[[[124.41,-41.45],[124.11,-41.44],[124.08,-41.69],[123.91,-41.82],[123.97,-42.06],[124.3,-42.11],[124.5,-41.9],[124.37,-41.69],[124.41,-41.45]],[[123.98,-41.88],[124.25,-41.74],[124.35,-41.93],[124.26,-42.05],[123.98,-41.88]]]},"properties":{"scalerank":0,"featurecla":"Bathymetry","depth":5000}},
{"type":"Feature","geometry":{"type":"Polygon","coordinates":[[[138.35,-41.08],[137.95,-41.09],[137.66,-41.33],[137.44,-41.41],[137.48,-41.66],[138.19,-41.37],[138.35,-41.08]]]},"properties":{"scalerank":0,"featurecla":"Bathymetry","depth":5000}},
{"type":"Feature","geometry":{"type":"Polygon","coordinates":[[[16.65,-40.89],[16.47,-41.4],[16.37,-41.43],[15.85,-40.99],[15.77,-41.14],[16.22,-41.44],[16.19,-41.57],[15.61,-41.69],[16.15,-42],[16.24,-41.85],[16.57,-41.94],[16.68,-41.6],[16.83,-41.36],[17.03,-41.34],[17.21,-41.71],[17.06,-41.83],[17.36,-42.08],[17.15,-42.28],[16.87,-42.17],[16.56,-42.14],[16.63,-42.34],[17.05,-42.46],[17.03,-42.6],[16.75,-42.7],[16.36,-43],[15.79,-43.15],[15.75,-43.3],[15.48,-43.3],[15.5,-43.49],[15.06,-43.42],[14.8,-43.49],[14.51,-43.35],[14.34,-43.18],[14.38,-43.02],[15.05,-42.43],[15.29,-42.29],[15.68,-42.28],[15.49,-42.07],[15,-42.4],[14.67,-42.36],[14.29,-42.82],[13.32,-43.3],[12.7,-43.51],[12.91,-43.61],[13.21,-43.53],[13.28,-43.41],[13.86,-43.2],[14.1,-43.26],[14.36,-43.43],[14.67,-43.48],[14.87,-43.73],[14.82,-44.08],[14.17,-44.17],[14.38,-44.35],[14.65,-44.23],[15.03,-44.35],[15.17,-44.57],[15.05,-44.81],[15.19,-45.07],[14.95,-45.12],[14.62,-45.33],[14.4,-45.27],[14.33,-45.54],[14.15,-45.62],[13.97,-46.14],[14.34,-45.81],[14.83,-45.53],[14.65,-45.34],[14.95,-45.26],[15.45,-45.04],[15.32,-44.79],[15.83,-44.44],[16.26,-44.29],[16.56,-44.26],[16.86,-44.12],[16.61,-43.99],[16.12,-44.31],[15.83,-44.32],[15.52,-44.48],[15.18,-44.32],[15.08,-44.18],[15.21,-43.82],[15.79,-43.49],[15.89,-43.32],[16.44,-43.08],[16.6,-43.07],[16.81,-42.86],[17.06,-42.83],[17.39,-42.62],[17.87,-42.57],[18.13,-42.75],[18.24,-42.45],[18.43,-42.36],[18.53,-42.6],[18.41,-42.73],[18.63,-42.99],[18.79,-42.89],[19.2,-42.25],[19.49,-42.1],[18.96,-42],[18.76,-42.12],[18.21,-42.16],[18.17,-42.36],[17.99,-42.46],[17.55,-41.94],[17.5,-41.72],[17.17,-41.49],[17.01,-41.17],[16.72,-41.27],[16.65,-40.89]]]},"properties":{"scalerank":0,"featurecla":"Bathymetry","depth":5000}},
{"type":"Feature","geometry":{"type":"Polygon","coordinates":[[[-155.15,-40.85],[-155.47,-41.1],[-155.25,-41.3],[-155.23,-41.78],[-155.04,-41.94],[-154.82,-41.96],[-154.78,-41.72],[-155.03,-41.69],[-155.12,-41.36],[-154.5,-41.48],[-154.5,-41.25],[-154.79,-40.98],[-155.11,-40.99],[-155.15,-40.85]]]},"properties":{"scalerank":0,"featurecla":"Bathymetry","depth":5000}},
{"type":"Feature","geometry":{"type":"Polygon","coordinates":[[[123.06,-40.87],[123.29,-40.77],[123.22,-40.61],[123.06,-40.87]]]},"properties":{"scalerank":0,"featurecla":"Bathymetry","depth":5000}},
{"type":"Feature","geometry":{"type":"Polygon","coordinates":[[[157.99,-40.9],[158.02,-40.82],[157.8,-40.78],[157.85,-40.88],[157.99,-40.9]]]},"properties":{"scalerank":0,"featurecla":"Bathymetry","depth":5000}},
{"type":"Feature","geometry":{"type":"Polygon","coordinates":[[[119.26,-40.27],[119.11,-40.3],[119.39,-40.75],[119.58,-40.76],[119.62,-40.51],[119.26,-40.27]]]},"properties":{"scalerank":0,"featurecla":"Bathymetry","depth":5000}},
{"type":"Feature","geometry":{"type":"Polygon","coordinates":[[[117.3,-40.65],[117.3,-40.48],[117.13,-40.59],[117.3,-40.65]]]},"properties":{"scalerank":0,"featurecla":"Bathymetry","depth":5000}},
{"type":"Feature","geometry":{"type":"Polygon","coordinates":[[[123.65,-40.5],[123.72,-40.44],[123.72,-40.18],[123.58,-40.26],[123.65,-40.5]]]},"properties":{"scalerank":0,"featurecla":"Bathymetry","depth":5000}},
{"type":"Feature","geometry":{"type":"Polygon","coordinates":[[[63.96,-40.13],[63.87,-40.05],[63.65,-40.2],[63.65,-40.36],[63.85,-40.17],[63.96,-40.13]]]},"properties":{"scalerank":0,"featurecla":"Bathymetry","depth":5000}},
{"type":"Feature","geometry":{"type":"Polygon","coordinates":[[[122.14,-40.05],[121.91,-40.07],[121.68,-40.01],[121.47,-40.06],[121.62,-40.39],[121.52,-40.5],[121.3,-40.4],[121.02,-40.48],[121.59,-40.58],[121.68,-40.4],[121.59,-40.16],[121.89,-40.14],[122.14,-40.05]]]},"properties":{"scalerank":0,"featurecla":"Bathymetry","depth":5000}},
{"type":"Feature","geometry":{"type":"Polygon","coordinates":[[[119.24,-39.89],[119.1,-39.91],[119.22,-40.03],[119.24,-39.89]]]},"properties":{"scalerank":0,"featurecla":"Bathymetry","depth":5000}},
{"type":"Feature","geometry":{"type":"Polygon","coordinates":[[[51.72,-40.18],[51.85,-39.89],[51.82,-39.79],[51.69,-40.07],[51.72,-40.18]]]},"properties":{"scalerank":0,"featurecla":"Bathymetry","depth":5000}},
{"type":"Feature","geometry":{"type":"Polygon","coordinates":[[[160.27,-39.77],[160.09,-39.68],[160.03,-39.76],[160.27,-39.77]]]},"properties":{"scalerank":0,"featurecla":"Bathymetry","depth":5000}},
{"type":"Feature","geometry":{"type":"Polygon","coordinates":[[[16.79,-39.85],[16.93,-39.69],[16.84,-39.66],[16.79,-39.85]]]},"properties":{"scalerank":0,"featurecla":"Bathymetry","depth":5000}},
{"type":"Feature","geometry":{"type":"Polygon","coordinates":[[[110.75,-39.68],[111,-39.62],[110.92,-39.56],[110.75,-39.68]]]},"properties":{"scalerank":0,"featurecla":"Bathymetry","depth":5000}},
{"type":"Feature","geometry":{"type":"Polygon","coordinates":[[[29.76,-46.46],[29.93,-46.14],[30.11,-46.06],[30.07,-46.55],[30.28,-46.6],[30.26,-46.3],[30.79,-46.53],[30.82,-46.33],[30.63,-45.86],[30.65,-45.26],[30.84,-45.12],[30.91,-45.66],[31.05,-45.56],[31.01,-45.12],[31.13,-44.65],[31.24,-44.52],[31.3,-44.16],[31.63,-43.9],[31.9,-43.78],[32.06,-43.88],[32.01,-44.37],[32.24,-44.36],[32.32,-44.58],[32.6,-44.56],[32.51,-44.31],[32.15,-44.18],[32.23,-43.97],[32.17,-43.66],[32.29,-43.5],[32.23,-43.14],[32.33,-42.67],[32.64,-42.35],[32.71,-42.06],[32.99,-41.97],[32.88,-42.36],[32.74,-42.55],[32.95,-42.67],[33.09,-41.91],[33.04,-41.71],[33.17,-41.33],[33.39,-41.29],[33.38,-41.69],[33.55,-42],[33.7,-41.9],[33.58,-41.66],[33.87,-41.53],[34.2,-41.74],[34.38,-41.58],[34.3,-41.36],[34.57,-41.31],[34.41,-40.74],[34.13,-40.9],[34.11,-41.09],[33.94,-41.18],[33.73,-41.07],[33.58,-40.81],[33.77,-40.42],[33.66,-40.37],[33.3,-40.75],[32.77,-40.88],[32.53,-40.72],[32.38,-41.04],[32.72,-41.11],[33,-40.99],[33.05,-41.25],[32.7,-41.5],[32.41,-41.82],[32.27,-41.86],[32.23,-42.11],[31.86,-42.21],[31.82,-42.38],[31.6,-42.53],[31.4,-42.38],[30.98,-42.39],[30.94,-42.19],[30.74,-42.19],[30.67,-41.99],[31.01,-41.98],[30.91,-41.76],[31.02,-41.44],[31.3,-41.42],[31.26,-41.22],[31.04,-41.16],[30.9,-41.38],[30.62,-41.47],[30.65,-41.76],[30.5,-41.81],[30.1,-41.71],[30.11,-42.01],[30.27,-42.09],[30.1,-42.34],[30.12,-42.62],[29.9,-42.58],[29.86,-42.34],[29.64,-42.41],[29.67,-42.63],[29.15,-42.55],[29.06,-42.38],[28.85,-42.37],[28.53,-42.84],[27.89,-43.18],[27.71,-43.36],[27.31,-43.37],[27.5,-43.1],[27.24,-42.84],[27.02,-42.81],[26.85,-42.96],[26.38,-43.18],[25.99,-43.03],[25.75,-43.05],[25.35,-43.19],[25.18,-43.02],[24.74,-43.01],[24.42,-43.29],[24.34,-43.64],[24.15,-43.61],[23.97,-43.78],[24.15,-43.96],[24.06,-44.26],[23.68,-44.38],[23.79,-44.78],[24.03,-44.83],[23.89,-45.13],[23.99,-45.34],[23.53,-45.31],[23.6,-45.54],[23,-45.54],[22.78,-45.65],[22.98,-45.81],[23.01,-46],[22.88,-46.14],[23,-46.31],[23.21,-46.25],[23.12,-45.77],[23.35,-45.73],[23.49,-46.08],[23.51,-46.37],[23.41,-46.54],[23.48,-46.97],[22.86,-47.23],[23.48,-47.35],[23.7,-47.16],[23.61,-46.73],[23.68,-46.54],[23.97,-46.49],[24.01,-46.69],[23.9,-46.87],[23.91,-47.38],[24.14,-47.21],[24.37,-46.64],[24.64,-46.44],[24.84,-46.56],[24.41,-47.28],[24.24,-47.93],[24.35,-48.37],[24.58,-48.51],[24.64,-48.89],[24.85,-49.01],[24.89,-49.35],[25.17,-49.23],[25.22,-48.89],[25,-48.58],[24.96,-48.26],[24.73,-48.06],[24.78,-47.87],[24.51,-47.77],[24.6,-47.4],[24.72,-47.3],[25.06,-47.3],[25.28,-47.46],[25.11,-47.76],[25.38,-48.29],[25.45,-48.68],[25.71,-48.35],[26.01,-48.35],[26.32,-48.67],[26.52,-48.69],[26.74,-48.96],[26.78,-49.25],[26.45,-49.35],[26.3,-49.68],[25.97,-50.21],[26.26,-50.28],[26.5,-49.92],[26.65,-49.86],[26.78,-49.44],[27.29,-49.18],[27.14,-48.95],[27.26,-48.86],[27.17,-48.62],[27.32,-48.36],[27.09,-48.51],[26.99,-48.25],[27.1,-47.59],[27.24,-47.35],[27.19,-47.21],[27.5,-47.09],[27.5,-47.52],[27.38,-47.69],[27.41,-48],[27.72,-48.23],[28.01,-48.65],[28.62,-48.65],[28.06,-48.99],[28.17,-49.16],[27.82,-49.44],[28.18,-49.54],[28.08,-49.85],[27.53,-50.28],[27.7,-50.42],[27.98,-50.07],[28.4,-49.76],[28.29,-49.56],[28.58,-48.96],[28.88,-48.76],[28.95,-48.51],[29.32,-48.54],[29.35,-48.25],[29.14,-47.98],[28.81,-47.77],[28.85,-47.59],[28.59,-47.4],[28.62,-47.02],[28.82,-47.05],[28.92,-46.68],[29.21,-46.63],[29.19,-46.95],[29.38,-47.12],[29.32,-47.42],[29.6,-47.54],[29.73,-47.8],[30.11,-47.78],[29.94,-47.53],[29.95,-47.33],[29.63,-47.02],[29.46,-46.28],[29.68,-46.23],[29.76,-46.46]],[[30.07,-45.89],[30.01,-45.69],[30.29,-45.51],[30.29,-45.81],[30.07,-45.89]],[[25.75,-46.87],[25.89,-47.21],[25.5,-47.24],[25.75,-46.87]],[[25.68,-48.25],[25.51,-47.91],[25.58,-47.48],[25.96,-47.44],[25.92,-47.74],[26.16,-47.9],[26.21,-48.19],[25.97,-48.28],[25.68,-48.25]],[[26.4,-47.66],[26.51,-47.5],[26.81,-47.51],[26.69,-47.93],[26.73,-48.19],[26.45,-48.36],[26.38,-48.02],[26.16,-47.74],[26.4,-47.66]],[[28.25,-48.19],[27.76,-47.64],[27.86,-47.35],[28.13,-47.24],[28.3,-47.5],[28.47,-47.6],[28.77,-48.03],[29.01,-48.15],[28.64,-48.29],[28.25,-48.19]]]},"properties":{"scalerank":0,"featurecla":"Bathymetry","depth":5000}},
{"type":"Feature","geometry":{"type":"Polygon","coordinates":[[[-131.63,-39.36],[-131.8,-39.35],[-131.76,-39.53],[-131.62,-39.5],[-131.63,-39.36]]]},"properties":{"scalerank":0,"featurecla":"Bathymetry","depth":5000}},
{"type":"Feature","geometry":{"type":"Polygon","coordinates":[[[120.73,-39.51],[120.6,-39.51],[120.69,-39.65],[120.73,-39.51]]]},"properties":{"scalerank":0,"featurecla":"Bathymetry","depth":5000}},
{"type":"Feature","geometry":{"type":"Polygon","coordinates":[[[64.85,-39.54],[65.03,-39.22],[64.92,-39.23],[64.83,-39.36],[64.85,-39.54]]]},"properties":{"scalerank":0,"featurecla":"Bathymetry","depth":5000}},
{"type":"Feature","geometry":{"type":"Polygon","coordinates":[[[117.46,-39.02],[117.53,-39.12],[117.67,-39.07],[117.46,-39.02]]]},"properties":{"scalerank":0,"featurecla":"Bathymetry","depth":5000}},
{"type":"Feature","geometry":{"type":"Polygon","coordinates":[[[122.36,-39.09],[122.04,-38.95],[121.97,-39.12],[122.36,-39.09]]]},"properties":{"scalerank":0,"featurecla":"Bathymetry","depth":5000}},
{"type":"Feature","geometry":{"type":"Polygon","coordinates":[[[64.93,-38.61],[65.01,-38.38],[64.86,-38.45],[64.93,-38.61]]]},"properties":{"scalerank":0,"featurecla":"Bathymetry","depth":5000}},
{"type":"Feature","geometry":{"type":"Polygon","coordinates":[[[-132.66,-39.32],[-132.82,-39.47],[-133.6,-39.26],[-134.05,-38.6],[-133.97,-38.52],[-133.54,-38.66],[-133.25,-38.66],[-133.3,-38.9],[-133.2,-39.19],[-133.01,-39.35],[-132.84,-38.66],[-132.94,-38.52],[-133.22,-38.43],[-133.44,-38.55],[-133.69,-38.2],[-134.05,-38.05],[-134.37,-38.11],[-134.76,-38.11],[-134.65,-38.36],[-134.74,-38.5],[-135.21,-38.31],[-135.26,-38.49],[-134.84,-38.48],[-134.71,-38.68],[-134.75,-38.87],[-134.47,-38.98],[-134.14,-38.56],[-134.05,-38.82],[-133.62,-39.36],[-133.4,-39.43],[-133.21,-39.66],[-133.06,-39.98],[-132.84,-40.13],[-132.7,-39.94],[-132.91,-39.75],[-132.66,-39.32]]]},"properties":{"scalerank":0,"featurecla":"Bathymetry","depth":5000}},
{"type":"Feature","geometry":{"type":"Polygon","coordinates":[[[-35.16,-38.1],[-35.09,-37.91],[-35.36,-37.92],[-35.56,-38.43],[-35.32,-38.57],[-35.16,-38.26],[-35.16,-38.1]]]},"properties":{"scalerank":0,"featurecla":"Bathymetry","depth":5000}},
{"type":"Feature","geometry":{"type":"Polygon","coordinates":[[[160.78,-37.97],[160.7,-37.89],[160.49,-37.89],[160.52,-37.96],[160.78,-37.97]]]},"properties":{"scalerank":0,"featurecla":"Bathymetry","depth":5000}},
{"type":"Feature","geometry":{"type":"Polygon","coordinates":[[[-1.28,-37.89],[-1.5,-37.8],[-1.71,-37.98],[-1.97,-38.01],[-1.94,-38.18],[-1.5,-37.93],[-1.28,-37.89]]]},"properties":{"scalerank":0,"featurecla":"Bathymetry","depth":5000}},
{"type":"Feature","geometry":{"type":"Polygon","coordinates":[[[14.22,-37.88],[13.85,-37.87],[13.13,-38.19],[13.15,-38.31],[13.54,-38.28],[13.99,-38.15],[13.99,-38.02],[14.22,-37.88]]]},"properties":{"scalerank":0,"featurecla":"Bathymetry","depth":5000}},
{"type":"Feature","geometry":{"type":"Polygon","coordinates":[[[158.9,-37.78],[158.64,-37.92],[159,-38.06],[159.47,-37.95],[159.22,-37.74],[159.03,-37.89],[158.9,-37.78]]]},"properties":{"scalerank":0,"featurecla":"Bathymetry","depth":5000}},
{"type":"Feature","geometry":{"type":"Polygon","coordinates":[[[161.08,-37.75],[161.14,-37.92],[161.35,-37.87],[161.35,-37.72],[161.08,-37.75]]]},"properties":{"scalerank":0,"featurecla":"Bathymetry","depth":5000}},
{"type":"Feature","geometry":{"type":"Polygon","coordinates":[[[38.97,-37.44],[38.96,-37.7],[39.1,-37.63],[38.97,-37.44]]]},"properties":{"scalerank":0,"featurecla":"Bathymetry","depth":5000}},
{"type":"Feature","geometry":{"type":"Polygon","coordinates":[[[-121.05,-37.49],[-121.08,-37.44],[-121.31,-37.38],[-121.49,-37.39],[-121.05,-37.49]]]},"properties":{"scalerank":0,"featurecla":"Bathymetry","depth":5000}},
{"type":"Feature","geometry":{"type":"Polygon","coordinates":[[[-122.81,-37.3],[-123.47,-37.02],[-123.48,-37.13],[-122.81,-37.3]]]},"properties":{"scalerank":0,"featurecla":"Bathymetry","depth":5000}},
{"type":"Feature","geometry":{"type":"Polygon","coordinates":[[[19.84,-42.57],[19.83,-42.77],[20.15,-43.04],[20.19,-42.81],[20.36,-42.72],[21.16,-42.57],[21.01,-42.97],[21.25,-43.13],[21.53,-42.87],[21.72,-42.5],[21.9,-42.59],[22.15,-42.55],[22.2,-42.4],[21.8,-42.4],[21.86,-42.11],[21.79,-41.84],[21.98,-41.58],[21.96,-41.24],[22.18,-41.21],[22.09,-40.96],[22.26,-40.82],[22.56,-40.76],[22.72,-40.87],[22.99,-40.54],[22.82,-40.36],[23.01,-40.21],[22.97,-39.81],[22.71,-39.55],[23.19,-39.48],[23.36,-39.67],[23.52,-39.55],[23.42,-39.32],[23.49,-39.01],[23.8,-39.01],[23.86,-38.72],[23.74,-38.51],[24.02,-38.51],[23.95,-38.32],[24.12,-38.18],[24.02,-37.73],[23.89,-37.44],[24.07,-37.25],[24.02,-36.94],[23.69,-36.99],[23.52,-36.77],[23.26,-36.86],[23.16,-37.08],[22.9,-37.18],[22.72,-37.36],[22.64,-37.73],[22.5,-37.78],[22,-37.65],[21.65,-37.66],[21.24,-37.93],[21.05,-37.98],[20.85,-38.33],[20.61,-38.26],[20.34,-38.3],[20.15,-38.47],[19.99,-38.45],[19.54,-38.57],[19.3,-38.78],[19.28,-38.96],[19.71,-38.92],[19.85,-38.69],[20.02,-38.83],[20.03,-39.48],[19.85,-39.6],[19.15,-39.75],[18.61,-39.35],[18.42,-39.36],[18.51,-39.67],[18.38,-39.86],[18.01,-39.68],[17.83,-39.77],[17.71,-39.98],[17.95,-40.26],[18.03,-39.96],[18.22,-39.86],[18.68,-39.92],[18.7,-39.7],[18.95,-39.66],[19.48,-39.97],[19.44,-40.25],[19.64,-40.21],[19.67,-40.43],[19.83,-40.56],[20.29,-40.22],[20.56,-40.3],[20.77,-40.46],[21.04,-40.44],[21.28,-40.74],[21.31,-41.23],[21.01,-41.23],[20.72,-41.4],[20.61,-41.6],[20.24,-41.48],[20.04,-41.85],[20.16,-41.96],[20.02,-42.15],[20.07,-42.51],[19.84,-42.57]],[[21.72,-41.73],[21.7,-42.2],[21.51,-42.22],[21.35,-41.98],[21.38,-41.66],[21.72,-41.73]],[[20.17,-40.2],[19.8,-40.25],[19.64,-39.82],[19.83,-39.75],[19.98,-40.02],[20.17,-40.2]],[[21.36,-38.62],[21.33,-38.82],[20.94,-38.8],[20.83,-38.63],[21,-38.5],[21.32,-38.42],[21.36,-38.62]]]},"properties":{"scalerank":0,"featurecla":"Bathymetry","depth":5000}},
{"type":"Feature","geometry":{"type":"Polygon","coordinates":[[[-36.68,-37.99],[-36.95,-38.02],[-37.13,-37.9],[-37.34,-38.01],[-37.49,-37.8],[-38.08,-37.75],[-38.43,-37.95],[-38.58,-37.97],[-39.08,-38.2],[-39.5,-38.31],[-39.66,-37.89],[-39.56,-37.58],[-39.84,-37.49],[-39.73,-37.33],[-40.14,-37.22],[-40.59,-36.82],[-40.97,-36.97],[-41.08,-37.28],[-41.57,-37.02],[-42.17,-37.07],[-42.28,-36.92],[-42.48,-36.98],[-42.82,-36.89],[-42.96,-36.76],[-43.34,-36.72],[-43.96,-36.88],[-44.13,-36.79],[-44.55,-36.72],[-44.72,-36.77],[-44.83,-36.58],[-45.34,-36.38],[-45.89,-36.36],[-46.06,-36.41],[-46.64,-36.4],[-46.66,-36.59],[-47.08,-36.67],[-47.4,-36.91],[-47.63,-36.92],[-47.98,-37.03],[-48.41,-37.06],[-48.72,-37.25],[-49.21,-37.29],[-49.33,-37.45],[-49.56,-37.43],[-50.19,-37.78],[-50.35,-37.82],[-50.48,-38.12],[-50.76,-38.33],[-51.11,-38.73],[-51.42,-38.78],[-51.58,-39.08],[-51.75,-39.08],[-51.94,-39.37],[-52.23,-39.52],[-52.47,-39.53],[-52.59,-39.72],[-52.88,-39.62],[-53.04,-39.96],[-53.38,-40.04],[-53.52,-40.34],[-53.54,-40.57],[-53.73,-40.56],[-54,-40.86],[-54.1,-41.35],[-54.31,-41.52],[-54.53,-41.93],[-54.76,-42.01],[-54.77,-42.17],[-55.06,-42.34],[-55.02,-42.52],[-55.2,-42.6],[-55.18,-42.81],[-55.38,-42.84],[-55.6,-43.14],[-55.99,-43.42],[-56.51,-43.96],[-56.64,-44.66],[-56.83,-44.9],[-56.69,-45],[-56.83,-45.17],[-56.73,-45.32],[-56.71,-45.6],[-56.6,-45.87],[-56.44,-46.03],[-56.24,-46.47],[-56.23,-46.63],[-55.9,-47.43],[-55.76,-47.86],[-55.48,-48.06],[-55.12,-48.05],[-55.03,-48.18],[-54.33,-48.35],[-54.15,-48.47],[-53.87,-48.47],[-53.59,-48.71],[-53.45,-48.94],[-52.68,-49.08],[-52.47,-49.06],[-51.7,-49.27],[-50.9,-49.36],[-49.83,-49.38],[-49.23,-49.47],[-48.46,-49.43],[-47.45,-49.48],[-46.24,-49.47],[-45.91,-49.54],[-44.97,-49.53],[-44.7,-49.4],[-43.2,-49.49],[-43.11,-49.11],[-42.86,-49.34],[-42.58,-49.15],[-42.18,-49.21],[-41.98,-49.38],[-40.8,-49.33],[-40.9,-49.21],[-40.57,-49.11],[-40.42,-49.22],[-40.06,-49.18],[-40.13,-49.03],[-39.41,-48.96],[-38.35,-48.98],[-38.02,-48.88],[-36.67,-48.72],[-36.41,-48.86],[-36.88,-48.95],[-36.78,-49.05],[-36.04,-49.02],[-35.9,-49.2],[-35.95,-49.3],[-36.64,-49.25],[-37.18,-49.41],[-37.73,-49.32],[-37.9,-49.51],[-38.28,-49.77],[-38.44,-50.01],[-38.44,-50.24],[-38.11,-50.51],[-37.69,-50.48],[-37.5,-50.54],[-37.16,-50.41],[-36.94,-50.47],[-36.65,-49.96],[-36.6,-49.77],[-36.72,-49.59],[-36.64,-49.46],[-36.39,-49.46],[-36.05,-49.37],[-35.77,-49.43],[-35.81,-49.25],[-35.64,-48.91],[-35.4,-48.72],[-34.79,-48.68],[-33.86,-48.67],[-33.49,-48.63],[-33.7,-48.28],[-33.48,-48.17],[-33.12,-48.22],[-32.64,-48.14],[-32.52,-47.98],[-32.23,-47.94],[-31.82,-47.76],[-31.84,-47.57],[-31.42,-47.11],[-30.86,-47.02],[-30.67,-47.14],[-30.44,-46.94],[-30.77,-46.78],[-31.01,-46.51],[-30.77,-46.26],[-30.46,-46.37],[-29.75,-46.48],[-29.4,-46.37],[-30.04,-46.13],[-30.28,-46.25],[-30.77,-46.19],[-30.86,-46.05],[-30.56,-45.98],[-30.56,-45.83],[-30.37,-45.69],[-30.32,-45.22],[-30.39,-44.92],[-30.23,-44.91],[-30.34,-44.78],[-30.66,-44.74],[-30.91,-44.94],[-31.17,-44.7],[-31.39,-44.74],[-31.63,-44.43],[-31.38,-44.39],[-31.52,-44.09],[-31.75,-44.3],[-32.14,-44.21],[-32.11,-43.96],[-32.27,-43.67],[-32.77,-43.57],[-32.9,-43.09],[-32.71,-42.89],[-32.94,-42.65],[-33.31,-42.65],[-33.33,-42.24],[-32.75,-42.2],[-32.66,-42.36],[-32.42,-42.41],[-31.9,-42.4],[-31.91,-42.25],[-31.71,-41.96],[-32.12,-41.98],[-32.28,-41.91],[-33.16,-41.98],[-33.34,-41.87],[-33.13,-41.71],[-33.26,-41.52],[-33.46,-41.47],[-33.39,-41.88],[-33.99,-41.98],[-33.82,-42.26],[-34.01,-42.53],[-34.01,-42.79],[-33.56,-43.08],[-33.16,-43.02],[-32.98,-43.1],[-32.95,-43.32],[-33.2,-43.3],[-33.44,-43.4],[-33.52,-43.9],[-33.81,-43.79],[-33.75,-43.43],[-33.89,-43.13],[-34.32,-42.96],[-34.39,-42.67],[-34.2,-42.64],[-34.38,-42.38],[-34.94,-42.34],[-35.23,-42.01],[-35.27,-41.67],[-34.92,-41.26],[-34.68,-41.26],[-34.25,-41.55],[-33.86,-41.39],[-33.61,-41.44],[-33.41,-41.16],[-33.05,-41.2],[-33.07,-41.41],[-32.86,-41.68],[-32.5,-41.47],[-32.66,-41.21],[-33.21,-41.08],[-33.34,-40.75],[-33.18,-40.57],[-33.35,-40.34],[-33.17,-40.27],[-33.28,-40.04],[-32.74,-40.12],[-32.42,-40.28],[-32.4,-39.96],[-32.71,-39.94],[-32.9,-39.8],[-32.9,-39.59],[-33.35,-39.49],[-33.42,-39.41],[-33.48,-38.74],[-33.69,-39.1],[-33.56,-39.28],[-33.65,-39.45],[-33.39,-39.6],[-33.32,-39.86],[-33.56,-40.36],[-33.5,-40.54],[-33.58,-40.73],[-33.94,-41.02],[-34.25,-40.99],[-34.4,-40.89],[-34.56,-40.24],[-34.76,-40.21],[-34.8,-40.46],[-35.13,-40.42],[-35.32,-40.61],[-35.43,-41.03],[-35.59,-41.16],[-35.85,-41.01],[-36.06,-40.77],[-36.07,-40.5],[-36.53,-40.32],[-36.81,-39.81],[-36.59,-39.66],[-36.93,-39.3],[-37.15,-39.18],[-37.2,-38.93],[-37.03,-38.71],[-36.61,-38.69],[-36.6,-38.21],[-36.68,-37.99]],[[-37.27,-38.13],[-37.1,-38.42],[-37.25,-38.55],[-37.76,-38.37],[-37.66,-38.19],[-37.41,-38.28],[-37.27,-38.13]],[[-44.47,-44.88],[-45.21,-44.62],[-45.48,-44.69],[-46,-44.65],[-45.94,-44.24],[-45.78,-44.17],[-45.89,-43.94],[-45.74,-43.75],[-45.47,-43.73],[-45.31,-43.9],[-45.08,-43.8],[-44.75,-44.47],[-44.58,-44.54],[-44.47,-44.88]],[[-44.24,-44.89],[-43.78,-44.91],[-43.44,-44.67],[-42.48,-44.66],[-42.14,-44.71],[-41.88,-44.58],[-41.25,-44.73],[-41.05,-44.64],[-40.53,-44.54],[-40.2,-44.29],[-40,-44.35],[-40.03,-44.66],[-39.31,-44.72],[-38.54,-44.96],[-38.62,-45.06],[-39.05,-45],[-39.55,-45.02],[-40.03,-45.17],[-40.88,-45.06],[-41.27,-45.11],[-41.72,-45.09],[-42.22,-44.95],[-42.94,-44.99],[-44.03,-45.12],[-44.24,-44.89]],[[-46.38,-44.26],[-46.03,-44.36],[-46.11,-44.52],[-46.65,-44.45],[-46.38,-44.26]],[[-31.06,-45.63],[-30.78,-45.45],[-30.77,-45.74],[-31.06,-45.63]]]},"properties":{"scalerank":0,"featurecla":"Bathymetry","depth":5000}},
{"type":"Feature","geometry":{"type":"Polygon","coordinates":[[[104.83,-36.19],[104.7,-36.38],[104.55,-36.8],[104.74,-36.82],[105.05,-36.48],[104.83,-36.19]]]},"properties":{"scalerank":0,"featurecla":"Bathymetry","depth":5000}},
{"type":"Feature","geometry":{"type":"Polygon","coordinates":[[[0.06,-36.35],[0.02,-36.15],[-0.17,-36.17],[-0.3,-36.46],[0.06,-36.35]]]},"properties":{"scalerank":0,"featurecla":"Bathymetry","depth":5000}},
{"type":"Feature","geometry":{"type":"Polygon","coordinates":[[[-168.94,-36.36],[-169.1,-36.25],[-169.45,-36.4],[-169.25,-36.6],[-169,-36.61],[-168.94,-36.36]]]},"properties":{"scalerank":0,"featurecla":"Bathymetry","depth":5000}},
{"type":"Feature","geometry":{"type":"Polygon","coordinates":[[[159.55,-36.43],[159.24,-36.15],[159.12,-36.36],[159.37,-36.44],[159.79,-36.72],[160.07,-37.01],[160.3,-36.95],[160.03,-36.6],[159.73,-36.42],[159.55,-36.43]]]},"properties":{"scalerank":0,"featurecla":"Bathymetry","depth":5000}},
{"type":"Feature","geometry":{"type":"Polygon","coordinates":[[[-140.91,-36.11],[-141.07,-36.06],[-141.51,-36.13],[-141.5,-36.25],[-140.98,-36.19],[-140.91,-36.11]]]},"properties":{"scalerank":0,"featurecla":"Bathymetry","depth":5000}},
{"type":"Feature","geometry":{"type":"Polygon","coordinates":[[[58.36,-36.09],[57.97,-36.12],[57.88,-36.58],[58.02,-36.71],[58.19,-36.25],[58.36,-36.09]]]},"properties":{"scalerank":0,"featurecla":"Bathymetry","depth":5000}},
{"type":"Feature","geometry":{"type":"Polygon","coordinates":[[[60.63,-41.71],[61,-41.77],[61.27,-41.95],[61.52,-42.21],[61.49,-42.61],[61.19,-42.94],[60.98,-42.86],[60.67,-42.91],[60.81,-43.33],[60.74,-43.73],[60.93,-43.71],[61.3,-43.95],[61.77,-43.71],[62.42,-43.51],[62.78,-43.49],[62.89,-43.77],[63.36,-43.69],[63.39,-43.62],[62.87,-43.32],[63.22,-43.21],[63.37,-42.73],[63.3,-42.48],[62.92,-42.1],[62.83,-41.6],[63.36,-41.54],[63.38,-41.24],[63.16,-41.22],[62.83,-40.97],[63.15,-40.84],[63.06,-40.47],[62.77,-40.44],[62.9,-40.11],[63.24,-40.01],[63.54,-39.69],[63.53,-39.52],[63.77,-39.4],[63.74,-38.88],[64.22,-38.5],[63.72,-38.42],[63.86,-38.21],[63.7,-37.81],[63.5,-37.98],[63.05,-37.85],[63.07,-37.58],[62.91,-37.43],[62.58,-37.43],[62.05,-37.27],[61.7,-37.1],[61.62,-36.88],[61.4,-36.7],[61.21,-36.26],[61,-36.19],[61,-36.03],[60.72,-35.96],[60.13,-36.25],[60.16,-36.42],[59.85,-36.49],[59.71,-36.82],[59.26,-36.67],[59.24,-36.49],[59.35,-36.31],[59.55,-36.25],[59.62,-36.05],[59.83,-36.09],[59.81,-35.86],[59.57,-35.66],[58.85,-36.02],[58.34,-36.58],[58.29,-36.75],[57.84,-37.01],[57.62,-37.22],[57.46,-37.6],[57.11,-37.79],[57.37,-37.93],[57.48,-38.33],[57.26,-38.62],[56.95,-38.74],[57.66,-38.78],[57.48,-39.17],[57.48,-39.46],[57.7,-39.49],[57.63,-39.72],[57.74,-39.82],[57.91,-40.34],[58.05,-40.52],[58.11,-40.92],[58.42,-40.58],[58.63,-40.44],[58.85,-40.57],[59,-40.85],[59.41,-40.94],[59.45,-41.14],[59.66,-41.4],[59.88,-41.01],[60.07,-40.77],[60.25,-40.79],[60.63,-41.24],[60.95,-41.22],[61.13,-41.38],[60.93,-41.6],[60.63,-41.71]],[[61.43,-41.86],[61.14,-41.66],[61.15,-41.42],[61.54,-41.52],[61.58,-41.81],[61.43,-41.86]],[[62.23,-41.3],[62.4,-41.42],[62.26,-41.77],[62.08,-41.73],[62.23,-41.3]],[[62.4,-40.05],[62.12,-39.86],[62.26,-39.6],[62.44,-39.64],[62.52,-39.99],[62.4,-40.05]],[[61.99,-39.9],[61.82,-39.89],[61.56,-39.6],[61.9,-39.65],[61.99,-39.9]],[[63.36,-39.26],[63.5,-39.43],[63.28,-39.91],[62.78,-39.39],[62.83,-39.29],[63.18,-39.34],[63.36,-39.26]],[[62.58,-39.46],[63,-39.71],[62.97,-39.9],[62.7,-39.8],[62.51,-39.58],[62.58,-39.46]],[[62.64,-41.04],[62.82,-41.1],[62.9,-41.35],[62.77,-41.6],[62.51,-41.59],[62.64,-41.04]],[[62.51,-41.68],[62.63,-41.87],[62.68,-42.27],[62.35,-42.61],[61.96,-42.6],[62.32,-42.13],[62.28,-42.02],[62.51,-41.68]],[[62.14,-41.9],[62.16,-42.03],[61.91,-42.24],[61.64,-42.12],[61.7,-41.9],[61.94,-42],[62.14,-41.9]],[[61.79,-42.79],[61.94,-42.83],[61.85,-43.07],[62.15,-43.23],[62.32,-43.1],[62.54,-43.11],[62.69,-43.27],[62.27,-43.49],[62.12,-43.42],[61.88,-43.61],[61.54,-43.72],[61.41,-43.65],[61.51,-43.07],[61.79,-42.79]],[[62.75,-37.49],[62.93,-37.83],[62.75,-37.86],[62.62,-37.57],[62.75,-37.49]]]},"properties":{"scalerank":0,"featurecla":"Bathymetry","depth":5000}},
{"type":"Feature","geometry":{"type":"Polygon","coordinates":[[[-139.67,-35.41],[-140.01,-35.43],[-140.03,-35.52],[-139.67,-35.41]]]},"properties":{"scalerank":0,"featurecla":"Bathymetry","depth":5000}},
{"type":"Feature","geometry":{"type":"Polygon","coordinates":[[[-136.36,-34.41],[-136.21,-34.58],[-136.13,-34.44],[-136.36,-34.41]]]},"properties":{"scalerank":0,"featurecla":"Bathymetry","depth":5000}},
{"type":"Feature","geometry":{"type":"Polygon","coordinates":[[[-30.13,-34.29],[-30.52,-34.07],[-30.36,-34.25],[-30.13,-34.29]]]},"properties":{"scalerank":0,"featurecla":"Bathymetry","depth":5000}},
{"type":"Feature","geometry":{"type":"Polygon","coordinates":[[[153.5,-34.06],[153.7,-34],[153.58,-33.84],[153.5,-34.06]]]},"properties":{"scalerank":0,"featurecla":"Bathymetry","depth":5000}},
{"type":"Feature","geometry":{"type":"Polygon","coordinates":[[[-140.83,-33.1],[-141.1,-33.26],[-140.85,-33.42],[-141.12,-33.75],[-141.02,-34],[-141.24,-34.13],[-141.74,-34.32],[-141.52,-34.44],[-141.29,-34.2],[-141.07,-34.13],[-140.8,-34.17],[-140.73,-33.96],[-140.92,-33.89],[-141,-33.7],[-140.77,-33.62],[-140.66,-33.44],[-140.83,-33.1]]]},"properties":{"scalerank":0,"featurecla":"Bathymetry","depth":5000}},
{"type":"Feature","geometry":{"type":"Polygon","coordinates":[[[62.65,-33.2],[63.02,-33.02],[63,-32.98],[62.62,-33.17],[62.65,-33.2]]]},"properties":{"scalerank":0,"featurecla":"Bathymetry","depth":5000}},
{"type":"Feature","geometry":{"type":"Polygon","coordinates":[[[3.98,-33.02],[4.09,-32.95],[4.1,-32.84],[4.01,-32.74],[3.98,-33.02]]]},"properties":{"scalerank":0,"featurecla":"Bathymetry","depth":5000}},
{"type":"Feature","geometry":{"type":"Polygon","coordinates":[[[66,-32.52],[65.88,-32.49],[65.65,-32.52],[65.4,-32.64],[65.26,-32.64],[65.26,-32.7],[65.47,-32.66],[65.65,-32.57],[65.76,-32.57],[65.86,-32.52],[66,-32.52]]]},"properties":{"scalerank":0,"featurecla":"Bathymetry","depth":5000}},
{"type":"Feature","geometry":{"type":"Polygon","coordinates":[[[64.01,-32.38],[63.64,-32.47],[63.66,-32.66],[64.01,-32.38]]]},"properties":{"scalerank":0,"featurecla":"Bathymetry","depth":5000}},
{"type":"Feature","geometry":{"type":"Polygon","coordinates":[[[53.62,-32.65],[53.62,-32.4],[53.56,-32.23],[53.47,-32.22],[53.59,-32.45],[53.62,-32.65]]]},"properties":{"scalerank":0,"featurecla":"Bathymetry","depth":5000}},
{"type":"Feature","geometry":{"type":"Polygon","coordinates":[[[64.5,-32.11],[64.45,-32.05],[64.32,-32.14],[64.32,-32.23],[64.5,-32.11]]]},"properties":{"scalerank":0,"featurecla":"Bathymetry","depth":5000}},
{"type":"Feature","geometry":{"type":"Polygon","coordinates":[[[65.57,-31.85],[65.19,-32.06],[65.09,-32.23],[64.71,-32.41],[64.13,-32.74],[64.39,-32.76],[64.96,-32.33],[65.46,-32],[65.57,-31.85]]]},"properties":{"scalerank":0,"featurecla":"Bathymetry","depth":5000}},
{"type":"Feature","geometry":{"type":"Polygon","coordinates":[[[-166.34,-32.16],[-166.34,-31.89],[-166.44,-31.97],[-166.34,-32.16]]]},"properties":{"scalerank":0,"featurecla":"Bathymetry","depth":5000}},
{"type":"Feature","geometry":{"type":"Polygon","coordinates":[[[62.14,-31.92],[62.62,-31.58],[62.57,-31.55],[62.32,-31.72],[62.14,-31.92]]]},"properties":{"scalerank":0,"featurecla":"Bathymetry","depth":5000}},
{"type":"Feature","geometry":{"type":"Polygon","coordinates":[[[65.47,-31.39],[65.59,-31.37],[65.77,-31.14],[65.51,-31.31],[65.47,-31.39]]]},"properties":{"scalerank":0,"featurecla":"Bathymetry","depth":5000}},
{"type":"Feature","geometry":{"type":"Polygon","coordinates":[[[38.97,-32.64],[38.52,-33.17],[38.5,-33.32],[38.25,-33.3],[38.39,-33.05],[38.29,-32.81],[38.16,-32.74],[38.17,-32.54],[38.01,-32.39],[38.11,-32.26],[37.98,-31.88],[38.11,-31.77],[38.1,-31.29],[37.56,-31.47],[37.55,-31.73],[37.37,-31.98],[37.11,-31.98],[37.08,-32.45],[37.38,-32.74],[37.29,-32.85],[37.01,-32.93],[36.97,-33.24],[37.15,-33.36],[37.12,-33.6],[36.87,-33.62],[36.76,-33.75],[36.73,-34.03],[36.58,-34.2],[36.34,-34.82],[36.19,-34.97],[36.3,-35.08],[36.15,-35.25],[36.21,-35.46],[36.08,-35.9],[36.24,-36.02],[36.07,-36.26],[36.07,-36.44],[35.72,-36.81],[35.57,-37.16],[35.57,-37.39],[35.32,-37.74],[35.35,-38.06],[35.22,-38.26],[35.21,-38.79],[34.9,-38.87],[34.82,-39.05],[34.94,-39.26],[34.85,-39.45],[34.84,-39.82],[34.73,-39.94],[34.83,-40.95],[35.06,-40.44],[35.11,-40.17],[34.98,-39.84],[35.11,-39.4],[35.27,-39.37],[35.21,-39.91],[35.35,-40.04],[35.36,-40.43],[35.58,-40.3],[35.87,-40.24],[35.95,-40.04],[36.15,-39.96],[36.4,-40.04],[36.44,-39.83],[36.62,-39.62],[36.92,-39.68],[36.98,-40.06],[37.18,-40.09],[37.18,-39.85],[37.49,-39.62],[37.8,-39.96],[37.94,-39.83],[37.74,-39.59],[37.62,-39.3],[37.92,-39.17],[37.81,-39.05],[37.42,-39.36],[37.22,-39.26],[37.29,-39.05],[37.18,-38.88],[37.33,-38.75],[37.93,-38.86],[38.13,-39.05],[38.09,-39.19],[38.46,-39.33],[38.41,-39.6],[38.55,-39.7],[38.48,-39.87],[38.74,-39.82],[38.58,-39.44],[38.59,-39.3],[38.35,-39.09],[38.7,-38.81],[38.93,-38.88],[39.18,-39.09],[39.37,-38.92],[39.12,-38.57],[38.77,-38.17],[38.78,-37.73],[38.71,-37.49],[38.76,-36.98],[39.02,-36.87],[39.14,-36.64],[39.33,-36.58],[39.67,-36.67],[39.82,-36.5],[39.97,-36.52],[40.35,-36.4],[40.46,-36.19],[40.72,-36.31],[40.79,-35.99],[41.12,-35.87],[41.22,-35.39],[41.54,-35.31],[41.3,-35.71],[41.54,-35.66],[41.61,-35.33],[41.55,-35.08],[41.71,-34.89],[41.78,-34.53],[41.66,-34.42],[41.27,-34.65],[40.89,-34.48],[40.59,-34.53],[40.57,-34.33],[41.02,-34.11],[41.15,-34.17],[41.45,-34.1],[41.45,-33.85],[41.59,-33.81],[41.42,-33.38],[41.54,-33.22],[41.45,-33.05],[41.47,-32.8],[41.33,-32.59],[41.08,-32.84],[41.04,-33.02],[41.25,-33.09],[41.13,-33.3],[41.21,-33.48],[40.9,-33.58],[40.8,-33.34],[40.65,-33.36],[40.35,-33.56],[40.37,-33.69],[40.08,-33.98],[39.95,-33.92],[40.25,-33.01],[40.2,-32.88],[40.32,-32.69],[40.56,-32.47],[40.51,-32.26],[40.27,-32.1],[40.03,-32.3],[39.54,-31.92],[39.68,-31.7],[39.62,-31.34],[39.36,-31.32],[39.17,-31.44],[39.32,-31.65],[39.23,-31.76],[38.97,-31.78],[38.87,-32.06],[39.11,-32.15],[39.35,-31.98],[39.51,-32.04],[39.34,-32.4],[39.37,-32.68],[38.97,-32.64]],[[39.55,-35.86],[39.72,-36.02],[39.52,-36.18],[39.28,-36.15],[39.34,-35.95],[39.55,-35.86]],[[39.25,-36.34],[39.62,-36.37],[39.54,-36.6],[39.25,-36.55],[39.25,-36.34]],[[38.66,-36.62],[38.56,-36.87],[38.39,-36.91],[38.34,-36.68],[38.66,-36.62]],[[38.45,-37.44],[38.57,-37.41],[38.69,-37.94],[38.4,-38],[38.36,-37.6],[38.45,-37.44]],[[38.06,-38.52],[38.01,-38.14],[37.42,-38.13],[37.78,-37.85],[37.75,-37.7],[37.94,-37.46],[38.19,-37.52],[38.21,-37.92],[38.47,-38.42],[38.73,-38.32],[38.86,-38.47],[38.79,-38.71],[38.22,-38.74],[38.06,-38.52]],[[37.81,-38.47],[37.55,-38.55],[37.18,-38.49],[37.4,-38.24],[37.69,-38.27],[37.81,-38.47]],[[37.17,-38.58],[37.13,-38.76],[36.78,-38.8],[36.79,-38.49],[36.96,-38.42],[37.17,-38.58]],[[36.02,-38.11],[36.16,-38.11],[36.21,-38.56],[36.1,-39.04],[35.94,-39.05],[35.89,-38.69],[35.98,-38.5],[36.02,-38.11]],[[36.8,-39.05],[37.08,-39.12],[36.96,-39.31],[36.72,-39.21],[36.8,-39.05]],[[36.24,-39.09],[36.47,-39.58],[36.46,-39.79],[36.16,-39.82],[36.08,-39.52],[36.07,-39.18],[36.24,-39.09]]]},"properties":{"scalerank":0,"featurecla":"Bathymetry","depth":5000}},
{"type":"Feature","geometry":{"type":"Polygon","coordinates":[[[61.78,-30.78],[61.68,-31.06],[61.79,-31.18],[61.97,-30.94],[61.78,-30.78]]]},"properties":{"scalerank":0,"featurecla":"Bathymetry","depth":5000}},
{"type":"Feature","geometry":{"type":"Polygon","coordinates":[[[-145.91,-30.91],[-145.9,-31.1],[-144.9,-31.69],[-145.04,-31.83],[-145.3,-31.66],[-145.5,-31.85],[-145.6,-31.71],[-146.03,-31.82],[-146.16,-31.7],[-145.98,-31.36],[-146.14,-31.18],[-146.39,-31.07],[-146.41,-31.38],[-146.83,-31.55],[-146.45,-31.89],[-146.27,-31.82],[-145.97,-32.09],[-145.69,-31.86],[-145.55,-32.14],[-145.38,-32.22],[-145.16,-31.93],[-144.87,-32.09],[-144.67,-32.35],[-144.46,-32.47],[-143.93,-32.4],[-143.67,-32.42],[-143.33,-32.71],[-143.68,-32.75],[-143.83,-32.64],[-144.31,-33],[-144.34,-33.12],[-144.72,-33.24],[-145.03,-33.06],[-144.93,-32.96],[-144.69,-33.01],[-144.49,-32.93],[-144.49,-32.76],[-145.13,-32.91],[-145.53,-32.91],[-145.52,-32.69],[-145.01,-32.66],[-145.18,-32.47],[-145.36,-32.59],[-145.57,-32.56],[-145.82,-32.75],[-145.7,-32.9],[-145.35,-33.02],[-145.02,-33.21],[-145.02,-33.43],[-144.88,-33.79],[-144.36,-33.72],[-143.6,-33.73],[-143.32,-33.59],[-142.73,-33.59],[-142.95,-33.41],[-143.11,-33],[-142.83,-32.67],[-143,-32.33],[-142.9,-32.02],[-142.45,-31.85],[-142.14,-31.84],[-142.03,-32.04],[-141.68,-31.84],[-142.13,-31.66],[-142.3,-31.76],[-142.6,-31.8],[-142.92,-31.94],[-143.06,-32.14],[-143.21,-31.92],[-143.1,-31.74],[-143.26,-31.53],[-143.47,-31.5],[-143.62,-31.33],[-143.74,-31.63],[-144.05,-31.34],[-144.32,-31.42],[-144.45,-31.34],[-144.84,-31.63],[-144.95,-31.47],[-145.34,-31.32],[-145.41,-31.19],[-145.85,-31.01],[-145.91,-30.91]],[[-143.51,-31.71],[-143.22,-31.6],[-143.43,-32.1],[-143.69,-32.19],[-143.75,-31.98],[-143.51,-31.71]],[[-144.07,-32.06],[-144.12,-32.33],[-144.54,-32.28],[-144.68,-32.15],[-144.53,-31.93],[-144.34,-31.92],[-144.07,-32.06]],[[-143.42,-32.8],[-143.15,-33.24],[-143.16,-33.38],[-143.46,-33.52],[-143.51,-33.25],[-143.7,-32.94],[-143.42,-32.8]],[[-144.68,-33.52],[-144.83,-33.68],[-144.93,-33.36],[-144.78,-33.33],[-144.68,-33.52]],[[-144.34,-33.48],[-144.31,-33.17],[-144.13,-33.11],[-143.95,-33.38],[-144.34,-33.48]]]},"properties":{"scalerank":0,"featurecla":"Bathymetry","depth":5000}},
{"type":"Feature","geometry":{"type":"Polygon","coordinates":[[[53.16,-30.98],[53.21,-30.74],[52.97,-30.84],[53.16,-30.98]]]},"properties":{"scalerank":0,"featurecla":"Bathymetry","depth":5000}},
{"type":"Feature","geometry":{"type":"Polygon","coordinates":[[[63.34,-30.38],[63.39,-30.28],[63.27,-30.24],[63.21,-30.37],[63.34,-30.38]]]},"properties":{"scalerank":0,"featurecla":"Bathymetry","depth":5000}},
{"type":"Feature","geometry":{"type":"Polygon","coordinates":[[[52.18,-30.1],[51.96,-30.12],[52.41,-30.35],[52.18,-30.1]]]},"properties":{"scalerank":0,"featurecla":"Bathymetry","depth":5000}},
{"type":"Feature","geometry":{"type":"Polygon","coordinates":[[[103.41,-30.09],[103,-30.12],[102.99,-30.23],[103.41,-30.09]]]},"properties":{"scalerank":0,"featurecla":"Bathymetry","depth":5000}},
{"type":"Feature","geometry":{"type":"Polygon","coordinates":[[[56.54,-29.88],[56.59,-30.02],[56.59,-30.26],[56.66,-30.25],[56.64,-30.02],[56.54,-29.88]]]},"properties":{"scalerank":0,"featurecla":"Bathymetry","depth":5000}},
{"type":"Feature","geometry":{"type":"Polygon","coordinates":[[[37.5,-29.55],[37.18,-29.52],[37.03,-29.93],[37.2,-30.22],[37.2,-29.66],[37.49,-29.6],[37.58,-29.85],[37.39,-30.09],[37.58,-30.25],[37.68,-29.97],[37.5,-29.55]]]},"properties":{"scalerank":0,"featurecla":"Bathymetry","depth":5000}},
{"type":"Feature","geometry":{"type":"Polygon","coordinates":[[[-24.91,-29.06],[-25.06,-29.18],[-25.33,-29.23],[-25.3,-29.4],[-25.44,-29.5],[-25.79,-29.54],[-26.21,-29.47],[-26.16,-29.85],[-25.86,-29.83],[-25.68,-29.63],[-25.21,-29.67],[-24.89,-29.77],[-24.87,-29.89],[-25.1,-30.02],[-24.42,-30.09],[-24.32,-30],[-24.26,-29.75],[-24.41,-29.54],[-24.26,-29.33],[-24.3,-29.06],[-24.58,-29.02],[-24.91,-29.06]],[[-24.94,-29.22],[-24.48,-29.14],[-24.35,-29.38],[-24.72,-29.47],[-24.95,-29.39],[-24.98,-29.59],[-25.18,-29.54],[-25.15,-29.33],[-24.94,-29.22]],[[-24.64,-29.62],[-24.35,-29.72],[-24.38,-30.02],[-24.75,-30.01],[-24.84,-29.88],[-24.64,-29.62]]]},"properties":{"scalerank":0,"featurecla":"Bathymetry","depth":5000}},
{"type":"Feature","geometry":{"type":"Polygon","coordinates":[[[103.22,-28.84],[103.38,-29.1],[103.57,-29.18],[103.93,-29.15],[103.53,-28.9],[103.22,-28.84]]]},"properties":{"scalerank":0,"featurecla":"Bathymetry","depth":5000}},
{"type":"Feature","geometry":{"type":"Polygon","coordinates":[[[104.88,-27.98],[104.58,-28.05],[104.79,-28.29],[104.78,-28.51],[104.88,-28.65],[104.79,-28.86],[105,-28.99],[105.07,-28.72],[105.35,-28.46],[105.57,-28.35],[105.29,-28.19],[105.24,-28.49],[105.02,-28.51],[104.98,-28.15],[104.88,-27.98]]]},"properties":{"scalerank":0,"featurecla":"Bathymetry","depth":5000}},
{"type":"Feature","geometry":{"type":"Polygon","coordinates":[[[8.96,-27.68],[8.67,-27.72],[8.62,-28.15],[8.77,-28.2],[8.81,-28.39],[8.45,-28.38],[8.08,-28.49],[8.57,-28.8],[8.44,-29],[8.71,-29.03],[8.71,-29.25],[9.08,-29.24],[9.08,-28.72],[9.17,-28.36],[8.99,-28.18],[9.17,-27.87],[8.96,-27.68]],[[8.83,-28.11],[8.72,-27.94],[8.75,-27.73],[9.02,-27.84],[9.03,-28.06],[8.83,-28.11]]]},"properties":{"scalerank":0,"featurecla":"Bathymetry","depth":5000}},
{"type":"Feature","geometry":{"type":"Polygon","coordinates":[[[7.52,-28.2],[7.4,-28.57],[7.06,-28.56],[7.01,-28.42],[7.11,-28.25],[7.34,-28.28],[7.33,-28.1],[7.47,-27.74],[7.15,-27.85],[6.99,-27.98],[6.87,-28.27],[6.5,-28.15],[6.46,-28.44],[6.5,-28.68],[6.42,-28.96],[5.83,-29.16],[5.59,-29.05],[5.57,-28.92],[5.15,-28.77],[5.05,-28.52],[4.77,-28.31],[4.51,-28.22],[4.3,-28.25],[4.18,-28.63],[3.96,-28.78],[4.1,-28.72],[4.47,-29.26],[4.66,-29.16],[4.85,-29.37],[5.11,-29.31],[5.15,-29.54],[4.8,-29.74],[4.77,-30.15],[4.56,-30.16],[4.36,-30.01],[4.09,-29.98],[3.91,-30.04],[3.74,-30.36],[3.89,-30.54],[3.72,-30.67],[3.68,-30.9],[4.1,-30.83],[4.32,-30.65],[4.34,-30.51],[4.61,-30.33],[4.81,-30.38],[4.86,-30.15],[5.13,-29.66],[5.26,-29.52],[5.22,-29.32],[5.7,-29.18],[5.77,-29.32],[6.01,-29.22],[6.15,-29.29],[6.15,-29.65],[5.72,-29.69],[5.37,-29.64],[5.35,-30.07],[5.23,-30.26],[5.29,-30.43],[5.04,-30.55],[5.06,-30.72],[4.89,-30.95],[4.68,-31.12],[5.32,-31.05],[5.43,-31.15],[4.85,-31.47],[4.76,-31.65],[4.7,-32.21],[4.95,-32.28],[5.54,-32.26],[5.85,-32.16],[5.87,-32.42],[5.64,-32.4],[5.34,-32.53],[5.05,-32.56],[4.72,-32.85],[5.1,-32.93],[5.14,-33.19],[4.87,-33.37],[4.78,-33.59],[4.63,-33.53],[4.35,-33.7],[4.09,-33.46],[4.14,-33.26],[3.89,-33.2],[4.01,-33.55],[3.73,-33.79],[3.58,-34.05],[3.68,-34.24],[3.53,-34.52],[3.25,-34.77],[3.24,-34.96],[2.69,-35.33],[2.54,-35.38],[2.58,-35.81],[2.16,-35.7],[2.23,-35.98],[2.13,-36.12],[1.74,-36.46],[1.45,-36.34],[1.24,-36.17],[1.06,-36.27],[0.72,-36.28],[0.86,-36.55],[1.05,-36.5],[1.15,-36.28],[1.3,-36.28],[1.5,-36.49],[1.47,-36.72],[1.18,-36.93],[1.21,-37.36],[1.03,-37.54],[0.82,-37.49],[0.53,-37.62],[0.41,-37.82],[-0.13,-37.91],[-0.24,-37.78],[-0.5,-37.92],[-0.27,-38.04],[-0.23,-38.26],[0.17,-38.04],[0.43,-38.2],[0.02,-38.45],[-0.77,-38.64],[-1.07,-38.56],[-0.91,-38.41],[-1.06,-38.26],[-1.2,-38.51],[-1.23,-38.8],[-1.69,-38.84],[-1.56,-39],[-1.1,-39],[-0.92,-38.81],[-0.41,-38.66],[-0.22,-38.7],[-0.12,-39.03],[-0.34,-39.1],[-0.45,-39.39],[-0.79,-39.53],[-0.92,-39.7],[-1.18,-39.79],[-1.21,-40.37],[-0.96,-40.2],[-0.65,-40.22],[-0.76,-40.02],[-1.04,-40.07],[-1.01,-39.84],[-0.59,-39.72],[-0.34,-39.58],[-0.1,-39.69],[0.37,-39.66],[0.7,-39.51],[0.94,-39.53],[1.1,-39.41],[0.97,-39.05],[1.11,-38.98],[1.44,-39.31],[1.78,-39.38],[1.66,-39.66],[2.16,-39.74],[2.42,-39.67],[2.38,-39.44],[2.19,-39.27],[2.39,-39.09],[2.61,-39.4],[2.59,-39.19],[2.98,-38.98],[3.36,-39.12],[3.58,-39.02],[3.76,-39.12],[3.68,-39.27],[3.41,-39.33],[3.71,-39.63],[4.08,-39.46],[4.28,-39.52],[4,-39.74],[3.47,-39.89],[3.66,-40.15],[3.95,-40.19],[3.94,-39.96],[4.09,-39.82],[4.46,-39.97],[4.75,-40.27],[4.47,-40.39],[4.61,-40.65],[4.5,-40.75],[4.73,-40.99],[5.02,-40.95],[5.2,-40.73],[5.34,-40.73],[5.61,-41.24],[6,-41.24],[6.21,-40.97],[6.38,-41.04],[6.6,-40.92],[6.82,-41.21],[7.03,-41.18],[6.96,-40.92],[7.05,-40.81],[7.43,-41.16],[7.62,-41.03],[7.63,-40.75],[7.93,-40.71],[8.3,-40.5],[8.21,-40.35],[8.44,-40.26],[8.54,-40.51],[8.85,-40.45],[8.9,-40.3],[9.24,-40.23],[9.39,-39.98],[9.4,-39.64],[9.22,-39.5],[9.28,-39.38],[9.89,-39.12],[10.64,-38.87],[10.91,-38.95],[11.1,-39.14],[11.16,-39.35],[11.4,-39.42],[11.48,-39.77],[11.83,-39.72],[11.66,-39.31],[11.36,-39.22],[11.16,-38.95],[10.87,-38.83],[11.02,-38.7],[11.34,-38.68],[11.48,-38.82],[11.57,-39.07],[11.82,-39.21],[12.12,-39.14],[12.45,-38.79],[12.84,-38.7],[12.74,-38.33],[12.51,-38.65],[11.8,-39.05],[11.83,-38.78],[12.11,-38.58],[11.9,-38.42],[11.68,-38.04],[11.98,-38.08],[12.11,-38.25],[12.4,-38.14],[12.72,-38.26],[12.73,-37.98],[13.09,-37.86],[13.12,-37.68],[12.57,-37.89],[12.53,-37.78],[13,-37.57],[13.27,-37.35],[12.93,-37.33],[12.77,-37.22],[12.63,-36.97],[12.34,-36.96],[11.89,-36.84],[11.79,-37.04],[12.07,-37.46],[11.74,-37.46],[11.74,-37.19],[11.64,-37.07],[11.65,-36.66],[11.3,-36.79],[10.94,-36.59],[10.77,-36.21],[11.3,-35.95],[11.14,-35.85],[11.2,-35.69],[10.9,-35.57],[10.85,-35.33],[10.97,-35.16],[10.85,-34.92],[10.84,-34.41],[10.51,-34.44],[10.3,-34.27],[10.32,-34.13],[10.06,-34.06],[9.87,-34.23],[9.73,-34.51],[9.15,-34.33],[8.96,-34.45],[8.75,-34.8],[8.61,-34.22],[8.35,-34.33],[8.01,-34.36],[7.9,-34.22],[8.34,-34.11],[8.55,-33.95],[8.74,-34.02],[8.68,-34.2],[8.91,-34.26],[9.26,-33.91],[9.7,-33.82],[9.89,-33.62],[9.81,-33.4],[9.4,-33.28],[9.39,-33.06],[9.51,-32.87],[9.75,-32.98],[9.92,-33.31],[10.3,-33.34],[10.24,-33.1],[9.98,-33.07],[10.24,-32.58],[10.08,-32.45],[9.83,-32.44],[9.75,-32.6],[9.53,-32.63],[9.21,-32.17],[9.16,-32.43],[9.38,-32.62],[9.38,-32.8],[9.1,-32.76],[9.12,-32.62],[8.94,-32.48],[8.67,-32.57],[8.08,-32.95],[7.92,-32.94],[7.73,-32.62],[7.49,-32.71],[7.35,-32.62],[7.13,-32.75],[6.97,-32.57],[7.54,-32.38],[7.6,-32.25],[6.87,-32.06],[7.09,-31.79],[7.47,-31.77],[7.55,-31.5],[7.22,-31.55],[7.06,-31.44],[6.99,-31.22],[7.22,-31.14],[7.26,-31.34],[7.54,-31.3],[7.78,-31.05],[7.79,-30.75],[7.97,-30.72],[7.99,-30.52],[8.25,-30.21],[8.06,-29.99],[8.27,-29.82],[8.49,-29.91],[8.59,-29.62],[8.32,-29.63],[8.23,-29.38],[7.93,-29.44],[7.83,-29.27],[7.45,-29.01],[7.53,-28.69],[7.78,-28.56],[7.78,-28.41],[8.04,-28.37],[8.22,-28.2],[8.22,-28],[8.01,-28.02],[7.9,-28.3],[7.61,-28.4],[7.52,-28.2]],[[4.31,-30.09],[4.37,-30.27],[4.18,-30.36],[4.15,-30.12],[4.31,-30.09]],[[7.97,-29.77],[7.82,-30.03],[7.49,-30.01],[7.53,-29.8],[7.97,-29.77]],[[7.44,-30.02],[7.31,-30.25],[7.06,-30.11],[7.28,-29.96],[7.44,-30.02]],[[6.87,-30.9],[6.89,-31.08],[6.52,-31.36],[6.43,-31.26],[6.76,-30.69],[6.87,-30.9]],[[6.94,-31.37],[6.99,-31.6],[6.67,-31.69],[6.62,-31.5],[6.94,-31.37]],[[6.59,-32.11],[6.84,-32.06],[6.95,-32.31],[6.63,-32.36],[6.59,-32.11]],[[6.3,-32.63],[6.51,-32.54],[6.56,-32.8],[6.31,-32.79],[6.3,-32.63]],[[9.38,-33.5],[9.72,-33.43],[9.79,-33.6],[9.46,-33.65],[9.38,-33.5]],[[8.53,-34.9],[8.86,-34.97],[9.05,-35.09],[9.07,-35.27],[9.43,-35.08],[9.63,-35.29],[9.56,-35.43],[9.32,-35.46],[9.23,-35.64],[8.97,-35.78],[8.76,-35.73],[8.25,-35.88],[8.06,-35.62],[8.3,-35.59],[8.55,-35.46],[8.57,-35.16],[8.28,-35.14],[8.53,-34.9]],[[9.49,-35.8],[9.51,-35.97],[9.22,-36.1],[8.99,-36.08],[9.14,-35.85],[9.49,-35.8]],[[9.71,-36.48],[9.76,-36.67],[9.62,-36.94],[9.23,-37.07],[9.22,-36.7],[9.34,-36.54],[9.71,-36.48]],[[11.38,-37.49],[11.1,-37.56],[11.07,-37.3],[11.25,-37.06],[11.38,-37.49]],[[10.93,-37.36],[10.76,-37.69],[10.49,-37.66],[10.69,-37.44],[10.93,-37.36]],[[1.01,-38.95],[0.82,-39.17],[0.47,-39.36],[-0.16,-39.51],[0.05,-39.14],[-0.06,-38.84],[-0.02,-38.62],[0.36,-38.9],[0.62,-38.85],[1.01,-38.95]],[[0.57,-38.34],[0.51,-38.18],[0.89,-37.88],[1.12,-37.96],[0.86,-38.21],[0.57,-38.34]],[[2.04,-37.86],[2.09,-37.68],[2.26,-37.55],[2.44,-37.23],[2.6,-37.35],[2.5,-37.61],[2.29,-37.83],[2.04,-37.86]],[[1.7,-37.33],[1.66,-37.48],[1.25,-37.31],[1.66,-37.03],[1.7,-37.33]],[[2.04,-36.74],[1.88,-36.71],[1.82,-36.48],[2.02,-36.46],[2.04,-36.74]],[[2.04,-36.74],[2.22,-36.73],[2.31,-36.98],[2.04,-37.07],[2.04,-36.74]],[[5.66,-36.73],[6.18,-36.58],[6.29,-36.42],[6.58,-36.37],[6.85,-36.42],[6.96,-36.17],[7.3,-35.95],[7.06,-35.8],[7.01,-35.59],[7.42,-35.53],[7.37,-35.3],[7.62,-35.07],[7.87,-35.14],[8,-35.61],[7.81,-35.79],[8.06,-35.86],[8.4,-36.26],[8.36,-36.5],[8.62,-36.6],[8.96,-36.53],[8.89,-36.79],[9.05,-37.04],[8.78,-37.26],[8.74,-37.53],[9.03,-37.59],[9.1,-37.88],[8.69,-37.94],[8.41,-37.71],[8.18,-37.86],[7.98,-37.78],[8.23,-37.48],[7.75,-37.54],[7.66,-37.3],[7.45,-37.38],[7.51,-37.89],[7.33,-37.92],[7.29,-38.17],[7.03,-38.02],[6.79,-37.98],[6.65,-38.14],[6.24,-38.26],[6.31,-38.04],[6.07,-37.99],[5.95,-38.09],[5.68,-37.97],[5.3,-38.28],[4.98,-38.1],[5.04,-37.99],[4.89,-37.5],[5.28,-37.27],[5.06,-37.14],[5.26,-36.86],[5.66,-36.88],[5.66,-36.73]],[[9.48,-37.26],[9.01,-37.35],[9.15,-37.14],[9.48,-37.26]],[[8.5,-37.98],[8.32,-38.09],[8.15,-37.93],[8.37,-37.85],[8.5,-37.98]],[[3.11,-38.63],[3.12,-38.79],[2.59,-38.92],[2.43,-38.71],[2.8,-38.7],[2.95,-38.51],[3.11,-38.63]],[[4.41,-38.23],[4.44,-38.08],[4.29,-37.68],[4.06,-37.68],[3.81,-38.1],[3.58,-38.19],[3.26,-37.97],[3.17,-37.73],[3.34,-37.57],[3.59,-37.57],[3.71,-37.45],[4.2,-37.49],[4.2,-37.6],[4.76,-37.54],[4.7,-37.89],[4.58,-38.18],[4.41,-38.23]],[[2.83,-38.15],[2.78,-37.97],[3.08,-37.75],[3.24,-37.97],[2.83,-38.15]],[[2.62,-37.58],[2.61,-37.44],[2.98,-37.33],[3.24,-37.34],[3.17,-37.54],[2.62,-37.58]],[[6.63,-38.47],[6.71,-38.17],[6.87,-38.26],[6.63,-38.47]],[[7.63,-38.02],[7.73,-37.84],[7.99,-37.94],[7.92,-38.31],[7.78,-38.29],[7.63,-38.02]],[[8.67,-39.98],[8.89,-40.01],[8.9,-40.27],[8.5,-40.34],[8.67,-39.98]]]},"properties":{"scalerank":0,"featurecla":"Bathymetry","depth":5000}},
{"type":"Feature","geometry":{"type":"Polygon","coordinates":[[[103.97,-27.06],[104.16,-26.88],[104.13,-26.82],[103.95,-26.93],[103.97,-27.06]]]},"properties":{"scalerank":0,"featurecla":"Bathymetry","depth":5000}},
{"type":"Feature","geometry":{"type":"Polygon","coordinates":[[[2.1,-26.04],[1.89,-26.17],[2.25,-26.28],[2.1,-26.04]]]},"properties":{"scalerank":0,"featurecla":"Bathymetry","depth":5000}},
{"type":"Feature","geometry":{"type":"Polygon","coordinates":[[[61.85,-26.16],[61.6,-25.92],[61.49,-25.93],[61.39,-26.21],[61.61,-26.23],[61.62,-26.38],[61.47,-26.7],[61.16,-26.93],[61.06,-27.24],[61.54,-26.93],[61.73,-26.28],[61.85,-26.16]]]},"properties":{"scalerank":0,"featurecla":"Bathymetry","depth":5000}},
{"type":"Feature","geometry":{"type":"Polygon","coordinates":[[[-153.06,-26.36],[-153.06,-26.14],[-153.19,-26.18],[-153.06,-26.36]]]},"properties":{"scalerank":0,"featurecla":"Bathymetry","depth":5000}},
{"type":"Feature","geometry":{"type":"Polygon","coordinates":[[[-1.14,-25.75],[-1.23,-25.68],[-1.65,-25.87],[-1.78,-25.83],[-2.06,-25.89],[-2.02,-25.99],[-1.83,-25.91],[-1.53,-25.9],[-1.14,-25.75]]]},"properties":{"scalerank":0,"featurecla":"Bathymetry","depth":5000}},
{"type":"Feature","geometry":{"type":"Polygon","coordinates":[[[-2.63,-25.53],[-2.52,-25.61],[-2.49,-25.55],[-2.63,-25.53]]]},"properties":{"scalerank":0,"featurecla":"Bathymetry","depth":5000}},
{"type":"Feature","geometry":{"type":"Polygon","coordinates":[[[-154.26,-25.81],[-154.36,-25.68],[-154.45,-25.64],[-154.56,-25.38],[-154.58,-25.54],[-154.44,-25.71],[-154.26,-25.81]]]},"properties":{"scalerank":0,"featurecla":"Bathymetry","depth":5000}},
{"type":"Feature","geometry":{"type":"Polygon","coordinates":[[[90.82,-25.68],[90.86,-25.43],[90.66,-25.17],[90.65,-25.56],[90.77,-25.84],[90.55,-26.15],[90.37,-26.1],[90.42,-26.61],[90.62,-26.83],[90.48,-27.03],[90.62,-27.35],[90.58,-27.58],[90.65,-27.86],[90.84,-27.79],[90.89,-27.2],[90.82,-26.98],[90.84,-26.56],[90.78,-26.36],[90.91,-26.2],[90.77,-25.95],[90.82,-25.68]]]},"properties":{"scalerank":0,"featurecla":"Bathymetry","depth":5000}},
{"type":"Feature","geometry":{"type":"Polygon","coordinates":[[[-22.44,-24.86],[-22.49,-24.91],[-22.12,-24.95],[-22.16,-24.88],[-22.24,-24.92],[-22.44,-24.86]]]},"properties":{"scalerank":0,"featurecla":"Bathymetry","depth":5000}},
{"type":"Feature","geometry":{"type":"Polygon","coordinates":[[[-159.48,-24.74],[-159.4,-24.88],[-159.26,-24.96],[-159.17,-24.8],[-159.34,-24.85],[-159.48,-24.74]]]},"properties":{"scalerank":0,"featurecla":"Bathymetry","depth":5000}},
{"type":"Feature","geometry":{"type":"Polygon","coordinates":[[[-2.52,-24.39],[-2.75,-24.39],[-2.77,-24.57],[-3.12,-24.7],[-3.51,-24.75],[-4.12,-24.72],[-3.78,-24.91],[-3.57,-24.81],[-3.07,-24.77],[-2.72,-24.66],[-2.4,-24.77],[-2.25,-25.04],[-2.4,-25.3],[-2.1,-25.5],[-1.83,-25.42],[-2.01,-25.21],[-2.16,-25.22],[-2.33,-24.75],[-2.53,-24.6],[-2.52,-24.39]]]},"properties":{"scalerank":0,"featurecla":"Bathymetry","depth":5000}},
{"type":"Feature","geometry":{"type":"Polygon","coordinates":[[[-160.64,-24.6],[-160.67,-24.38],[-160.85,-24.48],[-160.64,-24.6]]]},"properties":{"scalerank":0,"featurecla":"Bathymetry","depth":5000}},
{"type":"Feature","geometry":{"type":"Polygon","coordinates":[[[-161.23,-23.91],[-161.18,-24.02],[-161.18,-24.17],[-161.06,-24.07],[-161.23,-23.91]]]},"properties":{"scalerank":0,"featurecla":"Bathymetry","depth":5000}},
{"type":"Feature","geometry":{"type":"Polygon","coordinates":[[[56.04,-25.51],[56.02,-25.91],[55.85,-25.97],[55.56,-25.9],[55.51,-26.09],[54.94,-25.9],[55.03,-25.61],[55.25,-25.33],[55.02,-25.28],[54.86,-25.39],[54.76,-25.6],[54.33,-25.43],[54,-25.42],[54.04,-25.02],[53.65,-24.94],[53.51,-24.78],[53.29,-24.85],[53.16,-24.5],[52.93,-24.18],[52.61,-24.1],[52.52,-23.95],[52.24,-23.86],[51.88,-24.16],[51.67,-23.86],[51.27,-23.91],[51.42,-24.24],[51.31,-24.46],[51.17,-24.22],[50.92,-24.26],[50.81,-24.46],[51.1,-24.71],[51.29,-24.6],[51.4,-24.93],[51.19,-24.91],[51.11,-25.06],[50.73,-25.27],[50.59,-25.46],[50.35,-25.44],[50.29,-25.3],[50.04,-25.3],[50.15,-25.62],[49.87,-25.63],[49.85,-25.97],[49.66,-26.18],[49.74,-26.35],[49.46,-26.41],[49.33,-26.72],[49.41,-26.89],[49.68,-26.88],[49.6,-26.63],[49.75,-26.53],[49.88,-26.67],[49.94,-27.17],[49.92,-27.46],[49.82,-27.65],[49.94,-27.94],[50.14,-27.96],[50.18,-28.47],[50.11,-28.72],[49.96,-28.81],[49.66,-28.76],[49.73,-29.02],[49.9,-29.11],[50.43,-28.9],[50.54,-29.14],[50.77,-28.98],[50.92,-29.34],[50.82,-29.53],[51.11,-29.83],[51.09,-30.02],[51.42,-29.89],[51.82,-29.89],[51.78,-29.69],[52.08,-29.45],[52.08,-29.26],[51.95,-29.03],[52.25,-28.97],[52.39,-28.78],[52.58,-28.82],[53.17,-28.35],[53.31,-28.38],[53.44,-28.61],[53.62,-28.5],[53.73,-28.63],[53.97,-28.64],[54.15,-28.5],[54.57,-28.46],[54.85,-28.49],[54.98,-28.27],[55.24,-28.27],[55.39,-28.38],[55.44,-28.02],[56.06,-28.1],[56.06,-27.74],[56.26,-27.78],[56.23,-28.03],[56.3,-28.24],[56.06,-28.31],[55.58,-28.58],[55.35,-28.92],[55.95,-28.58],[56.25,-28.6],[56.21,-28.73],[55.51,-29.12],[55.66,-29.26],[55.78,-29.06],[56.21,-28.85],[56.44,-28.67],[56.76,-28.73],[57.16,-28.43],[57.37,-28.4],[57.36,-28.61],[57.45,-28.8],[57.4,-29.03],[57.61,-29.06],[57.64,-28.65],[57.52,-28.23],[57.35,-28.34],[57.22,-28.19],[57.48,-28.01],[57.67,-27.68],[57.91,-27.73],[57.78,-28.05],[57.85,-28.46],[58.17,-28.99],[58.35,-28.88],[58.14,-28.67],[58.1,-28.4],[58.21,-28.24],[58.43,-28.24],[58.42,-28.04],[58.65,-27.9],[58.75,-28.28],[58.76,-28.82],[59.04,-28.61],[59.23,-28.21],[59.09,-27.96],[59.2,-27.75],[59.19,-27.53],[59.3,-27.4],[59.87,-27.31],[60.15,-27.18],[60.19,-27.44],[60.07,-27.94],[59.88,-28.2],[59.97,-28.41],[60.19,-28.23],[60.21,-27.93],[60.48,-27.77],[60.39,-27.12],[60.8,-26.82],[60.93,-26.59],[61.27,-26.56],[61.07,-26.5],[60.75,-26.55],[60.67,-26.43],[60.87,-26.14],[60.99,-26.25],[61.23,-26.02],[61.21,-25.84],[60.99,-25.79],[61.02,-25.52],[61.23,-25.45],[61.18,-25.22],[61.24,-24.96],[61.11,-24.93],[60.92,-25.07],[60.86,-25.23],[60.56,-25.29],[60.52,-25.07],[60.31,-24.77],[59.95,-24.7],[59.66,-24.85],[59.57,-25.01],[59.79,-25.09],[59.6,-25.35],[59.3,-25.17],[59.35,-24.77],[59.11,-24.68],[58.97,-24.84],[58.54,-24.71],[58.12,-23.96],[57.98,-24.1],[57.98,-24.35],[58.29,-24.4],[58.44,-24.77],[58.28,-24.82],[58.2,-24.62],[57.76,-24.44],[57.5,-24.7],[57.08,-24.62],[57.05,-25.03],[57.07,-25.34],[56.93,-25.34],[56.65,-25.55],[56.5,-25.27],[56.21,-25.51],[56.04,-25.51]],[[59.42,-25.75],[59.31,-25.55],[59.39,-25.44],[59.72,-25.56],[59.54,-25.82],[59.42,-25.75]],[[59.79,-25.77],[60,-25.12],[60.27,-25.19],[60.18,-25.52],[60.07,-25.63],[60.12,-25.82],[59.82,-25.99],[59.79,-25.77]],[[60.53,-25.8],[60.36,-25.62],[60.4,-25.37],[60.61,-25.54],[60.91,-25.44],[60.92,-25.63],[60.53,-25.8]],[[52.3,-25.61],[51.98,-25.13],[52.12,-24.91],[52.29,-25.14],[52.3,-25.61]],[[51.88,-25.06],[51.62,-25.17],[51.5,-25.05],[51.43,-24.6],[51.52,-24.42],[51.49,-24.15],[51.7,-24.14],[51.68,-24.57],[51.91,-24.82],[51.88,-25.06]],[[52.4,-24.38],[52.55,-24.31],[52.64,-24.7],[52.48,-24.69],[52.33,-24.83],[52.18,-24.79],[52.24,-24.54],[52.4,-24.38]],[[59.63,-27],[59.7,-27.12],[59.25,-27.32],[59.16,-27.19],[59.29,-27.02],[59.63,-27]],[[58.28,-27.33],[58.62,-27.34],[58.52,-27.51],[57.87,-27.49],[58.02,-27.28],[58.28,-27.33]],[[51.65,-28.49],[51.6,-28.79],[51.39,-28.78],[51.49,-28.45],[51.65,-28.49]],[[51.27,-29.05],[51.23,-29.31],[50.93,-28.98],[51.16,-28.89],[51.27,-29.05]],[[51.43,-29.4],[51.47,-29.49],[51.28,-29.73],[51.14,-29.65],[51.43,-29.4]],[[55.96,-27.33],[55.73,-27.19],[56,-27.05],[55.96,-27.33]],[[58.78,-26.93],[59.1,-26.85],[58.86,-27.22],[58.69,-27.11],[58.78,-26.93]]]},"properties":{"scalerank":0,"featurecla":"Bathymetry","depth":5000}},
{"type":"Feature","geometry":{"type":"Polygon","coordinates":[[[-162.1,-23.69],[-162.25,-23.7],[-162.25,-23.78],[-162.1,-23.69]]]},"properties":{"scalerank":0,"featurecla":"Bathymetry","depth":5000}},
{"type":"Feature","geometry":{"type":"Polygon","coordinates":[[[92.74,-23.81],[92.76,-23.54],[92.59,-23.6],[92.74,-23.81]]]},"properties":{"scalerank":0,"featurecla":"Bathymetry","depth":5000}},
{"type":"Feature","geometry":{"type":"Polygon","coordinates":[[[59.9,-23.69],[60.02,-23.58],[59.83,-23.48],[59.9,-23.69]]]},"properties":{"scalerank":0,"featurecla":"Bathymetry","depth":5000}},
{"type":"Feature","geometry":{"type":"Polygon","coordinates":[[[53.39,-24.26],[53.3,-24.12],[52.81,-23.7],[52.93,-23.92],[53.39,-24.26]]]},"properties":{"scalerank":0,"featurecla":"Bathymetry","depth":5000}},
{"type":"Feature","geometry":{"type":"Polygon","coordinates":[[[-156.96,-23.69],[-157.08,-23.59],[-157.3,-23.66],[-157.27,-23.78],[-156.96,-23.69]]]},"properties":{"scalerank":0,"featurecla":"Bathymetry","depth":5000}},
{"type":"Feature","geometry":{"type":"Polygon","coordinates":[[[82.99,-23.17],[83.02,-23.02],[82.97,-23],[82.94,-23.12],[82.99,-23.17]]]},"properties":{"scalerank":0,"featurecla":"Bathymetry","depth":5000}},
{"type":"Feature","geometry":{"type":"Polygon","coordinates":[[[52.3,-23.11],[52.39,-22.98],[52.37,-22.73],[52.27,-22.8],[52.34,-22.92],[52.3,-23.11]]]},"properties":{"scalerank":0,"featurecla":"Bathymetry","depth":5000}},
{"type":"Feature","geometry":{"type":"Polygon","coordinates":[[[82.66,-22.94],[82.7,-22.44],[82.61,-22.5],[82.61,-22.78],[82.66,-22.94]]]},"properties":{"scalerank":0,"featurecla":"Bathymetry","depth":5000}},
{"type":"Feature","geometry":{"type":"Polygon","coordinates":[[[89.76,-22.23],[89.61,-22],[89.38,-22.49],[89.35,-22.75],[89.4,-23.38],[89.3,-24.36],[89.48,-24.55],[89.75,-24.31],[89.88,-24.34],[90.02,-24.13],[90.03,-23.9],[89.66,-23.95],[89.57,-23.74],[89.68,-23.24],[89.64,-22.87],[89.83,-22.54],[89.76,-22.23]]]},"properties":{"scalerank":0,"featurecla":"Bathymetry","depth":5000}},
{"type":"Feature","geometry":{"type":"Polygon","coordinates":[[[-18.94,-21.72],[-18.98,-21.67],[-19.13,-21.72],[-19.39,-21.74],[-19.53,-21.72],[-19.5,-21.81],[-19.21,-21.79],[-18.94,-21.72]]]},"properties":{"scalerank":0,"featurecla":"Bathymetry","depth":5000}},
{"type":"Feature","geometry":{"type":"Polygon","coordinates":[[[170.2,-22.47],[170.13,-22.29],[169.67,-22.19],[170.16,-22.54],[170.61,-22.93],[170.97,-23.12],[171.43,-23.23],[171.84,-23.23],[172.39,-23.29],[172.8,-23.11],[172.96,-23.15],[173.28,-23.06],[173.33,-22.8],[173.06,-22.96],[172.51,-23.1],[172.27,-23.01],[171.69,-23.06],[171.26,-22.95],[170.67,-22.85],[170.5,-22.63],[170.2,-22.47]]]},"properties":{"scalerank":0,"featurecla":"Bathymetry","depth":5000}},
{"type":"Feature","geometry":{"type":"Polygon","coordinates":[[[108.93,-21.79],[108.97,-21.73],[108.95,-21.63],[108.99,-21.57],[109.1,-21.53],[109.11,-21.43],[108.99,-21.48],[108.92,-21.56],[108.88,-21.71],[108.93,-21.79]]]},"properties":{"scalerank":0,"featurecla":"Bathymetry","depth":5000}},
{"type":"Feature","geometry":{"type":"Polygon","coordinates":[[[83.19,-21.56],[83.39,-21.75],[83.44,-21.49],[83.19,-21.56]]]},"properties":{"scalerank":0,"featurecla":"Bathymetry","depth":5000}},
{"type":"Feature","geometry":{"type":"Polygon","coordinates":[[[82.51,-21.46],[82.38,-21.25],[82.25,-21.26],[82.34,-21.48],[82.51,-21.46]]]},"properties":{"scalerank":0,"featurecla":"Bathymetry","depth":5000}},
{"type":"Feature","geometry":{"type":"Polygon","coordinates":[[[-163.62,-21.26],[-163.68,-21.2],[-163.82,-21.26],[-164.03,-21.28],[-163.91,-21.35],[-163.78,-21.26],[-163.62,-21.26]]]},"properties":{"scalerank":0,"featurecla":"Bathymetry","depth":5000}},
{"type":"Feature","geometry":{"type":"Polygon","coordinates":[[[-163.1,-21.06],[-163.21,-21.13],[-163.28,-21.24],[-163.18,-21.27],[-163.1,-21.06]]]},"properties":{"scalerank":0,"featurecla":"Bathymetry","depth":5000}},
{"type":"Feature","geometry":{"type":"Polygon","coordinates":[[[51.5,-21.08],[51.35,-21],[50.9,-21.31],[50.91,-21.39],[51.5,-21.08]]]},"properties":{"scalerank":0,"featurecla":"Bathymetry","depth":5000}},
{"type":"Feature","geometry":{"type":"Polygon","coordinates":[[[90.39,-21.58],[90.26,-21.79],[90.19,-22.07],[90.26,-22.28],[90.24,-22.9],[90.29,-23.04],[90.23,-23.43],[90.04,-23.46],[90.04,-23.67],[90.22,-23.81],[90.29,-24.41],[90.22,-24.83],[90.36,-25.02],[90.31,-25.18],[90.41,-25.52],[90.4,-24.01],[90.38,-23.19],[90.55,-23.18],[90.55,-24.14],[90.65,-24.6],[90.78,-24.41],[90.67,-24.22],[91.23,-23.94],[91.08,-23.71],[91.21,-23.51],[91.01,-23.4],[91,-23.16],[90.67,-22.99],[90.66,-22.44],[90.73,-22.33],[90.65,-22.06],[90.47,-21.84],[90.39,-21.58]],[[90.76,-23.97],[90.82,-23.68],[91.01,-23.81],[90.76,-23.97]]]},"properties":{"scalerank":0,"featurecla":"Bathymetry","depth":5000}},
{"type":"Feature","geometry":{"type":"Polygon","coordinates":[[[-19.25,-20.66],[-19.47,-20.67],[-19.69,-21],[-20.03,-20.9],[-19.9,-21.17],[-19.72,-21.11],[-19.46,-21.22],[-19.49,-20.81],[-19.25,-20.66]]]},"properties":{"scalerank":0,"featurecla":"Bathymetry","depth":5000}},
{"type":"Feature","geometry":{"type":"Polygon","coordinates":[[[-2.99,-20.56],[-3.61,-20.66],[-3.84,-20.77],[-4.2,-20.76],[-4.81,-20.9],[-5.03,-20.86],[-5.14,-20.98],[-5.43,-21.09],[-5.87,-21.08],[-5.95,-21.26],[-5.69,-21.28],[-5.42,-21.19],[-5.02,-21.22],[-4.84,-21.11],[-4.15,-20.95],[-3.47,-20.85],[-3.18,-21.07],[-2.96,-20.79],[-2.99,-20.56]]]},"properties":{"scalerank":0,"featurecla":"Bathymetry","depth":5000}},
{"type":"Feature","geometry":{"type":"Polygon","coordinates":[[[-18.43,-20.47],[-18.78,-20.55],[-18.72,-20.58],[-18.6,-20.52],[-18.52,-20.55],[-18.43,-20.47]]]},"properties":{"scalerank":0,"featurecla":"Bathymetry","depth":5000}},
{"type":"Feature","geometry":{"type":"Polygon","coordinates":[[[-19.69,-20.51],[-20.12,-20.63],[-19.87,-20.71],[-19.69,-20.51]]]},"properties":{"scalerank":0,"featurecla":"Bathymetry","depth":5000}},
{"type":"Feature","geometry":{"type":"Polygon","coordinates":[[[-4.13,-20.3],[-4.51,-20.18],[-4.82,-20.36],[-4.3,-20.35],[-4.13,-20.3]]]},"properties":{"scalerank":0,"featurecla":"Bathymetry","depth":5000}},
{"type":"Feature","geometry":{"type":"Polygon","coordinates":[[[109.07,-19.86],[108.74,-19.99],[108.35,-20.27],[108.37,-20.4],[108.24,-20.71],[108.26,-21.02],[108.68,-20.99],[108.88,-21.2],[109.07,-20.98],[109.55,-20.8],[109.55,-21.03],[109.32,-21.26],[109.37,-21.89],[109.46,-22.07],[109.61,-22.08],[109.51,-22.56],[109.64,-22.84],[109.83,-22.54],[109.92,-22.04],[110.02,-21.92],[110.2,-21.94],[110.18,-22.44],[110.01,-22.89],[109.95,-23.26],[110.09,-23.26],[110.3,-23.09],[110.15,-22.82],[110.4,-22.65],[110.67,-22.71],[110.78,-22.99],[110.91,-23.02],[110.99,-23.31],[111.26,-23.09],[111.23,-22.85],[111.38,-22.74],[111.58,-22.88],[111.7,-22.68],[111.88,-22.53],[111.84,-22.24],[111.99,-22.03],[111.69,-21.65],[111.55,-21.37],[111.54,-21.18],[110.96,-20.91],[110.72,-21.03],[110.51,-21.25],[110.16,-21.83],[110.01,-21.79],[110.01,-21.49],[110.13,-21.26],[110.41,-21.04],[110.36,-20.86],[110.13,-20.74],[109.85,-20.86],[109.82,-20.45],[109.92,-20.24],[109.74,-19.98],[109.48,-19.87],[109.37,-20],[109.57,-20.16],[109.69,-20.39],[109.47,-20.66],[109.24,-20.54],[109.13,-20.33],[108.8,-20.63],[108.68,-20.56],[109.07,-19.86]]]},"properties":{"scalerank":0,"featurecla":"Bathymetry","depth":5000}},
{"type":"Feature","geometry":{"type":"Polygon","coordinates":[[[-161.74,-20.3],[-161.88,-20.02],[-162.1,-20.04],[-161.74,-20.3]]]},"properties":{"scalerank":0,"featurecla":"Bathymetry","depth":5000}},
{"type":"Feature","geometry":{"type":"Polygon","coordinates":[[[-19.7,-19.57],[-19.74,-19.53],[-19.85,-19.54],[-19.86,-19.58],[-19.7,-19.57]]]},"properties":{"scalerank":0,"featurecla":"Bathymetry","depth":5000}},
{"type":"Feature","geometry":{"type":"Polygon","coordinates":[[[83.55,-19.95],[83.64,-19.7],[83.47,-19.8],[83.55,-19.95]]]},"properties":{"scalerank":0,"featurecla":"Bathymetry","depth":5000}},
{"type":"Feature","geometry":{"type":"Polygon","coordinates":[[[-5.45,-19.08],[-5.56,-19.01],[-5.77,-19.11],[-5.74,-19.18],[-5.45,-19.08]]]},"properties":{"scalerank":0,"featurecla":"Bathymetry","depth":5000}},
{"type":"Feature","geometry":{"type":"Polygon","coordinates":[[[77.45,-18.9],[77.35,-18.77],[77.28,-18.9],[77.45,-18.9]]]},"properties":{"scalerank":0,"featurecla":"Bathymetry","depth":5000}},
{"type":"Feature","geometry":{"type":"Polygon","coordinates":[[[-161.38,-18.59],[-161.52,-18.8],[-161.67,-18.65],[-161.7,-19.17],[-161.52,-19.1],[-161.39,-19.2],[-161.11,-18.98],[-161.02,-18.72],[-161.19,-18.57],[-161.38,-18.59]],[[-161.23,-18.66],[-161.19,-18.98],[-161.33,-18.98],[-161.32,-18.72],[-161.23,-18.66]]]},"properties":{"scalerank":0,"featurecla":"Bathymetry","depth":5000}},
{"type":"Feature","geometry":{"type":"Polygon","coordinates":[[[74.24,-18.45],[74.07,-18.54],[74.38,-18.67],[74.38,-18.54],[74.24,-18.45]]]},"properties":{"scalerank":0,"featurecla":"Bathymetry","depth":5000}},
{"type":"Feature","geometry":{"type":"Polygon","coordinates":[[[-158.98,-18.31],[-159.07,-18.34],[-159.04,-18.48],[-158.98,-18.31]]]},"properties":{"scalerank":0,"featurecla":"Bathymetry","depth":5000}},
{"type":"Feature","geometry":{"type":"Polygon","coordinates":[[[-21.72,-18.34],[-21.78,-18.27],[-21.97,-18.49],[-21.91,-18.54],[-21.85,-18.39],[-21.72,-18.34]]]},"properties":{"scalerank":0,"featurecla":"Bathymetry","depth":5000}},
{"type":"Feature","geometry":{"type":"Polygon","coordinates":[[[52.53,-18.49],[52.39,-18.33],[52.26,-18.51],[52.53,-18.49]]]},"properties":{"scalerank":0,"featurecla":"Bathymetry","depth":5000}},
{"type":"Feature","geometry":{"type":"Polygon","coordinates":[[[85.93,-18.04],[85.59,-18.12],[85.37,-18.47],[85.58,-18.9],[85.45,-19.02],[85.32,-18.85],[85.15,-18.96],[85.44,-19.33],[85.12,-19.71],[84.74,-19.59],[84.83,-19.91],[85.04,-19.94],[85.32,-19.75],[85.65,-19.44],[85.68,-18.99],[85.75,-18.68],[85.99,-18.28],[85.93,-18.04]]]},"properties":{"scalerank":0,"featurecla":"Bathymetry","depth":5000}},
{"type":"Feature","geometry":{"type":"Polygon","coordinates":[[[75,-17.86],[74.78,-17.99],[74.55,-17.98],[74.55,-18.09],[74.76,-18.08],[75,-17.86]]]},"properties":{"scalerank":0,"featurecla":"Bathymetry","depth":5000}},
{"type":"Feature","geometry":{"type":"Polygon","coordinates":[[[-4.11,-17.73],[-4.17,-17.72],[-4.83,-17.87],[-4.78,-18.02],[-4.65,-17.89],[-4.33,-17.81],[-4.17,-17.85],[-4.11,-17.73]]]},"properties":{"scalerank":0,"featurecla":"Bathymetry","depth":5000}},
{"type":"Feature","geometry":{"type":"Polygon","coordinates":[[[51.97,-18.01],[52.06,-17.98],[52.18,-17.81],[51.89,-17.95],[51.97,-18.01]]]},"properties":{"scalerank":0,"featurecla":"Bathymetry","depth":5000}},
{"type":"Feature","geometry":{"type":"Polygon","coordinates":[[[74.94,-17.51],[75.09,-17.33],[74.81,-17.37],[74.94,-17.51]]]},"properties":{"scalerank":0,"featurecla":"Bathymetry","depth":5000}},
{"type":"Feature","geometry":{"type":"Polygon","coordinates":[[[-170.06,-17.64],[-170.06,-17.44],[-170.24,-17.46],[-170.45,-17.28],[-170.69,-17.23],[-170.83,-17.32],[-171.13,-17.15],[-171.11,-17.38],[-170.71,-17.65],[-170.36,-17.78],[-170.2,-17.92],[-170.06,-18.17],[-169.91,-18.04],[-169.92,-17.81],[-170.06,-17.64]]]},"properties":{"scalerank":0,"featurecla":"Bathymetry","depth":5000}},
{"type":"Feature","geometry":{"type":"Polygon","coordinates":[[[-160.67,-17.19],[-160.75,-17.09],[-160.87,-17.21],[-160.82,-17.27],[-160.67,-17.19]]]},"properties":{"scalerank":0,"featurecla":"Bathymetry","depth":5000}},
{"type":"Feature","geometry":{"type":"Polygon","coordinates":[[[168.19,-19.66],[168.14,-19.46],[167.9,-19.26],[167.76,-18.7],[167.55,-18.26],[167.47,-17.86],[167.47,-17.35],[167.4,-17.09],[167.26,-17.18],[167.38,-17.35],[167.23,-17.59],[167.19,-17.82],[167.37,-17.91],[167.41,-18.1],[167.35,-18.38],[167.47,-18.54],[167.53,-19.2],[167.95,-19.65],[167.89,-19.84],[168.08,-19.97],[168.22,-20.3],[168.45,-20.71],[168.58,-20.83],[168.76,-21.21],[168.98,-21.35],[169.1,-21.07],[168.84,-20.67],[168.84,-20.4],[168.73,-20.19],[168.75,-19.97],[168.54,-19.84],[168.42,-19.66],[168.19,-19.66]]]},"properties":{"scalerank":0,"featurecla":"Bathymetry","depth":5000}},
{"type":"Feature","geometry":{"type":"Polygon","coordinates":[[[79.03,-17.06],[78.86,-16.94],[78.63,-17.07],[78.66,-17.22],[78.64,-17.65],[78.53,-17.81],[78.45,-18.23],[78.28,-18.39],[78.32,-18.64],[78.46,-18.66],[78.87,-18.48],[78.75,-18.28],[78.84,-18.17],[78.79,-17.73],[78.89,-17.42],[78.75,-17.31],[79.03,-17.06]]]},"properties":{"scalerank":0,"featurecla":"Bathymetry","depth":5000}},
{"type":"Feature","geometry":{"type":"Polygon","coordinates":[[[73.2,-17.09],[73.35,-17.02],[73.27,-16.91],[73.14,-17.03],[73.2,-17.09]]]},"properties":{"scalerank":0,"featurecla":"Bathymetry","depth":5000}},
{"type":"Feature","geometry":{"type":"Polygon","coordinates":[[[72.12,-17.16],[72.03,-16.99],[71.93,-17.14],[72.12,-17.16]]]},"properties":{"scalerank":0,"featurecla":"Bathymetry","depth":5000}},
{"type":"Feature","geometry":{"type":"Polygon","coordinates":[[[72.43,-17.04],[72.88,-16.8],[72.7,-16.76],[72.43,-17.04]]]},"properties":{"scalerank":0,"featurecla":"Bathymetry","depth":5000}},
{"type":"Feature","geometry":{"type":"Polygon","coordinates":[[[74.09,-16.81],[74.13,-16.67],[74.09,-16.54],[73.99,-16.64],[74.09,-16.81]]]},"properties":{"scalerank":0,"featurecla":"Bathymetry","depth":5000}},
{"type":"Feature","geometry":{"type":"Polygon","coordinates":[[[-3.73,-16.28],[-3.95,-16.27],[-3.92,-16.44],[-3.73,-16.28]]]},"properties":{"scalerank":0,"featurecla":"Bathymetry","depth":5000}},
{"type":"Feature","geometry":{"type":"Polygon","coordinates":[[[75.16,-16.96],[75.32,-16.61],[75.57,-16.42],[75.46,-16.24],[75.21,-16.49],[75.23,-16.67],[75.16,-16.96]]]},"properties":{"scalerank":0,"featurecla":"Bathymetry","depth":5000}},
{"type":"Feature","geometry":{"type":"Polygon","coordinates":[[[72.8,-16.12],[72.54,-16.15],[72.7,-16.27],[72.8,-16.12]]]},"properties":{"scalerank":0,"featurecla":"Bathymetry","depth":5000}},
{"type":"Feature","geometry":{"type":"Polygon","coordinates":[[[-74.28,-16.79],[-74.59,-16.62],[-75.24,-16.08],[-75.55,-15.93],[-75.61,-16.09],[-75.46,-16.2],[-75.24,-16.51],[-75.05,-16.63],[-74.95,-16.8],[-74.42,-17.18],[-73.93,-17.66],[-73.64,-17.68],[-73.39,-17.88],[-72.7,-18.58],[-72.55,-18.62],[-72.15,-19.13],[-72.15,-19.27],[-71.81,-19.61],[-71.81,-19.73],[-71.47,-20.4],[-71.44,-20.86],[-71.57,-21.07],[-71.44,-21.32],[-71.46,-21.81],[-71.59,-22.03],[-71.55,-22.42],[-71.68,-22.78],[-71.62,-23.11],[-71.68,-23.6],[-71.77,-23.78],[-71.74,-24.07],[-71.78,-24.55],[-71.65,-25.01],[-71.74,-25.15],[-71.69,-25.52],[-71.75,-26.06],[-71.85,-26.27],[-71.79,-26.4],[-71.98,-26.87],[-71.93,-27.08],[-72.06,-27.27],[-72.04,-27.55],[-72.13,-27.65],[-72.16,-28.07],[-72.43,-28.63],[-72.48,-29.06],[-72.65,-29.51],[-72.65,-29.86],[-72.77,-30.16],[-72.77,-30.55],[-72.7,-30.74],[-72.75,-31.02],[-72.72,-31.34],[-72.84,-31.76],[-72.79,-32.14],[-72.91,-32.63],[-72.91,-32.95],[-73.32,-33.96],[-73.3,-34.1],[-73.51,-34.29],[-73.56,-34.49],[-73.88,-34.8],[-73.92,-35.2],[-74.08,-35.35],[-74.11,-35.86],[-73.77,-35.51],[-73.73,-35.12],[-73.32,-34.3],[-73.08,-34.07],[-72.76,-33.55],[-72.76,-33.25],[-72.65,-33.09],[-72.7,-32.66],[-72.53,-32.3],[-72.48,-32.05],[-72.53,-31.63],[-72.29,-29.59],[-72.19,-29.35],[-72.17,-28.97],[-72.01,-28.25],[-71.83,-27.82],[-71.82,-27.63],[-71.63,-27.45],[-71.62,-27.22],[-71.39,-26.91],[-71.35,-26.45],[-71.38,-26.06],[-71.3,-25.66],[-71.33,-25.44],[-71.28,-24.89],[-71.21,-24.67],[-71.21,-24.02],[-71.14,-23.92],[-71.14,-23.47],[-70.99,-22.73],[-71.02,-22.36],[-70.97,-21.89],[-70.99,-21.43],[-71.09,-20.9],[-71.07,-20.49],[-71.16,-19.94],[-71.32,-19.63],[-71.39,-19.35],[-72.62,-18],[-72.75,-17.96],[-73.08,-17.68],[-73.25,-17.45],[-73.43,-17.37],[-73.64,-17.16],[-73.98,-16.95],[-74.06,-16.8],[-74.28,-16.79]]]},"properties":{"scalerank":0,"featurecla":"Bathymetry","depth":5000}},
{"type":"Feature","geometry":{"type":"Polygon","coordinates":[[[73.49,-16.08],[73.17,-16.11],[73.18,-16.29],[73.49,-16.08]]]},"properties":{"scalerank":0,"featurecla":"Bathymetry","depth":5000}},
{"type":"Feature","geometry":{"type":"Polygon","coordinates":[[[-158.02,-15.62],[-158.07,-15.84],[-157.86,-15.93],[-157.71,-15.84],[-157.44,-15.87],[-157.21,-16.15],[-157.31,-16.36],[-157.87,-16.3],[-158.08,-16.23],[-158.03,-16.5],[-157.58,-16.54],[-157.75,-16.72],[-157.82,-16.94],[-157.62,-17],[-157.42,-17.26],[-157.34,-17],[-157.5,-16.96],[-157.63,-16.79],[-157.33,-16.42],[-157.15,-16.34],[-157.13,-16.15],[-157.42,-15.78],[-157.78,-15.79],[-158.02,-15.62]]]},"properties":{"scalerank":0,"featurecla":"Bathymetry","depth":5000}},
{"type":"Feature","geometry":{"type":"Polygon","coordinates":[[[72.05,-15.29],[71.87,-15.35],[71.96,-15.42],[72.05,-15.29]]]},"properties":{"scalerank":0,"featurecla":"Bathymetry","depth":5000}},
{"type":"Feature","geometry":{"type":"Polygon","coordinates":[[[82.99,-15.07],[82.62,-15.11],[82.53,-15.32],[82.22,-15.26],[81.91,-15.66],[81.98,-16.03],[81.67,-16.4],[81.52,-16.44],[81.22,-16.26],[80.99,-15.96],[80.69,-15.78],[80.69,-15.62],[80.41,-15.73],[81.02,-16.14],[81.32,-16.47],[81.54,-16.54],[81.67,-16.87],[81.2,-16.74],[81.15,-16.52],[80.82,-16.45],[80.83,-16.27],[80.71,-16.15],[80.53,-16.17],[80.06,-15.82],[80,-16.1],[79.85,-16.18],[79.86,-16.46],[79.64,-16.48],[79.59,-16.25],[79.36,-16.43],[79.52,-16.66],[79.49,-16.82],[79.66,-17.09],[79.86,-17.21],[79.91,-17.41],[79.92,-17.9],[80.02,-18.12],[79.59,-18.25],[79.68,-18.53],[79.37,-18.82],[79.47,-19.03],[79.9,-19.11],[80.06,-18.83],[80.31,-18.98],[80.46,-18.71],[80.64,-18.7],[80.7,-18.55],[80.99,-18.71],[81.01,-18.37],[81.12,-18.22],[81.27,-18.22],[81.48,-18.07],[81.61,-18.15],[81.41,-18.58],[81.57,-18.69],[81.51,-18.88],[81.62,-19.1],[81.55,-19.38],[81.59,-19.58],[81.73,-19.71],[82.03,-19.82],[83.04,-19.51],[83.26,-19.49],[83.44,-19.32],[83.51,-19],[84.02,-18.59],[84.1,-18.77],[84.32,-18.58],[84.41,-18.22],[84.72,-17.82],[84.66,-17.63],[84.74,-17.48],[84.98,-17.39],[85.15,-16.91],[85.33,-16.89],[85.44,-16.69],[85.7,-16.73],[85.95,-16.66],[85.97,-16.41],[85.7,-16.56],[85.39,-16.31],[85.64,-16.06],[86.06,-16.15],[86.25,-16.33],[86.42,-16.22],[86.44,-16.02],[86.12,-15.92],[85.97,-16.02],[85.37,-16.03],[85.37,-15.89],[85.15,-15.83],[85.07,-15.71],[84.7,-15.61],[84.32,-15.79],[84.02,-15.82],[83.81,-15.55],[83.64,-15.9],[83.43,-16.04],[83.25,-15.93],[83.41,-15.69],[83.3,-15.55],[83.11,-15.54],[83.09,-15.39],[83.25,-15.06],[82.99,-15.07]],[[83.12,-17.13],[83.11,-17.38],[82.66,-17.66],[82.68,-17.45],[82.91,-17.19],[83.12,-17.13]],[[83.57,-17.66],[83.71,-17.53],[84.05,-17.4],[84.13,-17.57],[84.01,-17.68],[83.57,-17.66]],[[83.48,-17.68],[83.38,-17.95],[83.01,-17.94],[83.07,-17.74],[83.48,-17.68]],[[81.76,-18.03],[81.87,-18.06],[81.91,-18.34],[81.87,-18.75],[81.69,-18.69],[81.76,-18.03]],[[81.88,-17.75],[81.75,-17.63],[81.78,-17.4],[81.99,-17.21],[82.25,-17.35],[82.35,-17.55],[82.2,-17.66],[81.88,-17.75]],[[80.36,-17.1],[80.07,-17.05],[80.16,-16.72],[80.3,-16.73],[80.36,-17.1]],[[79.74,-16.97],[79.59,-16.67],[79.6,-16.57],[79.87,-16.5],[79.9,-16.86],[79.74,-16.97]],[[80.05,-16.63],[79.98,-16.24],[80.28,-16.01],[80.35,-16.15],[80.21,-16.39],[80.18,-16.62],[80.05,-16.63]]]},"properties":{"scalerank":0,"featurecla":"Bathymetry","depth":5000}},
{"type":"Feature","geometry":{"type":"Polygon","coordinates":[[[82.06,-14.54],[82.05,-14.69],[82.16,-14.67],[82.18,-14.59],[82.06,-14.54]]]},"properties":{"scalerank":0,"featurecla":"Bathymetry","depth":5000}},
{"type":"Feature","geometry":{"type":"Polygon","coordinates":[[[81.3,-14.45],[81.34,-14.66],[81.5,-14.59],[81.3,-14.45]]]},"properties":{"scalerank":0,"featurecla":"Bathymetry","depth":5000}},
{"type":"Feature","geometry":{"type":"Polygon","coordinates":[[[80.97,-14.55],[81.06,-14.47],[80.96,-14.38],[80.83,-14.48],[80.97,-14.55]]]},"properties":{"scalerank":0,"featurecla":"Bathymetry","depth":5000}},
{"type":"Feature","geometry":{"type":"Polygon","coordinates":[[[81.46,-13.92],[81.29,-13.99],[81.4,-14.17],[81.53,-14.14],[81.46,-13.92]]]},"properties":{"scalerank":0,"featurecla":"Bathymetry","depth":5000}},
{"type":"Feature","geometry":{"type":"Polygon","coordinates":[[[-175.54,-14.11],[-175.75,-13.85],[-175.79,-14.03],[-175.54,-14.11]]]},"properties":{"scalerank":0,"featurecla":"Bathymetry","depth":5000}},
{"type":"Feature","geometry":{"type":"Polygon","coordinates":[[[81.77,-13.81],[82,-13.58],[81.83,-13.42],[81.61,-13.61],[81.77,-13.81]]]},"properties":{"scalerank":0,"featurecla":"Bathymetry","depth":5000}},
{"type":"Feature","geometry":{"type":"Polygon","coordinates":[[[84.07,-13.11],[84.14,-12.95],[83.99,-12.88],[83.92,-13.16],[84.07,-13.11]]]},"properties":{"scalerank":0,"featurecla":"Bathymetry","depth":5000}},
{"type":"Feature","geometry":{"type":"Polygon","coordinates":[[[-3.46,-12.84],[-3.54,-12.78],[-3.72,-12.8],[-3.75,-12.85],[-3.46,-12.84]]]},"properties":{"scalerank":0,"featurecla":"Bathymetry","depth":5000}},
{"type":"Feature","geometry":{"type":"Polygon","coordinates":[[[-151.2,-12.3],[-151.2,-12.44],[-151.41,-12.59],[-151.19,-12.74],[-151.07,-12.44],[-151.2,-12.3]]]},"properties":{"scalerank":0,"featurecla":"Bathymetry","depth":5000}},
{"type":"Feature","geometry":{"type":"Polygon","coordinates":[[[97.72,-12.07],[97.52,-12.08],[97.67,-12.24],[97.72,-12.07]]]},"properties":{"scalerank":0,"featurecla":"Bathymetry","depth":5000}},
{"type":"Feature","geometry":{"type":"Polygon","coordinates":[[[73.17,-13.49],[73.32,-12.98],[73.22,-12.93],[72.96,-13.42],[73.17,-13.49]]]},"properties":{"scalerank":0,"featurecla":"Bathymetry","depth":5000}},
{"type":"Feature","geometry":{"type":"Polygon","coordinates":[[[82.94,-12.27],[83.21,-12.14],[83.21,-12.04],[82.94,-12.27]]]},"properties":{"scalerank":0,"featurecla":"Bathymetry","depth":5000}},
{"type":"Feature","geometry":{"type":"Polygon","coordinates":[[[-3.33,-11.44],[-3.28,-11.39],[-3.6,-11.42],[-3.67,-11.48],[-3.63,-11.52],[-3.5,-11.45],[-3.41,-11.5],[-3.33,-11.44]]]},"properties":{"scalerank":0,"featurecla":"Bathymetry","depth":5000}},
{"type":"Feature","geometry":{"type":"Polygon","coordinates":[[[-149.5,-11.4],[-149.42,-11.72],[-149.2,-11.68],[-149.1,-11.89],[-148.84,-11.98],[-148.61,-11.76],[-148.41,-11.75],[-148.27,-11.9],[-148.27,-12.08],[-148.09,-12.34],[-147.97,-12.67],[-147.85,-12.54],[-148.14,-11.81],[-148.32,-11.8],[-148.43,-11.62],[-148.6,-11.66],[-148.77,-11.51],[-149.06,-11.79],[-149.24,-11.44],[-149.5,-11.4]]]},"properties":{"scalerank":0,"featurecla":"Bathymetry","depth":5000}},
{"type":"Feature","geometry":{"type":"Polygon","coordinates":[[[72.69,-11.43],[72.55,-11.27],[72.46,-11.33],[72.56,-11.41],[72.69,-11.43]]]},"properties":{"scalerank":0,"featurecla":"Bathymetry","depth":5000}},
{"type":"Feature","geometry":{"type":"Polygon","coordinates":[[[-150.89,-11.05],[-150.79,-11.18],[-150.77,-11.31],[-150.84,-11.42],[-151.01,-11.57],[-150.81,-12.01],[-150.66,-11.96],[-150.67,-11.76],[-150.58,-11.58],[-150.73,-11.49],[-150.72,-11.3],[-150.78,-11.15],[-150.89,-11.05]]]},"properties":{"scalerank":0,"featurecla":"Bathymetry","depth":5000}},
{"type":"Feature","geometry":{"type":"Polygon","coordinates":[[[86.34,-10.4],[86.15,-10.3],[86.02,-10.49],[86.06,-10.73],[86.31,-10.67],[86.39,-10.78],[86.31,-11.03],[86.03,-11.06],[85.65,-10.83],[85.57,-10.98],[85.37,-10.87],[85.24,-10.94],[84.83,-11.55],[85,-11.73],[84.75,-12.07],[84.86,-12.17],[84.85,-12.38],[84.65,-12.73],[84.93,-13],[85.17,-12.71],[85.86,-12.07],[86.04,-12.09],[86.06,-12.34],[86.32,-12.1],[86.21,-11.85],[86.43,-11.42],[86.29,-11.27],[86.52,-11.16],[86.34,-10.4]]]},"properties":{"scalerank":0,"featurecla":"Bathymetry","depth":5000}},
{"type":"Feature","geometry":{"type":"Polygon","coordinates":[[[-143.21,-10.49],[-143.33,-10.22],[-143.48,-10.39],[-143.21,-10.49]]]},"properties":{"scalerank":0,"featurecla":"Bathymetry","depth":5000}},
{"type":"Feature","geometry":{"type":"Polygon","coordinates":[[[-1.35,-9.88],[-1.48,-9.89],[-1.58,-10.01],[-1.36,-9.95],[-1.35,-9.88]]]},"properties":{"scalerank":0,"featurecla":"Bathymetry","depth":5000}},
{"type":"Feature","geometry":{"type":"Polygon","coordinates":[[[87.58,-9.7],[87.44,-10.3],[86.9,-10.32],[86.99,-10.07],[86.65,-10.11],[86.61,-10.42],[86.83,-10.42],[86.99,-10.74],[87.17,-10.82],[87.63,-10.91],[87.52,-10.68],[88.07,-10.51],[88.1,-10.28],[87.89,-10.04],[87.91,-9.72],[87.58,-9.7]],[[87.57,-10.12],[87.61,-9.88],[87.77,-9.91],[87.74,-10.15],[87.62,-10.39],[87.51,-10.33],[87.57,-10.12]]]},"properties":{"scalerank":0,"featurecla":"Bathymetry","depth":5000}},
{"type":"Feature","geometry":{"type":"Polygon","coordinates":[[[162.53,-9.66],[162.26,-9.46],[162.32,-9.77],[162.25,-10.01],[162.46,-10.12],[162.57,-10.05],[162.53,-9.66]]]},"properties":{"scalerank":0,"featurecla":"Bathymetry","depth":5000}},
{"type":"Feature","geometry":{"type":"Polygon","coordinates":[[[169.78,-10.04],[169.49,-9.74],[169.43,-9.86],[169.62,-10.02],[169.78,-10.04]]]},"properties":{"scalerank":0,"featurecla":"Bathymetry","depth":5000}},
{"type":"Feature","geometry":{"type":"Polygon","coordinates":[[[168.72,-9.12],[168.7,-8.98],[168.37,-8.7],[168.36,-8.74],[168.62,-8.98],[168.72,-9.12]]]},"properties":{"scalerank":0,"featurecla":"Bathymetry","depth":5000}},
{"type":"Feature","geometry":{"type":"Polygon","coordinates":[[[177.81,-8.72],[177.55,-8.72],[177.48,-8.95],[177.6,-9.21],[177.85,-8.93],[177.81,-8.72]]]},"properties":{"scalerank":0,"featurecla":"Bathymetry","depth":5000}},
{"type":"Feature","geometry":{"type":"Polygon","coordinates":[[[-1.27,-8.5],[-1.39,-8.45],[-1.47,-8.63],[-1.27,-8.5]]]},"properties":{"scalerank":0,"featurecla":"Bathymetry","depth":5000}},
{"type":"Feature","geometry":{"type":"Polygon","coordinates":[[[-32.14,-8.57],[-32.1,-8.4],[-32.28,-8.5],[-32.14,-8.57]]]},"properties":{"scalerank":0,"featurecla":"Bathymetry","depth":5000}},
{"type":"Feature","geometry":{"type":"Polygon","coordinates":[[[-151.22,-8.88],[-151.37,-8.65],[-151.37,-8.4],[-151.5,-8.03],[-151.7,-8.16],[-151.56,-8.86],[-151.44,-8.93],[-151.22,-8.88]]]},"properties":{"scalerank":0,"featurecla":"Bathymetry","depth":5000}},
{"type":"Feature","geometry":{"type":"Polygon","coordinates":[[[177.85,-7.8],[177.84,-7.66],[177.53,-7.52],[177.53,-7.68],[177.34,-8],[177.54,-8.23],[177.79,-8.1],[177.85,-7.8]],[[177.52,-8.1],[177.44,-7.98],[177.55,-7.85],[177.76,-7.86],[177.72,-8.05],[177.52,-8.1]]]},"properties":{"scalerank":0,"featurecla":"Bathymetry","depth":5000}},
{"type":"Feature","geometry":{"type":"Polygon","coordinates":[[[-161,-6.5],[-161.09,-6.41],[-161.17,-6.61],[-161.19,-6.73],[-160.94,-6.95],[-160.89,-6.77],[-161.04,-6.74],[-161.16,-6.62],[-161,-6.5]]]},"properties":{"scalerank":0,"featurecla":"Bathymetry","depth":5000}},
{"type":"Feature","geometry":{"type":"Polygon","coordinates":[[[-164.15,-6.47],[-164.13,-6.57],[-164.06,-6.6],[-164.04,-6.46],[-164.15,-6.47]]]},"properties":{"scalerank":0,"featurecla":"Bathymetry","depth":5000}},
{"type":"Feature","geometry":{"type":"Polygon","coordinates":[[[152.69,-5.59],[152.48,-5.58],[152.18,-5.79],[151.94,-5.83],[151.78,-6],[151.29,-6.18],[151.17,-6.39],[150.94,-6.43],[150.5,-6.65],[150.01,-6.66],[149.76,-6.76],[149.61,-6.74],[149.49,-6.9],[149.09,-6.98],[148.74,-7.26],[148.97,-7.73],[149.27,-7.73],[149.49,-7.65],[149.89,-7.69],[149.9,-7.44],[149.75,-7.36],[149.84,-7.15],[150.3,-7.19],[150.51,-7.04],[150.82,-7.13],[150.74,-7.33],[151.01,-7.33],[150.97,-7.14],[151.43,-7.11],[151.65,-6.95],[151.9,-6.89],[151.76,-6.68],[152.12,-6.44],[152.35,-6.5],[152.36,-6.31],[152.76,-6.12],[152.92,-6.21],[153.14,-6.12],[153.42,-6.38],[153.49,-6.56],[153.64,-6.66],[153.68,-6.87],[153.89,-7.13],[153.96,-7.03],[154.39,-7.08],[154.45,-7.25],[154.6,-7.26],[154.73,-7.42],[155.16,-7.44],[154.93,-7.21],[154.91,-7.07],[154.42,-6.34],[154.15,-6.22],[153.76,-5.89],[153.65,-5.75],[153.5,-5.84],[153.12,-5.76],[152.84,-5.57],[152.69,-5.59]]]},"properties":{"scalerank":0,"featurecla":"Bathymetry","depth":5000}},
{"type":"Feature","geometry":{"type":"Polygon","coordinates":[[[129.41,-5.4],[129.31,-5.06],[129.29,-5.21],[129.36,-5.28],[129.41,-5.4]]]},"properties":{"scalerank":0,"featurecla":"Bathymetry","depth":5000}},
{"type":"Feature","geometry":{"type":"Polygon","coordinates":[[[90.24,-4.96],[90.33,-5.12],[90.6,-5.14],[90.59,-4.98],[90.41,-5.03],[90.24,-4.96]]]},"properties":{"scalerank":0,"featurecla":"Bathymetry","depth":5000}},
{"type":"Feature","geometry":{"type":"Polygon","coordinates":[[[-81.31,-7.54],[-81.31,-7.42],[-81.58,-6.74],[-81.68,-6.6],[-81.78,-5.86],[-81.9,-5.63],[-81.88,-4.92],[-82.04,-4.97],[-82.01,-5.74],[-81.91,-6.53],[-81.82,-6.94],[-81.6,-7.28],[-81.48,-7.85],[-81.27,-8.38],[-81.3,-8.56],[-81.16,-8.62],[-81.24,-8.8],[-81.24,-9.01],[-81.09,-9.3],[-81.06,-9.52],[-80.76,-9.91],[-80.52,-9.95],[-80.42,-10.25],[-80.29,-10.32],[-80.35,-10.54],[-80.11,-10.61],[-80,-10.74],[-80.11,-11],[-79.87,-11.28],[-79.7,-11.58],[-79.7,-11.8],[-79.05,-12.32],[-78.72,-12.84],[-78.35,-13.14],[-78.1,-13.51],[-77.94,-13.61],[-77.3,-14.33],[-77.28,-14.23],[-77.64,-13.82],[-78.05,-13.27],[-78.17,-13.01],[-78.6,-12.48],[-79.35,-11.35],[-79.63,-10.73],[-79.97,-10.3],[-79.97,-10.18],[-80.71,-8.98],[-81.07,-8.14],[-81.12,-7.9],[-81.31,-7.54]]]},"properties":{"scalerank":0,"featurecla":"Bathymetry","depth":5000}},
{"type":"Feature","geometry":{"type":"Polygon","coordinates":[[[-1.13,-4.68],[-1.64,-4.82],[-1.97,-4.82],[-2.5,-4.99],[-3.12,-5.09],[-3.29,-5.16],[-3.8,-5.16],[-4.19,-5.3],[-4.35,-5.24],[-4.71,-5.33],[-5.15,-5.51],[-5.16,-5.71],[-4.8,-5.51],[-4.42,-5.64],[-4.31,-6],[-4.04,-5.85],[-4.33,-5.51],[-4.15,-5.44],[-3.97,-5.5],[-3.86,-5.9],[-3.74,-5.9],[-3.67,-5.64],[-3.38,-5.57],[-3.52,-5.3],[-3.1,-5.26],[-2.69,-5.1],[-2.57,-5.28],[-2.1,-5.26],[-2.3,-5.1],[-2.24,-4.99],[-1.94,-4.87],[-1.51,-4.82],[-1.13,-4.68]]]},"properties":{"scalerank":0,"featurecla":"Bathymetry","depth":5000}},
{"type":"Feature","geometry":{"type":"Polygon","coordinates":[[[-166.16,-4.66],[-166.03,-4.42],[-166.09,-4.28],[-166.18,-4.63],[-166.16,-4.66]]]},"properties":{"scalerank":0,"featurecla":"Bathymetry","depth":5000}},
{"type":"Feature","geometry":{"type":"Polygon","coordinates":[[[88.08,-7.92],[87.87,-7.78],[87.97,-7.5],[88.34,-7.44],[88.42,-7.22],[88.13,-7.17],[88.13,-7.04],[88.3,-6.96],[88.05,-6.62],[87.99,-6.99],[87.86,-7.02],[87.66,-7.32],[87.31,-7.39],[87.36,-6.58],[87.54,-6.53],[87.67,-6.37],[88.03,-6.4],[88.1,-6.11],[88.27,-6.11],[88.33,-5.91],[88.02,-5.56],[87.95,-5.34],[88.26,-5.03],[88.31,-4.81],[88.24,-4.62],[87.99,-4.61],[87.92,-4.41],[87.75,-4.27],[87.76,-4.06],[87.32,-4.11],[87.1,-4.19],[87.27,-4.42],[87.07,-4.49],[86.81,-4.49],[86.68,-4.75],[86.23,-4.38],[86.21,-4.71],[86.32,-4.9],[86.51,-5.02],[86.09,-5.26],[85.96,-5.42],[85.85,-5.26],[85.68,-5.2],[85.56,-5.33],[85.57,-5.51],[86.04,-5.52],[86.02,-5.77],[86.1,-5.94],[85.97,-6.27],[86.01,-6.46],[85.65,-6.81],[85.44,-6.89],[85.52,-7.04],[85.26,-7.23],[85.15,-7.54],[85.15,-7.8],[85.03,-8.21],[84.98,-8.75],[85.16,-8.77],[85.17,-8.92],[85.32,-9.26],[85.18,-9.48],[85.35,-9.89],[85.54,-9.65],[85.72,-9.83],[85.91,-9.78],[86.02,-9.59],[86.02,-9.29],[86.29,-9.08],[86.39,-8.83],[86.52,-8.76],[86.64,-8.52],[86.97,-8.46],[87.06,-8.59],[87.31,-8.51],[87.5,-8.33],[87.61,-8.47],[87.77,-8.31],[88.15,-8.23],[88.02,-8.03],[88.08,-7.92]],[[88.14,-7.26],[88.08,-7.42],[87.92,-7.4],[87.92,-7.15],[88.14,-7.26]],[[85.23,-8.71],[85.06,-8.53],[85.39,-8.53],[85.23,-8.71]],[[85.58,-8.85],[85.78,-8.81],[85.75,-9.12],[85.58,-9.2],[85.39,-9.17],[85.42,-8.88],[85.58,-8.85]]]},"properties":{"scalerank":0,"featurecla":"Bathymetry","depth":5000}},
{"type":"Feature","geometry":{"type":"Polygon","coordinates":[[[123.84,-4.06],[123.56,-4.14],[123.39,-4.39],[123.69,-4.63],[123.95,-4.53],[123.91,-4.2],[123.84,-4.06]]]},"properties":{"scalerank":0,"featurecla":"Bathymetry","depth":5000}},
{"type":"Feature","geometry":{"type":"Polygon","coordinates":[[[75.04,-4.21],[75.24,-4.35],[75.24,-4.2],[75.04,-4.21]]]},"properties":{"scalerank":0,"featurecla":"Bathymetry","depth":5000}},
{"type":"Feature","geometry":{"type":"Polygon","coordinates":[[[3.4,-21.46],[3.75,-21.41],[3.7,-21.18],[3.91,-20.93],[4.39,-20.69],[4.67,-20.6],[4.72,-20.44],[5.15,-20.39],[5.55,-20.12],[5.34,-20.03],[5.27,-19.78],[5.7,-19.56],[5.9,-19.92],[6.12,-19.82],[6.25,-20.03],[6.56,-19.98],[6.68,-20.11],[6.88,-19.95],[6.88,-19.79],[7.24,-19.66],[7.34,-19.53],[7.82,-19.56],[8.06,-19.45],[8.38,-19.19],[8.46,-18.94],[8.22,-18.72],[8.32,-18.46],[8.07,-18.35],[8.16,-18.11],[8.14,-17.64],[7.99,-17.66],[7.58,-17.85],[7.47,-17.81],[7.18,-17.52],[7.11,-17.36],[7.28,-17.25],[7.33,-16.95],[7.21,-16.6],[7.49,-16.38],[7.67,-16.36],[8.08,-16.01],[7.69,-15.9],[7.78,-15.74],[7.96,-15.72],[7.84,-15.47],[7.5,-15.53],[7.58,-14.95],[7.42,-14.78],[7.46,-14.67],[7.27,-14.51],[7.39,-14.29],[7.29,-14.05],[7.3,-13.66],[7.36,-13.57],[7.53,-12.91],[7.39,-12.54],[7.39,-11.93],[7.56,-11.33],[7.42,-11.21],[7.35,-10.89],[7.37,-10.68],[7.23,-10.57],[7.33,-10.4],[7.08,-10.27],[6.96,-10.1],[6.99,-9.65],[6.74,-9.6],[6.43,-9.37],[6.41,-9.24],[6.19,-8.86],[6.22,-8.71],[6.06,-8.34],[6.13,-8.13],[5.93,-8.09],[5.72,-7.78],[5.68,-7.51],[5.56,-7.4],[5.34,-6.76],[5.2,-6.67],[5.18,-6.48],[5.02,-6.41],[4.95,-6.12],[4.78,-6],[4.85,-5.45],[4.56,-5.39],[4.52,-5.09],[4.79,-4.76],[4.76,-4.68],[4.43,-4.65],[4.41,-4.4],[4.22,-4.23],[4.27,-3.98],[3.98,-3.79],[3.43,-3.86],[3.24,-3.82],[3.13,-4.03],[3.23,-4.41],[3,-4.45],[2.72,-4.38],[2.3,-4.73],[1.97,-4.84],[1.86,-4.66],[1.61,-4.61],[1.46,-4.84],[1.83,-4.86],[1.75,-5.14],[2.07,-5.33],[2.08,-5.5],[1.91,-5.6],[1.71,-5.6],[1.61,-5.78],[1.59,-6.16],[1.47,-6.51],[1.48,-6.79],[1.31,-6.84],[1.07,-6.76],[0.88,-7.01],[0.67,-7.06],[0.42,-6.97],[0.47,-7.26],[0.41,-7.46],[0.64,-7.65],[0.59,-7.8],[0.4,-7.75],[0.15,-7.9],[-0.11,-7.88],[0.16,-8.21],[0.09,-8.55],[-0.25,-8.7],[-0.53,-8.71],[-0.7,-8.64],[-0.84,-8.86],[-0.98,-8.74],[-1.25,-8.76],[-1.42,-9.02],[-1.61,-9.02],[-1.87,-9.19],[-2.26,-9.2],[-2.44,-9.46],[-1.66,-9.19],[-1.34,-9.18],[-1.13,-9.07],[-0.25,-8.86],[0.02,-8.69],[0.29,-8.67],[0.41,-8.88],[0.31,-8.97],[0.11,-8.85],[-0.32,-9.11],[-0.62,-9.13],[-0.96,-9.24],[-1.56,-9.52],[-1.71,-9.53],[-2.59,-9.83],[-2.97,-9.9],[-3.16,-10.05],[-1.59,-9.65],[-1.09,-9.58],[-0.52,-9.32],[-0.31,-9.28],[-0.18,-9.41],[-0.19,-9.58],[-0.38,-9.74],[-0.45,-9.94],[-0.71,-10.06],[-0.93,-10.04],[-1.26,-10.22],[-1.38,-10.46],[-1.75,-10.57],[-1.85,-10.45],[-2.06,-10.52],[-2.21,-10.39],[-2.49,-10.39],[-2.55,-10.48],[-2.42,-10.78],[-2.37,-11.38],[-2.69,-11.5],[-2.82,-11.36],[-2.57,-11.23],[-2.71,-10.42],[-2.92,-10.38],[-2.95,-10.77],[-3.14,-10.72],[-3.11,-10.55],[-3.28,-10.42],[-3.37,-10.52],[-3.14,-10.87],[-2.76,-11.14],[-2.87,-11.39],[-2.91,-11.65],[-2.59,-11.59],[-2.41,-11.49],[-2.32,-11.76],[-2.77,-11.84],[-2.83,-11.93],[-2.16,-11.94],[-2.01,-12.09],[-1.85,-11.72],[-1.89,-11.27],[-1.63,-11.59],[-1.49,-11.36],[-1.27,-11.12],[-1.11,-11.16],[-0.98,-11.39],[-0.92,-11.76],[-0.76,-11.87],[-0.82,-12.01],[-1.21,-12.07],[-1.51,-12.24],[-1.9,-12.34],[-2.6,-12.12],[-3.15,-12.19],[-3.09,-12.33],[-2.83,-12.26],[-2.41,-12.38],[-2.22,-12.32],[-1.9,-12.46],[-1.85,-12.61],[-2.24,-12.58],[-2.32,-12.76],[-2.14,-12.94],[-2.13,-13.18],[-2.43,-13.34],[-3.02,-13.41],[-2.93,-13.58],[-2.5,-13.54],[-2.36,-13.46],[-2,-13.57],[-2.07,-13.8],[-2.3,-13.91],[-2.6,-13.82],[-2.71,-13.88],[-2.69,-14.18],[-2.43,-14.18],[-2.48,-13.95],[-2.08,-14.03],[-1.73,-13.85],[-1.81,-14.15],[-1.66,-14.21],[-1.58,-14.41],[-1.74,-14.52],[-1.86,-14.73],[-2.24,-14.66],[-2.59,-14.78],[-2.73,-15.02],[-2.59,-15.07],[-2.28,-14.84],[-2.1,-14.81],[-2.02,-14.99],[-1.75,-14.95],[-1.52,-14.77],[-1.45,-14.53],[-1.3,-14.55],[-1.36,-14.37],[-1.25,-14.08],[-1.1,-14.11],[-1.16,-14.63],[-1.28,-14.64],[-1.31,-14.91],[-1.41,-15.04],[-1.31,-15.25],[-1.4,-15.35],[-1.75,-15.41],[-1.94,-15.38],[-2.37,-15.51],[-2.8,-15.51],[-2.93,-15.58],[-3.54,-15.67],[-3.34,-15.82],[-3.02,-15.65],[-2.71,-15.67],[-2.54,-15.61],[-2.35,-15.7],[-1.94,-15.48],[-1.58,-15.58],[-1.22,-15.48],[-0.9,-15.75],[-1.2,-15.91],[-1.35,-15.79],[-1.51,-15.99],[-1.14,-16.13],[-1,-16.09],[-0.9,-16.27],[-1.06,-16.37],[-1.52,-16.3],[-1.73,-16.44],[-2.12,-16.5],[-2.24,-16.36],[-2.67,-16.41],[-2.93,-16.58],[-3.64,-16.61],[-3.82,-16.68],[-3.72,-16.94],[-3.45,-16.81],[-3.26,-16.85],[-2.88,-16.63],[-2.23,-16.46],[-2.02,-16.61],[-1.49,-16.61],[-1.37,-16.56],[-1.01,-16.58],[-1.06,-16.88],[-1.57,-16.92],[-1.39,-17.17],[-1.16,-17.27],[-1.03,-17.16],[-0.71,-17.15],[-0.66,-17.53],[-0.5,-17.79],[-0.29,-17.97],[-0.63,-18],[-0.68,-18.15],[-1.28,-18.33],[-1.58,-18.31],[-1.85,-18.43],[-2.53,-18.47],[-2.96,-18.6],[-3.29,-18.55],[-3.33,-18.17],[-3.07,-17.94],[-3.05,-17.71],[-2.72,-17.76],[-2.56,-17.63],[-2.38,-17.74],[-2.24,-17.67],[-2.14,-17.47],[-1.77,-17.45],[-1.74,-17.33],[-2.22,-17.39],[-2.39,-17.56],[-3.29,-17.61],[-3.45,-17.52],[-3.62,-17.62],[-4.05,-17.7],[-3.94,-17.74],[-3.75,-17.88],[-3.67,-17.7],[-3.43,-17.6],[-3.36,-17.83],[-3.49,-17.94],[-3.36,-18.11],[-3.31,-18.55],[-3.63,-18.71],[-3.74,-18.46],[-4.11,-18.28],[-4.18,-18.44],[-4.1,-18.74],[-4.71,-18.88],[-4.89,-18.82],[-4.91,-19.04],[-4.67,-19.17],[-4.59,-19.01],[-4.33,-19.28],[-4.35,-19.63],[-4.42,-19.73],[-4.32,-19.95],[-4.05,-19.99],[-3.86,-20.15],[-3.61,-20.13],[-3.45,-19.99],[-3.08,-19.91],[-2.93,-20.01],[-2.46,-19.9],[-2.95,-19.81],[-2.94,-19.59],[-2.57,-19.51],[-2.35,-19.61],[-1.99,-19.42],[-1.61,-19.39],[-1.44,-19.32],[-0.75,-19.28],[-0.44,-19.2],[-0.07,-19.21],[0.38,-19.06],[0.62,-19.06],[0.65,-19.19],[0.2,-19.33],[0.09,-19.63],[-0.12,-19.54],[-0.43,-19.49],[-0.76,-19.66],[-0.39,-20.15],[-0.53,-20.3],[-0.76,-20.16],[-1.15,-20.3],[-1.31,-20.41],[-1.57,-20.42],[-1.48,-20.6],[-1.33,-20.51],[-0.48,-20.38],[-0.5,-20.61],[-0.7,-20.59],[-1.28,-20.73],[-1.36,-20.86],[-1.25,-21.1],[-1.1,-21.12],[-1.14,-21.37],[-1.39,-21.4],[-1.51,-21.15],[-1.48,-20.85],[-1.93,-20.84],[-2.21,-21.07],[-2.93,-21.29],[-2.8,-21.54],[-3.09,-21.75],[-3.38,-21.79],[-3.7,-21.68],[-3.89,-21.85],[-3.7,-22.05],[-3.54,-21.86],[-3.14,-21.89],[-3.03,-22.15],[-2.78,-22.33],[-2.8,-22.48],[-3,-22.58],[-3.23,-22.54],[-3.7,-22.65],[-3.56,-23.01],[-3.84,-23.04],[-4.15,-23.18],[-4.07,-23.42],[-3.65,-23.49],[-3.48,-23.36],[-2.77,-23.23],[-2.47,-23.13],[-2.34,-23.2],[-2.42,-23.42],[-2.6,-23.34],[-2.67,-23.59],[-3.03,-23.52],[-3.42,-23.75],[-3.67,-23.83],[-4.37,-23.83],[-4.78,-23.92],[-4.89,-23.86],[-5.16,-23.99],[-6.04,-24.14],[-6.46,-24.17],[-5.9,-24.19],[-5.71,-24.12],[-5.02,-24.1],[-4.86,-24.03],[-4.34,-23.96],[-3.78,-23.93],[-3.53,-23.85],[-2.72,-23.78],[-2.52,-24.1],[-2.78,-24.19],[-2.98,-24.1],[-3.43,-24.24],[-4.07,-24.35],[-3.91,-24.46],[-3.46,-24.31],[-2.63,-24.19],[-2.1,-24.27],[-2.03,-24.05],[-1.7,-24.02],[-1.49,-23.95],[-1.39,-24.22],[-1.13,-24.17],[-1.23,-23.96],[-0.79,-23.83],[0,-23.68],[0.14,-24.02],[0,-24.14],[-0.91,-24.33],[-1.31,-24.35],[-1.27,-24.48],[-0.91,-24.38],[-0.37,-24.45],[-0.36,-24.31],[-0.05,-24.22],[0.12,-24.47],[-0.17,-24.62],[-0.34,-24.6],[-0.69,-24.81],[-0.9,-24.8],[-1,-24.93],[-1.55,-24.97],[-1.38,-25.33],[-1.27,-25.13],[-1.08,-25.06],[-0.88,-25.23],[-0.69,-25.24],[-0.42,-24.94],[-0.15,-24.98],[0.17,-24.88],[0.38,-25.03],[0.22,-25.18],[-0.04,-25.1],[-0.01,-25.33],[0.36,-25.31],[0.32,-25.5],[0.12,-25.61],[0.11,-25.78],[-0.14,-25.91],[-0.26,-25.71],[-0.41,-25.92],[-0.34,-26.06],[-0.06,-26.03],[0.26,-25.82],[0.43,-25.92],[0.62,-25.9],[0.93,-25.74],[1.33,-25.82],[1.45,-25.95],[1.63,-25.87],[1.9,-25.88],[2.04,-25.71],[2.23,-25.94],[2.28,-25.65],[2.41,-25.59],[2.67,-25.7],[2.67,-25.5],[2.33,-25.56],[2.18,-25.49],[1.81,-25.53],[1.46,-25.45],[1.57,-25.22],[2.02,-25.2],[2.32,-25.04],[2.48,-25.04],[3.06,-25.22],[3.02,-25.6],[3.37,-25.54],[3.31,-25.35],[3.33,-24.88],[3.5,-24.8],[3.59,-24.49],[3.82,-24.41],[3.92,-24.01],[3.42,-23.92],[3.24,-23.66],[2.66,-23.57],[2.51,-23.12],[2.77,-22.82],[2.99,-22.91],[3.08,-23.05],[3.38,-22.9],[3.19,-22.7],[3.36,-22.58],[3.62,-22.57],[3.84,-22.69],[3.73,-22.08],[3.38,-22.13],[3.32,-21.54],[3.4,-21.46]],[[-0.62,-21.46],[-0.84,-21.78],[-0.98,-21.67],[-1.29,-21.69],[-1.24,-21.85],[-1.4,-21.96],[-1.59,-21.82],[-1.48,-21.6],[-1.25,-21.52],[-0.96,-21.53],[-0.62,-21.46]],[[3.13,-21.92],[3.24,-22.13],[3.03,-22.21],[2.83,-22.18],[2.86,-21.94],[3.13,-21.92]],[[-0.79,-21.99],[-0.79,-22.19],[-0.61,-22.23],[-0.7,-22.46],[-1.16,-22.38],[-1.34,-22.24],[-0.87,-21.89],[-0.79,-21.99]],[[-1.26,-22.42],[-1.04,-22.57],[-0.65,-22.54],[-0.42,-22.57],[-0.6,-22.8],[-1.1,-22.82],[-1.21,-22.78],[-1.63,-22.94],[-1.79,-22.87],[-1.99,-22.99],[-2.14,-22.94],[-2.72,-23.13],[-3.49,-23.23],[-3.48,-22.89],[-3.17,-22.65],[-2.95,-22.72],[-2.7,-22.57],[-2.38,-22.68],[-2.28,-22.47],[-1.85,-22.34],[-1.83,-22.15],[-1.53,-22.14],[-1.49,-22.39],[-1.26,-22.42]],[[-0.8,-23.12],[-1.09,-23.25],[-1.09,-23.38],[-1.55,-23.37],[-1.85,-23.49],[-2.15,-23.35],[-2.16,-23.11],[-1.79,-23.02],[-1.61,-23.09],[-1.46,-22.92],[-1.25,-22.96],[-0.96,-22.87],[-0.8,-23.12]],[[-2.54,-22.13],[-2.71,-22.15],[-2.8,-21.92],[-2.57,-21.84],[-2.54,-22.13]],[[-2.14,-21.85],[-2.1,-21.7],[-1.74,-21.67],[-1.74,-21.84],[-2.14,-21.85]],[[-2.45,-21.63],[-2.6,-21.53],[-2.49,-21.29],[-2.11,-21.26],[-1.97,-21.07],[-1.48,-21.27],[-1.52,-21.43],[-2.09,-21.58],[-2.45,-21.63]],[[-0.23,-19.06],[-0.27,-19.1],[-0.89,-19.1],[-1.15,-19.22],[-1.39,-19.16],[-1.48,-19.26],[-2.14,-19.27],[-2.25,-19.45],[-2.49,-19.4],[-2.85,-19.51],[-2.99,-19.46],[-3.13,-19.64],[-3.12,-19.84],[-3.28,-19.86],[-3.43,-19.72],[-3.28,-19.48],[-3.52,-19.27],[-3.7,-19.21],[-3.66,-19.02],[-3.45,-19.01],[-3.19,-19.29],[-3,-19.41],[-2.98,-19.13],[-2.7,-19.27],[-2.64,-19.06],[-2.77,-18.84],[-2.99,-19.03],[-3.36,-19.01],[-3.46,-18.84],[-3.33,-18.73],[-3.1,-18.74],[-2.23,-18.55],[-1.9,-18.53],[-1.3,-18.36],[-0.82,-18.36],[-0.65,-18.29],[-0.29,-18.29],[-0.12,-18.22],[0.54,-18.06],[0.55,-18.22],[0.26,-18.46],[-0.03,-18.53],[-0.06,-18.69],[0.14,-18.85],[0.05,-18.99],[-0.23,-19.06]],[[-3.65,-19.59],[-3.55,-19.75],[-3.57,-19.96],[-3.73,-20],[-3.88,-19.87],[-4.13,-19.89],[-4.26,-19.65],[-4.11,-19.46],[-4.27,-19.39],[-4.16,-19.07],[-4.24,-18.87],[-3.83,-18.85],[-3.8,-19.02],[-4.03,-19.13],[-3.96,-19.29],[-3.65,-19.59]],[[0.26,-18.9],[0.13,-18.56],[0.69,-18.57],[0.75,-18.73],[0.26,-18.9]],[[-0.26,-17.23],[-0.34,-17.05],[-0.18,-16.96],[-0.1,-17.16],[-0.26,-17.23]],[[-0.52,-17],[-0.77,-17.02],[-0.88,-16.77],[-0.65,-16.68],[-0.52,-17]],[[-0.46,-16.87],[-0.6,-16.54],[-0.4,-16.48],[-0.34,-16.81],[-0.46,-16.87]],[[0.12,-16.49],[-0.15,-16.2],[0.04,-16.1],[0.24,-16.44],[0.12,-16.49]],[[-0.22,-16.84],[-0.2,-16.69],[0.01,-16.67],[0.02,-16.88],[-0.22,-16.84]],[[6.85,-16.89],[7.1,-16.82],[7.19,-16.98],[6.91,-17.04],[6.85,-16.89]],[[-0.48,-15.65],[-0.79,-15.74],[-0.72,-15.51],[-0.47,-15.43],[-0.48,-15.65]],[[-0.27,-15.56],[-0.4,-15.33],[-0.01,-15.29],[0.04,-15.49],[-0.27,-15.56]],[[-0.71,-15.33],[-1.05,-15.35],[-1.23,-15.23],[-1.26,-14.96],[-0.92,-14.71],[-0.98,-14.98],[-0.92,-15.09],[-0.55,-15.02],[-0.43,-14.93],[-0.29,-15.12],[-0.71,-15.33]],[[-0.13,-14.93],[-0.12,-14.7],[0.2,-14.67],[0.56,-14.91],[0.43,-15.11],[0.26,-14.93],[-0.13,-14.93]],[[-0.19,-12.99],[-0.09,-13.26],[-0.24,-13.31],[-0.37,-13.2],[-0.19,-12.99]],[[-1.69,-13.01],[-1.79,-13.22],[-1.92,-13.12],[-1.94,-12.83],[-1.79,-12.76],[-1.69,-13.01]],[[-0.72,-12.2],[-0.77,-12.43],[-0.93,-12.51],[-1.15,-12.42],[-1.13,-12.31],[-0.72,-12.2]],[[-0.41,-10.84],[-0.25,-11.04],[-0.23,-11.22],[-0.56,-11.46],[-0.69,-11.45],[-0.92,-11.21],[-0.89,-10.99],[-0.41,-10.84]],[[0.5,-10.09],[0.25,-10.09],[0.17,-9.96],[0.22,-9.65],[0.53,-9.48],[0.6,-9.36],[0.48,-9.01],[0.69,-8.97],[0.94,-9.06],[0.87,-9.35],[0.87,-9.59],[0.5,-10.09]],[[0.28,-9.07],[0.34,-9.31],[0.08,-9.27],[0.11,-9.12],[0.28,-9.07]],[[0.89,-8.63],[0.55,-8.6],[0.65,-8.29],[0.69,-7.9],[0.82,-7.84],[0.79,-7.61],[0.86,-7.44],[1.04,-7.42],[1.15,-7.61],[1.17,-8.04],[0.98,-8.16],[0.89,-8.63]],[[1.99,-8.21],[2.04,-8.05],[2.36,-8],[2.35,-8.14],[1.99,-8.21]],[[1.63,-8.21],[1.74,-8.32],[1.66,-8.55],[1.4,-8.48],[1.42,-8.27],[1.63,-8.21]],[[3.84,-6.91],[4.02,-7.08],[3.83,-7.18],[3.68,-7.1],[3.32,-7.1],[3.4,-6.88],[3.66,-6.81],[3.84,-6.91]],[[4.6,-6.91],[4.54,-6.71],[4.84,-6.61],[4.85,-6.76],[4.6,-6.91]],[[2.44,-6.57],[2.21,-6.57],[2.16,-6.31],[2.27,-6.2],[2.61,-6.24],[2.62,-6.37],[2.44,-6.57]],[[2.99,-5.9],[2.99,-5.63],[3.37,-5.55],[3.41,-5.76],[3.31,-5.92],[2.99,-5.9]],[[3.99,-5.87],[4.03,-5.62],[4.3,-5.62],[4.27,-5.99],[4.02,-6],[3.99,-5.87]],[[4.62,-6.31],[4.77,-6.16],[4.92,-6.18],[4.96,-6.39],[4.62,-6.31]],[[2.64,-5.47],[2.49,-5.49],[2.33,-5.3],[2.57,-5.1],[2.78,-5.21],[2.64,-5.47]],[[2.92,-5.23],[2.83,-5.11],[2.99,-4.94],[3.11,-5.03],[3.05,-5.23],[2.92,-5.23]],[[3.56,-5.24],[3.4,-5.03],[3.22,-4.97],[3.18,-4.75],[3.39,-4.64],[3.38,-4.41],[3.65,-4.32],[3.75,-4.44],[3.84,-4.99],[3.67,-5.22],[3.56,-5.24]],[[4.2,-4.78],[4.12,-4.53],[4.37,-4.57],[4.34,-4.75],[4.2,-4.78]],[[3.96,-5.24],[4.25,-4.93],[4.41,-4.98],[4.32,-5.35],[3.98,-5.4],[3.96,-5.24]],[[-2.29,-11.42],[-1.99,-11.34],[-1.99,-11.64],[-2.27,-11.6],[-2.29,-11.42]],[[0.38,-23.86],[0.57,-23.76],[0.71,-23.92],[0.32,-24.09],[0.38,-23.86]],[[1.74,-23.93],[1.75,-24.15],[1.45,-24.15],[1.49,-23.95],[1.74,-23.93]],[[2.78,-24.17],[3.05,-24.26],[3.01,-24.42],[2.71,-24.43],[2.78,-24.17]],[[2.18,-24.46],[1.65,-24.61],[1.58,-24.46],[1.92,-24.34],[2.18,-24.46]],[[2.02,-25],[1.8,-25.03],[1.8,-24.77],[2.05,-24.71],[2.02,-25]],[[1.18,-25.21],[0.97,-25.14],[0.82,-24.98],[1.08,-24.89],[1.18,-25.21]],[[1.57,-25.03],[1.34,-24.86],[1.37,-24.74],[1.73,-24.83],[1.57,-25.03]],[[0.55,-24.36],[0.54,-24.06],[0.83,-24.03],[0.86,-24.23],[0.55,-24.36]]]},"properties":{"scalerank":0,"featurecla":"Bathymetry","depth":5000}},
{"type":"Feature","geometry":{"type":"Polygon","coordinates":[[[-154.63,-3.12],[-154.59,-3.02],[-154.69,-2.97],[-154.75,-2.99],[-154.63,-3.12]]]},"properties":{"scalerank":0,"featurecla":"Bathymetry","depth":5000}},
{"type":"Feature","geometry":{"type":"Polygon","coordinates":[[[-2.07,-3.03],[-1.99,-3],[-1.99,-2.85],[-2.15,-2.95],[-2.07,-3.03]]]},"properties":{"scalerank":0,"featurecla":"Bathymetry","depth":5000}},
{"type":"Feature","geometry":{"type":"Polygon","coordinates":[[[-147.92,-6.15],[-148.01,-6.4],[-148.18,-6.24],[-148.43,-6.2],[-148.66,-6.09],[-148.75,-5.91],[-148.66,-5.82],[-148.48,-5.94],[-148.2,-5.74],[-148.33,-5.53],[-148.02,-5.44],[-147.58,-5.42],[-147.33,-5.36],[-147.27,-5.25],[-147.86,-5.35],[-148.32,-5.38],[-148.67,-5.17],[-149.09,-5.42],[-149.4,-5.52],[-149.62,-5.52],[-149.95,-5.64],[-150.29,-5.69],[-150.54,-5.67],[-150.63,-5.55],[-150.46,-5.13],[-150.7,-4.99],[-150.91,-4.98],[-151.19,-5.12],[-151.36,-5.07],[-151.3,-4.68],[-151.42,-4.61],[-151.64,-4.66],[-151.74,-4.56],[-152.05,-4.45],[-152.19,-4.31],[-152.42,-4.28],[-152.75,-3.82],[-152.88,-3.94],[-153.3,-3.95],[-153.4,-3.7],[-153.15,-3.57],[-153.1,-3.29],[-153.24,-3.11],[-153.43,-3.12],[-153.63,-2.95],[-153.88,-2.96],[-154,-3.19],[-153.81,-3.21],[-153.72,-3.03],[-153.57,-3.09],[-153.67,-3.35],[-153.45,-3.43],[-153.45,-3.57],[-153.74,-3.58],[-154.08,-3.41],[-154.37,-3.7],[-154.6,-3.62],[-154.61,-3.38],[-154.7,-3.26],[-155.16,-3.27],[-155.15,-3.56],[-155.02,-3.54],[-154.76,-3.81],[-154.58,-3.9],[-154.37,-3.88],[-154.29,-4.06],[-154.07,-3.91],[-153.96,-3.67],[-153.83,-3.65],[-153.68,-3.85],[-153.73,-4.06],[-153.58,-4.13],[-153.43,-4.33],[-153.22,-4.36],[-153.18,-4.55],[-152.98,-4.8],[-152.77,-4.82],[-152.64,-5.16],[-152.23,-5.47],[-151.96,-5.82],[-151.63,-5.8],[-151.51,-5.88],[-151.66,-6.19],[-151.09,-6.25],[-151.19,-6.5],[-151.32,-6.55],[-151.32,-6.91],[-151.5,-6.96],[-151.56,-6.82],[-151.73,-6.81],[-151.88,-7.01],[-151.7,-7.22],[-151.46,-7.3],[-151.27,-7.67],[-151.07,-7.75],[-150.86,-8.16],[-150.89,-8.42],[-150.58,-8.7],[-150.29,-8.42],[-150.12,-8.68],[-149.88,-8.61],[-149.76,-8.77],[-149.74,-9.06],[-149.62,-9.24],[-149.32,-8.93],[-149.25,-8.73],[-149.35,-8.38],[-149.3,-8.21],[-148.99,-8.07],[-148.75,-8.26],[-148.36,-8.27],[-148.25,-8.47],[-148.1,-8.42],[-148.08,-8.66],[-147.71,-9.03],[-147.77,-9.14],[-147.7,-9.44],[-147.2,-9.24],[-147.26,-9.1],[-147.17,-8.93],[-146.95,-9.15],[-147.09,-9.31],[-147.06,-9.5],[-146.78,-9.32],[-146.67,-9.34],[-146.45,-9.58],[-146.23,-9.73],[-146.16,-9.2],[-145.8,-9.32],[-145.55,-9.64],[-145.69,-9.88],[-145.35,-10.11],[-145.35,-9.91],[-145.15,-9.89],[-145.09,-10.09],[-144.74,-10.14],[-144.84,-9.95],[-144.86,-9.67],[-145.09,-9.56],[-145.31,-9.32],[-145.39,-9.08],[-145.32,-8.87],[-145.52,-8.88],[-145.59,-8.68],[-145.37,-8.53],[-145.04,-8.68],[-145.12,-9.04],[-144.96,-9.4],[-144.5,-9.5],[-144.77,-9.22],[-144.65,-9.07],[-145.07,-8.93],[-145.01,-8.68],[-145.14,-8.37],[-145.25,-8.37],[-145.41,-8.1],[-145.72,-8.05],[-145.8,-7.9],[-146.26,-7.71],[-146.39,-7.57],[-146.65,-7.58],[-146.76,-7.75],[-146.94,-7.82],[-146.93,-7.57],[-147.05,-7.18],[-146.92,-7.11],[-146.93,-6.89],[-147.22,-7.12],[-147.36,-6.76],[-147.26,-6.54],[-147.43,-6.31],[-147.56,-6.43],[-147.86,-6.29],[-147.92,-6.15]],[[-149.23,-6.3],[-149.2,-6.43],[-149.62,-6.3],[-149.53,-6.02],[-149.31,-5.98],[-149.23,-6.3]],[[-150.16,-6.5],[-149.86,-6.67],[-149.88,-6.78],[-150.29,-6.65],[-150.43,-6.67],[-150.65,-6.89],[-150.98,-6.86],[-151.11,-6.68],[-150.91,-6.39],[-150.65,-6.38],[-150.35,-6.2],[-150.26,-6.02],[-150.03,-5.85],[-149.69,-6.08],[-149.69,-6.19],[-150.16,-6.5]],[[-150.73,-6.2],[-150.99,-6.27],[-151.15,-5.99],[-151.08,-5.65],[-150.94,-5.8],[-150.7,-5.86],[-150.73,-6.2]],[[-154.76,-3.32],[-154.68,-3.6],[-154.84,-3.67],[-154.96,-3.32],[-154.76,-3.32]],[[-147.56,-7.07],[-147.4,-7.04],[-147.14,-7.23],[-147.14,-7.46],[-147.34,-7.41],[-147.56,-7.07]],[[-147.45,-8.53],[-147.29,-8.78],[-147.32,-9],[-147.58,-9.04],[-147.67,-8.88],[-147.99,-8.57],[-147.55,-8.57],[-147.45,-8.53]]]},"properties":{"scalerank":0,"featurecla":"Bathymetry","depth":5000}},
{"type":"Feature","geometry":{"type":"Polygon","coordinates":[[[82.13,-12.05],[81.78,-11.96],[81.61,-12.05],[81.56,-11.85],[81.86,-11.68],[82.13,-11.68],[82.2,-11.78],[82.51,-11.69],[82.61,-11.37],[83.09,-11.15],[83.09,-10.95],[83.84,-10.6],[84.24,-10.35],[84.26,-10.03],[84.22,-9.63],[84.11,-9.4],[83.94,-9.71],[83.71,-9.73],[83.71,-9.58],[83.23,-9.57],[83.02,-9.44],[82.97,-9.3],[82.73,-9.04],[82.94,-8.88],[83.03,-8.86],[83.09,-8.74],[83.27,-8.76],[83.52,-8.42],[83.13,-8.43],[82.7,-8.14],[82.94,-7.99],[83.04,-8.04],[83.4,-8.02],[83.63,-8.18],[84.14,-8.23],[84.19,-8.03],[84.06,-7.91],[84.24,-7.71],[83.76,-7.73],[83.6,-7.89],[83.16,-7.85],[82.86,-7.87],[82.63,-7.56],[82.55,-7.34],[82.23,-7.24],[82.06,-7.12],[81.93,-7.27],[81.92,-7.44],[81.75,-7.74],[81.36,-7.61],[81.27,-7.46],[81.26,-7.19],[81.36,-6.98],[81.41,-6.66],[81.64,-6.51],[81.8,-6.29],[82.18,-6.38],[82.51,-6.29],[82.68,-6.65],[82.87,-6.62],[83.08,-6.82],[83.25,-6.8],[83.57,-6.89],[83.62,-6.77],[83.9,-7.01],[84.05,-6.79],[84.19,-6.72],[84.23,-6.52],[84.53,-6.34],[84.72,-5.95],[84.86,-5.9],[85.2,-5.62],[85.2,-5.31],[85.01,-5.26],[85.02,-5.47],[84.89,-5.62],[84.65,-5.57],[84.51,-5.33],[84.31,-5.42],[84.1,-5.12],[84.18,-4.85],[84.48,-4.7],[84.5,-4.54],[84.31,-4.5],[84.12,-4.85],[83.9,-4.64],[83.56,-4.7],[83.55,-4.82],[83.34,-4.95],[83.35,-5.18],[83.14,-5.4],[82.75,-5.52],[82.27,-5.46],[82.29,-4.9],[82.02,-4.82],[81.6,-4.99],[81.25,-4.9],[81.17,-4.59],[81.34,-4.55],[81.38,-4.37],[82.03,-4.07],[82.18,-3.73],[82.12,-3.45],[82.19,-3.25],[82.06,-3.11],[81.99,-2.82],[81.58,-2.7],[81.08,-3.17],[80.8,-3.13],[81.02,-3.47],[81.18,-3.34],[81.17,-3.73],[80.95,-3.72],[80.83,-3.94],[80.69,-3.61],[80.5,-3.76],[80.56,-4.03],[80.53,-4.4],[80.35,-4.54],[80.1,-4.57],[79.9,-4.67],[79.51,-4.66],[79.19,-4.55],[79.29,-4.32],[79.15,-4.18],[79.2,-4.05],[79.51,-3.92],[79.71,-3.71],[80.08,-3.63],[80.09,-3.41],[79.88,-3.24],[79.61,-3.39],[79.29,-3.42],[79.14,-3.26],[78.81,-3.34],[78.84,-3.5],[78.55,-3.6],[78.7,-3.91],[79,-3.9],[79.04,-4.26],[78.92,-4.49],[78.73,-4.49],[78.74,-4.8],[78.42,-4.95],[78.09,-5.26],[77.82,-5.25],[77.6,-4.95],[77.61,-4.18],[77.81,-4.09],[77.89,-3.86],[78.15,-3.84],[78.19,-3.53],[77.81,-3.58],[77.53,-3.71],[77.16,-3.67],[77.04,-3.25],[77.38,-2.98],[76.79,-2.95],[76.99,-3.35],[76.93,-3.47],[76.61,-3.41],[76.58,-3.65],[76.77,-3.79],[77.02,-4.19],[77.14,-3.96],[77.45,-4.12],[77.55,-4.38],[77.42,-4.94],[76.76,-5.01],[76.71,-5.14],[76.44,-5.11],[76.22,-4.9],[76.35,-4.45],[76.62,-4.55],[76.92,-4.43],[76.66,-4.25],[76.56,-3.96],[76.3,-3.77],[76.26,-4.05],[76.07,-4.13],[76.01,-4.62],[75.85,-4.74],[75.83,-5],[75.67,-4.98],[75.72,-4.74],[75.63,-4.57],[75.73,-4.45],[75.65,-4.25],[75.48,-4.11],[75.41,-4.32],[75.43,-4.51],[75.34,-4.68],[75.44,-4.86],[75.24,-4.92],[75.04,-4.78],[74.98,-5.06],[74.74,-4.87],[74.41,-5.77],[74.42,-6.07],[74.31,-6.49],[74.33,-6.86],[74.6,-6.98],[74.6,-7.34],[74.52,-7.68],[74.62,-7.75],[74.47,-8.06],[74.45,-8.28],[74.78,-8.28],[75.01,-7.97],[75.27,-7.98],[75.42,-8.3],[75.42,-8.69],[74.9,-8.78],[74.46,-9.03],[74.28,-9.06],[74.31,-9.37],[74.26,-9.6],[74.23,-10.32],[74.02,-10.49],[73.87,-10.2],[73.85,-9.84],[73.61,-9.89],[73.68,-10.11],[73.54,-10.25],[73.53,-10.64],[73.4,-10.84],[73.25,-10.87],[73.1,-10.66],[72.98,-10.7],[73.02,-10.97],[73.43,-11.01],[73.61,-10.94],[74.02,-11.14],[74.13,-10.78],[74.24,-10.82],[74.27,-11.09],[74.42,-11.29],[74.31,-11.4],[74.39,-11.6],[74.12,-11.79],[74.23,-12.03],[73.97,-11.98],[73.73,-12.19],[73.71,-12.42],[73.8,-12.55],[73.87,-13.2],[73.5,-13.37],[73.49,-13.56],[73.86,-13.97],[74.02,-14.35],[73.98,-14.46],[73.47,-14.65],[73.35,-14.51],[73.2,-14.63],[72.96,-14.62],[72.85,-14.98],[72.65,-15.08],[72.25,-15.54],[72.42,-15.73],[72.63,-15.82],[72.98,-15.75],[73.46,-14.81],[73.65,-14.82],[73.65,-15.09],[73.91,-15.32],[74.2,-15.26],[74.17,-15.54],[74.33,-15.76],[74.12,-15.87],[73.83,-16.17],[73.64,-16.2],[73.71,-16.39],[74.05,-16.11],[74.16,-15.92],[74.38,-15.91],[74.48,-15.73],[74.36,-15.52],[74.43,-15.31],[74.58,-15.39],[74.75,-15.87],[74.51,-15.99],[74.5,-16.25],[74.88,-15.91],[75.07,-15.79],[74.98,-15.55],[74.72,-15.39],[75.22,-15.31],[75.34,-15.21],[75.55,-15.43],[75.46,-15.96],[75.56,-15.96],[75.6,-15.6],[75.72,-15.31],[75.89,-15.38],[75.94,-15.58],[75.79,-15.9],[76.04,-15.9],[76.06,-16.05],[76.27,-16.49],[76.04,-16.61],[75.99,-16.94],[76.25,-16.75],[76.36,-16.76],[76.33,-16.29],[76.26,-16.11],[76.48,-16.05],[76.58,-16.2],[76.81,-16.12],[76.92,-15.83],[77.22,-15.8],[77.62,-15.62],[77.6,-15.28],[77.71,-14.84],[78.15,-14.56],[78.46,-14.77],[78.58,-14.76],[78.39,-14.33],[78.41,-13.97],[78.57,-13.9],[78.5,-13.25],[78.62,-12.89],[78.55,-12.62],[78.72,-12.44],[78.63,-12.25],[78.73,-12.08],[78.89,-12.08],[78.91,-12.58],[78.79,-12.67],[78.75,-13.05],[78.92,-13.13],[78.87,-13.42],[78.88,-13.74],[78.77,-14.18],[78.82,-14.5],[78.99,-14.28],[78.95,-14.12],[79.1,-13.77],[79.04,-13.58],[79.08,-13.2],[79.39,-12.58],[79.76,-12.53],[79.8,-12.74],[79.96,-12.69],[80,-12.47],[79.93,-12.34],[79.99,-12.08],[80.23,-11.81],[80.23,-11.63],[80.47,-11.35],[80.78,-11.15],[80.9,-11.47],[81.07,-11.62],[80.86,-11.75],[80.64,-12.02],[80.48,-12.03],[80.39,-12.19],[80.69,-12.24],[81,-12.44],[81.37,-12.29],[81.52,-12.38],[81.8,-12.36],[82.02,-12.27],[82.13,-12.05]],[[82.44,-11.55],[82.26,-11.46],[82.16,-11.12],[82.06,-11.01],[82.08,-10.74],[82.03,-10.34],[82.21,-10.47],[82.36,-10.39],[82.86,-10.71],[82.34,-11.06],[82.44,-11.55]],[[81.66,-10.49],[81.84,-10.68],[81.83,-11.16],[81.61,-11.27],[81.49,-11.04],[81.54,-10.73],[81.47,-10.61],[81.66,-10.49]],[[81.19,-10.91],[81.19,-11.06],[80.88,-11.01],[80.9,-10.89],[81.19,-10.91]],[[81.41,-10.46],[81.27,-10.32],[81.3,-10.14],[81.6,-10.17],[81.59,-10.42],[81.41,-10.46]],[[81.41,-10.46],[81.32,-10.89],[81.19,-10.74],[81.23,-10.48],[81.41,-10.46]],[[78.99,-10.47],[78.98,-10.68],[78.82,-10.67],[78.74,-10.46],[78.99,-10.47]],[[81.45,-10.12],[81.18,-10.04],[81.02,-9.88],[81.14,-9.61],[81.04,-9.51],[81.36,-9.22],[81.41,-8.91],[81.17,-8.84],[81.27,-8.49],[81.88,-8.36],[81.97,-8.58],[82.12,-8.4],[82.42,-8.4],[82.75,-8.76],[82.99,-8.69],[82.99,-8.83],[82.51,-9.1],[82.12,-9.43],[82.11,-9.24],[81.97,-9.2],[81.81,-9.3],[81.93,-9.72],[81.59,-9.96],[81.45,-10.12]],[[77.16,-10.07],[76.96,-9.77],[76.95,-9.54],[77.06,-9.17],[77.18,-9.22],[77.21,-9.98],[77.16,-10.07]],[[79.72,-9.01],[79.61,-9.07],[79.59,-8.6],[79.76,-8.66],[79.72,-9.01]],[[78.99,-8.85],[78.79,-8.92],[78.72,-8.67],[78.79,-8.5],[78.76,-8.23],[78.89,-8.17],[78.98,-8.38],[78.99,-8.85]],[[77.01,-8.46],[76.92,-8.09],[77.14,-8.18],[77.01,-8.46]],[[82.35,-8.12],[82.63,-8.23],[82.54,-8.35],[82.25,-8.31],[82.35,-8.12]],[[82.59,-9.73],[82.67,-9.87],[82.67,-10.12],[82.46,-10.12],[82.59,-9.73]],[[82.37,-10.33],[82.17,-10.22],[82.3,-9.79],[82.49,-9.83],[82.37,-10.33]],[[82.13,-9.89],[82.13,-10.13],[81.97,-10.12],[82.01,-9.91],[82.13,-9.89]],[[82.45,-11.35],[82.54,-11.07],[82.67,-11.07],[82.71,-11.29],[82.45,-11.35]],[[78.8,-7.32],[78.73,-6.94],[78.78,-6.81],[79.02,-6.82],[78.91,-7.18],[78.8,-7.32]],[[78.6,-6.78],[78.65,-6.99],[78.5,-7.11],[78.39,-6.78],[78.55,-6.36],[78.42,-6.21],[78.57,-6.04],[78.77,-5.98],[78.83,-6.16],[78.71,-6.36],[78.7,-6.6],[78.6,-6.78]],[[77.17,-6.65],[77.05,-6.49],[76.83,-6.46],[76.97,-6.06],[77.15,-6.06],[77.29,-6.17],[77.17,-6.65]],[[74.62,-6.44],[74.42,-6.38],[74.45,-6.06],[74.65,-6.15],[74.62,-6.44]],[[78,-6.22],[77.86,-6.26],[77.64,-6.48],[77.5,-6.5],[77.4,-6.24],[77.55,-6.02],[77.86,-5.93],[78,-6.22]],[[79.93,-6.71],[80.21,-6.61],[80.36,-6.77],[80.34,-7.09],[79.85,-7.23],[79.74,-7],[79.77,-6.77],[79.93,-6.71]],[[80.49,-7.16],[80.42,-6.83],[80.47,-6.71],[80.7,-6.77],[80.7,-6.98],[80.49,-7.16]],[[76.34,-14.52],[76.61,-14.49],[76.61,-14.65],[76.36,-14.72],[76.34,-14.52]],[[77.18,-14.86],[77.06,-15.12],[76.58,-15.19],[76.59,-15.63],[76.28,-15.63],[76.07,-15.74],[75.96,-15.68],[76,-15.39],[75.89,-15.14],[76,-15.01],[76.01,-14.81],[76.43,-14.95],[76.5,-14.77],[76.7,-14.82],[76.88,-14.71],[77.18,-14.86]],[[76.7,-15.4],[76.97,-15.44],[76.83,-15.75],[76.69,-15.53],[76.7,-15.4]],[[75.85,-15.03],[75.69,-15.21],[75.47,-15.14],[75.5,-14.83],[75.92,-14.88],[75.85,-15.03]],[[73.17,-14.75],[73.25,-15.07],[73.03,-15.25],[73.07,-15.44],[72.96,-15.65],[72.64,-15.75],[72.5,-15.48],[72.62,-15.14],[72.85,-15.16],[72.97,-14.74],[73.17,-14.75]]]},"properties":{"scalerank":0,"featurecla":"Bathymetry","depth":5000}},
{"type":"Feature","geometry":{"type":"Polygon","coordinates":[[[76.09,-2.81],[76.06,-2.69],[75.81,-2.61],[75.53,-2.7],[75.46,-2.88],[75.48,-3.37],[76.1,-3.52],[75.89,-3.25],[75.68,-3.25],[75.91,-2.83],[76.09,-2.81]]]},"properties":{"scalerank":0,"featurecla":"Bathymetry","depth":5000}},
{"type":"Feature","geometry":{"type":"Polygon","coordinates":[[[74.59,-2.41],[74.7,-2.43],[74.66,-2.66],[74.81,-2.53],[74.74,-2.28],[74.59,-2.41]]]},"properties":{"scalerank":0,"featurecla":"Bathymetry","depth":5000}},
{"type":"Feature","geometry":{"type":"Polygon","coordinates":[[[-1.16,-2.3],[-1.06,-2.21],[-1.09,-2.17],[-1.22,-2.27],[-1.16,-2.3]]]},"properties":{"scalerank":0,"featurecla":"Bathymetry","depth":5000}},
{"type":"Feature","geometry":{"type":"Polygon","coordinates":[[[-25.67,-2.13],[-25.9,-2.17],[-25.9,-2.34],[-26.45,-2.38],[-26.72,-2.45],[-26.9,-2.33],[-27.05,-2.4],[-27.2,-2.02],[-27.45,-2.18],[-27.18,-2.27],[-27.32,-2.46],[-28.26,-2.57],[-28.67,-2.89],[-28.94,-3.34],[-29.16,-3.46],[-29.05,-3.68],[-29.05,-3.84],[-29.18,-4.06],[-29.47,-4.37],[-29.62,-4.6],[-29.5,-4.97],[-30,-4.9],[-30,-5.05],[-30.18,-5.13],[-30.36,-5.03],[-30.53,-5.22],[-30.67,-5.23],[-30.96,-5.64],[-31.26,-5.83],[-31.16,-6.14],[-31.34,-6.14],[-31.44,-6.44],[-31.4,-6.75],[-31.62,-6.79],[-31.63,-6.96],[-32.02,-7.23],[-32.02,-7.72],[-31.83,-7.74],[-31.8,-8.01],[-32.05,-8.22],[-31.75,-8.47],[-31.58,-8.44],[-31.25,-8.5],[-30.96,-8.69],[-31.05,-8.83],[-30.92,-8.96],[-30.57,-8.97],[-30.6,-9.16],[-30.9,-9.21],[-30.91,-9.58],[-31.04,-9.63],[-31.27,-9.24],[-31.22,-9],[-31.29,-8.82],[-31.45,-8.88],[-31.63,-8.79],[-32.13,-8.74],[-32.25,-8.87],[-32.05,-8.97],[-32.05,-9.12],[-31.73,-9.09],[-31.63,-9.2],[-31.75,-9.55],[-31.53,-9.56],[-31.61,-9.79],[-32.02,-9.69],[-32.14,-9.84],[-32.29,-10.33],[-32.16,-10.42],[-32.23,-10.75],[-32.32,-10.83],[-32.4,-11.23],[-32.25,-11.29],[-31.8,-11.67],[-31.41,-11.55],[-31.38,-11.74],[-31.56,-11.95],[-31.61,-12.22],[-31.43,-12.42],[-31.55,-12.92],[-31.77,-13.01],[-31.74,-13.19],[-31.43,-13.37],[-30.87,-13.61],[-30.88,-13.78],[-30.73,-13.83],[-30.61,-14.05],[-30.86,-14.07],[-30.51,-14.32],[-30.33,-14.61],[-30.35,-14.83],[-30.13,-15.29],[-29.84,-15.55],[-29.61,-15.51],[-29.44,-15.86],[-29.45,-16.07],[-29.64,-16.03],[-29.7,-16.22],[-29.41,-16.3],[-29.32,-16.11],[-29.15,-16.13],[-29.21,-16.37],[-29.37,-16.5],[-29.3,-16.73],[-29.42,-17.16],[-28.99,-17.7],[-28.65,-17.77],[-28.65,-17.99],[-28.9,-18.02],[-29.14,-18.21],[-29.28,-18.54],[-29.16,-18.84],[-28.8,-18.98],[-28.83,-19.21],[-28.47,-19.37],[-28.6,-19.59],[-28.62,-19.9],[-28.82,-19.83],[-29.19,-19.99],[-29.35,-19.87],[-29.53,-19.98],[-29.78,-20],[-29.71,-20.28],[-29.38,-20.04],[-29.14,-20.3],[-28.89,-20.07],[-28.66,-20.4],[-28.69,-20.68],[-28.98,-20.97],[-29.21,-20.95],[-29.46,-21.03],[-29.54,-21.19],[-30.01,-21.16],[-30.07,-21.39],[-30.26,-21.56],[-30.17,-21.82],[-30.49,-21.86],[-30.58,-22.02],[-30.86,-22.13],[-30.84,-22.25],[-31.06,-22.44],[-31.2,-22.75],[-31.27,-23.14],[-31.58,-23.38],[-31.72,-23.39],[-32.11,-23.78],[-32.35,-23.62],[-32.4,-24.1],[-32.31,-24.26],[-32.37,-24.58],[-32.25,-24.73],[-32.21,-24.99],[-32.04,-25.14],[-32.02,-25.34],[-31.73,-25.48],[-31.71,-25.65],[-31.52,-25.64],[-31.49,-26.11],[-31.26,-26],[-31.16,-26.19],[-30.79,-26.06],[-30.59,-26.24],[-30.53,-26.51],[-30.93,-26.56],[-31.14,-26.4],[-31.63,-26.57],[-31.44,-26.7],[-31.28,-26.6],[-31.15,-26.71],[-30.86,-26.74],[-30.7,-26.67],[-30.53,-26.74],[-30.22,-26.67],[-30.24,-26.83],[-30.48,-26.9],[-30.94,-26.93],[-31.2,-27.07],[-31.61,-27.09],[-31.62,-27.19],[-31.12,-27.24],[-30.93,-27.12],[-30.73,-27.31],[-30.19,-27.17],[-29.21,-27.22],[-29.08,-27.06],[-28.64,-27.17],[-28.44,-27.02],[-28.09,-27.12],[-27.91,-27.01],[-27.43,-27],[-27.33,-26.93],[-25.19,-26.94],[-25.34,-26.76],[-26.19,-26.78],[-26.64,-26.83],[-26.76,-26.79],[-27.43,-26.9],[-27.72,-26.81],[-27.91,-26.89],[-28.03,-26.74],[-28.39,-26.81],[-28.52,-26.89],[-28.87,-26.84],[-28.96,-27],[-29.45,-27],[-29.48,-26.81],[-29.71,-26.86],[-30.08,-26.83],[-30.05,-26.62],[-29.78,-26.69],[-29.57,-26.59],[-29.23,-26.62],[-28.75,-26.52],[-28.39,-26.59],[-28.22,-26.49],[-27.78,-26.47],[-27.69,-26.59],[-27.42,-26.63],[-27.31,-26.53],[-26.98,-26.43],[-26.79,-26.51],[-26.54,-26.36],[-26.26,-26.4],[-25.87,-26.38],[-25.66,-26.42],[-25.63,-26.26],[-26.23,-26.26],[-26.42,-26.33],[-26.9,-26.3],[-27.05,-26.35],[-27.44,-26.26],[-27.58,-26.33],[-27.83,-26.24],[-27.89,-26.38],[-28.12,-26.37],[-28.14,-26.22],[-27.88,-26.19],[-27.95,-26.02],[-27.84,-25.9],[-27.39,-25.79],[-26.82,-25.12],[-26.6,-25.08],[-26.52,-25.26],[-26.93,-25.43],[-27.04,-25.79],[-26.62,-25.51],[-26.36,-25.46],[-26.22,-25.68],[-26.72,-25.98],[-27.01,-26.01],[-27.08,-26.13],[-26.4,-25.94],[-26.12,-26],[-26.18,-25.8],[-26.19,-25.3],[-25.63,-25.4],[-25.36,-25.53],[-25.29,-25.73],[-25.01,-25.66],[-25.18,-25.46],[-25.56,-25.39],[-26.14,-25.14],[-26.1,-25.05],[-25.75,-24.99],[-25.43,-25],[-25.27,-25.13],[-25.09,-25.03],[-24.89,-25.07],[-24.67,-24.99],[-24.47,-25.07],[-24.35,-24.99],[-24.14,-25.06],[-23.29,-24.96],[-23.49,-24.86],[-23.8,-24.87],[-23.93,-24.94],[-24.46,-24.82],[-24.82,-24.78],[-24.99,-24.87],[-25.17,-24.75],[-25.72,-24.89],[-25.97,-24.73],[-25.67,-24.49],[-25.26,-24.5],[-25.05,-24.37],[-24.45,-24.48],[-24.19,-24.6],[-24.11,-24.38],[-24.36,-24.41],[-24.53,-24.1],[-24.44,-23.92],[-24.26,-24.06],[-24.06,-24],[-23.76,-24.07],[-23.72,-24.3],[-23.5,-24.29],[-23.46,-24.05],[-23.28,-23.99],[-23.07,-24.06],[-22.76,-23.96],[-22.58,-24.02],[-22.32,-23.98],[-21.67,-23.95],[-21.53,-24.02],[-21.24,-23.93],[-21.01,-23.95],[-20.53,-23.88],[-20.34,-23.9],[-19.93,-23.81],[-19.51,-23.86],[-19.06,-23.72],[-19.98,-23.73],[-20.14,-23.78],[-20.49,-23.75],[-20.67,-23.81],[-21.26,-23.76],[-21.5,-23.78],[-22.26,-23.71],[-22.5,-23.54],[-22.28,-23.43],[-21.72,-23.5],[-21.77,-23.36],[-21.6,-23.22],[-21.28,-23.25],[-20.94,-23.4],[-20.59,-23.09],[-20.83,-23.04],[-21.07,-22.78],[-21.15,-22.58],[-20.82,-22.65],[-20.73,-22.77],[-20.33,-22.82],[-20.09,-22.74],[-20.08,-22.55],[-20.27,-22.55],[-20.31,-22.37],[-20.11,-22.25],[-20.32,-22.13],[-20.58,-22.31],[-20.83,-22.16],[-21.2,-22.06],[-21.59,-22.12],[-21.57,-21.98],[-21.32,-21.92],[-20.93,-21.94],[-20.74,-22],[-20.59,-21.76],[-20.83,-21.72],[-21.17,-21.77],[-21.2,-21.33],[-20.9,-21.22],[-20.67,-21.45],[-20.54,-21.17],[-20.12,-21.28],[-20.21,-20.95],[-20.48,-21.07],[-20.82,-21.07],[-21.15,-21.01],[-21.42,-21.07],[-21.74,-21],[-21.72,-20.76],[-21.46,-20.83],[-21.08,-20.76],[-20.71,-20.82],[-20.42,-20.53],[-20.18,-20.52],[-20.23,-20.35],[-20.67,-20.48],[-20.64,-20.17],[-20.74,-20.03],[-21.04,-20.41],[-21,-20.64],[-21.17,-20.61],[-21.23,-20.37],[-21.41,-20.43],[-21.59,-20.2],[-21.21,-20.16],[-20.9,-19.9],[-20.89,-19.66],[-20.59,-19.73],[-20.26,-19.68],[-20.31,-19.52],[-20.55,-19.63],[-20.66,-19.51],[-21,-19.66],[-21,-19.87],[-21.18,-19.98],[-21.38,-19.58],[-21.56,-19.48],[-21.79,-19.47],[-21.96,-19.58],[-22.26,-19.51],[-22.39,-19.61],[-22.68,-19.44],[-22.39,-19.34],[-22.36,-19.02],[-22.14,-19.05],[-21.83,-18.97],[-21.65,-19.08],[-21.53,-18.99],[-21.29,-19],[-21.38,-18.77],[-21.8,-18.86],[-22.25,-18.76],[-22.43,-18.48],[-22.34,-18.38],[-22.36,-18.11],[-22.54,-18.01],[-22.85,-18.01],[-23.02,-17.82],[-22.97,-17.65],[-23.14,-17.39],[-23.35,-17.5],[-23.58,-17.4],[-23.65,-17.21],[-23.35,-17.05],[-23.42,-16.8],[-23.23,-16.74],[-23.18,-16.15],[-22.85,-16.06],[-23.01,-15.82],[-22.8,-15.55],[-22.63,-15.67],[-22.45,-15.63],[-22.28,-15.33],[-21.97,-15.31],[-21.95,-15.49],[-22.15,-15.63],[-21.76,-15.67],[-21.59,-15.88],[-21.39,-15.91],[-21.1,-16.1],[-21.09,-15.77],[-20.72,-15.66],[-20.89,-14.89],[-20.9,-14.52],[-21.24,-14.59],[-21.34,-14.46],[-21.66,-14.44],[-22.16,-14.33],[-22.34,-14.45],[-22.47,-14.39],[-22.25,-14.06],[-22.08,-14.02],[-21.96,-14.13],[-21.72,-14.04],[-21.53,-14.14],[-21.21,-13.94],[-21,-13.88],[-21.3,-13.57],[-21.42,-13.68],[-21.38,-13.95],[-21.47,-14.06],[-21.72,-13.9],[-21.76,-13.78],[-21.72,-13.46],[-21.62,-13.4],[-21.1,-13.37],[-21.48,-13.23],[-21.84,-13.29],[-22.44,-13.25],[-22.32,-13.05],[-21.96,-13.13],[-21.82,-13.01],[-21.41,-12.96],[-21.07,-12.74],[-21.11,-12.15],[-21.35,-12.11],[-21.32,-12.31],[-21.18,-12.42],[-21.19,-12.7],[-21.32,-12.81],[-22.35,-12.84],[-22.5,-12.66],[-22.3,-12.53],[-21.79,-12.43],[-21.62,-12.55],[-21.49,-12.2],[-21.59,-11.78],[-21.78,-11.71],[-21.69,-11.52],[-21.69,-11.24],[-21.26,-11.62],[-21.17,-11.77],[-20.92,-11.8],[-20.88,-11.5],[-21.1,-11.33],[-21.46,-11.4],[-21.47,-11.22],[-21.7,-11.04],[-21.72,-10.75],[-21.62,-10.63],[-21.29,-10.44],[-21.52,-9.97],[-22.08,-9.96],[-22.27,-9.83],[-22.14,-9.71],[-21.58,-9.7],[-21.67,-9.46],[-21.91,-9.56],[-22.03,-9.45],[-21.98,-9.29],[-22.2,-8.66],[-22.01,-8.56],[-21.8,-8.72],[-21.72,-8.39],[-21.57,-8.3],[-21.34,-8.33],[-20.75,-8.28],[-20.58,-8.33],[-20.37,-8.24],[-20.55,-8.04],[-20.78,-8.06],[-20.72,-7.8],[-20.9,-7.69],[-21.15,-7.83],[-21.04,-8.02],[-21.12,-8.14],[-21.31,-7.97],[-21.61,-7.44],[-21.33,-7.31],[-21.17,-6.98],[-21.03,-6.93],[-20.76,-6.97],[-20.69,-6.8],[-20.43,-6.94],[-20.22,-6.87],[-19.85,-6.5],[-20.13,-6.37],[-20.28,-6.42],[-20.43,-6.27],[-20.66,-6.46],[-20.54,-6.68],[-20.92,-6.87],[-21.07,-6.84],[-21,-6.62],[-21.19,-6.48],[-21.32,-6.54],[-21.39,-6.27],[-21.17,-6.16],[-21.17,-5.98],[-20.89,-5.83],[-20.97,-5.29],[-21.19,-5.31],[-21.22,-5.11],[-21.11,-5.05],[-20.57,-5.01],[-20.35,-5.04],[-20.37,-4.86],[-20.73,-4.99],[-21.27,-4.95],[-21.43,-4.81],[-21.29,-4.66],[-21.4,-4.54],[-21.21,-4.22],[-21.06,-4.32],[-21.07,-4.46],[-20.85,-4.58],[-20.83,-4.73],[-20.52,-4.65],[-20.4,-4.49],[-20.57,-4.39],[-20.84,-4.34],[-20.9,-4.22],[-21.1,-4.2],[-21.03,-3.99],[-20.32,-3.98],[-20.02,-3.91],[-19.61,-3.98],[-19.18,-3.94],[-19.33,-3.79],[-19.44,-3.86],[-19.96,-3.87],[-20.71,-3.79],[-20.79,-3.54],[-21.05,-3.43],[-21.06,-3.27],[-20.89,-3.19],[-20.66,-3.34],[-20.64,-3.44],[-20.38,-3.46],[-20.23,-3.32],[-20.32,-3.14],[-20.22,-3.05],[-19.85,-3.13],[-19.46,-3.06],[-19.41,-3.18],[-19.66,-3.26],[-19.71,-3.38],[-19.43,-3.45],[-19.27,-3.36],[-19.25,-3.17],[-18.94,-3],[-18.87,-2.9],[-19.49,-2.86],[-19.86,-2.93],[-19.85,-2.71],[-20.09,-2.66],[-20.1,-2.8],[-20.28,-2.88],[-20.41,-2.43],[-19.82,-2.42],[-19.99,-2.3],[-20.59,-2.3],[-20.95,-2.34],[-21.14,-2.42],[-21.65,-2.4],[-22.61,-2.47],[-22.83,-2.45],[-23.33,-2.5],[-23.68,-2.44],[-23.85,-2.86],[-23.66,-2.62],[-22.84,-2.62],[-22.68,-2.74],[-22.58,-3.17],[-22.72,-3.41],[-22.98,-3.42],[-23.09,-3.62],[-23.31,-3.59],[-23.49,-3.87],[-24.16,-3.96],[-24.32,-3.84],[-24.66,-3.91],[-24.56,-3.59],[-24.66,-3.36],[-24.54,-3.25],[-24.53,-2.9],[-24.36,-2.78],[-24.48,-2.65],[-24.48,-2.38],[-24.62,-2.4],[-24.77,-2.24],[-24.97,-2.35],[-25.05,-2.21],[-25.25,-2.26],[-25.41,-2.15],[-25.67,-2.13]],[[-24,-4.03],[-23.59,-3.95],[-23.43,-4.05],[-23.53,-4.35],[-23.93,-4.42],[-24,-4.03]],[[-21.77,-3.98],[-21.48,-4.09],[-21.43,-4.19],[-21.59,-4.59],[-21.69,-4.59],[-21.69,-4.27],[-22.03,-4.63],[-22.13,-4.38],[-22.24,-4.32],[-22.43,-4.5],[-22.58,-4.44],[-22.61,-4.1],[-22.37,-3.98],[-21.77,-3.98]],[[-22.86,-4.26],[-22.99,-4.45],[-23.14,-4.22],[-23,-4.04],[-22.75,-4.03],[-22.64,-4.19],[-22.86,-4.26]],[[-24.11,-4.05],[-24.07,-4.39],[-24.23,-4.37],[-24.27,-4.13],[-24.11,-4.05]],[[-25.98,-4.31],[-26.07,-4.17],[-25.91,-4.04],[-25.83,-4.24],[-25.98,-4.31]],[[-22.93,-4.75],[-22.72,-4.64],[-22.62,-4.81],[-22.64,-5.14],[-22.81,-5.39],[-23.11,-5.24],[-23.13,-5.12],[-22.93,-4.75]],[[-22.15,-4.88],[-21.89,-4.86],[-21.91,-5.06],[-22.15,-5.02],[-22.15,-4.88]],[[-21.5,-5.68],[-21.3,-5.58],[-21.24,-5.76],[-21.45,-5.89],[-21.63,-6.14],[-21.51,-6.29],[-21.63,-6.41],[-21.82,-6.32],[-22.07,-6.49],[-22.25,-6.45],[-22.29,-6.24],[-21.97,-6.08],[-21.68,-5.8],[-21.69,-5.35],[-21.83,-5.22],[-21.41,-5.08],[-21.27,-5.22],[-21.51,-5.45],[-21.5,-5.68]],[[-22.07,-5.95],[-22.37,-6.17],[-22.37,-6.31],[-22.59,-6.54],[-22.73,-6.48],[-22.76,-6.28],[-22.62,-6.16],[-22.56,-5.9],[-22.74,-5.68],[-22.7,-5.48],[-22.5,-5.38],[-22.17,-5.41],[-21.99,-5.63],[-22.07,-5.95]],[[-23.15,-6.52],[-23.36,-6.53],[-23.44,-6.28],[-23.14,-6.42],[-22.98,-6.2],[-22.81,-6.33],[-22.92,-6.49],[-23.15,-6.52]],[[-21.7,-6.7],[-21.54,-6.68],[-21.38,-6.92],[-21.45,-7.08],[-21.7,-7.06],[-21.7,-6.7]],[[-21.31,-6.88],[-21.39,-6.74],[-21.14,-6.67],[-21.14,-6.84],[-21.31,-6.88]],[[-21.84,-7.15],[-21.74,-7.15],[-21.58,-7.78],[-22.3,-7.41],[-22.17,-7.23],[-21.95,-7.26],[-21.84,-7.15]],[[-28.53,-7.51],[-28.82,-7.32],[-28.78,-7.01],[-28.58,-7.01],[-28.53,-7.51]],[[-29.81,-6.94],[-29.99,-6.88],[-30.02,-6.72],[-29.78,-6.72],[-29.81,-6.94]],[[-29.03,-6.6],[-29.02,-6.36],[-28.88,-6.16],[-28.73,-6.19],[-28.83,-6.61],[-29.03,-6.6]],[[-30.46,-6.46],[-30.59,-6.3],[-30.01,-5.96],[-29.89,-6.13],[-30.07,-6.19],[-30.13,-6.37],[-30.34,-6.35],[-30.46,-6.46]],[[-25.8,-5.69],[-25.99,-5.74],[-26.03,-5.52],[-25.82,-5.56],[-25.8,-5.69]],[[-26.15,-5.24],[-26.38,-5.3],[-26.54,-5.06],[-26.45,-4.88],[-26.31,-4.81],[-26.15,-5.24]],[[-23.79,-4.99],[-23.85,-5.19],[-24.03,-5.1],[-23.97,-4.96],[-23.79,-4.99]],[[-25.09,-5.02],[-25.2,-5.21],[-25.48,-5.14],[-25.63,-5.23],[-26.06,-5.18],[-26.03,-4.92],[-25.87,-4.9],[-25.7,-5.05],[-25.48,-4.92],[-25.11,-4.93],[-25.09,-5.02]],[[-24.24,-6.25],[-24.15,-6.17],[-23.61,-6.22],[-23.66,-6.44],[-23.98,-6.43],[-24.24,-6.25]],[[-21.94,-6.72],[-22.18,-6.98],[-22.2,-6.75],[-21.94,-6.72]],[[-22.02,-5.37],[-21.84,-5.28],[-21.84,-5.57],[-22,-5.55],[-22.02,-5.37]],[[-22.26,-5.27],[-22.57,-5.18],[-22.6,-5.03],[-22.42,-4.9],[-22.15,-5.04],[-22.26,-5.27]],[[-26.56,-8.16],[-26.42,-8.1],[-26.32,-8.3],[-26.52,-8.41],[-26.56,-8.16]],[[-25.7,-8.42],[-25.69,-8.58],[-26.17,-8.66],[-26.17,-8.49],[-25.7,-8.42]],[[-25.59,-8.65],[-25.49,-8.59],[-25.32,-8.77],[-25.42,-8.95],[-25.57,-8.96],[-25.59,-8.65]],[[-29.11,-8.21],[-29.22,-8.37],[-29.4,-8.4],[-29.42,-8.13],[-29.21,-8.05],[-29.11,-8.21]],[[-22.38,-9.28],[-22.2,-9.28],[-22.18,-9.6],[-22.46,-9.43],[-22.38,-9.28]],[[-22.1,-10.34],[-22.01,-10.08],[-21.84,-10.11],[-21.86,-10.28],[-22.1,-10.34]],[[-27.8,-10.39],[-27.62,-10.61],[-27.82,-10.68],[-27.94,-10.53],[-27.8,-10.39]],[[-21.94,-10.52],[-21.73,-10.54],[-21.84,-10.8],[-22.13,-10.78],[-22.3,-10.63],[-21.94,-10.52]],[[-27.21,-11.03],[-27.4,-11.09],[-27.48,-10.7],[-27.33,-10.64],[-27.21,-11.03]],[[-28.35,-10.4],[-28.53,-10.42],[-28.75,-10.26],[-28.93,-10],[-28.73,-9.91],[-28.56,-10.18],[-28.41,-10.22],[-28.35,-10.4]],[[-30.97,-10.01],[-31.1,-9.91],[-30.88,-9.64],[-30.7,-9.66],[-30.7,-9.82],[-30.97,-10.01]],[[-30.46,-9.87],[-30.63,-9.62],[-30.13,-9.56],[-30.12,-9.78],[-30.46,-9.87]],[[-30,-9.53],[-29.61,-9.36],[-29.81,-9.8],[-29.95,-9.75],[-30,-9.53]],[[-29.11,-9.7],[-29.46,-9.47],[-29.29,-9.29],[-29.07,-9.4],[-29.01,-9.58],[-28.78,-9.68],[-28.9,-9.82],[-29.11,-9.7]],[[-25.29,-11.57],[-25.05,-11.84],[-25.16,-12.09],[-25.38,-11.78],[-25.29,-11.57]],[[-23.21,-11.7],[-22.89,-11.64],[-22.63,-11.71],[-22.39,-11.69],[-22.25,-11.76],[-22.27,-12.03],[-22.54,-11.9],[-23.11,-11.86],[-23.21,-11.7]],[[-22.88,-12.21],[-22.85,-12.07],[-22.46,-12.11],[-22.35,-12.3],[-22.87,-12.38],[-22.88,-12.21]],[[-23.35,-12.3],[-23.09,-12.58],[-23.43,-12.52],[-23.35,-12.3]],[[-23.29,-12.67],[-23.24,-12.6],[-22.94,-12.65],[-22.96,-12.77],[-23.2,-12.94],[-23.35,-12.85],[-23.29,-12.67]],[[-22.79,-12.64],[-22.54,-12.7],[-22.63,-12.85],[-22.79,-12.64]],[[-24.14,-12.96],[-24.5,-13.13],[-24.54,-13.28],[-25.01,-13.15],[-25.08,-12.81],[-24.99,-12.74],[-24.26,-12.78],[-24.14,-12.96]],[[-30.6,-13.28],[-30.67,-13.39],[-30.94,-13.3],[-31.01,-13.13],[-30.78,-12.98],[-30.6,-13.28]],[[-25.79,-13.43],[-25.58,-13.4],[-25.38,-13.62],[-25.68,-13.73],[-25.79,-13.43]],[[-23.72,-13.99],[-23.78,-14.21],[-23.98,-14.03],[-23.72,-13.99]],[[-22.77,-14.2],[-22.65,-14.4],[-22.97,-14.48],[-23.11,-14.28],[-22.77,-14.2]],[[-22.66,-14.48],[-22.42,-14.56],[-22.26,-14.91],[-22.04,-15.02],[-22.04,-15.18],[-22.28,-15.24],[-22.54,-15.18],[-22.75,-15.26],[-22.98,-15.15],[-22.91,-14.89],[-22.66,-14.88],[-22.59,-14.76],[-22.66,-14.48]],[[-22.17,-14.9],[-22.31,-14.78],[-22.37,-14.57],[-22.1,-14.5],[-21.71,-14.68],[-21.55,-14.57],[-21.36,-14.64],[-21.41,-14.88],[-21.57,-14.96],[-22.17,-14.9]],[[-21.15,-14.82],[-21.04,-14.65],[-20.91,-14.99],[-21.06,-15.14],[-21.15,-14.82]],[[-21.24,-14.84],[-21.22,-15.13],[-21.45,-15.12],[-21.43,-14.9],[-21.24,-14.84]],[[-21.73,-15.05],[-21.67,-15.24],[-21.94,-15.24],[-21.89,-15.07],[-21.73,-15.05]],[[-21.1,-15.26],[-20.92,-15.25],[-20.84,-15.45],[-21.06,-15.61],[-21.17,-15.36],[-21.1,-15.26]],[[-23.52,-15.38],[-23.29,-15.44],[-23.31,-15.61],[-23.72,-15.71],[-23.81,-15.53],[-23.52,-15.38]],[[-23.25,-15.65],[-23.14,-15.81],[-23.2,-15.96],[-23.41,-15.94],[-23.43,-15.74],[-23.25,-15.65]],[[-26.88,-16.03],[-26.83,-16.18],[-27.28,-16.18],[-27.27,-16.04],[-26.88,-16.03]],[[-25.33,-16.21],[-25.26,-16.13],[-24.95,-16.07],[-24.88,-16.19],[-24.53,-16.13],[-24.14,-16.2],[-23.93,-16.15],[-23.84,-16.44],[-24.28,-16.56],[-24.57,-16.51],[-24.91,-16.64],[-25.06,-16.52],[-24.8,-16.41],[-24.89,-16.23],[-25.27,-16.28],[-25.33,-16.21]],[[-23.48,-16.49],[-23.42,-16.74],[-23.74,-16.97],[-23.74,-16.75],[-23.48,-16.49]],[[-25.36,-17.25],[-25.35,-17.5],[-25.61,-17.4],[-25.36,-17.25]],[[-23.91,-17.7],[-23.86,-17.57],[-23.52,-17.6],[-23.54,-17.8],[-23.91,-17.7]],[[-25.2,-16.67],[-25.64,-16.72],[-25.53,-16.56],[-25.25,-16.58],[-25.2,-16.67]],[[-25.02,-15.88],[-25.3,-15.71],[-25.28,-15.54],[-25.1,-15.55],[-24.94,-15.75],[-25.02,-15.88]],[[-26.1,-15.76],[-26.46,-15.66],[-26.32,-15.49],[-26.18,-15.58],[-25.9,-15.55],[-25.79,-15.69],[-26.1,-15.76]],[[-26.61,-15.49],[-26.8,-15.63],[-26.9,-15.41],[-26.67,-15.39],[-26.61,-15.49]],[[-23.57,-15.28],[-23.74,-15.22],[-23.66,-14.99],[-23.46,-15.14],[-23.57,-15.28]],[[-26.98,-14.88],[-27.25,-14.87],[-27.22,-14.66],[-26.99,-14.74],[-26.98,-14.88]],[[-26.43,-15.1],[-26.41,-14.83],[-26.25,-14.88],[-26.27,-15.08],[-26.43,-15.1]],[[-27.36,-14.59],[-27.51,-14.4],[-27.24,-14.38],[-27.36,-14.59]],[[-28.6,-14.12],[-28.83,-14.25],[-29.09,-14.02],[-29.23,-13.97],[-29.28,-13.75],[-29.08,-13.76],[-28.85,-13.92],[-28.78,-14.06],[-28.6,-14.12]],[[-29.34,-13.78],[-29.48,-13.99],[-30.05,-13.87],[-30.22,-13.97],[-30.65,-13.9],[-30.69,-13.67],[-29.89,-13.69],[-29.71,-13.61],[-29.4,-13.63],[-29.34,-13.78]],[[-29.06,-13.71],[-28.95,-13.51],[-28.78,-13.52],[-28.72,-13.71],[-29.06,-13.71]],[[-26.55,-13.54],[-26.14,-13.66],[-26.18,-13.8],[-26.41,-13.75],[-26.53,-13.88],[-26.67,-13.79],[-26.55,-13.54]],[[-26.9,-13.98],[-26.81,-14.12],[-26.99,-14.39],[-27.18,-14.32],[-27.03,-13.99],[-26.9,-13.98]],[[-23.33,-14.95],[-23.14,-15.14],[-23.39,-15.19],[-23.33,-14.95]],[[-24.32,-14.67],[-24.36,-14.43],[-24.15,-14.37],[-24.17,-14.66],[-24.32,-14.67]],[[-28.02,-14.03],[-28.17,-14.05],[-28.54,-13.93],[-28.38,-13.76],[-28.11,-13.88],[-28.02,-14.03]],[[-26.76,-13.1],[-26.8,-13.2],[-27.21,-13.27],[-27.23,-13.06],[-26.76,-13.1]],[[-26.76,-13.1],[-26.68,-13],[-26.06,-12.91],[-25.95,-12.94],[-25.86,-13.23],[-26.09,-13.27],[-26.25,-13.2],[-26.54,-13.23],[-26.76,-13.1]],[[-25.68,-13.26],[-25.73,-13.15],[-25.48,-13.02],[-25.25,-12.98],[-25.36,-13.23],[-25.68,-13.26]],[[-24.21,-18.03],[-24.01,-18.01],[-24.03,-18.27],[-24.24,-18.31],[-24.21,-18.03]],[[-23.57,-18.3],[-23.71,-18.05],[-23.46,-18.01],[-23.06,-18.28],[-23.13,-18.46],[-23.57,-18.3]],[[-23.42,-18.52],[-23.29,-18.78],[-23.75,-18.75],[-23.69,-18.57],[-23.42,-18.52]],[[-21.65,-19.63],[-21.31,-19.75],[-21.35,-19.95],[-21.58,-19.9],[-21.94,-19.99],[-22.42,-19.99],[-22.47,-19.79],[-22.11,-19.73],[-21.89,-19.78],[-21.65,-19.63]],[[-23.11,-19.87],[-23.2,-20.06],[-23.74,-20.07],[-23.98,-19.91],[-23.74,-19.82],[-23.58,-19.91],[-23.28,-19.81],[-23.11,-19.87]],[[-24.18,-19.88],[-24.07,-20.11],[-24.27,-20.19],[-24.41,-20],[-24.18,-19.88]],[[-22.19,-20.24],[-22.03,-20.45],[-22.21,-20.58],[-22.27,-20.33],[-22.19,-20.24]],[[-24.2,-20.57],[-24.52,-20.81],[-24.6,-20.69],[-24.47,-20.54],[-24.2,-20.57]],[[-20.9,-20.68],[-20.94,-20.48],[-20.76,-20.47],[-20.69,-20.63],[-20.9,-20.68]],[[-23.37,-20.77],[-23.13,-20.92],[-22.87,-20.93],[-22.92,-21.12],[-23.22,-21.17],[-23.34,-21.05],[-23.76,-20.95],[-23.83,-20.78],[-23.46,-20.83],[-23.37,-20.77]],[[-22.15,-20.98],[-21.84,-21.01],[-21.84,-21.19],[-22.11,-21.1],[-22.15,-20.98]],[[-24.95,-21.08],[-25.24,-21.17],[-25.2,-20.9],[-24.94,-20.9],[-24.95,-21.08]],[[-23.8,-20.54],[-23.83,-20.37],[-23.57,-20.26],[-23.52,-20.49],[-23.8,-20.54]],[[-28.42,-20.17],[-28.57,-20.07],[-28.5,-19.88],[-28.34,-19.97],[-28.42,-20.17]],[[-24.42,-19.63],[-24.54,-19.54],[-24.51,-19.36],[-24.33,-19.29],[-24.24,-19.57],[-24.42,-19.63]],[[-26.83,-19.3],[-26.85,-19.4],[-27.23,-19.4],[-27.18,-19.22],[-26.83,-19.3]],[[-25.24,-19.13],[-25.28,-18.99],[-25.06,-18.94],[-24.48,-18.98],[-24.25,-18.95],[-24.22,-19.1],[-24.37,-19.22],[-24.54,-19.15],[-25.24,-19.13]],[[-25.04,-21.38],[-24.94,-21.29],[-24.77,-21.58],[-24.95,-21.69],[-25.04,-21.38]],[[-23.58,-21.37],[-23.38,-21.53],[-23.62,-21.6],[-23.58,-21.37]],[[-22.82,-21.58],[-23.08,-21.68],[-23.14,-21.55],[-22.93,-21.4],[-22.82,-21.58]],[[-22.25,-21.53],[-22.08,-21.45],[-22.01,-21.67],[-22.24,-21.68],[-22.25,-21.53]],[[-21.76,-21.71],[-21.66,-21.5],[-21.42,-21.54],[-21.33,-21.72],[-21.48,-21.8],[-21.76,-21.71]],[[-23.7,-21.41],[-23.76,-21.7],[-23.9,-21.64],[-23.88,-21.44],[-23.7,-21.41]],[[-24.2,-21.49],[-24.34,-21.67],[-24.61,-21.65],[-24.48,-21.46],[-24.2,-21.49]],[[-22.96,-22.46],[-22.78,-22.64],[-23.05,-22.73],[-23.12,-22.51],[-22.96,-22.46]],[[-24.31,-22.82],[-24.05,-23.01],[-23.78,-22.9],[-23.68,-23.1],[-23.76,-23.42],[-24.19,-23.38],[-24.49,-23.42],[-24.44,-22.94],[-24.31,-22.82]],[[-23.09,-23.45],[-22.61,-23.33],[-22.54,-23.57],[-23.09,-23.45]],[[-23.09,-23.45],[-23.44,-23.43],[-23.59,-23.09],[-23.26,-22.88],[-22.79,-22.98],[-22.86,-23.16],[-23.07,-23.26],[-23.09,-23.45]],[[-21.22,-22.9],[-20.87,-23.02],[-20.87,-23.2],[-21.46,-23.17],[-21.5,-23.03],[-21.22,-22.9]],[[-21.66,-23.2],[-22.1,-23.22],[-22.22,-23.09],[-22.55,-23.24],[-22.66,-23.05],[-22.56,-22.96],[-21.91,-22.93],[-21.67,-23.04],[-21.66,-23.2]],[[-25.22,-23.33],[-25.47,-23.27],[-25.42,-23.05],[-25.17,-23.07],[-25.22,-23.33]],[[-23.88,-22.78],[-23.96,-22.59],[-23.76,-22.51],[-23.72,-22.71],[-23.88,-22.78]],[[-24.98,-24.02],[-24.73,-23.95],[-24.61,-24.02],[-24.66,-24.23],[-24.84,-24.32],[-25.11,-24.19],[-24.98,-24.02]],[[-25.23,-24.05],[-25.3,-24.34],[-25.46,-24.27],[-25.4,-24.07],[-25.23,-24.05]],[[-25.69,-24.04],[-25.67,-24.32],[-25.85,-24.48],[-26.05,-24.47],[-25.81,-24.08],[-25.69,-24.04]],[[-27.7,-25.12],[-27.48,-25.25],[-27.72,-25.39],[-27.7,-25.12]],[[-28.48,-25.91],[-28.15,-25.9],[-28.14,-26.19],[-28.81,-26.22],[-28.48,-25.91]],[[-30.09,-26.23],[-30.09,-26.4],[-30.26,-26.49],[-30.38,-26.06],[-30.01,-26.01],[-30.09,-26.23]],[[-21.04,-11.74],[-21.24,-11.56],[-21.09,-11.42],[-20.91,-11.53],[-21.04,-11.74]],[[-23.14,-3.93],[-23.26,-3.91],[-23.36,-3.71],[-22.98,-3.66],[-22.72,-3.76],[-22.86,-3.89],[-23.14,-3.93]],[[-22.08,-3.67],[-22.31,-3.54],[-22.27,-3.34],[-21.91,-3.48],[-21.78,-3.34],[-21.42,-3.33],[-21.35,-3.44],[-21.5,-3.82],[-21.98,-3.86],[-22.08,-3.67]],[[-22.41,-3.38],[-22.59,-3.35],[-22.51,-3.12],[-22.37,-3.18],[-22.41,-3.38]],[[-20.59,-3.18],[-20.36,-3.13],[-20.4,-3.34],[-20.59,-3.18]],[[-22.3,-3.69],[-22.2,-3.89],[-22.55,-3.89],[-22.58,-3.67],[-22.3,-3.69]]]},"properties":{"scalerank":0,"featurecla":"Bathymetry","depth":5000}},
{"type":"Feature","geometry":{"type":"Polygon","coordinates":[[[52.46,-1.99],[52.36,-2.14],[52.54,-2.17],[52.46,-1.99]]]},"properties":{"scalerank":0,"featurecla":"Bathymetry","depth":5000}},
{"type":"Feature","geometry":{"type":"Polygon","coordinates":[[[77.3,-2.23],[77.33,-2.16],[77.19,-1.95],[77.13,-2],[77.3,-2.23]]]},"properties":{"scalerank":0,"featurecla":"Bathymetry","depth":5000}},
{"type":"Feature","geometry":{"type":"Polygon","coordinates":[[[94.6,-25.71],[94.53,-25.43],[94.8,-25.29],[95,-25.52],[94.72,-25.7],[95.01,-25.85],[95.06,-25.99],[95.63,-25.77],[95.62,-25.99],[95.72,-26.26],[96.18,-26.06],[96.34,-25.94],[96.49,-26.06],[96.65,-25.79],[96.84,-25.85],[96.86,-26.19],[97.03,-26.26],[97.23,-26.47],[97.35,-26.73],[97.57,-26.61],[98,-26.75],[98.51,-26.5],[98.54,-26.23],[98.74,-26.3],[98.95,-26.07],[99.01,-25.85],[99.24,-25.9],[99.27,-25.51],[99.54,-25.45],[99.71,-25.28],[99.91,-25.32],[100.21,-25.2],[100.52,-24.9],[100.56,-24.7],[100.8,-24.34],[100.78,-24.15],[101.11,-23.66],[101.15,-23.45],[100.93,-23.47],[100.84,-23.33],[100.9,-22.9],[101.05,-22.75],[101.03,-22.45],[101.3,-22.45],[101.35,-22.7],[101.48,-22.82],[101.51,-21.92],[101.66,-21.82],[101.93,-22.11],[102.24,-22.22],[102.61,-22.44],[102.54,-22.63],[101.86,-22.28],[101.93,-22.44],[102.4,-22.72],[102.51,-23.12],[102.2,-23.11],[102.05,-23.43],[102.23,-23.48],[102.15,-23.71],[102.19,-23.9],[102.43,-23.94],[102.31,-24.25],[102.39,-24.5],[102.39,-24.84],[102.19,-24.95],[102.29,-25.63],[101.99,-26.22],[101.7,-26.47],[101.68,-26.63],[101.83,-26.74],[102.1,-26.74],[102.36,-26.57],[102.64,-26.57],[102.82,-26.35],[103.02,-26.25],[103.21,-26.43],[103.48,-26.42],[103.77,-26.15],[103.88,-26.27],[104.12,-26.23],[104.34,-26.05],[104.46,-25.74],[104.73,-25.51],[104.66,-25.31],[104.47,-25.2],[104.71,-24.8],[104.93,-24.75],[105,-24.94],[105.24,-25.01],[105.94,-25.42],[106.18,-25.58],[106.21,-25.91],[106.03,-25.99],[105.85,-26.27],[106.03,-26.33],[105.98,-26.62],[105.82,-26.76],[105.98,-27.22],[105.91,-27.52],[105.95,-27.74],[105.84,-27.96],[105.8,-28.23],[106.06,-28.32],[106.13,-28.92],[105.82,-29.22],[105.73,-29.06],[105.82,-28.9],[105.72,-28.66],[105.57,-28.71],[105.48,-29.04],[105.27,-29.19],[105.59,-29.53],[105.7,-29.77],[105.6,-30.31],[105.44,-30.56],[105.53,-30.74],[105.48,-31.21],[105.68,-31.34],[105.47,-31.46],[105.36,-31.64],[105.46,-31.8],[105.72,-31.88],[105.93,-32.1],[105.99,-32.52],[105.72,-32.91],[105.46,-32.86],[105.46,-32.66],[105.3,-32.46],[105.24,-32.04],[105.25,-31.64],[105.07,-31.51],[104.84,-31.15],[104.62,-31.03],[104.79,-30.85],[104.88,-30.52],[105.07,-30.32],[105.06,-29.81],[104.81,-30.03],[104.85,-30.26],[104.6,-30.7],[104.16,-30.86],[104.01,-30.85],[103.59,-31.15],[103.37,-31.06],[102.99,-31.16],[102.98,-31.44],[102.39,-31.74],[102.47,-31.85],[102.34,-32.16],[102.75,-32.27],[102.89,-32.47],[103.11,-32.49],[103.22,-32.71],[103.12,-32.85],[102.24,-32.69],[101.98,-32.83],[102.62,-32.83],[102.95,-32.93],[102.99,-33.02],[102.84,-33.46],[102.91,-33.67],[103.13,-33.72],[103.04,-34.07],[102.67,-34.28],[102.38,-34.25],[102.05,-34.34],[101.76,-34.15],[101.64,-34.25],[102,-34.51],[102.34,-34.68],[102.53,-34.94],[102.84,-35.14],[103.15,-35.26],[103.29,-35.45],[103.68,-35.59],[104.04,-35.55],[104.1,-35.7],[104.57,-35.86],[105.22,-36],[105.38,-36.17],[105.56,-36.01],[105.75,-36.04],[105.85,-36.51],[106.04,-36.43],[106.67,-36.61],[106.84,-36.83],[107,-36.88],[107.22,-37.13],[107.34,-36.99],[107.74,-37.04],[108,-37.21],[108.62,-37.34],[108.65,-37.24],[108.38,-37.09],[108.25,-37.15],[108.01,-36.97],[107.8,-36.93],[107.69,-36.78],[107.29,-36.7],[106.85,-36.67],[106.43,-36.44],[106.14,-36.38],[106.1,-36.17],[106.47,-36.19],[106.87,-36.29],[107.26,-36.46],[107.5,-36.46],[107.78,-36.55],[107.98,-36.7],[108.89,-36.94],[109.15,-36.79],[109.42,-36.86],[109.9,-36.9],[109.96,-37.02],[109.72,-37.26],[109.75,-37.46],[110.12,-37.3],[110.45,-37.25],[110.89,-37.29],[111.36,-37.46],[111.63,-37.63],[111.8,-37.38],[112.04,-37.25],[112.44,-37.24],[112.45,-37.41],[112.78,-37.46],[112.95,-37.38],[113.01,-37.13],[113.67,-37.11],[113.68,-37.26],[113.24,-37.38],[113.44,-37.51],[113.64,-37.3],[114,-37.39],[114.2,-37.24],[114.43,-37.39],[114.49,-37.16],[114.72,-37.1],[115.21,-37.6],[115.61,-37.55],[115.76,-37.81],[116.08,-37.87],[116.45,-38.24],[116.48,-38.43],[116.71,-38.69],[117.03,-38.73],[117.12,-38.57],[117.36,-38.57],[117.4,-38.75],[117.76,-38.93],[118.09,-38.94],[118.08,-38.81],[118.22,-38.38],[118.52,-38.28],[118.7,-38.06],[119.19,-38.09],[119.34,-38.42],[119.53,-38.29],[119.53,-38.04],[119.74,-38.02],[120,-38.18],[119.97,-38.45],[120.05,-38.73],[120.71,-38.87],[120.49,-38.61],[120.75,-38.44],[120.8,-38.21],[121.18,-38.19],[121.14,-38.05],[120.84,-37.84],[120.79,-37.61],[121.27,-37.68],[121.39,-37.46],[121.73,-37.54],[122.04,-37.24],[122.09,-37.8],[122.3,-38.02],[122.61,-38.08],[122.77,-38.22],[122.62,-38.35],[122.79,-38.54],[122.82,-38.72],[123.02,-38.78],[123.02,-39],[123.55,-38.48],[124.08,-38.55],[123.9,-38.82],[123.56,-39.02],[123.43,-39.32],[123.78,-39.39],[123.69,-39.55],[123.39,-39.48],[123.35,-39.74],[123.1,-39.84],[122.87,-39.47],[122.95,-39.35],[122.45,-39.28],[122.22,-39.61],[122.57,-39.76],[122.75,-40.23],[122.92,-39.98],[123.31,-39.94],[123.76,-40.06],[124.45,-39.76],[124.74,-39.83],[124.32,-40.06],[124.43,-40.33],[124.75,-40.4],[124.74,-40.61],[125.09,-40.66],[125.52,-40.45],[125.79,-40.94],[126.11,-41.18],[126.5,-41.18],[126.82,-41.28],[126.67,-41.43],[126.65,-41.77],[127.06,-41.83],[127.26,-41.73],[127.24,-41.37],[127.45,-41.32],[127.39,-41.03],[127.55,-40.59],[127.73,-40.68],[127.82,-41.02],[127.71,-41.51],[128.05,-41.62],[127.88,-41.75],[127.65,-41.72],[127.79,-42.01],[128.01,-41.95],[128.23,-41.59],[128.42,-41.68],[128.38,-41.9],[128.02,-42.26],[127.98,-42.46],[128.1,-42.56],[128,-42.93],[128.06,-43.15],[128.04,-43.61],[127.91,-44.08],[128.02,-44.45],[128.32,-44.25],[128.54,-44.36],[128.98,-44.3],[128.78,-44.12],[128.31,-44.18],[128.18,-44.04],[128.21,-43.78],[128.89,-43.66],[129.1,-43.59],[129.24,-43.34],[129.6,-43.13],[129.62,-42.98],[129.42,-42.88],[129.66,-42.69],[130.29,-42.75],[130.61,-42.4],[130.69,-42.01],[131.03,-41.97],[131.25,-42.46],[131.85,-42.5],[132.04,-42.25],[132.33,-42.35],[132.29,-42.61],[132.68,-42.54],[132.72,-42.38],[133.09,-42.45],[133.21,-42.27],[133.58,-42.1],[134.07,-42.01],[134.45,-42.03],[134.59,-42.11],[134.83,-42.03],[134.63,-41.84],[134.64,-41.55],[135.1,-41.42],[135.45,-41.16],[135.67,-41.33],[136.06,-41.13],[136.06,-41.34],[135.92,-41.8],[135.62,-41.93],[135.7,-42.2],[136.18,-41.8],[136.71,-41.92],[137.04,-41.67],[136.84,-41.53],[136.28,-41.75],[136.13,-41.62],[136.25,-41.46],[136.97,-41.27],[136.82,-40.95],[137.34,-41.07],[137.29,-40.92],[137.57,-40.76],[137.55,-40.54],[137.98,-40.52],[137.93,-40.91],[138.19,-40.85],[138.1,-40.5],[138.4,-40.29],[138.46,-40.03],[138.38,-39.89],[139.1,-39.8],[138.98,-39.98],[138.99,-40.26],[139.42,-40.57],[139.21,-40.64],[139.27,-41.17],[139.2,-41.3],[139.33,-41.7],[139.33,-42],[139.68,-41.74],[140.09,-41.86],[140.39,-41.88],[140.46,-41.67],[140.83,-42.08],[141.17,-42.02],[141.91,-42.16],[141.8,-41.94],[141.51,-42],[141.35,-41.86],[141.62,-41.69],[141.72,-41.52],[141.49,-41.4],[141.14,-41.41],[141.28,-40.97],[141.18,-40.67],[141,-40.46],[140.76,-40.51],[140.65,-40.65],[140.41,-40.54],[140.3,-40.18],[140.16,-40.15],[140.18,-39.86],[139.96,-39.85],[139.88,-39.46],[139.42,-39.05],[139.22,-38.98],[138.8,-38.65],[138.89,-38.5],[138.5,-38.32],[138.41,-38.04],[138.24,-37.77],[138.02,-37.71],[137.66,-37.73],[137.28,-37.51],[137.09,-37.54],[136.94,-37.41],[136.4,-37.2],[136.18,-37.28],[135.82,-36.94],[135.58,-36.91],[135.4,-37.2],[135.15,-36.98],[134.95,-36.57],[134.66,-36.46],[134.25,-36.46],[134.09,-36.59],[133.86,-36.6],[133.47,-36.49],[133.26,-36.26],[132.89,-36.17],[132.53,-36.22],[131.93,-36.09],[131.63,-35.9],[131.07,-35.8],[130.25,-35.92],[129.92,-35.78],[130.01,-35.6],[130.34,-35.56],[130.2,-35.4],[129.18,-35.42],[128.74,-35.38],[128.48,-35.27],[127.8,-35.4],[127.46,-35.28],[127.18,-35.04],[126.84,-35.02],[126.48,-35.27],[126.21,-35.25],[126.19,-35.44],[125.95,-35.52],[125.74,-35.69],[125.42,-35.53],[125.29,-35.63],[124.46,-35.71],[124.04,-36.01],[123.77,-36.05],[123.43,-35.8],[123.23,-35.9],[122.91,-35.77],[122.5,-35.95],[121.99,-35.86],[121.68,-35.88],[120.95,-35.67],[120.74,-35.74],[120.4,-35.72],[120.2,-35.91],[119.8,-35.84],[119.73,-36.18],[119.48,-36.26],[119.38,-36.53],[118.82,-36.65],[118.73,-36.79],[119.26,-36.84],[119.5,-37.05],[119.28,-37.13],[118.94,-37.46],[118.8,-37.39],[118.56,-37.47],[118.42,-37.35],[118.51,-37.15],[118.79,-37.26],[118.9,-37.06],[118.42,-36.84],[118.12,-36.79],[117.94,-36.98],[118.04,-37.12],[118.25,-37.05],[118.39,-37.16],[118.3,-37.33],[118.08,-37.27],[117.7,-37.48],[117.41,-37.26],[117.6,-37.15],[117.4,-36.99],[116.88,-37.43],[116.86,-37.18],[116.57,-37.03],[116.88,-36.95],[116.89,-36.74],[116.61,-36.68],[116.43,-36.5],[116.08,-36.57],[115.42,-35.87],[115.18,-35.7],[114.78,-35.66],[114.65,-35.76],[114.3,-35.6],[114.2,-35.39],[113.83,-35.31],[113.25,-35.32],[113.23,-35.17],[112.72,-35.35],[112.47,-35.36],[112.3,-35.47],[112.1,-35.42],[111.58,-35.54],[111.64,-35.79],[111.51,-35.85],[110.46,-35.69],[110.27,-35.38],[110.39,-35.19],[110.02,-35.23],[110.09,-35.41],[109.91,-35.49],[109.49,-34.98],[109.57,-34.73],[109.14,-34.15],[108.9,-33.95],[108.47,-33.31],[108.91,-33.34],[108.91,-33.19],[109.31,-32.92],[109.6,-32.56],[110.06,-32.57],[110.35,-32.46],[111.26,-32.44],[111.49,-32.23],[111.64,-32.25],[111.88,-32.12],[112.21,-32.16],[112.44,-31.99],[112.51,-31.8],[112.75,-31.46],[113.22,-31.38],[113.23,-31.09],[112.96,-31.19],[112.86,-30.63],[112.94,-30.36],[112.71,-30.43],[112.42,-30],[112.63,-29.69],[112.67,-29.39],[112.34,-29.21],[112.18,-28.93],[111.87,-28.53],[111.9,-28.33],[111.57,-28.07],[111.38,-27.7],[111.17,-27.48],[111,-27.43],[110.78,-27.24],[110.23,-27.02],[109.99,-26.76],[109.58,-26.59],[109.48,-26.44],[109.21,-26.37],[109.19,-26.16],[108.41,-25.75],[108.22,-25.7],[108.01,-25.86],[107.97,-26.04],[107.75,-26.04],[107.58,-25.93],[107.5,-25.69],[107.34,-25.81],[107.14,-25.75],[107.05,-25.42],[106.46,-24.82],[106.59,-24.7],[106.82,-24.79],[106.98,-24.65],[106.47,-24.21],[106.71,-24.12],[106.68,-23.64],[106.85,-23.52],[106.57,-23.23],[106.34,-23.19],[106.21,-23.36],[106.03,-23.4],[105.78,-23.74],[105.78,-23.22],[105.58,-23.42],[105.34,-23.87],[105.4,-24.13],[105.6,-24.22],[105.89,-24.48],[106.14,-24.86],[106.51,-25.05],[106.75,-25.35],[106.82,-25.63],[107.05,-25.92],[107.38,-26.06],[107.75,-26.37],[107.71,-26.59],[107.01,-26.17],[106.52,-26.22],[106.34,-25.77],[106.52,-25.56],[106.07,-25.12],[105.72,-25.09],[105.48,-24.88],[105.43,-24.6],[104.98,-24.22],[104.84,-24.02],[104.35,-23.64],[104.14,-23.54],[103.85,-23.21],[103.64,-23.18],[103.48,-23.05],[102.72,-22.69],[102.77,-22.49],[103.19,-22.55],[103.51,-22.75],[103.89,-22.74],[103.41,-22.25],[103.02,-22.03],[102.25,-21.74],[102.46,-21.58],[102.85,-21.68],[102.99,-21.62],[102.95,-21.26],[103.02,-21.07],[103.38,-20.83],[103.93,-20.76],[104.29,-20.93],[104.66,-20.69],[104.86,-20.69],[104.96,-20.86],[105.11,-20.89],[105.46,-21.33],[105.68,-21.21],[105.82,-21.36],[105.83,-21.75],[106.12,-21.09],[106.35,-21.06],[106.56,-21.21],[106.55,-21.44],[106.77,-21.44],[106.77,-21.19],[106.93,-21.07],[107.14,-21.14],[107.49,-20.94],[107.83,-20.44],[107.95,-20.5],[108.16,-20.3],[108.25,-19.97],[108.45,-19.92],[108.46,-19.79],[108.74,-19.49],[108.88,-19.25],[108.83,-19.04],[108.98,-18.94],[109.21,-19.11],[109.29,-18.95],[109.46,-18.9],[109.55,-18.7],[109.75,-18.63],[109.76,-18.34],[109.97,-18.42],[110.19,-18.34],[110.21,-18.18],[110.42,-18.1],[110.8,-17.52],[111.02,-17.43],[111.25,-17.81],[111.39,-17.79],[111.5,-18.1],[111.98,-18.05],[111.93,-17.75],[112.03,-17.63],[111.88,-17.27],[111.72,-17.19],[111.58,-16.69],[111.59,-16.45],[111.47,-16.33],[111.46,-16.08],[111.36,-15.92],[111.71,-15.65],[111.69,-15.26],[111.74,-14.98],[111.91,-14.61],[111.95,-14.18],[112.15,-14.08],[112.24,-14.18],[112.49,-13.91],[112.58,-13.07],[112.72,-13.24],[113.01,-13.14],[113.12,-13.31],[113.15,-13.77],[113.39,-13.94],[113.54,-13.76],[113.56,-13.39],[113.77,-13.3],[113.79,-14.09],[114.04,-13.88],[114.17,-14.03],[113.98,-14.42],[114.05,-14.53],[114.38,-14.4],[114.49,-14.55],[114.44,-14.98],[114.26,-15.48],[113.88,-15.57],[113.87,-15.27],[114,-15.02],[113.89,-14.96],[113.57,-15.05],[113.52,-15.24],[113.37,-15.31],[113.02,-15.07],[112.82,-15.12],[112.53,-15.32],[112.74,-15.5],[113.04,-15.65],[113.33,-15.6],[113.53,-15.65],[113.93,-15.96],[113.95,-16.09],[114.2,-16.03],[114.3,-16.13],[114.71,-16.17],[114.94,-16.27],[115.12,-16.2],[115.89,-16.51],[115.95,-16.26],[116.29,-16.39],[116.63,-16.32],[116.85,-16.44],[117.36,-16.56],[117.82,-16.61],[117.95,-16.38],[118.15,-16.31],[118.12,-16.11],[118.39,-15.94],[118.54,-15.72],[118.51,-15.41],[118.82,-15.07],[118.77,-14.85],[118.96,-14.59],[118.9,-14.02],[119.05,-13.7],[119.17,-13.77],[119.37,-13.32],[118.99,-13.2],[119.01,-12.84],[119.23,-12.63],[119.21,-12.29],[119.32,-12.05],[119.13,-11.91],[118.88,-12],[118.51,-11.88],[118.49,-11.52],[118.62,-11.31],[118.88,-11.36],[119.78,-11.28],[119.75,-11.17],[119.4,-11.07],[118.12,-11.09],[117.84,-11.06],[117.43,-11.14],[116.5,-11.14],[116.14,-11.09],[115.15,-11.06],[115.05,-10.98],[114.77,-10.95],[114.54,-11.02],[114.46,-10.94],[113.92,-10.84],[113.71,-10.77],[113.44,-10.76],[113.24,-10.66],[112.79,-10.6],[112.11,-10.62],[111.89,-10.46],[111.66,-10.39],[111.24,-10.42],[110.84,-10.35],[110.56,-10.2],[110.22,-10.2],[109.72,-10.08],[109.45,-10.12],[108.65,-10],[108.24,-9.9],[107.55,-9.61],[107.38,-9.49],[107.09,-9.46],[106.63,-9.15],[106.19,-9.03],[105.67,-8.74],[105.41,-8.47],[105.38,-8.32],[105.1,-8.14],[104.92,-8.12],[104.73,-7.98],[104.48,-7.95],[104.09,-7.67],[103.86,-7.66],[103.63,-7.54],[103.23,-7.43],[102.86,-7.21],[102.68,-7.17],[102.13,-6.54],[101.68,-6.18],[101.6,-6.01],[101.3,-5.71],[101.16,-5.66],[100.91,-5.32],[100.59,-4.74],[100.24,-4.28],[99.84,-3.86],[99.83,-3.72],[99.34,-3.24],[99.31,-3.14],[98.66,-2.44],[98.42,-2.04],[98.12,-1.83],[98.14,-2.21],[98.46,-2.39],[98.62,-2.61],[98.59,-3.09],[98.71,-3.5],[98.9,-3.72],[99.24,-3.7],[99.43,-3.88],[99.53,-3.72],[99.73,-3.69],[99.75,-3.87],[99.48,-3.98],[99.8,-4.26],[99.81,-4.48],[99.54,-4.65],[99.29,-5.06],[99.41,-5.16],[99.36,-5.38],[99.19,-5.44],[99.12,-5.23],[98.73,-5.37],[98.57,-5.47],[98.34,-5.46],[98.27,-6.29],[98.13,-6.17],[98.07,-6.01],[98.18,-5.62],[98.06,-5.11],[97.97,-4.87],[98.06,-4.73],[97.73,-4.7],[97.5,-4.79],[97.7,-5.16],[97.85,-5.3],[97.72,-5.64],[97.55,-5.7],[97.58,-5.88],[97.51,-6.09],[97.58,-6.48],[97.5,-6.79],[97.49,-7.18],[97.53,-7.37],[97.49,-7.71],[97.26,-7.84],[96.94,-8.29],[96.73,-8.14],[96.7,-7.92],[96.55,-7.63],[96.72,-7.42],[96.72,-7.22],[96.91,-7.08],[97.13,-6.79],[97.05,-6.63],[96.79,-6.36],[96.82,-5.95],[96.49,-5.9],[96.52,-5.72],[96.68,-5.7],[96.82,-5.54],[96.65,-5.21],[96.76,-5.03],[97.01,-4.96],[97.15,-4.53],[96.96,-4.4],[96.69,-4.44],[96.67,-4.17],[96.75,-3.99],[96.55,-3.67],[96.4,-3.85],[96.4,-4.05],[96.27,-4.33],[96.12,-4.42],[96.03,-4.69],[96.04,-4.97],[96.25,-4.99],[96.26,-5.24],[96.11,-5.34],[95.96,-5.58],[95.79,-6.13],[95.58,-6.2],[95.68,-6.36],[95.73,-7],[95.65,-7.15],[95.48,-7.24],[95.23,-7.11],[95.3,-6.62],[95.41,-6.3],[95.53,-6.19],[95.57,-5.88],[95.38,-5.58],[95.38,-5.38],[95.58,-5.03],[95.34,-5.09],[95.24,-4.94],[94.94,-4.84],[94.57,-5.29],[94.31,-5.27],[94.24,-5.15],[94.01,-5.15],[93.85,-5.33],[93.6,-5.3],[93.42,-5.37],[93.47,-4.88],[93.3,-4.83],[93.27,-5.13],[93.17,-5.27],[93.22,-5.45],[93.26,-5.98],[93.15,-6.52],[93.27,-6.55],[93.39,-5.61],[93.55,-5.46],[93.7,-5.6],[93.6,-5.8],[93.55,-6.09],[93.6,-6.56],[93.51,-6.72],[93.41,-7.3],[93.36,-7.94],[93.41,-8.07],[93.28,-8.32],[93.11,-8.2],[93.05,-7.66],[92.91,-7.72],[92.72,-7.42],[92.81,-6.83],[92.69,-6.59],[92.78,-6.36],[92.49,-6.02],[92.34,-5.26],[92.19,-5.21],[92.23,-5.02],[92.07,-4.94],[92.08,-5.35],[92.27,-5.45],[92.32,-5.63],[92.1,-5.66],[91.99,-5.86],[91.78,-5.49],[91.8,-5.38],[91.42,-5.45],[91.42,-5.33],[91.2,-5.25],[91.18,-5.42],[90.88,-5.57],[90.74,-6.26],[90.72,-6.84],[90.65,-6.96],[90.42,-6.94],[90.22,-7.13],[90.25,-7.66],[90.12,-7.75],[90.1,-7.94],[89.84,-7.91],[89.95,-7.97],[89.93,-8.26],[90.07,-8.41],[89.76,-8.59],[89.87,-8.84],[89.7,-8.93],[89.69,-9.67],[89.57,-9.82],[89.64,-10.16],[89.54,-10.35],[89.59,-10.57],[89.5,-10.65],[89.58,-10.86],[89.45,-11.19],[89.5,-11.72],[89.4,-12],[89.38,-12.55],[89.26,-12.84],[89.22,-13.4],[89.36,-13.56],[89.33,-13.8],[89.37,-14.14],[89.25,-14.36],[89.3,-14.66],[89.22,-14.95],[89.11,-15.1],[89.06,-15.53],[89.03,-16.25],[89.18,-16.38],[89.16,-16.61],[89.04,-16.88],[89.16,-17.16],[89.1,-17.48],[88.86,-17.53],[88.96,-17.82],[88.99,-18.17],[89.23,-18.17],[89.23,-18.01],[89.42,-17.96],[89.47,-18.37],[89.83,-18.38],[89.78,-17.98],[89.66,-17.6],[89.71,-16.94],[89.69,-16.44],[89.63,-16.22],[89.79,-15.83],[89.76,-15.22],[89.84,-14.71],[89.92,-14.57],[89.88,-14.08],[90.12,-13.54],[90.24,-13],[90.21,-12.73],[90.43,-12.6],[90.46,-12.18],[90.6,-11.8],[90.43,-11.73],[90.26,-11.86],[90.32,-11.42],[90.49,-11.61],[90.55,-11.52],[90.6,-10.96],[90.58,-10.31],[90.74,-9.38],[90.67,-9.19],[90.75,-8.8],[91.04,-8.59],[90.95,-8.45],[91.11,-8.33],[91.14,-8.16],[91.33,-7.96],[91.25,-7.7],[91.44,-7.66],[91.43,-7.34],[91.54,-7.09],[91.67,-7.35],[91.65,-7.86],[91.48,-8.12],[91.51,-8.62],[91.44,-9.1],[91.6,-9.39],[91.34,-9.63],[91.32,-10.44],[91.01,-10.79],[91.09,-11.02],[90.85,-11.01],[90.79,-11.31],[91.08,-11.18],[91.23,-11.23],[91.4,-11.06],[91.56,-11.28],[91.43,-11.82],[91.22,-11.74],[91.07,-12.01],[90.72,-12.02],[90.73,-12.44],[91.06,-12.43],[91.04,-12.58],[90.87,-12.64],[90.88,-12.81],[90.74,-13.3],[90.84,-13.67],[90.75,-13.91],[90.92,-14.05],[90.97,-14.33],[90.58,-14.62],[90.5,-14.86],[90.55,-15.21],[90.43,-15.47],[90.21,-15.59],[90.19,-16.17],[90.27,-16.95],[90.12,-17.07],[90.04,-17.39],[90.11,-17.8],[90.31,-17.89],[90.24,-18.95],[90.05,-18.96],[90.07,-19.19],[90.29,-19.26],[90.23,-19.65],[90.33,-20.11],[90.53,-19.95],[90.46,-19.76],[90.45,-19.01],[90.33,-18.78],[90.4,-18.32],[90.56,-18.39],[90.5,-18.65],[90.79,-19.06],[90.98,-19.2],[90.84,-19.47],[90.83,-19.67],[90.72,-19.9],[90.92,-20.13],[91.04,-19.92],[91.26,-19.88],[91.28,-19.71],[91.53,-19.66],[91.39,-19.45],[91.51,-19.17],[91.81,-19.15],[92.16,-18.84],[92.5,-18.75],[92.62,-18.43],[92.84,-18.43],[93.02,-18.15],[93.05,-17.98],[93.37,-17.61],[93.41,-17.38],[93.65,-17.23],[93.88,-17.22],[93.91,-17.06],[94.12,-16.89],[94.14,-16.71],[94.38,-16.4],[94.42,-16.01],[94.49,-15.79],[94.84,-15.18],[94.96,-14.91],[94.76,-14.54],[94.95,-14.44],[94.98,-14.28],[95.31,-14.09],[95.44,-14.27],[95.47,-14.47],[95.64,-14.59],[95.82,-14.59],[95.9,-14.45],[96.16,-14.6],[96.08,-14.89],[95.93,-14.87],[95.62,-15.05],[95.5,-15.43],[95.36,-15.5],[94.97,-15.94],[94.78,-16.5],[94.82,-16.72],[94.78,-16.96],[94.65,-17.08],[94.56,-17.33],[94.01,-17.76],[93.79,-18.12],[93.79,-18.27],[93.39,-18.96],[93.33,-19.57],[93.44,-19.96],[93.23,-19.95],[93.03,-20.31],[92.91,-20.19],[92.9,-19.95],[92.69,-19.8],[92.3,-19.65],[92.23,-19.88],[91.74,-20.09],[91.75,-20.47],[91.9,-20.57],[92.19,-20.6],[92.09,-20.94],[92.16,-21.25],[91.84,-21.37],[91.91,-20.81],[91.73,-20.88],[91.73,-21.48],[91.94,-21.58],[91.91,-22.09],[92.14,-21.9],[92.19,-21.51],[92.31,-21.43],[92.21,-21.25],[92.38,-21.14],[92.28,-20.82],[92.96,-20.5],[93.05,-21.11],[93.08,-21.69],[93.17,-22.19],[93.17,-22.45],[93.07,-22.75],[93.12,-23.14],[93.07,-23.29],[93.14,-23.54],[93.26,-24.47],[93.37,-24.9],[93.34,-25.11],[93.45,-25.22],[93.62,-25.58],[93.72,-25.22],[93.55,-25.18],[93.41,-24.75],[93.45,-24.6],[93.32,-24.36],[93.32,-23.91],[93.42,-23.44],[93.63,-23.51],[93.62,-23.84],[93.82,-23.9],[93.96,-24.38],[93.98,-24.74],[94.18,-24.79],[94.23,-24.93],[94.14,-25.2],[94.32,-25.25],[94.32,-24.93],[94.49,-24.95],[94.75,-25.14],[94.4,-25.43],[94.32,-25.66],[94.44,-25.86],[94.6,-25.71]],[[96.07,-25.42],[96.32,-25.38],[96.27,-25.58],[96.11,-25.61],[96.02,-25.83],[95.77,-25.78],[95.84,-25.5],[96.07,-25.42]],[[96.02,-25.16],[95.84,-25.14],[95.88,-24.85],[96.14,-24.75],[96.18,-24.95],[96.02,-25.16]],[[95.64,-24.73],[95.64,-24.53],[95.93,-24.53],[95.82,-24.79],[95.64,-24.73]],[[95.04,-24.48],[94.92,-24.61],[94.69,-24.63],[94.72,-24.44],[95.04,-24.48]],[[100.45,-24.27],[100.54,-24.33],[100.41,-24.88],[100.22,-25.06],[100.02,-24.92],[100.22,-24.65],[100.36,-24.32],[100.45,-24.27]],[[95.26,-23.69],[95.33,-23.46],[95.84,-23.23],[95.88,-23.4],[95.35,-23.68],[95.26,-23.69]],[[96.02,-23.26],[95.98,-23.04],[96.07,-22.85],[96.29,-22.87],[96.24,-23.14],[96.02,-23.26]],[[96.46,-22.46],[96.45,-22.69],[96.26,-22.7],[96.2,-22.49],[96.46,-22.46]],[[95.55,-22.38],[95.45,-22.54],[95.26,-22.54],[95.33,-22.3],[95.26,-22.1],[95.42,-21.74],[95.38,-21.6],[95.5,-21.46],[95.53,-21.11],[95.8,-21.25],[95.76,-21.43],[96.1,-21.43],[96,-20.98],[96,-20.62],[96.23,-20.73],[96.31,-21.43],[96.41,-22.01],[96.33,-22.05],[95.99,-21.92],[95.81,-21.79],[95.79,-22.12],[95.56,-22.08],[95.55,-22.38]],[[93.65,-21.94],[93.55,-22.13],[93.4,-22.04],[93.5,-21.8],[93.24,-21.53],[93.26,-21.43],[93.58,-21.19],[93.72,-20.88],[93.72,-20.73],[93.98,-20.38],[94.14,-20.32],[94.22,-20.54],[94.15,-21],[94.37,-21.01],[94.35,-20.75],[94.56,-20.78],[94.55,-21.16],[94.39,-21.23],[94.41,-21.43],[94.17,-21.4],[94.15,-21.7],[93.92,-21.87],[93.8,-21.62],[93.66,-21.7],[93.65,-21.94]],[[93.42,-21.2],[93.15,-21.13],[93.16,-21.01],[93.46,-20.98],[93.42,-21.2]],[[93.67,-20.52],[93.66,-20.77],[93.51,-20.94],[93.23,-20.8],[93.29,-20.61],[93.51,-20.61],[93.67,-20.52]],[[104.48,-20.14],[104.79,-20.09],[104.76,-20.26],[104.48,-20.14]],[[96.15,-22.3],[95.86,-22.37],[95.86,-22.15],[96.15,-22.3]],[[102.72,-22.32],[102.47,-22.17],[102.54,-22.04],[102.79,-22.18],[102.72,-22.32]],[[102.25,-23.42],[102.42,-23.23],[102.57,-23.29],[102.46,-23.49],[102.25,-23.42]],[[106.93,-26.56],[106.87,-26.44],[107.04,-26.27],[107.19,-26.5],[106.93,-26.56]],[[106.54,-26.59],[106.71,-26.93],[106.45,-26.96],[106.37,-26.79],[106.54,-26.59]],[[107.61,-26.77],[108.01,-26.77],[108.01,-26.94],[107.83,-26.99],[107.61,-26.77]],[[108.26,-26.76],[108.51,-26.86],[108.53,-27],[108.27,-27.01],[108.26,-26.76]],[[106.08,-27.49],[106.21,-27.17],[106.34,-27.17],[106.41,-27.59],[106.22,-27.72],[106.08,-27.49]],[[106,-28.2],[105.91,-28.06],[106.05,-27.76],[106.22,-27.79],[106.15,-28.15],[106,-28.2]],[[106.51,-28.03],[106.75,-27.96],[107.01,-28.14],[107.14,-28.56],[106.68,-28.58],[106.51,-28.03]],[[106.98,-28.73],[106.73,-28.89],[106.56,-28.77],[106.9,-28.62],[106.98,-28.73]],[[106.49,-30.29],[106.53,-30.07],[106.76,-30.13],[106.66,-30.42],[106.49,-30.29]],[[111.72,-30.31],[111.74,-30.19],[112.06,-30.28],[111.94,-30.58],[111.95,-30.73],[111.65,-30.8],[111.6,-30.5],[111.72,-30.31]],[[112.06,-30.77],[112.32,-30.63],[112.25,-30.96],[112.06,-30.77]],[[107.96,-30.86],[108.1,-31.12],[107.84,-31.29],[107.59,-31.1],[107.55,-30.95],[107.96,-30.86]],[[112.25,-31.59],[112.06,-31.42],[112.36,-31.29],[112.25,-31.59]],[[109.99,-32.06],[110.4,-32.26],[110.39,-32.41],[109.98,-32.28],[109.99,-32.06]],[[107.3,-32.23],[107.06,-32.3],[106.71,-32.21],[106.65,-31.96],[106.9,-31.85],[107.3,-32.23]],[[106.78,-32.38],[106.97,-32.54],[106.9,-32.78],[106.71,-32.7],[106.4,-32.68],[106.19,-32.56],[106.21,-32.25],[106.35,-32.21],[106.78,-32.38]],[[107.24,-33.03],[107.5,-32.95],[107.77,-33.25],[108.23,-33.67],[108.44,-34],[108.04,-34.05],[107.84,-33.75],[107.71,-33.74],[107.63,-33.49],[107.46,-33.42],[107.24,-33.03]],[[104.28,-34.08],[104.14,-34.12],[104.26,-34.39],[104.16,-34.54],[103.92,-34.55],[103.63,-34.24],[103.87,-34.01],[104.1,-33.94],[104.28,-34.08]],[[104.28,-34.97],[104.62,-34.92],[104.81,-35.2],[105.12,-35.4],[105.45,-35.38],[105.4,-35.69],[104.93,-35.68],[104.56,-35.6],[104.2,-35.33],[103.9,-35.38],[103.81,-35.16],[104.28,-34.97]],[[107.31,-35.32],[107.09,-35.64],[106.63,-35.61],[106.39,-35.71],[105.96,-35.71],[105.69,-35.88],[105.61,-35.64],[105.81,-35.62],[105.74,-35.37],[106.27,-35.26],[106.7,-35.26],[106.95,-35.33],[107.31,-35.32]],[[110.91,-35.87],[111.14,-35.98],[111.6,-36],[111.62,-36.47],[111.5,-36.66],[111.29,-36.67],[111.1,-36.53],[111.14,-36.33],[110.79,-35.99],[110.91,-35.87]],[[111.83,-35.97],[111.85,-35.84],[112.14,-35.8],[112.16,-35.95],[111.83,-35.97]],[[113.42,-35.94],[113.41,-36.16],[113.26,-36.3],[113.11,-36.1],[113.42,-35.94]],[[114.58,-36.02],[114.72,-36.35],[114.48,-36.31],[114.58,-36.02]],[[115.6,-36.37],[115.92,-36.48],[116.02,-36.84],[116.26,-36.96],[116.19,-37.13],[115.91,-37.01],[115.7,-36.74],[115.55,-36.68],[115.6,-36.37]],[[115.44,-36.74],[115.86,-37.1],[116.05,-37.15],[116.11,-37.46],[116.42,-37.56],[116.64,-37.73],[116.78,-37.49],[117.05,-37.48],[117.19,-37.61],[117.41,-37.58],[117.61,-37.78],[117.19,-37.78],[117.13,-37.93],[116.51,-37.89],[115.64,-37.52],[115.58,-37.18],[115.24,-37.16],[114.82,-36.84],[114.65,-36.96],[114.43,-36.83],[114.67,-36.54],[115.25,-36.46],[115.44,-36.74]],[[119.9,-37.38],[120.02,-37.19],[121.07,-36.79],[121.23,-36.97],[120.95,-37.07],[120.67,-37.33],[120.18,-37.64],[119.88,-37.63],[119.23,-37.84],[118.96,-37.83],[118.4,-38.07],[117.92,-38.09],[117.79,-37.99],[118.16,-37.62],[118.56,-37.52],[119.57,-37.51],[119.9,-37.38]],[[124.94,-36.94],[124.97,-37.1],[124.54,-37.11],[124.62,-36.95],[124.94,-36.94]],[[123.57,-37.22],[123.15,-37.34],[122.52,-37.24],[122.51,-37.1],[123,-37.1],[123.57,-37.22]],[[122.39,-37.31],[122.63,-37.4],[122.58,-37.55],[122.26,-37.5],[122.39,-37.31]],[[127,-37.64],[126.77,-37.74],[126.82,-38.11],[126.6,-38.16],[126.59,-38.34],[126.26,-38.23],[126.17,-38],[126.44,-37.7],[126.79,-37.54],[127,-37.64]],[[126.72,-38.45],[126.63,-38.56],[126.33,-38.58],[126.33,-38.35],[126.72,-38.45]],[[129.8,-38.77],[129.89,-38.92],[129.84,-39.14],[129.58,-39.07],[129.8,-38.77]],[[139.12,-39.29],[139.55,-39.25],[139.47,-39.55],[139.12,-39.29]],[[138.21,-40.06],[138.16,-40.35],[137.87,-40.29],[138.21,-40.06]],[[136.37,-40.92],[136.64,-41.02],[136.59,-41.2],[136.39,-41.27],[136.2,-40.92],[136.37,-40.92]],[[133.26,-41.08],[133.11,-41.61],[132.9,-41.46],[132.93,-41.25],[133.26,-41.08]],[[134.56,-41.41],[134.59,-41.71],[134.16,-41.69],[134.07,-41.57],[134.23,-41.42],[134.56,-41.41]],[[132.63,-41.92],[132.29,-42],[132.26,-41.81],[132.6,-41.8],[132.63,-41.92]],[[130.53,-41.93],[130.2,-41.98],[129.99,-41.89],[129.77,-42],[129.24,-42.01],[129.07,-41.78],[129.33,-41.59],[129.64,-41.78],[129.92,-41.69],[130.47,-41.85],[130.53,-41.93]],[[128.79,-41.61],[128.95,-41.88],[128.54,-42.24],[128.48,-42.38],[128.65,-42.78],[128.42,-42.83],[128.28,-42.6],[128.23,-42.29],[128.52,-41.96],[128.62,-41.61],[128.79,-41.61]],[[129.61,-42.35],[129.7,-42.53],[129.35,-42.53],[129.25,-42.36],[129.54,-42.34],[129.54,-42.17],[129.83,-42.09],[130.22,-42.14],[130.17,-42.28],[129.61,-42.35]],[[128.28,-42.79],[128.42,-42.93],[128.77,-43.08],[128.88,-42.91],[129.27,-42.97],[129.3,-43.15],[129,-43.27],[128.66,-43.3],[128.69,-43.45],[128.53,-43.69],[128.26,-43.51],[128.33,-43.25],[128.19,-42.98],[128.28,-42.79]],[[131.22,-41.51],[131.59,-41.74],[131.83,-41.74],[131.86,-41.9],[131.44,-41.95],[131.11,-41.74],[131.22,-41.51]],[[128.6,-41.15],[128.59,-40.79],[128.73,-40.76],[128.83,-41.09],[128.6,-41.15]],[[128.24,-40.81],[128.23,-41],[127.94,-41.06],[127.9,-40.89],[128.24,-40.81]],[[127.38,-40.56],[127.06,-40.59],[126.96,-40.25],[127.42,-40.25],[127.38,-40.56]],[[126.22,-40.58],[126,-40.55],[126.15,-40.28],[126.32,-40.34],[126.22,-40.58]],[[125.22,-40.21],[125.16,-40.57],[124.99,-40.58],[124.9,-40.22],[125.22,-40.21]],[[127.21,-40.12],[127.16,-39.9],[127.44,-39.68],[127.54,-39.89],[127.21,-40.12]],[[125.62,-39.79],[125.76,-39.92],[125.59,-40.07],[125.44,-39.83],[125.62,-39.79]],[[125.34,-39.75],[125.25,-40.03],[124.88,-39.85],[125.12,-39.63],[125.23,-39.17],[125.42,-38.62],[125.62,-38.61],[125.64,-38.85],[125.52,-38.93],[125.55,-39.26],[125.44,-39.41],[125.51,-39.61],[125.34,-39.75]],[[124.32,-39.5],[124.24,-39.78],[123.9,-39.7],[123.86,-39.58],[124.32,-39.5]],[[124.29,-39.25],[124.2,-39.04],[124.64,-38.9],[124.67,-39.11],[124.29,-39.25]],[[125.82,-38.58],[125.88,-38.4],[126.17,-38.45],[126.2,-38.6],[125.82,-38.58]],[[125.56,-38.42],[125.37,-38.24],[125.23,-37.91],[125.26,-37.79],[125.53,-37.75],[125.6,-38.25],[125.56,-38.42]],[[123.49,-38.36],[123.24,-38.47],[123.26,-38.64],[122.92,-38.69],[122.87,-38.4],[123.08,-38.21],[123.49,-38.36]],[[126.62,-39.17],[126.71,-39.57],[126.52,-39.57],[126.49,-39.3],[126.62,-39.17]],[[128.59,-40.25],[128.6,-40.36],[128.29,-40.48],[128.09,-40.34],[128.17,-40.22],[128.59,-40.25]],[[136.18,-40.43],[136.32,-40.48],[136.27,-40.71],[136.05,-40.76],[135.98,-40.56],[136.18,-40.43]],[[130.57,-40.87],[130.58,-41.04],[130.27,-41.12],[130.35,-40.89],[130.57,-40.87]],[[132.46,-41.45],[132.74,-41.35],[132.86,-41.43],[132.47,-41.71],[132.46,-41.45]],[[120.56,-37.72],[120.39,-37.98],[120.18,-37.78],[120.56,-37.72]],[[117.5,-38.21],[117.7,-38.34],[117.64,-38.59],[117.37,-38.37],[117.5,-38.21]],[[116.97,-38.56],[116.69,-38.47],[116.75,-38.27],[117.12,-38.31],[116.97,-38.56]],[[112.41,-37.02],[112.08,-37.2],[111.79,-37.09],[111.43,-37.26],[111.12,-37.29],[110.89,-37.07],[111.55,-36.84],[111.84,-36.82],[112.01,-36.96],[112.22,-36.85],[112.41,-37.02]],[[110.66,-36.96],[110.59,-37.09],[110.33,-37.03],[110.31,-36.82],[109.82,-36.79],[109.48,-36.72],[109.01,-36.5],[108.95,-36.11],[109.32,-36.1],[109.55,-36.02],[109.68,-36.17],[109.9,-36.21],[110.16,-36.13],[110.55,-36.23],[110.69,-36.17],[111.07,-36.57],[110.46,-36.64],[110.47,-36.78],[110.66,-36.96]],[[108.33,-36.22],[108.18,-35.98],[108.29,-35.9],[108.5,-36.12],[108.33,-36.22]],[[111.99,-36.74],[111.99,-36.64],[112.31,-36.56],[112.47,-36.74],[111.99,-36.74]],[[112.3,-36.48],[112.13,-36.34],[112.52,-36.26],[112.56,-36.41],[112.3,-36.48]],[[113.35,-37],[113.51,-36.8],[113.79,-36.82],[113.62,-37.02],[113.35,-37]],[[103.7,-35.06],[103.22,-35],[103.01,-34.8],[103.22,-34.72],[103.5,-34.83],[103.7,-35.06]],[[102.96,-34.58],[102.74,-34.69],[102.58,-34.62],[102.63,-34.43],[103.01,-34.15],[103.35,-34.13],[103.45,-34.31],[103.08,-34.41],[102.96,-34.58]],[[103.51,-33.96],[103.36,-33.83],[103.64,-33.71],[103.7,-33.89],[103.51,-33.96]],[[104.72,-33.47],[104.69,-33.65],[104.41,-33.62],[104.53,-33.42],[104.72,-33.47]],[[106.81,-33.26],[106.92,-33.07],[107.12,-33.08],[107.17,-33.24],[106.84,-33.47],[106.59,-33.47],[106.38,-33.55],[106.3,-33.4],[106.51,-33.27],[106.81,-33.26]],[[105.25,-33.71],[105.5,-33.59],[105.75,-33.69],[105.73,-33.82],[105.33,-33.84],[105.25,-33.71]],[[106.16,-31.87],[105.89,-31.97],[105.72,-31.82],[105.77,-31.56],[106.16,-31.87]],[[107.14,-31.68],[107.04,-31.18],[107.21,-30.98],[107.37,-31.16],[107.14,-31.68]],[[105.95,-31.01],[105.72,-30.86],[105.91,-30.75],[105.95,-31.01]],[[104.77,-31.37],[104.65,-31.61],[104.9,-31.88],[104.78,-31.95],[104.5,-31.79],[104.43,-31.62],[104.23,-31.59],[104.3,-31.32],[104.57,-31.2],[104.77,-31.37]],[[120.24,-38.48],[120.24,-38.23],[120.49,-38.24],[120.53,-38.39],[120.24,-38.48]],[[139.22,-40.23],[139.13,-40.03],[139.22,-39.73],[139.39,-39.78],[139.4,-40.1],[139.22,-40.23]],[[140.71,-40.68],[140.95,-41.47],[141.16,-41.48],[141.2,-41.97],[140.98,-41.98],[140.8,-41.71],[140.63,-41.58],[140.47,-41.03],[140.58,-40.72],[140.71,-40.68]],[[139.73,-41.48],[139.73,-41.7],[139.45,-41.71],[139.43,-41.55],[139.73,-41.48]],[[139.96,-41.42],[139.87,-40.92],[140.08,-40.91],[140.11,-41.34],[139.96,-41.42]],[[139.73,-40.87],[139.58,-41.15],[139.44,-41.08],[139.36,-40.85],[139.56,-40.72],[139.73,-40.87]],[[129.24,-35.47],[129.32,-35.68],[128.87,-35.79],[128.73,-35.59],[128.87,-35.43],[129.24,-35.47]],[[94.38,-19.01],[94.1,-19.02],[94.32,-18.62],[94.46,-18.65],[94.38,-19.01]],[[99.24,-17.5],[99.11,-17.53],[98.88,-17.44],[98.88,-17.23],[99.02,-17.12],[98.92,-16.84],[99.12,-16.85],[99.24,-17.5]],[[98.89,-16.21],[98.67,-15.98],[98.55,-15.63],[98.57,-15.36],[98.45,-15.03],[98.49,-14.8],[98.69,-14.98],[98.64,-15.25],[98.71,-15.55],[98.93,-15.88],[98.97,-16.1],[98.89,-16.21]],[[97.1,-15.38],[96.85,-15.6],[96.83,-15.82],[96.42,-15.75],[96.45,-14.84],[96.6,-14.76],[96.4,-14.51],[96.46,-14.14],[96.68,-14.03],[96.89,-14.13],[97.06,-13.97],[97.08,-13.58],[97.15,-13.36],[96.98,-13.2],[96.77,-13.18],[96.69,-13.33],[96.79,-13.49],[96.96,-13.51],[96.97,-13.7],[96.31,-14.03],[96.18,-14.17],[95.9,-14.06],[95.76,-14.29],[95.35,-14],[95.22,-13.52],[94.9,-13.3],[94.85,-13.15],[94.54,-12.84],[94.52,-12.61],[94.58,-12.38],[94.47,-12.18],[94.7,-11.97],[95.01,-12.08],[94.79,-11.52],[94.75,-11.3],[95.01,-11.06],[95.14,-11.22],[95.01,-11.39],[95.33,-11.45],[95.45,-11.59],[95.71,-11.53],[95.95,-11.15],[96.1,-11.11],[96.08,-10.92],[96.29,-10.94],[96.26,-10.68],[96.34,-10.49],[96.24,-10.34],[96.28,-10.1],[96.61,-10.23],[96.82,-10.78],[96.94,-10.83],[97.08,-11.12],[97.28,-11.14],[97.4,-11.27],[97.73,-11.16],[97.9,-11.33],[97.83,-11.67],[97.89,-12.3],[97.82,-12.49],[97.84,-12.73],[97.66,-12.7],[97.47,-13],[97.65,-13.38],[97.92,-13.51],[97.92,-14.11],[97.8,-14.22],[97.9,-14.42],[97.93,-14.71],[97.67,-14.95],[97.19,-15.05],[97.1,-15.38]],[[92.43,-13.6],[92.35,-13.43],[92.38,-13.14],[92.49,-13.02],[92.66,-13.14],[92.48,-13.41],[92.43,-13.6]],[[91.78,-11.62],[91.65,-11.64],[91.6,-11.24],[91.68,-11.05],[91.66,-10.83],[91.82,-10.73],[92.06,-10.88],[92.16,-11.2],[91.9,-11.28],[91.78,-11.62]],[[92.5,-10.8],[92.32,-10.62],[92.21,-10.26],[92.43,-10.07],[92.52,-10.38],[92.71,-10.39],[92.78,-10.67],[92.69,-11.05],[92.58,-11.09],[92.5,-10.8]],[[92.59,-9.87],[92.72,-9.68],[92.93,-9.58],[93.07,-9.37],[93.24,-9.35],[93.23,-9.68],[93.16,-9.88],[93.1,-10.37],[93.07,-11.07],[92.87,-11.1],[92.93,-10.19],[92.64,-10.11],[92.59,-9.87]],[[93.37,-9.58],[93.34,-9.41],[93.47,-9.04],[93.7,-9.11],[93.95,-9.43],[93.85,-9.62],[93.63,-9.5],[93.37,-9.58]],[[91.98,-9.27],[91.89,-9.24],[91.9,-8.83],[92.14,-8.69],[92.36,-8.73],[92.13,-8.99],[91.98,-9.27]],[[94.63,-7.69],[94.84,-7.65],[94.85,-8.28],[94.9,-8.47],[94.61,-8.5],[94.61,-8.66],[94.45,-8.79],[94.4,-8.99],[94.13,-9.14],[93.84,-8.98],[93.89,-8.74],[94.15,-8.26],[94.29,-8.11],[94.42,-8.3],[94.44,-8.04],[94.56,-7.99],[94.63,-7.69]],[[95.04,-8.46],[94.94,-8.25],[95.16,-8.18],[95.15,-8.43],[95.04,-8.46]],[[97.17,-8.42],[97.25,-8.02],[97.44,-8.03],[97.49,-8.45],[97.42,-8.62],[97.51,-9.05],[97.42,-9.41],[97.43,-9.7],[97.2,-9.96],[96.79,-9.6],[96.85,-9.17],[97.09,-9.08],[97.2,-8.62],[97.17,-8.42]],[[98,-7.52],[98.05,-6.83],[98.24,-6.71],[98.35,-6.8],[98.33,-7],[98.65,-6.88],[98.71,-7.22],[98.59,-7.56],[98.47,-7.61],[98.47,-7.85],[98.31,-8.13],[98.28,-8.44],[98.34,-8.57],[98.23,-8.93],[98.26,-9.74],[98.2,-10],[98.25,-10.13],[98.47,-10.26],[98.26,-10.39],[98.52,-10.52],[98.51,-10.73],[98.35,-11.16],[98.34,-11.42],[98.42,-11.79],[98.35,-12],[98.47,-12.72],[98.45,-13.18],[98.52,-13.34],[98.52,-14.07],[98.61,-14.54],[98.39,-14.6],[98.23,-13.61],[98.18,-12.96],[98.09,-12.36],[97.97,-12.21],[98.09,-12.05],[98.09,-11.64],[98.04,-11.07],[97.76,-11.01],[97.7,-10.47],[97.9,-10.48],[97.97,-10.3],[98.02,-9.82],[97.97,-9.58],[98.02,-9.35],[97.97,-9.14],[98,-7.52]],[[99.38,-6.7],[99.29,-6.49],[99.15,-6.42],[99.21,-6.16],[99.59,-5.81],[99.89,-5.87],[100.07,-6.43],[100,-6.94],[99.82,-7.2],[99.78,-7.36],[99.5,-7.33],[99.41,-7.1],[99.24,-6.92],[99.38,-6.7]],[[100.42,-6.62],[100.23,-6.4],[100.27,-6.06],[100.39,-5.89],[100.54,-5.87],[100.61,-6.1],[100.61,-6.5],[100.42,-6.62]],[[105.64,-9.4],[105.77,-9.38],[105.86,-9.76],[106.08,-9.91],[106.08,-10.58],[105.92,-10.62],[105.76,-10.95],[105.77,-11.23],[105.71,-11.56],[105.86,-11.73],[105.67,-11.91],[105.47,-11.81],[105.05,-11.96],[104.96,-11.82],[104.77,-11.89],[104.67,-11.55],[104.4,-11.78],[104.45,-12],[104.27,-12.07],[103.99,-11.78],[104.03,-11.59],[103.8,-11.3],[103.77,-11.14],[103.54,-11],[103.57,-10.86],[103.94,-10.85],[103.8,-10.56],[104.03,-10.25],[104.09,-10.08],[104.26,-10.06],[104.52,-9.58],[104.75,-9.65],[104.98,-9.55],[105.64,-9.4]],[[109.17,-10.46],[109.47,-10.61],[109.49,-10.8],[109.39,-11.06],[108.98,-11.13],[108.75,-11.22],[108.6,-11.1],[108.65,-10.9],[108.51,-10.83],[108.49,-10.59],[108.76,-10.5],[108.84,-10.72],[109.03,-10.7],[109.17,-10.46]],[[108.36,-14.09],[108.26,-13.88],[108.32,-13.53],[108,-13.51],[107.76,-13.42],[107.62,-13.26],[107.11,-13.65],[106.95,-13.57],[106.75,-13.66],[106.53,-13.59],[106.61,-13.36],[106.84,-13.4],[106.94,-13.21],[107.23,-13.11],[106.9,-12.97],[106.84,-12.81],[106.51,-12.65],[106.59,-12.35],[106.73,-12.3],[106.85,-12.54],[107.02,-12.61],[107.16,-12.52],[106.61,-12.04],[106.57,-11.91],[106.77,-11.81],[106.87,-11.54],[107.16,-11.45],[107.35,-11.75],[107.32,-12.04],[107.14,-12.1],[107.23,-12.31],[107.44,-12.48],[107.76,-12.43],[107.93,-12.53],[108.34,-12.49],[108.4,-12.31],[108.73,-12.08],[108.71,-11.6],[108.89,-11.41],[109.23,-11.38],[109.79,-10.97],[110.02,-10.87],[110.33,-10.85],[110.51,-10.94],[111.05,-10.89],[111.32,-10.94],[111.55,-10.82],[111.84,-10.79],[111.96,-10.68],[112.29,-10.69],[112.44,-10.79],[113.09,-10.82],[113.24,-11.05],[113.43,-11.16],[113.82,-11.18],[113.91,-11.3],[114.38,-11.23],[114.52,-11.16],[114.81,-11.23],[115.09,-11.51],[115.06,-11.7],[114.84,-11.81],[114.53,-12.23],[114.55,-12.43],[114.48,-12.5],[113.92,-12.57],[113.77,-12.55],[113.64,-12.26],[113.33,-12.39],[113.34,-12.59],[113.23,-12.77],[113.03,-12.89],[112.71,-12.84],[112.51,-12.63],[112.27,-12.67],[112.29,-12.81],[112.19,-13.11],[111.92,-13.03],[111.94,-12.86],[111.74,-12.84],[111.59,-13.01],[110.99,-12.99],[110.7,-13.08],[110.53,-13.06],[110.42,-12.86],[110.21,-12.8],[109.95,-13.01],[109.71,-13.38],[109.8,-13.51],[109.89,-13.87],[109.48,-14.24],[109.49,-14.45],[109.32,-14.79],[109.13,-14.87],[108.77,-14.79],[108.48,-14.83],[108.41,-14.72],[108.46,-14.4],[108.36,-14.09]],[[107.09,-14.03],[107.27,-14.41],[107.22,-14.72],[107,-14.73],[106.92,-14.57],[106.91,-14.06],[107.09,-14.03]],[[106.41,-14.42],[106.4,-14.6],[106.24,-14.85],[105.93,-14.88],[105.86,-14.74],[106.12,-14.38],[106.41,-14.42]],[[99.45,-14.86],[99.4,-15.11],[99.24,-15.14],[99.12,-14.88],[99.35,-14.73],[99.45,-14.86]],[[99.84,-15.06],[99.98,-15.03],[100.12,-15.39],[100.17,-16.06],[100.05,-16.11],[99.84,-15.65],[99.84,-15.06]],[[109.09,-15.01],[109.32,-15.23],[109.19,-15.43],[109.05,-15.12],[109.09,-15.01]],[[102.16,-15.41],[102,-15.41],[101.94,-15.17],[102.11,-15.14],[102.16,-15.41]],[[108.5,-15.18],[108.58,-15.03],[108.85,-15.02],[108.96,-15.19],[108.62,-15.27],[108.5,-15.18]],[[99.68,-15.95],[99.74,-16.09],[99.63,-16.36],[99.46,-16.25],[99.54,-15.98],[99.68,-15.95]],[[101.96,-14.84],[101.78,-14.59],[101.45,-14.59],[101.42,-14.16],[101.31,-13.91],[101.13,-13.73],[101.29,-13.38],[100.97,-13.33],[100.99,-13.13],[101.21,-12.97],[101.07,-12.79],[100.68,-12.89],[100.58,-12.7],[100.58,-12.38],[100.52,-12.16],[100.62,-11.97],[100.41,-11.87],[100.51,-11.71],[100.24,-11.52],[100.03,-11.61],[99.78,-11.5],[99.58,-11.26],[99.41,-11.56],[98.98,-11.48],[98.82,-11.54],[98.74,-11.33],[98.54,-11.16],[98.57,-11.02],[98.83,-11.15],[99.19,-10.54],[99.21,-10.36],[99.5,-10.18],[99.7,-10.26],[99.7,-10.44],[99.97,-10.64],[100.03,-10.49],[100.33,-10.37],[100.5,-10.09],[100.73,-10.06],[100.65,-10.41],[100.82,-10.49],[100.73,-10.74],[101.13,-11.04],[101.41,-11.06],[101.61,-10.97],[101.71,-10.8],[101.94,-10.69],[102.1,-11.09],[102.26,-10.99],[102.14,-10.66],[102.31,-10.45],[102.54,-10.5],[102.64,-10.98],[102.51,-11.24],[102.75,-11.48],[102.82,-11.71],[103.02,-11.86],[103.09,-12.05],[103.29,-12.28],[103.51,-12.24],[103.77,-12],[104.06,-11.92],[104.13,-11.99],[104.21,-12.36],[104.12,-12.54],[104.18,-12.79],[104.15,-13],[103.94,-13.15],[103.46,-13.34],[103.06,-13.7],[103.08,-13.89],[103.32,-13.92],[103.39,-14.08],[103.34,-14.26],[102.99,-14.18],[103.03,-13.99],[102.77,-14.03],[102.68,-14.18],[102.44,-13.99],[102.27,-14.29],[101.94,-14.21],[101.86,-14.37],[102.1,-14.45],[102.15,-14.8],[101.96,-14.84]],[[101.26,-14.16],[101.4,-14.4],[101.29,-14.49],[101.11,-14.34],[101.26,-14.16]],[[99.84,-10.51],[99.88,-10.27],[100.08,-10.42],[99.84,-10.51]],[[102.79,-11.17],[102.72,-10.97],[102.9,-10.88],[103.04,-10.96],[103,-11.13],[102.79,-11.17]],[[103.16,-11.27],[103.35,-11.32],[103.32,-11.55],[103.51,-11.67],[103.6,-11.52],[103.82,-11.5],[103.91,-11.63],[103.7,-11.85],[103.54,-11.72],[103.46,-11.93],[103.14,-11.81],[103.16,-11.63],[103.03,-11.44],[103.16,-11.27]],[[105.07,-12.15],[105.22,-12.24],[105.27,-12.41],[105.5,-12.7],[105.74,-12.88],[106,-12.9],[106.06,-13.01],[106.3,-13.07],[106.28,-13.35],[105.82,-13.22],[105.61,-13.21],[105.57,-13.44],[105.63,-13.8],[105.57,-13.88],[105.22,-13.74],[105.13,-13.64],[105.11,-13.32],[105.29,-13.11],[105.3,-12.96],[104.97,-12.37],[105.07,-12.15]],[[106.66,-13.28],[106.56,-13.12],[106.59,-12.97],[106.88,-12.97],[106.87,-13.23],[106.66,-13.28]],[[104.82,-12.21],[104.87,-12.49],[104.72,-12.55],[104.41,-12.4],[104.52,-12.17],[104.82,-12.21]],[[103.07,-14.46],[103.26,-14.62],[103.16,-14.76],[103,-14.64],[103.07,-14.46]],[[106.65,-11.55],[106.75,-11.81],[106.52,-11.83],[106.44,-11.72],[106.65,-11.55]],[[106.58,-11.37],[106.48,-11.25],[106.65,-11.11],[106.77,-11.24],[106.58,-11.37]],[[107.71,-11.42],[107.81,-11.48],[107.89,-11.76],[107.74,-11.81],[107.64,-11.53],[107.71,-11.42]],[[107.37,-12.09],[107.38,-11.95],[107.56,-11.86],[107.96,-12.14],[107.47,-12.36],[107.32,-12.33],[107.37,-12.09]],[[115.3,-12.4],[115.21,-12.14],[115.56,-12.05],[115.55,-12.21],[115.3,-12.4]],[[110.22,-13.09],[110.08,-13.27],[109.91,-13.16],[110.05,-13.02],[110.22,-13.09]],[[111.29,-13.8],[111.15,-13.47],[111.44,-13.47],[111.44,-13.79],[111.29,-13.8]],[[95.84,-10.03],[95.9,-10.17],[95.87,-10.47],[95.56,-10.52],[95.52,-10.66],[95.27,-10.92],[95.12,-10.69],[94.85,-10.66],[94.74,-10.79],[94.55,-10.83],[94.52,-11.01],[94.23,-10.96],[94.24,-10.81],[94.5,-10.7],[94.54,-10.42],[94.75,-10.24],[94.97,-10.43],[95.09,-10.42],[95.17,-10.16],[94.97,-10.2],[94.85,-9.99],[95.23,-9.89],[95.25,-9.61],[95.14,-9.48],[95.11,-9],[95.16,-8.83],[95.1,-8.56],[95.31,-8.44],[95.41,-8.6],[95.62,-8.62],[95.7,-8.74],[95.9,-8.75],[95.89,-9.11],[95.74,-9.31],[95.74,-9.58],[95.84,-10.03]],[[97.74,-8.72],[97.8,-9.17],[97.6,-9.05],[97.58,-8.64],[97.66,-8.16],[97.84,-8.13],[97.92,-8.69],[97.74,-8.72]],[[92.23,-7.78],[92.09,-7.56],[92.04,-7.33],[92.12,-6.97],[92.27,-6.99],[92.35,-7.22],[92.26,-7.35],[92.67,-7.46],[92.49,-7.75],[92.23,-7.78]],[[91.65,-6.67],[91.54,-6.7],[91.5,-6.4],[91.82,-6.2],[91.79,-6.48],[91.65,-6.67]],[[91.12,-6.18],[90.99,-6.25],[90.83,-6.04],[91.03,-5.64],[91.16,-5.82],[91.09,-5.94],[91.12,-6.18]],[[91.88,-6.09],[92.09,-6.19],[91.98,-6.61],[91.87,-6.59],[91.88,-6.09]],[[90.51,-7.93],[90.63,-7.9],[90.65,-8.59],[90.6,-8.73],[90.57,-9.45],[90.41,-9.47],[90.4,-8.89],[90.48,-8.72],[90.51,-7.93]],[[93.28,-14.4],[93.45,-14.09],[93.62,-14.09],[93.55,-14.42],[93.67,-14.8],[93.55,-14.98],[93.34,-15.07],[93.29,-14.87],[93.28,-14.4]],[[92.24,-15.48],[92.48,-15.58],[92.4,-15.79],[92.22,-15.72],[92.24,-15.48]],[[92.99,-15.75],[93.11,-15.72],[93.19,-15.98],[93.14,-16.34],[93.15,-16.86],[92.99,-16.87],[92.88,-16.49],[92.66,-16.49],[92.52,-16.73],[92.21,-16.75],[92.06,-16.44],[92.14,-16.32],[91.9,-16.16],[91.95,-15.92],[92.23,-16.06],[92.61,-15.78],[92.77,-15.92],[92.99,-15.75]],[[93.34,-16.21],[93.22,-16.06],[93.41,-15.88],[93.47,-16.14],[93.34,-16.21]],[[91.75,-16.97],[91.51,-17.37],[91.36,-17.28],[91.45,-16.98],[91.75,-16.97]],[[91.08,-16.97],[91.17,-17.22],[91.08,-17.44],[91.16,-17.65],[91.15,-18],[91.05,-18.28],[90.55,-18.29],[90.48,-17.95],[90.51,-17.63],[90.92,-17.19],[90.77,-17],[90.82,-16.82],[90.68,-16.59],[90.93,-16.55],[90.86,-16.22],[90.96,-16.1],[90.96,-15.82],[90.89,-15.67],[91.06,-15.31],[91.04,-15.03],[91.25,-15.1],[91.13,-15.57],[91.25,-16.06],[91.13,-16.39],[91.15,-16.68],[91.08,-16.97]],[[90.76,-15.65],[90.84,-16.02],[90.71,-16.34],[90.57,-16.31],[90.66,-15.95],[90.65,-15.71],[90.76,-15.65]],[[90.87,-14.94],[90.98,-15.16],[90.87,-15.55],[90.66,-15.43],[90.61,-14.76],[90.87,-14.55],[91.18,-14.67],[90.84,-14.81],[90.87,-14.94]],[[92.07,-14.6],[92.39,-14.77],[92.44,-15.05],[92.29,-15.1],[92.2,-14.84],[92.01,-14.75],[92.07,-14.6]],[[92.95,-14.71],[93.07,-14.88],[93.11,-15.13],[92.98,-15.15],[92.95,-14.71]],[[92.07,-15.12],[91.92,-15.29],[91.79,-15.28],[91.75,-14.98],[91.93,-14.84],[92.17,-14.84],[92.07,-15.12]],[[91.58,-15.36],[91.65,-15.75],[91.63,-16.36],[91.45,-16.3],[91.44,-15.48],[91.58,-15.36]],[[91.66,-15.29],[91.51,-15.11],[91.51,-14.76],[91.68,-14.81],[91.66,-15.29]],[[90.97,-18.85],[90.88,-18.71],[90.91,-18.5],[91.15,-18.6],[90.97,-18.85]]]},"properties":{"scalerank":0,"featurecla":"Bathymetry","depth":5000}},
{"type":"Feature","geometry":{"type":"Polygon","coordinates":[[[-28.52,-1.84],[-28.49,-1.64],[-28.75,-1.92],[-28.54,-1.98],[-28.52,-1.84]]]},"properties":{"scalerank":0,"featurecla":"Bathymetry","depth":5000}},
{"type":"Feature","geometry":{"type":"Polygon","coordinates":[[[-6.14,-1.44],[-6.65,-1.46],[-6.21,-1.7],[-6.02,-1.67],[-6.14,-1.44]]]},"properties":{"scalerank":0,"featurecla":"Bathymetry","depth":5000}},
{"type":"Feature","geometry":{"type":"Polygon","coordinates":[[[-1.92,-1.21],[-1.96,-1.12],[-2.07,-1.09],[-2.09,-1.21],[-1.92,-1.21]]]},"properties":{"scalerank":0,"featurecla":"Bathymetry","depth":5000}},
{"type":"Feature","geometry":{"type":"Polygon","coordinates":[[[135.57,0.41],[135.33,0.34],[134.98,0.45],[134.88,0.31],[135.14,0.24],[135.34,0.28],[135.53,0.08],[135.97,-0.02],[135.87,0.21],[135.72,0.19],[135.57,0.41]]]},"properties":{"scalerank":0,"featurecla":"Bathymetry","depth":5000}},
{"type":"Feature","geometry":{"type":"Polygon","coordinates":[[[149.9,1.25],[149.99,1.07],[149.89,0.83],[149.91,0.52],[150.08,0.25],[150.02,-0.12],[150.21,-0.43],[150.19,-0.6],[149.94,-0.72],[149.79,-0.56],[149.65,-0.74],[149.72,-0.88],[149.94,-0.94],[150.15,-0.9],[150.47,-1.03],[150.63,-1.03],[150.85,-1.16],[151.3,-1.29],[151.55,-1.32],[151.66,-0.99],[151.87,-0.96],[151.91,-0.73],[151.83,-0.35],[151.66,-0.23],[151.52,-0.39],[151.66,-0.76],[151.63,-0.93],[151.38,-1.02],[151.17,-0.99],[151.05,-0.85],[150.86,-0.79],[150.96,-0.54],[150.79,-0.31],[150.5,-0.39],[150.39,-0.66],[150.25,-0.61],[150.36,0.24],[150.25,0.39],[150.31,0.65],[150.29,0.89],[149.9,1.25]]]},"properties":{"scalerank":0,"featurecla":"Bathymetry","depth":5000}},
{"type":"Feature","geometry":{"type":"Polygon","coordinates":[[[-8.42,1.51],[-8.42,1.54],[-8.83,1.49],[-8.85,1.45],[-8.66,1.49],[-8.53,1.48],[-8.42,1.51]]]},"properties":{"scalerank":0,"featurecla":"Bathymetry","depth":5000}},
{"type":"Feature","geometry":{"type":"Polygon","coordinates":[[[96.55,1.08],[96.53,1.18],[96.26,1.37],[96.19,1.51],[96.02,1.53],[96.07,1.18],[96.2,0.98],[96.36,0.97],[96.35,0.78],[96.46,0.6],[96.58,0.18],[96.74,0.16],[97.03,-0.35],[96.95,-0.66],[97.3,-0.74],[97.29,-0.99],[97.15,-1.08],[97.24,-1.62],[97.46,-1.9],[97.44,-2.18],[97.3,-2.3],[97.35,-2.49],[97.66,-2.38],[97.62,-1.99],[97.75,-1.6],[97.94,-1.49],[97.74,-1.03],[97.56,-0.82],[97.49,-0.6],[97.32,-0.47],[97.08,0],[97.07,0.34],[96.83,0.57],[96.7,0.91],[96.55,1.08]]]},"properties":{"scalerank":0,"featurecla":"Bathymetry","depth":5000}},
{"type":"Feature","geometry":{"type":"Polygon","coordinates":[[[-13.68,1.45],[-13.59,1.58],[-13.4,1.64],[-13.41,1.76],[-13.59,1.74],[-13.68,1.45]]]},"properties":{"scalerank":0,"featurecla":"Bathymetry","depth":5000}},
{"type":"Feature","geometry":{"type":"Polygon","coordinates":[[[-16.12,1.69],[-16.16,1.76],[-16.53,1.65],[-16.25,1.63],[-16.12,1.69]]]},"properties":{"scalerank":0,"featurecla":"Bathymetry","depth":5000}},
{"type":"Feature","geometry":{"type":"Polygon","coordinates":[[[-18,2.23],[-17.8,2.16],[-17.94,2],[-18.42,1.92],[-18.73,1.94],[-18.37,2.52],[-18.78,2.51],[-19.03,2.64],[-19.27,2.54],[-19.48,2.32],[-19.7,2.3],[-19.68,1.97],[-18.87,2.07],[-18.79,1.97],[-18.91,1.78],[-18.48,1.9],[-18.35,1.85],[-17.99,1.94],[-17.87,1.72],[-18.05,1.61],[-18.42,1.53],[-18.23,1.39],[-18.11,1.5],[-17.84,1.45],[-17.65,1.54],[-16.96,1.52],[-16.9,1.79],[-16.67,1.81],[-16.31,2.11],[-16.15,1.97],[-15.98,2.19],[-15.62,1.77],[-15.48,1.73],[-15.44,1.53],[-15.66,1.49],[-15.76,1.58],[-15.96,1.44],[-16.68,1.34],[-16.83,1.28],[-17.33,1.2],[-17.59,1.11],[-17.73,1.24],[-17.91,1.12],[-18.42,1.08],[-18.58,1.15],[-18.68,1.01],[-18.88,0.98],[-18.65,0.72],[-18.43,0.83],[-18.09,0.7],[-17.74,0.79],[-17.29,0.77],[-16.71,0.97],[-16.27,1.08],[-15.74,1.06],[-15.59,1.17],[-15.4,1.11],[-15.18,1.17],[-14.84,1.45],[-14.63,1.38],[-14.47,1.44],[-14.26,1.38],[-13.85,1.73],[-14.05,1.76],[-13.79,2.13],[-13.27,2.22],[-13.36,2.36],[-14.14,2.28],[-14.35,2.18],[-14.76,2.23],[-15.12,2.14],[-15.38,2.21],[-15.31,2.37],[-15.89,2.45],[-16.4,2.33],[-16.57,2.44],[-16.78,2.42],[-16.87,2.27],[-17.24,2.34],[-17.31,2.09],[-17.48,2.02],[-17.6,2.19],[-17.54,2.4],[-17.68,2.52],[-18,2.23]],[[-14.68,1.9],[-14.7,1.65],[-14.88,1.53],[-15.04,1.64],[-14.68,1.9]]]},"properties":{"scalerank":0,"featurecla":"Bathymetry","depth":5000}},
{"type":"Feature","geometry":{"type":"Polygon","coordinates":[[[59.62,2.68],[59.66,2.45],[59.75,2.57],[59.62,2.68]]]},"properties":{"scalerank":0,"featurecla":"Bathymetry","depth":5000}},
{"type":"Feature","geometry":{"type":"Polygon","coordinates":[[[149.12,3.26],[149.1,3.43],[148.9,3.48],[148.93,3.3],[149.12,3.26]]]},"properties":{"scalerank":0,"featurecla":"Bathymetry","depth":5000}},
{"type":"Feature","geometry":{"type":"Polygon","coordinates":[[[-0.89,0.19],[-1.15,0.26],[-1.13,0.37],[-0.89,0.42],[-0.74,0.62],[-0.73,0.82],[-0.94,1.27],[-0.84,1.75],[-0.29,2.18],[-0.29,2.33],[-0.6,2.28],[-0.72,2.34],[-0.69,2.64],[-0.85,2.6],[-0.99,2.78],[-0.81,2.87],[-0.96,3.09],[-1.31,3.48],[-1.6,3.64],[-2.02,3.58],[-2.29,3.39],[-2.64,3.36],[-2.63,3.21],[-3.05,2.69],[-3.05,2.41],[-3.55,2.11],[-3.62,1.93],[-3.82,1.93],[-3.97,1.81],[-4.28,1.78],[-4.55,1.89],[-4.73,1.9],[-4.96,1.73],[-4.99,1.6],[-5.17,1.54],[-5.35,1.65],[-5.24,1.81],[-5.07,1.87],[-5.16,2.04],[-5.67,2.05],[-5.95,1.76],[-5.64,1.46],[-5.97,1.33],[-5.72,1.2],[-5.83,0.94],[-6.08,0.82],[-6.31,0.86],[-6.35,0.7],[-6.63,0.64],[-6.72,0.74],[-6.55,1],[-6.91,1.26],[-7.39,1.08],[-7.62,1.1],[-7.6,1.35],[-7.45,1.32],[-7.32,1.46],[-7.08,1.49],[-6.96,1.41],[-6.82,1.59],[-7.02,1.66],[-7.31,1.57],[-7.61,1.57],[-7.82,1.24],[-8.11,1.27],[-8.4,1.15],[-8.35,0.94],[-9.01,0.95],[-9.17,0.67],[-8.83,0.71],[-8.34,0.82],[-8.26,0.61],[-8.01,0.57],[-8,0.41],[-8.26,0.39],[-8.69,0.19],[-9.34,0.22],[-9.41,0.05],[-8.75,0.1],[-8.3,0.22],[-8.03,0.24],[-7.75,-0.1],[-7.66,0.07],[-7.25,-0.04],[-7.21,-0.22],[-6.84,0.09],[-6.7,0.27],[-6.57,0.17],[-6.39,0.25],[-6.27,0.18],[-6.12,0.32],[-5.54,0.35],[-5.41,0.17],[-5.59,0.09],[-5.81,-0.13],[-5.3,-0.19],[-5.31,-0.35],[-5.01,-0.55],[-5.11,-0.73],[-5.41,-0.72],[-5.63,-0.91],[-5.06,-0.86],[-4.89,-0.81],[-4.69,-1.04],[-4.76,-1.26],[-4.99,-1.22],[-5.26,-1.34],[-5.59,-1.58],[-5.5,-1.72],[-5.21,-1.49],[-5.02,-1.54],[-4.66,-1.52],[-4.63,-1.21],[-4.06,-1.45],[-4,-1.7],[-4.56,-1.7],[-4.72,-1.8],[-5.13,-1.82],[-5.23,-1.98],[-4.97,-2],[-4.85,-1.9],[-4.61,-1.97],[-4.42,-2.28],[-4.03,-2.15],[-4.06,-1.86],[-3.92,-1.77],[-3.71,-1.84],[-3.55,-1.79],[-3.29,-2.21],[-3.17,-2.05],[-2.97,-1.93],[-2.69,-1.92],[-2.6,-2.02],[-2.41,-1.97],[-2.22,-2.07],[-2.12,-1.85],[-2.29,-1.51],[-2.46,-1.47],[-2.5,-1.28],[-2.09,-0.85],[-1.9,-0.91],[-1.96,-0.61],[-1.87,-0.5],[-1.99,-0.31],[-1.69,-0.09],[-1.42,0],[-1.06,0.05],[-0.89,0.19]],[[-4.82,-0.26],[-4.49,-0.43],[-4.47,-0.61],[-4.74,-0.6],[-4.87,-0.5],[-4.82,-0.26]],[[-3.91,-0.87],[-3.99,-1.03],[-4.18,-0.79],[-4.1,-0.69],[-3.91,-0.87]],[[-3.1,-1.37],[-2.75,-1.37],[-2.55,-1.43],[-2.24,-1.67],[-2.58,-1.78],[-2.82,-1.77],[-3.12,-1.9],[-3.3,-1.76],[-3.29,-1.6],[-3,-1.57],[-3.1,-1.37]],[[-4.45,-1.07],[-4.6,-1.08],[-4.66,-0.83],[-4.33,-0.76],[-4.45,-1.07]],[[-6.24,0.38],[-6.61,0.33],[-6.57,0.53],[-6.35,0.54],[-6.24,0.38]],[[-6.83,0.4],[-6.91,0.26],[-7.31,0.28],[-7.34,0.41],[-7.11,0.48],[-6.83,0.4]],[[-7.52,0.39],[-7.46,0.25],[-7.7,0.17],[-7.72,0.34],[-7.52,0.39]],[[-6.12,0.43],[-6.09,0.6],[-5.83,0.65],[-5.72,0.46],[-6.12,0.43]],[[-4.97,0.53],[-5.12,0.73],[-4.85,0.72],[-4.59,0.79],[-4.46,0.54],[-4.57,0.48],[-4.97,0.53]],[[-5.27,1.26],[-5.37,0.94],[-5.54,1.05],[-5.49,1.21],[-5.27,1.26]],[[-2.04,2.15],[-2.14,2.3],[-1.93,2.38],[-1.85,2.21],[-2.04,2.15]],[[-2.35,2.46],[-2.42,2.71],[-2.25,2.78],[-2.06,2.7],[-2.02,2.54],[-2.35,2.46]],[[-8.09,0.68],[-8.25,0.86],[-7.86,1],[-7.84,0.86],[-8.09,0.68]],[[-4.36,-1.83],[-4.15,-1.84],[-4.1,-2.03],[-4.28,-2.13],[-4.46,-1.94],[-4.36,-1.83]]]},"properties":{"scalerank":0,"featurecla":"Bathymetry","depth":5000}},
{"type":"Feature","geometry":{"type":"Polygon","coordinates":[[[-18.19,3.48],[-18.36,3.66],[-18.44,3.28],[-18.4,3.06],[-18.95,2.96],[-18.98,2.81],[-18.82,2.74],[-18.5,2.76],[-18.38,2.95],[-18.25,2.98],[-18.32,3.37],[-18.19,3.48]]]},"properties":{"scalerank":0,"featurecla":"Bathymetry","depth":5000}},
{"type":"Feature","geometry":{"type":"Polygon","coordinates":[[[150.08,3.65],[149.93,3.82],[149.83,3.59],[149.6,3.45],[149.71,3.05],[149.67,2.79],[149.78,2.64],[149.89,2.21],[150.29,1.58],[150.7,1.08],[150.76,0.5],[150.98,0.25],[151.2,0.19],[151.37,0.04],[151.46,0.2],[151.43,0.48],[151.19,0.6],[151.09,0.87],[150.9,1.01],[150.9,1.48],[150.65,1.73],[150.69,1.83],[150.94,1.95],[151.23,1.72],[151.21,1.32],[151.4,1.47],[151.25,1.76],[151.32,1.88],[151.13,2.04],[151.01,1.99],[150.94,2.23],[151.1,2.48],[151.31,2.54],[151.25,2.77],[150.86,2.62],[150.79,2.74],[150.91,2.88],[150.75,3.13],[150.55,3.06],[150.38,3.31],[150.08,3.65]],[[150.52,2.93],[150.73,2.91],[150.69,2.67],[150.56,2.65],[150.52,2.93]],[[150.43,2.69],[150.56,2.55],[150.69,2.27],[150.53,1.89],[150.15,2.12],[150.16,2.35],[150.31,2.66],[150.43,2.69]]]},"properties":{"scalerank":0,"featurecla":"Bathymetry","depth":5000}},
{"type":"Feature","geometry":{"type":"Polygon","coordinates":[[[123.11,4.17],[123.25,4],[123.26,3.8],[123.38,3.79],[123.31,4.01],[123.11,4.17]]]},"properties":{"scalerank":0,"featurecla":"Bathymetry","depth":5000}},
{"type":"Feature","geometry":{"type":"Polygon","coordinates":[[[-147.06,4.63],[-147.41,4.17],[-147.26,4.07],[-147.4,3.91],[-147.72,3.83],[-148.05,3.87],[-148.12,3.65],[-148.33,3.58],[-148.57,3.64],[-148.94,3.46],[-148.84,3.34],[-148.18,3.46],[-147.84,3.58],[-147.71,3.48],[-147.11,3.69],[-146.74,3.91],[-146.75,4.08],[-146.65,4.25],[-146.69,4.46],[-146.84,4.45],[-147.06,4.63]]]},"properties":{"scalerank":0,"featurecla":"Bathymetry","depth":5000}},
{"type":"Feature","geometry":{"type":"Polygon","coordinates":[[[149.98,5.17],[149.83,5.26],[149.73,5.19],[150.08,5.02],[149.98,5.17]]]},"properties":{"scalerank":0,"featurecla":"Bathymetry","depth":5000}},
{"type":"Feature","geometry":{"type":"Polygon","coordinates":[[[-17.28,5.24],[-17.5,5.11],[-17.49,4.82],[-17.64,4.74],[-17.58,4.57],[-17.85,4.39],[-18.07,4.66],[-18.3,4.66],[-18.12,4.13],[-18.17,3.98],[-18.03,3.88],[-17.95,3.7],[-17.57,3.8],[-17.48,4.15],[-17.33,4.2],[-17.16,4.11],[-16.91,4.25],[-17.16,4.49],[-17.14,4.63],[-17.26,4.83],[-17.43,4.84],[-17.41,5.13],[-17.28,5.24]]]},"properties":{"scalerank":0,"featurecla":"Bathymetry","depth":5000}},
{"type":"Feature","geometry":{"type":"Polygon","coordinates":[[[-18.39,5.57],[-18.5,5.48],[-18.38,5.42],[-18.29,5.5],[-18.39,5.57]]]},"properties":{"scalerank":0,"featurecla":"Bathymetry","depth":5000}},
{"type":"Feature","geometry":{"type":"Polygon","coordinates":[[[-16.88,5.94],[-17.14,5.95],[-17.05,5.8],[-16.88,5.94]]]},"properties":{"scalerank":0,"featurecla":"Bathymetry","depth":5000}},
{"type":"Feature","geometry":{"type":"Polygon","coordinates":[[[-139.03,6.47],[-139.04,6.62],[-139.13,6.46],[-139.03,6.47]]]},"properties":{"scalerank":0,"featurecla":"Bathymetry","depth":5000}},
{"type":"Feature","geometry":{"type":"Polygon","coordinates":[[[-29.99,7.45],[-30.77,7.44],[-30.74,7.39],[-30.42,7.42],[-30.26,7.34],[-29.99,7.45]]]},"properties":{"scalerank":0,"featurecla":"Bathymetry","depth":5000}},
{"type":"Feature","geometry":{"type":"Polygon","coordinates":[[[-149.09,7.9],[-149.21,7.96],[-149.47,7.87],[-149.42,7.78],[-149.19,7.77],[-149.09,7.9]]]},"properties":{"scalerank":0,"featurecla":"Bathymetry","depth":5000}},
{"type":"Feature","geometry":{"type":"Polygon","coordinates":[[[-32.47,7.92],[-32.61,8.02],[-32.81,8.03],[-32.92,7.93],[-32.47,7.92]]]},"properties":{"scalerank":0,"featurecla":"Bathymetry","depth":5000}},
{"type":"Feature","geometry":{"type":"Polygon","coordinates":[[[-150.1,8.47],[-150.17,8.4],[-150.07,8.28],[-150,8.45],[-150.1,8.47]]]},"properties":{"scalerank":0,"featurecla":"Bathymetry","depth":5000}},
{"type":"Feature","geometry":{"type":"Polygon","coordinates":[[[53.39,8.53],[53.2,8.64],[52.83,8.54],[52.66,8.66],[52.4,8.45],[52.49,8.35],[52.53,8.04],[51.93,7.96],[51.7,7.85],[51.69,7.57],[51.79,7.39],[51.75,7.21],[51.45,7.02],[51.51,6.72],[51.56,6.15],[51.43,6.15],[51.28,6.32],[51.1,6.12],[51.45,5.93],[51.43,5.66],[51.61,5.45],[51.55,5.16],[51.38,5.26],[51.19,5.84],[50.92,5.72],[50.82,5.37],[50.96,5.27],[51.07,5.6],[51.21,5.59],[51.38,5.11],[51.29,4.99],[51.47,4.72],[51.66,4.59],[51.41,4.49],[51.41,4.17],[51.22,4.03],[51.33,3.9],[51.21,3.65],[51.22,3.44],[51.12,3.12],[50.96,2.85],[50.94,2.58],[50.73,2.43],[50.54,2.57],[50.59,2.86],[50.35,2.83],[50.4,2.52],[50.76,2.23],[51.07,2.39],[51.13,2.17],[50.84,2.02],[50.51,2.19],[50.32,1.94],[50.33,1.76],[50.16,1.7],[50.03,1.33],[50.09,1.12],[50.03,0.84],[50.08,0.66],[49.89,0.38],[50.02,0.24],[50.13,-0.3],[49.94,-0.46],[49.82,-0.14],[49.73,-0.58],[49.5,-0.55],[49.37,-0.67],[49.53,-0.88],[49.44,-1.22],[49.39,-1.65],[49.22,-1.73],[49.2,-2.11],[48.96,-2.62],[48.84,-2.64],[48.75,-2.9],[48.98,-2.84],[49.18,-2.49],[49.3,-2.62],[49.25,-2.76],[49.54,-2.74],[49.51,-2.98],[49.23,-3.02],[49.18,-3.6],[49.52,-3.58],[49.29,-3.9],[49.3,-4.13],[49.46,-4.27],[49.48,-4.65],[49.61,-4.82],[49.73,-4.77],[50.01,-5.13],[50.23,-5.35],[50.32,-5.24],[50.58,-5.24],[50.52,-5.53],[50.83,-5.45],[50.96,-5.49],[51.08,-5.18],[51.62,-4.63],[51.74,-4.56],[51.67,-4.31],[51.79,-4.01],[51.95,-3.81],[51.9,-3.43],[51.78,-3.43],[51.56,-3.24],[51.63,-3.13],[51.55,-2.88],[51.6,-2.7],[51.53,-2.43],[51.38,-2.27],[51.39,-2.1],[51.71,-1.99],[51.74,-1.83],[51.91,-1.61],[52.06,-1.61],[52.16,-1.88],[52.43,-1.89],[52.49,-1.34],[52.67,-1.4],[52.84,-1.01],[52.63,-0.82],[52.79,-0.38],[52.77,-0.07],[52.93,0.02],[53.02,-0.13],[53.26,0.25],[53.35,0.52],[53.57,0.6],[53.79,0.99],[53.98,1.04],[54.17,1.28],[54.2,1.44],[54.48,1.48],[54.43,1.73],[54.8,1.8],[54.81,2.3],[55.09,2.19],[55.27,2.38],[55.32,2.82],[55.47,3.02],[55.68,2.52],[55.68,2.33],[55.83,2.26],[55.88,2.67],[55.63,2.84],[55.4,3.2],[55.15,2.86],[54.97,2.81],[54.85,3.03],[54.91,3.31],[55.1,3.41],[55.1,3.67],[54.98,3.92],[55.08,4.15],[54.99,4.34],[55.07,4.55],[55.27,4.63],[55.51,4.88],[55.34,5.16],[54.99,5.07],[54.74,5.24],[54.85,5.71],[55.17,5.99],[55.15,6.21],[55.34,6.48],[55.52,6.63],[55.66,6.56],[55.75,6.21],[55.68,5.98],[55.49,5.74],[55.6,5.57],[55.37,5.38],[55.47,5.29],[55.64,5.45],[55.67,5.81],[55.82,6.1],[55.75,6.36],[55.8,6.51],[55.73,6.71],[55.58,6.82],[55.53,7.05],[55.35,6.96],[55.26,6.6],[55.14,6.29],[55.01,6.17],[54.96,5.9],[54.73,5.53],[54.6,5.56],[54.64,5.87],[54.77,6.08],[54.74,6.3],[54.31,5.71],[54.33,5.29],[54.23,5.11],[53.99,5.06],[53.75,4.88],[53.63,4.7],[53.43,4.59],[53.16,4.28],[52.94,4.15],[52.94,3.86],[52.75,3.68],[52.69,3.5],[52.33,3.3],[52.39,3.1],[51.9,2.89],[51.74,2.66],[51.5,2.75],[51.5,2.99],[51.27,2.98],[51.41,3.59],[51.73,3.51],[51.84,3.31],[51.98,3.48],[52.22,3.62],[52.41,3.94],[52.57,4.04],[52.72,4.41],[53.24,4.96],[53.43,5.07],[53.53,5.36],[53.82,5.69],[53.88,6.02],[54.19,6.42],[54.48,6.49],[54.83,7.01],[55.17,7.31],[55.22,7.69],[55.32,7.9],[55.15,8.11],[54.55,8.17],[54.6,8.45],[54.38,8.7],[54.12,8.69],[53.99,8.55],[53.59,8.52],[53.59,8.35],[53.26,8.16],[53.09,8.25],[53.19,8.5],[53.39,8.53]],[[53.14,5.52],[53.02,5.68],[53.15,5.79],[53.29,5.71],[53.14,5.52]],[[51.22,2.42],[51.09,2.67],[51.29,2.7],[51.38,2.45],[51.22,2.42]],[[53.57,2.7],[53.72,3.22],[53.89,3.46],[53.92,3.64],[54.17,4.02],[54.17,4.15],[54.4,4.47],[54.42,4.65],[54.6,4.85],[54.71,4.62],[54.93,4.62],[54.93,4.4],[54.75,4.13],[54.65,4.1],[54.18,3.54],[54.22,3.35],[54.13,3.22],[54.24,2.99],[53.87,2.42],[53.54,2.38],[53.47,2.57],[53.57,2.7]],[[53.69,3.55],[53.69,3.22],[53.37,3.14],[53.47,3.43],[53.69,3.55]],[[53.81,3.89],[53.9,3.74],[53.81,3.58],[53.63,3.73],[53.81,3.89]],[[54.1,4.5],[54.1,4.22],[53.9,4.09],[53.9,4.37],[54.1,4.5]],[[54.62,2.9],[54.59,3.18],[54.72,3.23],[54.84,2.89],[54.62,2.9]],[[52.76,1.01],[52.87,0.88],[52.71,0.51],[52.57,0.69],[52.76,1.01]],[[52.8,0.57],[52.94,0.48],[53.02,0.14],[52.87,0.06],[52.73,0.26],[52.8,0.57]],[[52.32,-0.42],[52.33,-0.15],[52.54,-0.1],[52.58,-0.24],[52.45,-0.47],[52.32,-0.42]],[[50.06,-0.7],[50.06,-0.84],[49.89,-1.12],[49.91,-1.45],[49.76,-1.57],[49.78,-1.73],[49.59,-2.04],[49.49,-1.98],[49.49,-1.68],[49.59,-1.49],[49.69,-1.02],[49.86,-0.72],[50.06,-0.7]],[[51.17,-2.62],[51.32,-2.62],[51.52,-2.79],[51.26,-3.1],[51.16,-3.34],[50.89,-3.55],[50.78,-3.5],[50.96,-3.17],[51.07,-3.14],[51.22,-2.86],[51.17,-2.62]],[[51.17,-4.68],[51.05,-4.49],[51.26,-4.34],[51.33,-4.09],[51.48,-4.08],[51.4,-4.37],[51.62,-4.45],[51.23,-4.96],[51,-5.22],[50.7,-5.46],[50.64,-5.14],[50.73,-4.89],[50.96,-4.88],[51.17,-4.68]]]},"properties":{"scalerank":0,"featurecla":"Bathymetry","depth":5000}},
{"type":"Feature","geometry":{"type":"Polygon","coordinates":[[[163.37,9.94],[163.2,9.77],[163.07,9.44],[162.65,9.39],[162.48,9.01],[162.89,9.02],[163,9.3],[163.36,9.18],[163.63,8.83],[163.47,8.63],[163.46,8.41],[163.33,8.33],[163.08,8.44],[162.84,8.23],[162.58,8.14],[162.76,7.84],[162.97,7.86],[163.02,7.72],[162.87,7.56],[163.2,7.49],[163.13,7.29],[163.29,7.14],[163.64,7.11],[163.84,6.78],[163.97,6.72],[164.15,6.39],[164.43,6.42],[164.48,6.25],[165.01,6.06],[165.13,5.91],[165.34,5.86],[165.65,5.93],[165.95,6.22],[166.08,6.18],[166.08,5.99],[166.18,5.78],[166.3,5.82],[166.56,5.69],[166.69,5.73],[166.76,5.97],[166.53,6.18],[166.6,6.34],[166.75,6.39],[167.05,6.33],[167.19,6.49],[167.15,6.66],[166.97,6.83],[167.11,6.98],[166.71,6.98],[166.56,7.15],[166.25,7.13],[166.3,7.35],[166.46,7.51],[166.8,7.58],[166.59,7.75],[166.58,7.88],[166.75,8.24],[166.64,8.36],[166.34,8.24],[166.13,8.35],[166.04,8.53],[165.81,8.62],[165.73,8.49],[165.28,8.96],[164.44,9.33],[164.42,9.48],[164.57,9.75],[164.47,9.84],[164.21,9.82],[164.15,9.99],[163.86,10.05],[163.56,9.87],[163.37,9.94]],[[162.92,8.15],[163.14,8.11],[163.2,7.95],[162.97,7.89],[162.92,8.15]]]},"properties":{"scalerank":0,"featurecla":"Bathymetry","depth":5000}},
{"type":"Feature","geometry":{"type":"Polygon","coordinates":[[[-131.66,9.86],[-131.92,10.04],[-132.02,9.41],[-131.76,9.4],[-131.62,9.12],[-131.66,8.9],[-131.57,8.71],[-131.53,8.39],[-131.34,8.11],[-131.17,8.07],[-131.11,7.92],[-130.93,7.91],[-130.85,7.72],[-130.54,7.9],[-130.72,8.13],[-130.76,8.28],[-130.98,8.48],[-131.03,8.65],[-131.32,9.03],[-131.48,8.97],[-131.53,9.18],[-131.64,9.28],[-131.62,9.6],[-131.66,9.86]],[[-131.39,8.49],[-131.52,8.87],[-131.23,8.82],[-131.21,8.57],[-131.39,8.49]]]},"properties":{"scalerank":0,"featurecla":"Bathymetry","depth":5000}},
{"type":"Feature","geometry":{"type":"Polygon","coordinates":[[[-138.8,10.82],[-138.86,10.75],[-139.06,10.73],[-138.98,10.61],[-138.8,10.82]]]},"properties":{"scalerank":0,"featurecla":"Bathymetry","depth":5000}},
{"type":"Feature","geometry":{"type":"Polygon","coordinates":[[[-131.55,11.22],[-131.7,11.03],[-132,10.99],[-132,10.46],[-131.93,10.25],[-131.58,10.63],[-131.41,10.7],[-131.27,10.9],[-131.46,11.01],[-131.55,11.22]]]},"properties":{"scalerank":0,"featurecla":"Bathymetry","depth":5000}},
{"type":"Feature","geometry":{"type":"Polygon","coordinates":[[[137.76,11.59],[137.71,11.69],[137.64,11.69],[137.66,11.59],[137.76,11.59]]]},"properties":{"scalerank":0,"featurecla":"Bathymetry","depth":5000}},
{"type":"Feature","geometry":{"type":"Polygon","coordinates":[[[-135.07,11.47],[-135.17,11.62],[-135.34,11.47],[-135.59,11.67],[-135.99,11.71],[-136.31,11.52],[-136.61,11.52],[-136.32,11.28],[-136.04,11.43],[-135.86,11.33],[-135.71,11.59],[-135.47,11.34],[-135.29,11.45],[-135.16,11.23],[-134.98,11.21],[-135.07,11.47]]]},"properties":{"scalerank":0,"featurecla":"Bathymetry","depth":5000}},
{"type":"Feature","geometry":{"type":"Polygon","coordinates":[[[-136.45,12.09],[-136.7,12.12],[-136.93,12.02],[-137.26,11.78],[-137.45,11.47],[-137.44,11.3],[-137.25,11.15],[-137.28,10.85],[-137.18,10.73],[-136.91,10.7],[-136.32,10.28],[-136.2,10.5],[-136.56,10.55],[-136.56,10.77],[-136.66,10.92],[-136.85,10.88],[-136.87,11.08],[-136.82,11.48],[-136.97,11.83],[-136.86,12.01],[-136.66,12],[-136.45,12.09]],[[-137.07,11.59],[-136.87,11.55],[-136.87,11.37],[-137.04,11.34],[-137.07,11.59]]]},"properties":{"scalerank":0,"featurecla":"Bathymetry","depth":5000}},
{"type":"Feature","geometry":{"type":"Polygon","coordinates":[[[-49.73,12.18],[-49.8,12.3],[-49.93,12.23],[-49.83,12.15],[-49.73,12.18]]]},"properties":{"scalerank":0,"featurecla":"Bathymetry","depth":5000}},
{"type":"Feature","geometry":{"type":"Polygon","coordinates":[[[-130.53,12.2],[-130.57,12.42],[-130.87,12.43],[-130.53,12.2]]]},"properties":{"scalerank":0,"featurecla":"Bathymetry","depth":5000}},
{"type":"Feature","geometry":{"type":"Polygon","coordinates":[[[-139.35,12.66],[-139.22,12.31],[-139.1,12.36],[-138.85,12.21],[-138.84,12.46],[-139.04,12.63],[-139.35,12.66]]]},"properties":{"scalerank":0,"featurecla":"Bathymetry","depth":5000}},
{"type":"Feature","geometry":{"type":"Polygon","coordinates":[[[138.94,12.62],[138.99,12.68],[139.06,12.89],[139.06,13.02],[138.88,12.65],[138.94,12.62]]]},"properties":{"scalerank":0,"featurecla":"Bathymetry","depth":5000}},
{"type":"Feature","geometry":{"type":"Polygon","coordinates":[[[-142.09,12.35],[-141.93,13],[-142.11,13.05],[-142.27,12.94],[-142.73,12.91],[-142.51,12.63],[-142.16,12.83],[-142.06,12.77],[-142.09,12.35]]]},"properties":{"scalerank":0,"featurecla":"Bathymetry","depth":5000}},
{"type":"Feature","geometry":{"type":"Polygon","coordinates":[[[136.56,13.11],[136.41,12.72],[136.63,12.71],[136.54,12.92],[136.56,13.11]]]},"properties":{"scalerank":0,"featurecla":"Bathymetry","depth":5000}},
{"type":"Feature","geometry":{"type":"Polygon","coordinates":[[[-110.14,12.63],[-110.24,12.83],[-110.43,12.99],[-110.14,12.63]]]},"properties":{"scalerank":0,"featurecla":"Bathymetry","depth":5000}},
{"type":"Feature","geometry":{"type":"Polygon","coordinates":[[[-65.93,13.2],[-66.17,13.26],[-66.08,13.09],[-65.93,13.2]]]},"properties":{"scalerank":0,"featurecla":"Bathymetry","depth":5000}},
{"type":"Feature","geometry":{"type":"Polygon","coordinates":[[[-139.51,13.68],[-139.78,13.51],[-139.61,13.51],[-139.51,13.68]]]},"properties":{"scalerank":0,"featurecla":"Bathymetry","depth":5000}},
{"type":"Feature","geometry":{"type":"Polygon","coordinates":[[[137.73,13.86],[137.56,13.94],[137.45,13.54],[137.61,13.49],[137.73,13.86]]]},"properties":{"scalerank":0,"featurecla":"Bathymetry","depth":5000}},
{"type":"Feature","geometry":{"type":"Polygon","coordinates":[[[139.54,14.07],[139.39,14.23],[139.08,13.51],[139.1,13.37],[138.97,13.23],[139.11,13.08],[139.27,13.3],[139.33,13.56],[139.26,13.8],[139.39,13.85],[139.38,14.05],[139.54,14.07]]]},"properties":{"scalerank":0,"featurecla":"Bathymetry","depth":5000}},
{"type":"Feature","geometry":{"type":"Polygon","coordinates":[[[-67.02,14.82],[-67.08,15.05],[-67.24,15],[-67.65,14.48],[-67.93,14.46],[-68.52,14.02],[-68.6,13.8],[-68.73,13.7],[-68.51,13.53],[-67.78,13.44],[-67.6,13.48],[-67.14,13.23],[-67,13.23],[-66.72,13.08],[-66.43,12.74],[-66.23,12.7],[-66.22,13.1],[-66.38,13.08],[-66.43,13.38],[-66.24,13.62],[-66.34,13.81],[-66.27,13.97],[-66.38,14.35],[-66.6,14.48],[-66.64,14.63],[-66.92,14.86],[-67.02,14.82]]]},"properties":{"scalerank":0,"featurecla":"Bathymetry","depth":5000}},
{"type":"Feature","geometry":{"type":"Polygon","coordinates":[[[-127.73,15.62],[-127.92,15.69],[-127.88,15.42],[-127.73,15.62]]]},"properties":{"scalerank":0,"featurecla":"Bathymetry","depth":5000}},
{"type":"Feature","geometry":{"type":"Polygon","coordinates":[[[-132.41,13.42],[-132.05,13.66],[-131.84,13.86],[-131.76,13.58],[-131.36,13.85],[-131.16,14.06],[-131.06,13.54],[-131.33,13.3],[-131.47,13.45],[-131.66,13.37],[-131.58,13.2],[-131.62,12.85],[-131.29,12.86],[-131.15,12.67],[-131.26,12.55],[-131.41,12.15],[-131.23,12.23],[-131.28,12.41],[-130.94,12.79],[-130.39,13.01],[-130.37,13.25],[-130.51,13.57],[-130.44,13.92],[-130.6,14.01],[-130.78,14.33],[-130.61,14.55],[-130.39,14.71],[-130.58,14.8],[-130.99,14.64],[-131.03,15],[-130.68,15.18],[-130.32,15.12],[-130.12,15.3],[-130.21,15.4],[-130.4,15.21],[-130.79,15.38],[-130.58,15.46],[-130.42,15.79],[-130.67,15.8],[-130.82,15.65],[-131.05,15.67],[-131.28,15.89],[-131.47,15.67],[-131.61,15.6],[-131.69,15.39],[-131.97,15.53],[-132.05,15.36],[-132.43,15.6],[-132.57,15.53],[-132.8,15.68],[-132.94,15.6],[-133.22,15.79],[-133.35,15.64],[-133.54,15.64],[-133.13,15.13],[-133.2,14.95],[-133.03,14.61],[-133.08,14.44],[-133.04,14.13],[-132.96,14.04],[-132.56,13.88],[-132.42,13.95],[-132.29,13.66],[-132.41,13.42]],[[-131.52,13.23],[-131.35,13.22],[-131.27,13],[-131.53,12.94],[-131.52,13.23]],[[-131.66,15.1],[-131.64,15.38],[-131.45,15.22],[-131.66,15.1]]]},"properties":{"scalerank":0,"featurecla":"Bathymetry","depth":5000}},
{"type":"Feature","geometry":{"type":"Polygon","coordinates":[[[-42.25,16.02],[-42.34,16.06],[-42.53,15.91],[-42.44,15.84],[-42.29,15.89],[-42.25,16.02]]]},"properties":{"scalerank":0,"featurecla":"Bathymetry","depth":5000}},
{"type":"Feature","geometry":{"type":"Polygon","coordinates":[[[-134.38,16.2],[-134.65,16.17],[-134.5,16.06],[-134.38,16.2]]]},"properties":{"scalerank":0,"featurecla":"Bathymetry","depth":5000}},
{"type":"Feature","geometry":{"type":"Polygon","coordinates":[[[139.69,15.9],[139.64,16.1],[139.45,15.93],[139.69,15.9]]]},"properties":{"scalerank":0,"featurecla":"Bathymetry","depth":5000}},
{"type":"Feature","geometry":{"type":"Polygon","coordinates":[[[-128.08,16.41],[-128.04,16.23],[-127.93,16.35],[-128.08,16.41]]]},"properties":{"scalerank":0,"featurecla":"Bathymetry","depth":5000}},
{"type":"Feature","geometry":{"type":"Polygon","coordinates":[[[126.46,16.09],[126.69,16.31],[126.6,16.4],[126.46,16.09]]]},"properties":{"scalerank":0,"featurecla":"Bathymetry","depth":5000}},
{"type":"Feature","geometry":{"type":"Polygon","coordinates":[[[-100.09,16.31],[-100.3,16.44],[-100.26,16.35],[-100.09,16.31]]]},"properties":{"scalerank":0,"featurecla":"Bathymetry","depth":5000}},
{"type":"Feature","geometry":{"type":"Polygon","coordinates":[[[-86.3,16.69],[-86.02,16.82],[-86.06,16.85],[-86.34,16.74],[-86.3,16.69]]]},"properties":{"scalerank":0,"featurecla":"Bathymetry","depth":5000}},
{"type":"Feature","geometry":{"type":"Polygon","coordinates":[[[-129.43,16.82],[-129.58,16.67],[-129.24,16.68],[-129.43,16.82]]]},"properties":{"scalerank":0,"featurecla":"Bathymetry","depth":5000}},
{"type":"Feature","geometry":{"type":"Polygon","coordinates":[[[-31.84,16.95],[-31.75,16.99],[-31.56,17.26],[-31.75,17.23],[-31.84,16.95]]]},"properties":{"scalerank":0,"featurecla":"Bathymetry","depth":5000}},
{"type":"Feature","geometry":{"type":"Polygon","coordinates":[[[136.9,14.8],[137.09,14.89],[137.12,15.17],[136.88,15.11],[136.75,15.28],[136.97,15.38],[137.11,15.55],[136.96,15.83],[137.26,15.84],[137.21,16.26],[137.52,16.21],[137.47,15.94],[137.62,15.84],[137.7,16.08],[137.87,16.21],[137.8,16.7],[137.67,16.85],[137.7,17.04],[137.52,17.09],[137.37,16.89],[137.39,16.73],[137.25,16.57],[137.01,16.54],[136.92,16.43],[136.95,16.19],[136.54,15.98],[136.71,15.48],[136.52,15.3],[136.66,15.01],[136.35,14.78],[136.25,14.9],[136.02,14.92],[135.98,14.3],[136.16,14.38],[136.32,14.17],[136.04,13.89],[136.41,13.7],[136.87,13.73],[137.02,13.56],[137.17,13.78],[136.67,13.91],[136.75,14.13],[136.67,14.32],[136.87,14.54],[136.9,14.8]],[[137.57,16.23],[137.4,16.46],[137.69,16.56],[137.74,16.34],[137.57,16.23]],[[136.51,14.63],[136.71,14.58],[136.58,14.31],[136.62,14.01],[136.31,13.82],[136.26,14.01],[136.38,14.12],[136.34,14.3],[136.51,14.63]]]},"properties":{"scalerank":0,"featurecla":"Bathymetry","depth":5000}},
{"type":"Feature","geometry":{"type":"Polygon","coordinates":[[[138.43,17.69],[138.31,17.78],[138.18,17.68],[138.1,17.81],[137.99,17.73],[138.11,17.6],[138.43,17.69]]]},"properties":{"scalerank":0,"featurecla":"Bathymetry","depth":5000}},
{"type":"Feature","geometry":{"type":"Polygon","coordinates":[[[-83.81,18.27],[-83.93,18.31],[-84.06,18.1],[-84.4,18.06],[-84.48,17.88],[-84.72,17.66],[-84.55,17.52],[-84.05,17.69],[-83.41,17.62],[-83.18,17.52],[-82.68,17.66],[-82.67,17.87],[-83,17.81],[-83.04,17.95],[-83.36,17.94],[-83.62,17.83],[-83.88,17.98],[-83.81,18.27]]]},"properties":{"scalerank":0,"featurecla":"Bathymetry","depth":5000}},
{"type":"Feature","geometry":{"type":"Polygon","coordinates":[[[137.94,18.15],[137.64,17.96],[137.58,17.79],[137.74,17.59],[137.94,18.15]]]},"properties":{"scalerank":0,"featurecla":"Bathymetry","depth":5000}},
{"type":"Feature","geometry":{"type":"Polygon","coordinates":[[[-42.24,18.24],[-42.45,18.36],[-42.47,18.15],[-42.24,18.24]]]},"properties":{"scalerank":0,"featurecla":"Bathymetry","depth":5000}},
{"type":"Feature","geometry":{"type":"Polygon","coordinates":[[[137.21,18.14],[137.09,18.45],[137.02,18.36],[137.16,18.26],[137.21,18.14]]]},"properties":{"scalerank":0,"featurecla":"Bathymetry","depth":5000}},
{"type":"Feature","geometry":{"type":"Polygon","coordinates":[[[-155.98,18.46],[-156.14,18.41],[-155.88,18.12],[-155.98,18.46]]]},"properties":{"scalerank":0,"featurecla":"Bathymetry","depth":5000}},
{"type":"Feature","geometry":{"type":"Polygon","coordinates":[[[-31.66,18.32],[-31.69,18.56],[-31.81,18.54],[-31.82,18.34],[-31.66,18.32]]]},"properties":{"scalerank":0,"featurecla":"Bathymetry","depth":5000}},
{"type":"Feature","geometry":{"type":"Polygon","coordinates":[[[139.72,18.23],[139.79,18.4],[139.9,18.48],[139.87,18.55],[139.76,18.47],[139.72,18.23]]]},"properties":{"scalerank":0,"featurecla":"Bathymetry","depth":5000}},
{"type":"Feature","geometry":{"type":"Polygon","coordinates":[[[137.42,18.7],[137.38,18.62],[137.52,18.49],[137.57,18.71],[137.42,18.7]]]},"properties":{"scalerank":0,"featurecla":"Bathymetry","depth":5000}},
{"type":"Feature","geometry":{"type":"Polygon","coordinates":[[[138.67,19.13],[138.38,19.12],[138.14,19.17],[138.02,18.91],[138.4,18.9],[138.48,19.06],[138.67,19.13]]]},"properties":{"scalerank":0,"featurecla":"Bathymetry","depth":5000}},
{"type":"Feature","geometry":{"type":"Polygon","coordinates":[[[-51.21,20.13],[-51.38,20.28],[-51.42,20.07],[-51.21,20.13]]]},"properties":{"scalerank":0,"featurecla":"Bathymetry","depth":5000}},
{"type":"Feature","geometry":{"type":"Polygon","coordinates":[[[-169.09,20.3],[-169.21,20.34],[-169.29,20.14],[-169.22,20.14],[-169.09,20.3]]]},"properties":{"scalerank":0,"featurecla":"Bathymetry","depth":5000}},
{"type":"Feature","geometry":{"type":"Polygon","coordinates":[[[-166.7,20.49],[-167.11,20.38],[-167.68,20.15],[-167.29,20.02],[-166.87,20.16],[-166.7,20.49]]]},"properties":{"scalerank":0,"featurecla":"Bathymetry","depth":5000}},
{"type":"Feature","geometry":{"type":"Polygon","coordinates":[[[139.61,20.37],[139.65,20.47],[139.66,20.64],[139.54,20.46],[139.61,20.37]]]},"properties":{"scalerank":0,"featurecla":"Bathymetry","depth":5000}},
{"type":"Feature","geometry":{"type":"Polygon","coordinates":[[[137.31,23.05],[137.13,22.87],[137.27,22.62],[137.31,23.05]]]},"properties":{"scalerank":0,"featurecla":"Bathymetry","depth":5000}},
{"type":"Feature","geometry":{"type":"Polygon","coordinates":[[[134.57,23.66],[134.42,23.73],[134.38,23.37],[134.5,23.37],[134.57,23.66]]]},"properties":{"scalerank":0,"featurecla":"Bathymetry","depth":5000}},
{"type":"Feature","geometry":{"type":"Polygon","coordinates":[[[138.98,24.24],[138.81,24.34],[138.75,24.2],[138.98,24.24]]]},"properties":{"scalerank":0,"featurecla":"Bathymetry","depth":5000}},
{"type":"Feature","geometry":{"type":"Polygon","coordinates":[[[-49.99,24.88],[-50.1,24.64],[-49.93,24.64],[-49.99,24.88]]]},"properties":{"scalerank":0,"featurecla":"Bathymetry","depth":5000}},
{"type":"Feature","geometry":{"type":"Polygon","coordinates":[[[-38.74,24.98],[-38.64,25.21],[-38.75,25.17],[-38.85,24.96],[-38.74,24.98]]]},"properties":{"scalerank":0,"featurecla":"Bathymetry","depth":5000}},
{"type":"Feature","geometry":{"type":"Polygon","coordinates":[[[-160.14,26.05],[-160.23,26.16],[-160.3,26.02],[-160.14,26.05]]]},"properties":{"scalerank":0,"featurecla":"Bathymetry","depth":5000}},
{"type":"Feature","geometry":{"type":"Polygon","coordinates":[[[-159.6,26.49],[-159.88,26.43],[-159.73,26.38],[-159.6,26.49]]]},"properties":{"scalerank":0,"featurecla":"Bathymetry","depth":5000}},
{"type":"Feature","geometry":{"type":"Polygon","coordinates":[[[131.3,26.62],[131.35,26.84],[131.18,26.85],[131.3,26.62]]]},"properties":{"scalerank":0,"featurecla":"Bathymetry","depth":5000}},
{"type":"Feature","geometry":{"type":"Polygon","coordinates":[[[-37.74,26.81],[-37.71,26.96],[-37.85,27.1],[-37.99,27.07],[-37.87,26.88],[-37.74,26.81]]]},"properties":{"scalerank":0,"featurecla":"Bathymetry","depth":5000}},
{"type":"Feature","geometry":{"type":"Polygon","coordinates":[[[-37.05,27.32],[-36.99,27.17],[-36.84,27.28],[-37.05,27.32]]]},"properties":{"scalerank":0,"featurecla":"Bathymetry","depth":5000}},
{"type":"Feature","geometry":{"type":"Polygon","coordinates":[[[131.1,27.6],[130.84,27.84],[130.71,28.03],[130.56,27.81],[130.87,27.74],[130.9,27.53],[130.54,27.49],[130.3,27.29],[130.28,27.12],[129.95,26.89],[129.85,26.66],[129.14,26.16],[128.78,25.77],[128.38,25.39],[127.94,25.13],[126.47,23.9],[125.87,23.55],[125.61,23.51],[125.31,23.56],[125.14,23.47],[124.8,23.45],[124.62,23.33],[123.5,23.27],[123.22,23.2],[123.01,23.32],[122.56,23.21],[122.39,23.35],[122.18,22.98],[122.38,22.67],[122.64,22.47],[122.7,22.74],[122.84,22.84],[122.88,23.09],[123.03,23.14],[123.09,22.91],[123.17,22.3],[123.07,21.73],[123.1,21.17],[123.05,20.76],[122.98,20.59],[123.08,20.41],[122.91,20.12],[123.06,19.9],[123.31,19.93],[123.4,19.66],[123.48,19.08],[123.62,18.82],[123.53,18.41],[123.62,18.27],[123.53,17.95],[123.62,17.82],[123.56,17.63],[123.68,17.49],[123.8,17.78],[123.67,18],[123.95,18.53],[124.28,18.85],[124.05,18.16],[124.3,17.86],[124.42,18.07],[124.76,18.24],[125.17,18.18],[125.47,18.32],[125.59,18],[125.77,18],[125.86,18.19],[126.02,18.29],[126.12,18.48],[126.09,18.63],[126.45,18.65],[126.74,18.79],[126.66,18.96],[126.75,19.2],[126.91,19.31],[127.14,19.19],[127.19,19.36],[127.06,19.49],[127.23,19.65],[127.55,19.33],[127.57,19.22],[127.21,19.16],[127.23,18.89],[127.13,18.7],[127.2,18.54],[127.41,18.63],[127.58,18.25],[128.03,18],[128.06,17.87],[127.91,17.74],[127.77,17.91],[127.63,17.9],[127.33,18.08],[127.3,18.22],[127.08,18.24],[126.93,18.44],[126.84,18.1],[126.6,18.09],[126.33,17.82],[126.43,17.53],[126.61,17.48],[126.72,17.21],[127.13,17.43],[127.2,17.36],[127.15,17.02],[126.98,16.93],[126.83,16.73],[126.82,16.54],[127.25,16.54],[127.46,16.32],[127.75,16.15],[128.03,16.12],[128.01,15.9],[128.21,15.7],[127.92,15.67],[127.68,15.77],[127.44,15.65],[127.15,15.64],[127.03,15.48],[126.77,15.46],[126.65,15.62],[126.31,15.72],[125.9,15.25],[125.71,15.26],[125.67,15.01],[125.45,15],[125.49,15.18],[125.23,15.38],[125.09,15.39],[124.7,15.12],[124.34,15.17],[124.74,14.69],[124.82,14.43],[124.99,14.3],[125.04,14.14],[125.28,13.68],[125.28,13.5],[125.51,13.09],[125.54,12.84],[125.84,12.4],[126.02,12],[126.1,11.71],[126.14,11.14],[126.29,10.63],[126.28,10.45],[126.55,9.94],[126.64,9.32],[126.82,9.07],[126.86,8.71],[126.99,8.43],[126.96,8.22],[127.06,7.89],[127.02,7],[126.94,6.94],[126.91,6.62],[127.05,6.46],[127.06,6.25],[127.19,6.01],[127.15,5.74],[127.38,5.37],[127.39,5.04],[127.49,4.94],[127.75,5.07],[128.21,4.51],[128.4,4.22],[128.75,3.52],[128.95,3.41],[129.08,3.06],[129.32,2.99],[129.24,3.29],[129,3.57],[129.01,3.73],[128.88,3.83],[129.05,4.12],[129.29,4.18],[129.54,4.08],[129.7,4.25],[129.87,4.25],[130.03,4.74],[129.96,5.11],[129.82,5.1],[129.49,5.23],[129.36,5.11],[128.91,5.3],[128.71,5.28],[128.58,5.49],[128.72,5.56],[128.97,5.54],[129.1,5.45],[129.46,5.38],[129.61,5.43],[130.25,5.12],[130.44,5.18],[130.62,5.02],[130.84,5.13],[130.92,5.27],[131.11,5.29],[131.21,5],[131.33,4.95],[131.49,5.15],[131.5,5.3],[131.75,5.32],[131.77,5.04],[131.98,5.2],[132.05,5.57],[132.2,5.71],[132.12,5.93],[131.91,6.01],[131.91,6.31],[131.72,6.58],[131.73,6.69],[131.45,6.84],[131.35,7.16],[131.21,7.32],[131.14,7.56],[130.94,7.74],[131.04,8.05],[131.38,8.25],[131.45,8.4],[131.9,8.51],[132.53,8.86],[132.8,9.11],[132.96,9.36],[132.93,9.51],[133.23,9.67],[133.43,9.6],[133.66,9.26],[133.59,9.08],[133.77,8.86],[133.98,8.91],[134.3,9.3],[134.05,9.48],[133.58,9.53],[133.61,9.71],[133.82,9.69],[133.94,9.93],[133.68,9.95],[133.68,10.08],[133.91,10.38],[134.26,10.73],[134.27,10.93],[134.45,11.03],[134.32,11.17],[134.31,11.41],[134.45,11.51],[134.38,11.88],[134.48,12.1],[134.2,12.11],[134.11,12.31],[134.26,12.53],[134.08,12.65],[133.89,12.55],[133.78,12.72],[133.85,12.96],[133.7,13.03],[133.76,13.27],[133.64,13.46],[133.66,13.78],[133.98,13.81],[133.9,14.26],[133.73,14.35],[133.72,14.59],[133.37,14.69],[133.23,14.67],[132.74,14.76],[132.39,14.96],[132.61,15.32],[132.78,15.37],[133.01,15.22],[133.51,15.62],[133.69,15.64],[133.65,15.85],[133.78,15.91],[134.3,15.86],[134.47,16.01],[134.47,16.34],[134.62,16.68],[134.73,16.77],[134.78,17.05],[134.57,17.28],[134.54,17.51],[134.75,17.95],[134.91,17.97],[135.11,18.17],[135.11,18.35],[135.3,18.68],[135.56,19],[135.52,19.25],[135.68,19.35],[135.67,19.75],[135.85,19.89],[135.89,20.05],[135.79,20.52],[136.07,20.73],[136.08,20.93],[136.26,21.17],[136.21,21.36],[135.96,21.68],[135.96,21.86],[136.26,21.91],[136,22.3],[136.18,22.34],[136.52,22.63],[136.53,22.91],[136.45,23.18],[136.15,23.21],[136.36,23.48],[136.11,23.48],[135.79,23.64],[135.93,23.85],[136.19,23.95],[136.44,23.95],[136,24.35],[135.99,24.75],[135.89,24.95],[135.44,24.73],[135.39,25.1],[134.98,25.18],[134.77,24.89],[134.93,24.81],[134.88,24.6],[134.69,24.55],[134.52,24.31],[134.75,24.12],[134.97,24.11],[135.25,24.34],[135.1,24.64],[135.19,24.78],[135.41,24.65],[135.53,24.4],[135.34,24.22],[135.52,24.06],[135.84,24.02],[135.73,23.65],[135.73,23.44],[135.61,23.34],[135.34,23.32],[135.17,23.16],[135.2,22.96],[135.35,22.74],[135.52,22.7],[135.72,22.5],[135.55,22.3],[135.63,22.18],[135.51,22.02],[135.1,22.18],[134.88,22.09],[134.78,22.32],[134.28,22.51],[133.56,22.9],[133.19,23.2],[132.98,23.22],[132.87,23.36],[132.5,23.56],[132,23.64],[131.67,23.55],[131.21,23.64],[130.91,23.58],[130.71,23.67],[130.66,23.45],[130.81,23.43],[130.9,23.23],[130.54,23.24],[130.4,23.05],[130.25,23.13],[130.1,22.74],[129.87,23.01],[129.65,22.96],[129.46,23.21],[129.51,23.34],[129.24,23.45],[129.05,23.95],[128.91,24.54],[128.79,24.62],[128.89,24.86],[128.89,25.06],[129.02,25.25],[129.43,25.27],[129.4,25.47],[129.59,25.58],[129.78,25.31],[129.95,25.62],[130.11,25.68],[130.02,25.92],[130.36,26.23],[130.12,26.52],[130.24,26.83],[130.44,26.86],[131.16,27.14],[131.18,27.34],[131.41,27.3],[131.39,27.07],[131.55,27.05],[131.58,26.7],[131.69,26.53],[132.23,26.54],[132.31,26.4],[132.69,26.25],[132.84,26.42],[133.01,26.27],[133.43,26.3],[133.68,26.21],[133.65,26.02],[134.04,25.97],[134.08,26.1],[134.4,26.15],[134.54,26.26],[134.86,26.27],[134.78,26.47],[134.45,26.59],[134.4,26.75],[133.75,26.73],[133.57,26.55],[133.26,26.78],[133.22,27.22],[133.12,27.43],[132.88,27.48],[132.66,27.39],[132.5,27.48],[132.24,27.42],[132.05,27.5],[131.69,27.5],[131.1,27.6]],[[132.43,27.39],[132.94,27.24],[132.97,26.89],[132.75,26.62],[132.58,26.64],[132.56,26.86],[132.67,27.09],[132.35,27.22],[132.43,27.39]],[[132.17,27.19],[131.85,27.15],[131.89,27.32],[132.07,27.36],[132.17,27.19]],[[128.45,23.12],[128.84,23.14],[128.97,22.77],[129.2,22.62],[129.14,22.3],[128.9,22.01],[128.83,21.77],[128.62,21.77],[128.83,21.43],[128.74,21.26],[128.4,21.03],[128.72,20.73],[128.62,20.6],[128.42,20.66],[128.16,20.59],[128.09,20.78],[127.68,20.61],[127.61,20.79],[127.7,20.9],[127.5,21.04],[127.36,21.45],[127.51,21.69],[127.85,21.88],[128.09,22.13],[128.13,22.36],[127.94,22.58],[128.05,23.04],[128.45,23.12]],[[129.12,22.2],[129.41,22.14],[129.4,22.01],[129.14,22.02],[129.12,22.2]],[[135.3,21.97],[135.43,22.01],[135.65,21.8],[135.55,21.69],[135.32,21.86],[135.3,21.97]],[[129.29,21.73],[129.03,21.57],[128.92,21.68],[129.19,21.8],[129.29,21.73]],[[125.54,21.55],[125.63,21.91],[125.82,21.86],[125.66,21.57],[125.54,21.55]],[[123.54,21.65],[123.44,21.71],[123.41,21.96],[123.48,22.2],[123.62,22.37],[123.94,22.39],[124.09,22.18],[123.94,22.13],[123.98,21.76],[123.54,21.65]],[[125.91,22.36],[125.91,22.56],[126.05,22.79],[126.28,22.77],[126.06,22.37],[125.91,22.36]],[[126.51,22.08],[126.87,21.86],[126.8,21.7],[126.53,21.87],[126.51,22.08]],[[127.37,19.68],[127.55,19.69],[127.65,19.46],[127.36,19.54],[127.37,19.68]],[[125.43,18.95],[125.71,19.03],[126.02,18.96],[126.07,18.73],[125.77,18.71],[125.95,18.46],[125.73,18.37],[125.57,18.46],[125.42,18.38],[125.28,18.62],[125.47,18.78],[125.43,18.95]],[[127.57,18.88],[127.82,18.72],[127.78,18.53],[127.52,18.64],[127.57,18.88]],[[128.06,18.54],[128.16,18.72],[128.32,18.67],[128.24,18.06],[127.99,18.25],[127.96,18.45],[128.06,18.54]],[[128.26,17.76],[128.54,17.81],[128.62,17.41],[128.47,17.29],[128.35,17.43],[128.08,17.51],[128.26,17.76]],[[133.62,17.51],[133.84,17.62],[133.92,17.45],[133.78,17.33],[133.62,17.51]],[[128.96,17.4],[129.12,17.28],[128.98,17.14],[128.68,17.06],[128.72,17.36],[128.96,17.4]],[[129.84,17.26],[130.1,16.97],[130.29,16.96],[130.41,16.68],[130.31,16.47],[130.15,16.54],[129.8,16.96],[129.84,17.26]],[[130.63,16.56],[130.9,16.44],[130.94,16.14],[131.32,16.33],[131.4,16.15],[131.38,15.88],[131.16,15.86],[130.92,16.1],[130.7,16.23],[130.63,16.56]],[[131.84,15.94],[131.85,15.68],[131.76,15.46],[131.57,15.67],[131.67,15.85],[131.84,15.94]],[[132.09,15.53],[132.32,15.69],[132.58,15.57],[132.52,15.39],[132.34,15.34],[132.09,15.53]],[[132.1,15.35],[132.3,15.16],[132.23,15.03],[131.9,15.14],[131.71,15.09],[131.51,15.23],[131.67,15.42],[131.87,15.31],[132.1,15.35]],[[126.98,15.02],[127.07,14.87],[126.98,14.57],[126.79,14.77],[126.84,15.11],[126.98,15.02]],[[126.74,14.54],[126.9,14.44],[126.98,14.13],[126.94,13.9],[127.18,13.91],[127.44,13.81],[127.52,13.67],[127.42,13.53],[127.01,13.6],[127.06,13.44],[127.51,13.5],[127.86,13.43],[127.72,13.06],[127.39,12.96],[127.22,13.16],[127.02,13.12],[126.83,13.22],[126.12,13.26],[126.04,13.33],[126.25,13.55],[126.33,13.94],[126.43,14.06],[126.5,14.47],[126.74,14.54]],[[132.85,14.35],[132.9,14.18],[132.69,14.12],[132.65,14.29],[132.85,14.35]],[[128.24,14.11],[128.18,13.86],[127.99,13.73],[127.97,13.5],[127.85,13.49],[127.58,13.63],[127.94,13.99],[128.24,14.11]],[[126.33,15.12],[126.17,15.12],[126.12,15.38],[126.33,15.37],[126.33,15.12]],[[127.02,15.23],[127.15,15.48],[127.32,15.5],[127.38,15.33],[127.02,15.23]],[[130.71,15.43],[130.52,15.59],[130.51,15.72],[130.34,16.06],[130.24,15.86],[130.1,15.86],[130.02,16.09],[129.81,16.24],[129.53,16.29],[129.52,16.48],[129.77,16.52],[130.09,16.46],[130.47,16.09],[130.73,15.95],[130.71,15.43]],[[129.54,17.18],[129.76,16.71],[129.59,16.64],[129.41,16.91],[129.38,17.11],[129.54,17.18]],[[128.75,16.96],[128.73,16.64],[128.48,16.71],[128.75,16.96]],[[127.9,16.79],[127.74,16.84],[127.68,17.04],[127.93,17.06],[127.9,16.79]],[[127.37,10.68],[127.25,10.92],[127.54,10.86],[127.37,10.68]],[[128.59,7.61],[128.97,7.58],[129.02,7.38],[128.69,7.24],[128.5,7.36],[127.97,7.58],[127.85,7.82],[127.84,8],[127.96,8.16],[128.58,8.14],[129.05,8.07],[129.47,8.08],[129.52,7.96],[129.12,7.85],[128.73,7.88],[128.99,7.63],[128.59,7.61]],[[128.37,5.72],[128.19,5.84],[128.34,6.34],[128.71,6.3],[128.8,6.22],[128.64,5.76],[128.37,5.72]],[[129.56,5.09],[129.68,4.88],[129.36,4.87],[129.36,5.02],[129.56,5.09]],[[128.79,4.79],[128.8,4.62],[128.59,4.54],[128.63,4.93],[128.79,4.79]],[[131.54,23.54],[131.64,23.36],[131.39,23.34],[131.3,23.51],[131.54,23.54]],[[134.04,26.49],[134.07,26.68],[134.28,26.7],[134.35,26.5],[134.18,26.41],[134.04,26.49]]]},"properties":{"scalerank":0,"featurecla":"Bathymetry","depth":5000}},
{"type":"Feature","geometry":{"type":"Polygon","coordinates":[[[137.21,23.86],[137.57,24.19],[137.87,24.16],[138.1,24.27],[137.98,24.48],[137.8,24.35],[137.62,24.45],[137.88,24.63],[137.99,24.89],[137.69,25.03],[137.64,25.31],[137.47,25.32],[137.58,25.62],[137.89,25.36],[138.42,25.35],[138.47,24.99],[138.58,24.96],[138.44,25.49],[138.21,25.65],[137.98,25.45],[137.47,25.81],[137.18,25.92],[137.47,26.24],[137.11,26.14],[137.13,26.55],[136.8,26.84],[136.66,27.18],[136.39,27.57],[136.09,27.64],[136.06,27.94],[135.73,28.16],[135.39,28.15],[135.45,27.8],[135.61,27.78],[135.84,27.61],[135.9,27.33],[136.08,27.28],[136.35,27.46],[136.44,27.3],[136.3,26.95],[136.57,26.5],[136.46,26.3],[136.2,26.41],[136.06,26.71],[135.82,26.53],[135.97,26.36],[136.34,26.23],[136.56,25.97],[136.59,25.81],[136.84,25.52],[136.4,25.22],[136.32,25],[136.53,24.84],[137.07,25.02],[137.09,24.8],[136.87,24.7],[136.84,24.57],[136.64,24.45],[136.88,24.32],[137.18,24.35],[137.28,24.09],[137.21,23.86]],[[137.16,25.34],[137.16,25.55],[137,25.59],[136.85,25.95],[137.04,25.95],[137.3,25.59],[137.16,25.34]]]},"properties":{"scalerank":0,"featurecla":"Bathymetry","depth":5000}},
{"type":"Feature","geometry":{"type":"Polygon","coordinates":[[[-140.78,29.03],[-140.78,29.23],[-140.65,29.4],[-140.72,29.47],[-140.83,29.2],[-140.78,29.03]]]},"properties":{"scalerank":0,"featurecla":"Bathymetry","depth":5000}},
{"type":"Feature","geometry":{"type":"Polygon","coordinates":[[[-31.8,30.21],[-31.58,30.05],[-31.41,30.14],[-31.65,30.15],[-31.8,30.21]]]},"properties":{"scalerank":0,"featurecla":"Bathymetry","depth":5000}},
{"type":"Feature","geometry":{"type":"Polygon","coordinates":[[[-142.7,30.58],[-142.93,30.86],[-143.08,30.59],[-143.4,30.84],[-143.54,30.74],[-143.9,30.77],[-144.25,30.62],[-144.55,30.65],[-144.68,30.56],[-145,30.55],[-145.32,30.43],[-145.92,30.38],[-145.95,30.09],[-146.18,30.29],[-146.57,30.12],[-146.61,29.75],[-146.76,29.5],[-146.15,29.52],[-146.57,29.8],[-146.42,30.07],[-146.12,30.08],[-145.98,29.97],[-145.97,29.79],[-145.47,29.93],[-145.36,29.59],[-144.94,29.68],[-144.79,29.5],[-144.52,29.67],[-144.18,29.52],[-144.21,29.29],[-143.9,29.47],[-143.53,29.25],[-143.06,29.38],[-142.97,29.1],[-142.55,29.33],[-142.33,29.22],[-142.27,29.05],[-142.1,28.99],[-142.15,28.62],[-141.92,28.46],[-141.78,28.54],[-141.52,28.54],[-141.36,29.09],[-141.79,29.13],[-141.62,29.3],[-141.73,29.62],[-141.97,29.62],[-142.43,29.46],[-142.62,29.72],[-143.12,29.87],[-143.08,30.04],[-143.18,30.19],[-142.97,30.34],[-142.65,30.24],[-142.59,30.39],[-142.7,30.58]],[[-144.11,30.44],[-144.51,30.23],[-144.53,30.39],[-144.36,30.49],[-144.11,30.44]],[[-144.29,30.24],[-144.14,30.29],[-143.88,30.15],[-143.86,30.02],[-144.28,30.1],[-144.29,30.24]]]},"properties":{"scalerank":0,"featurecla":"Bathymetry","depth":5000}},
{"type":"Feature","geometry":{"type":"Polygon","coordinates":[[[-60.17,32.35],[-60.34,32.42],[-60.19,32.21],[-60.17,32.35]]]},"properties":{"scalerank":0,"featurecla":"Bathymetry","depth":5000}},
{"type":"Feature","geometry":{"type":"Polygon","coordinates":[[[-47.55,32.64],[-47.83,32.71],[-48.05,32.67],[-48.16,32.39],[-48.38,32.35],[-48.29,32.16],[-48.08,32.25],[-48.1,32.5],[-47.9,32.64],[-47.55,32.64]]]},"properties":{"scalerank":0,"featurecla":"Bathymetry","depth":5000}},
{"type":"Feature","geometry":{"type":"Polygon","coordinates":[[[-47.95,34.76],[-48.14,34.75],[-48.34,34.68],[-48.5,34.73],[-48.46,34.6],[-48.22,34.68],[-48.1,34.75],[-47.95,34.76]]]},"properties":{"scalerank":0,"featurecla":"Bathymetry","depth":5000}},
{"type":"Feature","geometry":{"type":"Polygon","coordinates":[[[-137.04,34.75],[-137.22,34.88],[-137.24,34.7],[-137.04,34.75]]]},"properties":{"scalerank":0,"featurecla":"Bathymetry","depth":5000}},
{"type":"Feature","geometry":{"type":"Polygon","coordinates":[[[-46.8,35.62],[-46.93,35.62],[-46.91,35.55],[-46.8,35.54],[-46.8,35.62]]]},"properties":{"scalerank":0,"featurecla":"Bathymetry","depth":5000}},
{"type":"Feature","geometry":{"type":"Polygon","coordinates":[[[-21.55,35.85],[-21.93,35.88],[-21.93,35.58],[-21.55,35.85]]]},"properties":{"scalerank":0,"featurecla":"Bathymetry","depth":5000}},
{"type":"Feature","geometry":{"type":"Polygon","coordinates":[[[-45.27,36],[-45.34,36.07],[-45.65,35.99],[-45.69,35.85],[-45.27,36]]]},"properties":{"scalerank":0,"featurecla":"Bathymetry","depth":5000}},
{"type":"Feature","geometry":{"type":"Polygon","coordinates":[[[-132.18,36.33],[-132.32,36.33],[-132.57,36.04],[-132.34,36],[-132.3,36.26],[-132.18,36.33]]]},"properties":{"scalerank":0,"featurecla":"Bathymetry","depth":5000}},
{"type":"Feature","geometry":{"type":"Polygon","coordinates":[[[-44.53,36.79],[-44.41,36.86],[-44.36,37.04],[-44.5,37.02],[-44.53,36.79]]]},"properties":{"scalerank":0,"featurecla":"Bathymetry","depth":5000}},
{"type":"Feature","geometry":{"type":"Polygon","coordinates":[[[-131,37.16],[-131.12,37.29],[-131.21,37.09],[-130.97,37.06],[-131,37.16]]]},"properties":{"scalerank":0,"featurecla":"Bathymetry","depth":5000}},
{"type":"Feature","geometry":{"type":"Polygon","coordinates":[[[-30.38,21.89],[-30.37,21.76],[-30.21,21.65],[-29.98,21.84],[-29.69,21.95],[-29.5,21.76],[-29.23,21.66],[-29.21,21.48],[-28.85,21.11],[-28.55,21.38],[-28.29,21.17],[-28.32,20.95],[-28.51,20.87],[-28.58,20.57],[-28.39,20.58],[-28.39,20.77],[-28.15,20.87],[-28.18,20.63],[-27.89,20.7],[-27.45,20.66],[-27.16,20.52],[-27.06,20.7],[-26.89,20.55],[-26.78,20.75],[-26.58,20.66],[-26.47,20.81],[-26.3,20.83],[-26.08,20.99],[-26.31,21.13],[-25.88,21.26],[-25.65,21.17],[-25.34,21.29],[-24.98,21.51],[-24.72,21.51],[-24.5,21.72],[-24.29,21.76],[-23.95,22.03],[-23.83,22.25],[-23.78,22.66],[-23.58,23.22],[-23.7,23.5],[-23.68,23.68],[-23.54,23.9],[-23.5,24.32],[-23.41,24.43],[-23.34,25.09],[-23.13,25.24],[-23.06,25.54],[-23.08,25.87],[-23.19,26.31],[-23.2,26.68],[-23.44,26.96],[-23.23,27.3],[-23.26,27.86],[-23.19,28.11],[-22.98,28.34],[-22.96,28.64],[-22.58,29.16],[-22.39,29.27],[-22.39,29.4],[-22.09,29.67],[-21.94,29.9],[-21.77,29.98],[-21.88,30.17],[-21.75,30.51],[-21.84,30.6],[-21.7,30.86],[-21.79,31.11],[-21.62,31.25],[-21.68,31.47],[-21.43,31.84],[-21.47,32.03],[-21.14,32.17],[-21.11,32.38],[-20.71,32.5],[-20.65,32.73],[-20.41,33],[-20.38,33.38],[-19.99,33.89],[-19.69,34],[-19.42,34.35],[-19.31,34.73],[-18.96,34.83],[-18.87,34.94],[-18.98,35.16],[-19.21,35.07],[-19.18,35.34],[-18.94,35.46],[-18.62,35.36],[-18.17,35.57],[-17.81,35.8],[-17.84,35.93],[-17.57,36.05],[-17.3,36.02],[-17.05,36.28],[-17.33,36.53],[-17.4,36.98],[-17.57,37.13],[-17.76,37.06],[-18.01,37.2],[-18.34,37.06],[-18.32,36.91],[-18.96,36.92],[-19.08,36.76],[-19.73,36.75],[-20.05,36.54],[-20.29,36.55],[-20.5,36.38],[-20.44,36.21],[-20.52,36.02],[-20.88,36.08],[-21.13,35.96],[-21.3,35.71],[-21.66,35.53],[-21.74,35.26],[-21.62,35.1],[-21.9,34.79],[-22.37,34.85],[-22.67,34.79],[-22.99,34.97],[-23.31,34.76],[-23.88,34.65],[-24.05,34.8],[-24.41,34.89],[-24.64,34.85],[-24.58,34.68],[-24.22,34.66],[-24.07,34.58],[-24.11,34.37],[-24.38,34.45],[-24.98,34.44],[-24.95,34.63],[-24.73,34.65],[-24.92,34.75],[-25.28,34.78],[-25.54,34.56],[-25.5,34.35],[-25.64,34.04],[-26.06,34],[-26.05,33.83],[-25.72,33.82],[-25.68,33.7],[-25.3,33.81],[-24.98,33.55],[-24.74,33.43],[-24.65,33.26],[-24.39,33.33],[-24.33,33.15],[-24.69,33.12],[-25.18,33.17],[-25.61,33.14],[-25.46,32.98],[-24.93,32.96],[-24.82,32.77],[-25.02,32.64],[-25.31,32.73],[-25.48,32.62],[-25.91,32.56],[-26.18,32.75],[-26.34,32.42],[-25.96,32.49],[-26.01,32.13],[-26.62,32.35],[-26.89,32.2],[-27.07,31.89],[-26.93,31.47],[-26.53,31.31],[-26.67,31.05],[-26.52,30.75],[-26.33,30.76],[-26.3,30.31],[-26.38,30.14],[-26.61,30.06],[-26.5,29.89],[-26.66,29.64],[-26.95,29.61],[-27.22,29.81],[-27.14,29.38],[-27.33,29.25],[-27.31,28.99],[-27.66,28.65],[-27.96,28.69],[-28.19,28.53],[-28.26,28.38],[-27.98,28.32],[-27.99,28],[-28.34,27.84],[-28.56,28.03],[-29.02,28.08],[-29.48,28.2],[-29.51,28.01],[-29.72,27.66],[-29.86,27.82],[-29.72,28.01],[-29.91,28.1],[-29.99,27.78],[-30.32,27.36],[-30.43,27.46],[-30.43,27.81],[-30.24,28],[-30.26,28.14],[-30.57,28.01],[-30.82,28.01],[-30.84,27.77],[-31.33,27.6],[-31.43,27.71],[-31.27,28.07],[-31.7,28.01],[-32.02,27.74],[-31.96,27.57],[-32.27,27.54],[-32.38,27.76],[-32.59,27.84],[-33.02,27.83],[-33.27,27.95],[-33.04,28.39],[-33.43,28.19],[-33.91,28.13],[-34.32,27.85],[-34.82,27.67],[-35.23,27.68],[-35.33,27.56],[-35.67,27.41],[-35.93,27.54],[-36.02,27.49],[-36.41,27.52],[-36.23,27.21],[-36.07,27.26],[-35.47,27.29],[-35.03,27.6],[-34.85,27.48],[-34.61,27.61],[-34.44,27.44],[-34.67,27.23],[-34.89,27.23],[-35.06,27.07],[-35.21,27.12],[-35.42,26.93],[-35.75,27.05],[-36.33,26.9],[-36.53,26.98],[-36.69,26.89],[-37.04,26.92],[-37.46,26.8],[-37.57,26.3],[-37.74,26.21],[-38.28,26.38],[-38.41,26.25],[-38.32,26],[-38.11,26.04],[-38.01,26.21],[-37.76,26.02],[-37.14,26.18],[-36.92,26.3],[-36.82,26.13],[-37.09,26.04],[-37.3,25.7],[-37.45,25.73],[-37.67,25.61],[-37.91,25.68],[-38.04,25.81],[-38.68,25.78],[-38.9,25.66],[-38.71,25.54],[-38.18,25.71],[-38.04,25.68],[-37.85,25.46],[-37.3,25.59],[-37.14,25.36],[-37.37,25.3],[-37.46,25.13],[-37.73,25.08],[-37.94,24.84],[-38.32,24.84],[-38.2,24.48],[-38.56,24.38],[-38.72,24.02],[-38.44,24.05],[-38.4,23.71],[-38.79,23.71],[-39,23.93],[-38.94,24.32],[-39.07,24.29],[-39.16,23.96],[-39.4,24.08],[-39.51,24.32],[-39.69,24.15],[-39.3,23.9],[-39.47,23.71],[-39.77,23.59],[-39.93,23.7],[-40.44,23.73],[-40.99,23.97],[-41.02,23.87],[-40.55,23.64],[-40.17,23.62],[-40.05,23.5],[-39.65,23.54],[-39.75,23.29],[-40.03,23.28],[-40.39,23.14],[-40.33,22.79],[-40.56,22.75],[-40.88,22.89],[-41.37,22.86],[-41.44,22.96],[-41.93,23.02],[-42.12,23.13],[-42.47,23.17],[-42.37,22.94],[-41.58,22.93],[-41.42,22.77],[-40.98,22.78],[-40.81,22.65],[-40.52,22.67],[-40.35,22.56],[-40.03,22.54],[-40.04,22.13],[-40.25,22.22],[-40.39,22.18],[-40.39,21.98],[-40.58,21.91],[-40.99,22.08],[-40.9,21.65],[-40.64,21.69],[-40.36,21.59],[-40.32,21.41],[-40.49,21.19],[-40.77,21.14],[-40.65,20.98],[-40.38,21.08],[-40.02,21.72],[-39.74,21.67],[-39.64,21.53],[-39.32,21.49],[-39.23,21.33],[-39.26,21.04],[-39.43,20.91],[-39.69,21.28],[-39.83,21.15],[-40.01,21.14],[-39.96,20.76],[-40.16,20.74],[-40.33,20.55],[-40.51,20.59],[-40.88,20.47],[-41.39,20.64],[-41.41,20.42],[-41.14,20.46],[-40.96,20.38],[-40.51,20.42],[-40.26,20.4],[-39.97,20.22],[-39.95,20.07],[-39.7,20.11],[-39.46,20.07],[-39.3,20.12],[-39.12,19.85],[-39.26,19.78],[-39.48,19.85],[-39.7,19.78],[-39.81,19.55],[-40.26,19.62],[-39.92,19.33],[-39.84,19.18],[-39.67,19.22],[-39.6,18.99],[-39.97,18.98],[-40.08,19.05],[-40.5,18.96],[-40.4,18.7],[-40.26,18.8],[-40.08,18.7],[-40.06,18.55],[-40.43,18.3],[-39.8,18.27],[-39.31,17.99],[-39.63,17.91],[-39.94,18],[-40.37,18.05],[-40.25,17.84],[-39.96,17.86],[-39.66,17.81],[-39.65,17.59],[-39.93,17.58],[-39.89,17.3],[-40.03,17.11],[-40.18,17.15],[-40.29,16.97],[-40.59,16.91],[-40.79,17.03],[-40.92,16.91],[-40.49,16.79],[-40.41,16.71],[-40.37,16.39],[-40.25,16.2],[-40.08,16.43],[-39.91,16.32],[-39.69,16.37],[-39.54,16.15],[-39.29,16.16],[-39.29,16],[-39.61,15.92],[-39.81,16.02],[-40.19,15.94],[-40.78,16.04],[-40.95,16.28],[-41.16,16.09],[-41.34,16.26],[-41.57,16.31],[-41.59,16.01],[-41.89,15.98],[-41.91,15.84],[-41.47,15.89],[-41.23,15.82],[-40.97,15.96],[-40.76,16],[-40.66,15.78],[-40.44,15.72],[-40.15,15.74],[-39.75,15.64],[-39.42,15.67],[-39.35,15.42],[-39.2,15.22],[-39.03,15.35],[-38.82,15.29],[-38.34,15.47],[-38.24,15.23],[-38.27,15.06],[-38.49,14.94],[-38.62,15],[-38.91,14.97],[-39.07,15.07],[-39.77,15.19],[-40.08,15.09],[-40.2,15.24],[-40.56,15.38],[-40.7,15.26],[-40.35,15.11],[-40.22,14.98],[-40.15,14.72],[-39.82,15.1],[-39.58,15.07],[-39.47,14.85],[-39.27,14.91],[-39.28,14.52],[-39.46,14.51],[-39.72,14.26],[-39.32,14.17],[-39.04,13.97],[-38.85,13.75],[-38.96,13.57],[-39.1,13.58],[-39.19,13.83],[-39.59,13.94],[-39.74,13.81],[-39.86,13.31],[-39.74,13.24],[-39.24,13.18],[-39.13,12.98],[-39.44,12.97],[-39.63,12.8],[-39.85,12.91],[-40.29,12.89],[-40.65,13.01],[-41.01,12.72],[-40.44,12.82],[-40.31,12.75],[-40.03,12.79],[-39.53,12.64],[-39.07,12.58],[-38.57,12.55],[-38.11,12.46],[-37.99,12.29],[-37.45,12.18],[-37.18,12.23],[-37.18,12],[-37.66,11.9],[-38.21,11.93],[-38.62,12.07],[-38.82,12.05],[-38.91,12.15],[-39.5,12.14],[-39.64,12.29],[-39.82,12.21],[-40.47,12.29],[-40.29,12.15],[-39.79,12.1],[-38.9,11.9],[-38.21,11.88],[-37.81,11.76],[-37.63,11.81],[-37.37,11.72],[-36.82,11.72],[-36.54,11.58],[-36.65,11.33],[-37.31,11.33],[-37.32,11.14],[-36.74,11.2],[-36.5,11.16],[-35.95,11.2],[-35.3,11.47],[-34.91,11.43],[-34.91,11.2],[-35.18,11.3],[-35.23,11.04],[-35.41,10.85],[-35.72,10.8],[-36.1,10.89],[-36.27,10.77],[-37.32,10.82],[-37.61,10.75],[-37.97,10.78],[-37.85,10.61],[-37.68,10.73],[-37.48,10.63],[-37.11,10.7],[-36.59,10.67],[-36.43,10.63],[-35.97,10.7],[-35.74,10.57],[-36.12,10.49],[-35.87,10.36],[-35.38,10.34],[-35.18,10.42],[-34.85,10.39],[-34.63,10.48],[-34.59,10.33],[-34.9,10.1],[-34.56,9.94],[-34.39,9.99],[-33.87,9.98],[-33.67,9.93],[-32.9,9.98],[-32.53,10.1],[-32.3,10.1],[-32.01,9.76],[-32.11,9.63],[-32.29,9.61],[-32.45,9.72],[-33.14,9.65],[-33.09,9.55],[-32.52,9.62],[-32.33,9.53],[-31.89,9.56],[-31.66,9.38],[-31.56,9.51],[-31.3,9.57],[-30.94,9.48],[-30.79,9.57],[-29.67,9.48],[-29.54,9.59],[-29.13,9.64],[-28.97,9.53],[-28.8,9.57],[-28.63,9.38],[-28.82,9.24],[-28.9,9.07],[-29.06,9.19],[-29.24,9.06],[-29.5,9.11],[-29.63,9.4],[-29.91,9.32],[-29.95,9.15],[-30.36,8.93],[-30.53,9.01],[-30.76,8.85],[-30.93,8.95],[-30.91,9.1],[-30.68,9.23],[-30.73,9.33],[-31.04,9.24],[-31.14,9.05],[-31.1,8.82],[-30.96,8.69],[-30.36,8.86],[-29.9,8.83],[-29.54,8.9],[-28.85,8.9],[-28.04,8.98],[-27.67,8.9],[-27.5,8.97],[-27.19,8.98],[-27.14,8.8],[-26.96,8.7],[-26.13,8.74],[-25.82,8.54],[-25.12,8.53],[-24.97,8.63],[-24.41,8.62],[-24.2,8.71],[-23.91,8.66],[-23.81,8.74],[-23.79,8.95],[-24.14,8.91],[-24.38,8.96],[-24.19,9.14],[-24.24,9.32],[-23.74,9.36],[-23.56,9.23],[-23.58,9.09],[-23.46,8.77],[-23.35,9],[-23.48,9.07],[-23.55,9.31],[-23.94,9.52],[-23.8,9.66],[-23.43,9.62],[-23.07,9.8],[-22.66,9.74],[-22.56,9.93],[-22.88,9.9],[-23.16,10.08],[-23.86,10.27],[-24.12,10.44],[-24.09,10.62],[-23.54,10.37],[-23.1,10.3],[-22.94,10.36],[-22.63,10.23],[-22.26,10.24],[-22.18,10.08],[-21.85,10.03],[-21.73,9.91],[-21.12,9.76],[-20.93,9.88],[-20.75,9.78],[-20.33,10.2],[-20.54,10.42],[-20.7,10.36],[-20.91,10.55],[-21.07,10.54],[-21.07,10.81],[-20.73,10.89],[-20.8,11.41],[-20.99,11.43],[-21.1,11.59],[-21.55,11.52],[-21.85,11.8],[-21.88,11.54],[-22.21,11.45],[-22.32,11.64],[-22.49,11.66],[-22.49,11.86],[-22.71,11.95],[-22.84,12.18],[-23.16,12.1],[-23.28,12.14],[-23.6,12.04],[-23.63,12.3],[-23.88,12.41],[-24.08,12.32],[-24.26,12.41],[-24.31,12.22],[-24.46,12.12],[-24.89,12],[-25.07,12.05],[-25.56,12.31],[-25.6,12.61],[-25.3,12.62],[-25.56,12.84],[-26.02,13.05],[-26.7,13.29],[-27.08,13.55],[-27.06,13.74],[-27.38,14.05],[-27.36,14.23],[-27.45,14.41],[-27.66,14.6],[-27.82,15.17],[-28.1,15.53],[-28.63,15.72],[-28.8,15.92],[-29.06,15.93],[-29.16,16.12],[-29,16.23],[-28.75,16.15],[-28.63,16.26],[-28.98,16.41],[-29.32,16.4],[-29.42,16.56],[-29.86,16.61],[-30.17,16.51],[-30.29,16.66],[-30.5,16.75],[-30.8,16.29],[-30.87,16.49],[-31.37,16.52],[-31.48,16.62],[-31.79,16.7],[-31.89,16.91],[-32.18,16.69],[-32.31,16.97],[-32.54,16.91],[-32.84,17.06],[-32.58,17.25],[-32.81,17.42],[-33.01,17.38],[-33.11,17.17],[-33.36,17.1],[-33.42,17.24],[-33.86,17.42],[-34.04,17.06],[-34.2,16.91],[-34.04,16.66],[-34.37,16.55],[-34.49,16.8],[-34.34,17.01],[-34.39,17.27],[-34.33,17.65],[-34.24,17.78],[-33.87,17.73],[-33.65,17.81],[-33.58,17.96],[-33.26,17.98],[-33.5,18.21],[-33.43,18.38],[-33.7,18.41],[-33.93,18.62],[-33.93,18.92],[-33.68,18.83],[-33.59,19.41],[-33.48,19.51],[-33.28,19.24],[-33.07,19.19],[-33.03,18.95],[-32.75,18.9],[-32.63,19.04],[-32.4,18.91],[-32.64,18.58],[-32.27,18.37],[-32.06,18.65],[-32.17,18.7],[-32.37,18.55],[-32.48,18.78],[-32.35,18.9],[-32.12,18.84],[-31.93,18.88],[-31.36,18.68],[-31.19,18.66],[-31.25,18.94],[-31.45,18.85],[-31.68,18.98],[-31.59,19.25],[-31.46,19.35],[-31.57,19.58],[-31.76,19.56],[-31.91,19.69],[-32.27,19.38],[-32.45,19.54],[-32.36,19.7],[-32.9,19.8],[-32.84,20.02],[-33,20.09],[-32.93,20.28],[-33.34,20.21],[-33.5,20.43],[-33.75,20.38],[-33.76,20.62],[-33.68,20.8],[-33.76,20.92],[-34.27,20.84],[-34.23,21.19],[-34.31,21.37],[-34.61,21.34],[-34.8,21.46],[-34.87,21.72],[-35.28,21.58],[-35.23,21.83],[-35.06,21.91],[-34.96,22.13],[-34.81,22.04],[-34.66,22.13],[-34.46,22.03],[-34.17,22.09],[-34.15,22.31],[-33.89,22.41],[-33.8,22.32],[-33.91,21.88],[-33.42,21.9],[-33.26,21.8],[-33.14,22.13],[-32.77,22.15],[-32.84,21.92],[-32.43,22.1],[-32.26,21.98],[-31.87,22.13],[-31.9,22.44],[-31.69,22.51],[-31.59,22.41],[-31.37,22.46],[-31.06,22.41],[-30.92,22.16],[-30.39,21.92],[-30.53,22.06],[-30.36,22.22],[-30.04,21.94],[-30.09,21.76],[-30.27,21.72],[-30.38,21.89]],[[-32.58,22.35],[-32.67,22.24],[-32.89,22.29],[-33.07,22.23],[-33.05,22.49],[-32.8,22.46],[-32.58,22.35]],[[-35.66,22.34],[-35.6,22.22],[-35.91,22.08],[-35.98,22.21],[-35.66,22.34]],[[-37.21,21.83],[-37.29,21.65],[-37.46,21.74],[-37.37,21.97],[-37.21,21.83]],[[-40.14,21.85],[-40.1,22.06],[-39.79,22.08],[-39.86,21.89],[-40.14,21.85]],[[-39.29,21.99],[-39.43,22.25],[-39.18,22.27],[-39.29,21.99]],[[-39.46,22.3],[-39.81,22.16],[-39.9,22.39],[-39.69,22.46],[-39.63,22.3],[-39.46,22.3]],[[-35.42,22.46],[-35.59,22.68],[-35.5,22.9],[-35.33,22.87],[-35.27,22.58],[-35.42,22.46]],[[-39.31,23.13],[-39.38,22.99],[-39.6,22.99],[-39.65,23.21],[-39.41,23.23],[-39.31,23.13]],[[-39.2,23.21],[-39.43,23.33],[-39.32,23.5],[-38.74,23.55],[-38.66,23.4],[-38.99,23.32],[-39.2,23.21]],[[-36.32,24.17],[-36.2,24.35],[-36.05,24.39],[-35.64,24.36],[-35.71,24.2],[-36.32,24.17]],[[-36.32,23.95],[-36.32,23.78],[-36.53,23.73],[-36.55,23.9],[-36.32,23.95]],[[-37.05,20.45],[-36.94,20.3],[-36.74,20.33],[-36.75,20.13],[-36.91,20.12],[-37.19,20.28],[-37.05,20.45]],[[-37.7,20.11],[-38.06,20.02],[-38.3,19.88],[-38.52,20.05],[-38.28,20.14],[-37.7,20.26],[-37.7,20.11]],[[-36.19,19.06],[-36.48,19.03],[-36.51,19.2],[-36.34,19.32],[-36.16,19.27],[-36.19,19.06]],[[-35.89,18.32],[-35.87,18.11],[-36.13,18.11],[-36.36,17.95],[-36.68,17.99],[-36.59,18.19],[-36.16,18.31],[-35.89,18.32]],[[-34.43,18],[-34.45,17.56],[-34.54,17.47],[-34.87,17.38],[-34.85,17.62],[-34.7,17.64],[-34.6,17.95],[-34.43,18]],[[-34.95,17.54],[-35.03,17.29],[-35.17,17.38],[-34.95,17.54]],[[-34.68,17.05],[-34.46,16.94],[-34.57,16.8],[-34.74,16.82],[-34.68,17.05]],[[-35.63,16.87],[-35.62,16.61],[-35.84,16.64],[-35.81,16.82],[-35.63,16.87]],[[-33.9,16.43],[-33.84,16.75],[-33.08,16.71],[-32.96,16.56],[-32.98,16.4],[-33.21,16.16],[-33.49,16.27],[-33.58,16.1],[-33.86,16.13],[-33.9,16.43]],[[-32.91,16.77],[-32.76,16.84],[-32.44,16.8],[-32.45,16.63],[-32.82,16.54],[-32.91,16.77]],[[-33.64,16.86],[-33.9,16.97],[-33.87,17.23],[-33.77,17.29],[-33.48,17.01],[-33.64,16.86]],[[-32.13,16.57],[-31.98,16.7],[-31.77,16.6],[-31.83,16.39],[-31.97,16.35],[-32.13,16.57]],[[-29.96,16.18],[-30,16.28],[-29.75,16.48],[-29.52,16.21],[-29.96,16.18]],[[-35.22,15.91],[-35.4,15.84],[-35.53,16.06],[-35.36,16.15],[-35.22,15.91]],[[-35.67,16.13],[-35.61,15.95],[-35.8,15.9],[-35.97,15.75],[-36.01,15.58],[-36.45,15.7],[-36.46,15.43],[-36.63,15.26],[-36.69,15.49],[-36.83,15.62],[-36.81,15.89],[-36.54,15.99],[-36.64,16.36],[-36.29,16.34],[-36.03,16.11],[-35.67,16.13]],[[-32.66,15.79],[-32.49,15.95],[-32.13,15.88],[-32.08,15.7],[-32.3,15.68],[-32.66,15.79]],[[-35.42,15.25],[-35.76,15.23],[-35.77,15.4],[-35.49,15.4],[-35.42,15.25]],[[-37.55,15.11],[-37.54,14.95],[-37.93,14.88],[-37.92,14.98],[-37.55,15.11]],[[-37.69,15.27],[-38,15.36],[-37.52,15.65],[-37.25,15.57],[-37.48,15.34],[-37.69,15.27]],[[-38.58,15.55],[-38.98,15.51],[-39.05,15.66],[-38.78,15.78],[-38.58,15.55]],[[-38.55,15.83],[-38.95,15.96],[-39.25,15.99],[-39.02,16.26],[-38.69,16.32],[-38.61,16.11],[-38.45,15.97],[-38.26,15.98],[-38.11,15.67],[-38.22,15.58],[-38.55,15.83]],[[-38.3,16],[-38.54,16.18],[-38.33,16.25],[-38.3,16]],[[-37.92,16.49],[-37.7,16.54],[-37.78,16.2],[-38.02,16.27],[-37.92,16.49]],[[-39.02,16.57],[-39.14,16.78],[-38.98,16.98],[-38.68,16.97],[-38.73,16.68],[-38.9,16.7],[-39.02,16.57]],[[-39.64,16.94],[-39.91,16.86],[-39.77,17.23],[-39.6,17.16],[-39.64,16.94]],[[-36.7,17.18],[-36.61,17.31],[-36.43,17.29],[-36.49,16.98],[-36.73,16.91],[-36.7,17.18]],[[-35.96,17.12],[-36,17.59],[-35.59,17.76],[-35.23,17.57],[-35.42,17.4],[-35.52,17.16],[-35.96,17.12]],[[-38.08,16.88],[-38.07,16.62],[-38.37,16.6],[-38.37,16.74],[-38.08,16.88]],[[-36.7,16.56],[-36.45,16.75],[-36.47,16.41],[-36.7,16.56]],[[-36.23,16.61],[-35.96,16.61],[-35.84,16.49],[-35.99,16.31],[-36.23,16.61]],[[-36.96,16.26],[-36.79,16.2],[-36.76,16],[-36.96,15.89],[-37.17,15.92],[-36.96,16.26]],[[-37.4,15.94],[-37.42,16.17],[-37.23,16.23],[-37.22,15.99],[-37.4,15.94]],[[-32.27,16.38],[-32.31,16.21],[-32.56,16.22],[-32.44,16.41],[-32.27,16.38]],[[-32.52,16.42],[-32.63,16.26],[-32.83,16.22],[-32.88,16.49],[-32.52,16.42]],[[-39.77,18.34],[-39.94,18.41],[-39.91,18.68],[-39.66,18.84],[-39.58,18.72],[-39.77,18.34]],[[-39.24,18.87],[-39.25,19.09],[-39.03,19.08],[-39.05,18.84],[-39.24,18.87]],[[-36.72,19.3],[-36.81,19.25],[-37.1,19.37],[-37.29,19.57],[-37.23,19.74],[-36.88,19.68],[-36.84,19.44],[-36.72,19.3]],[[-39.13,19.34],[-39.29,19.3],[-39.69,19.45],[-39.58,19.61],[-39.14,19.58],[-39.13,19.34]],[[-38.76,20.17],[-38.76,20.06],[-39.07,20.02],[-39.08,20.17],[-38.76,20.17]],[[-39.62,20.47],[-39.46,20.61],[-39.52,20.79],[-39.37,20.86],[-39.26,20.64],[-39.35,20.34],[-39.62,20.47]],[[-39.61,20.83],[-39.61,20.65],[-39.83,20.66],[-39.86,20.86],[-39.61,20.83]],[[-39.18,20.91],[-39.17,21.1],[-38.93,21.16],[-38.92,20.95],[-39.18,20.91]],[[-37.93,20.85],[-37.78,20.65],[-38,20.63],[-37.93,20.85]],[[-38.38,20.44],[-38.19,20.3],[-38.3,20.18],[-38.56,20.22],[-38.6,20.36],[-38.38,20.44]],[[-38.92,20.45],[-38.98,20.68],[-38.8,20.86],[-38.54,20.89],[-38.5,20.75],[-38.79,20.61],[-38.92,20.45]],[[-36.26,24.56],[-36.61,24.44],[-36.63,24.61],[-36.31,24.71],[-36.26,24.56]],[[-37.32,24.7],[-37.44,24.61],[-37.83,24.61],[-37.88,24.79],[-37.62,24.97],[-37.52,24.8],[-37.32,24.7]],[[-37.19,24.95],[-37.13,25.01],[-36.62,25.09],[-36.67,24.94],[-37.16,24.82],[-37.19,24.95]],[[-36.94,25.49],[-37.08,25.85],[-36.95,25.88],[-36.55,25.72],[-36.64,25.54],[-36.85,25.62],[-36.94,25.49]],[[-36.34,25.7],[-36.24,25.94],[-35.93,25.94],[-35.94,25.73],[-36.17,25.78],[-36.34,25.7]],[[-35.79,25.82],[-35.85,25.97],[-35.63,26.12],[-35.42,25.97],[-35.79,25.82]],[[-35.91,26.98],[-35.64,26.79],[-35.03,26.9],[-35.06,26.71],[-35.26,26.74],[-35.6,26.57],[-35.64,26.35],[-35.95,26.4],[-36.12,26.34],[-36.24,26.54],[-36.44,26.57],[-36.53,26.42],[-36.79,26.38],[-36.88,26.54],[-37.11,26.45],[-37.46,26.42],[-37.4,26.69],[-37.16,26.73],[-36.62,26.64],[-36.55,26.76],[-36.21,26.75],[-36.12,26.9],[-35.91,26.98]],[[-32.33,27.17],[-32.42,27.31],[-32.23,27.45],[-32.16,27.26],[-32.33,27.17]],[[-33.32,27.26],[-33.55,27.22],[-33.59,27.53],[-33.26,27.49],[-33.32,27.26]],[[-34.02,27.51],[-34.48,27.75],[-34.12,27.91],[-33.96,27.89],[-33.87,28.07],[-33.5,28.06],[-33.4,27.97],[-33.48,27.77],[-33.63,27.75],[-33.81,27.51],[-34.02,27.51]],[[-32.82,27.41],[-32.52,27.54],[-32.5,27.38],[-32.75,27.26],[-32.82,27.41]],[[-31.81,27.06],[-31.99,27.24],[-31.8,27.5],[-31.65,27.09],[-31.81,27.06]],[[-31.59,27.54],[-31.77,27.6],[-31.68,27.84],[-31.47,27.84],[-31.59,27.54]],[[-30.72,27.56],[-30.77,27.84],[-30.62,27.88],[-30.56,27.56],[-30.72,27.56]],[[-29.42,27.15],[-29.64,27.19],[-29.47,27.55],[-29.32,27.51],[-29.42,27.15]],[[-26.84,27.67],[-26.6,27.61],[-26.74,27.38],[-26.94,27.51],[-26.84,27.67]],[[-26.51,27.39],[-26.43,27.59],[-26.21,27.51],[-26.39,27.31],[-26.51,27.39]],[[-26.02,27.35],[-25.56,27.24],[-25.62,27.12],[-25.94,27.14],[-26.02,27.35]],[[-26.48,26.91],[-26.13,26.87],[-26.16,26.68],[-26.45,26.72],[-26.48,26.91]],[[-25.72,26.72],[-25.61,26.57],[-25.34,26.56],[-25.72,26.31],[-25.72,26.72]],[[-24.77,26.28],[-24.51,26.29],[-24.53,26.05],[-24.79,26.14],[-24.77,26.28]],[[-25.26,26.23],[-25.09,26.15],[-25.15,25.97],[-25.64,26.1],[-25.26,26.23]],[[-26.11,26.07],[-25.95,25.79],[-26.05,25.6],[-26.38,25.57],[-26.51,25.62],[-26.56,26],[-26.11,26.07]],[[-27.16,25.98],[-27.34,26.04],[-27.25,26.3],[-26.87,26.29],[-26.85,26.09],[-27.11,26.1],[-27.16,25.98]],[[-27.6,27],[-27.85,27.06],[-27.86,27.29],[-27.69,27.28],[-27.43,27.09],[-27.6,27]],[[-27.36,27.46],[-27.26,27.65],[-27.09,27.6],[-27.15,27.33],[-27.36,27.46]],[[-27.41,27.05],[-27.31,26.84],[-27.12,26.73],[-26.98,26.9],[-26.64,26.91],[-26.66,26.71],[-26.33,26.56],[-26.37,26.33],[-26.67,26.39],[-26.83,26.52],[-27.28,26.54],[-27.53,26.74],[-27.41,27.05]],[[-28.16,26.66],[-28.15,26.99],[-27.85,26.95],[-27.62,26.66],[-28.04,26.7],[-28.16,26.66]],[[-30.48,24.91],[-30.33,24.99],[-30.19,24.88],[-30.35,24.74],[-30.48,24.91]],[[-26.76,29.02],[-26.87,29.14],[-26.82,29.38],[-26.51,29.25],[-26.76,29.02]],[[-26.13,31.15],[-26.29,31.04],[-26.45,31.3],[-26.18,31.33],[-26.13,31.15]],[[-25.8,32.02],[-25.97,32.09],[-25.91,32.37],[-25.11,32.38],[-25.22,32.21],[-25.59,32.19],[-25.8,32.02]],[[-24.33,33.75],[-24.67,33.85],[-24.55,34.11],[-24.33,33.75]],[[-24,33.99],[-24.29,34.08],[-24.36,34.21],[-23.58,34.31],[-23.59,34.11],[-23.81,34.13],[-24,33.99]],[[-23.37,34.42],[-23.49,34.57],[-23.18,34.67],[-23.14,34.56],[-23.37,34.42]],[[-36.6,14.78],[-36.61,14.64],[-37.3,14.52],[-37.57,14.42],[-37.67,14.58],[-37.39,14.71],[-37.22,14.69],[-36.91,14.77],[-36.6,14.78]],[[-38.59,14.1],[-38.69,13.82],[-38.99,13.95],[-38.93,14.08],[-38.59,14.1]],[[-39.46,13.32],[-39.62,13.34],[-39.7,13.53],[-39.48,13.54],[-39.46,13.32]],[[-34.97,12.55],[-34.97,12.44],[-35.26,12.34],[-35.29,12.52],[-34.97,12.55]],[[-37.38,12.54],[-37.38,12.38],[-37.61,12.31],[-37.92,12.41],[-38.21,12.6],[-38.13,12.74],[-37.38,12.54]],[[-25.31,11.73],[-25.11,11.86],[-25.01,11.76],[-24.79,11.78],[-24.47,11.68],[-24.44,11.49],[-24.78,11.54],[-25.31,11.73]],[[-23.59,11.79],[-23.51,11.84],[-23.18,11.8],[-22.94,11.65],[-22.95,11.54],[-23.22,11.47],[-23.56,11.65],[-23.59,11.79]],[[-21.16,11.13],[-21.17,10.8],[-21.43,10.85],[-21.54,10.97],[-21.16,11.13]],[[-22.23,10.62],[-22.1,10.46],[-22.44,10.44],[-22.56,10.55],[-22.81,10.59],[-22.78,10.75],[-22.51,10.78],[-22.48,10.58],[-22.23,10.62]],[[-25.12,10.45],[-25.21,10.3],[-25.51,10.4],[-25.49,10.58],[-25.12,10.45]],[[-25.87,10.12],[-25.49,10.1],[-25.55,9.95],[-25.85,9.98],[-25.87,10.12]],[[-24,9.96],[-23.72,10.02],[-23.53,9.93],[-23.51,9.77],[-24.16,9.77],[-24.55,9.67],[-24.45,9.88],[-24.22,9.86],[-24,9.96]],[[-24.12,9.58],[-24.05,9.47],[-24.46,9.31],[-24.84,9.24],[-25.03,9.1],[-25.68,9.16],[-25.73,9.39],[-25.27,9.41],[-25.08,9.51],[-24.58,9.48],[-24.12,9.58]],[[-25.11,9.07],[-24.96,9.02],[-24.6,9.08],[-24.44,8.95],[-24.82,8.89],[-25.21,8.89],[-25.11,9.07]],[[-25.34,9],[-25.49,8.78],[-25.43,8.6],[-25.69,8.57],[-25.9,8.63],[-25.81,8.79],[-25.85,8.98],[-25.7,9.05],[-25.34,9]],[[-26.92,9.4],[-26.71,9.4],[-26.5,9.29],[-26.67,9.13],[-26.88,9.17],[-26.92,9.4]],[[-26.35,9.14],[-26.38,9.36],[-26.15,9.39],[-26.08,9.26],[-26.35,9.14]],[[-27.2,9.16],[-27.39,9.15],[-27.48,9.28],[-27.26,9.39],[-27.2,9.16]],[[-31.84,9.95],[-32.19,10.13],[-32.19,10.27],[-31.79,10.26],[-31.5,10.3],[-31.54,10.08],[-31.84,10.08],[-31.84,9.95]],[[-34.15,10.09],[-34.4,10.07],[-34.5,10.28],[-34.01,10.34],[-33.88,10.41],[-33.52,10.41],[-33.31,10.54],[-33.21,10.43],[-33.01,10.57],[-32.71,10.61],[-32.34,10.57],[-32.06,10.65],[-31.99,10.52],[-32.13,10.36],[-32.57,10.42],[-32.91,10.3],[-33.1,10.18],[-33.55,10.13],[-34.03,10.15],[-34.15,10.09]],[[-35.64,10.55],[-35.66,10.68],[-35.29,10.79],[-35.05,10.75],[-35.17,10.56],[-35.64,10.55]],[[-34.1,10.58],[-33.87,10.82],[-33.64,10.73],[-33.91,10.47],[-34.1,10.58]],[[-31.03,10.51],[-31.39,10.44],[-31.47,10.63],[-31.06,10.61],[-31.03,10.51]],[[-31.56,10.63],[-31.62,10.45],[-31.91,10.46],[-31.91,10.6],[-31.56,10.63]],[[-31.16,10.17],[-31.09,10.09],[-30.63,10.04],[-30.43,9.85],[-30.5,9.72],[-30.82,9.84],[-31.18,9.84],[-31.16,10.17]],[[-35.88,11.46],[-36.08,11.45],[-36.32,11.31],[-36.49,11.38],[-36.42,11.76],[-36.67,11.73],[-36.64,11.9],[-36.31,11.9],[-36.07,11.65],[-35.72,11.68],[-35.71,11.5],[-35.88,11.46]]]},"properties":{"scalerank":0,"featurecla":"Bathymetry","depth":5000}},
{"type":"Feature","geometry":{"type":"Polygon","coordinates":[[[-130.39,37.49],[-130.57,37.47],[-130.61,37.2],[-130.53,37.06],[-130.25,37.01],[-130.03,37.13],[-130.03,37.27],[-130.36,37.38],[-130.39,37.49]]]},"properties":{"scalerank":0,"featurecla":"Bathymetry","depth":5000}},
{"type":"Feature","geometry":{"type":"Polygon","coordinates":[[[-132.28,37.71],[-132.28,37.54],[-132.12,37.58],[-132.28,37.71]]]},"properties":{"scalerank":0,"featurecla":"Bathymetry","depth":5000}},
{"type":"Feature","geometry":{"type":"Polygon","coordinates":[[[-134.29,37.5],[-134.3,37.74],[-134.42,37.73],[-134.41,37.61],[-134.29,37.5]]]},"properties":{"scalerank":0,"featurecla":"Bathymetry","depth":5000}},
{"type":"Feature","geometry":{"type":"Polygon","coordinates":[[[164.16,37.81],[163.99,37.81],[164.04,37.62],[164.16,37.81]]]},"properties":{"scalerank":0,"featurecla":"Bathymetry","depth":5000}},
{"type":"Feature","geometry":{"type":"Polygon","coordinates":[[[-11,38.38],[-11.47,38.4],[-11.95,38.33],[-12.38,37.97],[-12.7,37.53],[-12.68,37.34],[-12.86,37.15],[-12.91,36.89],[-12.52,36.81],[-12.34,36.89],[-11.84,36.78],[-11.71,36.81],[-11.06,37.3],[-10.8,37.37],[-10.8,37.97],[-11.06,37.92],[-11,38.38]]]},"properties":{"scalerank":0,"featurecla":"Bathymetry","depth":5000}},
{"type":"Feature","geometry":{"type":"Polygon","coordinates":[[[-132.96,38.38],[-133.06,38.45],[-133.66,38.47],[-133.8,38.38],[-134.75,38.44],[-134.63,38.28],[-134.39,38.18],[-133.69,38.3],[-133.26,38.24],[-133.03,38.02],[-132.79,38.28],[-132.96,38.38]]]},"properties":{"scalerank":0,"featurecla":"Bathymetry","depth":5000}},
{"type":"Feature","geometry":{"type":"Polygon","coordinates":[[[-18.62,39.17],[-19.19,39.43],[-19.54,39.4],[-19.79,39.32],[-20.45,39.6],[-20.22,39.87],[-20.52,39.91],[-20.49,39.62],[-20.7,39.56],[-20.8,39.18],[-20.52,39.31],[-20.14,39.33],[-19.9,39.22],[-19.45,39.28],[-18.94,39.08],[-18.99,38.87],[-19.21,38.86],[-19.32,38.69],[-19.65,38.43],[-19.8,38.14],[-19.95,37.99],[-19.48,37.9],[-19.51,37.75],[-19.74,37.64],[-19.66,37.39],[-19.39,37.38],[-19.15,37.51],[-19.13,37.7],[-19.37,37.68],[-19.43,37.87],[-19.04,37.99],[-19.12,38.21],[-19.54,38.25],[-19.56,38.48],[-19.34,38.44],[-19.08,38.59],[-18.69,38.42],[-18.6,38.57],[-18.14,38.48],[-17.92,38.78],[-17.95,38.99],[-18.62,39.17]]]},"properties":{"scalerank":0,"featurecla":"Bathymetry","depth":5000}},
{"type":"Feature","geometry":{"type":"Polygon","coordinates":[[[-41.26,39.98],[-41.49,40.35],[-41.35,40.59],[-41.59,40.58],[-41.8,40.38],[-41.83,40.1],[-41.64,40.06],[-41.58,39.53],[-41.88,39.51],[-41.84,39.83],[-42.08,39.81],[-42.12,39.61],[-42.04,39.28],[-42.28,39.11],[-42.48,38.74],[-42.72,38.62],[-43.52,38.74],[-44.38,39],[-44.78,38.98],[-44.96,39.03],[-45.19,38.68],[-45.78,38.64],[-46.13,38.74],[-46.69,39.05],[-46.96,39.1],[-47.18,39.01],[-47.3,39.13],[-47.14,39.43],[-47.23,39.62],[-47.47,39.64],[-47.62,39.83],[-48.12,39.65],[-48.41,39.65],[-48.49,39.8],[-48.74,39.88],[-48.97,39.84],[-49.34,39.91],[-49.48,40.04],[-49.86,40.23],[-50.31,40.15],[-50.52,40.18],[-50.7,40.05],[-50.88,40.21],[-51.25,40.14],[-51.83,39.91],[-51.98,40.01],[-52.05,40.26],[-51.56,40.58],[-51.6,40.97],[-51.89,41.11],[-51.98,41.28],[-52.35,41.39],[-52.58,41.66],[-52.78,41.71],[-53.01,42.08],[-53.21,42],[-53.07,41.81],[-53.19,41.53],[-53.49,41.54],[-53.76,41.1],[-54.44,40.9],[-54.68,41.06],[-54.91,40.99],[-55.37,40.99],[-55.92,41.18],[-56.26,41.38],[-56.61,41.43],[-56.9,41.57],[-56.99,41.47],[-57.29,41.47],[-57.58,41.36],[-57.84,41.36],[-57.98,41.24],[-58.21,41.32],[-58.35,41.15],[-58.69,41.14],[-58.98,40.88],[-59.42,40.86],[-59.81,40.5],[-60.02,40.52],[-60.11,40.29],[-60.31,40.35],[-60.63,40.27],[-60.91,40.03],[-61.21,40.08],[-61.58,40.04],[-62.04,40.12],[-62.24,39.83],[-62.65,39.6],[-62.93,39.52],[-63.03,39.17],[-63.3,38.99],[-63.51,38.96],[-63.58,38.69],[-63.89,38.61],[-63.91,38.15],[-64.22,38.16],[-64.41,38.48],[-64.67,38.15],[-64.6,37.72],[-64.88,37.64],[-64.92,37.39],[-64.67,37.25],[-64.09,37.21],[-63.68,37.13],[-63.34,37.18],[-63.13,37],[-62.93,37.01],[-62.42,36.79],[-62.3,36.91],[-62.1,36.85],[-62,37.03],[-61.39,36.91],[-61.01,36.93],[-60.7,36.77],[-60.66,36.5],[-60.44,36.58],[-60.22,36.49],[-60.19,36.34],[-59.91,36.21],[-59.81,36.39],[-59.77,36.79],[-59.58,36.81],[-59.23,36.68],[-58.89,36.32],[-59.26,36.07],[-59.41,35.73],[-59.21,35.67],[-59.25,35.33],[-58.8,35.2],[-58.66,34.91],[-58.36,34.53],[-57.76,34.25],[-57.18,33.92],[-56.74,33.83],[-56.64,33.57],[-56.85,33.38],[-57.26,33.34],[-57.44,33.18],[-57.34,32.85],[-57.18,32.74],[-57.29,32.53],[-57.5,32.62],[-57.82,32.64],[-58.24,32.92],[-58.4,32.91],[-58.99,33.26],[-59.23,33.36],[-59.54,33.72],[-59.38,33.78],[-59.19,33.65],[-59.09,34.03],[-58.69,34.02],[-58.8,34.28],[-59.02,34.2],[-59.43,34.19],[-59.62,34.28],[-59.72,33.83],[-59.66,33.47],[-59.46,33.42],[-58.77,32.96],[-58.75,32.83],[-59.05,32.6],[-59.35,32.66],[-59.73,32.48],[-59.71,32.26],[-59.98,32.12],[-60.16,31.75],[-60.38,31.47],[-60.48,31.63],[-60.92,31.56],[-61.1,31.47],[-60.95,31.29],[-60.96,30.7],[-61.33,30.56],[-61.79,30.63],[-62.08,30.82],[-62.37,30.71],[-62.26,30.58],[-61.99,30.65],[-61.85,30.55],[-61.33,30.31],[-61.51,30.21],[-61.61,30.02],[-61.82,30.05],[-62.08,30.34],[-62.29,30.34],[-62.3,30.08],[-62.63,29.85],[-62.25,29.56],[-61.9,29.35],[-62.04,29.19],[-62.2,29.36],[-62.47,29.36],[-62.62,29.62],[-62.83,29.61],[-63.37,29.88],[-63.32,29.7],[-63.12,29.62],[-63.24,29.3],[-63.41,29.48],[-63.53,29.23],[-63.74,29.45],[-63.95,29.54],[-64.26,29.56],[-64.37,29.3],[-64.36,29.08],[-64.09,29.13],[-64.1,29.28],[-63.93,29.37],[-63.71,29.23],[-63.68,29.04],[-63.91,28.97],[-64.09,28.72],[-64.39,28.63],[-64.84,28.78],[-65.04,28.73],[-65.29,28.94],[-65.18,29.11],[-65.59,29.16],[-65.56,29.36],[-65.9,29.45],[-66.11,29.68],[-65.76,29.7],[-65.63,29.56],[-65.35,29.45],[-65.3,29.57],[-65.68,29.78],[-65.98,30.12],[-66.56,30.22],[-66.76,30.47],[-66.5,30.5],[-66.53,30.67],[-66.73,30.74],[-66.74,31.03],[-66.91,31.15],[-66.95,31.32],[-66.82,31.48],[-67.07,31.53],[-67.08,31.8],[-67.18,31.96],[-67.01,32.11],[-67.1,32.54],[-67.35,32.71],[-67.33,32.86],[-67.01,32.86],[-67.07,33.1],[-66.53,33.22],[-66.31,33.38],[-65.93,33.36],[-65.83,33.46],[-65.75,34.16],[-65.64,34.2],[-65.26,34.12],[-65.16,34.25],[-64.96,34.19],[-64.1,34.63],[-63.73,34.61],[-63.7,34.75],[-63.95,34.93],[-63.75,35.09],[-63.34,35.01],[-63.25,35.09],[-63.51,35.32],[-63.87,35.22],[-63.97,35.51],[-64.26,35.61],[-64.23,35.75],[-63.88,35.84],[-63.83,35.69],[-63.52,35.48],[-63.18,35.45],[-62.99,35.54],[-62.88,35.76],[-62.49,35.91],[-61.79,35.88],[-61.58,35.99],[-61.67,36.14],[-61.95,36.11],[-62.14,36.27],[-62.26,36.05],[-62.6,35.95],[-62.64,36.11],[-62.48,36.4],[-62.6,36.59],[-62.88,36.58],[-63.02,36.45],[-63.26,36.58],[-63.55,36.46],[-63.83,36.49],[-64.34,36.29],[-64.42,36.13],[-64.35,35.88],[-64.48,35.8],[-64.77,35.9],[-64.85,35.66],[-64.27,35.6],[-64.09,35.33],[-64.33,35.19],[-64.23,35.01],[-64.06,34.93],[-64.17,34.7],[-64.5,34.59],[-64.86,34.59],[-64.94,34.71],[-65.87,34.99],[-66.26,35.28],[-66.44,35.19],[-66.72,35.32],[-66.76,35.55],[-66.55,35.83],[-66.54,35.99],[-66.35,36.07],[-65.98,36.9],[-65.83,36.98],[-65.82,37.19],[-66.23,37.2],[-66.34,37],[-66.61,36.95],[-66.94,36.98],[-67.24,36.93],[-67.42,36.61],[-67.22,36.14],[-67.25,35.97],[-67.8,35.76],[-68.16,35.76],[-68.59,35.62],[-68.84,35.42],[-69.22,35.42],[-69.57,35.32],[-70.09,34.98],[-70.34,34.74],[-70.94,34.52],[-70.98,34.37],[-71.21,34.32],[-71.5,34.13],[-71.6,34.15],[-71.93,33.92],[-72.14,33.89],[-72.56,33.65],[-72.94,33.32],[-73.09,33.56],[-73.2,33.31],[-73.42,33.08],[-73.63,32.62],[-73.83,32.54],[-73.93,31.89],[-74.1,31.86],[-74.18,31.57],[-74.02,31.22],[-73.51,30.55],[-73.31,30.37],[-73.11,30.34],[-72.89,30.14],[-72.79,29.93],[-72.62,29.81],[-72.48,29.56],[-72.5,29.41],[-72.26,29.3],[-71.75,28.84],[-71.7,28.65],[-71.79,28.49],[-71.79,28.07],[-72.05,27.51],[-72.52,27.29],[-72.96,27.52],[-73.08,27.38],[-73.08,27.01],[-72.95,26.82],[-73.37,26.52],[-73.34,26.34],[-73.5,26.25],[-73.73,26.28],[-74.14,26.05],[-74.14,25.55],[-73.75,25.52],[-73.69,25.27],[-74.21,25.18],[-74.34,24.75],[-74.1,24.76],[-74.11,24.58],[-74.28,24.42],[-74.04,24.06],[-73.82,23.94],[-73.74,23.72],[-73.41,23.66],[-73.18,23.33],[-73.01,23.44],[-72.91,23.29],[-72.48,23.3],[-72.14,22.94],[-71.91,22.93],[-71.76,22.7],[-71.83,22.6],[-71.5,22.44],[-71.33,22.29],[-71.11,22.25],[-70.71,21.93],[-70.06,21.54],[-69.97,21.44],[-69.69,21.46],[-69.48,21.22],[-69.24,21.12],[-68.84,20.73],[-68.71,20.7],[-68.2,19.84],[-68.44,19.73],[-68.51,19.57],[-68.38,19.18],[-68.14,19.27],[-67.92,19.25],[-67.77,19.34],[-67.45,19.28],[-67.33,19.11],[-67.12,19.22],[-66.84,19.1],[-66.65,18.96],[-66.16,19.13],[-65.86,19.06],[-65.54,19.1],[-65.38,19.19],[-65.1,19.18],[-64.8,19.37],[-64.56,19.34],[-64.39,19.22],[-63.96,19.32],[-63.39,19.29],[-63.13,19.08],[-63.31,18.89],[-63.16,18.82],[-62.81,18.86],[-62.59,18.81],[-62.46,18.66],[-62.12,18.73],[-62.01,18.6],[-62.15,18.42],[-61.87,18.4],[-61.5,18.29],[-61.26,18.09],[-61.04,18.19],[-60.97,18.03],[-60.7,17.71],[-60.58,17.43],[-60.07,17.28],[-59.96,17.05],[-59.6,16.92],[-59.5,16.68],[-59.63,16.57],[-59.63,16.34],[-59.36,16.14],[-59.38,15.98],[-59.12,15.82],[-58.74,15.71],[-58.66,15.59],[-58.34,15.6],[-57.82,15.39],[-57.78,15.26],[-57.45,15.22],[-57.37,15.06],[-57.45,14.88],[-57.72,14.92],[-57.69,14.69],[-57.74,14.33],[-57.72,13.92],[-57.38,14.09],[-56.97,14.19],[-56.77,14.13],[-56.7,13.86],[-56.22,13.71],[-55.87,13.5],[-55.68,13.32],[-55.27,13.3],[-54.71,12.93],[-54.48,12.92],[-54.37,12.77],[-53.93,12.74],[-53.47,12.65],[-53.33,12.69],[-52.96,12.55],[-52.63,12.55],[-52.46,12.39],[-52.67,11.86],[-52.44,11.88],[-52.29,11.77],[-51.73,11.82],[-52.1,12.01],[-52.05,12.11],[-51.1,12.14],[-50.86,12.22],[-51.12,11.64],[-50.66,11.67],[-50.44,11.58],[-50.31,11.71],[-50.06,11.66],[-49.69,11.74],[-49.8,11.93],[-50.12,11.97],[-50.28,12.23],[-50.47,12.41],[-50.67,12.39],[-50.72,12.61],[-50.93,12.65],[-50.91,12.85],[-50.62,12.84],[-50.42,12.74],[-49.85,12.62],[-49.5,12.38],[-49.2,12.3],[-49.2,12.51],[-49.44,12.48],[-49.7,12.7],[-49.95,12.72],[-50.06,12.85],[-51.05,12.96],[-51.12,13.3],[-50.98,13.35],[-51.17,13.63],[-51.33,13.6],[-51.41,13.78],[-51.67,13.85],[-51.87,13.8],[-51.89,14.02],[-51.5,14.09],[-51.51,14.21],[-51.71,14.45],[-52.21,14.4],[-52.27,14.65],[-51.96,14.72],[-52.2,14.9],[-52.36,14.84],[-52.54,14.93],[-52.91,14.93],[-53.04,15.17],[-52.86,15.25],[-52.6,15.17],[-51.88,15.15],[-51.48,15.08],[-51.57,15.55],[-51.81,15.63],[-51.62,15.78],[-52.09,16.14],[-52.21,16.11],[-52.48,16.32],[-52.75,16.28],[-52.68,16.51],[-52.68,16.68],[-52.92,16.69],[-53.14,16.6],[-53.48,16.74],[-53.4,16.91],[-53.61,17.14],[-53.59,17.57],[-53.77,17.56],[-53.64,17.08],[-53.97,17.16],[-54.07,17.04],[-54.24,17.17],[-54.17,17.33],[-54.46,17.61],[-54.62,17.52],[-55.01,17.58],[-54.84,18.14],[-54.72,18.24],[-54.8,18.48],[-54.96,18.47],[-55.29,18.71],[-55.39,18.95],[-55.66,18.94],[-55.57,19.35],[-55.39,19.43],[-55.25,19.34],[-54.98,19.33],[-54.72,19.4],[-54.72,19.54],[-54.49,19.64],[-54.11,19.5],[-54.61,19.34],[-54.61,18.87],[-54.39,18.72],[-54.27,18.95],[-54.04,19.05],[-53.97,19.17],[-53.36,18.99],[-53.41,18.79],[-53.74,18.58],[-53.26,18.5],[-53.11,18.61],[-52.81,18.33],[-52.41,18.31],[-52.48,18.45],[-52.66,18.42],[-52.82,18.68],[-52.78,18.77],[-52.35,18.73],[-52.3,18.92],[-52.46,19.01],[-52.65,18.87],[-53.02,19.08],[-53.1,19.3],[-53.26,19.1],[-53.43,19.13],[-53.65,19.43],[-53.42,19.54],[-52.84,19.48],[-52.47,19.36],[-52.45,19.53],[-52.2,19.61],[-51.86,19.54],[-51.84,19.75],[-52.13,19.65],[-52.22,19.97],[-52.05,20.2],[-52.06,20.35],[-52.57,20.47],[-52.75,20.63],[-52.55,20.76],[-52.32,20.74],[-51.84,20.59],[-51.89,20.75],[-52.24,20.81],[-52.53,20.8],[-53.09,20.93],[-54.21,20.89],[-54.23,20.99],[-53.88,21.12],[-53.53,21.1],[-53.12,21.18],[-52.91,21.31],[-52.72,21.24],[-52.56,21.34],[-52.35,21.23],[-52.1,21.26],[-51.95,21.4],[-52.2,21.55],[-52.32,21.41],[-52.61,21.5],[-52.68,21.64],[-52.92,21.6],[-53.06,21.74],[-53,21.87],[-52.51,21.89],[-52.07,21.79],[-52,21.92],[-51.5,21.98],[-51.5,21.89],[-51.19,21.84],[-51.01,22.15],[-51.12,22.43],[-50.9,22.48],[-50.59,22.22],[-50.45,22.32],[-50.65,22.47],[-50.91,22.5],[-51.03,22.62],[-51.24,22.61],[-51.44,22.71],[-51.72,22.68],[-52.34,22.73],[-52.56,23.11],[-52.16,23.34],[-52.01,23.15],[-52.21,23.03],[-51.93,22.91],[-51.75,23.26],[-51.65,23.09],[-51.47,23.14],[-51.22,23.35],[-50.94,23.15],[-50.83,23.28],[-50.54,23.28],[-50.32,23.16],[-50.18,23.34],[-50.57,23.31],[-50.77,23.6],[-50.93,23.64],[-51.02,23.89],[-51.25,23.95],[-50.93,24.14],[-50.8,23.94],[-50.06,23.88],[-49.9,23.98],[-50.64,24.24],[-50.77,24.14],[-50.92,24.32],[-50.91,24.6],[-51.26,24.55],[-51.27,24.31],[-51.65,24.4],[-51.74,24.61],[-51.52,24.73],[-51.5,24.97],[-51.35,25.01],[-51,24.8],[-50.69,24.78],[-50.87,25.04],[-51.07,25.1],[-51.27,25.01],[-51.53,25.35],[-51.52,25.63],[-51.31,25.61],[-51.22,25.75],[-51.26,26.16],[-50.92,26.19],[-50.67,26.35],[-50.48,26.76],[-50.71,26.87],[-50.76,26.42],[-51.02,26.36],[-51.16,27.36],[-51.53,27.48],[-51.56,27.64],[-51.27,27.78],[-51.17,27.55],[-50.9,27.38],[-50.83,27.49],[-50.78,27.98],[-50.56,28.05],[-50.1,27.88],[-50.08,28.01],[-50.44,28.07],[-50.59,28.2],[-50.67,28.41],[-50.86,28.24],[-51.24,28.31],[-51.23,28.48],[-51,28.56],[-50.87,28.49],[-50.71,28.85],[-50.55,28.99],[-50.59,29.47],[-50.87,29.4],[-51.34,29.38],[-51.66,29.29],[-51.92,29.58],[-51.53,29.54],[-51,29.66],[-50.63,29.81],[-50.48,29.63],[-50.28,29.59],[-50.28,29.26],[-50.05,29.46],[-50.02,29.67],[-50.22,29.73],[-50.3,29.98],[-50.43,30.1],[-50.07,30.27],[-50.28,30.38],[-50.23,30.59],[-49.99,30.65],[-49.67,30.55],[-49.55,30.43],[-49.18,30.77],[-48.96,31.2],[-48.7,31.39],[-48.61,31.25],[-48.39,31.35],[-48.04,31.13],[-47.97,31.35],[-48.47,31.46],[-49.03,31.49],[-49.75,31.42],[-50.09,31.54],[-49.55,31.73],[-49.33,31.68],[-49.06,31.75],[-48.48,31.75],[-48.26,31.66],[-47.9,31.66],[-47.71,31.54],[-47.6,31.63],[-47.54,31.87],[-47.98,31.99],[-48.16,31.81],[-48.33,32.02],[-48.81,32.07],[-48.85,32.38],[-48.96,32.52],[-49.25,32.44],[-49.4,32.51],[-49.45,32.75],[-48.94,32.76],[-48.75,32.62],[-48.54,32.79],[-48.17,32.74],[-48.04,33],[-48.46,33.28],[-48.5,33.46],[-48.26,33.79],[-48.12,33.4],[-47.88,33.22],[-47.36,33.37],[-47.59,33.48],[-47.93,33.5],[-47.96,33.65],[-47.62,33.72],[-47.14,33.58],[-46.83,33.65],[-46.45,33.95],[-46.75,34.01],[-46.93,33.78],[-47.38,33.68],[-47.53,33.85],[-48.1,33.7],[-48.26,33.83],[-48.49,33.73],[-49.02,33.61],[-49.11,33.76],[-50.36,33.59],[-50.69,33.68],[-50.74,33.87],[-50.6,33.97],[-50.86,34.51],[-51.05,34.7],[-51.11,34.91],[-51.59,35.27],[-51.87,35.37],[-52.2,35.38],[-52.48,35.62],[-52.43,35.83],[-52.5,36.33],[-52.35,36.43],[-51.91,36.39],[-51.78,36.16],[-51.59,36.24],[-51.58,36.43],[-51.34,36.62],[-51.13,36.59],[-50.98,36.2],[-50.87,36.08],[-50.62,36.1],[-50.48,35.8],[-50.72,35.59],[-51.04,35.4],[-50.75,35.05],[-50.38,35.16],[-50.29,35.36],[-50.1,35.41],[-49.7,34.94],[-49.48,35.24],[-48.96,35.31],[-48.74,35.48],[-48.48,35.49],[-48.24,35.59],[-47.95,35.57],[-47.96,35.83],[-47.83,35.96],[-47.59,35.95],[-47.44,36.11],[-47.24,36.08],[-47.02,36.17],[-46.89,36.05],[-46.66,36.13],[-46.85,36.38],[-46.77,36.59],[-46.49,36.58],[-46.15,36.82],[-45.61,36.94],[-45.41,37.06],[-45.33,36.79],[-45.76,36.76],[-45.93,36.61],[-45.69,36.51],[-45.4,36.5],[-44.95,36.65],[-44.74,36.67],[-44.74,37.05],[-44.4,37.42],[-44.13,37.4],[-44.06,37.17],[-43.66,37.53],[-43.76,37.72],[-44.08,38.04],[-44.13,38.28],[-43.86,38.31],[-43.71,38.1],[-43.53,38.31],[-42.93,38.32],[-42.26,38.28],[-41.69,38.59],[-41.05,38.63],[-41.18,38.88],[-41.38,38.68],[-41.56,38.72],[-41.61,39.06],[-41.38,38.97],[-40.94,38.98],[-40.93,39.19],[-41.28,39.22],[-41.44,39.86],[-41.26,39.98]],[[-42.05,38.74],[-41.96,38.95],[-41.66,38.78],[-41.87,38.63],[-42.05,38.74]],[[-62.01,38.61],[-61.89,38.48],[-61.99,38.28],[-61.85,37.97],[-61.98,37.65],[-62.31,37.75],[-62.43,38],[-62.77,37.96],[-62.97,38.12],[-63.47,38.25],[-63.82,38.27],[-63.78,38.43],[-63.41,38.73],[-63.26,38.93],[-62.99,38.92],[-62.8,38.61],[-62.44,38.46],[-62.28,38.6],[-62.01,38.61]],[[-61.18,37.8],[-61.36,38.13],[-61.35,38.25],[-60.97,38.36],[-60.6,38.62],[-60.36,38.59],[-60.22,38.47],[-60.07,38.06],[-61.18,37.8]],[[-44.46,37.69],[-44.32,37.85],[-43.92,37.66],[-44.27,37.62],[-44.46,37.69]],[[-59.66,37.71],[-59.51,37.59],[-59.53,37.36],[-59.94,37.18],[-60.14,36.87],[-60.36,36.89],[-60.41,37.26],[-60.16,37.44],[-60.16,37.87],[-59.66,37.71]],[[-46.32,37.3],[-46.32,37.42],[-45.85,37.54],[-45.8,37.38],[-46.23,37.24],[-46.32,37.3]],[[-45.6,37.25],[-45.45,37.4],[-45.19,37.37],[-45.21,37.11],[-45.45,37.12],[-45.6,37.25]],[[-45.04,37.09],[-45.1,37.32],[-44.83,37.35],[-44.82,37.01],[-45.04,37.09]],[[-45.11,37],[-45.04,36.71],[-45.32,36.72],[-45.11,37]],[[-48.31,36.91],[-48.19,36.66],[-48.43,36.58],[-48.51,36.74],[-48.31,36.91]],[[-47.16,36.66],[-46.99,36.6],[-46.89,36.37],[-47.24,36.39],[-47.43,36.28],[-47.76,36.41],[-47.53,36.66],[-47.16,36.66]],[[-47.86,36.44],[-47.8,36.27],[-48,36.18],[-48.05,36.4],[-47.86,36.44]],[[-48.31,36.36],[-48.16,36.15],[-48.42,36.1],[-48.46,36.26],[-48.31,36.36]],[[-49.27,36.15],[-49.55,36.17],[-49.48,36.34],[-49.27,36.31],[-49.27,36.15]],[[-49.59,36.36],[-50.05,36.29],[-49.72,36.63],[-49.5,36.64],[-49.59,36.36]],[[-57.5,37.11],[-57.45,36.79],[-57.21,36.62],[-56.93,36.56],[-57.12,36.19],[-57.44,35.81],[-57.48,35.65],[-57.81,35.7],[-57.8,35.4],[-57.48,35.47],[-57.24,35.28],[-57.01,35.25],[-56.8,35.02],[-56.64,34.68],[-56.6,34.36],[-56.84,34.37],[-57.2,34.61],[-57.6,34.97],[-57.61,35.16],[-58.03,34.92],[-58.29,35.2],[-58.3,35.42],[-58.48,35.6],[-58.73,35.46],[-58.75,35.77],[-58.24,36.05],[-57.75,36.03],[-57.77,36.26],[-57.54,36.35],[-57.65,36.61],[-57.64,36.79],[-57.76,37.16],[-57.5,37.11]],[[-56.69,35.66],[-56.61,35.86],[-56.4,35.74],[-56.47,35.33],[-56.69,35.66]],[[-52.3,35.18],[-52.06,35.12],[-52.16,34.94],[-52.41,35.05],[-52.3,35.18]],[[-51.96,34.63],[-51.94,34.78],[-51.59,34.8],[-51.53,34.58],[-51.25,34.56],[-51.26,34.28],[-51.11,34.13],[-51.48,34.06],[-51.78,34.18],[-51.92,34.35],[-51.96,34.63]],[[-52.37,34.57],[-52.19,34.39],[-52.42,34.27],[-52.64,34.38],[-52.53,34.57],[-52.37,34.57]],[[-58.69,36.06],[-58.78,36.2],[-58.58,36.32],[-58.47,36.52],[-58.1,36.73],[-57.89,36.69],[-57.78,36.5],[-57.9,36.29],[-58.15,36.29],[-58.37,36.1],[-58.69,36.06]],[[-58.81,36.66],[-59.04,36.77],[-59.03,37.1],[-58.74,37.27],[-58.65,37.18],[-58.16,37.11],[-58.18,36.84],[-58.3,36.7],[-58.67,36.81],[-58.81,36.66]],[[-60.01,36.82],[-59.9,36.45],[-60.06,36.47],[-60.13,36.73],[-60.01,36.82]],[[-59.46,37.23],[-59.22,37.03],[-59.38,36.87],[-59.65,37.12],[-59.46,37.23]],[[-48.61,36.55],[-48.47,36.41],[-48.65,36.2],[-48.81,36.52],[-48.61,36.55]],[[-61.4,37.46],[-61.39,37.64],[-61.15,37.74],[-61.07,37.58],[-61.4,37.46]],[[-61.67,38.87],[-61.6,39.09],[-61.33,39.36],[-61.03,39.38],[-60.53,39.08],[-60.28,39.08],[-60.18,38.89],[-60.31,38.7],[-60.78,38.71],[-60.98,38.81],[-61.37,38.78],[-61.67,38.87]],[[-52.1,41.04],[-51.86,40.89],[-52.13,40.7],[-52.7,40.97],[-52.5,41.11],[-52.37,40.99],[-52.1,41.04]],[[-53.11,41.11],[-53.3,41.12],[-53.41,41.31],[-53.09,41.33],[-53.11,41.11]],[[-50.99,33.97],[-50.81,33.96],[-50.95,33.65],[-51.12,33.77],[-50.99,33.97]],[[-51.51,33.65],[-51.57,33.3],[-51.83,33.09],[-51.98,33.23],[-51.71,33.57],[-51.51,33.65]],[[-50.3,33.49],[-49.97,33.41],[-49.56,33.41],[-49.28,33.24],[-48.67,33.22],[-48.51,33.15],[-48.62,32.82],[-49.08,32.81],[-49.27,33.02],[-49.38,32.82],[-49.53,32.82],[-49.52,32.46],[-49.39,32.29],[-49.12,32.37],[-49.14,32.15],[-49.76,32.09],[-49.96,32],[-50.7,32.08],[-50.71,32.27],[-51.1,32.58],[-50.62,32.72],[-50.54,32.83],[-50.86,33.05],[-51.02,33.31],[-50.66,33.48],[-50.47,33.36],[-50.3,33.49]],[[-49.94,31.94],[-49.92,31.76],[-50.31,31.71],[-50.45,31.42],[-50.67,31.39],[-50.81,31.68],[-50.7,31.78],[-50.43,31.8],[-49.94,31.94]],[[-50.53,30.93],[-50.63,30.8],[-51.34,30.72],[-51.54,31.09],[-51.27,31.01],[-50.9,31.06],[-50.68,31.22],[-50.43,31.09],[-50.22,31.2],[-50.1,31.09],[-49.92,31.3],[-49.26,31.35],[-49.03,31.12],[-49.2,30.77],[-49.42,30.68],[-50.41,30.82],[-50.53,30.93]],[[-50.86,30.58],[-50.38,30.63],[-50.41,30.39],[-50.74,30.34],[-51.41,30.3],[-51.46,30.45],[-50.86,30.58]],[[-60.79,30.39],[-61.06,30.09],[-61.27,30.17],[-61.15,30.41],[-60.79,30.39]],[[-50.71,30.2],[-50.63,30.06],[-51.01,29.88],[-51.64,29.8],[-51.61,30.01],[-51.23,30.04],[-51.05,30.19],[-50.71,30.2]],[[-51.76,30.03],[-51.75,29.9],[-52.18,29.62],[-52.4,29.86],[-52.32,29.95],[-51.76,30.03]],[[-53.4,29.74],[-53.45,29.47],[-53.9,29.59],[-53.66,29.71],[-53.4,29.74]],[[-51.53,29.11],[-51.32,29.26],[-51.22,29.11],[-51.4,28.97],[-51.53,29.11]],[[-51.06,28.99],[-50.92,29.18],[-50.72,29.1],[-50.74,28.87],[-51.02,28.78],[-51.06,28.99]],[[-51.25,28.07],[-50.92,27.82],[-50.95,27.53],[-51.12,27.58],[-51.14,27.8],[-51.37,27.9],[-51.25,28.07]],[[-51.71,28.01],[-51.61,27.78],[-51.89,27.69],[-51.91,27.97],[-51.71,28.01]],[[-64.72,27.6],[-64.4,27.44],[-64.61,27.32],[-65.04,27.55],[-65.03,27.67],[-65.35,27.72],[-65.4,27.91],[-65.06,27.91],[-65.02,27.74],[-64.8,27.73],[-64.72,27.6]],[[-51.97,27.14],[-51.78,27.22],[-51.55,27.17],[-51.57,26.99],[-51.82,26.91],[-51.97,27.14]],[[-51.46,27.23],[-51.29,27.22],[-51.24,26.81],[-51.38,26.4],[-51.66,26.37],[-51.48,26.66],[-51.46,27.23]],[[-51.79,26.5],[-51.79,26.28],[-52.03,26.38],[-52.24,26.35],[-52.46,26.51],[-52.37,26.67],[-51.79,26.5]],[[-51.44,26.16],[-51.31,25.88],[-51.41,25.68],[-51.71,25.72],[-51.73,25.91],[-51.55,26],[-51.44,26.16]],[[-51.91,25.97],[-51.78,25.72],[-51.86,25.6],[-52.15,25.54],[-52.42,25.66],[-52.74,25.69],[-52.56,25.92],[-52,25.79],[-51.91,25.97]],[[-51.96,25.41],[-51.76,25.47],[-51.71,25.17],[-52.02,25.24],[-51.96,25.41]],[[-53.14,25.15],[-53.04,24.92],[-52.78,24.91],[-52.57,25.03],[-52.36,24.76],[-53.15,24.77],[-53.34,24.67],[-53.36,25.02],[-53.14,25.15]],[[-52.64,24.21],[-52.45,24.09],[-52.46,23.91],[-52.68,23.87],[-52.72,24.14],[-52.64,24.21]],[[-51.5,23.46],[-51.8,23.39],[-51.81,23.69],[-52.02,23.82],[-51.86,23.98],[-51.72,23.89],[-51.51,23.59],[-51.5,23.46]],[[-51.17,23.37],[-51.24,23.6],[-50.98,23.64],[-50.88,23.38],[-51.17,23.37]],[[-53.38,23.19],[-53.25,23.08],[-53.44,22.93],[-53.61,23.06],[-53.38,23.19]],[[-52.85,22.94],[-52.66,22.92],[-52.59,22.6],[-52.87,22.43],[-52.93,22.75],[-52.85,22.94]],[[-51.6,22.63],[-51.27,22.56],[-51.39,22.29],[-51.63,22.19],[-52.11,22.14],[-52.41,22],[-52.83,22.09],[-52.9,22.22],[-52.56,22.47],[-52.37,22.32],[-52.23,22.48],[-51.6,22.63]],[[-53.51,21.98],[-53.47,21.79],[-53.71,21.83],[-53.71,22.06],[-53.51,21.98]],[[-56.04,21.3],[-56.15,21.08],[-56.35,21.23],[-56.32,21.35],[-56.04,21.3]],[[-54.47,21.17],[-54.29,20.94],[-54.52,20.88],[-54.47,21.17]],[[-53.02,20.8],[-52.84,20.76],[-52.87,20.52],[-53.32,20.59],[-53.3,20.76],[-53.02,20.8]],[[-54.88,20.53],[-55.06,20.44],[-55.37,20.5],[-55.63,20.45],[-55.61,20.69],[-55.76,20.98],[-55.36,20.92],[-55.02,20.74],[-54.88,20.53]],[[-53.97,20.48],[-53.87,20.23],[-53.95,20.11],[-54.38,20.11],[-54.28,19.93],[-54.13,20],[-53.96,19.87],[-53.83,19.99],[-53.63,19.97],[-53.59,19.8],[-53.76,19.73],[-53.76,19.42],[-53.9,19.42],[-54.02,19.68],[-54.4,19.71],[-54.69,19.92],[-54.93,19.78],[-55.37,20.02],[-55.8,19.96],[-55.71,20.19],[-55.28,20.21],[-54.84,20.35],[-54.43,20.38],[-54.25,20.47],[-53.97,20.48]],[[-53.43,20.41],[-53.31,20.31],[-53.4,20.14],[-53.63,20.15],[-53.43,20.41]],[[-52.59,20.38],[-52.28,20.24],[-52.42,19.94],[-52.61,20],[-52.63,20.15],[-52.86,20.13],[-52.94,20.32],[-52.59,20.38]],[[-52.78,20.06],[-52.71,19.9],[-52.46,19.82],[-52.42,19.66],[-52.76,19.64],[-52.94,19.84],[-53.14,19.87],[-53.52,19.7],[-53.54,19.98],[-52.99,20.14],[-52.78,20.06]],[[-54.77,19.64],[-54.89,19.39],[-55.15,19.42],[-55.2,19.58],[-54.77,19.64]],[[-58.67,19.54],[-58.58,19.32],[-58.75,19.04],[-58.96,19.02],[-59.1,19.17],[-59.08,19.38],[-59.33,19.31],[-59.44,19.47],[-59.26,19.67],[-59.12,19.95],[-58.89,19.92],[-58.88,19.64],[-58.67,19.54]],[[-59.69,19.61],[-59.74,19.42],[-59.95,19.37],[-60.31,19.49],[-60.24,19.67],[-60.29,19.96],[-59.72,20.25],[-59.57,20.21],[-59.54,19.93],[-59.77,19.74],[-59.69,19.61]],[[-60.59,19.84],[-60.84,19.56],[-61.08,19.49],[-61.31,19.53],[-61.35,19.77],[-61.11,19.87],[-60.59,19.84]],[[-63.9,20.46],[-64.03,20.3],[-64.28,20.37],[-64.29,20.56],[-64.04,20.56],[-63.9,20.46]],[[-58.4,20.59],[-58.18,20.78],[-58.1,21.15],[-57.8,21.3],[-57.67,21.2],[-57.36,21.31],[-57.26,21.46],[-57.07,21.3],[-57.05,21.61],[-56.64,21.65],[-56.65,21.5],[-56.83,21.33],[-56.85,20.96],[-56.99,20.88],[-57,20.65],[-57.33,20.66],[-57.17,20.38],[-56.98,20.29],[-57.14,20.01],[-57.36,20.1],[-57.48,19.84],[-58.27,20.01],[-58.37,19.82],[-58.68,19.82],[-58.69,19.93],[-58.49,20.16],[-58.34,20.16],[-58.4,20.59]],[[-56.46,21.52],[-56.49,21.75],[-56.22,21.76],[-56.27,21.54],[-56.46,21.52]],[[-56.11,21.76],[-56.16,22.01],[-55.98,21.98],[-56.11,21.76]],[[-56.14,20.81],[-55.83,20.88],[-55.9,20.66],[-56.14,20.81]],[[-56.31,20.7],[-56.13,20.6],[-56.18,20.4],[-56.47,20.47],[-56.31,20.7]],[[-56.6,20.67],[-56.75,20.53],[-56.89,20.69],[-56.8,20.8],[-56.6,20.67]],[[-54.11,20.63],[-53.98,20.76],[-53.5,20.78],[-53.53,20.57],[-53.88,20.57],[-54.11,20.63]],[[-55.4,22.28],[-55.82,22.35],[-56.28,22.51],[-55.9,22.7],[-55.87,22.58],[-55.58,22.58],[-55.31,22.4],[-55.4,22.28]],[[-71.32,22.7],[-71.58,22.62],[-71.62,22.8],[-71.32,22.7]],[[-55.26,22.72],[-55.18,22.85],[-54.98,22.82],[-55.1,22.59],[-55.26,22.72]],[[-54.66,22.74],[-54.74,22.97],[-54.36,22.97],[-54.38,23.18],[-54.26,23.4],[-54.13,23.46],[-54.03,23.12],[-53.84,22.96],[-54.36,22.78],[-54.66,22.74]],[[-53.9,24.83],[-53.66,24.98],[-53.45,24.87],[-53.62,24.74],[-53.9,24.83]],[[-64.43,25.79],[-64.91,26.06],[-65.14,26.46],[-64.97,26.52],[-64.81,26.26],[-64.49,26.34],[-64.18,26.1],[-64.36,25.99],[-64.43,25.79]],[[-66.51,26.48],[-66.66,26.43],[-66.8,26.6],[-66.4,26.74],[-66.17,26.66],[-66.2,26.52],[-66.51,26.48]],[[-67.51,26.74],[-67.43,27.03],[-67.18,27.1],[-67.01,26.9],[-67.51,26.74]],[[-66.91,26.86],[-66.86,27.14],[-66.59,27.12],[-66.75,26.89],[-66.91,26.86]],[[-53.75,27.18],[-53.53,27.17],[-53.34,27.26],[-53.19,27.08],[-53.68,27.04],[-53.75,27.18]],[[-67.27,27.27],[-67.38,27.42],[-67.23,27.54],[-67.04,27.5],[-67.08,27.29],[-67.27,27.27]],[[-67.42,27.55],[-67.7,27.56],[-67.69,27.87],[-67.46,28.2],[-67.22,28.35],[-67.06,28.23],[-67.14,27.9],[-67.32,27.77],[-67.42,27.55]],[[-67.57,28.35],[-67.77,28.51],[-67.59,28.71],[-67.44,28.53],[-67.57,28.35]],[[-63.85,28.63],[-63.72,28.7],[-63.51,28.55],[-63.69,28.46],[-63.85,28.63]],[[-62.69,28.93],[-62.85,28.85],[-62.95,29.23],[-62.52,29.31],[-62.51,29.16],[-62.69,28.93]],[[-53.68,29.15],[-53.41,29.29],[-53.37,29.09],[-53.68,29.15]],[[-52.8,29.18],[-52.73,29.29],[-52.47,29.28],[-52.5,29.12],[-52.8,29.18]],[[-64.18,28.34],[-64.36,28.27],[-64.71,28.56],[-64.46,28.61],[-64.05,28.52],[-64.18,28.34]],[[-66.41,28.06],[-66.77,28.14],[-66.96,28.27],[-66.96,28.49],[-66.8,28.5],[-66.39,28.33],[-66.22,28.17],[-66.41,28.06]],[[-66.55,27.67],[-66.35,27.4],[-66.41,27.33],[-66.75,27.32],[-66.99,27.56],[-66.82,27.71],[-66.55,27.67]],[[-65.65,27.06],[-65.72,26.7],[-65.89,26.63],[-66.04,26.75],[-66.36,26.8],[-66.27,27.04],[-66.07,27.14],[-65.89,27.05],[-65.65,27.06]],[[-65.39,26.55],[-65.49,26.25],[-65.62,26.26],[-65.61,26.57],[-65.39,26.55]],[[-66.57,26.74],[-66.54,27.13],[-66.35,27.03],[-66.55,26.88],[-66.57,26.74]],[[-64.96,25.16],[-65.02,25.05],[-65.3,25.25],[-65.15,25.36],[-64.96,25.16]],[[-53.86,23.8],[-53.75,23.93],[-53.6,23.65],[-53.83,23.64],[-53.86,23.8]],[[-52.37,23.56],[-52.27,23.74],[-52.03,23.66],[-51.99,23.51],[-52.2,23.38],[-52.37,23.56]],[[-61.46,29.66],[-61.53,29.51],[-61.8,29.65],[-61.92,29.57],[-62.18,29.66],[-62.23,29.93],[-62.12,30.03],[-61.72,29.93],[-61.46,29.66]],[[-53.38,30.06],[-53.02,30.19],[-53.06,29.98],[-53.38,30.06]],[[-60.67,30.51],[-60.81,30.63],[-60.6,30.94],[-60.51,30.78],[-60.67,30.51]],[[-58.36,31.12],[-58.23,31.25],[-58.01,30.96],[-58.02,30.81],[-58.29,30.86],[-58.36,31.12]],[[-58.75,31.78],[-59.16,32.02],[-59.02,32.27],[-58.82,32.22],[-58.6,31.96],[-58.75,31.78]],[[-59.41,32.25],[-59.39,32.06],[-59.72,31.88],[-59.97,31.89],[-59.96,32.05],[-59.52,32.28],[-59.41,32.25]],[[-54.79,32.85],[-55,32.85],[-54.89,33.25],[-54.69,33.27],[-54.63,33.1],[-54.79,32.85]],[[-51.56,32.99],[-51.43,33.16],[-50.88,32.93],[-51.04,32.73],[-51.31,32.74],[-51.36,32.9],[-51.56,32.99]],[[-52.07,32.85],[-52.09,32.71],[-52.33,32.68],[-52.24,32.91],[-52.07,32.85]],[[-52.69,33.63],[-53.05,33.6],[-52.95,33.81],[-52.69,33.63]],[[-67.33,29.34],[-67.36,29.19],[-67.61,29.24],[-67.51,29.42],[-67.33,29.34]],[[-67.35,31.13],[-67.77,31.41],[-67.5,31.43],[-67.35,31.13]],[[-55.24,17.65],[-55.38,17.47],[-55.68,17.45],[-55.62,17.62],[-55.24,17.65]],[[-54.55,17.4],[-54.28,17.38],[-54.32,17.17],[-54.62,17.21],[-54.55,17.4]],[[-58.49,17.17],[-58.97,17.25],[-58.84,17.48],[-58.27,17.53],[-58.21,17.33],[-58.49,17.17]],[[-58.07,16.47],[-58.72,16.64],[-58.69,16.9],[-58.08,16.82],[-57.34,16.49],[-56.76,16.44],[-56.23,16.27],[-55.8,16.39],[-55.5,16.34],[-55.48,16.11],[-55.76,16.08],[-55.84,15.95],[-56.26,15.94],[-56.56,15.98],[-57.02,15.97],[-57.9,16.46],[-58.07,16.47]],[[-52.25,15.63],[-52.09,15.68],[-51.94,15.52],[-52.06,15.3],[-52.31,15.36],[-52.25,15.63]],[[-52.62,14.79],[-52.36,14.55],[-52.51,14.49],[-52.7,14.57],[-52.62,14.79]],[[-52.87,14.77],[-52.76,14.58],[-52.99,14.42],[-53.32,14.46],[-53.31,14.63],[-53.12,14.69],[-52.93,14.63],[-52.87,14.77]],[[-52.85,14.33],[-52.73,14.11],[-53.02,14.12],[-53.04,14.3],[-52.85,14.33]],[[-52.1,14.3],[-51.8,14.25],[-51.8,14.11],[-52.23,14.03],[-52.27,14.26],[-52.1,14.3]],[[-52.49,14.29],[-52.32,14.23],[-52.37,14.06],[-52.65,14.06],[-52.66,14.28],[-52.49,14.29]],[[-53.37,14.06],[-53.52,13.95],[-53.68,14.03],[-53.96,13.94],[-53.96,14.11],[-53.37,14.19],[-53.37,14.06]],[[-52.97,13.82],[-52.95,13.6],[-53.16,13.59],[-53.3,13.68],[-52.97,13.82]],[[-51.99,13.45],[-51.52,13.42],[-51.38,13.14],[-51.68,13.11],[-51.99,13.45]],[[-53.17,13.14],[-53.66,13.15],[-53.65,13.37],[-53.08,13.42],[-53.02,13.31],[-53.17,13.14]],[[-50.38,35.62],[-50.36,35.79],[-50.07,35.96],[-49.76,35.74],[-49.95,35.45],[-50.21,35.62],[-50.38,35.62]]]},"properties":{"scalerank":0,"featurecla":"Bathymetry","depth":5000}},
{"type":"Feature","geometry":{"type":"Polygon","coordinates":[[[170.26,43.3],[170.49,43.4],[170.33,43.4],[170.26,43.3]]]},"properties":{"scalerank":0,"featurecla":"Bathymetry","depth":5000}},
{"type":"Feature","geometry":{"type":"Polygon","coordinates":[[[-14.8,44.13],[-14.75,44.04],[-14.68,44.13],[-14.8,44.13]]]},"properties":{"scalerank":0,"featurecla":"Bathymetry","depth":5000}},
{"type":"Feature","geometry":{"type":"Polygon","coordinates":[[[-14.83,38.74],[-14.9,38.51],[-15.26,38.64],[-15.67,39.02],[-15.59,39.12],[-15.2,39.31],[-14.67,39.31],[-14.52,39.41],[-13.88,39.51],[-13.86,39.73],[-13.54,39.81],[-13.26,39.65],[-13.14,39.86],[-12.94,39.96],[-12.12,39.79],[-11.74,39.84],[-11.64,39.74],[-11.14,39.67],[-11.07,39.88],[-11.37,39.98],[-11.42,40.15],[-11.18,40.21],[-11.26,40.54],[-11.61,40.7],[-11.7,40.88],[-11.91,40.88],[-12.02,41.11],[-12.29,41.32],[-12.17,41.66],[-12.33,42.06],[-12.93,42.52],[-12.74,43.17],[-13.14,43.11],[-13.22,43.25],[-12.83,43.58],[-12.63,43.44],[-12.64,43.29],[-11.9,43.51],[-11.29,43.58],[-11.03,43.52],[-10.82,43.73],[-11.26,44.1],[-11.66,44.22],[-11.79,43.87],[-12.02,43.78],[-12.52,43.72],[-12.59,43.57],[-12.93,43.66],[-13.36,43.38],[-14.47,43.25],[-14.65,43.16],[-14.87,43.26],[-15.05,43.08],[-15.32,43.05],[-15.4,42.77],[-15.68,42.55],[-15.97,42.52],[-16.26,42.18],[-16.59,42.12],[-16.8,42.26],[-16.52,42.45],[-16.34,42.96],[-16.65,42.71],[-16.78,42.51],[-17.19,42.46],[-17.35,42.5],[-17.73,42.09],[-18.02,41.9],[-18.2,41.95],[-18.4,41.8],[-18.63,41.93],[-18.94,41.42],[-18.91,41.28],[-19.09,41.07],[-19.3,41],[-19.29,40.35],[-19.34,39.94],[-18.98,39.7],[-18.79,39.84],[-18.62,39.72],[-18.22,39.88],[-18.6,40.25],[-18.85,40.3],[-18.87,40.45],[-18.49,40.38],[-18.47,40.59],[-18.21,40.68],[-18.01,40.31],[-17.54,40.26],[-17.28,40.43],[-16.97,40.46],[-16.9,40.18],[-16.7,40.07],[-16.93,39.83],[-17.09,39.94],[-17.28,39.74],[-16.73,39.77],[-16.62,39.86],[-16.21,39.88],[-16.16,39.68],[-16.52,39.59],[-16.87,39.58],[-17.23,39.41],[-17.61,39.09],[-17.59,38.59],[-17.83,38.44],[-17.76,37.97],[-17.59,37.77],[-17.09,37.73],[-16.9,37.8],[-16.57,37.78],[-16.29,37.88],[-16.18,38.26],[-15.86,38.18],[-15.79,38.02],[-15.34,38.23],[-14.64,37.97],[-14.3,38.16],[-14.16,38.42],[-14.17,38.58],[-13.9,38.75],[-13.96,38.93],[-14.58,38.93],[-14.83,38.74]],[[-17,38.83],[-17.15,39.13],[-16.66,39.03],[-16.52,38.9],[-17,38.83]],[[-15.59,39.84],[-15.86,39.5],[-16.08,39.62],[-15.8,39.86],[-16.01,39.9],[-16.61,40.27],[-16.65,40.81],[-16.24,40.88],[-16.16,41.35],[-15.9,41.34],[-15.58,41.47],[-14.99,41.36],[-15.02,41.18],[-15.4,41.01],[-15.55,40.81],[-15.51,40.32],[-15.3,40.43],[-15.14,40.35],[-15.2,40.07],[-15.59,39.84]],[[-16.97,40.82],[-17.19,40.98],[-17.18,41.21],[-16.98,41.3],[-16.87,41.12],[-16.97,40.82]],[[-18.52,40.89],[-18.45,41.28],[-18.28,41.22],[-18.52,40.89]],[[-14.66,40.95],[-14.58,40.69],[-14.83,40.42],[-15.05,40.42],[-15.27,40.6],[-14.86,40.9],[-14.66,40.95]],[[-14.03,40.4],[-13.94,40.66],[-13.78,40.65],[-13.78,40.38],[-14.03,40.4]],[[-14.28,40.39],[-14.09,40.27],[-13.75,40.3],[-13.78,40.03],[-14.14,40.04],[-14.52,39.94],[-14.68,40.15],[-14.51,40.32],[-14.28,40.39]],[[-17.12,41.7],[-17.18,42.05],[-16.65,41.99],[-16.85,41.7],[-17.12,41.7]],[[-15.98,42.1],[-15.79,42.13],[-15.63,41.84],[-15.95,41.88],[-15.98,42.1]]]},"properties":{"scalerank":0,"featurecla":"Bathymetry","depth":5000}},
{"type":"Feature","geometry":{"type":"Polygon","coordinates":[[[-148.63,48.19],[-148.27,48.23],[-148.44,48.34],[-148.63,48.19]]]},"properties":{"scalerank":0,"featurecla":"Bathymetry","depth":5000}},
{"type":"Feature","geometry":{"type":"Polygon","coordinates":[[[174.84,49.39],[174.68,49.32],[174.71,49.14],[174.97,49.2],[174.84,49.39]]]},"properties":{"scalerank":0,"featurecla":"Bathymetry","depth":5000}},
{"type":"Feature","geometry":{"type":"Polygon","coordinates":[[[-154.01,49.1],[-153.96,49.31],[-153.91,49.36],[-154.01,49.44],[-154.08,49.15],[-154.01,49.1]]]},"properties":{"scalerank":0,"featurecla":"Bathymetry","depth":5000}},
{"type":"Feature","geometry":{"type":"Polygon","coordinates":[[[171.67,51],[172.33,50.61],[172.43,50.44],[172.76,50.17],[172.83,49.9],[173.6,49.86],[172.82,50.5],[171.88,50.95],[171.67,51]]]},"properties":{"scalerank":0,"featurecla":"Bathymetry","depth":5000}},
{"type":"Feature","geometry":{"type":"Polygon","coordinates":[[[-14.45,-69.91],[-14.49,-69.79],[-14.66,-69.79],[-14.45,-69.91]]]},"properties":{"scalerank":0,"featurecla":"Bathymetry","depth":5000}},
{"type":"Feature","geometry":{"type":"Polygon","coordinates":[[[-0.65,-66.84],[-0.32,-66.63],[-0.74,-66.65],[-0.65,-66.84]]]},"properties":{"scalerank":0,"featurecla":"Bathymetry","depth":5000}},
{"type":"Feature","geometry":{"type":"Polygon","coordinates":[[[-10.3,-66.26],[-10.26,-66.09],[-10.14,-66.04],[-10.37,-66],[-10.43,-66.21],[-10.3,-66.26]]]},"properties":{"scalerank":0,"featurecla":"Bathymetry","depth":5000}},
{"type":"Feature","geometry":{"type":"Polygon","coordinates":[[[-10.43,-65.97],[-10.68,-65.95],[-11.02,-66.11],[-10.63,-66.15],[-10.43,-65.97]]]},"properties":{"scalerank":0,"featurecla":"Bathymetry","depth":5000}},
{"type":"Feature","geometry":{"type":"Polygon","coordinates":[[[-1.67,-65.82],[-2.13,-65.83],[-1.97,-65.92],[-1.75,-65.93],[-1.67,-65.82]]]},"properties":{"scalerank":0,"featurecla":"Bathymetry","depth":5000}},
{"type":"Feature","geometry":{"type":"Polygon","coordinates":[[[-8.16,-65.67],[-8.29,-65.55],[-8.35,-65.62],[-8.16,-65.67]]]},"properties":{"scalerank":0,"featurecla":"Bathymetry","depth":5000}},
{"type":"Feature","geometry":{"type":"Polygon","coordinates":[[[-92.31,-65.55],[-92.11,-65.38],[-92.31,-65.37],[-92.41,-65.44],[-92.31,-65.55]]]},"properties":{"scalerank":0,"featurecla":"Bathymetry","depth":5000}},
{"type":"Feature","geometry":{"type":"Polygon","coordinates":[[[-105.67,-65.38],[-105.68,-65.32],[-105.85,-65.18],[-105.89,-65.28],[-105.78,-65.36],[-105.67,-65.38]]]},"properties":{"scalerank":0,"featurecla":"Bathymetry","depth":5000}},
{"type":"Feature","geometry":{"type":"Polygon","coordinates":[[[-111.68,-65.3],[-111.71,-65.19],[-111.88,-65.35],[-111.67,-65.36],[-111.68,-65.3]]]},"properties":{"scalerank":0,"featurecla":"Bathymetry","depth":5000}},
{"type":"Feature","geometry":{"type":"Polygon","coordinates":[[[30.27,-65.32],[30.48,-65.19],[30.37,-65.14],[30.22,-65.26],[30.27,-65.32]]]},"properties":{"scalerank":0,"featurecla":"Bathymetry","depth":5000}},
{"type":"Feature","geometry":{"type":"Polygon","coordinates":[[[-19.71,-64.96],[-19.56,-65.09],[-19.39,-65.02],[-19.71,-64.96]]]},"properties":{"scalerank":0,"featurecla":"Bathymetry","depth":5000}},
{"type":"Feature","geometry":{"type":"Polygon","coordinates":[[[-111.22,-64.87],[-111.38,-64.9],[-111.43,-64.99],[-111.24,-64.97],[-111.22,-64.87]]]},"properties":{"scalerank":0,"featurecla":"Bathymetry","depth":5000}},
{"type":"Feature","geometry":{"type":"Polygon","coordinates":[[[-18.33,-65.03],[-18.85,-64.8],[-19.2,-64.99],[-18.84,-65.11],[-18.33,-65.03]]]},"properties":{"scalerank":0,"featurecla":"Bathymetry","depth":5000}},
{"type":"Feature","geometry":{"type":"Polygon","coordinates":[[[-92.12,-65.19],[-91.96,-65.09],[-92.02,-64.8],[-92.39,-64.89],[-92.12,-65.19]]]},"properties":{"scalerank":0,"featurecla":"Bathymetry","depth":5000}},
{"type":"Feature","geometry":{"type":"Polygon","coordinates":[[[37.07,-64.89],[37.18,-64.78],[37.02,-64.79],[37.07,-64.89]]]},"properties":{"scalerank":0,"featurecla":"Bathymetry","depth":5000}},
{"type":"Feature","geometry":{"type":"Polygon","coordinates":[[[-108.61,-64.67],[-108.73,-64.7],[-108.6,-64.89],[-108.49,-64.87],[-108.6,-64.78],[-108.61,-64.67]]]},"properties":{"scalerank":0,"featurecla":"Bathymetry","depth":5000}},
{"type":"Feature","geometry":{"type":"Polygon","coordinates":[[[8.78,-64.62],[8.87,-64.54],[8.82,-64.45],[8.72,-64.59],[8.78,-64.62]]]},"properties":{"scalerank":0,"featurecla":"Bathymetry","depth":5000}},
{"type":"Feature","geometry":{"type":"Polygon","coordinates":[[[-26.57,-64.61],[-26.47,-64.5],[-26.78,-64.32],[-27.18,-64.33],[-26.57,-64.61]]]},"properties":{"scalerank":0,"featurecla":"Bathymetry","depth":5000}},
{"type":"Feature","geometry":{"type":"Polygon","coordinates":[[[-117.95,-64.48],[-117.87,-64.27],[-118.15,-64.29],[-117.95,-64.48]]]},"properties":{"scalerank":0,"featurecla":"Bathymetry","depth":5000}},
{"type":"Feature","geometry":{"type":"Polygon","coordinates":[[[-127.54,-64.39],[-127.44,-64.29],[-127.51,-64.23],[-127.63,-64.33],[-127.54,-64.39]]]},"properties":{"scalerank":0,"featurecla":"Bathymetry","depth":5000}},
{"type":"Feature","geometry":{"type":"Polygon","coordinates":[[[-19.63,-64.26],[-19.47,-64.2],[-19.53,-64.15],[-19.75,-64.19],[-19.63,-64.26]]]},"properties":{"scalerank":0,"featurecla":"Bathymetry","depth":5000}},
{"type":"Feature","geometry":{"type":"Polygon","coordinates":[[[-91.51,-64.2],[-91.66,-64.1],[-91.9,-64.2],[-91.51,-64.2]]]},"properties":{"scalerank":0,"featurecla":"Bathymetry","depth":5000}},
{"type":"Feature","geometry":{"type":"Polygon","coordinates":[[[-20.73,-63.96],[-20.9,-64.06],[-20.62,-64.26],[-20.89,-64.39],[-20.91,-64.66],[-20.45,-64.88],[-20.22,-64.66],[-19.99,-64.25],[-20.02,-64.06],[-20.73,-63.96]]]},"properties":{"scalerank":0,"featurecla":"Bathymetry","depth":5000}},
{"type":"Feature","geometry":{"type":"Polygon","coordinates":[[[-118.25,-64.27],[-118.44,-64.1],[-118.6,-64.14],[-118.55,-64.33],[-118.25,-64.27]]]},"properties":{"scalerank":0,"featurecla":"Bathymetry","depth":5000}},
{"type":"Feature","geometry":{"type":"Polygon","coordinates":[[[32.83,-63.93],[33.05,-64.1],[33.14,-64.03],[33.09,-63.92],[32.83,-63.93]]]},"properties":{"scalerank":0,"featurecla":"Bathymetry","depth":5000}},
{"type":"Feature","geometry":{"type":"Polygon","coordinates":[[[-33.38,-63.7],[-33.33,-63.83],[-32.95,-63.77],[-33.38,-63.7]]]},"properties":{"scalerank":0,"featurecla":"Bathymetry","depth":5000}},
{"type":"Feature","geometry":{"type":"Polygon","coordinates":[[[-134.84,-63.95],[-135.02,-63.82],[-135.12,-63.86],[-134.84,-63.95]]]},"properties":{"scalerank":0,"featurecla":"Bathymetry","depth":5000}},
{"type":"Feature","geometry":{"type":"Polygon","coordinates":[[[-118.62,-63.66],[-118.53,-63.62],[-118.59,-63.56],[-118.74,-63.61],[-118.62,-63.66]]]},"properties":{"scalerank":0,"featurecla":"Bathymetry","depth":5000}},
{"type":"Feature","geometry":{"type":"Polygon","coordinates":[[[-24.81,-63.72],[-24.58,-63.55],[-24.98,-63.54],[-24.81,-63.72]]]},"properties":{"scalerank":0,"featurecla":"Bathymetry","depth":5000}},
{"type":"Feature","geometry":{"type":"Polygon","coordinates":[[[-122.47,-63.36],[-122.37,-63.52],[-122.16,-63.48],[-122.47,-63.36]]]},"properties":{"scalerank":0,"featurecla":"Bathymetry","depth":5000}},
{"type":"Feature","geometry":{"type":"Polygon","coordinates":[[[-28.04,-63.5],[-27.84,-63.68],[-27.57,-63.47],[-28.04,-63.5]]]},"properties":{"scalerank":0,"featurecla":"Bathymetry","depth":5000}},
{"type":"Feature","geometry":{"type":"Polygon","coordinates":[[[-25.88,-63.28],[-26.19,-63.5],[-26.64,-63.48],[-27.02,-63.6],[-27.31,-63.46],[-27.54,-63.73],[-27.17,-63.77],[-26.69,-64.18],[-25.48,-64.15],[-25.09,-63.82],[-25.25,-63.55],[-25.55,-63.33],[-25.88,-63.28]],[[-26.33,-63.6],[-26.35,-63.9],[-26.94,-63.79],[-26.89,-63.67],[-26.33,-63.6]]]},"properties":{"scalerank":0,"featurecla":"Bathymetry","depth":5000}},
{"type":"Feature","geometry":{"type":"Polygon","coordinates":[[[-132.3,-63.52],[-132.26,-63.48],[-132.58,-63.3],[-132.62,-63.38],[-132.5,-63.49],[-132.3,-63.52]]]},"properties":{"scalerank":0,"featurecla":"Bathymetry","depth":5000}},
{"type":"Feature","geometry":{"type":"Polygon","coordinates":[[[-32.71,-63.43],[-32.98,-63.41],[-33.19,-63.34],[-33.48,-63.31],[-33.58,-63.26],[-33.82,-63.28],[-33.32,-63.35],[-33.19,-63.4],[-32.71,-63.43]]]},"properties":{"scalerank":0,"featurecla":"Bathymetry","depth":5000}},
{"type":"Feature","geometry":{"type":"Polygon","coordinates":[[[-31.37,-63.24],[-31.62,-63.21],[-31.68,-63.24],[-31.46,-63.29],[-31.37,-63.24]]]},"properties":{"scalerank":0,"featurecla":"Bathymetry","depth":5000}},
{"type":"Feature","geometry":{"type":"Polygon","coordinates":[[[41.75,-63.31],[42.19,-63.22],[42,-63.2],[41.81,-63.25],[41.75,-63.31]]]},"properties":{"scalerank":0,"featurecla":"Bathymetry","depth":5000}},
{"type":"Feature","geometry":{"type":"Polygon","coordinates":[[[-18.73,-63.23],[-19.17,-63.24],[-19.31,-63.44],[-18.86,-63.53],[-18.73,-63.23]]]},"properties":{"scalerank":0,"featurecla":"Bathymetry","depth":5000}},
{"type":"Feature","geometry":{"type":"Polygon","coordinates":[[[53.92,-63.29],[53.91,-63.16],[53.79,-63.16],[53.8,-63.25],[53.92,-63.29]]]},"properties":{"scalerank":0,"featurecla":"Bathymetry","depth":5000}},
{"type":"Feature","geometry":{"type":"Polygon","coordinates":[[[-19.66,-63.07],[-19.76,-63.14],[-19.48,-63.13],[-19.44,-63.07],[-19.66,-63.07]]]},"properties":{"scalerank":0,"featurecla":"Bathymetry","depth":5000}},
{"type":"Feature","geometry":{"type":"Polygon","coordinates":[[[-127,-62.89],[-127.27,-62.88],[-127.7,-63.1],[-128.04,-63.17],[-127.93,-63.33],[-127.31,-62.95],[-127,-62.89]]]},"properties":{"scalerank":0,"featurecla":"Bathymetry","depth":5000}},
{"type":"Feature","geometry":{"type":"Polygon","coordinates":[[[-127.8,-62.81],[-128.12,-62.84],[-127.94,-62.95],[-127.8,-62.81]]]},"properties":{"scalerank":0,"featurecla":"Bathymetry","depth":5000}},
{"type":"Feature","geometry":{"type":"Polygon","coordinates":[[[-100.05,-62.89],[-99.91,-62.78],[-100.08,-62.74],[-100.05,-62.89]]]},"properties":{"scalerank":0,"featurecla":"Bathymetry","depth":5000}},
{"type":"Feature","geometry":{"type":"Polygon","coordinates":[[[-19.91,-62.8],[-19.86,-62.6],[-20.16,-62.52],[-20.59,-62.76],[-19.91,-62.8]]]},"properties":{"scalerank":0,"featurecla":"Bathymetry","depth":5000}},
{"type":"Feature","geometry":{"type":"Polygon","coordinates":[[[-18.67,-62.51],[-18.52,-62.41],[-18.83,-62.42],[-18.67,-62.51]]]},"properties":{"scalerank":0,"featurecla":"Bathymetry","depth":5000}},
{"type":"Feature","geometry":{"type":"Polygon","coordinates":[[[-21.19,-62.45],[-21.51,-62.55],[-21.49,-62.65],[-21.04,-62.51],[-21.19,-62.45]]]},"properties":{"scalerank":0,"featurecla":"Bathymetry","depth":5000}},
{"type":"Feature","geometry":{"type":"Polygon","coordinates":[[[-26.95,-62.23],[-27.1,-62.28],[-28.68,-62.3],[-28.39,-62.4],[-27.76,-62.47],[-27.48,-62.32],[-27.16,-62.5],[-26.76,-62.38],[-26.95,-62.23]]]},"properties":{"scalerank":0,"featurecla":"Bathymetry","depth":5000}},
{"type":"Feature","geometry":{"type":"Polygon","coordinates":[[[-36.53,-62.47],[-36.49,-62.36],[-36.32,-62.28],[-36.43,-62.2],[-36.62,-62.27],[-36.66,-62.43],[-36.53,-62.47]]]},"properties":{"scalerank":0,"featurecla":"Bathymetry","depth":5000}},
{"type":"Feature","geometry":{"type":"Polygon","coordinates":[[[-122.76,-62.4],[-122.61,-62.25],[-122.66,-62.22],[-122.77,-62.32],[-122.76,-62.4]]]},"properties":{"scalerank":0,"featurecla":"Bathymetry","depth":5000}},
{"type":"Feature","geometry":{"type":"Polygon","coordinates":[[[-18.29,-62.19],[-18.72,-62.06],[-18.74,-62.23],[-18.29,-62.19]]]},"properties":{"scalerank":0,"featurecla":"Bathymetry","depth":5000}},
{"type":"Feature","geometry":{"type":"Polygon","coordinates":[[[-126.99,-62.13],[-127.25,-62.21],[-127.32,-62.47],[-126.88,-62.66],[-126.48,-62.74],[-126.64,-62.31],[-126.99,-62.13]]]},"properties":{"scalerank":0,"featurecla":"Bathymetry","depth":5000}},
{"type":"Feature","geometry":{"type":"Polygon","coordinates":[[[-19.38,-61.93],[-19.66,-62.23],[-19.3,-62.41],[-19.08,-62.39],[-19.06,-62.12],[-19.38,-61.93]]]},"properties":{"scalerank":0,"featurecla":"Bathymetry","depth":5000}},
{"type":"Feature","geometry":{"type":"Polygon","coordinates":[[[-23.82,-61.87],[-23.65,-62.15],[-23.41,-62.17],[-22.84,-62.41],[-22.39,-62.52],[-21.67,-62.57],[-21.71,-62.31],[-22.49,-62.3],[-22.72,-62.16],[-23.14,-62.18],[-23.16,-61.97],[-23.82,-61.87]]]},"properties":{"scalerank":0,"featurecla":"Bathymetry","depth":5000}},
{"type":"Feature","geometry":{"type":"Polygon","coordinates":[[[-125.39,-61.86],[-125.25,-62.06],[-125.05,-61.95],[-125.26,-61.94],[-125.39,-61.86]]]},"properties":{"scalerank":0,"featurecla":"Bathymetry","depth":5000}},
{"type":"Feature","geometry":{"type":"Polygon","coordinates":[[[-127.25,-61.92],[-127.24,-61.88],[-127.51,-61.85],[-127.43,-61.93],[-127.25,-61.92]]]},"properties":{"scalerank":0,"featurecla":"Bathymetry","depth":5000}},
{"type":"Feature","geometry":{"type":"Polygon","coordinates":[[[9.06,-61.96],[9.16,-61.88],[9.07,-61.85],[8.97,-61.93],[9.06,-61.96]]]},"properties":{"scalerank":0,"featurecla":"Bathymetry","depth":5000}},
{"type":"Feature","geometry":{"type":"Polygon","coordinates":[[[-21.04,-61.9],[-21.07,-61.85],[-21.29,-61.92],[-21.14,-61.97],[-21.04,-61.9]]]},"properties":{"scalerank":0,"featurecla":"Bathymetry","depth":5000}},
{"type":"Feature","geometry":{"type":"Polygon","coordinates":[[[-25.45,-61.8],[-25.29,-61.85],[-25.24,-61.79],[-25.45,-61.8]]]},"properties":{"scalerank":0,"featurecla":"Bathymetry","depth":5000}},
{"type":"Feature","geometry":{"type":"Polygon","coordinates":[[[12.48,-61.75],[12.28,-61.79],[11.99,-61.78],[12.29,-61.9],[12.48,-61.75]]]},"properties":{"scalerank":0,"featurecla":"Bathymetry","depth":5000}},
{"type":"Feature","geometry":{"type":"Polygon","coordinates":[[[-11.02,-61.6],[-11.03,-61.49],[-11.24,-61.53],[-11.02,-61.6]]]},"properties":{"scalerank":0,"featurecla":"Bathymetry","depth":5000}},
{"type":"Feature","geometry":{"type":"Polygon","coordinates":[[[-128.33,-61.62],[-128.42,-61.5],[-128.53,-61.52],[-128.46,-61.59],[-128.33,-61.62]]]},"properties":{"scalerank":0,"featurecla":"Bathymetry","depth":5000}},
{"type":"Feature","geometry":{"type":"Polygon","coordinates":[[[57.48,-61.46],[57.39,-61.47],[57.18,-61.64],[57.41,-61.58],[57.48,-61.46]]]},"properties":{"scalerank":0,"featurecla":"Bathymetry","depth":5000}},
{"type":"Feature","geometry":{"type":"Polygon","coordinates":[[[8.38,-61.46],[8.34,-61.95],[8.74,-61.74],[8.45,-61.68],[8.38,-61.46]]]},"properties":{"scalerank":0,"featurecla":"Bathymetry","depth":5000}},
{"type":"Feature","geometry":{"type":"Polygon","coordinates":[[[-126.36,-61.39],[-126.72,-61.66],[-126.32,-61.6],[-126.36,-61.39]]]},"properties":{"scalerank":0,"featurecla":"Bathymetry","depth":5000}},
{"type":"Feature","geometry":{"type":"Polygon","coordinates":[[[-35.8,-61.3],[-36.23,-61.41],[-35.92,-61.42],[-35.8,-61.3]]]},"properties":{"scalerank":0,"featurecla":"Bathymetry","depth":5000}},
{"type":"Feature","geometry":{"type":"Polygon","coordinates":[[[-79.46,-61.34],[-79.43,-61.43],[-79.27,-61.41],[-79.31,-61.36],[-79.46,-61.34]]]},"properties":{"scalerank":0,"featurecla":"Bathymetry","depth":5000}},
{"type":"Feature","geometry":{"type":"Polygon","coordinates":[[[-125.64,-61.28],[-125.54,-61.14],[-125.71,-61.14],[-125.77,-61.22],[-125.64,-61.28]]]},"properties":{"scalerank":0,"featurecla":"Bathymetry","depth":5000}},
{"type":"Feature","geometry":{"type":"Polygon","coordinates":[[[-8.64,-61.15],[-8.79,-61.12],[-8.75,-61.22],[-8.64,-61.15]]]},"properties":{"scalerank":0,"featurecla":"Bathymetry","depth":5000}},
{"type":"Feature","geometry":{"type":"Polygon","coordinates":[[[-126.18,-61.23],[-126.21,-61.15],[-126.28,-61.12],[-126.41,-61.15],[-126.18,-61.23]]]},"properties":{"scalerank":0,"featurecla":"Bathymetry","depth":5000}},
{"type":"Feature","geometry":{"type":"Polygon","coordinates":[[[-6.93,-61.1],[-6.87,-61.02],[-7.03,-61.01],[-7.04,-61.09],[-6.93,-61.1]]]},"properties":{"scalerank":0,"featurecla":"Bathymetry","depth":5000}},
{"type":"Feature","geometry":{"type":"Polygon","coordinates":[[[-16.06,-61.03],[-16.24,-61.15],[-15.83,-61.28],[-15.51,-61.26],[-16.06,-61.03]]]},"properties":{"scalerank":0,"featurecla":"Bathymetry","depth":5000}},
{"type":"Feature","geometry":{"type":"Polygon","coordinates":[[[-58.39,-60.99],[-58.63,-60.98],[-58.96,-61.02],[-58.95,-61.05],[-58.39,-60.99]]]},"properties":{"scalerank":0,"featurecla":"Bathymetry","depth":5000}},
{"type":"Feature","geometry":{"type":"Polygon","coordinates":[[[-13.46,-60.92],[-13.58,-60.92],[-13.54,-60.98],[-13.42,-60.97],[-13.32,-61.03],[-13.27,-61],[-13.37,-60.94],[-13.46,-60.92]]]},"properties":{"scalerank":0,"featurecla":"Bathymetry","depth":5000}},
{"type":"Feature","geometry":{"type":"Polygon","coordinates":[[[-84.56,-60.88],[-84.7,-60.91],[-84.42,-60.96],[-84.44,-60.91],[-84.56,-60.88]]]},"properties":{"scalerank":0,"featurecla":"Bathymetry","depth":5000}},
{"type":"Feature","geometry":{"type":"Polygon","coordinates":[[[-21.17,-60.89],[-23.18,-60.84],[-22.99,-60.96],[-21.36,-60.94],[-21.17,-60.89]]]},"properties":{"scalerank":0,"featurecla":"Bathymetry","depth":5000}},
{"type":"Feature","geometry":{"type":"Polygon","coordinates":[[[-119.96,-61.12],[-120.15,-61.13],[-120.53,-61.09],[-120.56,-61.25],[-120.72,-61.32],[-120.48,-61.37],[-120.39,-61.18],[-120.11,-61.18],[-119.96,-61.12]]]},"properties":{"scalerank":0,"featurecla":"Bathymetry","depth":5000}},
{"type":"Feature","geometry":{"type":"Polygon","coordinates":[[[-41.07,-60.92],[-41.06,-60.82],[-41.52,-60.83],[-41.3,-60.89],[-41.07,-60.92]]]},"properties":{"scalerank":0,"featurecla":"Bathymetry","depth":5000}},
{"type":"Feature","geometry":{"type":"Polygon","coordinates":[[[-11.69,-60.84],[-11.86,-60.72],[-12.27,-60.71],[-11.93,-60.96],[-11.69,-60.84]]]},"properties":{"scalerank":0,"featurecla":"Bathymetry","depth":5000}},
{"type":"Feature","geometry":{"type":"Polygon","coordinates":[[[-40.13,-60.78],[-39.9,-60.68],[-40.25,-60.72],[-40.13,-60.78]]]},"properties":{"scalerank":0,"featurecla":"Bathymetry","depth":5000}},
{"type":"Feature","geometry":{"type":"Polygon","coordinates":[[[-121.4,-60.71],[-121.4,-60.88],[-121.26,-60.86],[-121.4,-60.71]]]},"properties":{"scalerank":0,"featurecla":"Bathymetry","depth":5000}},
{"type":"Feature","geometry":{"type":"Polygon","coordinates":[[[171.22,-60.9],[171.36,-60.84],[171.43,-60.72],[171.33,-60.71],[171.16,-60.84],[171.22,-60.9]]]},"properties":{"scalerank":0,"featurecla":"Bathymetry","depth":5000}},
{"type":"Feature","geometry":{"type":"Polygon","coordinates":[[[-15.92,-60.63],[-15.26,-60.79],[-14.83,-60.79],[-14.02,-60.92],[-13.98,-60.81],[-15.92,-60.63]]]},"properties":{"scalerank":0,"featurecla":"Bathymetry","depth":5000}},
{"type":"Feature","geometry":{"type":"Polygon","coordinates":[[[177.84,-60.7],[177.72,-60.61],[177.57,-60.66],[177.81,-60.77],[177.84,-60.7]]]},"properties":{"scalerank":0,"featurecla":"Bathymetry","depth":5000}},
{"type":"Feature","geometry":{"type":"Polygon","coordinates":[[[-91.22,-60.66],[-91.14,-60.59],[-91.33,-60.59],[-91.22,-60.66]]]},"properties":{"scalerank":0,"featurecla":"Bathymetry","depth":5000}},
{"type":"Feature","geometry":{"type":"Polygon","coordinates":[[[-82.83,-60.69],[-82.86,-60.61],[-83.21,-60.58],[-83.02,-60.74],[-82.83,-60.69]]]},"properties":{"scalerank":0,"featurecla":"Bathymetry","depth":5000}},
{"type":"Feature","geometry":{"type":"Polygon","coordinates":[[[-12.99,-60.81],[-12.94,-60.72],[-13.29,-60.53],[-13.31,-60.66],[-12.99,-60.81]]]},"properties":{"scalerank":0,"featurecla":"Bathymetry","depth":5000}},
{"type":"Feature","geometry":{"type":"Polygon","coordinates":[[[173.93,-60.48],[174.07,-60.73],[174.19,-60.78],[174.33,-60.73],[174.14,-60.65],[174.01,-60.49],[173.93,-60.48]]]},"properties":{"scalerank":0,"featurecla":"Bathymetry","depth":5000}},
{"type":"Feature","geometry":{"type":"Polygon","coordinates":[[[-118.79,-60.37],[-119.04,-60.41],[-118.76,-60.5],[-118.79,-60.37]]]},"properties":{"scalerank":0,"featurecla":"Bathymetry","depth":5000}},
{"type":"Feature","geometry":{"type":"Polygon","coordinates":[[[-85.96,-60.43],[-85.87,-60.34],[-86.04,-60.25],[-86.13,-60.27],[-85.96,-60.43]]]},"properties":{"scalerank":0,"featurecla":"Bathymetry","depth":5000}},
{"type":"Feature","geometry":{"type":"Polygon","coordinates":[[[175.81,-60.19],[175.81,-60.25],[175.92,-60.24],[175.99,-60.19],[175.81,-60.19]]]},"properties":{"scalerank":0,"featurecla":"Bathymetry","depth":5000}},
{"type":"Feature","geometry":{"type":"Polygon","coordinates":[[[16.99,-60.12],[17.02,-60.22],[17.21,-60.19],[16.99,-60.12]]]},"properties":{"scalerank":0,"featurecla":"Bathymetry","depth":5000}},
{"type":"Feature","geometry":{"type":"Polygon","coordinates":[[[-93.84,-60.26],[-94.22,-60.3],[-93.62,-60.51],[-93.56,-60.3],[-93.84,-60.26]]]},"properties":{"scalerank":0,"featurecla":"Bathymetry","depth":5000}},
{"type":"Feature","geometry":{"type":"Polygon","coordinates":[[[-104.94,-60.09],[-105.06,-60.09],[-105.16,-60.15],[-105.3,-60.32],[-105.17,-60.31],[-105.08,-60.16],[-104.94,-60.09]]]},"properties":{"scalerank":0,"featurecla":"Bathymetry","depth":5000}},
{"type":"Feature","geometry":{"type":"Polygon","coordinates":[[[-119.34,-60.22],[-119.36,-60.16],[-119.64,-60.02],[-119.4,-60.24],[-119.34,-60.22]]]},"properties":{"scalerank":0,"featurecla":"Bathymetry","depth":5000}},
{"type":"Feature","geometry":{"type":"Polygon","coordinates":[[[-87.52,-60.04],[-87.3,-60.13],[-86.98,-60.12],[-86.81,-59.96],[-87.16,-59.96],[-87.52,-60.04]]]},"properties":{"scalerank":0,"featurecla":"Bathymetry","depth":5000}},
{"type":"Feature","geometry":{"type":"Polygon","coordinates":[[[-44.62,-60.01],[-45.54,-59.98],[-45.29,-60.17],[-44.78,-60.15],[-44.28,-60.29],[-43.93,-60.25],[-43.66,-60.34],[-43.1,-60.34],[-43.43,-60.12],[-43.97,-60.19],[-44.62,-60.01]]]},"properties":{"scalerank":0,"featurecla":"Bathymetry","depth":5000}},
{"type":"Feature","geometry":{"type":"Polygon","coordinates":[[[174.96,-60.21],[174.74,-60.08],[174.74,-59.93],[174.44,-59.92],[174.63,-60.2],[175.41,-60.31],[175.34,-60.17],[174.96,-60.21]]]},"properties":{"scalerank":0,"featurecla":"Bathymetry","depth":5000}},
{"type":"Feature","geometry":{"type":"Polygon","coordinates":[[[-12.39,-60.04],[-12.16,-59.92],[-12.77,-59.93],[-12.39,-60.04]]]},"properties":{"scalerank":0,"featurecla":"Bathymetry","depth":5000}},
{"type":"Feature","geometry":{"type":"Polygon","coordinates":[[[-103.26,-59.99],[-103.27,-59.92],[-103.55,-59.88],[-103.31,-59.99],[-103.26,-59.99]]]},"properties":{"scalerank":0,"featurecla":"Bathymetry","depth":5000}},
{"type":"Feature","geometry":{"type":"Polygon","coordinates":[[[-105.24,-59.82],[-105.77,-60],[-105.74,-60.08],[-105.21,-59.97],[-105.24,-59.82]]]},"properties":{"scalerank":0,"featurecla":"Bathymetry","depth":5000}},
{"type":"Feature","geometry":{"type":"Polygon","coordinates":[[[-106.05,-59.83],[-106.19,-59.75],[-106.23,-59.86],[-106.05,-59.83]]]},"properties":{"scalerank":0,"featurecla":"Bathymetry","depth":5000}},
{"type":"Feature","geometry":{"type":"Polygon","coordinates":[[[-174.01,-59.91],[-174.06,-59.86],[-174.43,-59.78],[-174.05,-59.93],[-174.01,-59.91]]]},"properties":{"scalerank":0,"featurecla":"Bathymetry","depth":5000}},
{"type":"Feature","geometry":{"type":"Polygon","coordinates":[[[-11.35,-60.02],[-11.45,-59.81],[-11.79,-59.72],[-11.74,-59.98],[-11.35,-60.02]]]},"properties":{"scalerank":0,"featurecla":"Bathymetry","depth":5000}},
{"type":"Feature","geometry":{"type":"Polygon","coordinates":[[[-10.84,-59.67],[-11.05,-59.9],[-10.98,-60.09],[-10.52,-59.83],[-10.84,-59.67]]]},"properties":{"scalerank":0,"featurecla":"Bathymetry","depth":5000}},
{"type":"Feature","geometry":{"type":"Polygon","coordinates":[[[-127.7,-59.74],[-127.92,-59.64],[-128.01,-59.76],[-127.7,-59.74]]]},"properties":{"scalerank":0,"featurecla":"Bathymetry","depth":5000}},
{"type":"Feature","geometry":{"type":"Polygon","coordinates":[[[169.03,-59.71],[169.07,-59.8],[169.22,-59.8],[169.22,-59.68],[169.03,-59.71]]]},"properties":{"scalerank":0,"featurecla":"Bathymetry","depth":5000}},
{"type":"Feature","geometry":{"type":"Polygon","coordinates":[[[-13.31,-59.59],[-13.22,-59.62],[-12.6,-59.57],[-12.82,-59.54],[-12.84,-59.57],[-13.31,-59.59]]]},"properties":{"scalerank":0,"featurecla":"Bathymetry","depth":5000}},
{"type":"Feature","geometry":{"type":"Polygon","coordinates":[[[-99.99,-59.49],[-100.08,-59.62],[-99.99,-59.63],[-99.99,-59.49]]]},"properties":{"scalerank":0,"featurecla":"Bathymetry","depth":5000}},
{"type":"Feature","geometry":{"type":"Polygon","coordinates":[[[-163.91,-59.5],[-163.95,-59.55],[-163.65,-59.58],[-163.64,-59.54],[-163.78,-59.55],[-163.91,-59.5]]]},"properties":{"scalerank":0,"featurecla":"Bathymetry","depth":5000}},
{"type":"Feature","geometry":{"type":"Polygon","coordinates":[[[159,-59.46],[159.02,-59.51],[159.36,-59.57],[159.26,-59.49],[159,-59.46]]]},"properties":{"scalerank":0,"featurecla":"Bathymetry","depth":5000}},
{"type":"Feature","geometry":{"type":"Polygon","coordinates":[[[-78.22,-59.47],[-78.63,-59.5],[-78.3,-59.64],[-78.22,-59.47]]]},"properties":{"scalerank":0,"featurecla":"Bathymetry","depth":5000}},
{"type":"Feature","geometry":{"type":"Polygon","coordinates":[[[-120.98,-59.57],[-120.94,-59.49],[-121,-59.44],[-121.13,-59.47],[-121.09,-59.54],[-120.98,-59.57]]]},"properties":{"scalerank":0,"featurecla":"Bathymetry","depth":5000}},
{"type":"Feature","geometry":{"type":"Polygon","coordinates":[[[17.81,-59.69],[18.05,-59.58],[17.88,-59.42],[17.54,-59.48],[17.36,-59.89],[17.81,-59.69]]]},"properties":{"scalerank":0,"featurecla":"Bathymetry","depth":5000}},
{"type":"Feature","geometry":{"type":"Polygon","coordinates":[[[-90.63,-59.53],[-91.02,-59.41],[-91.06,-59.57],[-90.63,-59.53]]]},"properties":{"scalerank":0,"featurecla":"Bathymetry","depth":5000}},
{"type":"Feature","geometry":{"type":"Polygon","coordinates":[[[-97.24,-59.56],[-97.78,-59.45],[-97.92,-59.34],[-98.32,-59.51],[-97.24,-59.56]]]},"properties":{"scalerank":0,"featurecla":"Bathymetry","depth":5000}},
{"type":"Feature","geometry":{"type":"Polygon","coordinates":[[[-79.18,-59.3],[-79.65,-59.22],[-79.7,-59.33],[-79.18,-59.3]]]},"properties":{"scalerank":0,"featurecla":"Bathymetry","depth":5000}},
{"type":"Feature","geometry":{"type":"Polygon","coordinates":[[[-6.85,-59.22],[-7.01,-59.14],[-7.18,-59.29],[-6.82,-59.33],[-6.85,-59.22]]]},"properties":{"scalerank":0,"featurecla":"Bathymetry","depth":5000}},
{"type":"Feature","geometry":{"type":"Polygon","coordinates":[[[-119,-59.2],[-119.6,-59.18],[-119.37,-59.32],[-119,-59.2]]]},"properties":{"scalerank":0,"featurecla":"Bathymetry","depth":5000}},
{"type":"Feature","geometry":{"type":"Polygon","coordinates":[[[-177.34,-59.14],[-177.3,-59.25],[-176.98,-59.26],[-176.51,-59.35],[-176.4,-59.33],[-177.34,-59.14]]]},"properties":{"scalerank":0,"featurecla":"Bathymetry","depth":5000}},
{"type":"Feature","geometry":{"type":"Polygon","coordinates":[[[65.9,-59.36],[66.05,-59.26],[65.96,-59.15],[65.85,-59.34],[65.9,-59.36]]]},"properties":{"scalerank":0,"featurecla":"Bathymetry","depth":5000}},
{"type":"Feature","geometry":{"type":"Polygon","coordinates":[[[-4.47,-59.18],[-4.63,-59.18],[-4.6,-59.31],[-4.48,-59.32],[-4.32,-59.21],[-4.47,-59.18]]]},"properties":{"scalerank":0,"featurecla":"Bathymetry","depth":5000}},
{"type":"Feature","geometry":{"type":"Polygon","coordinates":[[[-121.53,-59.3],[-121.51,-59.16],[-121.68,-59.13],[-121.74,-59.25],[-121.53,-59.3]]]},"properties":{"scalerank":0,"featurecla":"Bathymetry","depth":5000}},
{"type":"Feature","geometry":{"type":"Polygon","coordinates":[[[-175.68,-59.23],[-175.25,-59.5],[-174.91,-59.33],[-175.15,-59.23],[-175.68,-59.23]]]},"properties":{"scalerank":0,"featurecla":"Bathymetry","depth":5000}},
{"type":"Feature","geometry":{"type":"Polygon","coordinates":[[[-77.73,-59.15],[-78.14,-59.11],[-78.26,-59.03],[-78.33,-59.05],[-78.22,-59.14],[-77.99,-59.17],[-77.73,-59.15]]]},"properties":{"scalerank":0,"featurecla":"Bathymetry","depth":5000}},
{"type":"Feature","geometry":{"type":"Polygon","coordinates":[[[-94.4,-58.95],[-94.32,-59.14],[-93.67,-59.39],[-93.48,-59.35],[-93,-59.5],[-92.76,-59.42],[-93.44,-59.02],[-94.18,-59.04],[-94.4,-58.95]]]},"properties":{"scalerank":0,"featurecla":"Bathymetry","depth":5000}},
{"type":"Feature","geometry":{"type":"Polygon","coordinates":[[[-168.4,-58.92],[-168.61,-59],[-168.35,-59.08],[-168.4,-58.92]]]},"properties":{"scalerank":0,"featurecla":"Bathymetry","depth":5000}},
{"type":"Feature","geometry":{"type":"Polygon","coordinates":[[[-170.62,-58.99],[-170.78,-58.89],[-170.9,-58.9],[-170.62,-58.99]]]},"properties":{"scalerank":0,"featurecla":"Bathymetry","depth":5000}},
{"type":"Feature","geometry":{"type":"Polygon","coordinates":[[[177.54,-59.32],[176.98,-59.04],[176.94,-59.22],[177.54,-59.32]]]},"properties":{"scalerank":0,"featurecla":"Bathymetry","depth":5000}},
{"type":"Feature","geometry":{"type":"Polygon","coordinates":[[[-91.57,-58.95],[-91.94,-58.8],[-92.23,-58.82],[-92.24,-59.12],[-91.96,-59.15],[-91.57,-58.95]]]},"properties":{"scalerank":0,"featurecla":"Bathymetry","depth":5000}},
{"type":"Feature","geometry":{"type":"Polygon","coordinates":[[[-131.82,-58.86],[-132.03,-58.82],[-132.28,-58.84],[-132.26,-58.92],[-131.9,-58.92],[-131.82,-58.86]]]},"properties":{"scalerank":0,"featurecla":"Bathymetry","depth":5000}},
{"type":"Feature","geometry":{"type":"Polygon","coordinates":[[[-108.87,-58.79],[-108.82,-58.95],[-108.53,-58.8],[-108.87,-58.79]]]},"properties":{"scalerank":0,"featurecla":"Bathymetry","depth":5000}},
{"type":"Feature","geometry":{"type":"Polygon","coordinates":[[[-4.07,-58.72],[-3.6,-58.87],[-3.59,-58.73],[-4.07,-58.72]]]},"properties":{"scalerank":0,"featurecla":"Bathymetry","depth":5000}},
{"type":"Feature","geometry":{"type":"Polygon","coordinates":[[[69.91,-59.1],[69.85,-58.86],[69.54,-59.02],[69.91,-59.1]]]},"properties":{"scalerank":0,"featurecla":"Bathymetry","depth":5000}},
{"type":"Feature","geometry":{"type":"Polygon","coordinates":[[[-99.07,-59.18],[-99.17,-58.94],[-99.36,-59.11],[-99.07,-59.18]]]},"properties":{"scalerank":0,"featurecla":"Bathymetry","depth":5000}},
{"type":"Feature","geometry":{"type":"Polygon","coordinates":[[[-171.05,-58.79],[-171.15,-58.67],[-171.22,-58.73],[-171.05,-58.79]]]},"properties":{"scalerank":0,"featurecla":"Bathymetry","depth":5000}},
{"type":"Feature","geometry":{"type":"Polygon","coordinates":[[[-88.79,-58.7],[-89.1,-58.75],[-88.99,-58.84],[-88.79,-58.7]]]},"properties":{"scalerank":0,"featurecla":"Bathymetry","depth":5000}},
{"type":"Feature","geometry":{"type":"Polygon","coordinates":[[[-103.63,-58.58],[-103.4,-58.71],[-103.38,-58.88],[-103.51,-59.05],[-103.29,-59.14],[-103.2,-58.94],[-103.27,-58.69],[-103.63,-58.58]]]},"properties":{"scalerank":0,"featurecla":"Bathymetry","depth":5000}},
{"type":"Feature","geometry":{"type":"Polygon","coordinates":[[[-21.19,-58.62],[-21.25,-58.54],[-21.79,-58.56],[-21.98,-58.62],[-21.19,-58.62]]]},"properties":{"scalerank":0,"featurecla":"Bathymetry","depth":5000}},
{"type":"Feature","geometry":{"type":"Polygon","coordinates":[[[61.97,-58.54],[61.72,-58.51],[61.73,-58.6],[61.97,-58.54]]]},"properties":{"scalerank":0,"featurecla":"Bathymetry","depth":5000}},
{"type":"Feature","geometry":{"type":"Polygon","coordinates":[[[2.62,-58.7],[2.73,-58.58],[2.42,-58.53],[2.43,-58.71],[2.62,-58.7]]]},"properties":{"scalerank":0,"featurecla":"Bathymetry","depth":5000}},
{"type":"Feature","geometry":{"type":"Polygon","coordinates":[[[-78.31,-58.63],[-78.29,-58.8],[-77.62,-58.94],[-77.17,-58.92],[-77.06,-58.73],[-78.31,-58.63]]]},"properties":{"scalerank":0,"featurecla":"Bathymetry","depth":5000}},
{"type":"Feature","geometry":{"type":"Polygon","coordinates":[[[-104.05,-58.46],[-104.47,-58.66],[-103.99,-58.68],[-104.05,-58.46]]]},"properties":{"scalerank":0,"featurecla":"Bathymetry","depth":5000}},
{"type":"Feature","geometry":{"type":"Polygon","coordinates":[[[-171.62,-58.55],[-171.86,-58.41],[-171.94,-58.47],[-171.62,-58.55]]]},"properties":{"scalerank":0,"featurecla":"Bathymetry","depth":5000}},
{"type":"Feature","geometry":{"type":"Polygon","coordinates":[[[-96.67,-58.66],[-96.87,-58.54],[-96.99,-58.8],[-96.67,-58.66]]]},"properties":{"scalerank":0,"featurecla":"Bathymetry","depth":5000}},
{"type":"Feature","geometry":{"type":"Polygon","coordinates":[[[-174.62,-58.34],[-175.47,-58.35],[-175.66,-58.62],[-175.58,-58.97],[-174.61,-58.84],[-174.86,-59.14],[-174.6,-59.19],[-174.19,-59.06],[-174.27,-58.77],[-173.95,-58.75],[-173.89,-59.01],[-173.31,-58.92],[-173.74,-58.77],[-173.83,-58.54],[-174.18,-58.54],[-174.62,-58.34]]]},"properties":{"scalerank":0,"featurecla":"Bathymetry","depth":5000}},
{"type":"Feature","geometry":{"type":"Polygon","coordinates":[[[59.89,-58.49],[60.13,-58.31],[60.01,-58.31],[59.81,-58.42],[59.89,-58.49]]]},"properties":{"scalerank":0,"featurecla":"Bathymetry","depth":5000}},
{"type":"Feature","geometry":{"type":"Polygon","coordinates":[[[162.83,-58.5],[162.32,-58.61],[162.32,-58.82],[162.73,-58.74],[162.83,-58.5]]]},"properties":{"scalerank":0,"featurecla":"Bathymetry","depth":5000}},
{"type":"Feature","geometry":{"type":"Polygon","coordinates":[[[-114.46,-58.3],[-115.07,-58.34],[-114.73,-58.46],[-114.46,-58.3]]]},"properties":{"scalerank":0,"featurecla":"Bathymetry","depth":5000}},
{"type":"Feature","geometry":{"type":"Polygon","coordinates":[[[-169.8,-58.27],[-169.68,-58.39],[-169.49,-58.44],[-169.63,-58.29],[-169.8,-58.27]]]},"properties":{"scalerank":0,"featurecla":"Bathymetry","depth":5000}},
{"type":"Feature","geometry":{"type":"Polygon","coordinates":[[[-95.23,-58.17],[-95.38,-58.07],[-95.86,-58.1],[-95.83,-58.21],[-95.23,-58.17]]]},"properties":{"scalerank":0,"featurecla":"Bathymetry","depth":5000}},
{"type":"Feature","geometry":{"type":"Polygon","coordinates":[[[-80.62,-58.08],[-81.02,-58.08],[-81.21,-58.33],[-80.62,-58.08]]]},"properties":{"scalerank":0,"featurecla":"Bathymetry","depth":5000}},
{"type":"Feature","geometry":{"type":"Polygon","coordinates":[[[-82.11,-58.02],[-82.37,-58.26],[-82.15,-58.39],[-81.91,-58.25],[-82.13,-58.18],[-82.11,-58.02]]]},"properties":{"scalerank":0,"featurecla":"Bathymetry","depth":5000}},
{"type":"Feature","geometry":{"type":"Polygon","coordinates":[[[-16.15,-58.13],[-16.37,-58.1],[-16.48,-58.02],[-16.64,-58.12],[-16.15,-58.13]]]},"properties":{"scalerank":0,"featurecla":"Bathymetry","depth":5000}},
{"type":"Feature","geometry":{"type":"Polygon","coordinates":[[[-8.83,-58.06],[-9.77,-58.01],[-12.2,-58.17],[-12.49,-58.27],[-10.53,-58.15],[-8.83,-58.06]]]},"properties":{"scalerank":0,"featurecla":"Bathymetry","depth":5000}},
{"type":"Feature","geometry":{"type":"Polygon","coordinates":[[[-98.29,-58.04],[-98.44,-57.97],[-98.55,-58.01],[-98.4,-58.05],[-98.29,-58.04]]]},"properties":{"scalerank":0,"featurecla":"Bathymetry","depth":5000}},
{"type":"Feature","geometry":{"type":"Polygon","coordinates":[[[-20.91,-57.98],[-20.99,-58.09],[-20.63,-58.1],[-20.75,-57.98],[-20.91,-57.98]]]},"properties":{"scalerank":0,"featurecla":"Bathymetry","depth":5000}},
{"type":"Feature","geometry":{"type":"Polygon","coordinates":[[[-109.43,-57.94],[-109.25,-58.03],[-109.03,-57.98],[-109.43,-57.94]]]},"properties":{"scalerank":0,"featurecla":"Bathymetry","depth":5000}},
{"type":"Feature","geometry":{"type":"Polygon","coordinates":[[[-89.27,-58],[-89.62,-57.91],[-89.74,-58.02],[-89.27,-58]]]},"properties":{"scalerank":0,"featurecla":"Bathymetry","depth":5000}},
{"type":"Feature","geometry":{"type":"Polygon","coordinates":[[[-16.96,-58.04],[-17.26,-57.91],[-17.39,-58.01],[-16.96,-58.04]]]},"properties":{"scalerank":0,"featurecla":"Bathymetry","depth":5000}},
{"type":"Feature","geometry":{"type":"Polygon","coordinates":[[[-81.77,-57.88],[-81.93,-57.75],[-82.01,-57.82],[-81.77,-57.88]]]},"properties":{"scalerank":0,"featurecla":"Bathymetry","depth":5000}},
{"type":"Feature","geometry":{"type":"Polygon","coordinates":[[[-99.17,-57.74],[-99.31,-57.74],[-99.32,-57.97],[-99,-57.89],[-99.17,-57.74]]]},"properties":{"scalerank":0,"featurecla":"Bathymetry","depth":5000}},
{"type":"Feature","geometry":{"type":"Polygon","coordinates":[[[-17.74,-57.83],[-18.01,-57.68],[-18.15,-57.72],[-17.98,-57.85],[-17.74,-57.83]]]},"properties":{"scalerank":0,"featurecla":"Bathymetry","depth":5000}},
{"type":"Feature","geometry":{"type":"Polygon","coordinates":[[[-173.98,-57.67],[-173.93,-57.72],[-173.96,-57.85],[-173.84,-57.83],[-173.82,-57.7],[-173.98,-57.67]]]},"properties":{"scalerank":0,"featurecla":"Bathymetry","depth":5000}},
{"type":"Feature","geometry":{"type":"Polygon","coordinates":[[[162.45,-57.59],[162.85,-57.87],[163.13,-57.77],[162.99,-57.62],[162.45,-57.59]]]},"properties":{"scalerank":0,"featurecla":"Bathymetry","depth":5000}},
{"type":"Feature","geometry":{"type":"Polygon","coordinates":[[[-174.82,-57.91],[-174.96,-57.65],[-175.26,-57.79],[-174.78,-57.98],[-174.5,-57.93],[-174.23,-58.13],[-173.97,-58.1],[-173.73,-58.31],[-173.49,-58.13],[-174.26,-58.01],[-174.48,-57.87],[-174.82,-57.91]]]},"properties":{"scalerank":0,"featurecla":"Bathymetry","depth":5000}},
{"type":"Feature","geometry":{"type":"Polygon","coordinates":[[[88.08,-57.77],[88.1,-57.67],[87.92,-57.63],[87.98,-57.75],[88.08,-57.77]]]},"properties":{"scalerank":0,"featurecla":"Bathymetry","depth":5000}},
{"type":"Feature","geometry":{"type":"Polygon","coordinates":[[[66.41,-57.58],[65.76,-57.74],[66.01,-57.83],[66.41,-57.58]]]},"properties":{"scalerank":0,"featurecla":"Bathymetry","depth":5000}},
{"type":"Feature","geometry":{"type":"Polygon","coordinates":[[[-99.75,-57.78],[-99.7,-57.65],[-100.06,-57.59],[-99.96,-57.72],[-99.75,-57.78]]]},"properties":{"scalerank":0,"featurecla":"Bathymetry","depth":5000}},
{"type":"Feature","geometry":{"type":"Polygon","coordinates":[[[-90.61,-57.83],[-90.77,-57.58],[-90.91,-57.62],[-90.61,-57.83]]]},"properties":{"scalerank":0,"featurecla":"Bathymetry","depth":5000}},
{"type":"Feature","geometry":{"type":"Polygon","coordinates":[[[-97.82,-57.91],[-97.92,-57.72],[-97.99,-57.82],[-97.82,-57.91]]]},"properties":{"scalerank":0,"featurecla":"Bathymetry","depth":5000}},
{"type":"Feature","geometry":{"type":"Polygon","coordinates":[[[-22.88,-57.52],[-22.55,-57.67],[-22.2,-57.67],[-22.44,-57.54],[-22.66,-57.58],[-22.88,-57.52]]]},"properties":{"scalerank":0,"featurecla":"Bathymetry","depth":5000}},
{"type":"Feature","geometry":{"type":"Polygon","coordinates":[[[-164.56,-57.57],[-164.64,-57.53],[-164.79,-57.58],[-164.63,-57.63],[-164.56,-57.57]]]},"properties":{"scalerank":0,"featurecla":"Bathymetry","depth":5000}},
{"type":"Feature","geometry":{"type":"Polygon","coordinates":[[[163.55,-57.42],[163.71,-57.81],[163.72,-58.14],[163.56,-58.39],[163.8,-58.58],[164.16,-59.14],[164.16,-59.3],[164.54,-59.34],[164.04,-58.78],[163.87,-57.72],[163.72,-57.44],[163.55,-57.42]]]},"properties":{"scalerank":0,"featurecla":"Bathymetry","depth":5000}},
{"type":"Feature","geometry":{"type":"Polygon","coordinates":[[[164.16,-57.53],[164.2,-57.42],[164.04,-57.43],[164.16,-57.53]]]},"properties":{"scalerank":0,"featurecla":"Bathymetry","depth":5000}},
{"type":"Feature","geometry":{"type":"Polygon","coordinates":[[[-96.94,-57.53],[-96.75,-57.4],[-96.87,-57.38],[-96.99,-57.47],[-96.94,-57.53]]]},"properties":{"scalerank":0,"featurecla":"Bathymetry","depth":5000}},
{"type":"Feature","geometry":{"type":"Polygon","coordinates":[[[-18.91,-57.56],[-19.18,-57.34],[-19.63,-57.34],[-19.25,-57.6],[-18.91,-57.56]]]},"properties":{"scalerank":0,"featurecla":"Bathymetry","depth":5000}},
{"type":"Feature","geometry":{"type":"Polygon","coordinates":[[[-173.39,-57.38],[-173.53,-57.6],[-173.13,-57.66],[-173.39,-57.38]]]},"properties":{"scalerank":0,"featurecla":"Bathymetry","depth":5000}},
{"type":"Feature","geometry":{"type":"Polygon","coordinates":[[[-174.4,-57.41],[-174.46,-57.3],[-174.57,-57.35],[-174.4,-57.41]]]},"properties":{"scalerank":0,"featurecla":"Bathymetry","depth":5000}},
{"type":"Feature","geometry":{"type":"Polygon","coordinates":[[[-82.44,-57.43],[-82.85,-57.21],[-83.16,-57.31],[-82.61,-57.36],[-82.44,-57.43]]]},"properties":{"scalerank":0,"featurecla":"Bathymetry","depth":5000}},
{"type":"Feature","geometry":{"type":"Polygon","coordinates":[[[-114.65,-57.15],[-114.91,-57.22],[-114.65,-57.43],[-113.47,-57.48],[-113.23,-57.58],[-112.54,-57.6],[-112.06,-57.84],[-111.76,-57.71],[-111.07,-57.7],[-110.71,-57.91],[-110.16,-57.84],[-110.5,-57.67],[-111.12,-57.6],[-111.84,-57.58],[-112.63,-57.43],[-113.14,-57.41],[-114.02,-57.22],[-114.65,-57.15]]]},"properties":{"scalerank":0,"featurecla":"Bathymetry","depth":5000}},
{"type":"Feature","geometry":{"type":"Polygon","coordinates":[[[-17.95,-57.31],[-17.84,-57.19],[-18.03,-57.16],[-17.95,-57.31]]]},"properties":{"scalerank":0,"featurecla":"Bathymetry","depth":5000}},
{"type":"Feature","geometry":{"type":"Polygon","coordinates":[[[-164.9,-57.43],[-164.93,-57.3],[-165.02,-57.25],[-165,-57.43],[-164.9,-57.43]]]},"properties":{"scalerank":0,"featurecla":"Bathymetry","depth":5000}},
{"type":"Feature","geometry":{"type":"Polygon","coordinates":[[[19.18,-57.46],[19.46,-57.12],[19.2,-57.12],[19.18,-57.46]]]},"properties":{"scalerank":0,"featurecla":"Bathymetry","depth":5000}},
{"type":"Feature","geometry":{"type":"Polygon","coordinates":[[[-21.78,-57.13],[-21.94,-57.13],[-21.84,-57.46],[-21.61,-57.28],[-21.78,-57.13]]]},"properties":{"scalerank":0,"featurecla":"Bathymetry","depth":5000}},
{"type":"Feature","geometry":{"type":"Polygon","coordinates":[[[-118.67,-56.99],[-118.18,-57.24],[-117.67,-57.31],[-116.26,-57.65],[-116.06,-57.83],[-115.53,-57.94],[-115.56,-57.67],[-116.11,-57.48],[-116.3,-57.48],[-118.25,-57.02],[-118.67,-56.99]]]},"properties":{"scalerank":0,"featurecla":"Bathymetry","depth":5000}},
{"type":"Feature","geometry":{"type":"Polygon","coordinates":[[[-175.99,-57.02],[-176.26,-57.1],[-176.04,-57.35],[-175.85,-57.31],[-175.99,-57.02]]]},"properties":{"scalerank":0,"featurecla":"Bathymetry","depth":5000}},
{"type":"Feature","geometry":{"type":"Polygon","coordinates":[[[-75.15,-57.08],[-75.78,-56.97],[-75.8,-57.15],[-75.51,-57.08],[-75.15,-57.08]]]},"properties":{"scalerank":0,"featurecla":"Bathymetry","depth":5000}},
{"type":"Feature","geometry":{"type":"Polygon","coordinates":[[[60,-57.17],[59.96,-56.95],[59.8,-56.94],[60,-57.17]]]},"properties":{"scalerank":0,"featurecla":"Bathymetry","depth":5000}},
{"type":"Feature","geometry":{"type":"Polygon","coordinates":[[[6.77,-57.04],[6.7,-56.93],[6.49,-57.05],[6.77,-57.04]]]},"properties":{"scalerank":0,"featurecla":"Bathymetry","depth":5000}},
{"type":"Feature","geometry":{"type":"Polygon","coordinates":[[[-171.96,-57.07],[-171.93,-57.32],[-171.6,-57.24],[-171.87,-57.19],[-171.96,-57.07]]]},"properties":{"scalerank":0,"featurecla":"Bathymetry","depth":5000}},
{"type":"Feature","geometry":{"type":"Polygon","coordinates":[[[3.95,-57.07],[4.22,-56.88],[4.07,-56.91],[3.95,-57.02],[3.95,-57.07]]]},"properties":{"scalerank":0,"featurecla":"Bathymetry","depth":5000}},
{"type":"Feature","geometry":{"type":"Polygon","coordinates":[[[-82.78,-57.07],[-82.75,-56.88],[-82.94,-56.86],[-82.95,-57.01],[-82.78,-57.07]]]},"properties":{"scalerank":0,"featurecla":"Bathymetry","depth":5000}},
{"type":"Feature","geometry":{"type":"Polygon","coordinates":[[[-96.53,-56.9],[-96.71,-56.83],[-96.85,-57],[-96.62,-57.02],[-96.53,-56.9]]]},"properties":{"scalerank":0,"featurecla":"Bathymetry","depth":5000}},
{"type":"Feature","geometry":{"type":"Polygon","coordinates":[[[-98.45,-57.46],[-97.95,-57.06],[-97.74,-56.95],[-98.07,-56.82],[-98.45,-57.46]]]},"properties":{"scalerank":0,"featurecla":"Bathymetry","depth":5000}},
{"type":"Feature","geometry":{"type":"Polygon","coordinates":[[[61.32,-56.76],[61.21,-56.92],[61.42,-57.01],[61.38,-57.29],[61.58,-57.26],[61.56,-57.1],[61.32,-56.76]]]},"properties":{"scalerank":0,"featurecla":"Bathymetry","depth":5000}},
{"type":"Feature","geometry":{"type":"Polygon","coordinates":[[[60.32,-57.03],[60.38,-56.9],[60.22,-56.86],[60.25,-57],[60.32,-57.03]]]},"properties":{"scalerank":0,"featurecla":"Bathymetry","depth":5000}},
{"type":"Feature","geometry":{"type":"Polygon","coordinates":[[[-48.62,-56.83],[-48.69,-56.74],[-48.93,-56.82],[-48.62,-56.83]]]},"properties":{"scalerank":0,"featurecla":"Bathymetry","depth":5000}},
{"type":"Feature","geometry":{"type":"Polygon","coordinates":[[[-81.79,-56.82],[-82.03,-57.1],[-81.82,-57.4],[-81.79,-56.82]]]},"properties":{"scalerank":0,"featurecla":"Bathymetry","depth":5000}},
{"type":"Feature","geometry":{"type":"Polygon","coordinates":[[[42.12,-56.71],[42.34,-56.86],[42.34,-56.71],[42.12,-56.71]]]},"properties":{"scalerank":0,"featurecla":"Bathymetry","depth":5000}},
{"type":"Feature","geometry":{"type":"Polygon","coordinates":[[[-166.98,-56.77],[-166.78,-56.88],[-166.66,-56.77],[-166.98,-56.77]]]},"properties":{"scalerank":0,"featurecla":"Bathymetry","depth":5000}},
{"type":"Feature","geometry":{"type":"Polygon","coordinates":[[[-170.76,-56.88],[-170.57,-56.86],[-170.52,-56.69],[-170.65,-56.7],[-170.76,-56.88]]]},"properties":{"scalerank":0,"featurecla":"Bathymetry","depth":5000}},
{"type":"Feature","geometry":{"type":"Polygon","coordinates":[[[-171.58,-56.92],[-171.48,-56.69],[-171.71,-56.66],[-171.58,-56.92]]]},"properties":{"scalerank":0,"featurecla":"Bathymetry","depth":5000}},
{"type":"Feature","geometry":{"type":"Polygon","coordinates":[[[-17.7,-56.63],[-17.87,-56.65],[-17.84,-56.81],[-17.67,-56.68],[-17.7,-56.63]]]},"properties":{"scalerank":0,"featurecla":"Bathymetry","depth":5000}},
{"type":"Feature","geometry":{"type":"Polygon","coordinates":[[[-172.3,-56.77],[-172.26,-56.7],[-172.4,-56.71],[-172.42,-56.76],[-172.3,-56.77]]]},"properties":{"scalerank":0,"featurecla":"Bathymetry","depth":5000}},
{"type":"Feature","geometry":{"type":"Polygon","coordinates":[[[-18.91,-56.83],[-18.86,-56.66],[-18.98,-56.64],[-19.05,-56.83],[-18.91,-56.83]]]},"properties":{"scalerank":0,"featurecla":"Bathymetry","depth":5000}},
{"type":"Feature","geometry":{"type":"Polygon","coordinates":[[[7.58,-56.68],[7.73,-56.66],[7.83,-56.6],[7.85,-56.51],[7.62,-56.62],[7.58,-56.68]]]},"properties":{"scalerank":0,"featurecla":"Bathymetry","depth":5000}},
{"type":"Feature","geometry":{"type":"Polygon","coordinates":[[[-168.94,-56.69],[-168.77,-56.64],[-168.82,-56.53],[-168.98,-56.55],[-168.94,-56.69]]]},"properties":{"scalerank":0,"featurecla":"Bathymetry","depth":5000}},
{"type":"Feature","geometry":{"type":"Polygon","coordinates":[[[-19.61,-57.02],[-19.73,-56.75],[-20.09,-56.46],[-20.28,-56.59],[-19.97,-56.69],[-19.87,-57],[-19.61,-57.02]]]},"properties":{"scalerank":0,"featurecla":"Bathymetry","depth":5000}},
{"type":"Feature","geometry":{"type":"Polygon","coordinates":[[[-168.1,-56.42],[-168.26,-56.5],[-167.98,-56.59],[-168.1,-56.42]]]},"properties":{"scalerank":0,"featurecla":"Bathymetry","depth":5000}},
{"type":"Feature","geometry":{"type":"Polygon","coordinates":[[[-171.74,-56.57],[-171.9,-56.57],[-171.86,-56.67],[-171.74,-56.66],[-171.74,-56.57]]]},"properties":{"scalerank":0,"featurecla":"Bathymetry","depth":5000}},
{"type":"Feature","geometry":{"type":"Polygon","coordinates":[[[61.96,-56.45],[61.76,-56.36],[61.69,-56.49],[61.96,-56.45]]]},"properties":{"scalerank":0,"featurecla":"Bathymetry","depth":5000}},
{"type":"Feature","geometry":{"type":"Polygon","coordinates":[[[82.27,-56.58],[82.31,-56.49],[81.86,-56.34],[81.81,-56.42],[82.27,-56.58]]]},"properties":{"scalerank":0,"featurecla":"Bathymetry","depth":5000}},
{"type":"Feature","geometry":{"type":"Polygon","coordinates":[[[4.72,-56.63],[5.07,-56.45],[4.88,-56.36],[4.72,-56.63]]]},"properties":{"scalerank":0,"featurecla":"Bathymetry","depth":5000}},
{"type":"Feature","geometry":{"type":"Polygon","coordinates":[[[8.93,-56.41],[8.96,-56.34],[8.77,-56.34],[8.83,-56.42],[8.93,-56.41]]]},"properties":{"scalerank":0,"featurecla":"Bathymetry","depth":5000}},
{"type":"Feature","geometry":{"type":"Polygon","coordinates":[[[44.47,-56.19],[44.29,-56.15],[44.11,-56.18],[44.45,-56.23],[44.47,-56.19]]]},"properties":{"scalerank":0,"featurecla":"Bathymetry","depth":5000}},
{"type":"Feature","geometry":{"type":"Polygon","coordinates":[[[163.03,-57.34],[163.06,-57.02],[162.66,-56.14],[162.39,-56.31],[162.71,-56.75],[162.77,-57.1],[163.03,-57.34]]]},"properties":{"scalerank":0,"featurecla":"Bathymetry","depth":5000}},
{"type":"Feature","geometry":{"type":"Polygon","coordinates":[[[7.53,-56.27],[7.68,-56.26],[7.77,-56.19],[7.7,-56.15],[7.59,-56.19],[7.53,-56.27]]]},"properties":{"scalerank":0,"featurecla":"Bathymetry","depth":5000}},
{"type":"Feature","geometry":{"type":"Polygon","coordinates":[[[-53.32,-56.14],[-53.33,-56.23],[-53.16,-56.21],[-53.32,-56.14]]]},"properties":{"scalerank":0,"featurecla":"Bathymetry","depth":5000}},
{"type":"Feature","geometry":{"type":"Polygon","coordinates":[[[-169.61,-56.29],[-169.46,-56.19],[-169.64,-56.2],[-169.61,-56.29]]]},"properties":{"scalerank":0,"featurecla":"Bathymetry","depth":5000}},
{"type":"Feature","geometry":{"type":"Polygon","coordinates":[[[163.63,-57.09],[163.58,-56.11],[163.41,-56.23],[163.49,-56.44],[163.53,-57.03],[163.63,-57.09]]]},"properties":{"scalerank":0,"featurecla":"Bathymetry","depth":5000}},
{"type":"Feature","geometry":{"type":"Polygon","coordinates":[[[-168.41,-56.05],[-168.16,-56.21],[-167.93,-56.16],[-168.19,-56.05],[-168.41,-56.05]]]},"properties":{"scalerank":0,"featurecla":"Bathymetry","depth":5000}},
{"type":"Feature","geometry":{"type":"Polygon","coordinates":[[[-18.86,-56.32],[-18.82,-55.99],[-19,-55.95],[-19.39,-56.34],[-18.86,-56.32]]]},"properties":{"scalerank":0,"featurecla":"Bathymetry","depth":5000}},
{"type":"Feature","geometry":{"type":"Polygon","coordinates":[[[56.06,-56.02],[55.81,-55.91],[55.62,-56.06],[56.08,-56.11],[56.06,-56.02]]]},"properties":{"scalerank":0,"featurecla":"Bathymetry","depth":5000}},
{"type":"Feature","geometry":{"type":"Polygon","coordinates":[[[18.26,-55.81],[17.93,-55.82],[18.01,-55.98],[18.25,-55.97],[18.26,-55.81]]]},"properties":{"scalerank":0,"featurecla":"Bathymetry","depth":5000}},
{"type":"Feature","geometry":{"type":"Polygon","coordinates":[[[-82.87,-56.04],[-83.04,-55.84],[-83.16,-56.14],[-82.87,-56.04]]]},"properties":{"scalerank":0,"featurecla":"Bathymetry","depth":5000}},
{"type":"Feature","geometry":{"type":"Polygon","coordinates":[[[-80.28,-55.7],[-80.6,-55.74],[-80.49,-55.82],[-80.28,-55.7]]]},"properties":{"scalerank":0,"featurecla":"Bathymetry","depth":5000}},
{"type":"Feature","geometry":{"type":"Polygon","coordinates":[[[-169.45,-55.92],[-169.34,-55.86],[-169.32,-55.74],[-169.51,-55.76],[-169.45,-55.92]]]},"properties":{"scalerank":0,"featurecla":"Bathymetry","depth":5000}},
{"type":"Feature","geometry":{"type":"Polygon","coordinates":[[[83.34,-55.73],[83.07,-55.68],[83.02,-55.75],[83.34,-55.73]]]},"properties":{"scalerank":0,"featurecla":"Bathymetry","depth":5000}},
{"type":"Feature","geometry":{"type":"Polygon","coordinates":[[[-85.39,-55.9],[-85.55,-56.03],[-85.31,-56.09],[-85.24,-55.94],[-85.39,-55.9]]]},"properties":{"scalerank":0,"featurecla":"Bathymetry","depth":5000}},
{"type":"Feature","geometry":{"type":"Polygon","coordinates":[[[-168.31,-55.73],[-168.38,-55.65],[-168.51,-55.71],[-168.31,-55.73]]]},"properties":{"scalerank":0,"featurecla":"Bathymetry","depth":5000}},
{"type":"Feature","geometry":{"type":"Polygon","coordinates":[[[-20.88,-55.8],[-20.87,-55.72],[-21.1,-55.61],[-21.1,-55.7],[-20.88,-55.8]]]},"properties":{"scalerank":0,"featurecla":"Bathymetry","depth":5000}},
{"type":"Feature","geometry":{"type":"Polygon","coordinates":[[[11.11,-55.92],[11.21,-55.68],[11.02,-55.82],[11.11,-55.92]]]},"properties":{"scalerank":0,"featurecla":"Bathymetry","depth":5000}},
{"type":"Feature","geometry":{"type":"Polygon","coordinates":[[[-172.51,-55.67],[-172.59,-55.53],[-173.14,-55.58],[-172.97,-56.17],[-172.69,-56.39],[-172.87,-56.74],[-172.34,-56.57],[-172.26,-56.38],[-172.51,-56.23],[-171.96,-55.87],[-172.51,-55.67]]]},"properties":{"scalerank":0,"featurecla":"Bathymetry","depth":5000}},
{"type":"Feature","geometry":{"type":"Polygon","coordinates":[[[163.92,-55.94],[163.78,-56.18],[163.88,-56.54],[164.5,-56.45],[164.73,-55.93],[164.22,-55.83],[163.92,-55.94]]]},"properties":{"scalerank":0,"featurecla":"Bathymetry","depth":5000}},
{"type":"Feature","geometry":{"type":"Polygon","coordinates":[[[-84.82,-55.58],[-84.78,-55.4],[-84.91,-55.39],[-84.82,-55.58]]]},"properties":{"scalerank":0,"featurecla":"Bathymetry","depth":5000}},
{"type":"Feature","geometry":{"type":"Polygon","coordinates":[[[84.43,-55.32],[84.17,-55.3],[84.32,-55.41],[84.43,-55.32]]]},"properties":{"scalerank":0,"featurecla":"Bathymetry","depth":5000}},
{"type":"Feature","geometry":{"type":"Polygon","coordinates":[[[11.75,-55.63],[11.92,-55.5],[11.89,-55.31],[11.6,-55.46],[11.75,-55.63]]]},"properties":{"scalerank":0,"featurecla":"Bathymetry","depth":5000}},
{"type":"Feature","geometry":{"type":"Polygon","coordinates":[[[-80.5,-55.49],[-80.45,-55.43],[-80.47,-55.3],[-80.54,-55.3],[-80.6,-55.45],[-80.5,-55.49]]]},"properties":{"scalerank":0,"featurecla":"Bathymetry","depth":5000}},
{"type":"Feature","geometry":{"type":"Polygon","coordinates":[[[-170.19,-55.35],[-169.97,-55.44],[-169.88,-55.3],[-170.19,-55.35]]]},"properties":{"scalerank":0,"featurecla":"Bathymetry","depth":5000}},
{"type":"Feature","geometry":{"type":"Polygon","coordinates":[[[-82.7,-55.27],[-82.87,-55.31],[-82.79,-55.48],[-82.7,-55.27]]]},"properties":{"scalerank":0,"featurecla":"Bathymetry","depth":5000}},
{"type":"Feature","geometry":{"type":"Polygon","coordinates":[[[-166.61,-55.39],[-166.64,-55.25],[-166.73,-55.25],[-166.71,-55.35],[-166.61,-55.39]]]},"properties":{"scalerank":0,"featurecla":"Bathymetry","depth":5000}},
{"type":"Feature","geometry":{"type":"Polygon","coordinates":[[[-20.33,-55.34],[-20.59,-55.23],[-20.89,-55.34],[-20.49,-55.56],[-20.33,-55.34]]]},"properties":{"scalerank":0,"featurecla":"Bathymetry","depth":5000}},
{"type":"Feature","geometry":{"type":"Polygon","coordinates":[[[-164.83,-55.21],[-164.63,-55.51],[-164.31,-55.44],[-164.62,-55.34],[-164.83,-55.21]]]},"properties":{"scalerank":0,"featurecla":"Bathymetry","depth":5000}},
{"type":"Feature","geometry":{"type":"Polygon","coordinates":[[[-169.54,-55.32],[-169.73,-55.49],[-169.58,-55.58],[-169.34,-55.44],[-169.54,-55.32]]]},"properties":{"scalerank":0,"featurecla":"Bathymetry","depth":5000}},
{"type":"Feature","geometry":{"type":"Polygon","coordinates":[[[-88.24,-55.1],[-88.22,-55.22],[-87.91,-55.21],[-87.9,-55.13],[-88.24,-55.1]]]},"properties":{"scalerank":0,"featurecla":"Bathymetry","depth":5000}},
{"type":"Feature","geometry":{"type":"Polygon","coordinates":[[[-19.04,-55.03],[-19.38,-55.14],[-19.02,-55.2],[-19.04,-55.03]]]},"properties":{"scalerank":0,"featurecla":"Bathymetry","depth":5000}},
{"type":"Feature","geometry":{"type":"Polygon","coordinates":[[[162.81,-55.21],[162.67,-55.15],[162.59,-55.37],[162.81,-55.21]]]},"properties":{"scalerank":0,"featurecla":"Bathymetry","depth":5000}},
{"type":"Feature","geometry":{"type":"Polygon","coordinates":[[[17.64,-55.04],[17.69,-54.99],[17.62,-54.87],[17.47,-55.01],[17.64,-55.04]]]},"properties":{"scalerank":0,"featurecla":"Bathymetry","depth":5000}},
{"type":"Feature","geometry":{"type":"Polygon","coordinates":[[[13.85,-54.95],[13.61,-54.87],[13.58,-55.04],[13.85,-54.95]]]},"properties":{"scalerank":0,"featurecla":"Bathymetry","depth":5000}},
{"type":"Feature","geometry":{"type":"Polygon","coordinates":[[[15.92,-54.92],[15.64,-54.88],[15.69,-55],[15.92,-54.92]]]},"properties":{"scalerank":0,"featurecla":"Bathymetry","depth":5000}},
{"type":"Feature","geometry":{"type":"Polygon","coordinates":[[[12.46,-54.94],[12.41,-54.86],[12.26,-54.88],[12.33,-54.95],[12.46,-54.94]]]},"properties":{"scalerank":0,"featurecla":"Bathymetry","depth":5000}},
{"type":"Feature","geometry":{"type":"Polygon","coordinates":[[[-83.16,-55.03],[-83.71,-55.18],[-83.8,-55.83],[-83.51,-55.86],[-83.64,-55.46],[-83.31,-55.47],[-83.16,-55.03]]]},"properties":{"scalerank":0,"featurecla":"Bathymetry","depth":5000}},
{"type":"Feature","geometry":{"type":"Polygon","coordinates":[[[-165.46,-54.96],[-165.9,-54.69],[-166.03,-54.92],[-165.7,-55.03],[-165.46,-54.96]]]},"properties":{"scalerank":0,"featurecla":"Bathymetry","depth":5000}},
{"type":"Feature","geometry":{"type":"Polygon","coordinates":[[[36.95,-54.59],[37.07,-54.95],[37.2,-54.72],[36.95,-54.59]]]},"properties":{"scalerank":0,"featurecla":"Bathymetry","depth":5000}},
{"type":"Feature","geometry":{"type":"Polygon","coordinates":[[[159.36,-54.9],[159.17,-54.84],[159.16,-55.17],[159.27,-55.15],[159.36,-54.9]]]},"properties":{"scalerank":0,"featurecla":"Bathymetry","depth":5000}},
{"type":"Feature","geometry":{"type":"Polygon","coordinates":[[[-20.54,-54.57],[-20.64,-54.54],[-20.93,-54.52],[-20.89,-54.57],[-20.54,-54.57]]]},"properties":{"scalerank":0,"featurecla":"Bathymetry","depth":5000}},
{"type":"Feature","geometry":{"type":"Polygon","coordinates":[[[-88.53,-54.5],[-88.39,-54.61],[-88.15,-54.59],[-88.53,-54.5]]]},"properties":{"scalerank":0,"featurecla":"Bathymetry","depth":5000}},
{"type":"Feature","geometry":{"type":"Polygon","coordinates":[[[83.84,-54.77],[83.74,-54.49],[83.46,-54.66],[83.84,-54.77]]]},"properties":{"scalerank":0,"featurecla":"Bathymetry","depth":5000}},
{"type":"Feature","geometry":{"type":"Polygon","coordinates":[[[-81.91,-55.98],[-81.96,-55.66],[-81.69,-55.52],[-81.63,-55.33],[-81.86,-55.1],[-81.7,-54.89],[-81.67,-54.65],[-81.95,-54.58],[-82.14,-55.1],[-81.89,-55.24],[-81.89,-55.46],[-82.34,-55.94],[-81.78,-56.23],[-81.45,-55.92],[-81.91,-55.98]]]},"properties":{"scalerank":0,"featurecla":"Bathymetry","depth":5000}},
{"type":"Feature","geometry":{"type":"Polygon","coordinates":[[[-165.32,-54.37],[-165.41,-54.38],[-165.4,-54.48],[-165.24,-54.45],[-165.32,-54.37]]]},"properties":{"scalerank":0,"featurecla":"Bathymetry","depth":5000}},
{"type":"Feature","geometry":{"type":"Polygon","coordinates":[[[-21.98,-54.43],[-22.38,-54.34],[-22.23,-54.55],[-21.98,-54.43]]]},"properties":{"scalerank":0,"featurecla":"Bathymetry","depth":5000}},
{"type":"Feature","geometry":{"type":"Polygon","coordinates":[[[-164.37,-54.21],[-164.67,-54.22],[-164.68,-54.57],[-164.33,-54.54],[-163.99,-54.67],[-163.93,-54.87],[-163.64,-54.91],[-163.34,-55.13],[-163.08,-54.85],[-163.67,-54.84],[-163.81,-54.62],[-164.38,-54.41],[-164.37,-54.21]]]},"properties":{"scalerank":0,"featurecla":"Bathymetry","depth":5000}},
{"type":"Feature","geometry":{"type":"Polygon","coordinates":[[[-165.75,-54.34],[-165.59,-54.28],[-165.46,-54.17],[-165.82,-54.27],[-165.75,-54.34]]]},"properties":{"scalerank":0,"featurecla":"Bathymetry","depth":5000}},
{"type":"Feature","geometry":{"type":"Polygon","coordinates":[[[-170.03,-54.18],[-170.28,-54.19],[-170.44,-54.34],[-170.28,-54.41],[-170.03,-54.18]]]},"properties":{"scalerank":0,"featurecla":"Bathymetry","depth":5000}},
{"type":"Feature","geometry":{"type":"Polygon","coordinates":[[[-162.1,-54.1],[-162.17,-53.88],[-162.31,-53.86],[-162.21,-54.1],[-162.1,-54.1]]]},"properties":{"scalerank":0,"featurecla":"Bathymetry","depth":5000}},
{"type":"Feature","geometry":{"type":"Polygon","coordinates":[[[56.4,-53.8],[56.33,-53.7],[56.16,-53.72],[56.06,-53.81],[56.4,-53.8]]]},"properties":{"scalerank":0,"featurecla":"Bathymetry","depth":5000}},
{"type":"Feature","geometry":{"type":"Polygon","coordinates":[[[-92.66,-53.85],[-92.41,-53.73],[-92.6,-53.68],[-92.81,-53.71],[-92.66,-53.85]]]},"properties":{"scalerank":0,"featurecla":"Bathymetry","depth":5000}},
{"type":"Feature","geometry":{"type":"Polygon","coordinates":[[[-162.35,-53.81],[-162.41,-53.73],[-162.5,-53.75],[-162.45,-53.82],[-162.35,-53.81]]]},"properties":{"scalerank":0,"featurecla":"Bathymetry","depth":5000}},
{"type":"Feature","geometry":{"type":"Polygon","coordinates":[[[176.38,-54.05],[176.47,-53.88],[176.26,-53.69],[176.05,-53.76],[176.38,-54.05]]]},"properties":{"scalerank":0,"featurecla":"Bathymetry","depth":5000}},
{"type":"Feature","geometry":{"type":"Polygon","coordinates":[[[58.09,-54.89],[58.15,-54.69],[58.39,-54.55],[58.54,-54.34],[58.74,-54.25],[58.64,-54.11],[58.05,-54.62],[58.09,-54.89]]]},"properties":{"scalerank":0,"featurecla":"Bathymetry","depth":5000}},
{"type":"Feature","geometry":{"type":"Polygon","coordinates":[[[-165.88,-53.55],[-166.13,-53.5],[-166.43,-53.58],[-166.03,-53.62],[-165.88,-53.55]]]},"properties":{"scalerank":0,"featurecla":"Bathymetry","depth":5000}},
{"type":"Feature","geometry":{"type":"Polygon","coordinates":[[[177.35,-53.9],[177.42,-53.72],[177.02,-53.53],[176.92,-53.7],[177.35,-53.9]]]},"properties":{"scalerank":0,"featurecla":"Bathymetry","depth":5000}},
{"type":"Feature","geometry":{"type":"Polygon","coordinates":[[[-152.93,-53.38],[-152.59,-53.59],[-152.43,-53.5],[-152.93,-53.38]]]},"properties":{"scalerank":0,"featurecla":"Bathymetry","depth":5000}},
{"type":"Feature","geometry":{"type":"Polygon","coordinates":[[[-133.2,-53.5],[-133.42,-53.57],[-133.1,-53.62],[-133.2,-53.5]]]},"properties":{"scalerank":0,"featurecla":"Bathymetry","depth":5000}},
{"type":"Feature","geometry":{"type":"Polygon","coordinates":[[[-92.25,-53.34],[-92.05,-53.26],[-92.08,-53.19],[-92.28,-53.23],[-92.25,-53.34]]]},"properties":{"scalerank":0,"featurecla":"Bathymetry","depth":5000}},
{"type":"Feature","geometry":{"type":"Polygon","coordinates":[[[-93.67,-53.27],[-93.52,-53.16],[-93.72,-53.14],[-93.67,-53.27]]]},"properties":{"scalerank":0,"featurecla":"Bathymetry","depth":5000}},
{"type":"Feature","geometry":{"type":"Polygon","coordinates":[[[-162.81,-53.09],[-162.82,-53.18],[-162.69,-53.42],[-162.6,-53.36],[-162.77,-53.21],[-162.81,-53.09]]]},"properties":{"scalerank":0,"featurecla":"Bathymetry","depth":5000}},
{"type":"Feature","geometry":{"type":"Polygon","coordinates":[[[28.21,-53.49],[28.51,-53.3],[28.27,-53.2],[28.21,-53.49]]]},"properties":{"scalerank":0,"featurecla":"Bathymetry","depth":5000}},
{"type":"Feature","geometry":{"type":"Polygon","coordinates":[[[-94.42,-53.1],[-94.45,-53.05],[-94.8,-52.94],[-94.84,-53.03],[-94.67,-53.04],[-94.42,-53.1]]]},"properties":{"scalerank":0,"featurecla":"Bathymetry","depth":5000}},
{"type":"Feature","geometry":{"type":"Polygon","coordinates":[[[-163.5,-53.42],[-163.64,-53.2],[-163.82,-53.26],[-163.66,-53.42],[-163.5,-53.42]]]},"properties":{"scalerank":0,"featurecla":"Bathymetry","depth":5000}},
{"type":"Feature","geometry":{"type":"Polygon","coordinates":[[[-89.76,-52.8],[-89.76,-52.92],[-89.66,-52.88],[-89.76,-52.8]]]},"properties":{"scalerank":0,"featurecla":"Bathymetry","depth":5000}},
{"type":"Feature","geometry":{"type":"Polygon","coordinates":[[[-135.82,-52.9],[-135.89,-52.7],[-136.05,-52.85],[-135.82,-52.9]]]},"properties":{"scalerank":0,"featurecla":"Bathymetry","depth":5000}},
{"type":"Feature","geometry":{"type":"Polygon","coordinates":[[[-164.59,-53],[-164.39,-52.89],[-164.69,-52.91],[-164.59,-53]]]},"properties":{"scalerank":0,"featurecla":"Bathymetry","depth":5000}},
{"type":"Feature","geometry":{"type":"Polygon","coordinates":[[[-163.16,-52.75],[-162.89,-52.72],[-162.93,-52.63],[-163.16,-52.75]]]},"properties":{"scalerank":0,"featurecla":"Bathymetry","depth":5000}},
{"type":"Feature","geometry":{"type":"Polygon","coordinates":[[[-83.11,-52.65],[-83.05,-52.37],[-83.17,-52.35],[-83.26,-52.56],[-83.11,-52.65]]]},"properties":{"scalerank":0,"featurecla":"Bathymetry","depth":5000}},
{"type":"Feature","geometry":{"type":"Polygon","coordinates":[[[-92.69,-52.39],[-92.93,-52.39],[-92.86,-52.66],[-93.19,-52.74],[-92.81,-53.02],[-93.12,-53.23],[-93,-53.45],[-92.69,-52.95],[-92.75,-52.69],[-92.69,-52.39]]]},"properties":{"scalerank":0,"featurecla":"Bathymetry","depth":5000}},
{"type":"Feature","geometry":{"type":"Polygon","coordinates":[[[-93.37,-52.5],[-93.39,-52.31],[-93.48,-52.33],[-93.48,-52.41],[-93.37,-52.5]]]},"properties":{"scalerank":0,"featurecla":"Bathymetry","depth":5000}},
{"type":"Feature","geometry":{"type":"Polygon","coordinates":[[[60,-53.23],[60.43,-52.61],[60.07,-52.78],[59.59,-53.14],[59.38,-53.42],[59.56,-53.5],[60,-53.23]]]},"properties":{"scalerank":0,"featurecla":"Bathymetry","depth":5000}},
{"type":"Feature","geometry":{"type":"Polygon","coordinates":[[[176.5,-52.75],[176.61,-52.63],[176.45,-52.53],[176.33,-52.61],[176.5,-52.75]]]},"properties":{"scalerank":0,"featurecla":"Bathymetry","depth":5000}},
{"type":"Feature","geometry":{"type":"Polygon","coordinates":[[[-162.96,-52.29],[-162.92,-52.24],[-163.26,-52.19],[-163.2,-52.29],[-162.96,-52.29]]]},"properties":{"scalerank":0,"featurecla":"Bathymetry","depth":5000}},
{"type":"Feature","geometry":{"type":"Polygon","coordinates":[[[35.94,-52.41],[36.05,-52.37],[36.09,-52.24],[36.01,-52.18],[35.88,-52.38],[35.94,-52.41]]]},"properties":{"scalerank":0,"featurecla":"Bathymetry","depth":5000}},
{"type":"Feature","geometry":{"type":"Polygon","coordinates":[[[-21.86,-52.14],[-21.97,-52.1],[-22.35,-52.12],[-22.33,-52.15],[-21.86,-52.14]]]},"properties":{"scalerank":0,"featurecla":"Bathymetry","depth":5000}},
{"type":"Feature","geometry":{"type":"Polygon","coordinates":[[[52.07,-52.35],[51.73,-52.3],[51.53,-52.44],[51.55,-52.6],[51.95,-52.48],[52.07,-52.35]]]},"properties":{"scalerank":0,"featurecla":"Bathymetry","depth":5000}},
{"type":"Feature","geometry":{"type":"Polygon","coordinates":[[[-161.43,-52.04],[-161.64,-51.91],[-161.68,-52.03],[-161.43,-52.04]]]},"properties":{"scalerank":0,"featurecla":"Bathymetry","depth":5000}},
{"type":"Feature","geometry":{"type":"Polygon","coordinates":[[[-162.29,-52.16],[-162.14,-52.06],[-162.19,-52.03],[-162.29,-52.1],[-162.29,-52.16]]]},"properties":{"scalerank":0,"featurecla":"Bathymetry","depth":5000}},
{"type":"Feature","geometry":{"type":"Polygon","coordinates":[[[50.46,-52.25],[50.64,-52.06],[50.31,-52.01],[50.17,-52.23],[50.46,-52.25]]]},"properties":{"scalerank":0,"featurecla":"Bathymetry","depth":5000}},
{"type":"Feature","geometry":{"type":"Polygon","coordinates":[[[-164.08,-51.82],[-163.85,-52.15],[-163.66,-52.07],[-164.08,-51.82]]]},"properties":{"scalerank":0,"featurecla":"Bathymetry","depth":5000}},
{"type":"Feature","geometry":{"type":"Polygon","coordinates":[[[161.42,-52.27],[161.4,-52.1],[161.16,-52.16],[161.18,-52.34],[161.42,-52.27]]]},"properties":{"scalerank":0,"featurecla":"Bathymetry","depth":5000}},
{"type":"Feature","geometry":{"type":"Polygon","coordinates":[[[-162.89,-51.72],[-162.77,-51.86],[-162.64,-51.76],[-162.89,-51.72]]]},"properties":{"scalerank":0,"featurecla":"Bathymetry","depth":5000}},
{"type":"Feature","geometry":{"type":"Polygon","coordinates":[[[-164.81,-51.91],[-165.22,-52.05],[-165.09,-52.11],[-164.81,-51.91]]]},"properties":{"scalerank":0,"featurecla":"Bathymetry","depth":5000}},
{"type":"Feature","geometry":{"type":"Polygon","coordinates":[[[61.16,-51.73],[61.31,-51.55],[61.22,-51.53],[60.99,-51.7],[61.16,-51.73]]]},"properties":{"scalerank":0,"featurecla":"Bathymetry","depth":5000}},
{"type":"Feature","geometry":{"type":"Polygon","coordinates":[[[-142.86,-51.8],[-143.3,-51.67],[-143.75,-51.46],[-143.83,-51.53],[-142.86,-51.8]]]},"properties":{"scalerank":0,"featurecla":"Bathymetry","depth":5000}},
{"type":"Feature","geometry":{"type":"Polygon","coordinates":[[[-152.51,-51.55],[-152.65,-51.39],[-152.76,-51.5],[-152.51,-51.55]]]},"properties":{"scalerank":0,"featurecla":"Bathymetry","depth":5000}},
{"type":"Feature","geometry":{"type":"Polygon","coordinates":[[[177.88,-51.39],[177.62,-51.58],[177.35,-51.57],[177.2,-51.88],[177.27,-52.06],[177.82,-52.07],[177.91,-51.7],[178.09,-51.59],[177.88,-51.39]]]},"properties":{"scalerank":0,"featurecla":"Bathymetry","depth":5000}},
{"type":"Feature","geometry":{"type":"Polygon","coordinates":[[[56.8,-54.51],[56.47,-54.8],[56.83,-55.14],[57.47,-54.29],[58.28,-53.7],[58.73,-53.5],[58.8,-53.38],[59.15,-53.29],[59.4,-52.8],[59.36,-52.46],[59.61,-52.2],[59.81,-51.72],[59.21,-52.34],[59.03,-52.45],[58.39,-53.11],[58.11,-53.3],[57.39,-53.94],[56.79,-54.34],[56.8,-54.51]]]},"properties":{"scalerank":0,"featurecla":"Bathymetry","depth":5000}},
{"type":"Feature","geometry":{"type":"Polygon","coordinates":[[[-140.59,-51.29],[-140.35,-51.36],[-140.13,-51.46],[-140.07,-51.4],[-140.23,-51.38],[-140.54,-51.28],[-140.59,-51.29]]]},"properties":{"scalerank":0,"featurecla":"Bathymetry","depth":5000}},
{"type":"Feature","geometry":{"type":"Polygon","coordinates":[[[35.98,-51.5],[35.97,-51.47],[35.81,-51.36],[35.8,-51.22],[35.71,-51.19],[35.71,-51.31],[35.79,-51.42],[35.9,-51.5],[35.98,-51.5]]]},"properties":{"scalerank":0,"featurecla":"Bathymetry","depth":5000}},
{"type":"Feature","geometry":{"type":"Polygon","coordinates":[[[36.99,-51.11],[36.84,-51.04],[36.74,-51.29],[37.05,-51.21],[36.99,-51.11]]]},"properties":{"scalerank":0,"featurecla":"Bathymetry","depth":5000}},
{"type":"Feature","geometry":{"type":"Polygon","coordinates":[[[-163.37,-50.95],[-163.05,-51.11],[-162.73,-51.5],[-162.6,-51.38],[-162.81,-51.34],[-162.97,-51.09],[-163.19,-50.96],[-163.37,-50.95]]]},"properties":{"scalerank":0,"featurecla":"Bathymetry","depth":5000}},
{"type":"Feature","geometry":{"type":"Polygon","coordinates":[[[-93.08,-51],[-93.3,-51.02],[-93.21,-51.09],[-93.08,-51]]]},"properties":{"scalerank":0,"featurecla":"Bathymetry","depth":5000}},
{"type":"Feature","geometry":{"type":"Polygon","coordinates":[[[-34.46,-50.83],[-34.66,-50.85],[-34.63,-50.98],[-34.73,-51.09],[-34.53,-51.14],[-34.61,-50.93],[-34.46,-50.83]]]},"properties":{"scalerank":0,"featurecla":"Bathymetry","depth":5000}},
{"type":"Feature","geometry":{"type":"Polygon","coordinates":[[[-145.73,-50.88],[-145.87,-50.79],[-146.07,-50.72],[-146.1,-50.75],[-145.77,-50.9],[-145.73,-50.88]]]},"properties":{"scalerank":0,"featurecla":"Bathymetry","depth":5000}},
{"type":"Feature","geometry":{"type":"Polygon","coordinates":[[[-141.61,-50.89],[-141.65,-50.86],[-141.86,-50.78],[-142.05,-50.68],[-142.07,-50.7],[-141.92,-50.8],[-141.75,-50.87],[-141.61,-50.89]]]},"properties":{"scalerank":0,"featurecla":"Bathymetry","depth":5000}},
{"type":"Feature","geometry":{"type":"Polygon","coordinates":[[[-37,-50.57],[-37.26,-50.6],[-37.26,-50.68],[-37.03,-50.66],[-37,-50.57]]]},"properties":{"scalerank":0,"featurecla":"Bathymetry","depth":5000}},
{"type":"Feature","geometry":{"type":"Polygon","coordinates":[[[-161.68,-50.87],[-161.69,-50.79],[-161.78,-50.73],[-161.87,-50.74],[-161.78,-50.83],[-161.68,-50.87]]]},"properties":{"scalerank":0,"featurecla":"Bathymetry","depth":5000}},
{"type":"Feature","geometry":{"type":"Polygon","coordinates":[[[-152.56,-50.45],[-152.55,-50.53],[-152.38,-50.69],[-152.37,-50.49],[-152.56,-50.45]]]},"properties":{"scalerank":0,"featurecla":"Bathymetry","depth":5000}},
{"type":"Feature","geometry":{"type":"Polygon","coordinates":[[[-89.63,-50.68],[-89.86,-50.56],[-89.95,-50.71],[-89.63,-50.68]]]},"properties":{"scalerank":0,"featurecla":"Bathymetry","depth":5000}},
{"type":"Feature","geometry":{"type":"Polygon","coordinates":[[[-93.28,-50.65],[-93.16,-50.57],[-93.11,-50.41],[-93.35,-50.55],[-93.28,-50.65]]]},"properties":{"scalerank":0,"featurecla":"Bathymetry","depth":5000}},
{"type":"Feature","geometry":{"type":"Polygon","coordinates":[[[-142.44,-50.54],[-142.44,-50.51],[-142.77,-50.38],[-142.8,-50.43],[-142.63,-50.52],[-142.44,-50.54]]]},"properties":{"scalerank":0,"featurecla":"Bathymetry","depth":5000}},
{"type":"Feature","geometry":{"type":"Polygon","coordinates":[[[-27.44,-50.49],[-27.37,-50.36],[-27.48,-50.32],[-27.5,-50.47],[-27.44,-50.49]]]},"properties":{"scalerank":0,"featurecla":"Bathymetry","depth":5000}},
{"type":"Feature","geometry":{"type":"Polygon","coordinates":[[[-133.2,-50.3],[-133.21,-50.25],[-133.52,-50.27],[-133.51,-50.29],[-133.2,-50.3]]]},"properties":{"scalerank":0,"featurecla":"Bathymetry","depth":5000}},
{"type":"Feature","geometry":{"type":"Polygon","coordinates":[[[36.94,-50.54],[36.96,-50.45],[36.84,-50.27],[36.79,-50.35],[36.94,-50.54]]]},"properties":{"scalerank":0,"featurecla":"Bathymetry","depth":5000}},
{"type":"Feature","geometry":{"type":"Polygon","coordinates":[[[-89.7,-50.22],[-89.61,-50.07],[-89.72,-50.01],[-89.82,-50.21],[-89.7,-50.22]]]},"properties":{"scalerank":0,"featurecla":"Bathymetry","depth":5000}},
{"type":"Feature","geometry":{"type":"Polygon","coordinates":[[[-160.77,-50.04],[-161.01,-50],[-161.04,-50.1],[-160.77,-50.04]]]},"properties":{"scalerank":0,"featurecla":"Bathymetry","depth":5000}},
{"type":"Feature","geometry":{"type":"Polygon","coordinates":[[[-28.4,-49.87],[-28.39,-50.2],[-28.55,-50.37],[-28.4,-50.56],[-28.41,-50.76],[-28.08,-50.73],[-28.03,-50.54],[-28.14,-50.03],[-28.4,-49.87]]]},"properties":{"scalerank":0,"featurecla":"Bathymetry","depth":5000}},
{"type":"Feature","geometry":{"type":"Polygon","coordinates":[[[35.5,-49.92],[35.64,-49.83],[35.52,-49.75],[35.5,-49.92]]]},"properties":{"scalerank":0,"featurecla":"Bathymetry","depth":5000}},
{"type":"Feature","geometry":{"type":"Polygon","coordinates":[[[25.19,-50.46],[25.44,-50.26],[25.74,-49.76],[25.56,-49.73],[25.34,-49.96],[25.37,-50.15],[25.19,-50.46]]]},"properties":{"scalerank":0,"featurecla":"Bathymetry","depth":5000}},
{"type":"Feature","geometry":{"type":"Polygon","coordinates":[[[-147.35,-49.73],[-147.31,-49.9],[-147,-50.07],[-147.35,-49.73]]]},"properties":{"scalerank":0,"featurecla":"Bathymetry","depth":5000}},
{"type":"Feature","geometry":{"type":"Polygon","coordinates":[[[-29.05,-49.78],[-28.92,-49.66],[-29.01,-49.6],[-29.14,-49.73],[-29.05,-49.78]]]},"properties":{"scalerank":0,"featurecla":"Bathymetry","depth":5000}},
{"type":"Feature","geometry":{"type":"Polygon","coordinates":[[[-146.23,-49.78],[-146.19,-49.7],[-146.32,-49.67],[-146.45,-49.59],[-146.52,-49.65],[-146.39,-49.69],[-146.23,-49.78]]]},"properties":{"scalerank":0,"featurecla":"Bathymetry","depth":5000}},
{"type":"Feature","geometry":{"type":"Polygon","coordinates":[[[-134.54,-49.94],[-134.53,-49.68],[-134.94,-49.65],[-134.54,-49.94]]]},"properties":{"scalerank":0,"featurecla":"Bathymetry","depth":5000}},
{"type":"Feature","geometry":{"type":"Polygon","coordinates":[[[34.74,-49.42],[34.84,-49.57],[34.98,-49.49],[34.74,-49.42]]]},"properties":{"scalerank":0,"featurecla":"Bathymetry","depth":5000}},
{"type":"Feature","geometry":{"type":"Polygon","coordinates":[[[24.8,-50.02],[24.9,-49.51],[24.63,-49.58],[24.66,-49.96],[24.8,-50.02]]]},"properties":{"scalerank":0,"featurecla":"Bathymetry","depth":5000}},
{"type":"Feature","geometry":{"type":"Polygon","coordinates":[[[37.52,-49.58],[37.46,-49.4],[37.37,-49.44],[37.39,-49.52],[37.52,-49.58]]]},"properties":{"scalerank":0,"featurecla":"Bathymetry","depth":5000}},
{"type":"Feature","geometry":{"type":"Polygon","coordinates":[[[34.03,-49.49],[33.72,-49.75],[33.52,-50.05],[33.98,-50.06],[34.34,-49.82],[34.27,-49.49],[34.03,-49.49]]]},"properties":{"scalerank":0,"featurecla":"Bathymetry","depth":5000}},
{"type":"Feature","geometry":{"type":"Polygon","coordinates":[[[28.66,-51.48],[29.05,-51.07],[29.04,-50.96],[29.44,-50.54],[29.47,-50.38],[29.76,-50.11],[29.83,-49.93],[30.06,-49.79],[30.36,-49.39],[30.27,-49.29],[29.39,-50.2],[29.1,-50.69],[29.06,-50.86],[28.75,-51.11],[28.66,-51.48]]]},"properties":{"scalerank":0,"featurecla":"Bathymetry","depth":5000}},
{"type":"Feature","geometry":{"type":"Polygon","coordinates":[[[-89.63,-49.61],[-89.53,-49.47],[-89.63,-49.33],[-89.67,-49.6],[-89.63,-49.61]]]},"properties":{"scalerank":0,"featurecla":"Bathymetry","depth":5000}},
{"type":"Feature","geometry":{"type":"Polygon","coordinates":[[[-154.21,-49.6],[-154.24,-49.5],[-154.46,-49.32],[-154.45,-49.48],[-154.36,-49.57],[-154.21,-49.6]]]},"properties":{"scalerank":0,"featurecla":"Bathymetry","depth":5000}},
{"type":"Feature","geometry":{"type":"Polygon","coordinates":[[[158.09,-49.23],[157.72,-49.11],[157.75,-49.27],[158.09,-49.23]]]},"properties":{"scalerank":0,"featurecla":"Bathymetry","depth":5000}},
{"type":"Feature","geometry":{"type":"Polygon","coordinates":[[[-161.52,-49.15],[-161.41,-49.31],[-161.33,-49.3],[-161.33,-49.13],[-161.52,-49.15]]]},"properties":{"scalerank":0,"featurecla":"Bathymetry","depth":5000}},
{"type":"Feature","geometry":{"type":"Polygon","coordinates":[[[-37.49,-49.08],[-38.09,-49.1],[-39.31,-49.18],[-38.57,-49.25],[-37.49,-49.08]]]},"properties":{"scalerank":0,"featurecla":"Bathymetry","depth":5000}},
{"type":"Feature","geometry":{"type":"Polygon","coordinates":[[[-138.6,-49.34],[-138.79,-49.2],[-139.03,-49.18],[-139.15,-49.25],[-138.82,-49.36],[-138.6,-49.34]]]},"properties":{"scalerank":0,"featurecla":"Bathymetry","depth":5000}},
{"type":"Feature","geometry":{"type":"Polygon","coordinates":[[[25.85,-49.42],[25.87,-49.15],[25.72,-49.25],[25.68,-49.46],[25.85,-49.42]]]},"properties":{"scalerank":0,"featurecla":"Bathymetry","depth":5000}},
{"type":"Feature","geometry":{"type":"Polygon","coordinates":[[[-149.88,-49.06],[-148.91,-49.39],[-148.98,-49.2],[-149.19,-49.26],[-149.51,-49.1],[-149.88,-49.06]]]},"properties":{"scalerank":0,"featurecla":"Bathymetry","depth":5000}},
{"type":"Feature","geometry":{"type":"Polygon","coordinates":[[[-152.8,-49.18],[-152.72,-49.1],[-152.81,-49.06],[-152.91,-49.12],[-152.8,-49.18]]]},"properties":{"scalerank":0,"featurecla":"Bathymetry","depth":5000}},
{"type":"Feature","geometry":{"type":"Polygon","coordinates":[[[-135.24,-49.06],[-135.36,-49.06],[-135.33,-49.19],[-135.22,-49.27],[-135.24,-49.06]]]},"properties":{"scalerank":0,"featurecla":"Bathymetry","depth":5000}},
{"type":"Feature","geometry":{"type":"Polygon","coordinates":[[[155.77,-48.93],[156.19,-49.06],[156.3,-48.92],[155.77,-48.93]]]},"properties":{"scalerank":0,"featurecla":"Bathymetry","depth":5000}},
{"type":"Feature","geometry":{"type":"Polygon","coordinates":[[[158.52,-48.96],[158.71,-49.2],[158.86,-49.15],[158.68,-48.95],[158.52,-48.96]]]},"properties":{"scalerank":0,"featurecla":"Bathymetry","depth":5000}},
{"type":"Feature","geometry":{"type":"Polygon","coordinates":[[[-90.9,-48.98],[-90.74,-48.84],[-90.94,-48.83],[-90.9,-48.98]]]},"properties":{"scalerank":0,"featurecla":"Bathymetry","depth":5000}},
{"type":"Feature","geometry":{"type":"Polygon","coordinates":[[[32.2,-49.35],[32.41,-49.16],[32.73,-48.63],[32.46,-48.83],[32.38,-49.15],[32.2,-49.35]]]},"properties":{"scalerank":0,"featurecla":"Bathymetry","depth":5000}},
{"type":"Feature","geometry":{"type":"Polygon","coordinates":[[[-178.27,-48.89],[-178.39,-48.6],[-178.45,-48.61],[-178.39,-48.77],[-178.27,-48.89]]]},"properties":{"scalerank":0,"featurecla":"Bathymetry","depth":5000}},
{"type":"Feature","geometry":{"type":"Polygon","coordinates":[[[-178.08,-48.43],[-177.86,-48.61],[-177.7,-48.48],[-178.08,-48.43]]]},"properties":{"scalerank":0,"featurecla":"Bathymetry","depth":5000}},
{"type":"Feature","geometry":{"type":"Polygon","coordinates":[[[158.54,-48.5],[158.56,-48.41],[158.47,-48.36],[158.4,-48.5],[158.54,-48.5]]]},"properties":{"scalerank":0,"featurecla":"Bathymetry","depth":5000}},
{"type":"Feature","geometry":{"type":"Polygon","coordinates":[[[-31.8,-48.48],[-32.11,-48.35],[-32.47,-48.36],[-32.55,-48.54],[-31.8,-48.48]]]},"properties":{"scalerank":0,"featurecla":"Bathymetry","depth":5000}},
{"type":"Feature","geometry":{"type":"Polygon","coordinates":[[[23.51,-48.31],[23.4,-48.43],[23.78,-48.74],[23.75,-49.05],[24.02,-48.99],[24.04,-48.76],[23.92,-48.57],[23.61,-48.57],[23.51,-48.31]]]},"properties":{"scalerank":0,"featurecla":"Bathymetry","depth":5000}},
{"type":"Feature","geometry":{"type":"Polygon","coordinates":[[[-136.39,-48.17],[-136.23,-48.23],[-136.11,-48.41],[-136.35,-48.57],[-136.18,-48.6],[-135.98,-48.43],[-136.17,-48.19],[-136.39,-48.17]]]},"properties":{"scalerank":0,"featurecla":"Bathymetry","depth":5000}},
{"type":"Feature","geometry":{"type":"Polygon","coordinates":[[[-144.39,-48.26],[-144.36,-48.2],[-144.53,-48.19],[-144.76,-48.11],[-144.86,-48.16],[-144.65,-48.19],[-144.6,-48.24],[-144.39,-48.26]]]},"properties":{"scalerank":0,"featurecla":"Bathymetry","depth":5000}},
{"type":"Feature","geometry":{"type":"Polygon","coordinates":[[[156.15,-48.41],[156.09,-48.16],[155.75,-48.28],[155.95,-48.42],[156.15,-48.41]]]},"properties":{"scalerank":0,"featurecla":"Bathymetry","depth":5000}},
{"type":"Feature","geometry":{"type":"Polygon","coordinates":[[[-156.77,-48.19],[-156.54,-48.38],[-156.53,-48.19],[-156.77,-48.19]]]},"properties":{"scalerank":0,"featurecla":"Bathymetry","depth":5000}},
{"type":"Feature","geometry":{"type":"Polygon","coordinates":[[[157.68,-48.12],[157.76,-48.04],[157.6,-48],[157.56,-48.12],[157.68,-48.12]]]},"properties":{"scalerank":0,"featurecla":"Bathymetry","depth":5000}},
{"type":"Feature","geometry":{"type":"Polygon","coordinates":[[[-137.35,-48.01],[-137.33,-48.26],[-137.05,-48.17],[-137.35,-48.01]]]},"properties":{"scalerank":0,"featurecla":"Bathymetry","depth":5000}},
{"type":"Feature","geometry":{"type":"Polygon","coordinates":[[[-143.95,-48.1],[-143.72,-48.29],[-143.67,-48.14],[-143.95,-48.1]]]},"properties":{"scalerank":0,"featurecla":"Bathymetry","depth":5000}},
{"type":"Feature","geometry":{"type":"Polygon","coordinates":[[[-151.18,-48],[-151.28,-47.81],[-151.53,-47.81],[-151.18,-48]]]},"properties":{"scalerank":0,"featurecla":"Bathymetry","depth":5000}},
{"type":"Feature","geometry":{"type":"Polygon","coordinates":[[[-142.76,-47.86],[-142.83,-47.76],[-142.93,-47.85],[-142.76,-47.86]]]},"properties":{"scalerank":0,"featurecla":"Bathymetry","depth":5000}},
{"type":"Feature","geometry":{"type":"Polygon","coordinates":[[[-146.4,-47.78],[-146.51,-47.73],[-146.56,-47.81],[-146.4,-47.78]]]},"properties":{"scalerank":0,"featurecla":"Bathymetry","depth":5000}},
{"type":"Feature","geometry":{"type":"Polygon","coordinates":[[[-31.3,-47.68],[-30.96,-47.74],[-30.97,-47.66],[-31.3,-47.68]]]},"properties":{"scalerank":0,"featurecla":"Bathymetry","depth":5000}},
{"type":"Feature","geometry":{"type":"Polygon","coordinates":[[[-145.72,-47.73],[-145.57,-47.65],[-145.71,-47.61],[-145.72,-47.73]]]},"properties":{"scalerank":0,"featurecla":"Bathymetry","depth":5000}},
{"type":"Feature","geometry":{"type":"Polygon","coordinates":[[[-142.01,-47.77],[-141.68,-47.83],[-141.71,-47.62],[-142.01,-47.77]]]},"properties":{"scalerank":0,"featurecla":"Bathymetry","depth":5000}},
{"type":"Feature","geometry":{"type":"Polygon","coordinates":[[[22.97,-47.91],[22.45,-47.66],[22.64,-48.1],[22.99,-48.36],[22.97,-47.91]]]},"properties":{"scalerank":0,"featurecla":"Bathymetry","depth":5000}},
{"type":"Feature","geometry":{"type":"Polygon","coordinates":[[[158.64,-48.12],[158.6,-48.03],[158.11,-47.62],[157.93,-47.91],[158.35,-47.95],[158.64,-48.12]]]},"properties":{"scalerank":0,"featurecla":"Bathymetry","depth":5000}},
{"type":"Feature","geometry":{"type":"Polygon","coordinates":[[[14.74,-47.66],[14.74,-47.52],[14.63,-47.52],[14.66,-47.61],[14.74,-47.66]]]},"properties":{"scalerank":0,"featurecla":"Bathymetry","depth":5000}},
{"type":"Feature","geometry":{"type":"Polygon","coordinates":[[[-143.87,-47.58],[-143.95,-47.46],[-143.98,-47.54],[-143.87,-47.58]]]},"properties":{"scalerank":0,"featurecla":"Bathymetry","depth":5000}},
{"type":"Feature","geometry":{"type":"Polygon","coordinates":[[[-158.14,-47.23],[-158.31,-47.16],[-158.41,-47.29],[-158.21,-47.29],[-158.14,-47.23]]]},"properties":{"scalerank":0,"featurecla":"Bathymetry","depth":5000}},
{"type":"Feature","geometry":{"type":"Polygon","coordinates":[[[161.06,-47.76],[161.67,-47.25],[161.5,-47.13],[161.3,-47.38],[161.05,-47.5],[161.06,-47.76]]]},"properties":{"scalerank":0,"featurecla":"Bathymetry","depth":5000}},
{"type":"Feature","geometry":{"type":"Polygon","coordinates":[[[-149.59,-47.16],[-149.78,-47.06],[-149.8,-47.15],[-149.59,-47.16]]]},"properties":{"scalerank":0,"featurecla":"Bathymetry","depth":5000}},
{"type":"Feature","geometry":{"type":"Polygon","coordinates":[[[21.89,-47.08],[21.34,-47.19],[21.3,-47.57],[21.21,-47.73],[21.43,-47.82],[22.15,-47.78],[21.85,-47.36],[21.89,-47.08]]]},"properties":{"scalerank":0,"featurecla":"Bathymetry","depth":5000}},
{"type":"Feature","geometry":{"type":"Polygon","coordinates":[[[-29.87,-47.01],[-30.24,-47.02],[-30.3,-47.17],[-29.95,-47.16],[-29.87,-47.01]]]},"properties":{"scalerank":0,"featurecla":"Bathymetry","depth":5000}},
{"type":"Feature","geometry":{"type":"Polygon","coordinates":[[[-134.68,-46.96],[-134.77,-46.87],[-134.88,-46.9],[-134.71,-47.08],[-134.68,-46.96]]]},"properties":{"scalerank":0,"featurecla":"Bathymetry","depth":5000}},
{"type":"Feature","geometry":{"type":"Polygon","coordinates":[[[163.88,-49.33],[164.25,-48.81],[164.37,-48.5],[164.51,-48.38],[164.57,-47.59],[164.35,-47.9],[164.3,-48.12],[164.11,-48.36],[164.16,-48.59],[163.93,-49.01],[163.88,-49.33]]]},"properties":{"scalerank":0,"featurecla":"Bathymetry","depth":5000}},
{"type":"Feature","geometry":{"type":"Polygon","coordinates":[[[144.07,-46.78],[143.98,-46.77],[143.9,-46.81],[143.95,-46.86],[144.07,-46.78]]]},"properties":{"scalerank":0,"featurecla":"Bathymetry","depth":5000}},
{"type":"Feature","geometry":{"type":"Polygon","coordinates":[[[20.21,-46.76],[19.97,-46.82],[19.66,-47.22],[19.96,-47.32],[20.05,-47.13],[20.34,-46.94],[20.21,-46.76]]]},"properties":{"scalerank":0,"featurecla":"Bathymetry","depth":5000}},
{"type":"Feature","geometry":{"type":"Polygon","coordinates":[[[14.15,-46.65],[14.16,-46.75],[14.35,-46.94],[14.42,-47.11],[14.55,-47.01],[14.35,-46.9],[14.15,-46.65]]]},"properties":{"scalerank":0,"featurecla":"Bathymetry","depth":5000}},
{"type":"Feature","geometry":{"type":"Polygon","coordinates":[[[13.82,-46.61],[13.51,-46.68],[13,-46.65],[13.24,-46.8],[13.49,-46.73],[13.68,-46.75],[13.82,-46.61]]]},"properties":{"scalerank":0,"featurecla":"Bathymetry","depth":5000}},
{"type":"Feature","geometry":{"type":"Polygon","coordinates":[[[3.49,-46.66],[3.27,-46.63],[3.16,-46.72],[3.49,-46.66]]]},"properties":{"scalerank":0,"featurecla":"Bathymetry","depth":5000}},
{"type":"Feature","geometry":{"type":"Polygon","coordinates":[[[-135.04,-46.62],[-135.05,-46.45],[-135.17,-46.56],[-135.04,-46.62]]]},"properties":{"scalerank":0,"featurecla":"Bathymetry","depth":5000}},
{"type":"Feature","geometry":{"type":"Polygon","coordinates":[[[20.51,-46.41],[20.52,-46.8],[20.65,-46.76],[20.51,-46.41]]]},"properties":{"scalerank":0,"featurecla":"Bathymetry","depth":5000}},
{"type":"Feature","geometry":{"type":"Polygon","coordinates":[[[-151.97,-46.68],[-151.94,-46.45],[-152.18,-46.46],[-151.97,-46.68]]]},"properties":{"scalerank":0,"featurecla":"Bathymetry","depth":5000}},
{"type":"Feature","geometry":{"type":"Polygon","coordinates":[[[-147.98,-46.39],[-148.07,-46.52],[-147.91,-46.75],[-147.6,-46.87],[-147.62,-46.7],[-147.89,-46.66],[-147.98,-46.39]]]},"properties":{"scalerank":0,"featurecla":"Bathymetry","depth":5000}},
{"type":"Feature","geometry":{"type":"Polygon","coordinates":[[[10.76,-46.49],[10.72,-46.19],[10.62,-46.23],[10.59,-46.46],[10.76,-46.49]]]},"properties":{"scalerank":0,"featurecla":"Bathymetry","depth":5000}},
{"type":"Feature","geometry":{"type":"Polygon","coordinates":[[[143.59,-46.27],[143.59,-46.19],[143.5,-46.08],[143.47,-46.2],[143.59,-46.27]]]},"properties":{"scalerank":0,"featurecla":"Bathymetry","depth":5000}},
{"type":"Feature","geometry":{"type":"Polygon","coordinates":[[[143.42,-45.94],[143.42,-45.82],[143.29,-45.84],[143.35,-45.94],[143.42,-45.94]]]},"properties":{"scalerank":0,"featurecla":"Bathymetry","depth":5000}},
{"type":"Feature","geometry":{"type":"Polygon","coordinates":[[[-152.69,-46.36],[-152.73,-45.95],[-153.01,-45.81],[-153.23,-45.94],[-153.08,-46.19],[-152.77,-46.15],[-152.69,-46.36]]]},"properties":{"scalerank":0,"featurecla":"Bathymetry","depth":5000}},
{"type":"Feature","geometry":{"type":"Polygon","coordinates":[[[151.39,-45.94],[151.3,-45.7],[151.11,-45.78],[151.12,-45.92],[151.39,-45.94]]]},"properties":{"scalerank":0,"featurecla":"Bathymetry","depth":5000}},
{"type":"Feature","geometry":{"type":"Polygon","coordinates":[[[13.12,-45.71],[12.78,-45.79],[12.63,-45.97],[13.12,-45.71]]]},"properties":{"scalerank":0,"featurecla":"Bathymetry","depth":5000}},
{"type":"Feature","geometry":{"type":"Polygon","coordinates":[[[152.34,-45.79],[152.04,-45.77],[151.84,-45.68],[151.81,-45.84],[152.17,-45.88],[152.34,-45.79]]]},"properties":{"scalerank":0,"featurecla":"Bathymetry","depth":5000}},
{"type":"Feature","geometry":{"type":"Polygon","coordinates":[[[-154.85,-45.66],[-154.9,-45.61],[-155.26,-45.67],[-155.43,-45.66],[-155.42,-45.72],[-154.85,-45.66]]]},"properties":{"scalerank":0,"featurecla":"Bathymetry","depth":5000}},
{"type":"Feature","geometry":{"type":"Polygon","coordinates":[[[20.78,-46.15],[20.97,-46.05],[20.96,-45.68],[20.79,-45.72],[20.83,-45.9],[20.78,-46.15]]]},"properties":{"scalerank":0,"featurecla":"Bathymetry","depth":5000}},
{"type":"Feature","geometry":{"type":"Polygon","coordinates":[[[139.43,-46.52],[139.46,-45.98],[139.4,-45.9],[139.45,-45.61],[139.33,-45.6],[139.34,-46.3],[139.43,-46.52]]]},"properties":{"scalerank":0,"featurecla":"Bathymetry","depth":5000}},
{"type":"Feature","geometry":{"type":"Polygon","coordinates":[[[-85.01,-45.46],[-85.56,-45.51],[-85.55,-45.57],[-85.01,-45.46]]]},"properties":{"scalerank":0,"featurecla":"Bathymetry","depth":5000}},
{"type":"Feature","geometry":{"type":"Polygon","coordinates":[[[-131.86,-45.35],[-132.01,-45.4],[-131.55,-45.68],[-131.47,-45.51],[-131.72,-45.53],[-131.86,-45.35]]]},"properties":{"scalerank":0,"featurecla":"Bathymetry","depth":5000}},
{"type":"Feature","geometry":{"type":"Polygon","coordinates":[[[143.99,-45.4],[143.78,-45.49],[143.83,-45.72],[143.95,-45.76],[143.99,-45.4]]]},"properties":{"scalerank":0,"featurecla":"Bathymetry","depth":5000}},
{"type":"Feature","geometry":{"type":"Polygon","coordinates":[[[159.26,-45.37],[159.34,-45.29],[159.31,-45.23],[159.16,-45.3],[159.26,-45.37]]]},"properties":{"scalerank":0,"featurecla":"Bathymetry","depth":5000}},
{"type":"Feature","geometry":{"type":"Polygon","coordinates":[[[21.75,-46.33],[21.9,-46.11],[21.82,-45.94],[22.1,-45.63],[21.87,-45.61],[21.67,-45.97],[21.75,-46.33]]]},"properties":{"scalerank":0,"featurecla":"Bathymetry","depth":5000}},
{"type":"Feature","geometry":{"type":"Polygon","coordinates":[[[160.61,-45.23],[160.53,-45.14],[160.47,-45.2],[160.61,-45.23]]]},"properties":{"scalerank":0,"featurecla":"Bathymetry","depth":5000}},
{"type":"Feature","geometry":{"type":"Polygon","coordinates":[[[-154.06,-45.46],[-154.05,-45.4],[-154.18,-45.24],[-154.26,-45.26],[-154.22,-45.38],[-154.06,-45.46]]]},"properties":{"scalerank":0,"featurecla":"Bathymetry","depth":5000}},
{"type":"Feature","geometry":{"type":"Polygon","coordinates":[[[-152.08,-45.4],[-152.52,-45.34],[-152.52,-45.48],[-152.08,-45.4]]]},"properties":{"scalerank":0,"featurecla":"Bathymetry","depth":5000}},
{"type":"Feature","geometry":{"type":"Polygon","coordinates":[[[33.12,-45.16],[33.25,-44.97],[33.2,-44.92],[33.07,-45.05],[33.12,-45.16]]]},"properties":{"scalerank":0,"featurecla":"Bathymetry","depth":5000}},
{"type":"Feature","geometry":{"type":"Polygon","coordinates":[[[142.94,-45.19],[143.09,-45.09],[143.09,-44.93],[142.8,-44.85],[142.93,-45.02],[142.94,-45.19]]]},"properties":{"scalerank":0,"featurecla":"Bathymetry","depth":5000}},
{"type":"Feature","geometry":{"type":"Polygon","coordinates":[[[153.96,-44.88],[153.99,-44.67],[153.88,-44.76],[153.96,-44.88]]]},"properties":{"scalerank":0,"featurecla":"Bathymetry","depth":5000}},
{"type":"Feature","geometry":{"type":"Polygon","coordinates":[[[153.43,-44.73],[153.48,-44.63],[153.31,-44.66],[153.43,-44.73]]]},"properties":{"scalerank":0,"featurecla":"Bathymetry","depth":5000}},
{"type":"Feature","geometry":{"type":"Polygon","coordinates":[[[128.18,-45],[128.14,-44.71],[127.98,-44.68],[127.99,-45.05],[128.18,-45]]]},"properties":{"scalerank":0,"featurecla":"Bathymetry","depth":5000}},
{"type":"Feature","geometry":{"type":"Polygon","coordinates":[[[156.08,-44.9],[156.27,-45.19],[156.55,-45.43],[156.82,-45.49],[156.94,-45.74],[157.17,-45.6],[157.02,-45.46],[156.73,-45.42],[156.52,-45.18],[156.49,-44.63],[156.08,-44.9]]]},"properties":{"scalerank":0,"featurecla":"Bathymetry","depth":5000}},
{"type":"Feature","geometry":{"type":"Polygon","coordinates":[[[-134.13,-44.59],[-134.52,-44.57],[-134.54,-44.69],[-134.38,-44.6],[-134.24,-44.64],[-134.13,-44.59]]]},"properties":{"scalerank":0,"featurecla":"Bathymetry","depth":5000}},
{"type":"Feature","geometry":{"type":"Polygon","coordinates":[[[12.59,-44.55],[12.45,-44.43],[12.36,-44.57],[12.59,-44.55]]]},"properties":{"scalerank":0,"featurecla":"Bathymetry","depth":5000}},
{"type":"Feature","geometry":{"type":"Polygon","coordinates":[[[129.64,-44.5],[129.38,-44.4],[129.28,-44.61],[129.64,-44.5]]]},"properties":{"scalerank":0,"featurecla":"Bathymetry","depth":5000}},
{"type":"Feature","geometry":{"type":"Polygon","coordinates":[[[12.92,-44.36],[12.77,-44.42],[12.79,-44.76],[12.93,-44.7],[12.92,-44.36]]]},"properties":{"scalerank":0,"featurecla":"Bathymetry","depth":5000}},
{"type":"Feature","geometry":{"type":"Polygon","coordinates":[[[13.97,-44.5],[13.81,-44.42],[13.29,-44.61],[13.54,-44.71],[13.97,-44.5]]]},"properties":{"scalerank":0,"featurecla":"Bathymetry","depth":5000}},
{"type":"Feature","geometry":{"type":"Polygon","coordinates":[[[156.27,-44.41],[155.82,-44.43],[155.88,-44.61],[156.26,-44.6],[156.27,-44.41]]]},"properties":{"scalerank":0,"featurecla":"Bathymetry","depth":5000}},
{"type":"Feature","geometry":{"type":"Polygon","coordinates":[[[31.5,-45.33],[31.51,-45.17],[31.73,-44.93],[31.59,-44.64],[31.38,-44.69],[31.32,-44.99],[31.5,-45.33]]]},"properties":{"scalerank":0,"featurecla":"Bathymetry","depth":5000}},
{"type":"Feature","geometry":{"type":"Polygon","coordinates":[[[22.87,-44.45],[22.5,-44.26],[22.33,-44.28],[22.83,-44.47],[22.87,-44.45]]]},"properties":{"scalerank":0,"featurecla":"Bathymetry","depth":5000}},
{"type":"Feature","geometry":{"type":"Polygon","coordinates":[[[126.97,-45.76],[127.07,-45.44],[127.11,-44.79],[127.22,-44.67],[127.08,-44.45],[127.03,-45.26],[126.91,-45.68],[126.97,-45.76]]]},"properties":{"scalerank":0,"featurecla":"Bathymetry","depth":5000}},
{"type":"Feature","geometry":{"type":"Polygon","coordinates":[[[-136.2,-44.18],[-136.61,-44.24],[-136.54,-44.43],[-136.2,-44.18]]]},"properties":{"scalerank":0,"featurecla":"Bathymetry","depth":5000}},
{"type":"Feature","geometry":{"type":"Polygon","coordinates":[[[5.63,-44.07],[5.14,-44.14],[4.82,-44.27],[5.63,-44.07]]]},"properties":{"scalerank":0,"featurecla":"Bathymetry","depth":5000}},
{"type":"Feature","geometry":{"type":"Polygon","coordinates":[[[61.85,-44.27],[61.66,-43.98],[61.53,-44],[61.66,-44.16],[61.85,-44.27]]]},"properties":{"scalerank":0,"featurecla":"Bathymetry","depth":5000}},
{"type":"Feature","geometry":{"type":"Polygon","coordinates":[[[-135.03,-44.14],[-135.03,-43.97],[-135.21,-44.02],[-135.03,-44.14]]]},"properties":{"scalerank":0,"featurecla":"Bathymetry","depth":5000}},
{"type":"Feature","geometry":{"type":"Polygon","coordinates":[[[156.53,-43.9],[156.26,-43.94],[156.38,-44.09],[156.53,-43.9]]]},"properties":{"scalerank":0,"featurecla":"Bathymetry","depth":5000}},
{"type":"Feature","geometry":{"type":"Polygon","coordinates":[[[11.57,-43.85],[11.42,-43.9],[11.28,-43.87],[11.22,-43.98],[11.45,-43.93],[11.57,-43.85]]]},"properties":{"scalerank":0,"featurecla":"Bathymetry","depth":5000}},
{"type":"Feature","geometry":{"type":"Polygon","coordinates":[[[12.55,-43.94],[12.89,-44.04],[12.84,-43.93],[12.55,-43.94]]]},"properties":{"scalerank":0,"featurecla":"Bathymetry","depth":5000}},
{"type":"Feature","geometry":{"type":"Polygon","coordinates":[[[-31.46,-43.87],[-31.42,-43.81],[-31.46,-43.72],[-31.56,-43.76],[-31.46,-43.87]]]},"properties":{"scalerank":0,"featurecla":"Bathymetry","depth":5000}},
{"type":"Feature","geometry":{"type":"Polygon","coordinates":[[[20.23,-43.82],[20.24,-43.65],[20.11,-43.61],[20.11,-43.75],[20.23,-43.82]]]},"properties":{"scalerank":0,"featurecla":"Bathymetry","depth":5000}},
{"type":"Feature","geometry":{"type":"Polygon","coordinates":[[[34.08,-43.46],[34.01,-43.51],[34.04,-43.73],[33.9,-43.88],[34.06,-43.87],[34.08,-43.78],[34.08,-43.46]]]},"properties":{"scalerank":0,"featurecla":"Bathymetry","depth":5000}},
{"type":"Feature","geometry":{"type":"Polygon","coordinates":[[[21.83,-43.49],[21.7,-43.56],[21.55,-43.58],[21.36,-43.56],[21.43,-43.65],[21.6,-43.61],[21.74,-43.62],[21.83,-43.49]]]},"properties":{"scalerank":0,"featurecla":"Bathymetry","depth":5000}},
{"type":"Feature","geometry":{"type":"Polygon","coordinates":[[[24.15,-43.12],[23.99,-43.12],[23.87,-43.37],[24.06,-43.33],[24.15,-43.12]]]},"properties":{"scalerank":0,"featurecla":"Bathymetry","depth":5000}},
{"type":"Feature","geometry":{"type":"Polygon","coordinates":[[[160.16,-43.11],[159.76,-43.38],[160.07,-43.48],[160.27,-43.22],[160.16,-43.11]]]},"properties":{"scalerank":0,"featurecla":"Bathymetry","depth":5000}},
{"type":"Feature","geometry":{"type":"Polygon","coordinates":[[[32.96,-43.11],[32.96,-43.24],[33.08,-43.17],[32.96,-43.11]]]},"properties":{"scalerank":0,"featurecla":"Bathymetry","depth":5000}},
{"type":"Feature","geometry":{"type":"Polygon","coordinates":[[[-158.12,-42.97],[-158.25,-43.04],[-158.12,-43.11],[-158.12,-42.97]]]},"properties":{"scalerank":0,"featurecla":"Bathymetry","depth":5000}},
{"type":"Feature","geometry":{"type":"Polygon","coordinates":[[[162.75,-43.1],[162.55,-42.98],[162.47,-43.04],[162.75,-43.1]]]},"properties":{"scalerank":0,"featurecla":"Bathymetry","depth":5000}},
{"type":"Feature","geometry":{"type":"Polygon","coordinates":[[[-131.76,-43.32],[-131.73,-43.21],[-132.05,-43.02],[-132.16,-43.37],[-131.76,-43.32]]]},"properties":{"scalerank":0,"featurecla":"Bathymetry","depth":5000}},
{"type":"Feature","geometry":{"type":"Polygon","coordinates":[[[-155.56,-43.19],[-156.02,-42.94],[-155.98,-43.15],[-155.77,-43.3],[-155.81,-43.56],[-155.5,-43.49],[-155.56,-43.19]]]},"properties":{"scalerank":0,"featurecla":"Bathymetry","depth":5000}},
{"type":"Feature","geometry":{"type":"Polygon","coordinates":[[[-154.71,-42.97],[-154.69,-42.92],[-154.85,-42.86],[-154.86,-42.96],[-154.71,-42.97]]]},"properties":{"scalerank":0,"featurecla":"Bathymetry","depth":5000}},
{"type":"Feature","geometry":{"type":"Polygon","coordinates":[[[19.59,-42.94],[19.46,-43.01],[19.68,-43.2],[19.74,-43.1],[19.59,-42.94]]]},"properties":{"scalerank":0,"featurecla":"Bathymetry","depth":5000}},
{"type":"Feature","geometry":{"type":"Polygon","coordinates":[[[65.45,-42.94],[65.42,-42.82],[65.52,-42.72],[65.4,-42.67],[65.36,-42.87],[65.45,-42.94]]]},"properties":{"scalerank":0,"featurecla":"Bathymetry","depth":5000}},
{"type":"Feature","geometry":{"type":"Polygon","coordinates":[[[161.52,-42.84],[161.54,-42.79],[161.42,-42.65],[161.39,-42.78],[161.52,-42.84]]]},"properties":{"scalerank":0,"featurecla":"Bathymetry","depth":5000}},
{"type":"Feature","geometry":{"type":"Polygon","coordinates":[[[160.46,-43.01],[160.33,-42.66],[160.1,-42.85],[160.46,-43.01]]]},"properties":{"scalerank":0,"featurecla":"Bathymetry","depth":5000}},
{"type":"Feature","geometry":{"type":"Polygon","coordinates":[[[34.22,-42.93],[34.3,-42.64],[34.2,-42.63],[34.05,-42.85],[34.22,-42.93]]]},"properties":{"scalerank":0,"featurecla":"Bathymetry","depth":5000}},
{"type":"Feature","geometry":{"type":"Polygon","coordinates":[[[-131.81,-42.91],[-131.46,-42.91],[-131.4,-42.7],[-131.81,-42.57],[-131.97,-42.8],[-131.81,-42.91]]]},"properties":{"scalerank":0,"featurecla":"Bathymetry","depth":5000}},
{"type":"Feature","geometry":{"type":"Polygon","coordinates":[[[127.51,-43.46],[127.56,-43.08],[127.65,-42.97],[127.44,-42.86],[127.42,-43.46],[127.51,-43.46]]]},"properties":{"scalerank":0,"featurecla":"Bathymetry","depth":5000}},
{"type":"Feature","geometry":{"type":"Polygon","coordinates":[[[161.81,-42.58],[161.93,-42.5],[161.83,-42.4],[161.66,-42.59],[161.81,-42.58]]]},"properties":{"scalerank":0,"featurecla":"Bathymetry","depth":5000}},
{"type":"Feature","geometry":{"type":"Polygon","coordinates":[[[64.63,-42.67],[64.77,-42.94],[64.4,-43.55],[64.58,-43.56],[64.59,-43.38],[64.75,-43.13],[64.96,-42.91],[64.72,-42.82],[64.63,-42.67]]]},"properties":{"scalerank":0,"featurecla":"Bathymetry","depth":5000}},
{"type":"Feature","geometry":{"type":"Polygon","coordinates":[[[-156.98,-42.47],[-156.94,-42.41],[-157.08,-42.31],[-157.1,-42.44],[-156.98,-42.47]]]},"properties":{"scalerank":0,"featurecla":"Bathymetry","depth":5000}},
{"type":"Feature","geometry":{"type":"Polygon","coordinates":[[[-131.69,-42.25],[-131.74,-42.29],[-131.64,-42.36],[-131.59,-42.34],[-131.69,-42.25]]]},"properties":{"scalerank":0,"featurecla":"Bathymetry","depth":5000}},
{"type":"Feature","geometry":{"type":"Polygon","coordinates":[[[-129.46,-42.36],[-129.55,-42.26],[-129.71,-42.31],[-129.82,-42.53],[-129.6,-42.6],[-129.64,-42.43],[-129.46,-42.36]]]},"properties":{"scalerank":0,"featurecla":"Bathymetry","depth":5000}},
{"type":"Feature","geometry":{"type":"Polygon","coordinates":[[[-130.37,-42.19],[-130.65,-42.19],[-130.67,-42.27],[-130.45,-42.26],[-130.37,-42.19]]]},"properties":{"scalerank":0,"featurecla":"Bathymetry","depth":5000}},
{"type":"Feature","geometry":{"type":"Polygon","coordinates":[[[14.68,-42.18],[14.74,-42.12],[14.67,-42.04],[14.56,-42.14],[14.68,-42.18]]]},"properties":{"scalerank":0,"featurecla":"Bathymetry","depth":5000}},
{"type":"Feature","geometry":{"type":"Polygon","coordinates":[[[136.34,-42.1],[136.31,-42.01],[136.18,-42.08],[136.25,-42.18],[136.34,-42.1]]]},"properties":{"scalerank":0,"featurecla":"Bathymetry","depth":5000}},
{"type":"Feature","geometry":{"type":"Polygon","coordinates":[[[160.15,-41.95],[159.81,-42],[159.88,-42.12],[160.15,-41.95]]]},"properties":{"scalerank":0,"featurecla":"Bathymetry","depth":5000}},
{"type":"Feature","geometry":{"type":"Polygon","coordinates":[[[-128.84,-42.18],[-128.87,-41.97],[-129,-42.07],[-128.84,-42.18]]]},"properties":{"scalerank":0,"featurecla":"Bathymetry","depth":5000}},
{"type":"Feature","geometry":{"type":"Polygon","coordinates":[[[12.37,-42.05],[12.44,-42],[12.22,-41.93],[12.25,-42.03],[12.37,-42.05]]]},"properties":{"scalerank":0,"featurecla":"Bathymetry","depth":5000}},
{"type":"Feature","geometry":{"type":"Polygon","coordinates":[[[-166.63,-41.88],[-166.34,-41.98],[-166.37,-41.89],[-166.63,-41.88]]]},"properties":{"scalerank":0,"featurecla":"Bathymetry","depth":5000}},
{"type":"Feature","geometry":{"type":"Polygon","coordinates":[[[160.72,-41.93],[160.6,-41.84],[160.36,-41.94],[160.42,-42.07],[160.52,-41.96],[160.72,-41.93]]]},"properties":{"scalerank":0,"featurecla":"Bathymetry","depth":5000}},
{"type":"Feature","geometry":{"type":"Polygon","coordinates":[[[138.32,-41.92],[138.16,-41.82],[138.11,-42.04],[138.32,-41.92]]]},"properties":{"scalerank":0,"featurecla":"Bathymetry","depth":5000}},
{"type":"Feature","geometry":{"type":"Polygon","coordinates":[[[137.99,-41.81],[137.64,-41.83],[137.42,-42.13],[137.53,-42.26],[137.96,-42.25],[137.91,-42.08],[137.99,-41.81]]]},"properties":{"scalerank":0,"featurecla":"Bathymetry","depth":5000}},
{"type":"Feature","geometry":{"type":"Polygon","coordinates":[[[60.36,-41.85],[60.18,-41.74],[60.18,-41.93],[60.36,-41.85]]]},"properties":{"scalerank":0,"featurecla":"Bathymetry","depth":5000}},
{"type":"Feature","geometry":{"type":"Polygon","coordinates":[[[-157.13,-41.86],[-157.3,-41.63],[-157.32,-41.78],[-157.13,-41.86]]]},"properties":{"scalerank":0,"featurecla":"Bathymetry","depth":5000}},
{"type":"Feature","geometry":{"type":"Polygon","coordinates":[[[160.84,-41.65],[160.68,-41.57],[160.49,-41.62],[160.53,-41.69],[160.84,-41.65]]]},"properties":{"scalerank":0,"featurecla":"Bathymetry","depth":5000}},
{"type":"Feature","geometry":{"type":"Polygon","coordinates":[[[18.28,-41.95],[18.39,-41.64],[18.29,-41.57],[18.18,-41.78],[18.28,-41.95]]]},"properties":{"scalerank":0,"featurecla":"Bathymetry","depth":5000}},
{"type":"Feature","geometry":{"type":"Polygon","coordinates":[[[135.32,-41.63],[135.34,-41.51],[135.15,-41.55],[135.32,-41.63]]]},"properties":{"scalerank":0,"featurecla":"Bathymetry","depth":5000}},
{"type":"Feature","geometry":{"type":"Polygon","coordinates":[[[117.6,-41.74],[117.64,-41.54],[117.56,-41.58],[117.53,-41.74],[117.6,-41.74]]]},"properties":{"scalerank":0,"featurecla":"Bathymetry","depth":5000}},
{"type":"Feature","geometry":{"type":"Polygon","coordinates":[[[29.86,-41.93],[29.9,-41.66],[29.56,-41.61],[29.68,-41.9],[29.86,-41.93]]]},"properties":{"scalerank":0,"featurecla":"Bathymetry","depth":5000}},
{"type":"Feature","geometry":{"type":"Polygon","coordinates":[[[-97.87,-41.48],[-99.33,-41.5],[-98.76,-41.68],[-98.4,-41.64],[-98.07,-41.67],[-97.87,-41.48]]]},"properties":{"scalerank":0,"featurecla":"Bathymetry","depth":5000}},
{"type":"Feature","geometry":{"type":"Polygon","coordinates":[[[126.53,-41.4],[126.38,-41.35],[126.24,-41.47],[126.47,-41.47],[126.53,-41.4]]]},"properties":{"scalerank":0,"featurecla":"Bathymetry","depth":5000}},
{"type":"Feature","geometry":{"type":"Polygon","coordinates":[[[118.64,-41.64],[118.71,-41.47],[118.59,-41.34],[118.58,-41.59],[118.64,-41.64]]]},"properties":{"scalerank":0,"featurecla":"Bathymetry","depth":5000}},
{"type":"Feature","geometry":{"type":"Polygon","coordinates":[[[17.76,-41.4],[17.55,-41.43],[17.66,-41.58],[17.76,-41.4]]]},"properties":{"scalerank":0,"featurecla":"Bathymetry","depth":5000}},
{"type":"Feature","geometry":{"type":"Polygon","coordinates":[[[-99.42,-41.31],[-99.67,-41.23],[-100.1,-41.22],[-100.09,-41.35],[-99.42,-41.31]]]},"properties":{"scalerank":0,"featurecla":"Bathymetry","depth":5000}},
{"type":"Feature","geometry":{"type":"Polygon","coordinates":[[[-153.8,-41.21],[-153.9,-41.28],[-154.1,-41.23],[-154.29,-41.27],[-154.18,-41.38],[-154.03,-41.32],[-153.95,-41.4],[-153.8,-41.21]]]},"properties":{"scalerank":0,"featurecla":"Bathymetry","depth":5000}},
{"type":"Feature","geometry":{"type":"Polygon","coordinates":[[[60.4,-41.29],[60.38,-41.21],[60.3,-41.13],[60.22,-41.14],[60.28,-41.25],[60.4,-41.29]]]},"properties":{"scalerank":0,"featurecla":"Bathymetry","depth":5000}},
{"type":"Feature","geometry":{"type":"Polygon","coordinates":[[[139.03,-41.28],[139.06,-41.09],[138.81,-41.18],[139.03,-41.28]]]},"properties":{"scalerank":0,"featurecla":"Bathymetry","depth":5000}},
{"type":"Feature","geometry":{"type":"Polygon","coordinates":[[[123.65,-41.06],[123.34,-41.14],[123.17,-41.25],[123.38,-41.48],[123.75,-41.51],[123.65,-41.06]]]},"properties":{"scalerank":0,"featurecla":"Bathymetry","depth":5000}},
{"type":"Feature","geometry":{"type":"Polygon","coordinates":[[[124.59,-41.06],[124.66,-41.19],[124.81,-41.07],[124.59,-41.06]]]},"properties":{"scalerank":0,"featurecla":"Bathymetry","depth":5000}},
{"type":"Feature","geometry":{"type":"Polygon","coordinates":[[[121.5,-41.38],[121.55,-41.28],[121.49,-41.17],[121.52,-41],[121.33,-41.1],[121.46,-41.21],[121.5,-41.38]]]},"properties":{"scalerank":0,"featurecla":"Bathymetry","depth":5000}},
{"type":"Feature","geometry":{"type":"Polygon","coordinates":[[[15.47,-41.01],[15.16,-41.01],[15.23,-41.07],[15.38,-41.09],[15.47,-41.01]]]},"properties":{"scalerank":0,"featurecla":"Bathymetry","depth":5000}},
{"type":"Feature","geometry":{"type":"Polygon","coordinates":[[[153.62,-40.99],[153.2,-41.05],[153.41,-41.14],[153.62,-40.99]]]},"properties":{"scalerank":0,"featurecla":"Bathymetry","depth":5000}},
{"type":"Feature","geometry":{"type":"Polygon","coordinates":[[[64.3,-41.16],[64.27,-41.04],[64.13,-40.97],[64.11,-41.12],[64.3,-41.16]]]},"properties":{"scalerank":0,"featurecla":"Bathymetry","depth":5000}},
{"type":"Feature","geometry":{"type":"Polygon","coordinates":[[[-154.13,-41.05],[-154.36,-40.91],[-154.49,-41.14],[-154.13,-41.05]]]},"properties":{"scalerank":0,"featurecla":"Bathymetry","depth":5000}},
{"type":"Feature","geometry":{"type":"Polygon","coordinates":[[[153.04,-40.98],[152.86,-40.85],[152.68,-40.84],[152.63,-40.98],[153.04,-40.98]]]},"properties":{"scalerank":0,"featurecla":"Bathymetry","depth":5000}},
{"type":"Feature","geometry":{"type":"Polygon","coordinates":[[[16.94,-40.78],[17.08,-41.06],[17.69,-41.18],[18.03,-41.2],[17.97,-40.88],[18.46,-41.02],[18.53,-41.32],[19.05,-41.37],[19.33,-41.55],[19.35,-41.68],[19.82,-41.64],[19.27,-41.22],[18.94,-41.24],[18.81,-41.06],[18.42,-40.94],[18.02,-40.73],[17.69,-40.78],[17.86,-40.99],[17.59,-41.12],[16.94,-40.78]]]},"properties":{"scalerank":0,"featurecla":"Bathymetry","depth":5000}},
{"type":"Feature","geometry":{"type":"Polygon","coordinates":[[[118.86,-40.87],[118.68,-40.78],[118.71,-40.92],[118.86,-40.87]]]},"properties":{"scalerank":0,"featurecla":"Bathymetry","depth":5000}},
{"type":"Feature","geometry":{"type":"Polygon","coordinates":[[[17.38,-40.77],[17.37,-40.66],[17.25,-40.71],[17.38,-40.77]]]},"properties":{"scalerank":0,"featurecla":"Bathymetry","depth":5000}},
{"type":"Feature","geometry":{"type":"Polygon","coordinates":[[[124.62,-40.61],[124.64,-40.53],[124.49,-40.48],[124.46,-40.56],[124.62,-40.61]]]},"properties":{"scalerank":0,"featurecla":"Bathymetry","depth":5000}},
{"type":"Feature","geometry":{"type":"Polygon","coordinates":[[[-154.1,-40.72],[-153.94,-40.99],[-153.59,-40.92],[-153.69,-40.62],[-154.1,-40.72]]]},"properties":{"scalerank":0,"featurecla":"Bathymetry","depth":5000}},
{"type":"Feature","geometry":{"type":"Polygon","coordinates":[[[16.45,-40.39],[16.11,-40.43],[16.16,-40.56],[16.32,-40.51],[16.45,-40.39]]]},"properties":{"scalerank":0,"featurecla":"Bathymetry","depth":5000}},
{"type":"Feature","geometry":{"type":"Polygon","coordinates":[[[121.58,-40.99],[121.93,-40.73],[122.1,-40.68],[122.32,-40.34],[121.87,-40.73],[121.66,-40.8],[121.58,-40.99]]]},"properties":{"scalerank":0,"featurecla":"Bathymetry","depth":5000}},
{"type":"Feature","geometry":{"type":"Polygon","coordinates":[[[117.86,-40.8],[117.9,-40.64],[118.02,-40.49],[117.9,-40.26],[117.89,-40.54],[117.8,-40.76],[117.86,-40.8]]]},"properties":{"scalerank":0,"featurecla":"Bathymetry","depth":5000}},
{"type":"Feature","geometry":{"type":"Polygon","coordinates":[[[123.29,-40.15],[123.12,-40.25],[123.1,-40.44],[123.36,-40.42],[123.29,-40.15]]]},"properties":{"scalerank":0,"featurecla":"Bathymetry","depth":5000}},
{"type":"Feature","geometry":{"type":"Polygon","coordinates":[[[120.25,-40.12],[119.91,-40.16],[120.07,-40.23],[120.25,-40.12]]]},"properties":{"scalerank":0,"featurecla":"Bathymetry","depth":5000}},
{"type":"Feature","geometry":{"type":"Polygon","coordinates":[[[17.52,-40.32],[17.61,-40.03],[17.41,-40.04],[17.52,-40.32]]]},"properties":{"scalerank":0,"featurecla":"Bathymetry","depth":5000}},
{"type":"Feature","geometry":{"type":"Polygon","coordinates":[[[-35.12,-40.22],[-34.9,-40.01],[-35.02,-40.01],[-35.14,-40.09],[-35.12,-40.22]]]},"properties":{"scalerank":0,"featurecla":"Bathymetry","depth":5000}},
{"type":"Feature","geometry":{"type":"Polygon","coordinates":[[[64.43,-39.95],[64.26,-39.96],[64.49,-40.13],[64.43,-39.95]]]},"properties":{"scalerank":0,"featurecla":"Bathymetry","depth":5000}},
{"type":"Feature","geometry":{"type":"Polygon","coordinates":[[[158.89,-40.2],[158.88,-39.98],[158.7,-39.78],[158.53,-39.82],[158.71,-40.18],[158.89,-40.2]]]},"properties":{"scalerank":0,"featurecla":"Bathymetry","depth":5000}},
{"type":"Feature","geometry":{"type":"Polygon","coordinates":[[[-167.52,-39.86],[-167.63,-40.05],[-167.39,-40.12],[-167.01,-40.14],[-166.97,-39.97],[-167.52,-39.86]]]},"properties":{"scalerank":0,"featurecla":"Bathymetry","depth":5000}},
{"type":"Feature","geometry":{"type":"Polygon","coordinates":[[[119.64,-40.13],[119.76,-40.03],[119.75,-39.87],[119.64,-39.85],[119.59,-40.04],[119.64,-40.13]]]},"properties":{"scalerank":0,"featurecla":"Bathymetry","depth":5000}},
{"type":"Feature","geometry":{"type":"Polygon","coordinates":[[[120.15,-39.93],[120.27,-39.86],[120.28,-39.63],[120.1,-39.9],[120.15,-39.93]]]},"properties":{"scalerank":0,"featurecla":"Bathymetry","depth":5000}},
{"type":"Feature","geometry":{"type":"Polygon","coordinates":[[[158.42,-39.49],[158.26,-39.59],[158.44,-39.64],[158.42,-39.49]]]},"properties":{"scalerank":0,"featurecla":"Bathymetry","depth":5000}},
{"type":"Feature","geometry":{"type":"Polygon","coordinates":[[[-35.47,-39.49],[-35.57,-39.53],[-35.5,-39.6],[-35.45,-39.55],[-35.47,-39.49]]]},"properties":{"scalerank":0,"featurecla":"Bathymetry","depth":5000}},
{"type":"Feature","geometry":{"type":"Polygon","coordinates":[[[157.18,-39.95],[156.72,-39.5],[156.92,-39.98],[157.18,-39.95]]]},"properties":{"scalerank":0,"featurecla":"Bathymetry","depth":5000}},
{"type":"Feature","geometry":{"type":"Polygon","coordinates":[[[17.55,-39.52],[17.51,-39.39],[17.42,-39.5],[17.55,-39.52]]]},"properties":{"scalerank":0,"featurecla":"Bathymetry","depth":5000}},
{"type":"Feature","geometry":{"type":"Polygon","coordinates":[[[17.3,-39.51],[17.05,-39.45],[17.14,-39.62],[17.3,-39.51]]]},"properties":{"scalerank":0,"featurecla":"Bathymetry","depth":5000}},
{"type":"Feature","geometry":{"type":"Polygon","coordinates":[[[-34.44,-39.36],[-34.7,-39.4],[-34.51,-39.6],[-34.13,-39.7],[-33.84,-39.61],[-34.44,-39.36]]]},"properties":{"scalerank":0,"featurecla":"Bathymetry","depth":5000}},
{"type":"Feature","geometry":{"type":"Polygon","coordinates":[[[156.53,-39.28],[156.62,-39.18],[156.43,-39.15],[156.53,-39.28]]]},"properties":{"scalerank":0,"featurecla":"Bathymetry","depth":5000}},
{"type":"Feature","geometry":{"type":"Polygon","coordinates":[[[118.82,-39.41],[118.9,-39.34],[118.72,-39.26],[118.73,-39.41],[118.82,-39.41]]]},"properties":{"scalerank":0,"featurecla":"Bathymetry","depth":5000}},
{"type":"Feature","geometry":{"type":"Polygon","coordinates":[[[159.29,-39.21],[158.86,-39.19],[158.88,-39.44],[159.16,-39.33],[159.19,-39.57],[158.92,-39.61],[159.23,-39.85],[159.38,-39.69],[159.24,-39.35],[159.29,-39.21]]]},"properties":{"scalerank":0,"featurecla":"Bathymetry","depth":5000}},
{"type":"Feature","geometry":{"type":"Polygon","coordinates":[[[34.28,-39.41],[34.27,-39.22],[34.2,-39.26],[34.22,-39.38],[34.28,-39.41]]]},"properties":{"scalerank":0,"featurecla":"Bathymetry","depth":5000}},
{"type":"Feature","geometry":{"type":"Polygon","coordinates":[[[-153.41,-39.17],[-153.46,-39.09],[-153.75,-39.23],[-153.62,-39.31],[-153.41,-39.17]]]},"properties":{"scalerank":0,"featurecla":"Bathymetry","depth":5000}},
{"type":"Feature","geometry":{"type":"Polygon","coordinates":[[[119.33,-39.3],[119.28,-39.19],[119.13,-39.42],[119.21,-39.43],[119.33,-39.3]]]},"properties":{"scalerank":0,"featurecla":"Bathymetry","depth":5000}},
{"type":"Feature","geometry":{"type":"Polygon","coordinates":[[[121.63,-39.02],[121.57,-38.95],[121.43,-39.05],[121.41,-39.22],[121.63,-39.02]]]},"properties":{"scalerank":0,"featurecla":"Bathymetry","depth":5000}},
{"type":"Feature","geometry":{"type":"Polygon","coordinates":[[[-175.59,-39.12],[-175.56,-39.02],[-175.72,-38.94],[-175.76,-39.06],[-175.59,-39.12]]]},"properties":{"scalerank":0,"featurecla":"Bathymetry","depth":5000}},
{"type":"Feature","geometry":{"type":"Polygon","coordinates":[[[-33.98,-39.14],[-33.92,-39],[-34.04,-38.92],[-34.02,-39.12],[-33.98,-39.14]]]},"properties":{"scalerank":0,"featurecla":"Bathymetry","depth":5000}},
{"type":"Feature","geometry":{"type":"Polygon","coordinates":[[[18.67,-38.83],[18.63,-38.7],[18.46,-38.73],[18.43,-38.85],[18.67,-38.83]]]},"properties":{"scalerank":0,"featurecla":"Bathymetry","depth":5000}},
{"type":"Feature","geometry":{"type":"Polygon","coordinates":[[[-159.71,-38.95],[-159.55,-38.8],[-159.79,-38.79],[-159.71,-38.95]]]},"properties":{"scalerank":0,"featurecla":"Bathymetry","depth":5000}},
{"type":"Feature","geometry":{"type":"Polygon","coordinates":[[[64.71,-38.73],[64.44,-39.17],[64.44,-39.34],[64.26,-39.43],[64,-39.28],[63.97,-39.53],[64.09,-39.71],[64.43,-39.61],[64.58,-39.09],[64.74,-38.96],[64.71,-38.73]]]},"properties":{"scalerank":0,"featurecla":"Bathymetry","depth":5000}},
{"type":"Feature","geometry":{"type":"Polygon","coordinates":[[[120.96,-38.6],[120.86,-38.78],[121.1,-38.83],[120.96,-38.6]]]},"properties":{"scalerank":0,"featurecla":"Bathymetry","depth":5000}},
{"type":"Feature","geometry":{"type":"Polygon","coordinates":[[[160.34,-38.61],[159.93,-38.59],[159.87,-38.84],[160.13,-38.88],[160.34,-38.61]]]},"properties":{"scalerank":0,"featurecla":"Bathymetry","depth":5000}},
{"type":"Feature","geometry":{"type":"Polygon","coordinates":[[[139.25,-38.66],[139.29,-38.6],[139.1,-38.54],[139.13,-38.63],[139.25,-38.66]]]},"properties":{"scalerank":0,"featurecla":"Bathymetry","depth":5000}},
{"type":"Feature","geometry":{"type":"Polygon","coordinates":[[[-32.53,-38.7],[-32.66,-38.81],[-32.5,-38.95],[-32.45,-38.8],[-32.53,-38.7]]]},"properties":{"scalerank":0,"featurecla":"Bathymetry","depth":5000}},
{"type":"Feature","geometry":{"type":"Polygon","coordinates":[[[-35.78,-38.81],[-35.67,-38.7],[-35.77,-38.55],[-35.88,-38.65],[-35.78,-38.81]]]},"properties":{"scalerank":0,"featurecla":"Bathymetry","depth":5000}},
{"type":"Feature","geometry":{"type":"Polygon","coordinates":[[[-132.68,-39.28],[-132.6,-39.17],[-132.17,-39.1],[-131.98,-38.72],[-132.17,-38.57],[-132.69,-38.75],[-132.79,-39.13],[-132.68,-39.28]]]},"properties":{"scalerank":0,"featurecla":"Bathymetry","depth":5000}},
{"type":"Feature","geometry":{"type":"Polygon","coordinates":[[[121.79,-38.72],[121.9,-38.47],[121.73,-38.54],[121.68,-38.64],[121.79,-38.72]]]},"properties":{"scalerank":0,"featurecla":"Bathymetry","depth":5000}},
{"type":"Feature","geometry":{"type":"Polygon","coordinates":[[[121.34,-38.46],[121.18,-38.42],[121.12,-38.49],[121.34,-38.46]]]},"properties":{"scalerank":0,"featurecla":"Bathymetry","depth":5000}},
{"type":"Feature","geometry":{"type":"Polygon","coordinates":[[[-34.24,-38.99],[-34.36,-38.58],[-34.75,-38.67],[-34.81,-38.98],[-34.57,-39.04],[-34.24,-38.99]]]},"properties":{"scalerank":0,"featurecla":"Bathymetry","depth":5000}},
{"type":"Feature","geometry":{"type":"Polygon","coordinates":[[[56.96,-38.08],[56.77,-38.1],[56.93,-38.42],[57.14,-38.18],[56.96,-38.08]]]},"properties":{"scalerank":0,"featurecla":"Bathymetry","depth":5000}},
{"type":"Feature","geometry":{"type":"Polygon","coordinates":[[[-159.89,-38.09],[-160.04,-38.09],[-160.04,-38.32],[-159.72,-38.23],[-159.89,-38.09]]]},"properties":{"scalerank":0,"featurecla":"Bathymetry","depth":5000}},
{"type":"Feature","geometry":{"type":"Polygon","coordinates":[[[105.61,-38.07],[105.46,-38.08],[105.34,-38.15],[105.21,-38.08],[105.21,-38.22],[105.27,-38.25],[105.61,-38.07]]]},"properties":{"scalerank":0,"featurecla":"Bathymetry","depth":5000}},
{"type":"Feature","geometry":{"type":"Polygon","coordinates":[[[150.81,-38.01],[150.7,-37.98],[150.72,-38.15],[150.79,-38.18],[150.81,-38.01]]]},"properties":{"scalerank":0,"featurecla":"Bathymetry","depth":5000}},
{"type":"Feature","geometry":{"type":"Polygon","coordinates":[[[19.58,-38.24],[19.9,-38.04],[19.78,-37.87],[19.59,-37.96],[19.58,-38.24]]]},"properties":{"scalerank":0,"featurecla":"Bathymetry","depth":5000}},
{"type":"Feature","geometry":{"type":"Polygon","coordinates":[[[106.99,-37.97],[107.27,-37.82],[107.2,-37.73],[107.12,-37.84],[106.97,-37.89],[106.99,-37.97]]]},"properties":{"scalerank":0,"featurecla":"Bathymetry","depth":5000}},
{"type":"Feature","geometry":{"type":"Polygon","coordinates":[[[14.76,-37.94],[14.94,-37.81],[14.79,-37.75],[14.76,-37.94]]]},"properties":{"scalerank":0,"featurecla":"Bathymetry","depth":5000}},
{"type":"Feature","geometry":{"type":"Polygon","coordinates":[[[6.82,-37.82],[6.96,-37.8],[7.15,-37.67],[7.1,-37.6],[6.82,-37.82]]]},"properties":{"scalerank":0,"featurecla":"Bathymetry","depth":5000}},
{"type":"Feature","geometry":{"type":"Polygon","coordinates":[[[-1.01,-37.63],[-1.11,-37.57],[-1.19,-37.71],[-1.04,-37.71],[-1.01,-37.63]]]},"properties":{"scalerank":0,"featurecla":"Bathymetry","depth":5000}},
{"type":"Feature","geometry":{"type":"Polygon","coordinates":[[[-39.01,-37.73],[-38.91,-37.66],[-38.89,-37.57],[-38.97,-37.56],[-39.04,-37.64],[-39.01,-37.73]]]},"properties":{"scalerank":0,"featurecla":"Bathymetry","depth":5000}},
{"type":"Feature","geometry":{"type":"Polygon","coordinates":[[[-134.5,-37.59],[-134.47,-37.49],[-134.53,-37.48],[-134.6,-37.55],[-134.5,-37.59]]]},"properties":{"scalerank":0,"featurecla":"Bathymetry","depth":5000}},
{"type":"Feature","geometry":{"type":"Polygon","coordinates":[[[-0.38,-37.42],[-0.15,-37.29],[-0.42,-37.22],[-0.38,-37.42]]]},"properties":{"scalerank":0,"featurecla":"Bathymetry","depth":5000}},
{"type":"Feature","geometry":{"type":"Polygon","coordinates":[[[-0.65,-37.15],[-0.83,-37.26],[-0.94,-37.23],[-1.11,-37.33],[-0.84,-37.39],[-0.64,-37.24],[-0.65,-37.15]]]},"properties":{"scalerank":0,"featurecla":"Bathymetry","depth":5000}},
{"type":"Feature","geometry":{"type":"Polygon","coordinates":[[[-134.29,-37.05],[-134.31,-37.18],[-134.17,-37.17],[-134.29,-37.05]]]},"properties":{"scalerank":0,"featurecla":"Bathymetry","depth":5000}},
{"type":"Feature","geometry":{"type":"Polygon","coordinates":[[[105.85,-37.33],[105.79,-37.15],[105.84,-37.03],[105.68,-37.01],[105.73,-37.13],[105.74,-37.25],[105.85,-37.33]]]},"properties":{"scalerank":0,"featurecla":"Bathymetry","depth":5000}},
{"type":"Feature","geometry":{"type":"Polygon","coordinates":[[[-143.97,-37.15],[-144.19,-37.27],[-144.03,-37.44],[-143.97,-37.15]]]},"properties":{"scalerank":0,"featurecla":"Bathymetry","depth":5000}},
{"type":"Feature","geometry":{"type":"Polygon","coordinates":[[[-166.38,-37.1],[-166.27,-36.96],[-166.38,-36.91],[-166.44,-37.06],[-166.38,-37.1]]]},"properties":{"scalerank":0,"featurecla":"Bathymetry","depth":5000}},
{"type":"Feature","geometry":{"type":"Polygon","coordinates":[[[0.82,-37.13],[0.98,-37.03],[0.86,-36.97],[0.82,-37.13]]]},"properties":{"scalerank":0,"featurecla":"Bathymetry","depth":5000}},
{"type":"Feature","geometry":{"type":"Polygon","coordinates":[[[-143.21,-37.1],[-143.47,-36.83],[-143.56,-37],[-143.33,-37.12],[-143.25,-37.45],[-143.11,-37.67],[-142.82,-37.63],[-143.21,-37.39],[-143.21,-37.1]]]},"properties":{"scalerank":0,"featurecla":"Bathymetry","depth":5000}},
{"type":"Feature","geometry":{"type":"Polygon","coordinates":[[[-132.34,-37.44],[-132.58,-37.34],[-132.86,-37.11],[-132.98,-37.1],[-133.36,-36.78],[-133.16,-37.17],[-132.75,-37.3],[-132.46,-37.53],[-132.34,-37.44]]]},"properties":{"scalerank":0,"featurecla":"Bathymetry","depth":5000}},
{"type":"Feature","geometry":{"type":"Polygon","coordinates":[[[-140.34,-36.72],[-140.58,-36.72],[-140.67,-36.8],[-140.37,-36.88],[-140.34,-36.72]]]},"properties":{"scalerank":0,"featurecla":"Bathymetry","depth":5000}},
{"type":"Feature","geometry":{"type":"Polygon","coordinates":[[[158.86,-37.15],[158.78,-37.05],[158.88,-36.79],[158.66,-36.76],[158.58,-37.3],[158.42,-37.51],[158.72,-37.56],[159.14,-37.18],[158.86,-37.15]]]},"properties":{"scalerank":0,"featurecla":"Bathymetry","depth":5000}},
{"type":"Feature","geometry":{"type":"Polygon","coordinates":[[[0.27,-36.71],[-0.04,-36.63],[-0.24,-36.72],[-0.66,-36.79],[-0.43,-36.93],[-0.14,-36.87],[0.02,-37.2],[-0.02,-37.36],[0.18,-37.55],[0.32,-37.1],[0.12,-37.14],[-0.01,-36.91],[0.06,-36.75],[0.27,-36.71]]]},"properties":{"scalerank":0,"featurecla":"Bathymetry","depth":5000}},
{"type":"Feature","geometry":{"type":"Polygon","coordinates":[[[-139.64,-36.72],[-139.69,-36.56],[-139.92,-36.56],[-139.84,-36.71],[-139.64,-36.72]]]},"properties":{"scalerank":0,"featurecla":"Bathymetry","depth":5000}},
{"type":"Feature","geometry":{"type":"Polygon","coordinates":[[[52.28,-37.13],[52.39,-37.02],[52.37,-36.77],[52.25,-37.1],[52.28,-37.13]]]},"properties":{"scalerank":0,"featurecla":"Bathymetry","depth":5000}},
{"type":"Feature","geometry":{"type":"Polygon","coordinates":[[[105.32,-36.81],[105.31,-36.52],[105.22,-36.71],[105.32,-36.81]]]},"properties":{"scalerank":0,"featurecla":"Bathymetry","depth":5000}},
{"type":"Feature","geometry":{"type":"Polygon","coordinates":[[[-166.28,-36.76],[-166.18,-36.58],[-166.25,-36.57],[-166.3,-36.67],[-166.28,-36.76]]]},"properties":{"scalerank":0,"featurecla":"Bathymetry","depth":5000}},
{"type":"Feature","geometry":{"type":"Polygon","coordinates":[[[-124.59,-36.61],[-124.62,-36.52],[-124.7,-36.55],[-124.59,-36.61]]]},"properties":{"scalerank":0,"featurecla":"Bathymetry","depth":5000}},
{"type":"Feature","geometry":{"type":"Polygon","coordinates":[[[35.42,-36.35],[35.42,-36.51],[35.11,-36.88],[35.22,-37.31],[34.88,-37.74],[34.9,-37.99],[35.08,-37.95],[35.1,-37.67],[35.3,-37.49],[35.4,-36.82],[35.53,-36.73],[35.66,-36.39],[35.42,-36.35]]]},"properties":{"scalerank":0,"featurecla":"Bathymetry","depth":5000}},
{"type":"Feature","geometry":{"type":"Polygon","coordinates":[[[41.76,-36.67],[41.87,-36.59],[41.98,-36.38],[41.88,-36.27],[41.83,-36.55],[41.76,-36.67]]]},"properties":{"scalerank":0,"featurecla":"Bathymetry","depth":5000}},
{"type":"Feature","geometry":{"type":"Polygon","coordinates":[[[104.33,-36.3],[104.24,-36.16],[104.04,-36.33],[104.16,-36.4],[104.33,-36.3]]]},"properties":{"scalerank":0,"featurecla":"Bathymetry","depth":5000}},
{"type":"Feature","geometry":{"type":"Polygon","coordinates":[[[155.5,-36.44],[155.58,-36.31],[155.54,-36.22],[155.38,-36.17],[155.5,-36.44]]]},"properties":{"scalerank":0,"featurecla":"Bathymetry","depth":5000}},
{"type":"Feature","geometry":{"type":"Polygon","coordinates":[[[160.25,-36.19],[160.1,-36.02],[159.98,-36.12],[160.25,-36.19]]]},"properties":{"scalerank":0,"featurecla":"Bathymetry","depth":5000}},
{"type":"Feature","geometry":{"type":"Polygon","coordinates":[[[-140.35,-36.19],[-140.44,-35.97],[-140.66,-36.12],[-140.35,-36.19]]]},"properties":{"scalerank":0,"featurecla":"Bathymetry","depth":5000}},
{"type":"Feature","geometry":{"type":"Polygon","coordinates":[[[152.16,-36],[152.06,-36],[152.09,-36.12],[152.23,-36.1],[152.16,-36]]]},"properties":{"scalerank":0,"featurecla":"Bathymetry","depth":5000}},
{"type":"Feature","geometry":{"type":"Polygon","coordinates":[[[-166.24,-36.18],[-166.14,-36.12],[-166.21,-35.98],[-166.29,-36.15],[-166.24,-36.18]]]},"properties":{"scalerank":0,"featurecla":"Bathymetry","depth":5000}},
{"type":"Feature","geometry":{"type":"Polygon","coordinates":[[[-139.18,-35.95],[-139.45,-36.06],[-139.39,-36.22],[-139.18,-35.95]]]},"properties":{"scalerank":0,"featurecla":"Bathymetry","depth":5000}},
{"type":"Feature","geometry":{"type":"Polygon","coordinates":[[[158.84,-35.92],[158.95,-35.77],[158.77,-35.75],[158.84,-35.92]]]},"properties":{"scalerank":0,"featurecla":"Bathymetry","depth":5000}},
{"type":"Feature","geometry":{"type":"Polygon","coordinates":[[[-139.47,-35.67],[-139.57,-35.63],[-139.94,-35.81],[-140.3,-35.87],[-140.17,-35.97],[-139.94,-35.99],[-139.85,-35.83],[-139.47,-35.67]]]},"properties":{"scalerank":0,"featurecla":"Bathymetry","depth":5000}},
{"type":"Feature","geometry":{"type":"Polygon","coordinates":[[[60.6,-35.57],[60.57,-35.35],[60.43,-35.34],[60.6,-35.57]]]},"properties":{"scalerank":0,"featurecla":"Bathymetry","depth":5000}},
{"type":"Feature","geometry":{"type":"Polygon","coordinates":[[[154.31,-35.26],[154.19,-35.14],[154.12,-35.31],[154.31,-35.26]]]},"properties":{"scalerank":0,"featurecla":"Bathymetry","depth":5000}},
{"type":"Feature","geometry":{"type":"Polygon","coordinates":[[[154.55,-35.19],[154.73,-35.08],[154.63,-34.95],[154.49,-34.99],[154.55,-35.19]]]},"properties":{"scalerank":0,"featurecla":"Bathymetry","depth":5000}},
{"type":"Feature","geometry":{"type":"Polygon","coordinates":[[[153.99,-35.18],[153.96,-35.06],[153.86,-34.94],[153.78,-34.93],[153.92,-35.19],[153.99,-35.18]]]},"properties":{"scalerank":0,"featurecla":"Bathymetry","depth":5000}},
{"type":"Feature","geometry":{"type":"Polygon","coordinates":[[[159.1,-34.95],[159.02,-34.83],[158.93,-34.9],[159.1,-34.95]]]},"properties":{"scalerank":0,"featurecla":"Bathymetry","depth":5000}},
{"type":"Feature","geometry":{"type":"Polygon","coordinates":[[[57.91,-35.11],[58.03,-34.77],[57.91,-34.91],[57.88,-35.08],[57.91,-35.11]]]},"properties":{"scalerank":0,"featurecla":"Bathymetry","depth":5000}},
{"type":"Feature","geometry":{"type":"Polygon","coordinates":[[[61.73,-34.88],[61.44,-34.96],[61.42,-35.07],[61.1,-35.42],[60.98,-35.66],[60.83,-35.72],[61.06,-35.95],[61.2,-35.96],[61.35,-35.67],[61.53,-35.53],[61.54,-35.3],[61.73,-34.88]]]},"properties":{"scalerank":0,"featurecla":"Bathymetry","depth":5000}},
{"type":"Feature","geometry":{"type":"Polygon","coordinates":[[[-142.27,-34.88],[-142.31,-34.69],[-142.42,-34.8],[-142.27,-34.88]]]},"properties":{"scalerank":0,"featurecla":"Bathymetry","depth":5000}},
{"type":"Feature","geometry":{"type":"Polygon","coordinates":[[[-141.23,-34.61],[-141.48,-34.56],[-141.48,-34.64],[-141.23,-34.61]]]},"properties":{"scalerank":0,"featurecla":"Bathymetry","depth":5000}},
{"type":"Feature","geometry":{"type":"Polygon","coordinates":[[[-29.69,-34.4],[-29.59,-34.49],[-29.35,-34.49],[-28.98,-34.62],[-29.14,-34.41],[-29.5,-34.46],[-29.69,-34.4]]]},"properties":{"scalerank":0,"featurecla":"Bathymetry","depth":5000}},
{"type":"Feature","geometry":{"type":"Polygon","coordinates":[[[94.2,-34.49],[94.3,-34.4],[94.15,-34.32],[94.11,-34.45],[94.2,-34.49]]]},"properties":{"scalerank":0,"featurecla":"Bathymetry","depth":5000}},
{"type":"Feature","geometry":{"type":"Polygon","coordinates":[[[62.08,-34.52],[62.06,-34.39],[61.94,-34.47],[62.08,-34.52]]]},"properties":{"scalerank":0,"featurecla":"Bathymetry","depth":5000}},
{"type":"Feature","geometry":{"type":"Polygon","coordinates":[[[-140.09,-34.45],[-140.06,-34.34],[-140.14,-34.23],[-140.19,-34.26],[-140.09,-34.45]]]},"properties":{"scalerank":0,"featurecla":"Bathymetry","depth":5000}},
{"type":"Feature","geometry":{"type":"Polygon","coordinates":[[[-136.61,-34.12],[-136.76,-34.02],[-136.82,-34.07],[-136.69,-34.2],[-136.61,-34.12]]]},"properties":{"scalerank":0,"featurecla":"Bathymetry","depth":5000}},
{"type":"Feature","geometry":{"type":"Polygon","coordinates":[[[-39.17,-33.9],[-39.39,-34.04],[-39.13,-34.18],[-39.17,-33.9]]]},"properties":{"scalerank":0,"featurecla":"Bathymetry","depth":5000}},
{"type":"Feature","geometry":{"type":"Polygon","coordinates":[[[154.6,-33.94],[154.52,-33.78],[154.43,-33.89],[154.6,-33.94]]]},"properties":{"scalerank":0,"featurecla":"Bathymetry","depth":5000}},
{"type":"Feature","geometry":{"type":"Polygon","coordinates":[[[-31.17,-33.72],[-31.23,-33.79],[-30.98,-33.77],[-31.17,-33.72]]]},"properties":{"scalerank":0,"featurecla":"Bathymetry","depth":5000}},
{"type":"Feature","geometry":{"type":"Polygon","coordinates":[[[154.22,-34.03],[154.09,-33.73],[153.88,-33.66],[153.84,-33.86],[154.07,-34.09],[154.06,-34.32],[154.18,-34.44],[154.48,-34.53],[154.22,-34.03]]]},"properties":{"scalerank":0,"featurecla":"Bathymetry","depth":5000}},
{"type":"Feature","geometry":{"type":"Polygon","coordinates":[[[-160.52,-33.7],[-160.58,-33.52],[-160.63,-33.65],[-160.52,-33.7]]]},"properties":{"scalerank":0,"featurecla":"Bathymetry","depth":5000}},
{"type":"Feature","geometry":{"type":"Polygon","coordinates":[[[-142.05,-33.43],[-142.2,-33.72],[-141.83,-33.74],[-141.85,-33.43],[-142.05,-33.43]]]},"properties":{"scalerank":0,"featurecla":"Bathymetry","depth":5000}},
{"type":"Feature","geometry":{"type":"Polygon","coordinates":[[[64.96,-33.7],[65.32,-33.48],[65.26,-33.42],[64.96,-33.7]]]},"properties":{"scalerank":0,"featurecla":"Bathymetry","depth":5000}},
{"type":"Feature","geometry":{"type":"Polygon","coordinates":[[[10.54,-33.38],[10.63,-33.55],[10.79,-33.5],[10.54,-33.38]]]},"properties":{"scalerank":0,"featurecla":"Bathymetry","depth":5000}},
{"type":"Feature","geometry":{"type":"Polygon","coordinates":[[[62.4,-33.86],[62.16,-33.6],[62.1,-33.79],[62.4,-33.86]]]},"properties":{"scalerank":0,"featurecla":"Bathymetry","depth":5000}},
{"type":"Feature","geometry":{"type":"Polygon","coordinates":[[[64.75,-33.14],[64.65,-33.19],[64.81,-33.26],[64.87,-33.2],[64.75,-33.14]]]},"properties":{"scalerank":0,"featurecla":"Bathymetry","depth":5000}},
{"type":"Feature","geometry":{"type":"Polygon","coordinates":[[[58.24,-33.41],[58.33,-33.06],[58.22,-33.07],[58.24,-33.41]]]},"properties":{"scalerank":0,"featurecla":"Bathymetry","depth":5000}},
{"type":"Feature","geometry":{"type":"Polygon","coordinates":[[[61.61,-33.1],[61.45,-33.04],[61.14,-33.12],[61.16,-33.32],[61.09,-33.85],[61.41,-33.8],[61.68,-33.37],[61.61,-33.1]]]},"properties":{"scalerank":0,"featurecla":"Bathymetry","depth":5000}},
{"type":"Feature","geometry":{"type":"Polygon","coordinates":[[[97.14,-32.71],[97.12,-32.83],[97.34,-32.97],[97.41,-32.86],[97.14,-32.71]]]},"properties":{"scalerank":0,"featurecla":"Bathymetry","depth":5000}},
{"type":"Feature","geometry":{"type":"Polygon","coordinates":[[[100.15,-32.85],[99.75,-32.73],[100.24,-33.13],[100.63,-33.17],[100.76,-33.27],[101.04,-33.37],[101.23,-33.67],[101.71,-33.54],[101.75,-33.36],[101.57,-33.27],[101.21,-33.21],[100.79,-33.25],[100.7,-33.08],[100.51,-33.06],[100.45,-32.86],[100.15,-32.85]]]},"properties":{"scalerank":0,"featurecla":"Bathymetry","depth":5000}},
{"type":"Feature","geometry":{"type":"Polygon","coordinates":[[[155.8,-32.75],[155.64,-32.69],[155.34,-32.76],[155.27,-33.01],[155.67,-32.99],[155.8,-32.75]]]},"properties":{"scalerank":0,"featurecla":"Bathymetry","depth":5000}},
{"type":"Feature","geometry":{"type":"Polygon","coordinates":[[[57.1,-33.28],[57.1,-32.62],[57.03,-32.68],[57.07,-32.93],[57.05,-33.19],[57.1,-33.28]]]},"properties":{"scalerank":0,"featurecla":"Bathymetry","depth":5000}},
{"type":"Feature","geometry":{"type":"Polygon","coordinates":[[[-148.87,-32.68],[-148.79,-32.56],[-148.94,-32.56],[-148.87,-32.68]]]},"properties":{"scalerank":0,"featurecla":"Bathymetry","depth":5000}},
{"type":"Feature","geometry":{"type":"Polygon","coordinates":[[[52.66,-32.76],[52.79,-32.59],[52.67,-32.43],[52.51,-32.72],[52.66,-32.76]]]},"properties":{"scalerank":0,"featurecla":"Bathymetry","depth":5000}},
{"type":"Feature","geometry":{"type":"Polygon","coordinates":[[[154.18,-32.66],[154.37,-32.42],[153.98,-32.58],[154.18,-32.66]]]},"properties":{"scalerank":0,"featurecla":"Bathymetry","depth":5000}},
{"type":"Feature","geometry":{"type":"Polygon","coordinates":[[[-148.22,-32.59],[-148.27,-32.33],[-148.45,-32.39],[-148.22,-32.59]]]},"properties":{"scalerank":0,"featurecla":"Bathymetry","depth":5000}},
{"type":"Feature","geometry":{"type":"Polygon","coordinates":[[[-142.32,-32.41],[-142.44,-32.21],[-142.46,-32.38],[-142.32,-32.41]]]},"properties":{"scalerank":0,"featurecla":"Bathymetry","depth":5000}},
{"type":"Feature","geometry":{"type":"Polygon","coordinates":[[[-141.31,-32.19],[-141.72,-32.19],[-142.13,-32.5],[-142.38,-32.57],[-142.69,-32.47],[-142.55,-32.84],[-142.05,-32.73],[-141.79,-32.41],[-141.31,-32.19]]]},"properties":{"scalerank":0,"featurecla":"Bathymetry","depth":5000}},
{"type":"Feature","geometry":{"type":"Polygon","coordinates":[[[62.03,-32.23],[61.97,-32.14],[61.9,-32.22],[62.03,-32.23]]]},"properties":{"scalerank":0,"featurecla":"Bathymetry","depth":5000}},
{"type":"Feature","geometry":{"type":"Polygon","coordinates":[[[-146.67,-32.1],[-146.63,-32.29],[-146.85,-32.35],[-146.9,-32.55],[-146.58,-32.5],[-146.5,-32.26],[-146.67,-32.1]]]},"properties":{"scalerank":0,"featurecla":"Bathymetry","depth":5000}},
{"type":"Feature","geometry":{"type":"Polygon","coordinates":[[[52.72,-32.26],[52.78,-32.17],[52.77,-32.08],[52.73,-32.04],[52.72,-32.26]]]},"properties":{"scalerank":0,"featurecla":"Bathymetry","depth":5000}},
{"type":"Feature","geometry":{"type":"Polygon","coordinates":[[[-149.6,-32.05],[-149.59,-31.94],[-149.71,-31.88],[-149.78,-31.99],[-149.6,-32.05]]]},"properties":{"scalerank":0,"featurecla":"Bathymetry","depth":5000}},
{"type":"Feature","geometry":{"type":"Polygon","coordinates":[[[63.34,-32.14],[63.44,-31.87],[63.35,-31.89],[63.3,-32.08],[63.34,-32.14]]]},"properties":{"scalerank":0,"featurecla":"Bathymetry","depth":5000}},
{"type":"Feature","geometry":{"type":"Polygon","coordinates":[[[40.24,-32.05],[40.34,-31.72],[40.27,-31.7],[40.17,-31.93],[40.24,-32.05]]]},"properties":{"scalerank":0,"featurecla":"Bathymetry","depth":5000}},
{"type":"Feature","geometry":{"type":"Polygon","coordinates":[[[54.04,-31.63],[53.83,-31.63],[53.77,-31.8],[53.83,-31.85],[53.93,-31.68],[54.04,-31.63]]]},"properties":{"scalerank":0,"featurecla":"Bathymetry","depth":5000}},
{"type":"Feature","geometry":{"type":"Polygon","coordinates":[[[37.25,-31.82],[37.31,-31.51],[37.14,-31.55],[37.25,-31.82]]]},"properties":{"scalerank":0,"featurecla":"Bathymetry","depth":5000}},
{"type":"Feature","geometry":{"type":"Polygon","coordinates":[[[66.14,-31.52],[66.19,-31.39],[65.97,-31.51],[66.14,-31.52]]]},"properties":{"scalerank":0,"featurecla":"Bathymetry","depth":5000}},
{"type":"Feature","geometry":{"type":"Polygon","coordinates":[[[155.6,-31.71],[155.56,-31.54],[155.34,-31.55],[155.29,-31.78],[155.6,-31.71]]]},"properties":{"scalerank":0,"featurecla":"Bathymetry","depth":5000}},
{"type":"Feature","geometry":{"type":"Polygon","coordinates":[[[63.07,-31.39],[63,-31.29],[62.94,-31.31],[62.86,-31.47],[63,-31.39],[63.07,-31.39]]]},"properties":{"scalerank":0,"featurecla":"Bathymetry","depth":5000}},
{"type":"Feature","geometry":{"type":"Polygon","coordinates":[[[-143.01,-31.16],[-143.05,-31.38],[-142.88,-31.43],[-142.8,-31.22],[-143.01,-31.16]]]},"properties":{"scalerank":0,"featurecla":"Bathymetry","depth":5000}},
{"type":"Feature","geometry":{"type":"Polygon","coordinates":[[[-150.07,-31.22],[-150.01,-31.08],[-150.1,-31.02],[-150.14,-31.18],[-150.07,-31.22]]]},"properties":{"scalerank":0,"featurecla":"Bathymetry","depth":5000}},
{"type":"Feature","geometry":{"type":"Polygon","coordinates":[[[-150.32,-31.3],[-150.86,-31.23],[-150.7,-31.42],[-150.32,-31.3]]]},"properties":{"scalerank":0,"featurecla":"Bathymetry","depth":5000}},
{"type":"Feature","geometry":{"type":"Polygon","coordinates":[[[56,-31.53],[56.05,-31.36],[56.24,-31.14],[56.24,-31.03],[56.16,-30.97],[56.14,-31.17],[55.99,-31.3],[55.96,-31.4],[56,-31.53]]]},"properties":{"scalerank":0,"featurecla":"Bathymetry","depth":5000}},
{"type":"Feature","geometry":{"type":"Polygon","coordinates":[[[60.7,-32.32],[60.58,-31.99],[60.68,-31.73],[60.7,-31.32],[60.5,-31.42],[60.58,-31.61],[60.53,-31.99],[60.4,-32.07],[60.45,-32.34],[60.32,-32.78],[60.36,-32.95],[60.12,-33.19],[60.18,-33.32],[60.05,-33.65],[59.88,-33.85],[60.21,-33.93],[60.19,-33.75],[60.44,-33.52],[60.5,-33.23],[60.73,-32.97],[60.86,-32.71],[60.84,-32.26],[60.7,-32.32]]]},"properties":{"scalerank":0,"featurecla":"Bathymetry","depth":5000}},
{"type":"Feature","geometry":{"type":"Polygon","coordinates":[[[56.93,-30.59],[56.78,-30.87],[56.88,-30.92],[56.95,-30.72],[56.93,-30.59]]]},"properties":{"scalerank":0,"featurecla":"Bathymetry","depth":5000}},
{"type":"Feature","geometry":{"type":"Polygon","coordinates":[[[-153.92,-30.7],[-154.08,-30.53],[-154.26,-30.54],[-154.12,-30.82],[-153.92,-30.7]]]},"properties":{"scalerank":0,"featurecla":"Bathymetry","depth":5000}},
{"type":"Feature","geometry":{"type":"Polygon","coordinates":[[[156.65,-30.61],[156.89,-30.4],[156.85,-30.32],[156.67,-30.5],[156.65,-30.61]]]},"properties":{"scalerank":0,"featurecla":"Bathymetry","depth":5000}},
{"type":"Feature","geometry":{"type":"Polygon","coordinates":[[[57.85,-30.51],[57.92,-30.43],[57.82,-30.37],[57.81,-30.46],[57.85,-30.51]]]},"properties":{"scalerank":0,"featurecla":"Bathymetry","depth":5000}},
{"type":"Feature","geometry":{"type":"Polygon","coordinates":[[[62.81,-30.22],[62.74,-30.43],[62.81,-30.47],[62.84,-30.34],[62.81,-30.22]]]},"properties":{"scalerank":0,"featurecla":"Bathymetry","depth":5000}},
{"type":"Feature","geometry":{"type":"Polygon","coordinates":[[[60.81,-30.42],[60.82,-30.19],[60.73,-30.23],[60.78,-30.29],[60.81,-30.42]]]},"properties":{"scalerank":0,"featurecla":"Bathymetry","depth":5000}},
{"type":"Feature","geometry":{"type":"Polygon","coordinates":[[[63.28,-30.11],[63.31,-29.99],[63.13,-30.01],[63.12,-30.08],[63.28,-30.11]]]},"properties":{"scalerank":0,"featurecla":"Bathymetry","depth":5000}},
{"type":"Feature","geometry":{"type":"Polygon","coordinates":[[[38.24,-29.9],[37.97,-29.94],[37.81,-30.04],[37.81,-30.45],[38.03,-30.55],[38.28,-30.53],[38.35,-30.15],[38.24,-29.9]]]},"properties":{"scalerank":0,"featurecla":"Bathymetry","depth":5000}},
{"type":"Feature","geometry":{"type":"Polygon","coordinates":[[[63.63,-29.74],[63.47,-29.74],[63.53,-29.93],[63.67,-29.79],[63.63,-29.74]]]},"properties":{"scalerank":0,"featurecla":"Bathymetry","depth":5000}},
{"type":"Feature","geometry":{"type":"Polygon","coordinates":[[[103.89,-29.81],[103.9,-29.68],[103.66,-29.72],[103.73,-29.83],[103.89,-29.81]]]},"properties":{"scalerank":0,"featurecla":"Bathymetry","depth":5000}},
{"type":"Feature","geometry":{"type":"Polygon","coordinates":[[[57.38,-30.47],[57.48,-30.19],[57.7,-29.86],[57.47,-29.97],[57.46,-30.17],[57.34,-30.3],[57.38,-30.47]]]},"properties":{"scalerank":0,"featurecla":"Bathymetry","depth":5000}},
{"type":"Feature","geometry":{"type":"Polygon","coordinates":[[[58.5,-30.19],[58.59,-30.09],[58.58,-29.88],[58.63,-29.76],[58.55,-29.67],[58.54,-30.05],[58.5,-30.19]]]},"properties":{"scalerank":0,"featurecla":"Bathymetry","depth":5000}},
{"type":"Feature","geometry":{"type":"Polygon","coordinates":[[[57.2,-29.9],[57.26,-29.83],[57.08,-29.61],[57.06,-29.74],[57.2,-29.9]]]},"properties":{"scalerank":0,"featurecla":"Bathymetry","depth":5000}},
{"type":"Feature","geometry":{"type":"Polygon","coordinates":[[[-26.89,-29.62],[-26.83,-29.52],[-27.03,-29.51],[-27.09,-29.59],[-26.89,-29.62]]]},"properties":{"scalerank":0,"featurecla":"Bathymetry","depth":5000}},
{"type":"Feature","geometry":{"type":"Polygon","coordinates":[[[155.92,-29.63],[156.03,-29.41],[155.9,-29.4],[155.92,-29.63]]]},"properties":{"scalerank":0,"featurecla":"Bathymetry","depth":5000}},
{"type":"Feature","geometry":{"type":"Polygon","coordinates":[[[3.93,-29.37],[3.9,-29.62],[4.03,-29.6],[3.93,-29.37]]]},"properties":{"scalerank":0,"featurecla":"Bathymetry","depth":5000}},
{"type":"Feature","geometry":{"type":"Polygon","coordinates":[[[104.63,-29.3],[104.52,-29.33],[104.47,-29.42],[104.61,-29.4],[104.63,-29.3]]]},"properties":{"scalerank":0,"featurecla":"Bathymetry","depth":5000}},
{"type":"Feature","geometry":{"type":"Polygon","coordinates":[[[-147.08,-29.33],[-147.46,-29.3],[-147.35,-29.39],[-147.08,-29.33]]]},"properties":{"scalerank":0,"featurecla":"Bathymetry","depth":5000}},
{"type":"Feature","geometry":{"type":"Polygon","coordinates":[[[60.78,-29.34],[60.67,-29.39],[60.68,-29.6],[60.86,-29.56],[60.78,-29.34]]]},"properties":{"scalerank":0,"featurecla":"Bathymetry","depth":5000}},
{"type":"Feature","geometry":{"type":"Polygon","coordinates":[[[52.39,-29.44],[52.48,-29.65],[52.65,-29.55],[52.58,-29.4],[52.39,-29.44]]]},"properties":{"scalerank":0,"featurecla":"Bathymetry","depth":5000}},
{"type":"Feature","geometry":{"type":"Polygon","coordinates":[[[9.41,-29.61],[9.25,-29.57],[9.27,-29.69],[9.41,-29.61]]]},"properties":{"scalerank":0,"featurecla":"Bathymetry","depth":5000}},
{"type":"Feature","geometry":{"type":"Polygon","coordinates":[[[-23.74,-29.13],[-23.89,-29.1],[-24.1,-29.11],[-24.07,-29.18],[-23.74,-29.13]]]},"properties":{"scalerank":0,"featurecla":"Bathymetry","depth":5000}},
{"type":"Feature","geometry":{"type":"Polygon","coordinates":[[[-25.66,-29.06],[-25.9,-29.18],[-25.7,-29.29],[-25.66,-29.06]]]},"properties":{"scalerank":0,"featurecla":"Bathymetry","depth":5000}},
{"type":"Feature","geometry":{"type":"Polygon","coordinates":[[[56.57,-29.06],[56.26,-29.06],[56.35,-29.27],[56.57,-29.06]]]},"properties":{"scalerank":0,"featurecla":"Bathymetry","depth":5000}},
{"type":"Feature","geometry":{"type":"Polygon","coordinates":[[[104.55,-29.06],[104.6,-28.99],[104.34,-28.99],[104.3,-29.06],[104.55,-29.06]]]},"properties":{"scalerank":0,"featurecla":"Bathymetry","depth":5000}},
{"type":"Feature","geometry":{"type":"Polygon","coordinates":[[[59.78,-29.49],[59.84,-29.32],[59.78,-29.25],[59.78,-29.49]]]},"properties":{"scalerank":0,"featurecla":"Bathymetry","depth":5000}},
{"type":"Feature","geometry":{"type":"Polygon","coordinates":[[[55.19,-28.93],[54.99,-28.94],[54.95,-29.06],[55.19,-28.93]]]},"properties":{"scalerank":0,"featurecla":"Bathymetry","depth":5000}},
{"type":"Feature","geometry":{"type":"Polygon","coordinates":[[[57.05,-28.94],[57.09,-28.78],[56.76,-28.88],[56.97,-29],[57.05,-28.94]]]},"properties":{"scalerank":0,"featurecla":"Bathymetry","depth":5000}},
{"type":"Feature","geometry":{"type":"Polygon","coordinates":[[[3.71,-28.68],[3.48,-28.75],[3.48,-28.95],[3.55,-28.92],[3.55,-28.8],[3.71,-28.68]]]},"properties":{"scalerank":0,"featurecla":"Bathymetry","depth":5000}},
{"type":"Feature","geometry":{"type":"Polygon","coordinates":[[[-24.28,-28.42],[-24.35,-28.48],[-24.26,-28.56],[-24.22,-28.52],[-24.28,-28.42]]]},"properties":{"scalerank":0,"featurecla":"Bathymetry","depth":5000}},
{"type":"Feature","geometry":{"type":"Polygon","coordinates":[[[5.38,-28.33],[5.23,-28.37],[5.33,-28.47],[5.38,-28.33]]]},"properties":{"scalerank":0,"featurecla":"Bathymetry","depth":5000}},
{"type":"Feature","geometry":{"type":"Polygon","coordinates":[[[5.77,-28.06],[5.65,-28.15],[5.5,-28.19],[5.64,-28.27],[5.77,-28.06]]]},"properties":{"scalerank":0,"featurecla":"Bathymetry","depth":5000}},
{"type":"Feature","geometry":{"type":"Polygon","coordinates":[[[-151.9,-28.01],[-152.17,-28.09],[-152.16,-28.56],[-152.25,-28.71],[-152.21,-28.97],[-151.84,-28.81],[-151.73,-28.62],[-152.06,-28.65],[-152.14,-28.54],[-152.09,-28.25],[-151.97,-28.15],[-151.68,-28.18],[-151.64,-28.03],[-151.9,-28.01]]]},"properties":{"scalerank":0,"featurecla":"Bathymetry","depth":5000}},
{"type":"Feature","geometry":{"type":"Polygon","coordinates":[[[105.31,-28],[105.31,-27.79],[105.22,-27.82],[105.31,-28]]]},"properties":{"scalerank":0,"featurecla":"Bathymetry","depth":5000}},
{"type":"Feature","geometry":{"type":"Polygon","coordinates":[[[-29.37,-27.83],[-29.16,-27.9],[-29.14,-27.84],[-29.37,-27.83]]]},"properties":{"scalerank":0,"featurecla":"Bathymetry","depth":5000}},
{"type":"Feature","geometry":{"type":"Polygon","coordinates":[[[-29.66,-27.79],[-29.87,-27.83],[-29.73,-27.91],[-29.66,-27.79]]]},"properties":{"scalerank":0,"featurecla":"Bathymetry","depth":5000}},
{"type":"Feature","geometry":{"type":"Polygon","coordinates":[[[8.52,-27.86],[8.25,-27.75],[8.18,-27.84],[8.52,-27.86]]]},"properties":{"scalerank":0,"featurecla":"Bathymetry","depth":5000}},
{"type":"Feature","geometry":{"type":"Polygon","coordinates":[[[-160.92,-27.58],[-161.06,-27.41],[-161.07,-27.57],[-160.92,-27.58]]]},"properties":{"scalerank":0,"featurecla":"Bathymetry","depth":5000}},
{"type":"Feature","geometry":{"type":"Polygon","coordinates":[[[-156.54,-27.5],[-156.46,-27.43],[-156.52,-27.36],[-156.65,-27.43],[-156.54,-27.5]]]},"properties":{"scalerank":0,"featurecla":"Bathymetry","depth":5000}},
{"type":"Feature","geometry":{"type":"Polygon","coordinates":[[[-24.43,-27.36],[-24.86,-27.29],[-24.86,-27.44],[-24.43,-27.36]]]},"properties":{"scalerank":0,"featurecla":"Bathymetry","depth":5000}},
{"type":"Feature","geometry":{"type":"Polygon","coordinates":[[[-27.05,-27.36],[-27.31,-27.29],[-27.44,-27.37],[-27.16,-27.61],[-26.93,-27.44],[-26.53,-27.56],[-26.34,-27.42],[-26.83,-27.29],[-27.05,-27.36]]]},"properties":{"scalerank":0,"featurecla":"Bathymetry","depth":5000}},
{"type":"Feature","geometry":{"type":"Polygon","coordinates":[[[-27.92,-27.36],[-28.08,-27.26],[-28.46,-27.4],[-29.66,-27.46],[-29.3,-27.58],[-29.11,-27.5],[-28.32,-27.5],[-27.92,-27.36]]]},"properties":{"scalerank":0,"featurecla":"Bathymetry","depth":5000}},
{"type":"Feature","geometry":{"type":"Polygon","coordinates":[[[-152.28,-27.7],[-152.56,-27.28],[-152.62,-27.36],[-152.28,-27.7]]]},"properties":{"scalerank":0,"featurecla":"Bathymetry","depth":5000}},
{"type":"Feature","geometry":{"type":"Polygon","coordinates":[[[6.84,-27.26],[6.82,-27.38],[6.94,-27.35],[7.04,-27.26],[6.84,-27.26]]]},"properties":{"scalerank":0,"featurecla":"Bathymetry","depth":5000}},
{"type":"Feature","geometry":{"type":"Polygon","coordinates":[[[-0.27,-27.43],[-0.26,-27.3],[-0.4,-27.28],[-0.42,-27.47],[-0.27,-27.43]]]},"properties":{"scalerank":0,"featurecla":"Bathymetry","depth":5000}},
{"type":"Feature","geometry":{"type":"Polygon","coordinates":[[[-21.37,-27.28],[-21.86,-27.24],[-22.49,-27.34],[-23.21,-27.29],[-23.2,-27.38],[-21.37,-27.28]]]},"properties":{"scalerank":0,"featurecla":"Bathymetry","depth":5000}},
{"type":"Feature","geometry":{"type":"Polygon","coordinates":[[[155.39,-27.04],[155.26,-27.1],[155.36,-27.18],[155.39,-27.04]]]},"properties":{"scalerank":0,"featurecla":"Bathymetry","depth":5000}},
{"type":"Feature","geometry":{"type":"Polygon","coordinates":[[[-152.88,-27.26],[-152.89,-27.04],[-153.08,-27.14],[-152.88,-27.26]]]},"properties":{"scalerank":0,"featurecla":"Bathymetry","depth":5000}},
{"type":"Feature","geometry":{"type":"Polygon","coordinates":[[[-0.88,-27.01],[-1.05,-27.05],[-0.96,-27.12],[-0.88,-27.01]]]},"properties":{"scalerank":0,"featurecla":"Bathymetry","depth":5000}},
{"type":"Feature","geometry":{"type":"Polygon","coordinates":[[[0.05,-26.95],[-0.05,-26.79],[-0.14,-26.86],[0.05,-26.95]]]},"properties":{"scalerank":0,"featurecla":"Bathymetry","depth":5000}},
{"type":"Feature","geometry":{"type":"Polygon","coordinates":[[[-21.27,-26.77],[-21.34,-26.74],[-21.77,-26.83],[-21.48,-26.86],[-21.27,-26.77]]]},"properties":{"scalerank":0,"featurecla":"Bathymetry","depth":5000}},
{"type":"Feature","geometry":{"type":"Polygon","coordinates":[[[-24.72,-26.85],[-24.23,-26.95],[-23.42,-26.9],[-23.09,-26.93],[-22.9,-26.88],[-22.56,-26.93],[-22.56,-26.81],[-24.1,-26.86],[-24.36,-26.76],[-24.72,-26.85]]]},"properties":{"scalerank":0,"featurecla":"Bathymetry","depth":5000}},
{"type":"Feature","geometry":{"type":"Polygon","coordinates":[[[0.54,-26.93],[0.49,-26.76],[0.4,-26.82],[0.54,-26.93]]]},"properties":{"scalerank":0,"featurecla":"Bathymetry","depth":5000}},
{"type":"Feature","geometry":{"type":"Polygon","coordinates":[[[-23.93,-26.35],[-24.35,-26.3],[-24.14,-26.4],[-23.93,-26.35]]]},"properties":{"scalerank":0,"featurecla":"Bathymetry","depth":5000}},
{"type":"Feature","geometry":{"type":"Polygon","coordinates":[[[-23.31,-26.32],[-23.62,-26.33],[-23.62,-26.42],[-23.31,-26.32]]]},"properties":{"scalerank":0,"featurecla":"Bathymetry","depth":5000}},
{"type":"Feature","geometry":{"type":"Polygon","coordinates":[[[-24.6,-26.37],[-24.67,-26.27],[-24.88,-26.35],[-24.6,-26.37]]]},"properties":{"scalerank":0,"featurecla":"Bathymetry","depth":5000}},
{"type":"Feature","geometry":{"type":"Polygon","coordinates":[[[-21.45,-26.28],[-21.12,-26.28],[-21.05,-26.21],[-21.52,-26.25],[-21.45,-26.28]]]},"properties":{"scalerank":0,"featurecla":"Bathymetry","depth":5000}},
{"type":"Feature","geometry":{"type":"Polygon","coordinates":[[[49.04,-26.37],[49.1,-26.21],[49.02,-26.2],[49.04,-26.37]]]},"properties":{"scalerank":0,"featurecla":"Bathymetry","depth":5000}},
{"type":"Feature","geometry":{"type":"Polygon","coordinates":[[[1.33,-26.18],[1.12,-26],[0.91,-26.21],[0.35,-26.38],[0,-26.36],[-0.01,-26.51],[0.26,-26.49],[0.95,-26.26],[1.37,-26.33],[1.33,-26.18]]]},"properties":{"scalerank":0,"featurecla":"Bathymetry","depth":5000}},
{"type":"Feature","geometry":{"type":"Polygon","coordinates":[[[104.8,-26.22],[104.88,-26.11],[105,-26.04],[104.87,-25.98],[104.79,-26.15],[104.8,-26.22]]]},"properties":{"scalerank":0,"featurecla":"Bathymetry","depth":5000}},
{"type":"Feature","geometry":{"type":"Polygon","coordinates":[[[91.79,-27.09],[91.73,-25.86],[91.66,-26.33],[91.79,-27.09]]]},"properties":{"scalerank":0,"featurecla":"Bathymetry","depth":5000}},
{"type":"Feature","geometry":{"type":"Polygon","coordinates":[[[-153.85,-25.84],[-153.9,-25.92],[-153.77,-25.98],[-153.85,-25.84]]]},"properties":{"scalerank":0,"featurecla":"Bathymetry","depth":5000}},
{"type":"Feature","geometry":{"type":"Polygon","coordinates":[[[89.5,-26.05],[89.59,-25.91],[89.5,-25.82],[89.47,-25.94],[89.5,-26.05]]]},"properties":{"scalerank":0,"featurecla":"Bathymetry","depth":5000}},
{"type":"Feature","geometry":{"type":"Polygon","coordinates":[[[62.46,-26.26],[62.28,-26.02],[62.28,-26.5],[62.42,-26.45],[62.46,-26.26]]]},"properties":{"scalerank":0,"featurecla":"Bathymetry","depth":5000}},
{"type":"Feature","geometry":{"type":"Polygon","coordinates":[[[-24.46,-25.78],[-24.29,-26.04],[-24.14,-26.06],[-24.46,-25.78]]]},"properties":{"scalerank":0,"featurecla":"Bathymetry","depth":5000}},
{"type":"Feature","geometry":{"type":"Polygon","coordinates":[[[-155.98,-25.78],[-156.21,-25.84],[-156.36,-26.09],[-155.99,-26.04],[-155.98,-25.78]]]},"properties":{"scalerank":0,"featurecla":"Bathymetry","depth":5000}},
{"type":"Feature","geometry":{"type":"Polygon","coordinates":[[[-153.81,-25.79],[-153.6,-25.68],[-153.84,-25.56],[-153.81,-25.79]]]},"properties":{"scalerank":0,"featurecla":"Bathymetry","depth":5000}},
{"type":"Feature","geometry":{"type":"Polygon","coordinates":[[[89.54,-25.72],[89.57,-25.58],[89.46,-25.61],[89.54,-25.72]]]},"properties":{"scalerank":0,"featurecla":"Bathymetry","depth":5000}},
{"type":"Feature","geometry":{"type":"Polygon","coordinates":[[[61.57,-25.58],[61.48,-25.45],[61.4,-25.64],[61.57,-25.58]]]},"properties":{"scalerank":0,"featurecla":"Bathymetry","depth":5000}},
{"type":"Feature","geometry":{"type":"Polygon","coordinates":[[[-154.15,-25.61],[-154.13,-25.43],[-154.28,-25.38],[-154.23,-25.58],[-154.15,-25.61]]]},"properties":{"scalerank":0,"featurecla":"Bathymetry","depth":5000}},
{"type":"Feature","geometry":{"type":"Polygon","coordinates":[[[62.68,-25.36],[62.59,-25.34],[62.44,-25.39],[62.52,-25.48],[62.58,-25.38],[62.68,-25.36]]]},"properties":{"scalerank":0,"featurecla":"Bathymetry","depth":5000}},
{"type":"Feature","geometry":{"type":"Polygon","coordinates":[[[-21.29,-25.29],[-21.36,-25.14],[-21.45,-25.21],[-21.29,-25.29]]]},"properties":{"scalerank":0,"featurecla":"Bathymetry","depth":5000}},
{"type":"Feature","geometry":{"type":"Polygon","coordinates":[[[91.7,-25.37],[91.71,-25.23],[91.64,-25.19],[91.65,-25.36],[91.7,-25.37]]]},"properties":{"scalerank":0,"featurecla":"Bathymetry","depth":5000}},
{"type":"Feature","geometry":{"type":"Polygon","coordinates":[[[3.91,-24.91],[3.75,-24.97],[3.65,-24.91],[3.55,-25.03],[3.9,-25.04],[3.91,-24.91]]]},"properties":{"scalerank":0,"featurecla":"Bathymetry","depth":5000}},
{"type":"Feature","geometry":{"type":"Polygon","coordinates":[[[-21.67,-24.98],[-21.61,-24.84],[-21.86,-24.89],[-21.67,-24.98]]]},"properties":{"scalerank":0,"featurecla":"Bathymetry","depth":5000}},
{"type":"Feature","geometry":{"type":"Polygon","coordinates":[[[-158.6,-24.88],[-158.69,-24.86],[-158.76,-24.98],[-158.63,-25.02],[-158.6,-24.88]]]},"properties":{"scalerank":0,"featurecla":"Bathymetry","depth":5000}},
{"type":"Feature","geometry":{"type":"Polygon","coordinates":[[[62.44,-24.97],[62.4,-24.86],[62.25,-24.86],[62.3,-24.96],[62.44,-24.97]]]},"properties":{"scalerank":0,"featurecla":"Bathymetry","depth":5000}},
{"type":"Feature","geometry":{"type":"Polygon","coordinates":[[[-4.37,-24.82],[-4.58,-24.82],[-4.6,-24.95],[-4.37,-24.82]]]},"properties":{"scalerank":0,"featurecla":"Bathymetry","depth":5000}},
{"type":"Feature","geometry":{"type":"Polygon","coordinates":[[[61.71,-24.9],[61.72,-24.77],[61.61,-24.78],[61.58,-24.87],[61.71,-24.9]]]},"properties":{"scalerank":0,"featurecla":"Bathymetry","depth":5000}},
{"type":"Feature","geometry":{"type":"Polygon","coordinates":[[[53.77,-24.62],[53.83,-24.78],[54.05,-24.77],[53.82,-24.61],[53.77,-24.62]]]},"properties":{"scalerank":0,"featurecla":"Bathymetry","depth":5000}},
{"type":"Feature","geometry":{"type":"Polygon","coordinates":[[[-153.79,-24.63],[-154.07,-24.72],[-153.94,-24.94],[-153.79,-24.63]]]},"properties":{"scalerank":0,"featurecla":"Bathymetry","depth":5000}},
{"type":"Feature","geometry":{"type":"Polygon","coordinates":[[[-4.9,-24.49],[-5.03,-24.39],[-5.35,-24.5],[-5.3,-24.6],[-4.9,-24.49]]]},"properties":{"scalerank":0,"featurecla":"Bathymetry","depth":5000}},
{"type":"Feature","geometry":{"type":"Polygon","coordinates":[[[92.14,-24.97],[92.18,-24.87],[92.1,-24.42],[92.05,-24.92],[92.14,-24.97]]]},"properties":{"scalerank":0,"featurecla":"Bathymetry","depth":5000}},
{"type":"Feature","geometry":{"type":"Polygon","coordinates":[[[59.94,-24.46],[60.14,-24.36],[59.98,-24.27],[59.94,-24.46]]]},"properties":{"scalerank":0,"featurecla":"Bathymetry","depth":5000}},
{"type":"Feature","geometry":{"type":"Polygon","coordinates":[[[-6.77,-24.31],[-6.76,-24.26],[-7.13,-24.32],[-7.18,-24.36],[-6.77,-24.31]]]},"properties":{"scalerank":0,"featurecla":"Bathymetry","depth":5000}},
{"type":"Feature","geometry":{"type":"Polygon","coordinates":[[[-153.52,-24.36],[-153.7,-24.31],[-153.8,-24.4],[-153.98,-24.39],[-153.85,-24.53],[-153.69,-24.42],[-153.52,-24.36]]]},"properties":{"scalerank":0,"featurecla":"Bathymetry","depth":5000}},
{"type":"Feature","geometry":{"type":"Polygon","coordinates":[[[-23.14,-24.26],[-23.24,-24.31],[-23.2,-24.37],[-23.05,-24.31],[-23.14,-24.26]]]},"properties":{"scalerank":0,"featurecla":"Bathymetry","depth":5000}},
{"type":"Feature","geometry":{"type":"Polygon","coordinates":[[[-151.51,-24.17],[-151.71,-24.21],[-151.68,-24.3],[-151.46,-24.3],[-151.51,-24.17]]]},"properties":{"scalerank":0,"featurecla":"Bathymetry","depth":5000}},
{"type":"Feature","geometry":{"type":"Polygon","coordinates":[[[-149.82,-24.22],[-150.13,-24.22],[-150.51,-24.33],[-150.47,-24.39],[-149.97,-24.31],[-149.82,-24.22]]]},"properties":{"scalerank":0,"featurecla":"Bathymetry","depth":5000}},
{"type":"Feature","geometry":{"type":"Polygon","coordinates":[[[-144.14,-24.22],[-144.12,-24.18],[-144.2,-24.02],[-144.27,-24.14],[-144.14,-24.22]]]},"properties":{"scalerank":0,"featurecla":"Bathymetry","depth":5000}},
{"type":"Feature","geometry":{"type":"Polygon","coordinates":[[[-150.63,-24.02],[-150.56,-23.93],[-150.67,-23.89],[-150.74,-23.93],[-150.63,-24.02]]]},"properties":{"scalerank":0,"featurecla":"Bathymetry","depth":5000}},
{"type":"Feature","geometry":{"type":"Polygon","coordinates":[[[-153.14,-23.95],[-153.21,-23.91],[-153.33,-23.96],[-153.36,-24.01],[-153.32,-24.15],[-153.27,-24.16],[-153.23,-24.11],[-153.3,-24.08],[-153.3,-23.99],[-153.25,-23.95],[-153.19,-23.98],[-153.14,-23.95]]]},"properties":{"scalerank":0,"featurecla":"Bathymetry","depth":5000}},
{"type":"Feature","geometry":{"type":"Polygon","coordinates":[[[-148.16,-23.79],[-148.62,-23.8],[-148.46,-23.93],[-148.16,-23.79]]]},"properties":{"scalerank":0,"featurecla":"Bathymetry","depth":5000}},
{"type":"Feature","geometry":{"type":"Polygon","coordinates":[[[-17.27,-23.47],[-17.47,-23.45],[-17.79,-23.46],[-17.62,-23.57],[-17.27,-23.47]]]},"properties":{"scalerank":0,"featurecla":"Bathymetry","depth":5000}},
{"type":"Feature","geometry":{"type":"Polygon","coordinates":[[[-161.71,-23.42],[-161.54,-23.57],[-161.49,-23.47],[-161.71,-23.42]]]},"properties":{"scalerank":0,"featurecla":"Bathymetry","depth":5000}},
{"type":"Feature","geometry":{"type":"Polygon","coordinates":[[[105.22,-23.66],[105.23,-23.46],[104.9,-23.43],[105.22,-23.66]]]},"properties":{"scalerank":0,"featurecla":"Bathymetry","depth":5000}},
{"type":"Feature","geometry":{"type":"Polygon","coordinates":[[[88.73,-23.4],[88.77,-23.13],[88.59,-23.06],[88.4,-23.4],[88.73,-23.4]]]},"properties":{"scalerank":0,"featurecla":"Bathymetry","depth":5000}},
{"type":"Feature","geometry":{"type":"Polygon","coordinates":[[[-4.39,-23.28],[-4.82,-23.26],[-5.26,-23.52],[-5.4,-23.39],[-5.84,-23.67],[-5.5,-23.67],[-4.99,-23.59],[-4.68,-23.69],[-4.35,-23.64],[-4.39,-23.28]]]},"properties":{"scalerank":0,"featurecla":"Bathymetry","depth":5000}},
{"type":"Feature","geometry":{"type":"Polygon","coordinates":[[[105.98,-23.17],[106.11,-23.03],[106.03,-22.97],[105.86,-23.16],[105.98,-23.17]]]},"properties":{"scalerank":0,"featurecla":"Bathymetry","depth":5000}},
{"type":"Feature","geometry":{"type":"Polygon","coordinates":[[[-145.94,-22.9],[-146.21,-22.85],[-146.36,-22.99],[-146.39,-23.23],[-146.05,-23.21],[-145.88,-23.11],[-145.94,-22.9]]]},"properties":{"scalerank":0,"featurecla":"Bathymetry","depth":5000}},
{"type":"Feature","geometry":{"type":"Polygon","coordinates":[[[51,-23.22],[51.29,-22.92],[51.03,-22.87],[50.71,-23.14],[51,-23.22]]]},"properties":{"scalerank":0,"featurecla":"Bathymetry","depth":5000}},
{"type":"Feature","geometry":{"type":"Polygon","coordinates":[[[92.26,-23.1],[92.16,-23.05],[92.1,-22.8],[91.95,-22.69],[91.87,-23.33],[92.06,-23.42],[91.95,-23.82],[92.15,-24.12],[92.34,-23.75],[92.2,-23.62],[92.09,-23.29],[92.26,-23.1]]]},"properties":{"scalerank":0,"featurecla":"Bathymetry","depth":5000}},
{"type":"Feature","geometry":{"type":"Polygon","coordinates":[[[89.98,-23.22],[90.04,-22.91],[89.98,-22.85],[89.92,-23.22],[89.98,-23.22]]]},"properties":{"scalerank":0,"featurecla":"Bathymetry","depth":5000}},
{"type":"Feature","geometry":{"type":"Polygon","coordinates":[[[92.77,-23],[92.71,-22.85],[92.84,-22.62],[92.71,-22.6],[92.6,-22.8],[92.77,-23]]]},"properties":{"scalerank":0,"featurecla":"Bathymetry","depth":5000}},
{"type":"Feature","geometry":{"type":"Polygon","coordinates":[[[-144.25,-22.63],[-144.95,-22.59],[-145.17,-22.72],[-145.48,-22.69],[-145.34,-22.92],[-144.25,-22.63]]]},"properties":{"scalerank":0,"featurecla":"Bathymetry","depth":5000}},
{"type":"Feature","geometry":{"type":"Polygon","coordinates":[[[-5.27,-22.55],[-5.63,-22.66],[-5.52,-22.85],[-5.65,-23.04],[-5.44,-23.1],[-5.17,-22.93],[-5.19,-22.56],[-5.27,-22.55]]]},"properties":{"scalerank":0,"featurecla":"Bathymetry","depth":5000}},
{"type":"Feature","geometry":{"type":"Polygon","coordinates":[[[-4.94,-22.54],[-5.05,-22.45],[-5.11,-22.54],[-4.94,-22.54]]]},"properties":{"scalerank":0,"featurecla":"Bathymetry","depth":5000}},
{"type":"Feature","geometry":{"type":"Polygon","coordinates":[[[91.61,-24.58],[91.71,-24.82],[91.7,-23.47],[91.54,-23.49],[91.61,-24.58]]]},"properties":{"scalerank":0,"featurecla":"Bathymetry","depth":5000}},
{"type":"Feature","geometry":{"type":"Polygon","coordinates":[[[106.5,-22.98],[106.54,-22.71],[106.72,-22.7],[106.68,-22.43],[106.49,-22.32],[106.37,-22.6],[106.49,-22.74],[106.5,-22.98]]]},"properties":{"scalerank":0,"featurecla":"Bathymetry","depth":5000}},
{"type":"Feature","geometry":{"type":"Polygon","coordinates":[[[-163.34,-22.46],[-163.22,-22.54],[-163.13,-22.44],[-163.34,-22.46]]]},"properties":{"scalerank":0,"featurecla":"Bathymetry","depth":5000}},
{"type":"Feature","geometry":{"type":"Polygon","coordinates":[[[-156.67,-22.03],[-156.81,-22.31],[-156.58,-22.49],[-156.24,-22.37],[-156.25,-22.19],[-156.44,-22.05],[-156.67,-22.03]]]},"properties":{"scalerank":0,"featurecla":"Bathymetry","depth":5000}},
{"type":"Feature","geometry":{"type":"Polygon","coordinates":[[[-78.59,-21.88],[-78.5,-21.8],[-78.57,-21.76],[-78.68,-21.84],[-78.59,-21.88]]]},"properties":{"scalerank":0,"featurecla":"Bathymetry","depth":5000}},
{"type":"Feature","geometry":{"type":"Polygon","coordinates":[[[3.99,-21.93],[4.08,-21.82],[4.07,-21.73],[3.9,-21.91],[3.99,-21.93]]]},"properties":{"scalerank":0,"featurecla":"Bathymetry","depth":5000}},
{"type":"Feature","geometry":{"type":"Polygon","coordinates":[[[92.76,-22.39],[92.9,-22.15],[92.88,-21.7],[92.62,-21.91],[92.71,-22.03],[92.76,-22.39]]]},"properties":{"scalerank":0,"featurecla":"Bathymetry","depth":5000}},
{"type":"Feature","geometry":{"type":"Polygon","coordinates":[[[-4.1,-22.07],[-4.06,-21.96],[-4.23,-21.73],[-4.36,-21.9],[-4.9,-22.03],[-5.15,-22.05],[-5.3,-21.94],[-5.66,-22.15],[-6.19,-22.22],[-6.02,-22.39],[-5.9,-22.27],[-5.46,-22.21],[-5.28,-22.13],[-5.03,-22.12],[-4.25,-21.98],[-4.1,-22.07]]]},"properties":{"scalerank":0,"featurecla":"Bathymetry","depth":5000}},
{"type":"Feature","geometry":{"type":"Polygon","coordinates":[[[51.33,-21.79],[51.26,-21.94],[51.02,-21.94],[51.02,-22.03],[51.29,-21.99],[51.33,-21.79]]]},"properties":{"scalerank":0,"featurecla":"Bathymetry","depth":5000}},
{"type":"Feature","geometry":{"type":"Polygon","coordinates":[[[52.97,-21.59],[52.72,-21.65],[52.29,-22.04],[52.01,-21.96],[51.96,-22.18],[51.74,-22.11],[51.69,-22.48],[51.8,-22.55],[52.42,-22.1],[52.76,-21.88],[52.97,-21.59]]]},"properties":{"scalerank":0,"featurecla":"Bathymetry","depth":5000}},
{"type":"Feature","geometry":{"type":"Polygon","coordinates":[[[-156.59,-21.59],[-156.96,-21.61],[-156.88,-21.78],[-156.67,-21.72],[-156.59,-21.59]]]},"properties":{"scalerank":0,"featurecla":"Bathymetry","depth":5000}},
{"type":"Feature","geometry":{"type":"Polygon","coordinates":[[[-75.62,-21.62],[-75.63,-21.45],[-75.77,-21.5],[-75.62,-21.62]]]},"properties":{"scalerank":0,"featurecla":"Bathymetry","depth":5000}},
{"type":"Feature","geometry":{"type":"Polygon","coordinates":[[[91.52,-21.62],[91.54,-21.34],[91.44,-21.62],[91.52,-21.62]]]},"properties":{"scalerank":0,"featurecla":"Bathymetry","depth":5000}},
{"type":"Feature","geometry":{"type":"Polygon","coordinates":[[[89.66,-21.7],[89.55,-21.51],[89.39,-21.53],[89.39,-21.83],[89.07,-21.82],[88.84,-21.96],[88.66,-21.97],[88.54,-22.39],[88.37,-22.73],[88.74,-22.76],[88.68,-22.55],[88.82,-22.27],[89.17,-21.97],[89.52,-21.89],[89.66,-21.7]]]},"properties":{"scalerank":0,"featurecla":"Bathymetry","depth":5000}},
{"type":"Feature","geometry":{"type":"Polygon","coordinates":[[[88.73,-21.62],[88.89,-21.38],[88.9,-21.16],[88.74,-21.09],[88.68,-21.36],[88.73,-21.62]]]},"properties":{"scalerank":0,"featurecla":"Bathymetry","depth":5000}},
{"type":"Feature","geometry":{"type":"Polygon","coordinates":[[[107.9,-21.17],[108.07,-21.06],[107.88,-20.97],[107.9,-21.17]]]},"properties":{"scalerank":0,"featurecla":"Bathymetry","depth":5000}},
{"type":"Feature","geometry":{"type":"Polygon","coordinates":[[[-75.95,-20.91],[-75.87,-21.05],[-75.67,-20.9],[-75.95,-20.91]]]},"properties":{"scalerank":0,"featurecla":"Bathymetry","depth":5000}},
{"type":"Feature","geometry":{"type":"Polygon","coordinates":[[[-149.63,-20.78],[-149.5,-20.74],[-149.52,-20.64],[-149.67,-20.69],[-149.63,-20.78]]]},"properties":{"scalerank":0,"featurecla":"Bathymetry","depth":5000}},
{"type":"Feature","geometry":{"type":"Polygon","coordinates":[[[51.68,-20.94],[51.84,-20.81],[51.65,-20.78],[51.68,-20.94]]]},"properties":{"scalerank":0,"featurecla":"Bathymetry","depth":5000}},
{"type":"Feature","geometry":{"type":"Polygon","coordinates":[[[89.07,-20.87],[89.19,-20.82],[89.18,-20.47],[89.04,-20.6],[89.07,-20.87]]]},"properties":{"scalerank":0,"featurecla":"Bathymetry","depth":5000}},
{"type":"Feature","geometry":{"type":"Polygon","coordinates":[[[84.78,-20.53],[84.62,-20.43],[84.51,-20.52],[84.76,-20.57],[84.78,-20.53]]]},"properties":{"scalerank":0,"featurecla":"Bathymetry","depth":5000}},
{"type":"Feature","geometry":{"type":"Polygon","coordinates":[[[82.66,-20.48],[82.32,-20.52],[82.27,-20.7],[82.36,-20.93],[82.56,-20.95],[82.67,-21.24],[82.94,-20.51],[82.66,-20.48]]]},"properties":{"scalerank":0,"featurecla":"Bathymetry","depth":5000}},
{"type":"Feature","geometry":{"type":"Polygon","coordinates":[[[53.43,-20.83],[53.83,-20.47],[53.62,-20.5],[53.43,-20.83]]]},"properties":{"scalerank":0,"featurecla":"Bathymetry","depth":5000}},
{"type":"Feature","geometry":{"type":"Polygon","coordinates":[[[-5.14,-20.45],[-5.16,-20.39],[-5.42,-20.5],[-5.57,-20.49],[-5.74,-20.56],[-5.95,-20.56],[-6.03,-20.69],[-5.71,-20.59],[-5.54,-20.59],[-5.14,-20.45]]]},"properties":{"scalerank":0,"featurecla":"Bathymetry","depth":5000}},
{"type":"Feature","geometry":{"type":"Polygon","coordinates":[[[-156.83,-20.63],[-156.82,-20.47],[-156.65,-20.41],[-156.68,-20.34],[-156.86,-20.4],[-156.92,-20.51],[-156.83,-20.63]]]},"properties":{"scalerank":0,"featurecla":"Bathymetry","depth":5000}},
{"type":"Feature","geometry":{"type":"Polygon","coordinates":[[[-157.28,-20.39],[-157.41,-20.33],[-157.34,-20.52],[-157.28,-20.39]]]},"properties":{"scalerank":0,"featurecla":"Bathymetry","depth":5000}},
{"type":"Feature","geometry":{"type":"Polygon","coordinates":[[[76.99,-20.78],[77.2,-20.48],[77.25,-20.27],[76.86,-20.71],[76.99,-20.78]]]},"properties":{"scalerank":0,"featurecla":"Bathymetry","depth":5000}},
{"type":"Feature","geometry":{"type":"Polygon","coordinates":[[[53.32,-20.46],[53.3,-20.25],[53.13,-20.35],[53.32,-20.46]]]},"properties":{"scalerank":0,"featurecla":"Bathymetry","depth":5000}},
{"type":"Feature","geometry":{"type":"Polygon","coordinates":[[[51.45,-20.45],[51.87,-20.2],[51.85,-20.11],[51.55,-20.26],[51.45,-20.45]]]},"properties":{"scalerank":0,"featurecla":"Bathymetry","depth":5000}},
{"type":"Feature","geometry":{"type":"Polygon","coordinates":[[[84.89,-20.29],[84.9,-20.14],[84.78,-20.15],[84.89,-20.29]]]},"properties":{"scalerank":0,"featurecla":"Bathymetry","depth":5000}},
{"type":"Feature","geometry":{"type":"Polygon","coordinates":[[[81.75,-20.35],[81.98,-20.15],[81.91,-20.04],[81.7,-20.06],[81.75,-20.35]]]},"properties":{"scalerank":0,"featurecla":"Bathymetry","depth":5000}},
{"type":"Feature","geometry":{"type":"Polygon","coordinates":[[[-161.3,-20.04],[-161.42,-20.06],[-161.41,-20.16],[-161.33,-20.25],[-161.3,-20.04]]]},"properties":{"scalerank":0,"featurecla":"Bathymetry","depth":5000}},
{"type":"Feature","geometry":{"type":"Polygon","coordinates":[[[89.47,-20.44],[89.57,-20.28],[89.48,-19.97],[89.24,-20.24],[89.47,-20.44]]]},"properties":{"scalerank":0,"featurecla":"Bathymetry","depth":5000}},
{"type":"Feature","geometry":{"type":"Polygon","coordinates":[[[-74.93,-20.23],[-74.9,-19.99],[-75,-19.99],[-74.93,-20.23]]]},"properties":{"scalerank":0,"featurecla":"Bathymetry","depth":5000}},
{"type":"Feature","geometry":{"type":"Polygon","coordinates":[[[82.99,-20.14],[83.08,-19.92],[82.92,-20.01],[82.99,-20.14]]]},"properties":{"scalerank":0,"featurecla":"Bathymetry","depth":5000}},
{"type":"Feature","geometry":{"type":"Polygon","coordinates":[[[89.22,-20.03],[89.29,-19.76],[89.21,-19.78],[89.17,-19.96],[89.22,-20.03]]]},"properties":{"scalerank":0,"featurecla":"Bathymetry","depth":5000}},
{"type":"Feature","geometry":{"type":"Polygon","coordinates":[[[84.27,-19.81],[84.01,-19.7],[83.85,-19.88],[84.27,-19.81]]]},"properties":{"scalerank":0,"featurecla":"Bathymetry","depth":5000}},
{"type":"Feature","geometry":{"type":"Polygon","coordinates":[[[74.42,-19.86],[74.34,-19.67],[74.21,-19.73],[74.42,-19.86]]]},"properties":{"scalerank":0,"featurecla":"Bathymetry","depth":5000}},
{"type":"Feature","geometry":{"type":"Polygon","coordinates":[[[80.74,-19.65],[80.69,-19.73],[80.83,-19.89],[80.92,-19.8],[80.74,-19.65]]]},"properties":{"scalerank":0,"featurecla":"Bathymetry","depth":5000}},
{"type":"Feature","geometry":{"type":"Polygon","coordinates":[[[-1.53,-19.6],[-1.92,-19.63],[-1.91,-19.99],[-2.06,-20.36],[-1.58,-20.18],[-1.37,-20.18],[-1.06,-20],[-0.89,-20.03],[-0.95,-19.75],[-1.13,-19.66],[-1.38,-19.71],[-1.53,-19.6]],[[-1.86,-19.84],[-1.68,-19.77],[-1.57,-19.94],[-1.83,-20.06],[-1.86,-19.84]]]},"properties":{"scalerank":0,"featurecla":"Bathymetry","depth":5000}},
{"type":"Feature","geometry":{"type":"Polygon","coordinates":[[[-4.92,-19.51],[-5.04,-19.54],[-4.98,-19.65],[-4.92,-19.6],[-4.92,-19.51]]]},"properties":{"scalerank":0,"featurecla":"Bathymetry","depth":5000}},
{"type":"Feature","geometry":{"type":"Polygon","coordinates":[[[-74.63,-20.54],[-74.34,-20.51],[-74.24,-20.34],[-74.67,-19.84],[-74.91,-19.45],[-75.08,-19.49],[-74.9,-19.94],[-74.66,-20.09],[-74.43,-20.14],[-74.34,-20.39],[-74.63,-20.54]]]},"properties":{"scalerank":0,"featurecla":"Bathymetry","depth":5000}},
{"type":"Feature","geometry":{"type":"Polygon","coordinates":[[[-162.6,-19.45],[-162.64,-19.67],[-162.38,-19.61],[-162.6,-19.45]]]},"properties":{"scalerank":0,"featurecla":"Bathymetry","depth":5000}},
{"type":"Feature","geometry":{"type":"Polygon","coordinates":[[[85.08,-19.49],[85.13,-19.26],[85,-19.33],[84.96,-19.49],[85.08,-19.49]]]},"properties":{"scalerank":0,"featurecla":"Bathymetry","depth":5000}},
{"type":"Feature","geometry":{"type":"Polygon","coordinates":[[[79.69,-19.27],[79.27,-19.26],[79.15,-19.44],[79.09,-19.81],[79.44,-19.8],[79.57,-19.61],[79.58,-19.39],[79.69,-19.27]]]},"properties":{"scalerank":0,"featurecla":"Bathymetry","depth":5000}},
{"type":"Feature","geometry":{"type":"Polygon","coordinates":[[[-19.89,-19.24],[-19.76,-19.15],[-19.76,-19.07],[-19.88,-19.14],[-19.89,-19.24]]]},"properties":{"scalerank":0,"featurecla":"Bathymetry","depth":5000}},
{"type":"Feature","geometry":{"type":"Polygon","coordinates":[[[76.13,-19.1],[76.19,-18.97],[76.08,-18.95],[76.13,-19.1]]]},"properties":{"scalerank":0,"featurecla":"Bathymetry","depth":5000}},
{"type":"Feature","geometry":{"type":"Polygon","coordinates":[[[-2.54,-18.84],[-2.48,-18.94],[-2.48,-19.11],[-2.36,-18.87],[-2.54,-18.84]]]},"properties":{"scalerank":0,"featurecla":"Bathymetry","depth":5000}},
{"type":"Feature","geometry":{"type":"Polygon","coordinates":[[[-1.63,-18.94],[-1.77,-18.91],[-1.94,-18.94],[-2.09,-18.86],[-2.24,-19],[-2.19,-19.05],[-2.03,-18.96],[-1.9,-19.03],[-1.7,-19.03],[-1.63,-18.94]]]},"properties":{"scalerank":0,"featurecla":"Bathymetry","depth":5000}},
{"type":"Feature","geometry":{"type":"Polygon","coordinates":[[[-0.79,-18.79],[-1.19,-18.9],[-0.97,-18.97],[-0.79,-18.79]]]},"properties":{"scalerank":0,"featurecla":"Bathymetry","depth":5000}},
{"type":"Feature","geometry":{"type":"Polygon","coordinates":[[[-161.89,-18.88],[-162,-18.75],[-162.05,-18.9],[-161.89,-18.88]]]},"properties":{"scalerank":0,"featurecla":"Bathymetry","depth":5000}},
{"type":"Feature","geometry":{"type":"Polygon","coordinates":[[[-5.11,-18.64],[-4.88,-18.58],[-4.98,-18.32],[-5.14,-18.43],[-5.11,-18.64]]]},"properties":{"scalerank":0,"featurecla":"Bathymetry","depth":5000}},
{"type":"Feature","geometry":{"type":"Polygon","coordinates":[[[-170.02,-18.71],[-169.96,-18.36],[-170.18,-18.43],[-170.02,-18.71]]]},"properties":{"scalerank":0,"featurecla":"Bathymetry","depth":5000}},
{"type":"Feature","geometry":{"type":"Polygon","coordinates":[[[-161.17,-18.31],[-161.25,-18.19],[-161.37,-18.28],[-161.37,-18.39],[-161.17,-18.31]]]},"properties":{"scalerank":0,"featurecla":"Bathymetry","depth":5000}},
{"type":"Feature","geometry":{"type":"Polygon","coordinates":[[[-3.75,-18.13],[-3.75,-18.19],[-3.62,-18.32],[-3.61,-18.22],[-3.75,-18.13]]]},"properties":{"scalerank":0,"featurecla":"Bathymetry","depth":5000}},
{"type":"Feature","geometry":{"type":"Polygon","coordinates":[[[-161.19,-18.11],[-161.22,-17.89],[-161.3,-18],[-161.19,-18.11]]]},"properties":{"scalerank":0,"featurecla":"Bathymetry","depth":5000}},
{"type":"Feature","geometry":{"type":"Polygon","coordinates":[[[74.5,-17.7],[74.7,-17.6],[74.62,-17.54],[74.39,-17.61],[74.5,-17.7]]]},"properties":{"scalerank":0,"featurecla":"Bathymetry","depth":5000}},
{"type":"Feature","geometry":{"type":"Polygon","coordinates":[[[74.18,-17.82],[73.97,-17.78],[74.22,-18.1],[74.35,-18.01],[74.18,-17.82]]]},"properties":{"scalerank":0,"featurecla":"Bathymetry","depth":5000}},
{"type":"Feature","geometry":{"type":"Polygon","coordinates":[[[51.77,-17.6],[51.93,-17.53],[51.77,-17.44],[51.77,-17.6]]]},"properties":{"scalerank":0,"featurecla":"Bathymetry","depth":5000}},
{"type":"Feature","geometry":{"type":"Polygon","coordinates":[[[8.43,-18],[8.55,-17.91],[8.58,-17.65],[8.28,-17.45],[8.35,-17.86],[8.43,-18]]]},"properties":{"scalerank":0,"featurecla":"Bathymetry","depth":5000}},
{"type":"Feature","geometry":{"type":"Polygon","coordinates":[[[-20.28,-17.62],[-20.17,-17.57],[-20.26,-17.42],[-20.35,-17.47],[-20.28,-17.62]]]},"properties":{"scalerank":0,"featurecla":"Bathymetry","depth":5000}},
{"type":"Feature","geometry":{"type":"Polygon","coordinates":[[[167.09,-17.54],[167.02,-17.19],[166.78,-17.16],[166.81,-17.34],[167.09,-17.54]]]},"properties":{"scalerank":0,"featurecla":"Bathymetry","depth":5000}},
{"type":"Feature","geometry":{"type":"Polygon","coordinates":[[[78.41,-17.46],[78.44,-17.32],[78.39,-17.16],[78.36,-17.42],[78.41,-17.46]]]},"properties":{"scalerank":0,"featurecla":"Bathymetry","depth":5000}},
{"type":"Feature","geometry":{"type":"Polygon","coordinates":[[[-1.85,-17.02],[-1.93,-16.91],[-2.01,-16.94],[-1.93,-17.03],[-1.85,-17.02]]]},"properties":{"scalerank":0,"featurecla":"Bathymetry","depth":5000}},
{"type":"Feature","geometry":{"type":"Polygon","coordinates":[[[-2.15,-16.92],[-2.27,-16.88],[-2.76,-16.91],[-2.84,-17],[-2.79,-17.11],[-2.58,-16.95],[-2.38,-16.99],[-2.15,-16.92]]]},"properties":{"scalerank":0,"featurecla":"Bathymetry","depth":5000}},
{"type":"Feature","geometry":{"type":"Polygon","coordinates":[[[165.11,-17.1],[165.17,-16.94],[165,-17.04],[165.11,-17.1]]]},"properties":{"scalerank":0,"featurecla":"Bathymetry","depth":5000}},
{"type":"Feature","geometry":{"type":"Polygon","coordinates":[[[-161.76,-17.19],[-161.5,-17],[-161.74,-16.91],[-161.76,-17.19]]]},"properties":{"scalerank":0,"featurecla":"Bathymetry","depth":5000}},
{"type":"Feature","geometry":{"type":"Polygon","coordinates":[[[73.71,-16.71],[73.64,-16.75],[73.79,-16.88],[73.81,-16.72],[73.71,-16.71]]]},"properties":{"scalerank":0,"featurecla":"Bathymetry","depth":5000}},
{"type":"Feature","geometry":{"type":"Polygon","coordinates":[[[79.35,-16.72],[79,-16.7],[79.2,-16.92],[79.35,-16.72]]]},"properties":{"scalerank":0,"featurecla":"Bathymetry","depth":5000}},
{"type":"Feature","geometry":{"type":"Polygon","coordinates":[[[75.67,-16.77],[75.62,-16.65],[75.52,-16.81],[75.67,-16.77]]]},"properties":{"scalerank":0,"featurecla":"Bathymetry","depth":5000}},
{"type":"Feature","geometry":{"type":"Polygon","coordinates":[[[164.86,-16.9],[164.79,-16.63],[164.71,-16.7],[164.86,-16.9]]]},"properties":{"scalerank":0,"featurecla":"Bathymetry","depth":5000}},
{"type":"Feature","geometry":{"type":"Polygon","coordinates":[[[-171.1,-16.61],[-171.34,-16.94],[-171.12,-16.91],[-171.1,-16.61]]]},"properties":{"scalerank":0,"featurecla":"Bathymetry","depth":5000}},
{"type":"Feature","geometry":{"type":"Polygon","coordinates":[[[71.69,-16.63],[71.47,-16.63],[71.29,-16.74],[71.35,-16.81],[71.69,-16.63]]]},"properties":{"scalerank":0,"featurecla":"Bathymetry","depth":5000}},
{"type":"Feature","geometry":{"type":"Polygon","coordinates":[[[-4.01,-16.72],[-3.97,-16.65],[-4.07,-16.56],[-4.14,-16.7],[-4.01,-16.72]]]},"properties":{"scalerank":0,"featurecla":"Bathymetry","depth":5000}},
{"type":"Feature","geometry":{"type":"Polygon","coordinates":[[[-104.49,-16.48],[-104.57,-16.46],[-105.03,-16.48],[-105.09,-16.53],[-104.49,-16.48]]]},"properties":{"scalerank":0,"featurecla":"Bathymetry","depth":5000}},
{"type":"Feature","geometry":{"type":"Polygon","coordinates":[[[-20.52,-16.31],[-20.65,-16.28],[-20.98,-16.3],[-20.93,-16.34],[-20.52,-16.31]]]},"properties":{"scalerank":0,"featurecla":"Bathymetry","depth":5000}},
{"type":"Feature","geometry":{"type":"Polygon","coordinates":[[[161.76,-16.56],[161.64,-16.95],[161.78,-16.97],[161.76,-16.56]]]},"properties":{"scalerank":0,"featurecla":"Bathymetry","depth":5000}},
{"type":"Feature","geometry":{"type":"Polygon","coordinates":[[[-2.74,-16.08],[-3.06,-16.07],[-2.92,-16.21],[-2.74,-16.08]]]},"properties":{"scalerank":0,"featurecla":"Bathymetry","depth":5000}},
{"type":"Feature","geometry":{"type":"Polygon","coordinates":[[[-21.77,-16.05],[-21.83,-16.01],[-21.91,-16.06],[-21.86,-16.11],[-21.77,-16.05]]]},"properties":{"scalerank":0,"featurecla":"Bathymetry","depth":5000}},
{"type":"Feature","geometry":{"type":"Polygon","coordinates":[[[72.03,-15.78],[71.85,-15.76],[71.88,-15.86],[72.03,-15.78]]]},"properties":{"scalerank":0,"featurecla":"Bathymetry","depth":5000}},
{"type":"Feature","geometry":{"type":"Polygon","coordinates":[[[-157.04,-15.59],[-157.03,-15.77],[-156.9,-15.77],[-157.04,-15.59]]]},"properties":{"scalerank":0,"featurecla":"Bathymetry","depth":5000}},
{"type":"Feature","geometry":{"type":"Polygon","coordinates":[[[-158.62,-15.59],[-158.55,-15.45],[-158.61,-15.39],[-158.71,-15.52],[-158.62,-15.59]]]},"properties":{"scalerank":0,"featurecla":"Bathymetry","depth":5000}},
{"type":"Feature","geometry":{"type":"Polygon","coordinates":[[[-161.3,-15.61],[-161.2,-15.42],[-161.28,-15.3],[-161.38,-15.54],[-161.3,-15.61]]]},"properties":{"scalerank":0,"featurecla":"Bathymetry","depth":5000}},
{"type":"Feature","geometry":{"type":"Polygon","coordinates":[[[-158.3,-15.42],[-158.21,-15.26],[-158.38,-15.21],[-158.3,-15.42]]]},"properties":{"scalerank":0,"featurecla":"Bathymetry","depth":5000}},
{"type":"Feature","geometry":{"type":"Polygon","coordinates":[[[166.2,-15.13],[166.24,-14.91],[165.89,-15],[166.2,-15.13]]]},"properties":{"scalerank":0,"featurecla":"Bathymetry","depth":5000}},
{"type":"Feature","geometry":{"type":"Polygon","coordinates":[[[-3.24,-14.95],[-3.24,-14.87],[-3.39,-14.95],[-3.29,-15],[-3.24,-14.95]]]},"properties":{"scalerank":0,"featurecla":"Bathymetry","depth":5000}},
{"type":"Feature","geometry":{"type":"Polygon","coordinates":[[[-156.21,-14.86],[-156.37,-14.83],[-156.4,-15.02],[-156.21,-14.86]]]},"properties":{"scalerank":0,"featurecla":"Bathymetry","depth":5000}},
{"type":"Feature","geometry":{"type":"Polygon","coordinates":[[[81.02,-14.89],[80.81,-14.95],[80.72,-15.28],[80.92,-15.4],[80.87,-15.66],[81.05,-15.73],[81.04,-15.28],[81.25,-15.22],[81.17,-14.93],[81.02,-14.89]]]},"properties":{"scalerank":0,"featurecla":"Bathymetry","depth":5000}},
{"type":"Feature","geometry":{"type":"Polygon","coordinates":[[[-157.61,-15.24],[-157.7,-15],[-157.7,-14.81],[-157.66,-14.73],[-157.75,-14.69],[-157.79,-14.75],[-157.74,-14.89],[-157.69,-15.17],[-157.61,-15.24]]]},"properties":{"scalerank":0,"featurecla":"Bathymetry","depth":5000}},
{"type":"Feature","geometry":{"type":"Polygon","coordinates":[[[80.75,-14.71],[80.62,-14.66],[80.62,-14.83],[80.75,-14.71]]]},"properties":{"scalerank":0,"featurecla":"Bathymetry","depth":5000}},
{"type":"Feature","geometry":{"type":"Polygon","coordinates":[[[-154.19,-14.64],[-154.28,-14.57],[-154.36,-14.63],[-154.26,-14.68],[-154.19,-14.64]]]},"properties":{"scalerank":0,"featurecla":"Bathymetry","depth":5000}},
{"type":"Feature","geometry":{"type":"Polygon","coordinates":[[[163.08,-14.81],[163.06,-14.69],[163.1,-14.54],[163.01,-14.52],[163.03,-14.62],[163.02,-14.78],[163.08,-14.81]]]},"properties":{"scalerank":0,"featurecla":"Bathymetry","depth":5000}},
{"type":"Feature","geometry":{"type":"Polygon","coordinates":[[[82.7,-14.35],[82.67,-14.47],[82.58,-14.55],[82.68,-14.61],[82.76,-14.53],[82.7,-14.35]]]},"properties":{"scalerank":0,"featurecla":"Bathymetry","depth":5000}},
{"type":"Feature","geometry":{"type":"Polygon","coordinates":[[[-157.41,-14.59],[-157.27,-14.52],[-157.34,-14.35],[-157.43,-14.5],[-157.41,-14.59]]]},"properties":{"scalerank":0,"featurecla":"Bathymetry","depth":5000}},
{"type":"Feature","geometry":{"type":"Polygon","coordinates":[[[-82.1,-14.47],[-82.04,-14.36],[-82.08,-14.28],[-82.15,-14.41],[-82.1,-14.47]]]},"properties":{"scalerank":0,"featurecla":"Bathymetry","depth":5000}},
{"type":"Feature","geometry":{"type":"Polygon","coordinates":[[[-160.9,-14.61],[-160.56,-14.41],[-160.8,-14.12],[-161.04,-14.35],[-161.05,-14.62],[-160.9,-14.61]]]},"properties":{"scalerank":0,"featurecla":"Bathymetry","depth":5000}},
{"type":"Feature","geometry":{"type":"Polygon","coordinates":[[[72.66,-14.87],[72.84,-14.32],[72.97,-14.2],[72.8,-14.1],[72.64,-14.62],[72.66,-14.87]]]},"properties":{"scalerank":0,"featurecla":"Bathymetry","depth":5000}},
{"type":"Feature","geometry":{"type":"Polygon","coordinates":[[[90.31,-14.98],[90.38,-14.64],[90.38,-14.18],[90.28,-14.15],[90.31,-14.98]]]},"properties":{"scalerank":0,"featurecla":"Bathymetry","depth":5000}},
{"type":"Feature","geometry":{"type":"Polygon","coordinates":[[[72.48,-13.94],[72.16,-14.23],[72.29,-14.39],[72.48,-13.94]]]},"properties":{"scalerank":0,"featurecla":"Bathymetry","depth":5000}},
{"type":"Feature","geometry":{"type":"Polygon","coordinates":[[[80.18,-14.23],[80.2,-13.94],[80.04,-14.04],[80.18,-14.23]]]},"properties":{"scalerank":0,"featurecla":"Bathymetry","depth":5000}},
{"type":"Feature","geometry":{"type":"Polygon","coordinates":[[[79.94,-13.83],[79.69,-13.81],[79.46,-13.94],[79.63,-14.11],[79.94,-13.83]]]},"properties":{"scalerank":0,"featurecla":"Bathymetry","depth":5000}},
{"type":"Feature","geometry":{"type":"Polygon","coordinates":[[[-160.72,-13.72],[-160.6,-13.58],[-160.68,-13.53],[-160.72,-13.72]]]},"properties":{"scalerank":0,"featurecla":"Bathymetry","depth":5000}},
{"type":"Feature","geometry":{"type":"Polygon","coordinates":[[[82.34,-13.63],[82.37,-13.55],[82.22,-13.46],[82.24,-13.6],[82.34,-13.63]]]},"properties":{"scalerank":0,"featurecla":"Bathymetry","depth":5000}},
{"type":"Feature","geometry":{"type":"Polygon","coordinates":[[[85.01,-13.34],[84.62,-13.69],[84.25,-13.87],[84.12,-14.02],[84.25,-14.35],[84.58,-14.11],[84.8,-13.85],[85.01,-13.82],[85.34,-13.65],[85.42,-13.35],[85.01,-13.34]]]},"properties":{"scalerank":0,"featurecla":"Bathymetry","depth":5000}},
{"type":"Feature","geometry":{"type":"Polygon","coordinates":[[[86.54,-13.5],[86.59,-13.36],[86.49,-13.37],[86.54,-13.5]]]},"properties":{"scalerank":0,"featurecla":"Bathymetry","depth":5000}},
{"type":"Feature","geometry":{"type":"Polygon","coordinates":[[[-146.42,-13.38],[-146.36,-13.25],[-146.52,-13.28],[-146.42,-13.38]]]},"properties":{"scalerank":0,"featurecla":"Bathymetry","depth":5000}},
{"type":"Feature","geometry":{"type":"Polygon","coordinates":[[[72.4,-13.27],[72.35,-13.65],[72.57,-13.6],[72.51,-13.37],[72.4,-13.27]]]},"properties":{"scalerank":0,"featurecla":"Bathymetry","depth":5000}},
{"type":"Feature","geometry":{"type":"Polygon","coordinates":[[[85.43,-13.16],[85.46,-13.08],[85.34,-12.96],[85.29,-13.1],[85.43,-13.16]]]},"properties":{"scalerank":0,"featurecla":"Bathymetry","depth":5000}},
{"type":"Feature","geometry":{"type":"Polygon","coordinates":[[[81.55,-13.13],[81.41,-13],[81.14,-13.17],[80.98,-13.37],[80.76,-13.33],[80.62,-13.51],[81.05,-13.49],[81.22,-13.31],[81.53,-13.27],[81.55,-13.13]]]},"properties":{"scalerank":0,"featurecla":"Bathymetry","depth":5000}},
{"type":"Feature","geometry":{"type":"Polygon","coordinates":[[[-2.89,-12.74],[-3.09,-12.78],[-2.97,-12.89],[-2.89,-12.74]]]},"properties":{"scalerank":0,"featurecla":"Bathymetry","depth":5000}},
{"type":"Feature","geometry":{"type":"Polygon","coordinates":[[[-20.2,-12.69],[-20.3,-12.71],[-20.38,-12.8],[-20.18,-12.78],[-20.2,-12.69]]]},"properties":{"scalerank":0,"featurecla":"Bathymetry","depth":5000}},
{"type":"Feature","geometry":{"type":"Polygon","coordinates":[[[-146.08,-12.54],[-145.96,-12.78],[-145.84,-12.54],[-146.08,-12.54]]]},"properties":{"scalerank":0,"featurecla":"Bathymetry","depth":5000}},
{"type":"Feature","geometry":{"type":"Polygon","coordinates":[[[-148.38,-12.38],[-148.7,-12.38],[-148.47,-12.9],[-148.34,-12.66],[-148.38,-12.38]]]},"properties":{"scalerank":0,"featurecla":"Bathymetry","depth":5000}},
{"type":"Feature","geometry":{"type":"Polygon","coordinates":[[[-141.77,-12.24],[-142.06,-12.24],[-142.41,-12.4],[-142.58,-12.34],[-142.82,-12.55],[-142.25,-12.46],[-141.77,-12.24]]]},"properties":{"scalerank":0,"featurecla":"Bathymetry","depth":5000}},
{"type":"Feature","geometry":{"type":"Polygon","coordinates":[[[82.48,-12.2],[82.3,-12.26],[81.79,-12.73],[82.06,-12.84],[82.17,-12.6],[82.46,-12.53],[82.48,-12.2]]]},"properties":{"scalerank":0,"featurecla":"Bathymetry","depth":5000}},
{"type":"Feature","geometry":{"type":"Polygon","coordinates":[[[-3.71,-12.09],[-3.78,-12.04],[-3.96,-12.18],[-3.72,-12.14],[-3.71,-12.09]]]},"properties":{"scalerank":0,"featurecla":"Bathymetry","depth":5000}},
{"type":"Feature","geometry":{"type":"Polygon","coordinates":[[[163.05,-12.06],[162.93,-12.08],[162.89,-12.22],[162.73,-12.35],[162.79,-12.38],[162.93,-12.31],[162.97,-12.1],[163.05,-12.06]]]},"properties":{"scalerank":0,"featurecla":"Bathymetry","depth":5000}},
{"type":"Feature","geometry":{"type":"Polygon","coordinates":[[[96.29,-12.04],[96.36,-12],[96.34,-11.86],[96.24,-11.98],[96.29,-12.04]]]},"properties":{"scalerank":0,"featurecla":"Bathymetry","depth":5000}},
{"type":"Feature","geometry":{"type":"Polygon","coordinates":[[[-3.48,-11.8],[-3.62,-11.76],[-3.62,-12.09],[-3.49,-12.14],[-3.48,-11.8]]]},"properties":{"scalerank":0,"featurecla":"Bathymetry","depth":5000}},
{"type":"Feature","geometry":{"type":"Polygon","coordinates":[[[72.92,-11.61],[72.84,-11.79],[72.91,-11.83],[72.92,-11.61]]]},"properties":{"scalerank":0,"featurecla":"Bathymetry","depth":5000}},
{"type":"Feature","geometry":{"type":"Polygon","coordinates":[[[87.42,-11.08],[87.42,-11.44],[87.29,-11.42],[87.18,-11.65],[87.17,-11.93],[87.27,-12.19],[87.05,-12.34],[87.15,-12.6],[87.39,-12.7],[87.45,-12.44],[87.4,-12.26],[87.56,-12.13],[87.62,-11.84],[87.6,-11.47],[87.92,-11.34],[87.94,-11.16],[87.5,-11.16],[87.42,-11.08]]]},"properties":{"scalerank":0,"featurecla":"Bathymetry","depth":5000}},
{"type":"Feature","geometry":{"type":"Polygon","coordinates":[[[-146.34,-11.33],[-146.34,-11.24],[-146.47,-11.16],[-146.56,-11.23],[-146.44,-11.26],[-146.34,-11.33]]]},"properties":{"scalerank":0,"featurecla":"Bathymetry","depth":5000}},
{"type":"Feature","geometry":{"type":"Polygon","coordinates":[[[101.71,-11.27],[101.88,-11.08],[101.7,-11.06],[101.71,-11.27]]]},"properties":{"scalerank":0,"featurecla":"Bathymetry","depth":5000}},
{"type":"Feature","geometry":{"type":"Polygon","coordinates":[[[-4.14,-11.14],[-4.23,-10.95],[-4.31,-11.17],[-4.14,-11.14]]]},"properties":{"scalerank":0,"featurecla":"Bathymetry","depth":5000}},
{"type":"Feature","geometry":{"type":"Polygon","coordinates":[[[-3.57,-11.03],[-3.54,-10.97],[-3.54,-10.81],[-3.63,-10.92],[-3.57,-11.03]]]},"properties":{"scalerank":0,"featurecla":"Bathymetry","depth":5000}},
{"type":"Feature","geometry":{"type":"Polygon","coordinates":[[[171.83,-11.11],[171.53,-10.8],[171.32,-10.81],[171.6,-11.05],[171.83,-11.11]]]},"properties":{"scalerank":0,"featurecla":"Bathymetry","depth":5000}},
{"type":"Feature","geometry":{"type":"Polygon","coordinates":[[[161.04,-10.85],[160.88,-10.66],[160.7,-10.75],[160.87,-10.92],[161.15,-11.05],[161.22,-11.22],[161.39,-11.32],[162.04,-11.5],[162.45,-11.7],[162.6,-11.56],[162.91,-11.45],[163.15,-11.45],[163.41,-11.28],[163.74,-11.28],[164.14,-11.16],[164.34,-10.99],[164.81,-10.99],[164.93,-11.03],[164.95,-11.3],[165.12,-11.35],[165.36,-11.71],[165.29,-11.94],[165.51,-12.06],[165.65,-12.5],[165.89,-12.74],[166.15,-13.54],[166.25,-14.13],[166.42,-14],[166.25,-13.18],[166.25,-12.72],[166.16,-12.58],[166.14,-12.28],[166.06,-12.12],[166.02,-11.79],[165.69,-11.37],[165.48,-11.39],[165.07,-10.99],[164.74,-10.87],[164.53,-10.72],[164.26,-10.87],[163.99,-10.9],[163.8,-10.99],[163.5,-11],[163.28,-11.1],[162.96,-11.09],[162.77,-11.18],[162.43,-11.26],[161.74,-11.21],[161.52,-10.99],[161.32,-10.99],[161.04,-10.85]]]},"properties":{"scalerank":0,"featurecla":"Bathymetry","depth":5000}},
{"type":"Feature","geometry":{"type":"Polygon","coordinates":[[[-148.87,-11.09],[-149.06,-10.67],[-149.1,-10.4],[-149.26,-10.54],[-149.13,-11.14],[-148.87,-11.09]]]},"properties":{"scalerank":0,"featurecla":"Bathymetry","depth":5000}},
{"type":"Feature","geometry":{"type":"Polygon","coordinates":[[[-144.45,-10.33],[-144.61,-10.35],[-144.52,-10.43],[-144.45,-10.33]]]},"properties":{"scalerank":0,"featurecla":"Bathymetry","depth":5000}},
{"type":"Feature","geometry":{"type":"Polygon","coordinates":[[[-4.48,-10.34],[-4.44,-10.26],[-4.61,-10.3],[-4.54,-10.37],[-4.48,-10.34]]]},"properties":{"scalerank":0,"featurecla":"Bathymetry","depth":5000}},
{"type":"Feature","geometry":{"type":"Polygon","coordinates":[[[-20.74,-10.26],[-20.86,-10.2],[-20.9,-10.39],[-20.73,-10.4],[-20.74,-10.26]]]},"properties":{"scalerank":0,"featurecla":"Bathymetry","depth":5000}},
{"type":"Feature","geometry":{"type":"Polygon","coordinates":[[[85.07,-10.32],[84.98,-10.25],[84.94,-10.36],[85.05,-10.42],[85.07,-10.32]]]},"properties":{"scalerank":0,"featurecla":"Bathymetry","depth":5000}},
{"type":"Feature","geometry":{"type":"Polygon","coordinates":[[[-151.15,-10.38],[-151.01,-10.32],[-151.1,-10.15],[-151.15,-10.38]]]},"properties":{"scalerank":0,"featurecla":"Bathymetry","depth":5000}},
{"type":"Feature","geometry":{"type":"Polygon","coordinates":[[[170.28,-10.32],[170.27,-10.47],[170.67,-10.55],[170.71,-10.44],[170.42,-10.28],[170.28,-10.32]]]},"properties":{"scalerank":0,"featurecla":"Bathymetry","depth":5000}},
{"type":"Feature","geometry":{"type":"Polygon","coordinates":[[[84.2,-12.57],[84.24,-12.34],[84.17,-12.11],[84.28,-11.75],[84.44,-11.59],[84.67,-11.06],[84.55,-11.05],[84.41,-11.47],[84.14,-11.98],[84.03,-12.41],[84.2,-12.57]]]},"properties":{"scalerank":0,"featurecla":"Bathymetry","depth":5000}},
{"type":"Feature","geometry":{"type":"Polygon","coordinates":[[[-21.22,-10.27],[-21.12,-10.08],[-21.19,-10.08],[-21.22,-10.27]]]},"properties":{"scalerank":0,"featurecla":"Bathymetry","depth":5000}},
{"type":"Feature","geometry":{"type":"Polygon","coordinates":[[[-151.61,-9.96],[-151.71,-9.82],[-151.82,-9.86],[-151.83,-10.02],[-151.61,-9.96]]]},"properties":{"scalerank":0,"featurecla":"Bathymetry","depth":5000}},
{"type":"Feature","geometry":{"type":"Polygon","coordinates":[[[90.99,-10.14],[91.02,-9.74],[90.94,-9.8],[90.93,-10.14],[90.99,-10.14]]]},"properties":{"scalerank":0,"featurecla":"Bathymetry","depth":5000}},
{"type":"Feature","geometry":{"type":"Polygon","coordinates":[[[-149.57,-9.82],[-149.69,-9.84],[-149.63,-10.06],[-149.52,-10.27],[-149.5,-9.82],[-149.57,-9.82]]]},"properties":{"scalerank":0,"featurecla":"Bathymetry","depth":5000}},
{"type":"Feature","geometry":{"type":"Polygon","coordinates":[[[87.12,-9.82],[87.09,-9.69],[86.96,-9.7],[87.04,-9.81],[87.12,-9.82]]]},"properties":{"scalerank":0,"featurecla":"Bathymetry","depth":5000}},
{"type":"Feature","geometry":{"type":"Polygon","coordinates":[[[90.94,-9.55],[90.96,-9.34],[90.89,-9.38],[90.87,-9.49],[90.94,-9.55]]]},"properties":{"scalerank":0,"featurecla":"Bathymetry","depth":5000}},
{"type":"Feature","geometry":{"type":"Polygon","coordinates":[[[-151.02,-9.4],[-151,-9.17],[-151.15,-9.15],[-151.02,-9.4]]]},"properties":{"scalerank":0,"featurecla":"Bathymetry","depth":5000}},
{"type":"Feature","geometry":{"type":"Polygon","coordinates":[[[49.47,-9.26],[49.28,-9.35],[49.32,-9.6],[49.54,-9.81],[49.58,-9.43],[49.47,-9.26]]]},"properties":{"scalerank":0,"featurecla":"Bathymetry","depth":5000}},
{"type":"Feature","geometry":{"type":"Polygon","coordinates":[[[-150,-9],[-150.2,-9.25],[-150.02,-9.39],[-149.94,-9.16],[-150,-9]]]},"properties":{"scalerank":0,"featurecla":"Bathymetry","depth":5000}},
{"type":"Feature","geometry":{"type":"Polygon","coordinates":[[[73.5,-9.3],[73.51,-9.18],[73.62,-9.06],[73.55,-8.99],[73.44,-9.11],[73.5,-9.3]]]},"properties":{"scalerank":0,"featurecla":"Bathymetry","depth":5000}},
{"type":"Feature","geometry":{"type":"Polygon","coordinates":[[[53.47,-9.02],[53.23,-8.9],[53.3,-9.17],[53.47,-9.02]]]},"properties":{"scalerank":0,"featurecla":"Bathymetry","depth":5000}},
{"type":"Feature","geometry":{"type":"Polygon","coordinates":[[[50.7,-8.52],[50.57,-8.42],[50.4,-8.45],[50.41,-8.52],[50.7,-8.52]]]},"properties":{"scalerank":0,"featurecla":"Bathymetry","depth":5000}},
{"type":"Feature","geometry":{"type":"Polygon","coordinates":[[[166.41,-8.4],[166.28,-8.33],[166.14,-8.41],[166.44,-8.55],[166.41,-8.4]]]},"properties":{"scalerank":0,"featurecla":"Bathymetry","depth":5000}},
{"type":"Feature","geometry":{"type":"Polygon","coordinates":[[[-168.68,-8.3],[-168.77,-8.31],[-168.75,-8.46],[-168.67,-8.4],[-168.68,-8.3]]]},"properties":{"scalerank":0,"featurecla":"Bathymetry","depth":5000}},
{"type":"Feature","geometry":{"type":"Polygon","coordinates":[[[-152.74,-8.21],[-152.86,-8.23],[-152.88,-8.5],[-152.71,-8.5],[-152.74,-8.21]]]},"properties":{"scalerank":0,"featurecla":"Bathymetry","depth":5000}},
{"type":"Feature","geometry":{"type":"Polygon","coordinates":[[[73.96,-9.18],[74.04,-9.07],[74.02,-8.71],[73.9,-9.13],[73.96,-9.18]]]},"properties":{"scalerank":0,"featurecla":"Bathymetry","depth":5000}},
{"type":"Feature","geometry":{"type":"Polygon","coordinates":[[[-173.35,-8.79],[-173.21,-8.57],[-173.26,-8.47],[-173.44,-8.64],[-173.35,-8.79]]]},"properties":{"scalerank":0,"featurecla":"Bathymetry","depth":5000}},
{"type":"Feature","geometry":{"type":"Polygon","coordinates":[[[121.27,-7.81],[121.2,-7.92],[121.53,-8.02],[121.4,-7.86],[121.27,-7.81]]]},"properties":{"scalerank":0,"featurecla":"Bathymetry","depth":5000}},
{"type":"Feature","geometry":{"type":"Polygon","coordinates":[[[-160.19,-7.89],[-160.24,-7.84],[-160.51,-7.82],[-160.47,-7.9],[-160.19,-7.89]]]},"properties":{"scalerank":0,"featurecla":"Bathymetry","depth":5000}},
{"type":"Feature","geometry":{"type":"Polygon","coordinates":[[[151.6,-7.71],[151.39,-7.72],[151.39,-7.92],[151.75,-7.94],[152,-8.09],[152.16,-8.1],[152.09,-7.76],[151.6,-7.71]]]},"properties":{"scalerank":0,"featurecla":"Bathymetry","depth":5000}},
{"type":"Feature","geometry":{"type":"Polygon","coordinates":[[[-171.16,-7.93],[-171.17,-7.78],[-171.29,-7.78],[-171.16,-7.93]]]},"properties":{"scalerank":0,"featurecla":"Bathymetry","depth":5000}},
{"type":"Feature","geometry":{"type":"Polygon","coordinates":[[[150.28,-7.57],[150.31,-7.65],[150.47,-7.63],[150.6,-7.73],[150.79,-7.75],[150.9,-7.68],[150.63,-7.59],[150.46,-7.61],[150.28,-7.57]]]},"properties":{"scalerank":0,"featurecla":"Bathymetry","depth":5000}},
{"type":"Feature","geometry":{"type":"Polygon","coordinates":[[[74.23,-7.97],[74.19,-7.74],[74.09,-7.82],[74.23,-7.97]]]},"properties":{"scalerank":0,"featurecla":"Bathymetry","depth":5000}},
{"type":"Feature","geometry":{"type":"Polygon","coordinates":[[[83.92,-7.36],[83.78,-7.31],[83.6,-7.31],[83.61,-7.39],[83.92,-7.36]]]},"properties":{"scalerank":0,"featurecla":"Bathymetry","depth":5000}},
{"type":"Feature","geometry":{"type":"Polygon","coordinates":[[[128.07,-7],[128.03,-6.98],[127.76,-7.02],[127.7,-7.05],[127.69,-7.11],[127.83,-7.04],[128.04,-7.05],[128.07,-7]]]},"properties":{"scalerank":0,"featurecla":"Bathymetry","depth":5000}},
{"type":"Feature","geometry":{"type":"Polygon","coordinates":[[[-152.38,-7.68],[-152.21,-7.5],[-152.3,-7.01],[-152.59,-7.16],[-152.45,-7.29],[-152.49,-7.7],[-152.38,-7.68]]]},"properties":{"scalerank":0,"featurecla":"Bathymetry","depth":5000}},
{"type":"Feature","geometry":{"type":"Polygon","coordinates":[[[82.81,-7.02],[82.7,-6.96],[82.69,-7.06],[82.81,-7.02]]]},"properties":{"scalerank":0,"featurecla":"Bathymetry","depth":5000}},
{"type":"Feature","geometry":{"type":"Polygon","coordinates":[[[-4.86,-6.7],[-4.86,-6.58],[-5.45,-6.65],[-5.24,-6.77],[-4.86,-6.7]]]},"properties":{"scalerank":0,"featurecla":"Bathymetry","depth":5000}},
{"type":"Feature","geometry":{"type":"Polygon","coordinates":[[[-162.76,-6.62],[-162.76,-6.54],[-163.66,-6.67],[-163.8,-6.62],[-163.94,-6.77],[-163.97,-7.14],[-163.73,-7.16],[-163.83,-6.8],[-162.76,-6.62]]]},"properties":{"scalerank":0,"featurecla":"Bathymetry","depth":5000}},
{"type":"Feature","geometry":{"type":"Polygon","coordinates":[[[148.7,-6.65],[148.73,-6.49],[148.56,-6.53],[148.7,-6.65]]]},"properties":{"scalerank":0,"featurecla":"Bathymetry","depth":5000}},
{"type":"Feature","geometry":{"type":"Polygon","coordinates":[[[1.01,-6.46],[0.84,-6.46],[0.91,-6.57],[1.01,-6.46]]]},"properties":{"scalerank":0,"featurecla":"Bathymetry","depth":5000}},
{"type":"Feature","geometry":{"type":"Polygon","coordinates":[[[0.65,-6.66],[0.6,-6.54],[0.63,-6.36],[0.5,-6.43],[0.48,-6.5],[0.65,-6.66]]]},"properties":{"scalerank":0,"featurecla":"Bathymetry","depth":5000}},
{"type":"Feature","geometry":{"type":"Polygon","coordinates":[[[52.82,-8.52],[52.87,-8.42],[52.7,-8.09],[52.61,-7.78],[52.63,-7.51],[52.43,-7.52],[52.51,-7.92],[52.71,-8.47],[52.82,-8.52]]]},"properties":{"scalerank":0,"featurecla":"Bathymetry","depth":5000}},
{"type":"Feature","geometry":{"type":"Polygon","coordinates":[[[-161.72,-6.42],[-161.66,-6.56],[-161.59,-6.5],[-161.6,-6.39],[-161.72,-6.42]]]},"properties":{"scalerank":0,"featurecla":"Bathymetry","depth":5000}},
{"type":"Feature","geometry":{"type":"Polygon","coordinates":[[[-147.07,-6.19],[-147.19,-6.17],[-147.14,-6.28],[-147.07,-6.19]]]},"properties":{"scalerank":0,"featurecla":"Bathymetry","depth":5000}},
{"type":"Feature","geometry":{"type":"Polygon","coordinates":[[[51.06,-6.38],[51.15,-6.31],[51.11,-6.25],[51,-6.33],[51.06,-6.38]]]},"properties":{"scalerank":0,"featurecla":"Bathymetry","depth":5000}},
{"type":"Feature","geometry":{"type":"Polygon","coordinates":[[[-170.09,-6.01],[-170.16,-6.05],[-170.1,-6.22],[-170.06,-6.21],[-170.09,-6.01]]]},"properties":{"scalerank":0,"featurecla":"Bathymetry","depth":5000}},
{"type":"Feature","geometry":{"type":"Polygon","coordinates":[[[-162.44,-6.03],[-162.39,-5.85],[-162.53,-5.83],[-162.55,-5.97],[-162.44,-6.03]]]},"properties":{"scalerank":0,"featurecla":"Bathymetry","depth":5000}},
{"type":"Feature","geometry":{"type":"Polygon","coordinates":[[[-163.94,-5.76],[-163.8,-5.83],[-163.71,-5.77],[-163.76,-5.64],[-163.94,-5.76]]]},"properties":{"scalerank":0,"featurecla":"Bathymetry","depth":5000}},
{"type":"Feature","geometry":{"type":"Polygon","coordinates":[[[51,-5.62],[50.93,-5.71],[50.9,-5.85],[51.05,-5.79],[51,-5.62]]]},"properties":{"scalerank":0,"featurecla":"Bathymetry","depth":5000}},
{"type":"Feature","geometry":{"type":"Polygon","coordinates":[[[97.25,-5.96],[97.37,-5.69],[97.24,-5.6],[97.09,-5.77],[97.25,-5.96]]]},"properties":{"scalerank":0,"featurecla":"Bathymetry","depth":5000}},
{"type":"Feature","geometry":{"type":"Polygon","coordinates":[[[0.99,-5.7],[0.89,-5.55],[0.77,-5.74],[0.99,-5.7]]]},"properties":{"scalerank":0,"featurecla":"Bathymetry","depth":5000}},
{"type":"Feature","geometry":{"type":"Polygon","coordinates":[[[-153.19,-5.42],[-152.88,-5.83],[-152.78,-6.26],[-152.65,-5.79],[-152.87,-5.65],[-153,-5.45],[-153.19,-5.42]]]},"properties":{"scalerank":0,"featurecla":"Bathymetry","depth":5000}},
{"type":"Feature","geometry":{"type":"Polygon","coordinates":[[[-2.76,-5.34],[-2.99,-5.42],[-2.9,-5.5],[-2.76,-5.34]]]},"properties":{"scalerank":0,"featurecla":"Bathymetry","depth":5000}},
{"type":"Feature","geometry":{"type":"Polygon","coordinates":[[[-20.28,-5.51],[-20.4,-5.35],[-20.53,-5.56],[-20.28,-5.51]]]},"properties":{"scalerank":0,"featurecla":"Bathymetry","depth":5000}},
{"type":"Feature","geometry":{"type":"Polygon","coordinates":[[[-163.42,-5.52],[-163.63,-5.43],[-163.56,-5.57],[-163.42,-5.65],[-163.42,-5.52]]]},"properties":{"scalerank":0,"featurecla":"Bathymetry","depth":5000}},
{"type":"Feature","geometry":{"type":"Polygon","coordinates":[[[92.78,-5.38],[92.65,-5.29],[92.61,-5.2],[92.5,-5.26],[92.55,-5.31],[92.74,-5.38],[92.78,-5.38]]]},"properties":{"scalerank":0,"featurecla":"Bathymetry","depth":5000}},
{"type":"Feature","geometry":{"type":"Polygon","coordinates":[[[51.5,-5.4],[51.65,-5.14],[51.56,-5.12],[51.47,-5.26],[51.5,-5.4]]]},"properties":{"scalerank":0,"featurecla":"Bathymetry","depth":5000}},
{"type":"Feature","geometry":{"type":"Polygon","coordinates":[[[48.74,-5.59],[48.58,-5.16],[48.53,-5.39],[48.74,-5.59]]]},"properties":{"scalerank":0,"featurecla":"Bathymetry","depth":5000}},
{"type":"Feature","geometry":{"type":"Polygon","coordinates":[[[124.78,-5.26],[124.67,-5.06],[124.43,-4.99],[124.69,-5.25],[124.78,-5.26]]]},"properties":{"scalerank":0,"featurecla":"Bathymetry","depth":5000}},
{"type":"Feature","geometry":{"type":"Polygon","coordinates":[[[128.97,-4.9],[128.81,-4.87],[128.86,-4.98],[128.97,-4.9]]]},"properties":{"scalerank":0,"featurecla":"Bathymetry","depth":5000}},
{"type":"Feature","geometry":{"type":"Polygon","coordinates":[[[51.91,-5.16],[51.91,-4.87],[51.74,-4.97],[51.91,-5.16]]]},"properties":{"scalerank":0,"featurecla":"Bathymetry","depth":5000}},
{"type":"Feature","geometry":{"type":"Polygon","coordinates":[[[92.66,-5.11],[92.83,-4.98],[92.76,-4.77],[92.55,-4.93],[92.66,-5.11]]]},"properties":{"scalerank":0,"featurecla":"Bathymetry","depth":5000}},
{"type":"Feature","geometry":{"type":"Polygon","coordinates":[[[-149.01,-5.03],[-149.09,-4.76],[-149.16,-4.9],[-149.01,-5.03]]]},"properties":{"scalerank":0,"featurecla":"Bathymetry","depth":5000}},
{"type":"Feature","geometry":{"type":"Polygon","coordinates":[[[-148.74,-4.77],[-148.73,-4.97],[-148.24,-4.96],[-148.01,-4.85],[-147.96,-4.7],[-148.42,-4.64],[-148.74,-4.77]]]},"properties":{"scalerank":0,"featurecla":"Bathymetry","depth":5000}},
{"type":"Feature","geometry":{"type":"Polygon","coordinates":[[[-162.05,-4.87],[-162.17,-4.58],[-162.41,-4.73],[-162.29,-4.97],[-162.05,-4.87]]]},"properties":{"scalerank":0,"featurecla":"Bathymetry","depth":5000}},
{"type":"Feature","geometry":{"type":"Polygon","coordinates":[[[95.35,-4.7],[95.42,-4.51],[95.33,-4.49],[95.26,-4.66],[95.35,-4.7]]]},"properties":{"scalerank":0,"featurecla":"Bathymetry","depth":5000}},
{"type":"Feature","geometry":{"type":"Polygon","coordinates":[[[48.42,-4.42],[48.31,-4.25],[48.18,-4.33],[48.31,-4.51],[48.42,-4.42]]]},"properties":{"scalerank":0,"featurecla":"Bathymetry","depth":5000}},
{"type":"Feature","geometry":{"type":"Polygon","coordinates":[[[-19.91,-4.54],[-19.75,-4.46],[-19.9,-4.21],[-20.06,-4.29],[-19.91,-4.54]]]},"properties":{"scalerank":0,"featurecla":"Bathymetry","depth":5000}},
{"type":"Feature","geometry":{"type":"Polygon","coordinates":[[[90.93,-4.85],[91,-4.73],[90.98,-4.39],[90.79,-4.42],[90.93,-4.85]]]},"properties":{"scalerank":0,"featurecla":"Bathymetry","depth":5000}},
{"type":"Feature","geometry":{"type":"Polygon","coordinates":[[[74.35,-4.56],[74.22,-4.51],[74.27,-4.25],[74.02,-4.29],[74.01,-4.44],[74.11,-4.68],[74.02,-4.91],[73.87,-5.02],[73.8,-5.21],[73.76,-6.25],[73.85,-6.38],[73.94,-5.3],[74.04,-5.01],[74.19,-4.77],[74.18,-4.62],[74.35,-4.56]]]},"properties":{"scalerank":0,"featurecla":"Bathymetry","depth":5000}},
{"type":"Feature","geometry":{"type":"Polygon","coordinates":[[[126.53,-3.99],[126.6,-4.25],[126.84,-4.03],[126.53,-3.99]]]},"properties":{"scalerank":0,"featurecla":"Bathymetry","depth":5000}},
{"type":"Feature","geometry":{"type":"Polygon","coordinates":[[[124.92,-3.91],[124.88,-4.07],[125.04,-4.19],[125.23,-4.22],[124.92,-3.91]]]},"properties":{"scalerank":0,"featurecla":"Bathymetry","depth":5000}},
{"type":"Feature","geometry":{"type":"Polygon","coordinates":[[[126,-3.98],[125.96,-3.87],[125.86,-3.86],[125.82,-3.92],[126,-3.98]]]},"properties":{"scalerank":0,"featurecla":"Bathymetry","depth":5000}},
{"type":"Feature","geometry":{"type":"Polygon","coordinates":[[[97.17,-3.95],[97.27,-3.86],[97.25,-3.74],[97.12,-3.86],[97.17,-3.95]]]},"properties":{"scalerank":0,"featurecla":"Bathymetry","depth":5000}},
{"type":"Feature","geometry":{"type":"Polygon","coordinates":[[[97.43,-3.59],[97.42,-3.41],[97.33,-3.36],[97.35,-3.54],[97.43,-3.59]]]},"properties":{"scalerank":0,"featurecla":"Bathymetry","depth":5000}},
{"type":"Feature","geometry":{"type":"Polygon","coordinates":[[[124.2,-3.44],[123.93,-3.29],[123.86,-3.52],[124.06,-3.58],[124.2,-3.44]]]},"properties":{"scalerank":0,"featurecla":"Bathymetry","depth":5000}},
{"type":"Feature","geometry":{"type":"Polygon","coordinates":[[[-3.07,-3.03],[-3.55,-3.05],[-3.36,-3.16],[-3.07,-3.03]]]},"properties":{"scalerank":0,"featurecla":"Bathymetry","depth":5000}},
{"type":"Feature","geometry":{"type":"Polygon","coordinates":[[[79.53,-3.11],[79.6,-3],[79.47,-2.98],[79.53,-3.11]]]},"properties":{"scalerank":0,"featurecla":"Bathymetry","depth":5000}},
{"type":"Feature","geometry":{"type":"Polygon","coordinates":[[[77.65,-3.27],[77.72,-3.12],[77.57,-3.1],[77.65,-3.27]]]},"properties":{"scalerank":0,"featurecla":"Bathymetry","depth":5000}},
{"type":"Feature","geometry":{"type":"Polygon","coordinates":[[[51.95,-2.95],[51.97,-3.11],[52.17,-3.15],[52.16,-2.93],[51.95,-2.95]]]},"properties":{"scalerank":0,"featurecla":"Bathymetry","depth":5000}},
{"type":"Feature","geometry":{"type":"Polygon","coordinates":[[[-18.68,-2.43],[-18.84,-2.47],[-19.13,-2.45],[-19.04,-2.59],[-18.95,-2.53],[-18.77,-2.54],[-18.68,-2.43]]]},"properties":{"scalerank":0,"featurecla":"Bathymetry","depth":5000}},
{"type":"Feature","geometry":{"type":"Polygon","coordinates":[[[124.77,-2.46],[124.48,-2.47],[124.51,-2.6],[124.77,-2.46]]]},"properties":{"scalerank":0,"featurecla":"Bathymetry","depth":5000}},
{"type":"Feature","geometry":{"type":"Polygon","coordinates":[[[125.57,-2.8],[125.82,-2.61],[125.72,-2.42],[125.68,-2.25],[125.57,-2.33],[125.69,-2.47],[125.7,-2.58],[125.55,-2.72],[125.57,-2.8]]]},"properties":{"scalerank":0,"featurecla":"Bathymetry","depth":5000}},
{"type":"Feature","geometry":{"type":"Polygon","coordinates":[[[53.28,-2.45],[53.31,-2.24],[53.17,-2.17],[53.28,-2.45]]]},"properties":{"scalerank":0,"featurecla":"Bathymetry","depth":5000}},
{"type":"Feature","geometry":{"type":"Polygon","coordinates":[[[-28.02,-2.24],[-27.93,-2.1],[-28.05,-2.12],[-28.02,-2.24]]]},"properties":{"scalerank":0,"featurecla":"Bathymetry","depth":5000}},
{"type":"Feature","geometry":{"type":"Polygon","coordinates":[[[76.58,-2.14],[76.73,-2.24],[76.75,-2.1],[76.58,-2.14]]]},"properties":{"scalerank":0,"featurecla":"Bathymetry","depth":5000}},
{"type":"Feature","geometry":{"type":"Polygon","coordinates":[[[-6.08,-2.09],[-5.74,-2.5],[-5.57,-2.45],[-5.29,-2.49],[-5.19,-2.59],[-4.88,-2.42],[-5.03,-2.25],[-5.11,-2.48],[-5.42,-2.44],[-5.58,-2.34],[-5.78,-2.34],[-5.76,-2.07],[-5.9,-1.98],[-6.08,-2.09]]]},"properties":{"scalerank":0,"featurecla":"Bathymetry","depth":5000}},
{"type":"Feature","geometry":{"type":"Polygon","coordinates":[[[79.29,-1.88],[79.22,-1.62],[79.14,-1.68],[79.18,-1.82],[79.29,-1.88]]]},"properties":{"scalerank":0,"featurecla":"Bathymetry","depth":5000}},
{"type":"Feature","geometry":{"type":"Polygon","coordinates":[[[-29.23,-1.49],[-29.34,-1.51],[-29.43,-1.47],[-29.59,-1.47],[-29.64,-1.51],[-29.31,-1.56],[-29.23,-1.49]]]},"properties":{"scalerank":0,"featurecla":"Bathymetry","depth":5000}},
{"type":"Feature","geometry":{"type":"Polygon","coordinates":[[[-27.46,-1.46],[-27.91,-1.42],[-28.18,-1.51],[-28.24,-1.82],[-28.09,-1.98],[-27.96,-1.9],[-27.65,-1.85],[-27.54,-1.94],[-27.19,-1.85],[-26.98,-1.9],[-26.53,-1.88],[-26.23,-1.79],[-25.81,-1.78],[-25.37,-1.92],[-25.56,-1.67],[-25.84,-1.75],[-26.28,-1.63],[-26.42,-1.7],[-27.29,-1.73],[-27.46,-1.46]]]},"properties":{"scalerank":0,"featurecla":"Bathymetry","depth":5000}},
{"type":"Feature","geometry":{"type":"Polygon","coordinates":[[[74.71,-1.39],[74.68,-1.56],[74.78,-1.61],[74.89,-1.46],[74.71,-1.39]]]},"properties":{"scalerank":0,"featurecla":"Bathymetry","depth":5000}},
{"type":"Feature","geometry":{"type":"Polygon","coordinates":[[[-6.86,-1.12],[-6.93,-1.09],[-7.16,-1.13],[-7.22,-1.22],[-6.86,-1.12]]]},"properties":{"scalerank":0,"featurecla":"Bathymetry","depth":5000}},
{"type":"Feature","geometry":{"type":"Polygon","coordinates":[[[-20.84,-1.18],[-21.09,-1.07],[-21.2,-1.19],[-21.5,-1.13],[-22.01,-1.22],[-22.39,-1.22],[-22.51,-1.42],[-22.03,-1.34],[-21.43,-1.34],[-21.14,-1.22],[-20.84,-1.18]]]},"properties":{"scalerank":0,"featurecla":"Bathymetry","depth":5000}},
{"type":"Feature","geometry":{"type":"Polygon","coordinates":[[[152.44,-1.45],[152.33,-1.2],[152.11,-1.02],[151.9,-1.22],[151.92,-1.44],[152.18,-1.6],[152.36,-1.82],[152.83,-2],[152.74,-1.75],[152.57,-1.45],[152.44,-1.45]]]},"properties":{"scalerank":0,"featurecla":"Bathymetry","depth":5000}},
{"type":"Feature","geometry":{"type":"Polygon","coordinates":[[[-20.04,-0.6],[-19.82,-0.52],[-19.8,-0.38],[-20.57,-0.59],[-21.6,-0.84],[-20.04,-0.6]]]},"properties":{"scalerank":0,"featurecla":"Bathymetry","depth":5000}},
{"type":"Feature","geometry":{"type":"Polygon","coordinates":[[[-155.16,-0.48],[-155.28,-0.31],[-155.35,-0.35],[-155.25,-0.48],[-155.16,-0.48]]]},"properties":{"scalerank":0,"featurecla":"Bathymetry","depth":5000}},
{"type":"Feature","geometry":{"type":"Polygon","coordinates":[[[-7.5,-0.21],[-7.64,-0.29],[-7.54,-0.39],[-7.39,-0.38],[-7.5,-0.21]]]},"properties":{"scalerank":0,"featurecla":"Bathymetry","depth":5000}},
{"type":"Feature","geometry":{"type":"Polygon","coordinates":[[[148.1,-0.38],[148.08,-0.19],[147.76,-0.12],[147.41,-0.17],[147.26,-0.12],[146.5,-0.19],[146.64,-0.29],[147.7,-0.29],[148.1,-0.38]]]},"properties":{"scalerank":0,"featurecla":"Bathymetry","depth":5000}},
{"type":"Feature","geometry":{"type":"Polygon","coordinates":[[[136.57,-0.22],[136.46,-0.07],[136.4,-0.22],[136.57,-0.22]]]},"properties":{"scalerank":0,"featurecla":"Bathymetry","depth":5000}},
{"type":"Feature","geometry":{"type":"Polygon","coordinates":[[[-6.48,-0.26],[-6.72,-0.05],[-6.89,-0.27],[-6.88,-0.4],[-6.48,-0.26]]]},"properties":{"scalerank":0,"featurecla":"Bathymetry","depth":5000}},
{"type":"Feature","geometry":{"type":"Polygon","coordinates":[[[-16.82,0.27],[-17,0.21],[-17.93,0.05],[-18.29,-0.1],[-18.65,-0.15],[-18.68,-0.3],[-18.12,-0.18],[-17.97,-0.09],[-17.42,-0.02],[-17.15,0.09],[-17.01,0.05],[-16.82,0.27]]]},"properties":{"scalerank":0,"featurecla":"Bathymetry","depth":5000}},
{"type":"Feature","geometry":{"type":"Polygon","coordinates":[[[150.89,0.09],[150.65,0.34],[150.57,0.26],[150.65,0],[150.82,-0.11],[150.89,0.09]]]},"properties":{"scalerank":0,"featurecla":"Bathymetry","depth":5000}},
{"type":"Feature","geometry":{"type":"Polygon","coordinates":[[[-20.02,0.4],[-20.23,0.4],[-20.12,0.29],[-20.02,0.4]]]},"properties":{"scalerank":0,"featurecla":"Bathymetry","depth":5000}},
{"type":"Feature","geometry":{"type":"Polygon","coordinates":[[[-19.46,0.46],[-19.59,0.43],[-19.7,0.45],[-19.69,0.35],[-19.6,0.34],[-19.46,0.41],[-19.46,0.46]]]},"properties":{"scalerank":0,"featurecla":"Bathymetry","depth":5000}},
{"type":"Feature","geometry":{"type":"Polygon","coordinates":[[[54.43,0.89],[54.24,0.9],[54.49,0.58],[54.59,0.65],[54.43,0.89]]]},"properties":{"scalerank":0,"featurecla":"Bathymetry","depth":5000}},
{"type":"Feature","geometry":{"type":"Polygon","coordinates":[[[-18.96,0.89],[-19.36,0.88],[-19.4,0.67],[-19.3,0.63],[-19.17,0.79],[-18.94,0.72],[-18.96,0.89]]]},"properties":{"scalerank":0,"featurecla":"Bathymetry","depth":5000}},
{"type":"Feature","geometry":{"type":"Polygon","coordinates":[[[-19.84,0.47],[-19.83,0.91],[-19.99,0.69],[-19.84,0.47]]]},"properties":{"scalerank":0,"featurecla":"Bathymetry","depth":5000}},
{"type":"Feature","geometry":{"type":"Polygon","coordinates":[[[-21.1,1.52],[-21.16,1.54],[-21.8,1.52],[-21.74,1.42],[-21.62,1.45],[-21.1,1.52]]]},"properties":{"scalerank":0,"featurecla":"Bathymetry","depth":5000}},
{"type":"Feature","geometry":{"type":"Polygon","coordinates":[[[-21.41,1.93],[-21.43,2],[-21.59,2.03],[-21.55,1.94],[-21.41,1.93]]]},"properties":{"scalerank":0,"featurecla":"Bathymetry","depth":5000}},
{"type":"Feature","geometry":{"type":"Polygon","coordinates":[[[-6.47,1.95],[-6.35,1.98],[-6.34,2.06],[-6.53,2.02],[-6.47,1.95]]]},"properties":{"scalerank":0,"featurecla":"Bathymetry","depth":5000}},
{"type":"Feature","geometry":{"type":"Polygon","coordinates":[[[-19.83,2.03],[-20.06,2.01],[-20.11,1.87],[-19.95,1.72],[-19.81,1.91],[-19.83,2.03]]]},"properties":{"scalerank":0,"featurecla":"Bathymetry","depth":5000}},
{"type":"Feature","geometry":{"type":"Polygon","coordinates":[[[-6.83,2.17],[-6.53,2.21],[-6.6,2.26],[-6.84,2.25],[-6.83,2.17]]]},"properties":{"scalerank":0,"featurecla":"Bathymetry","depth":5000}},
{"type":"Feature","geometry":{"type":"Polygon","coordinates":[[[149.34,-0.64],[149.39,-0.53],[149.31,-0.1],[149.19,0.29],[149.18,0.76],[149.01,1.06],[148.98,1.41],[148.89,1.62],[148.87,2.29],[148.75,2.62],[148.56,2.68],[148.5,2.52],[148.61,1.53],[148.54,1.29],[148.72,1.16],[148.93,0.06],[148.77,-0.17],[148.76,-0.45],[149.34,-0.64]]]},"properties":{"scalerank":0,"featurecla":"Bathymetry","depth":5000}},
{"type":"Feature","geometry":{"type":"Polygon","coordinates":[[[173.93,2.21],[173.93,2.45],[173.81,2.35],[173.93,2.21]]]},"properties":{"scalerank":0,"featurecla":"Bathymetry","depth":5000}},
{"type":"Feature","geometry":{"type":"Polygon","coordinates":[[[58.25,3.14],[58.19,3.07],[58.13,2.81],[58.22,2.89],[58.25,3.14]]]},"properties":{"scalerank":0,"featurecla":"Bathymetry","depth":5000}},
{"type":"Feature","geometry":{"type":"Polygon","coordinates":[[[-0.41,3.17],[-0.54,3.16],[-0.6,3],[-0.5,2.99],[-0.41,3.17]]]},"properties":{"scalerank":0,"featurecla":"Bathymetry","depth":5000}},
{"type":"Feature","geometry":{"type":"Polygon","coordinates":[[[150.62,3.46],[150.46,3.6],[150.5,3.46],[150.62,3.46]]]},"properties":{"scalerank":0,"featurecla":"Bathymetry","depth":5000}},
{"type":"Feature","geometry":{"type":"Polygon","coordinates":[[[173.99,3.38],[174,3.67],[173.81,3.69],[173.99,3.38]]]},"properties":{"scalerank":0,"featurecla":"Bathymetry","depth":5000}},
{"type":"Feature","geometry":{"type":"Polygon","coordinates":[[[132.87,3.38],[132.89,3.65],[132.81,3.71],[132.84,3.43],[132.87,3.38]]]},"properties":{"scalerank":0,"featurecla":"Bathymetry","depth":5000}},
{"type":"Feature","geometry":{"type":"Polygon","coordinates":[[[135.51,3.74],[135.36,3.82],[135.22,3.79],[135.26,3.67],[135.51,3.74]]]},"properties":{"scalerank":0,"featurecla":"Bathymetry","depth":5000}},
{"type":"Feature","geometry":{"type":"Polygon","coordinates":[[[55.56,3.46],[55.61,3.64],[55.56,3.77],[55.45,3.75],[55.54,3.62],[55.56,3.46]]]},"properties":{"scalerank":0,"featurecla":"Bathymetry","depth":5000}},
{"type":"Feature","geometry":{"type":"Polygon","coordinates":[[[134.47,3.58],[134.61,3.68],[134.42,3.74],[134.47,3.58]]]},"properties":{"scalerank":0,"featurecla":"Bathymetry","depth":5000}},
{"type":"Feature","geometry":{"type":"Polygon","coordinates":[[[57.5,3.7],[57.54,3.83],[57.38,3.78],[57.5,3.7]]]},"properties":{"scalerank":0,"featurecla":"Bathymetry","depth":5000}},
{"type":"Feature","geometry":{"type":"Polygon","coordinates":[[[-149.54,3.96],[-149.74,4.03],[-149.72,3.78],[-149.56,3.7],[-149.77,3.54],[-149.98,3.6],[-150.17,3.54],[-150.18,3.73],[-150.53,3.55],[-150.66,3.21],[-150.84,3.3],[-151,3.18],[-151.19,3.21],[-151.72,3.02],[-151.71,2.9],[-151.02,3],[-150.86,3.07],[-150.5,3.05],[-150.22,3.19],[-150,3.19],[-149.85,3.1],[-149.47,3.12],[-149.02,3.24],[-149.05,3.52],[-149.54,3.96]]]},"properties":{"scalerank":0,"featurecla":"Bathymetry","depth":5000}},
{"type":"Feature","geometry":{"type":"Polygon","coordinates":[[[122.63,4.23],[122.73,4.27],[122.74,4.37],[122.57,4.32],[122.63,4.23]]]},"properties":{"scalerank":0,"featurecla":"Bathymetry","depth":5000}},
{"type":"Feature","geometry":{"type":"Polygon","coordinates":[[[123.94,4.17],[123.93,4.35],[123.84,4.29],[123.94,4.17]]]},"properties":{"scalerank":0,"featurecla":"Bathymetry","depth":5000}},
{"type":"Feature","geometry":{"type":"Polygon","coordinates":[[[-163.25,4.33],[-163.15,4.45],[-163.49,4.4],[-163.4,4.32],[-163.25,4.33]]]},"properties":{"scalerank":0,"featurecla":"Bathymetry","depth":5000}},
{"type":"Feature","geometry":{"type":"Polygon","coordinates":[[[149.28,4.04],[149.5,4.21],[149.82,4.32],[149.51,4.47],[149.28,4.04]]]},"properties":{"scalerank":0,"featurecla":"Bathymetry","depth":5000}},
{"type":"Feature","geometry":{"type":"Polygon","coordinates":[[[135.82,4.13],[135.82,4.37],[135.67,4.32],[135.82,4.13]]]},"properties":{"scalerank":0,"featurecla":"Bathymetry","depth":5000}},
{"type":"Feature","geometry":{"type":"Polygon","coordinates":[[[-16.15,4.44],[-16.25,4.46],[-16.46,4.4],[-16.39,4.24],[-16.32,4.34],[-16.15,4.44]]]},"properties":{"scalerank":0,"featurecla":"Bathymetry","depth":5000}},
{"type":"Feature","geometry":{"type":"Polygon","coordinates":[[[-16.64,4.3],[-16.63,4.42],[-16.88,4.8],[-16.96,4.57],[-16.77,4.5],[-16.64,4.3]]]},"properties":{"scalerank":0,"featurecla":"Bathymetry","depth":5000}},
{"type":"Feature","geometry":{"type":"Polygon","coordinates":[[[136.8,4.94],[136.67,4.94],[136.55,4.89],[136.63,4.83],[136.77,4.9],[136.8,4.94]]]},"properties":{"scalerank":0,"featurecla":"Bathymetry","depth":5000}},
{"type":"Feature","geometry":{"type":"Polygon","coordinates":[[[135.73,4.76],[135.42,4.99],[135.37,4.92],[135.73,4.76]]]},"properties":{"scalerank":0,"featurecla":"Bathymetry","depth":5000}},
{"type":"Feature","geometry":{"type":"Polygon","coordinates":[[[-143.97,4.95],[-144.13,4.82],[-143.95,4.76],[-143.97,4.95]]]},"properties":{"scalerank":0,"featurecla":"Bathymetry","depth":5000}},
{"type":"Feature","geometry":{"type":"Polygon","coordinates":[[[-16.73,5.1],[-16.85,5.18],[-16.93,5.09],[-16.73,5.1]]]},"properties":{"scalerank":0,"featurecla":"Bathymetry","depth":5000}},
{"type":"Feature","geometry":{"type":"Polygon","coordinates":[[[122.13,5.05],[122.16,5.09],[121.99,5.21],[122.02,5.06],[122.13,5.05]]]},"properties":{"scalerank":0,"featurecla":"Bathymetry","depth":5000}},
{"type":"Feature","geometry":{"type":"Polygon","coordinates":[[[-148.32,5.15],[-148.45,4.62],[-148.2,4.57],[-148.16,4.35],[-147.88,4.38],[-147.8,4.3],[-147.62,4.78],[-147.67,5.12],[-148.02,5.22],[-148.32,5.15]]]},"properties":{"scalerank":0,"featurecla":"Bathymetry","depth":5000}},
{"type":"Feature","geometry":{"type":"Polygon","coordinates":[[[-17.92,5.05],[-17.89,5.25],[-18.04,5.23],[-17.92,5.05]]]},"properties":{"scalerank":0,"featurecla":"Bathymetry","depth":5000}},
{"type":"Feature","geometry":{"type":"Polygon","coordinates":[[[-18.48,5.09],[-18.6,5.05],[-18.69,4.85],[-18.34,4.96],[-18.48,5.09]]]},"properties":{"scalerank":0,"featurecla":"Bathymetry","depth":5000}},
{"type":"Feature","geometry":{"type":"Polygon","coordinates":[[[122.69,5.3],[122.58,5.29],[122.62,5.2],[122.74,5.21],[122.69,5.3]]]},"properties":{"scalerank":0,"featurecla":"Bathymetry","depth":5000}},
{"type":"Feature","geometry":{"type":"Polygon","coordinates":[[[56.86,5.13],[57.01,5.58],[56.92,5.54],[56.81,5.26],[56.86,5.13]]]},"properties":{"scalerank":0,"featurecla":"Bathymetry","depth":5000}},
{"type":"Feature","geometry":{"type":"Polygon","coordinates":[[[56.57,5.41],[56.61,5.49],[56.48,5.65],[56.47,5.42],[56.57,5.41]]]},"properties":{"scalerank":0,"featurecla":"Bathymetry","depth":5000}},
{"type":"Feature","geometry":{"type":"Polygon","coordinates":[[[166.89,5.69],[166.77,5.69],[166.7,5.47],[166.92,5.4],[167.09,5.57],[166.89,5.69]]]},"properties":{"scalerank":0,"featurecla":"Bathymetry","depth":5000}},
{"type":"Feature","geometry":{"type":"Polygon","coordinates":[[[133.46,5.55],[133.53,5.7],[133.49,5.76],[133.4,5.64],[133.46,5.55]]]},"properties":{"scalerank":0,"featurecla":"Bathymetry","depth":5000}},
{"type":"Feature","geometry":{"type":"Polygon","coordinates":[[[-138.55,5.76],[-139.1,5.74],[-139.01,5.63],[-138.86,5.64],[-138.55,5.76]]]},"properties":{"scalerank":0,"featurecla":"Bathymetry","depth":5000}},
{"type":"Feature","geometry":{"type":"Polygon","coordinates":[[[-148.77,5.99],[-148.89,6.19],[-148.99,6.1],[-148.87,5.93],[-148.77,5.99]]]},"properties":{"scalerank":0,"featurecla":"Bathymetry","depth":5000}},
{"type":"Feature","geometry":{"type":"Polygon","coordinates":[[[-140.18,6.17],[-140.3,6.22],[-140.65,6.1],[-140.9,6.1],[-140.96,5.96],[-140.18,6.17]]]},"properties":{"scalerank":0,"featurecla":"Bathymetry","depth":5000}},
{"type":"Feature","geometry":{"type":"Polygon","coordinates":[[[-152.62,6.32],[-152.89,6.31],[-152.89,6.15],[-152.62,6.32]]]},"properties":{"scalerank":0,"featurecla":"Bathymetry","depth":5000}},
{"type":"Feature","geometry":{"type":"Polygon","coordinates":[[[-138.33,6.61],[-138.62,6.67],[-138.72,6.55],[-138.33,6.61]]]},"properties":{"scalerank":0,"featurecla":"Bathymetry","depth":5000}},
{"type":"Feature","geometry":{"type":"Polygon","coordinates":[[[51.35,7.09],[51.35,7.26],[51.1,7.13],[51.35,7.09]]]},"properties":{"scalerank":0,"featurecla":"Bathymetry","depth":5000}},
{"type":"Feature","geometry":{"type":"Polygon","coordinates":[[[135.44,7.38],[135.53,7.27],[135.62,7.37],[135.44,7.38]]]},"properties":{"scalerank":0,"featurecla":"Bathymetry","depth":5000}},
{"type":"Feature","geometry":{"type":"Polygon","coordinates":[[[-24.76,7.66],[-24.78,7.68],[-25.14,7.69],[-24.88,7.61],[-24.76,7.66]]]},"properties":{"scalerank":0,"featurecla":"Bathymetry","depth":5000}},
{"type":"Feature","geometry":{"type":"Polygon","coordinates":[[[-40.87,7.85],[-40.99,7.74],[-40.74,7.72],[-40.87,7.85]]]},"properties":{"scalerank":0,"featurecla":"Bathymetry","depth":5000}},
{"type":"Feature","geometry":{"type":"Polygon","coordinates":[[[-25.99,7.78],[-26.08,7.93],[-26.23,7.92],[-26.17,7.72],[-25.99,7.78]]]},"properties":{"scalerank":0,"featurecla":"Bathymetry","depth":5000}},
{"type":"Feature","geometry":{"type":"Polygon","coordinates":[[[-28.67,7.91],[-28.78,7.98],[-28.91,7.77],[-28.83,7.75],[-28.67,7.91]]]},"properties":{"scalerank":0,"featurecla":"Bathymetry","depth":5000}},
{"type":"Feature","geometry":{"type":"Polygon","coordinates":[[[175.69,7.92],[175.75,8.05],[175.56,8],[175.69,7.92]]]},"properties":{"scalerank":0,"featurecla":"Bathymetry","depth":5000}},
{"type":"Feature","geometry":{"type":"Polygon","coordinates":[[[-27.56,8.1],[-27.68,8.12],[-27.86,8.09],[-28.12,7.98],[-27.56,8.1]]]},"properties":{"scalerank":0,"featurecla":"Bathymetry","depth":5000}},
{"type":"Feature","geometry":{"type":"Polygon","coordinates":[[[134.98,5.9],[134.78,5.96],[135.09,6.31],[134.85,6.72],[134.99,7.04],[135.03,7.46],[135.13,7.54],[135.2,7.86],[135.12,8.06],[134.92,7.96],[134.92,7.48],[134.79,7.06],[134.26,6.7],[134.08,6.43],[134.26,6.31],[134.43,6.53],[134.4,5.98],[134.71,5.46],[134.78,5.71],[134.95,5.74],[134.98,5.9]]]},"properties":{"scalerank":0,"featurecla":"Bathymetry","depth":5000}},
{"type":"Feature","geometry":{"type":"Polygon","coordinates":[[[-31.47,7.88],[-31.49,8.04],[-31.58,7.9],[-31.47,7.88]]]},"properties":{"scalerank":0,"featurecla":"Bathymetry","depth":5000}},
{"type":"Feature","geometry":{"type":"Polygon","coordinates":[[[-25,8.28],[-25.42,8.28],[-25.71,8.23],[-26.18,8.23],[-26.46,8.19],[-26.57,8.23],[-26.86,8.21],[-26.97,8.11],[-26.61,8.09],[-26.32,8.14],[-25.88,8.14],[-25.79,8.18],[-25.15,8.2],[-25,8.28]]]},"properties":{"scalerank":0,"featurecla":"Bathymetry","depth":5000}},
{"type":"Feature","geometry":{"type":"Polygon","coordinates":[[[-130.53,8.07],[-130.47,8.21],[-130.56,8.29],[-130.57,8.37],[-130.67,8.38],[-130.56,8.18],[-130.53,8.07]]]},"properties":{"scalerank":0,"featurecla":"Bathymetry","depth":5000}},
{"type":"Feature","geometry":{"type":"Polygon","coordinates":[[[-29.28,8.56],[-29.52,8.66],[-29.6,8.47],[-29.28,8.56]]]},"properties":{"scalerank":0,"featurecla":"Bathymetry","depth":5000}},
{"type":"Feature","geometry":{"type":"Polygon","coordinates":[[[135.24,8.71],[135.05,8.61],[135.11,8.5],[135.28,8.62],[135.24,8.71]]]},"properties":{"scalerank":0,"featurecla":"Bathymetry","depth":5000}},
{"type":"Feature","geometry":{"type":"Polygon","coordinates":[[[-149.81,9],[-149.76,9.14],[-149.82,9.24],[-149.94,9.16],[-149.81,9]]]},"properties":{"scalerank":0,"featurecla":"Bathymetry","depth":5000}},
{"type":"Feature","geometry":{"type":"Polygon","coordinates":[[[-160.08,9.17],[-160.19,9.23],[-160.37,9.22],[-160.35,9.14],[-160.22,9.15],[-160.11,9.04],[-160.08,9.17]]]},"properties":{"scalerank":0,"featurecla":"Bathymetry","depth":5000}},
{"type":"Feature","geometry":{"type":"Polygon","coordinates":[[[133.13,8.98],[133.27,9.1],[133.21,9.25],[133.08,9.03],[133.13,8.98]]]},"properties":{"scalerank":0,"featurecla":"Bathymetry","depth":5000}},
{"type":"Feature","geometry":{"type":"Polygon","coordinates":[[[169.29,9.19],[169.18,9.44],[168.97,9.45],[169.03,9.17],[169.29,9.19]]]},"properties":{"scalerank":0,"featurecla":"Bathymetry","depth":5000}},
{"type":"Feature","geometry":{"type":"Polygon","coordinates":[[[-132.57,9.3],[-132.54,8.94],[-132.2,9.06],[-132.23,9.22],[-132.4,9.34],[-132.57,9.3]]]},"properties":{"scalerank":0,"featurecla":"Bathymetry","depth":5000}},
{"type":"Feature","geometry":{"type":"Polygon","coordinates":[[[-135.67,10.16],[-135.77,10.29],[-135.86,10.2],[-135.67,10.16]]]},"properties":{"scalerank":0,"featurecla":"Bathymetry","depth":5000}},
{"type":"Feature","geometry":{"type":"Polygon","coordinates":[[[136.19,10.31],[135.97,10.37],[135.64,10.25],[135.46,10.27],[135.46,10.08],[135.69,10.19],[135.96,10.18],[136.06,10.07],[136.28,10.08],[136.19,10.31]]]},"properties":{"scalerank":0,"featurecla":"Bathymetry","depth":5000}},
{"type":"Feature","geometry":{"type":"Polygon","coordinates":[[[-158.92,10.42],[-159.05,10.42],[-159.02,10.31],[-158.83,10.34],[-158.92,10.42]]]},"properties":{"scalerank":0,"featurecla":"Bathymetry","depth":5000}},
{"type":"Feature","geometry":{"type":"Polygon","coordinates":[[[-139.23,10.36],[-139.48,10.44],[-139.4,10.16],[-139.23,10.36]]]},"properties":{"scalerank":0,"featurecla":"Bathymetry","depth":5000}},
{"type":"Feature","geometry":{"type":"Polygon","coordinates":[[[-38.94,10.61],[-39.06,10.67],[-39.32,10.69],[-39.28,10.63],[-39.14,10.6],[-38.94,10.61]]]},"properties":{"scalerank":0,"featurecla":"Bathymetry","depth":5000}},
{"type":"Feature","geometry":{"type":"Polygon","coordinates":[[[56.39,10.63],[56.22,10.7],[56.19,10.57],[56.39,10.63]]]},"properties":{"scalerank":0,"featurecla":"Bathymetry","depth":5000}},
{"type":"Feature","geometry":{"type":"Polygon","coordinates":[[[-41.47,10.78],[-41.48,10.83],[-41.76,10.82],[-41.73,10.76],[-41.47,10.78]]]},"properties":{"scalerank":0,"featurecla":"Bathymetry","depth":5000}},
{"type":"Feature","geometry":{"type":"Polygon","coordinates":[[[171.36,10.58],[171.46,10.73],[171.47,10.85],[171.38,10.87],[171.4,10.77],[171.34,10.68],[171.36,10.58]]]},"properties":{"scalerank":0,"featurecla":"Bathymetry","depth":5000}},
{"type":"Feature","geometry":{"type":"Polygon","coordinates":[[[-45.9,10.81],[-46.01,10.87],[-46.31,10.89],[-46.08,10.8],[-45.9,10.81]]]},"properties":{"scalerank":0,"featurecla":"Bathymetry","depth":5000}},
{"type":"Feature","geometry":{"type":"Polygon","coordinates":[[[-50.47,10.78],[-50.74,10.9],[-50.76,10.79],[-50.47,10.78]]]},"properties":{"scalerank":0,"featurecla":"Bathymetry","depth":5000}},
{"type":"Feature","geometry":{"type":"Polygon","coordinates":[[[-44.05,10.9],[-44.2,10.95],[-44.38,10.87],[-43.57,10.87],[-43.7,10.94],[-44.05,10.9]]]},"properties":{"scalerank":0,"featurecla":"Bathymetry","depth":5000}},
{"type":"Feature","geometry":{"type":"Polygon","coordinates":[[[137.06,10.94],[136.91,10.96],[136.9,10.63],[137.02,10.42],[137.06,10.94]]]},"properties":{"scalerank":0,"featurecla":"Bathymetry","depth":5000}},
{"type":"Feature","geometry":{"type":"Polygon","coordinates":[[[-51.96,11.16],[-52.22,11.14],[-52.16,11.01],[-51.89,10.97],[-51.96,11.16]]]},"properties":{"scalerank":0,"featurecla":"Bathymetry","depth":5000}},
{"type":"Feature","geometry":{"type":"Polygon","coordinates":[[[-142.08,11.04],[-142.16,11.17],[-142.2,11.15],[-142.16,11],[-142.08,11.04]]]},"properties":{"scalerank":0,"featurecla":"Bathymetry","depth":5000}},
{"type":"Feature","geometry":{"type":"Polygon","coordinates":[[[-164.17,11.22],[-164.23,11.33],[-164.29,11.24],[-164.17,11.22]]]},"properties":{"scalerank":0,"featurecla":"Bathymetry","depth":5000}},
{"type":"Feature","geometry":{"type":"Polygon","coordinates":[[[137.39,10.95],[137.51,11.19],[137.31,11.14],[137.39,10.95]]]},"properties":{"scalerank":0,"featurecla":"Bathymetry","depth":5000}},
{"type":"Feature","geometry":{"type":"Polygon","coordinates":[[[168.78,10.95],[168.91,11.14],[169.04,11.22],[169.15,11.36],[169.09,11.44],[169,11.26],[168.73,11.04],[168.78,10.95]]]},"properties":{"scalerank":0,"featurecla":"Bathymetry","depth":5000}},
{"type":"Feature","geometry":{"type":"Polygon","coordinates":[[[-137.71,11.45],[-137.82,11.34],[-137.66,11.34],[-137.71,11.45]]]},"properties":{"scalerank":0,"featurecla":"Bathymetry","depth":5000}},
{"type":"Feature","geometry":{"type":"Polygon","coordinates":[[[-47.11,11.4],[-47.09,11.23],[-46.08,11.08],[-46.51,11.36],[-46.95,11.45],[-47.11,11.4]]]},"properties":{"scalerank":0,"featurecla":"Bathymetry","depth":5000}},
{"type":"Feature","geometry":{"type":"Polygon","coordinates":[[[-47.38,11.33],[-47.4,11.51],[-47.48,11.49],[-47.45,11.36],[-47.38,11.33]]]},"properties":{"scalerank":0,"featurecla":"Bathymetry","depth":5000}},
{"type":"Feature","geometry":{"type":"Polygon","coordinates":[[[-39.17,11.57],[-39.37,11.61],[-39.94,11.54],[-39.14,11.43],[-39.17,11.57]]]},"properties":{"scalerank":0,"featurecla":"Bathymetry","depth":5000}},
{"type":"Feature","geometry":{"type":"Polygon","coordinates":[[[-141.59,11.72],[-141.67,11.32],[-141.43,11.47],[-141.59,11.72]]]},"properties":{"scalerank":0,"featurecla":"Bathymetry","depth":5000}},
{"type":"Feature","geometry":{"type":"Polygon","coordinates":[[[-142.17,11.71],[-142.06,11.54],[-141.93,11.63],[-142.03,11.72],[-142.17,11.71]]]},"properties":{"scalerank":0,"featurecla":"Bathymetry","depth":5000}},
{"type":"Feature","geometry":{"type":"Polygon","coordinates":[[[136.32,11.4],[136.15,11.56],[135.82,11.47],[135.94,11.28],[136.22,11.28],[136.32,11.4]]]},"properties":{"scalerank":0,"featurecla":"Bathymetry","depth":5000}},
{"type":"Feature","geometry":{"type":"Polygon","coordinates":[[[134.71,11.67],[134.76,11.84],[134.62,11.8],[134.71,11.67]]]},"properties":{"scalerank":0,"featurecla":"Bathymetry","depth":5000}},
{"type":"Feature","geometry":{"type":"Polygon","coordinates":[[[-131.43,11.86],[-131.57,11.81],[-131.42,11.67],[-131.43,11.86]]]},"properties":{"scalerank":0,"featurecla":"Bathymetry","depth":5000}},
{"type":"Feature","geometry":{"type":"Polygon","coordinates":[[[138.14,11.85],[138.08,11.94],[138.02,11.86],[138.14,11.85]]]},"properties":{"scalerank":0,"featurecla":"Bathymetry","depth":5000}},
{"type":"Feature","geometry":{"type":"Polygon","coordinates":[[[135.42,11.85],[135.41,11.99],[135.32,12.03],[135.38,11.86],[135.42,11.85]]]},"properties":{"scalerank":0,"featurecla":"Bathymetry","depth":5000}},
{"type":"Feature","geometry":{"type":"Polygon","coordinates":[[[137.68,12.12],[137.57,12.14],[137.42,11.94],[137.25,12.02],[136.92,12.02],[136.96,11.81],[137.21,11.86],[137.3,11.74],[137.55,11.82],[137.68,12.12]]]},"properties":{"scalerank":0,"featurecla":"Bathymetry","depth":5000}},
{"type":"Feature","geometry":{"type":"Polygon","coordinates":[[[-139.45,12.22],[-139.73,12.05],[-139.63,11.78],[-139.43,11.93],[-139.45,12.22]]]},"properties":{"scalerank":0,"featurecla":"Bathymetry","depth":5000}},
{"type":"Feature","geometry":{"type":"Polygon","coordinates":[[[-176.08,12.11],[-176.21,12.26],[-176.29,12.06],[-176.08,12.11]]]},"properties":{"scalerank":0,"featurecla":"Bathymetry","depth":5000}},
{"type":"Feature","geometry":{"type":"Polygon","coordinates":[[[-138.65,12.01],[-138.49,12.03],[-138.6,12.41],[-138.65,12.01]]]},"properties":{"scalerank":0,"featurecla":"Bathymetry","depth":5000}},
{"type":"Feature","geometry":{"type":"Polygon","coordinates":[[[136.7,12.09],[136.76,12.4],[136.52,12.49],[136.7,12.09]]]},"properties":{"scalerank":0,"featurecla":"Bathymetry","depth":5000}},
{"type":"Feature","geometry":{"type":"Polygon","coordinates":[[[-142.38,12.57],[-142.56,12.58],[-142.64,12.4],[-142.33,12.45],[-142.38,12.57]]]},"properties":{"scalerank":0,"featurecla":"Bathymetry","depth":5000}},
{"type":"Feature","geometry":{"type":"Polygon","coordinates":[[[-136.49,12.53],[-136.53,12.71],[-136.61,12.72],[-136.55,12.45],[-136.49,12.53]]]},"properties":{"scalerank":0,"featurecla":"Bathymetry","depth":5000}},
{"type":"Feature","geometry":{"type":"Polygon","coordinates":[[[-136.92,12.8],[-136.96,12.59],[-136.74,12.6],[-136.92,12.8]]]},"properties":{"scalerank":0,"featurecla":"Bathymetry","depth":5000}},
{"type":"Feature","geometry":{"type":"Polygon","coordinates":[[[-48.68,12.9],[-48.74,12.81],[-48.58,12.82],[-48.38,12.72],[-48.47,12.86],[-48.59,12.84],[-48.68,12.9]]]},"properties":{"scalerank":0,"featurecla":"Bathymetry","depth":5000}},
{"type":"Feature","geometry":{"type":"Polygon","coordinates":[[[-140.34,13],[-140.38,13.03],[-140.57,13.01],[-140.69,12.93],[-140.64,12.87],[-140.52,12.97],[-140.34,13]]]},"properties":{"scalerank":0,"featurecla":"Bathymetry","depth":5000}},
{"type":"Feature","geometry":{"type":"Polygon","coordinates":[[[137.23,13.1],[137.14,12.98],[137.33,12.99],[137.23,13.1]]]},"properties":{"scalerank":0,"featurecla":"Bathymetry","depth":5000}},
{"type":"Feature","geometry":{"type":"Polygon","coordinates":[[[-176.61,13.09],[-176.74,13.16],[-176.81,13.15],[-176.85,13.05],[-176.7,13.05],[-176.61,13.09]]]},"properties":{"scalerank":0,"featurecla":"Bathymetry","depth":5000}},
{"type":"Feature","geometry":{"type":"Polygon","coordinates":[[[-50.21,13.27],[-50.45,13.34],[-50.46,13.29],[-50.21,13.27]]]},"properties":{"scalerank":0,"featurecla":"Bathymetry","depth":5000}},
{"type":"Feature","geometry":{"type":"Polygon","coordinates":[[[-139.37,13.37],[-139.56,13.34],[-139.59,13.19],[-139.37,13.37]]]},"properties":{"scalerank":0,"featurecla":"Bathymetry","depth":5000}},
{"type":"Feature","geometry":{"type":"Polygon","coordinates":[[[136.44,13.44],[136.43,13.6],[136.26,13.45],[136.44,13.44]]]},"properties":{"scalerank":0,"featurecla":"Bathymetry","depth":5000}},
{"type":"Feature","geometry":{"type":"Polygon","coordinates":[[[136.13,13.69],[136.02,13.62],[135.89,13.32],[135.96,13.03],[135.86,12.74],[135.99,12.57],[135.82,12.46],[135.82,12.23],[135.98,12.11],[135.86,11.87],[136.2,11.95],[136.17,12.36],[136.35,12.46],[136.02,12.64],[135.96,12.75],[136.03,13],[136.27,13.06],[136.39,13.25],[136.03,13.18],[136.13,13.69]]]},"properties":{"scalerank":0,"featurecla":"Bathymetry","depth":5000}},
{"type":"Feature","geometry":{"type":"Polygon","coordinates":[[[140.7,13.53],[140.67,13.71],[140.57,13.73],[140.56,13.58],[140.7,13.53]]]},"properties":{"scalerank":0,"featurecla":"Bathymetry","depth":5000}},
{"type":"Feature","geometry":{"type":"Polygon","coordinates":[[[-41,13.67],[-41.04,13.54],[-40.89,13.44],[-40.81,13.67],[-41,13.67]]]},"properties":{"scalerank":0,"featurecla":"Bathymetry","depth":5000}},
{"type":"Feature","geometry":{"type":"Polygon","coordinates":[[[138.81,13.56],[138.95,13.85],[138.89,13.87],[138.75,13.66],[138.81,13.56]]]},"properties":{"scalerank":0,"featurecla":"Bathymetry","depth":5000}},
{"type":"Feature","geometry":{"type":"Polygon","coordinates":[[[135.61,13.95],[135.55,14.05],[135.44,14.05],[135.51,13.93],[135.61,13.95]]]},"properties":{"scalerank":0,"featurecla":"Bathymetry","depth":5000}},
{"type":"Feature","geometry":{"type":"Polygon","coordinates":[[[-51.31,13.93],[-51.07,14.02],[-51.23,14.14],[-51.31,13.93]]]},"properties":{"scalerank":0,"featurecla":"Bathymetry","depth":5000}},
{"type":"Feature","geometry":{"type":"Polygon","coordinates":[[[137.09,14.25],[137.18,14.4],[137.08,14.41],[137.09,14.25]]]},"properties":{"scalerank":0,"featurecla":"Bathymetry","depth":5000}},
{"type":"Feature","geometry":{"type":"Polygon","coordinates":[[[-40.75,14.5],[-40.91,14.48],[-40.85,14.39],[-40.75,14.5]]]},"properties":{"scalerank":0,"featurecla":"Bathymetry","depth":5000}},
{"type":"Feature","geometry":{"type":"Polygon","coordinates":[[[138.29,14.37],[138.41,14.48],[138.37,14.56],[138.13,14.39],[138.29,14.37]]]},"properties":{"scalerank":0,"featurecla":"Bathymetry","depth":5000}},
{"type":"Feature","geometry":{"type":"Polygon","coordinates":[[[-135.34,14.52],[-135.67,14.53],[-135.84,14.43],[-135.55,14.27],[-135.34,14.52]]]},"properties":{"scalerank":0,"featurecla":"Bathymetry","depth":5000}},
{"type":"Feature","geometry":{"type":"Polygon","coordinates":[[[-141.33,14.71],[-141.37,14.78],[-141.61,14.79],[-141.68,14.69],[-141.33,14.71]]]},"properties":{"scalerank":0,"featurecla":"Bathymetry","depth":5000}},
{"type":"Feature","geometry":{"type":"Polygon","coordinates":[[[-42.27,14.79],[-42.05,14.64],[-41.69,14.59],[-41.52,14.52],[-41.21,14.64],[-41.76,14.66],[-42.27,14.79]]]},"properties":{"scalerank":0,"featurecla":"Bathymetry","depth":5000}},
{"type":"Feature","geometry":{"type":"Polygon","coordinates":[[[-50.67,14.74],[-50.76,14.83],[-50.9,14.74],[-50.77,14.67],[-50.67,14.74]]]},"properties":{"scalerank":0,"featurecla":"Bathymetry","depth":5000}},
{"type":"Feature","geometry":{"type":"Polygon","coordinates":[[[137.75,14.83],[137.79,15],[137.63,14.99],[137.59,14.88],[137.75,14.83]]]},"properties":{"scalerank":0,"featurecla":"Bathymetry","depth":5000}},
{"type":"Feature","geometry":{"type":"Polygon","coordinates":[[[135.2,14.86],[135.22,14.99],[135.12,15],[135.08,14.9],[135.2,14.86]]]},"properties":{"scalerank":0,"featurecla":"Bathymetry","depth":5000}},
{"type":"Feature","geometry":{"type":"Polygon","coordinates":[[[-135.41,14.98],[-135.67,14.83],[-135.58,14.69],[-135.41,14.83],[-135.41,14.98]]]},"properties":{"scalerank":0,"featurecla":"Bathymetry","depth":5000}},
{"type":"Feature","geometry":{"type":"Polygon","coordinates":[[[-90.56,12.59],[-91.84,13.16],[-92.42,13.44],[-93.5,14.01],[-93.63,14.12],[-94.67,14.69],[-95.02,14.94],[-95.11,14.79],[-94.64,14.51],[-93.96,14.02],[-93.72,13.97],[-93.53,13.82],[-93.05,13.63],[-92.93,13.51],[-92.63,13.4],[-92.54,13.3],[-91.42,12.79],[-91.15,12.74],[-90.89,12.58],[-90.43,12.46],[-89.43,12.03],[-89.52,12.22],[-90.14,12.41],[-90.56,12.59]]]},"properties":{"scalerank":0,"featurecla":"Bathymetry","depth":5000}},
{"type":"Feature","geometry":{"type":"Polygon","coordinates":[[[166.08,15.14],[166.05,15.39],[165.94,15.22],[166.08,15.14]]]},"properties":{"scalerank":0,"featurecla":"Bathymetry","depth":5000}},
{"type":"Feature","geometry":{"type":"Polygon","coordinates":[[[139.38,15.24],[139.15,15.38],[139.18,15.17],[139.38,15.24]]]},"properties":{"scalerank":0,"featurecla":"Bathymetry","depth":5000}},
{"type":"Feature","geometry":{"type":"Polygon","coordinates":[[[136.09,15.43],[135.82,15.36],[135.81,15.11],[135.94,15.22],[135.93,15.31],[136.09,15.43]]]},"properties":{"scalerank":0,"featurecla":"Bathymetry","depth":5000}},
{"type":"Feature","geometry":{"type":"Polygon","coordinates":[[[138.48,15.24],[138.5,15.35],[138.41,15.3],[138.48,15.24]]]},"properties":{"scalerank":0,"featurecla":"Bathymetry","depth":5000}},
{"type":"Feature","geometry":{"type":"Polygon","coordinates":[[[137.38,15.25],[137.49,15.48],[137.34,15.51],[137.38,15.25]]]},"properties":{"scalerank":0,"featurecla":"Bathymetry","depth":5000}},
{"type":"Feature","geometry":{"type":"Polygon","coordinates":[[[-41.23,15.55],[-41.37,15.52],[-41.23,15.41],[-41.23,15.55]]]},"properties":{"scalerank":0,"featurecla":"Bathymetry","depth":5000}},
{"type":"Feature","geometry":{"type":"Polygon","coordinates":[[[140.16,15.41],[140.13,15.51],[140.04,15.5],[140.12,15.41],[140.16,15.41]]]},"properties":{"scalerank":0,"featurecla":"Bathymetry","depth":5000}},
{"type":"Feature","geometry":{"type":"Polygon","coordinates":[[[-128.83,15.29],[-129,15.51],[-128.98,15.34],[-128.83,15.29]]]},"properties":{"scalerank":0,"featurecla":"Bathymetry","depth":5000}},
{"type":"Feature","geometry":{"type":"Polygon","coordinates":[[[139.09,15.75],[139.22,15.65],[139.32,15.74],[139.09,15.75]]]},"properties":{"scalerank":0,"featurecla":"Bathymetry","depth":5000}},
{"type":"Feature","geometry":{"type":"Polygon","coordinates":[[[-129.61,15.87],[-129.78,15.65],[-129.48,15.6],[-129.16,15.61],[-129.29,15.79],[-129.61,15.87]]]},"properties":{"scalerank":0,"featurecla":"Bathymetry","depth":5000}},
{"type":"Feature","geometry":{"type":"Polygon","coordinates":[[[-131.99,15.83],[-132.05,15.91],[-132.34,15.86],[-132.33,15.81],[-131.99,15.83]]]},"properties":{"scalerank":0,"featurecla":"Bathymetry","depth":5000}},
{"type":"Feature","geometry":{"type":"Polygon","coordinates":[[[138.47,15.86],[138.42,15.96],[138.24,15.82],[138.09,15.54],[138.11,15.5],[138.33,15.81],[138.47,15.86]]]},"properties":{"scalerank":0,"featurecla":"Bathymetry","depth":5000}},
{"type":"Feature","geometry":{"type":"Polygon","coordinates":[[[-135.96,15.76],[-135.88,15.78],[-135.91,15.86],[-136,15.79],[-135.96,15.76]]]},"properties":{"scalerank":0,"featurecla":"Bathymetry","depth":5000}},
{"type":"Feature","geometry":{"type":"Polygon","coordinates":[[[-48.73,16.09],[-48.7,16.03],[-48.6,16.01],[-48.42,16.03],[-48.73,16.09]]]},"properties":{"scalerank":0,"featurecla":"Bathymetry","depth":5000}},
{"type":"Feature","geometry":{"type":"Polygon","coordinates":[[[-129.35,16.04],[-129.41,16.16],[-129.52,16.08],[-129.35,16.04]]]},"properties":{"scalerank":0,"featurecla":"Bathymetry","depth":5000}},
{"type":"Feature","geometry":{"type":"Polygon","coordinates":[[[122.88,16.32],[122.81,16.12],[122.65,15.93],[122.63,15.73],[122.82,15.52],[123.37,15.65],[122.91,15.99],[122.88,16.32]]]},"properties":{"scalerank":0,"featurecla":"Bathymetry","depth":5000}},
{"type":"Feature","geometry":{"type":"Polygon","coordinates":[[[135.65,16.31],[135.31,16.27],[135.44,16.11],[135.36,15.86],[135.55,15.48],[135.7,15.55],[135.63,15.88],[135.54,15.93],[135.49,16.26],[135.65,16.31]]]},"properties":{"scalerank":0,"featurecla":"Bathymetry","depth":5000}},
{"type":"Feature","geometry":{"type":"Polygon","coordinates":[[[136.46,16.24],[136.51,16.43],[136.43,16.43],[136.39,16.27],[136.46,16.24]]]},"properties":{"scalerank":0,"featurecla":"Bathymetry","depth":5000}},
{"type":"Feature","geometry":{"type":"Polygon","coordinates":[[[139.04,16.14],[139.08,16.2],[139,16.27],[138.97,16.16],[139.04,16.14]]]},"properties":{"scalerank":0,"featurecla":"Bathymetry","depth":5000}},
{"type":"Feature","geometry":{"type":"Polygon","coordinates":[[[140.44,16.58],[140.26,16.54],[140.3,16.42],[140.45,16.47],[140.44,16.58]]]},"properties":{"scalerank":0,"featurecla":"Bathymetry","depth":5000}},
{"type":"Feature","geometry":{"type":"Polygon","coordinates":[[[139.73,16.49],[139.85,16.63],[139.67,16.62],[139.73,16.49]]]},"properties":{"scalerank":0,"featurecla":"Bathymetry","depth":5000}},
{"type":"Feature","geometry":{"type":"Polygon","coordinates":[[[126.56,17.12],[126.24,17.07],[126.31,16.92],[126.51,16.93],[126.56,17.12]]]},"properties":{"scalerank":0,"featurecla":"Bathymetry","depth":5000}},
{"type":"Feature","geometry":{"type":"Polygon","coordinates":[[[123.1,16.6],[123.23,17.08],[122.94,16.7],[123.1,16.6]]]},"properties":{"scalerank":0,"featurecla":"Bathymetry","depth":5000}},
{"type":"Feature","geometry":{"type":"Polygon","coordinates":[[[-42.1,17.1],[-42.12,17.02],[-41.95,17.02],[-41.88,16.97],[-41.68,16.95],[-41.52,16.82],[-41.4,16.97],[-41.59,16.94],[-41.88,17.06],[-42,17.04],[-42.1,17.1]]]},"properties":{"scalerank":0,"featurecla":"Bathymetry","depth":5000}},
{"type":"Feature","geometry":{"type":"Polygon","coordinates":[[[136.41,17.15],[136.15,17.08],[136.09,16.78],[136.34,16.85],[136.41,17.15]]]},"properties":{"scalerank":0,"featurecla":"Bathymetry","depth":5000}},
{"type":"Feature","geometry":{"type":"Polygon","coordinates":[[[135.62,16.92],[135.47,16.9],[135.53,16.6],[135.66,16.63],[135.62,16.92]]]},"properties":{"scalerank":0,"featurecla":"Bathymetry","depth":5000}},
{"type":"Feature","geometry":{"type":"Polygon","coordinates":[[[139.32,17.15],[139.2,17.06],[139.32,16.85],[139.23,16.65],[139.46,16.75],[139.32,17.15]]]},"properties":{"scalerank":0,"featurecla":"Bathymetry","depth":5000}},
{"type":"Feature","geometry":{"type":"Polygon","coordinates":[[[-50.97,17.14],[-50.99,17.24],[-51.07,17.18],[-50.97,17.14]]]},"properties":{"scalerank":0,"featurecla":"Bathymetry","depth":5000}},
{"type":"Feature","geometry":{"type":"Polygon","coordinates":[[[-60.71,17.26],[-60.85,17.23],[-60.86,16.9],[-60.98,16.63],[-60.62,16.66],[-60.44,16.57],[-60.38,16.37],[-60.01,16.41],[-59.74,16.35],[-59.83,16.68],[-60.15,16.73],[-60.41,16.68],[-60.49,16.77],[-60.58,17.18],[-60.71,17.26]]]},"properties":{"scalerank":0,"featurecla":"Bathymetry","depth":5000}},
{"type":"Feature","geometry":{"type":"Polygon","coordinates":[[[-43.55,17.26],[-43.67,17.32],[-43.88,17.33],[-43.9,17.29],[-43.55,17.26]]]},"properties":{"scalerank":0,"featurecla":"Bathymetry","depth":5000}},
{"type":"Feature","geometry":{"type":"Polygon","coordinates":[[[-69.12,17.3],[-69.39,17.4],[-69.75,17.38],[-69.65,17.22],[-69.35,17.09],[-68.86,17.09],[-68.4,17.04],[-68.24,16.96],[-67.8,17.1],[-67.34,16.85],[-67.09,16.88],[-67.07,17.07],[-66.86,17.21],[-66.19,17.19],[-66.43,17.33],[-66.94,17.33],[-67.96,17.21],[-68.3,17.23],[-68.46,17.31],[-69.12,17.3]]]},"properties":{"scalerank":0,"featurecla":"Bathymetry","depth":5000}},
{"type":"Feature","geometry":{"type":"Polygon","coordinates":[[[137.24,17.5],[137.08,17.47],[137.14,17.39],[137.24,17.5]]]},"properties":{"scalerank":0,"featurecla":"Bathymetry","depth":5000}},
{"type":"Feature","geometry":{"type":"Polygon","coordinates":[[[-40.63,17.47],[-40.7,17.57],[-40.82,17.64],[-40.83,17.51],[-40.63,17.47]]]},"properties":{"scalerank":0,"featurecla":"Bathymetry","depth":5000}},
{"type":"Feature","geometry":{"type":"Polygon","coordinates":[[[-127.02,17.71],[-127.03,17.78],[-127.24,17.75],[-127.19,17.7],[-127.02,17.71]]]},"properties":{"scalerank":0,"featurecla":"Bathymetry","depth":5000}},
{"type":"Feature","geometry":{"type":"Polygon","coordinates":[[[-54.4,17.67],[-54.47,17.88],[-54.57,17.78],[-54.4,17.67]]]},"properties":{"scalerank":0,"featurecla":"Bathymetry","depth":5000}},
{"type":"Feature","geometry":{"type":"Polygon","coordinates":[[[-52.57,17.95],[-53.06,17.7],[-52.87,17.55],[-52.74,17.6],[-52.49,17.42],[-51.9,17.29],[-52.23,17.62],[-52.49,17.56],[-52.58,17.71],[-52.57,17.95]]]},"properties":{"scalerank":0,"featurecla":"Bathymetry","depth":5000}},
{"type":"Feature","geometry":{"type":"Polygon","coordinates":[[[139.5,17.8],[139.55,18],[139.37,18.03],[139.35,17.87],[139.5,17.8]]]},"properties":{"scalerank":0,"featurecla":"Bathymetry","depth":5000}},
{"type":"Feature","geometry":{"type":"Polygon","coordinates":[[[-41.48,18.05],[-41.48,18.14],[-41.78,18.12],[-41.48,18.05]]]},"properties":{"scalerank":0,"featurecla":"Bathymetry","depth":5000}},
{"type":"Feature","geometry":{"type":"Polygon","coordinates":[[[-51.1,18.39],[-51.36,18.5],[-51.75,18.28],[-52.05,18.33],[-52.14,18.19],[-51.63,18.14],[-51.49,18.31],[-51.3,18.27],[-51.1,18.39]]]},"properties":{"scalerank":0,"featurecla":"Bathymetry","depth":5000}},
{"type":"Feature","geometry":{"type":"Polygon","coordinates":[[[139.51,18.34],[139.62,18.42],[139.67,18.58],[139.59,18.61],[139.51,18.34]]]},"properties":{"scalerank":0,"featurecla":"Bathymetry","depth":5000}},
{"type":"Feature","geometry":{"type":"Polygon","coordinates":[[[-80.47,18.34],[-80.49,18.65],[-80.61,18.61],[-80.47,18.34]]]},"properties":{"scalerank":0,"featurecla":"Bathymetry","depth":5000}},
{"type":"Feature","geometry":{"type":"Polygon","coordinates":[[[136.4,18.67],[136.25,18.67],[136.23,18.44],[136.3,18.44],[136.4,18.67]]]},"properties":{"scalerank":0,"featurecla":"Bathymetry","depth":5000}},
{"type":"Feature","geometry":{"type":"Polygon","coordinates":[[[-126.82,18.36],[-126.68,18.42],[-126.77,18.55],[-126.9,18.4],[-126.82,18.36]]]},"properties":{"scalerank":0,"featurecla":"Bathymetry","depth":5000}},
{"type":"Feature","geometry":{"type":"Polygon","coordinates":[[[-176.58,18.58],[-176.44,18.71],[-176.66,18.75],[-176.58,18.58]]]},"properties":{"scalerank":0,"featurecla":"Bathymetry","depth":5000}},
{"type":"Feature","geometry":{"type":"Polygon","coordinates":[[[-81.65,18.77],[-81.91,18.84],[-82.13,18.74],[-82.34,18.79],[-82.42,18.67],[-81.98,18.74],[-81.69,18.7],[-81.65,18.77]]]},"properties":{"scalerank":0,"featurecla":"Bathymetry","depth":5000}},
{"type":"Feature","geometry":{"type":"Polygon","coordinates":[[[167.14,18.83],[167.02,18.74],[167.26,18.53],[167.26,18.71],[167.14,18.83]]]},"properties":{"scalerank":0,"featurecla":"Bathymetry","depth":5000}},
{"type":"Feature","geometry":{"type":"Polygon","coordinates":[[[136,18.61],[135.93,18.85],[135.79,18.67],[136,18.61]]]},"properties":{"scalerank":0,"featurecla":"Bathymetry","depth":5000}},
{"type":"Feature","geometry":{"type":"Polygon","coordinates":[[[-50.57,18.73],[-50.84,18.89],[-50.86,18.76],[-50.57,18.73]]]},"properties":{"scalerank":0,"featurecla":"Bathymetry","depth":5000}},
{"type":"Feature","geometry":{"type":"Polygon","coordinates":[[[135.97,18.92],[136.16,18.95],[136.04,19.09],[135.97,18.92]]]},"properties":{"scalerank":0,"featurecla":"Bathymetry","depth":5000}},
{"type":"Feature","geometry":{"type":"Polygon","coordinates":[[[-41.09,19.08],[-41.1,18.97],[-40.94,18.91],[-40.94,19.07],[-41.09,19.08]]]},"properties":{"scalerank":0,"featurecla":"Bathymetry","depth":5000}},
{"type":"Feature","geometry":{"type":"Polygon","coordinates":[[[-51.75,19.3],[-51.88,19.35],[-52.05,19.19],[-51.83,19.14],[-51.75,19.3]]]},"properties":{"scalerank":0,"featurecla":"Bathymetry","depth":5000}},
{"type":"Feature","geometry":{"type":"Polygon","coordinates":[[[-129,19.34],[-129.18,19.36],[-129.32,19.28],[-129.21,19.17],[-129,19.34]]]},"properties":{"scalerank":0,"featurecla":"Bathymetry","depth":5000}},
{"type":"Feature","geometry":{"type":"Polygon","coordinates":[[[139.58,19.03],[139.58,19.26],[139.49,19.46],[139.37,18.98],[139.58,19.03]]]},"properties":{"scalerank":0,"featurecla":"Bathymetry","depth":5000}},
{"type":"Feature","geometry":{"type":"Polygon","coordinates":[[[137.63,19.48],[137.69,19.32],[137.78,19.47],[137.63,19.48]]]},"properties":{"scalerank":0,"featurecla":"Bathymetry","depth":5000}},
{"type":"Feature","geometry":{"type":"Polygon","coordinates":[[[137.9,19.5],[138.13,19.67],[138,19.68],[137.9,19.62],[137.9,19.5]]]},"properties":{"scalerank":0,"featurecla":"Bathymetry","depth":5000}},
{"type":"Feature","geometry":{"type":"Polygon","coordinates":[[[147.1,19.53],[146.96,19.7],[146.88,19.57],[147.1,19.53]]]},"properties":{"scalerank":0,"featurecla":"Bathymetry","depth":5000}},
{"type":"Feature","geometry":{"type":"Polygon","coordinates":[[[139.54,19.63],[139.6,19.71],[139.47,19.91],[139.44,19.66],[139.54,19.63]]]},"properties":{"scalerank":0,"featurecla":"Bathymetry","depth":5000}},
{"type":"Feature","geometry":{"type":"Polygon","coordinates":[[[-42.02,19.93],[-42.42,20.1],[-42.45,20.04],[-42.28,19.95],[-42.02,19.93]]]},"properties":{"scalerank":0,"featurecla":"Bathymetry","depth":5000}},
{"type":"Feature","geometry":{"type":"Polygon","coordinates":[[[-40.64,20.17],[-40.49,19.94],[-40.25,19.87],[-40.3,20.11],[-40.64,20.17]]]},"properties":{"scalerank":0,"featurecla":"Bathymetry","depth":5000}},
{"type":"Feature","geometry":{"type":"Polygon","coordinates":[[[-129.16,19.95],[-129.17,20.14],[-129.31,20.18],[-129.26,20.02],[-129.16,19.95]]]},"properties":{"scalerank":0,"featurecla":"Bathymetry","depth":5000}},
{"type":"Feature","geometry":{"type":"Polygon","coordinates":[[[-167.94,20.29],[-168.34,20.15],[-168.1,20.09],[-167.94,20.29]]]},"properties":{"scalerank":0,"featurecla":"Bathymetry","depth":5000}},
{"type":"Feature","geometry":{"type":"Polygon","coordinates":[[[-27.55,20.42],[-27.55,20.27],[-27.24,20.3],[-27.39,20.44],[-27.55,20.42]]]},"properties":{"scalerank":0,"featurecla":"Bathymetry","depth":5000}},
{"type":"Feature","geometry":{"type":"Polygon","coordinates":[[[-41.76,20.55],[-41.74,20.62],[-41.95,20.7],[-42.03,20.63],[-41.76,20.55]]]},"properties":{"scalerank":0,"featurecla":"Bathymetry","depth":5000}},
{"type":"Feature","geometry":{"type":"Polygon","coordinates":[[[138.52,20.97],[138.36,21.03],[138.31,20.88],[138.5,20.86],[138.52,20.97]]]},"properties":{"scalerank":0,"featurecla":"Bathymetry","depth":5000}},
{"type":"Feature","geometry":{"type":"Polygon","coordinates":[[[-166.13,21.05],[-166.39,21.05],[-166.51,20.98],[-166.62,20.98],[-166.64,20.9],[-166.3,21.02],[-166.13,21.05]]]},"properties":{"scalerank":0,"featurecla":"Bathymetry","depth":5000}},
{"type":"Feature","geometry":{"type":"Polygon","coordinates":[[[-169.19,20.82],[-169.13,20.98],[-169.3,20.9],[-169.19,20.82]]]},"properties":{"scalerank":0,"featurecla":"Bathymetry","depth":5000}},
{"type":"Feature","geometry":{"type":"Polygon","coordinates":[[[-32.91,21.11],[-33.16,21.28],[-33.19,21.02],[-32.91,21.11]]]},"properties":{"scalerank":0,"featurecla":"Bathymetry","depth":5000}},
{"type":"Feature","geometry":{"type":"Polygon","coordinates":[[[-49.92,21.56],[-49.97,21.48],[-49.75,21.45],[-49.73,21.5],[-49.92,21.56]]]},"properties":{"scalerank":0,"featurecla":"Bathymetry","depth":5000}},
{"type":"Feature","geometry":{"type":"Polygon","coordinates":[[[-32.8,21.47],[-32.72,21.55],[-32.67,21.66],[-32.83,21.56],[-32.8,21.47]]]},"properties":{"scalerank":0,"featurecla":"Bathymetry","depth":5000}},
{"type":"Feature","geometry":{"type":"Polygon","coordinates":[[[-50.97,21.83],[-50.88,21.75],[-50.64,21.71],[-50.52,21.63],[-50.5,21.74],[-50.8,21.76],[-50.97,21.83]]]},"properties":{"scalerank":0,"featurecla":"Bathymetry","depth":5000}},
{"type":"Feature","geometry":{"type":"Polygon","coordinates":[[[-153.76,21.94],[-153.87,21.97],[-153.93,21.84],[-153.75,21.84],[-153.76,21.94]]]},"properties":{"scalerank":0,"featurecla":"Bathymetry","depth":5000}},
{"type":"Feature","geometry":{"type":"Polygon","coordinates":[[[-31.63,22],[-31.62,22.1],[-31.73,22.09],[-31.68,21.99],[-31.63,22]]]},"properties":{"scalerank":0,"featurecla":"Bathymetry","depth":5000}},
{"type":"Feature","geometry":{"type":"Polygon","coordinates":[[[-49.82,23.14],[-49.94,23.24],[-49.99,23.11],[-49.82,23.14]]]},"properties":{"scalerank":0,"featurecla":"Bathymetry","depth":5000}},
{"type":"Feature","geometry":{"type":"Polygon","coordinates":[[[-49.51,23.28],[-49.45,23.18],[-49.3,23.18],[-49.32,23.26],[-49.51,23.28]]]},"properties":{"scalerank":0,"featurecla":"Bathymetry","depth":5000}},
{"type":"Feature","geometry":{"type":"Polygon","coordinates":[[[138,23.3],[137.94,23.34],[137.86,23.2],[138,23.17],[138,23.3]]]},"properties":{"scalerank":0,"featurecla":"Bathymetry","depth":5000}},
{"type":"Feature","geometry":{"type":"Polygon","coordinates":[[[-40.79,23.25],[-40.87,23.3],[-41.02,23.3],[-40.82,23.16],[-40.79,23.25]]]},"properties":{"scalerank":0,"featurecla":"Bathymetry","depth":5000}},
{"type":"Feature","geometry":{"type":"Polygon","coordinates":[[[-136.11,23.45],[-135.83,23.26],[-135.67,23.39],[-136.11,23.45]]]},"properties":{"scalerank":0,"featurecla":"Bathymetry","depth":5000}},
{"type":"Feature","geometry":{"type":"Polygon","coordinates":[[[143.71,23.15],[143.7,23.25],[143.46,23.41],[143.64,23.16],[143.71,23.15]]]},"properties":{"scalerank":0,"featurecla":"Bathymetry","depth":5000}},
{"type":"Feature","geometry":{"type":"Polygon","coordinates":[[[-50.26,23.62],[-50.34,23.56],[-50.09,23.52],[-50.14,23.63],[-50.26,23.62]]]},"properties":{"scalerank":0,"featurecla":"Bathymetry","depth":5000}},
{"type":"Feature","geometry":{"type":"Polygon","coordinates":[[[-132.72,23.69],[-133.73,23.67],[-133.72,23.54],[-133.39,23.63],[-133.06,23.59],[-132.72,23.69]]]},"properties":{"scalerank":0,"featurecla":"Bathymetry","depth":5000}},
{"type":"Feature","geometry":{"type":"Polygon","coordinates":[[[139.13,23.72],[138.9,23.69],[139,23.57],[139.13,23.72]]]},"properties":{"scalerank":0,"featurecla":"Bathymetry","depth":5000}},
{"type":"Feature","geometry":{"type":"Polygon","coordinates":[[[138.26,23.69],[137.96,23.54],[138.18,23.52],[138.26,23.69]]]},"properties":{"scalerank":0,"featurecla":"Bathymetry","depth":5000}},
{"type":"Feature","geometry":{"type":"Polygon","coordinates":[[[134.81,23.82],[134.75,23.75],[134.83,23.7],[134.91,23.77],[134.81,23.82]]]},"properties":{"scalerank":0,"featurecla":"Bathymetry","depth":5000}},
{"type":"Feature","geometry":{"type":"Polygon","coordinates":[[[-134.32,23.89],[-134.7,23.88],[-134.67,23.61],[-134.45,23.89],[-134.32,23.89]]]},"properties":{"scalerank":0,"featurecla":"Bathymetry","depth":5000}},
{"type":"Feature","geometry":{"type":"Polygon","coordinates":[[[-135.51,24.15],[-136.03,24.05],[-136.01,23.9],[-135.74,23.93],[-135.51,24.15]]]},"properties":{"scalerank":0,"featurecla":"Bathymetry","depth":5000}},
{"type":"Feature","geometry":{"type":"Polygon","coordinates":[[[134.33,24.07],[134.35,24.22],[134.09,24.1],[134.33,24.07]]]},"properties":{"scalerank":0,"featurecla":"Bathymetry","depth":5000}},
{"type":"Feature","geometry":{"type":"Polygon","coordinates":[[[-49.39,24.11],[-49.33,24.03],[-49.25,24.1],[-49.39,24.11]]]},"properties":{"scalerank":0,"featurecla":"Bathymetry","depth":5000}},
{"type":"Feature","geometry":{"type":"Polygon","coordinates":[[[-39.89,24.22],[-39.92,24.26],[-40.1,24.26],[-40.21,24.31],[-40.23,24.27],[-40.05,24.21],[-39.89,24.22]]]},"properties":{"scalerank":0,"featurecla":"Bathymetry","depth":5000}},
{"type":"Feature","geometry":{"type":"Polygon","coordinates":[[[-142.56,24.74],[-142.45,24.52],[-142.36,24.58],[-142.41,24.77],[-142.56,24.74]]]},"properties":{"scalerank":0,"featurecla":"Bathymetry","depth":5000}},
{"type":"Feature","geometry":{"type":"Polygon","coordinates":[[[-39.13,24.61],[-38.93,24.78],[-39.15,24.82],[-39.13,24.61]]]},"properties":{"scalerank":0,"featurecla":"Bathymetry","depth":5000}},
{"type":"Feature","geometry":{"type":"Polygon","coordinates":[[[-164.61,24.8],[-164.97,24.96],[-165.37,24.9],[-165.26,24.78],[-165.03,24.76],[-164.86,24.62],[-164.61,24.8]]]},"properties":{"scalerank":0,"featurecla":"Bathymetry","depth":5000}},
{"type":"Feature","geometry":{"type":"Polygon","coordinates":[[[132.72,25.13],[132.57,25.21],[132.21,25.16],[132.34,24.94],[132.86,24.81],[133.08,24.88],[133.06,25.01],[132.72,25.13]]]},"properties":{"scalerank":0,"featurecla":"Bathymetry","depth":5000}},
{"type":"Feature","geometry":{"type":"Polygon","coordinates":[[[-155.11,25.35],[-155.14,25.43],[-155.41,25.39],[-155.43,25.33],[-155.11,25.35]]]},"properties":{"scalerank":0,"featurecla":"Bathymetry","depth":5000}},
{"type":"Feature","geometry":{"type":"Polygon","coordinates":[[[-172.91,24.98],[-172.79,25.36],[-173.02,25.44],[-173.21,25.42],[-173.37,25.2],[-173.3,24.94],[-172.91,24.98]]]},"properties":{"scalerank":0,"featurecla":"Bathymetry","depth":5000}},
{"type":"Feature","geometry":{"type":"Polygon","coordinates":[[[134.9,25.44],[134.8,25.53],[134.52,25.5],[133.99,25.23],[134.41,25.23],[134.63,25.15],[134.67,25.36],[134.9,25.44]]]},"properties":{"scalerank":0,"featurecla":"Bathymetry","depth":5000}},
{"type":"Feature","geometry":{"type":"Polygon","coordinates":[[[-38.11,25.51],[-38.51,25.45],[-38.45,25.31],[-38.18,25.21],[-38.11,25.51]]]},"properties":{"scalerank":0,"featurecla":"Bathymetry","depth":5000}},
{"type":"Feature","geometry":{"type":"Polygon","coordinates":[[[-166.13,25.27],[-166.33,25.38],[-166.47,25.58],[-166.76,25.63],[-166.87,25.42],[-166.72,24.8],[-166.52,24.6],[-166.36,24.75],[-165.92,24.79],[-165.82,24.93],[-165.56,24.96],[-166.02,25.28],[-166.13,25.27]]]},"properties":{"scalerank":0,"featurecla":"Bathymetry","depth":5000}},
{"type":"Feature","geometry":{"type":"Polygon","coordinates":[[[138,25.7],[137.76,25.9],[137.85,25.7],[138,25.7]]]},"properties":{"scalerank":0,"featurecla":"Bathymetry","depth":5000}},
{"type":"Feature","geometry":{"type":"Polygon","coordinates":[[[-49.85,25.82],[-49.76,25.71],[-49.84,25.5],[-49.58,25.51],[-49.85,25.82]]]},"properties":{"scalerank":0,"featurecla":"Bathymetry","depth":5000}},
{"type":"Feature","geometry":{"type":"Polygon","coordinates":[[[-158.66,25.63],[-158.63,25.85],[-158.86,25.87],[-158.66,25.63]]]},"properties":{"scalerank":0,"featurecla":"Bathymetry","depth":5000}},
{"type":"Feature","geometry":{"type":"Polygon","coordinates":[[[-50.72,25.98],[-51.11,25.97],[-50.99,25.81],[-50.78,25.82],[-50.45,25.65],[-50.23,25.86],[-50.54,25.87],[-50.72,25.98]]]},"properties":{"scalerank":0,"featurecla":"Bathymetry","depth":5000}},
{"type":"Feature","geometry":{"type":"Polygon","coordinates":[[[-39.65,25.7],[-39.55,25.87],[-39.62,26.04],[-39.77,25.95],[-39.65,25.7]]]},"properties":{"scalerank":0,"featurecla":"Bathymetry","depth":5000}},
{"type":"Feature","geometry":{"type":"Polygon","coordinates":[[[-158.52,26.1],[-158.66,26.15],[-159.37,26.13],[-159.17,26.02],[-159.03,26.08],[-158.65,26.02],[-158.52,26.1]]]},"properties":{"scalerank":0,"featurecla":"Bathymetry","depth":5000}},
{"type":"Feature","geometry":{"type":"Polygon","coordinates":[[[138.61,26.19],[138.56,25.95],[138.76,25.96],[138.61,26.19]]]},"properties":{"scalerank":0,"featurecla":"Bathymetry","depth":5000}},
{"type":"Feature","geometry":{"type":"Polygon","coordinates":[[[-143.4,26.33],[-143.61,26.47],[-143.71,26.34],[-143.56,26.16],[-143.4,26.33]]]},"properties":{"scalerank":0,"featurecla":"Bathymetry","depth":5000}},
{"type":"Feature","geometry":{"type":"Polygon","coordinates":[[[-160.7,26.83],[-160.81,26.87],[-160.96,26.85],[-160.82,26.74],[-160.7,26.83]]]},"properties":{"scalerank":0,"featurecla":"Bathymetry","depth":5000}},
{"type":"Feature","geometry":{"type":"Polygon","coordinates":[[[138.53,26.34],[138.55,26.62],[138.38,26.57],[138.53,26.34]]]},"properties":{"scalerank":0,"featurecla":"Bathymetry","depth":5000}},
{"type":"Feature","geometry":{"type":"Polygon","coordinates":[[[-50.23,27.16],[-50.26,27.29],[-50.57,27.2],[-50.43,27.01],[-50.23,27.16]]]},"properties":{"scalerank":0,"featurecla":"Bathymetry","depth":5000}},
{"type":"Feature","geometry":{"type":"Polygon","coordinates":[[[-165.38,27.48],[-165.16,27.51],[-165.07,27.6],[-165.36,27.58],[-165.38,27.48]]]},"properties":{"scalerank":0,"featurecla":"Bathymetry","depth":5000}},
{"type":"Feature","geometry":{"type":"Polygon","coordinates":[[[-176.82,27.6],[-176.76,27.38],[-176.65,27.42],[-176.72,27.55],[-176.82,27.6]]]},"properties":{"scalerank":0,"featurecla":"Bathymetry","depth":5000}},
{"type":"Feature","geometry":{"type":"Polygon","coordinates":[[[-50.06,27.39],[-50.04,27.5],[-49.97,27.58],[-50.05,27.62],[-50.06,27.39]]]},"properties":{"scalerank":0,"featurecla":"Bathymetry","depth":5000}},
{"type":"Feature","geometry":{"type":"Polygon","coordinates":[[[-160.98,27.59],[-161,27.54],[-160.85,27.46],[-160.84,27.6],[-160.98,27.59]]]},"properties":{"scalerank":0,"featurecla":"Bathymetry","depth":5000}},
{"type":"Feature","geometry":{"type":"Polygon","coordinates":[[[-37.06,27.7],[-36.93,27.57],[-36.87,27.69],[-37.06,27.7]]]},"properties":{"scalerank":0,"featurecla":"Bathymetry","depth":5000}},
{"type":"Feature","geometry":{"type":"Polygon","coordinates":[[[-35.86,27.73],[-35.74,27.86],[-35.98,27.87],[-35.86,27.73]]]},"properties":{"scalerank":0,"featurecla":"Bathymetry","depth":5000}},
{"type":"Feature","geometry":{"type":"Polygon","coordinates":[[[-140.87,27.51],[-140.65,27.26],[-140.53,27.4],[-140.13,27.52],[-140.1,27.84],[-140.35,27.89],[-140.22,27.66],[-140.36,27.51],[-140.66,27.37],[-140.87,27.51]]]},"properties":{"scalerank":0,"featurecla":"Bathymetry","depth":5000}},
{"type":"Feature","geometry":{"type":"Polygon","coordinates":[[[-140.81,27.96],[-141,27.96],[-141,27.83],[-140.81,27.96]]]},"properties":{"scalerank":0,"featurecla":"Bathymetry","depth":5000}},
{"type":"Feature","geometry":{"type":"Polygon","coordinates":[[[-36.86,28.18],[-36.76,28.12],[-36.44,28.15],[-36.83,28.2],[-36.86,28.18]]]},"properties":{"scalerank":0,"featurecla":"Bathymetry","depth":5000}},
{"type":"Feature","geometry":{"type":"Polygon","coordinates":[[[-161.15,28.12],[-161.28,28.19],[-161.5,28.06],[-161.42,28.01],[-161.28,28.11],[-161.15,28.12]]]},"properties":{"scalerank":0,"featurecla":"Bathymetry","depth":5000}},
{"type":"Feature","geometry":{"type":"Polygon","coordinates":[[[-171.99,28.28],[-172.01,28.35],[-172.23,28.29],[-171.99,28.28]]]},"properties":{"scalerank":0,"featurecla":"Bathymetry","depth":5000}},
{"type":"Feature","geometry":{"type":"Polygon","coordinates":[[[-34.76,28.39],[-34.94,28.39],[-35.26,28.32],[-35.41,28.34],[-35.54,28.22],[-35.32,28.2],[-35.04,28.32],[-34.88,28.3],[-34.76,28.39]]]},"properties":{"scalerank":0,"featurecla":"Bathymetry","depth":5000}},
{"type":"Feature","geometry":{"type":"Polygon","coordinates":[[[-144.53,28.66],[-144.5,28.34],[-144.36,28.32],[-144.04,28.56],[-144.23,28.7],[-144.53,28.66]]]},"properties":{"scalerank":0,"featurecla":"Bathymetry","depth":5000}},
{"type":"Feature","geometry":{"type":"Polygon","coordinates":[[[-50.3,28.51],[-50.41,28.72],[-50.58,28.7],[-50.66,28.47],[-50.3,28.51]]]},"properties":{"scalerank":0,"featurecla":"Bathymetry","depth":5000}},
{"type":"Feature","geometry":{"type":"Polygon","coordinates":[[[-50.05,28.66],[-50.13,28.81],[-50.19,28.77],[-50.16,28.69],[-50.05,28.66]]]},"properties":{"scalerank":0,"featurecla":"Bathymetry","depth":5000}},
{"type":"Feature","geometry":{"type":"Polygon","coordinates":[[[-35.33,28.89],[-35.76,28.87],[-35.53,28.8],[-35.33,28.89]]]},"properties":{"scalerank":0,"featurecla":"Bathymetry","depth":5000}},
{"type":"Feature","geometry":{"type":"Polygon","coordinates":[[[-144.32,28.92],[-144.32,29.01],[-144.5,28.97],[-144.43,28.93],[-144.32,28.92]]]},"properties":{"scalerank":0,"featurecla":"Bathymetry","depth":5000}},
{"type":"Feature","geometry":{"type":"Polygon","coordinates":[[[-76.16,28.08],[-76.4,28.16],[-76.49,28.68],[-76.63,28.91],[-76.45,28.03],[-76.16,28.08]]]},"properties":{"scalerank":0,"featurecla":"Bathymetry","depth":5000}},
{"type":"Feature","geometry":{"type":"Polygon","coordinates":[[[-32.95,29.25],[-33.38,29.18],[-33.77,29.18],[-34.2,29.01],[-33.27,29.12],[-32.95,29.25]]]},"properties":{"scalerank":0,"featurecla":"Bathymetry","depth":5000}},
{"type":"Feature","geometry":{"type":"Polygon","coordinates":[[[-32.02,29.31],[-32.17,29.28],[-32.08,29.18],[-32.02,29.31]]]},"properties":{"scalerank":0,"featurecla":"Bathymetry","depth":5000}},
{"type":"Feature","geometry":{"type":"Polygon","coordinates":[[[-140.78,29.59],[-140.89,29.6],[-141.04,29.34],[-140.88,29.35],[-140.88,29.48],[-140.78,29.59]]]},"properties":{"scalerank":0,"featurecla":"Bathymetry","depth":5000}},
{"type":"Feature","geometry":{"type":"Polygon","coordinates":[[[-141.22,29.62],[-141.47,29.7],[-141.53,29.54],[-141.22,29.62]]]},"properties":{"scalerank":0,"featurecla":"Bathymetry","depth":5000}},
{"type":"Feature","geometry":{"type":"Polygon","coordinates":[[[132.31,29.47],[132.4,29.76],[132.24,29.85],[132.05,29.74],[131.73,29.34],[131.75,29.11],[131.68,28.91],[132,28.88],[132.13,29.01],[132.14,29.2],[132.46,29.16],[132.47,29.5],[132.31,29.47]]]},"properties":{"scalerank":0,"featurecla":"Bathymetry","depth":5000}},
{"type":"Feature","geometry":{"type":"Polygon","coordinates":[[[-76.58,29.23],[-76.44,29.23],[-76.39,28.98],[-75.66,28.99],[-75.59,29.21],[-75.87,29.47],[-75.87,29.92],[-76.31,29.71],[-76.34,29.5],[-76.54,29.38],[-76.58,29.23]]]},"properties":{"scalerank":0,"featurecla":"Bathymetry","depth":5000}},
{"type":"Feature","geometry":{"type":"Polygon","coordinates":[[[-49.12,30.26],[-49.21,30.41],[-49.38,30.34],[-49.25,30.21],[-49.12,30.26]]]},"properties":{"scalerank":0,"featurecla":"Bathymetry","depth":5000}},
{"type":"Feature","geometry":{"type":"Polygon","coordinates":[[[-136.09,30.44],[-136.11,30.49],[-136.39,30.37],[-136.23,30.33],[-136.09,30.44]]]},"properties":{"scalerank":0,"featurecla":"Bathymetry","depth":5000}},
{"type":"Feature","geometry":{"type":"Polygon","coordinates":[[[-141.29,30.74],[-141.43,30.78],[-141.48,30.65],[-141.41,30.6],[-141.29,30.74]]]},"properties":{"scalerank":0,"featurecla":"Bathymetry","depth":5000}},
{"type":"Feature","geometry":{"type":"Polygon","coordinates":[[[-48.83,30.65],[-48.76,30.84],[-48.81,30.88],[-48.87,30.73],[-48.83,30.65]]]},"properties":{"scalerank":0,"featurecla":"Bathymetry","depth":5000}},
{"type":"Feature","geometry":{"type":"Polygon","coordinates":[[[-142.02,30.96],[-142.33,30.96],[-142.39,30.7],[-142.08,30.53],[-141.97,30.8],[-142.02,30.96]]]},"properties":{"scalerank":0,"featurecla":"Bathymetry","depth":5000}},
{"type":"Feature","geometry":{"type":"Polygon","coordinates":[[[-49.47,30.91],[-49.35,31],[-49.31,31.14],[-49.56,31.04],[-49.47,30.91]]]},"properties":{"scalerank":0,"featurecla":"Bathymetry","depth":5000}},
{"type":"Feature","geometry":{"type":"Polygon","coordinates":[[[-62.18,30.96],[-62.16,31.08],[-62.09,31.1],[-62.07,31.18],[-62.16,31.15],[-62.23,31.02],[-62.18,30.96]]]},"properties":{"scalerank":0,"featurecla":"Bathymetry","depth":5000}},
{"type":"Feature","geometry":{"type":"Polygon","coordinates":[[[-46.72,31.78],[-46.76,31.83],[-46.87,31.75],[-46.95,31.79],[-46.98,31.94],[-47.02,31.93],[-47.02,31.82],[-46.96,31.73],[-46.76,31.75],[-46.72,31.78]]]},"properties":{"scalerank":0,"featurecla":"Bathymetry","depth":5000}},
{"type":"Feature","geometry":{"type":"Polygon","coordinates":[[[-134.93,32.85],[-135.6,32.9],[-135.77,32.78],[-135.97,32.87],[-136.33,32.69],[-135.47,32.72],[-134.93,32.85]]]},"properties":{"scalerank":0,"featurecla":"Bathymetry","depth":5000}},
{"type":"Feature","geometry":{"type":"Polygon","coordinates":[[[-133.86,32.97],[-133.99,33.01],[-134.26,32.96],[-134.26,32.88],[-133.86,32.97]]]},"properties":{"scalerank":0,"featurecla":"Bathymetry","depth":5000}},
{"type":"Feature","geometry":{"type":"Polygon","coordinates":[[[-133.54,33.02],[-133.19,33.04],[-133.24,33.12],[-133.54,33.02]]]},"properties":{"scalerank":0,"featurecla":"Bathymetry","depth":5000}},
{"type":"Feature","geometry":{"type":"Polygon","coordinates":[[[-49.72,33.1],[-49.89,33.22],[-49.95,33.16],[-49.72,33.1]]]},"properties":{"scalerank":0,"featurecla":"Bathymetry","depth":5000}},
{"type":"Feature","geometry":{"type":"Polygon","coordinates":[[[-63.64,34.47],[-63.62,34.37],[-63.5,34.25],[-63.44,34.37],[-63.64,34.47]]]},"properties":{"scalerank":0,"featurecla":"Bathymetry","depth":5000}},
{"type":"Feature","geometry":{"type":"Polygon","coordinates":[[[-62.37,34.76],[-62.45,34.66],[-62.31,34.63],[-62.37,34.76]]]},"properties":{"scalerank":0,"featurecla":"Bathymetry","depth":5000}},
{"type":"Feature","geometry":{"type":"Polygon","coordinates":[[[-48.9,34.45],[-49.1,34.78],[-49.31,34.63],[-48.9,34.45]]]},"properties":{"scalerank":0,"featurecla":"Bathymetry","depth":5000}},
{"type":"Feature","geometry":{"type":"Polygon","coordinates":[[[-23.7,35.23],[-23.76,35.27],[-23.92,35.22],[-23.93,35.15],[-23.7,35.23]]]},"properties":{"scalerank":0,"featurecla":"Bathymetry","depth":5000}},
{"type":"Feature","geometry":{"type":"Polygon","coordinates":[[[-62.55,35.38],[-62.65,34.9],[-63.01,34.88],[-62.77,34.68],[-62.59,34.77],[-62.27,35.14],[-62.25,35.31],[-62.55,35.38]]]},"properties":{"scalerank":0,"featurecla":"Bathymetry","depth":5000}},
{"type":"Feature","geometry":{"type":"Polygon","coordinates":[[[-22.98,35.19],[-23.04,35.4],[-23.22,35.32],[-22.98,35.19]]]},"properties":{"scalerank":0,"featurecla":"Bathymetry","depth":5000}},
{"type":"Feature","geometry":{"type":"Polygon","coordinates":[[[-47.18,35.81],[-47.47,35.73],[-47.49,35.58],[-47.17,35.73],[-47.18,35.81]]]},"properties":{"scalerank":0,"featurecla":"Bathymetry","depth":5000}},
{"type":"Feature","geometry":{"type":"Polygon","coordinates":[[[-22.15,36.24],[-22.15,36.29],[-22.4,36.28],[-22.44,36.21],[-22.15,36.24]]]},"properties":{"scalerank":0,"featurecla":"Bathymetry","depth":5000}},
{"type":"Feature","geometry":{"type":"Polygon","coordinates":[[[-45.25,36.28],[-45.39,36.34],[-45.37,36.22],[-45.25,36.28]]]},"properties":{"scalerank":0,"featurecla":"Bathymetry","depth":5000}},
{"type":"Feature","geometry":{"type":"Polygon","coordinates":[[[-174.8,36.28],[-174.65,36.36],[-174.77,36.38],[-174.8,36.28]]]},"properties":{"scalerank":0,"featurecla":"Bathymetry","depth":5000}},
{"type":"Feature","geometry":{"type":"Polygon","coordinates":[[[160.6,36.32],[160.58,36.59],[160.49,36.55],[160.52,36.37],[160.6,36.32]]]},"properties":{"scalerank":0,"featurecla":"Bathymetry","depth":5000}},
{"type":"Feature","geometry":{"type":"Polygon","coordinates":[[[-43.86,36.4],[-43.99,36.58],[-43.92,36.72],[-43.95,36.9],[-43.8,37.03],[-44.02,37.08],[-44.09,36.59],[-43.99,36.43],[-43.86,36.4]]]},"properties":{"scalerank":0,"featurecla":"Bathymetry","depth":5000}},
{"type":"Feature","geometry":{"type":"Polygon","coordinates":[[[-175.34,37.02],[-175.37,37.06],[-175.57,37.09],[-175.66,37.06],[-175.39,37.01],[-175.34,37.02]]]},"properties":{"scalerank":0,"featurecla":"Bathymetry","depth":5000}},
{"type":"Feature","geometry":{"type":"Polygon","coordinates":[[[-132.23,37.05],[-132.14,37.17],[-132.21,37.37],[-132.33,37.31],[-132.23,37.05]]]},"properties":{"scalerank":0,"featurecla":"Bathymetry","depth":5000}},
{"type":"Feature","geometry":{"type":"Polygon","coordinates":[[[-131.2,37.41],[-131.32,37.54],[-131.37,37.66],[-131.43,37.64],[-131.38,37.56],[-131.22,37.39],[-131.2,37.41]]]},"properties":{"scalerank":0,"featurecla":"Bathymetry","depth":5000}},
{"type":"Feature","geometry":{"type":"Polygon","coordinates":[[[-135.27,38.04],[-135.38,38.03],[-135.41,37.89],[-135.31,37.9],[-135.27,38.04]]]},"properties":{"scalerank":0,"featurecla":"Bathymetry","depth":5000}},
{"type":"Feature","geometry":{"type":"Polygon","coordinates":[[[-41.4,38.14],[-41.6,38.04],[-41.54,37.96],[-41.4,38.14]]]},"properties":{"scalerank":0,"featurecla":"Bathymetry","depth":5000}},
{"type":"Feature","geometry":{"type":"Polygon","coordinates":[[[-20.94,38.22],[-20.99,38.27],[-21.1,38.21],[-21.18,38.21],[-21.32,38.11],[-21.29,38.09],[-21.14,38.16],[-20.97,38.19],[-20.94,38.22]]]},"properties":{"scalerank":0,"featurecla":"Bathymetry","depth":5000}},
{"type":"Feature","geometry":{"type":"Polygon","coordinates":[[[-134.98,38.12],[-134.97,38.23],[-135.08,38.34],[-135.13,38.24],[-134.98,38.12]]]},"properties":{"scalerank":0,"featurecla":"Bathymetry","depth":5000}},
{"type":"Feature","geometry":{"type":"Polygon","coordinates":[[[-136.85,38.23],[-136.84,38.35],[-136.98,38.39],[-136.98,38.27],[-136.85,38.23]]]},"properties":{"scalerank":0,"featurecla":"Bathymetry","depth":5000}},
{"type":"Feature","geometry":{"type":"Polygon","coordinates":[[[-20.52,38.43],[-20.96,38.61],[-20.91,38.34],[-20.54,38.26],[-20.52,38.43]]]},"properties":{"scalerank":0,"featurecla":"Bathymetry","depth":5000}},
{"type":"Feature","geometry":{"type":"Polygon","coordinates":[[[-136.4,38.89],[-136.56,38.81],[-136.39,38.73],[-136.4,38.89]]]},"properties":{"scalerank":0,"featurecla":"Bathymetry","depth":5000}},
{"type":"Feature","geometry":{"type":"Polygon","coordinates":[[[-20.9,38.8],[-20.92,38.94],[-21.02,38.88],[-20.9,38.8]]]},"properties":{"scalerank":0,"featurecla":"Bathymetry","depth":5000}},
{"type":"Feature","geometry":{"type":"Polygon","coordinates":[[[-39.67,39.05],[-39.85,38.91],[-39.59,38.88],[-39.67,39.05]]]},"properties":{"scalerank":0,"featurecla":"Bathymetry","depth":5000}},
{"type":"Feature","geometry":{"type":"Polygon","coordinates":[[[-12.9,39.3],[-12.72,39.41],[-12.71,39.47],[-13,39.39],[-12.9,39.3]]]},"properties":{"scalerank":0,"featurecla":"Bathymetry","depth":5000}},
{"type":"Feature","geometry":{"type":"Polygon","coordinates":[[[-15.75,40.32],[-15.84,40.1],[-15.71,40.1],[-15.75,40.32]]]},"properties":{"scalerank":0,"featurecla":"Bathymetry","depth":5000}},
{"type":"Feature","geometry":{"type":"Polygon","coordinates":[[[-40.69,40.32],[-41.21,40.21],[-41.04,40.16],[-40.69,40.32]]]},"properties":{"scalerank":0,"featurecla":"Bathymetry","depth":5000}},
{"type":"Feature","geometry":{"type":"Polygon","coordinates":[[[-19.9,40.44],[-19.97,40.39],[-20.05,40.27],[-19.91,40.3],[-19.9,40.44]]]},"properties":{"scalerank":0,"featurecla":"Bathymetry","depth":5000}},
{"type":"Feature","geometry":{"type":"Polygon","coordinates":[[[-145.42,40.9],[-145.67,40.87],[-145.79,40.51],[-145.66,40.41],[-145.34,40.6],[-145.42,40.9]]]},"properties":{"scalerank":0,"featurecla":"Bathymetry","depth":5000}},
{"type":"Feature","geometry":{"type":"Polygon","coordinates":[[[-39.29,40.85],[-39.36,41.09],[-39.5,40.97],[-39.29,40.85]]]},"properties":{"scalerank":0,"featurecla":"Bathymetry","depth":5000}},
{"type":"Feature","geometry":{"type":"Polygon","coordinates":[[[-147.14,42.17],[-147.53,42.17],[-147.48,42],[-147.28,41.95],[-147.34,42.11],[-147.14,42.17]]]},"properties":{"scalerank":0,"featurecla":"Bathymetry","depth":5000}},
{"type":"Feature","geometry":{"type":"Polygon","coordinates":[[[-147.09,42.7],[-147.29,42.67],[-147.17,42.53],[-147.09,42.7]]]},"properties":{"scalerank":0,"featurecla":"Bathymetry","depth":5000}},
{"type":"Feature","geometry":{"type":"Polygon","coordinates":[[[-20.09,42.77],[-20.05,42.65],[-19.86,42.63],[-19.86,42.73],[-20.09,42.77]]]},"properties":{"scalerank":0,"featurecla":"Bathymetry","depth":5000}},
{"type":"Feature","geometry":{"type":"Polygon","coordinates":[[[-19.74,43.16],[-20.14,43.15],[-19.75,43.01],[-19.74,43.16]]]},"properties":{"scalerank":0,"featurecla":"Bathymetry","depth":5000}},
{"type":"Feature","geometry":{"type":"Polygon","coordinates":[[[-146.49,43.57],[-146.62,43.59],[-146.73,43.68],[-146.78,43.62],[-146.64,43.56],[-146.49,43.57]]]},"properties":{"scalerank":0,"featurecla":"Bathymetry","depth":5000}},
{"type":"Feature","geometry":{"type":"Polygon","coordinates":[[[-14.74,43.48],[-14.59,43.59],[-14.73,43.74],[-14.78,43.61],[-14.74,43.48]]]},"properties":{"scalerank":0,"featurecla":"Bathymetry","depth":5000}},
{"type":"Feature","geometry":{"type":"Polygon","coordinates":[[[-12.15,44.22],[-12.1,44.33],[-12.25,44.31],[-12.15,44.22]]]},"properties":{"scalerank":0,"featurecla":"Bathymetry","depth":5000}},
{"type":"Feature","geometry":{"type":"Polygon","coordinates":[[[-12.35,44.25],[-12.66,44.32],[-12.64,44.16],[-12.35,44.25]]]},"properties":{"scalerank":0,"featurecla":"Bathymetry","depth":5000}},
{"type":"Feature","geometry":{"type":"Polygon","coordinates":[[[-14.2,44.43],[-13.94,44.57],[-14.28,44.62],[-14.2,44.43]]]},"properties":{"scalerank":0,"featurecla":"Bathymetry","depth":5000}},
{"type":"Feature","geometry":{"type":"Polygon","coordinates":[[[-15.12,44.4],[-14.9,44.57],[-15.27,44.76],[-15.48,44.55],[-15.8,44.35],[-15.89,44.03],[-15.89,43.73],[-16.1,43.34],[-15.9,43.18],[-15.6,43.28],[-15.43,43.46],[-15.64,43.62],[-15.58,43.98],[-15.42,44.06],[-15.44,44.29],[-15.12,44.4]]]},"properties":{"scalerank":0,"featurecla":"Bathymetry","depth":5000}},
{"type":"Feature","geometry":{"type":"Polygon","coordinates":[[[155.95,45.14],[156.05,45.29],[155.87,45.34],[155.79,45.21],[155.95,45.14]]]},"properties":{"scalerank":0,"featurecla":"Bathymetry","depth":5000}},
{"type":"Feature","geometry":{"type":"Polygon","coordinates":[[[157.25,45.41],[157.02,45.39],[156.86,45.48],[156.55,45.41],[156.99,45.29],[157.25,45.41]]]},"properties":{"scalerank":0,"featurecla":"Bathymetry","depth":5000}},
{"type":"Feature","geometry":{"type":"Polygon","coordinates":[[[-160.3,47.6],[-160.22,47.69],[-160.39,47.74],[-160.36,47.6],[-160.3,47.6]]]},"properties":{"scalerank":0,"featurecla":"Bathymetry","depth":5000}},
{"type":"Feature","geometry":{"type":"Polygon","coordinates":[[[-158.75,47.68],[-158.65,47.74],[-158.66,47.88],[-158.71,47.88],[-158.75,47.68]]]},"properties":{"scalerank":0,"featurecla":"Bathymetry","depth":5000}},
{"type":"Feature","geometry":{"type":"Polygon","coordinates":[[[-149.3,48.29],[-149.52,48.41],[-149.59,48.26],[-149.3,48.29]]]},"properties":{"scalerank":0,"featurecla":"Bathymetry","depth":5000}},
{"type":"Feature","geometry":{"type":"Polygon","coordinates":[[[-178.22,49.12],[-178.19,49.25],[-178.41,49.19],[-178.34,49.06],[-178.22,49.12]]]},"properties":{"scalerank":0,"featurecla":"Bathymetry","depth":5000}},
{"type":"Feature","geometry":{"type":"Polygon","coordinates":[[[-151.48,49.25],[-151.39,49.03],[-151.28,49.27],[-151.48,49.25]]]},"properties":{"scalerank":0,"featurecla":"Bathymetry","depth":5000}},
{"type":"Feature","geometry":{"type":"Polygon","coordinates":[[[-153.82,49.32],[-153.63,49.14],[-153.53,49.22],[-153.82,49.32]]]},"properties":{"scalerank":0,"featurecla":"Bathymetry","depth":5000}},
{"type":"Feature","geometry":{"type":"Polygon","coordinates":[[[-176.57,49.44],[-176.64,49.39],[-176.56,49.33],[-176.45,49.34],[-176.57,49.44]]]},"properties":{"scalerank":0,"featurecla":"Bathymetry","depth":5000}},
{"type":"Feature","geometry":{"type":"Polygon","coordinates":[[[-158.8,49.24],[-158.56,49.33],[-158.59,49.51],[-158.83,49.42],[-158.8,49.24]]]},"properties":{"scalerank":0,"featurecla":"Bathymetry","depth":5000}},
{"type":"Feature","geometry":{"type":"Polygon","coordinates":[[[-151.23,49.54],[-151.39,49.57],[-151.5,49.69],[-151.56,49.52],[-151.49,49.49],[-151.23,49.54]]]},"properties":{"scalerank":0,"featurecla":"Bathymetry","depth":5000}},
{"type":"Feature","geometry":{"type":"Polygon","coordinates":[[[-152.2,49.69],[-152.34,49.62],[-152.43,49.48],[-152.16,49.39],[-152.29,49.54],[-152.3,49.62],[-152.2,49.69]]]},"properties":{"scalerank":0,"featurecla":"Bathymetry","depth":5000}},
{"type":"Feature","geometry":{"type":"Polygon","coordinates":[[[175.35,49.49],[175.23,49.64],[175.22,49.46],[175.35,49.49]]]},"properties":{"scalerank":0,"featurecla":"Bathymetry","depth":5000}},
{"type":"Feature","geometry":{"type":"Polygon","coordinates":[[[-153.01,49.98],[-153,49.85],[-152.81,49.79],[-152.66,49.84],[-153.01,49.98]]]},"properties":{"scalerank":0,"featurecla":"Bathymetry","depth":5000}},
{"type":"Feature","geometry":{"type":"Polygon","coordinates":[[[-153.24,50.01],[-153.42,50.1],[-153.47,49.97],[-153.24,50.01]]]},"properties":{"scalerank":0,"featurecla":"Bathymetry","depth":5000}},
{"type":"Feature","geometry":{"type":"Polygon","coordinates":[[[-151.39,49.96],[-151.38,50.1],[-151.51,50.07],[-151.39,49.96]]]},"properties":{"scalerank":0,"featurecla":"Bathymetry","depth":5000}},
{"type":"Feature","geometry":{"type":"Polygon","coordinates":[[[-159.11,50.06],[-159.43,50.04],[-159.46,49.86],[-159.12,49.82],[-159.11,50.06]]]},"properties":{"scalerank":0,"featurecla":"Bathymetry","depth":5000}},
{"type":"Feature","geometry":{"type":"Polygon","coordinates":[[[-152.11,50.4],[-152.02,50.16],[-151.86,50.14],[-151.77,50.28],[-152.07,50.31],[-152.11,50.4]]]},"properties":{"scalerank":0,"featurecla":"Bathymetry","depth":5000}},
{"type":"Feature","geometry":{"type":"Polygon","coordinates":[[[-151.73,50.45],[-151.77,50.59],[-151.9,50.52],[-151.73,50.45]]]},"properties":{"scalerank":0,"featurecla":"Bathymetry","depth":5000}},
{"type":"Feature","geometry":{"type":"Polygon","coordinates":[[[-159.73,50.82],[-159.65,50.57],[-159.43,50.65],[-159.73,50.82]]]},"properties":{"scalerank":0,"featurecla":"Bathymetry","depth":5000}},
{"type":"Feature","geometry":{"type":"Polygon","coordinates":[[[-151.01,50.83],[-150.71,50.65],[-150.55,50.71],[-150.75,50.9],[-151.01,50.83]]]},"properties":{"scalerank":0,"featurecla":"Bathymetry","depth":5000}},
{"type":"Feature","geometry":{"type":"Polygon","coordinates":[[[170.59,51.6],[170.43,51.7],[170.39,51.55],[170.59,51.6]]]},"properties":{"scalerank":0,"featurecla":"Bathymetry","depth":5000}},
{"type":"Feature","geometry":{"type":"Polygon","coordinates":[[[-149.13,51.72],[-149.62,51.84],[-149.63,51.71],[-149.13,51.72]]]},"properties":{"scalerank":0,"featurecla":"Bathymetry","depth":5000}},
{"type":"Feature","geometry":{"type":"Polygon","coordinates":[[[-149.92,51.84],[-150.05,51.91],[-150.6,51.94],[-150.61,51.89],[-150.25,51.88],[-149.92,51.84]]]},"properties":{"scalerank":0,"featurecla":"Bathymetry","depth":5000}},
{"type":"Feature","geometry":{"type":"Polygon","coordinates":[[[165.38,58.75],[165.61,58.92],[165.22,58.89],[165.38,58.75]]]},"properties":{"scalerank":0,"featurecla":"Bathymetry","depth":5000}},
{"type":"Feature","geometry":{"type":"Polygon","coordinates":[[[2.71,79.24],[2.62,79.2],[3.18,79.11],[3.38,79.17],[2.71,79.24]]]},"properties":{"scalerank":0,"featurecla":"Bathymetry","depth":5000}},
{"type":"Feature","geometry":{"type":"Polygon","coordinates":[[[121.2,81.38],[120.75,81.52],[120.27,81.37],[121.2,81.38]]]},"properties":{"scalerank":0,"featurecla":"Bathymetry","depth":5000}},
{"type":"Feature","geometry":{"type":"Polygon","coordinates":[[[119.99,81.75],[119.52,81.89],[119.43,81.83],[119.99,81.75]]]},"properties":{"scalerank":0,"featurecla":"Bathymetry","depth":5000}}
]}