{"type":"FeatureCollection", "features": [
{"type":"Feature","geometry":{"type":"Polygon","coordinates":[[[-154.28,36.93],[-155.74,37.27],[-156.71,37.49],[-158.65,37.94],[-160.59,38.39],[-162.53,38.84],[-164.47,39.29],[-166.41,39.74],[-168.35,40.19],[-170.29,40.64],[-172.24,41.09],[-174.18,41.54],[-176.12,41.99],[-178.06,42.44],[-180,42.89],[-180,41],[-180,39.5],[-180,37.5],[-180,35.5],[-180,33.5],[-180,32],[-180,31],[-180,29],[-180,27.5],[-180,26],[-180,25],[-180,23.25],[-180,21.5],[-179.98,21.21],[-179.74,21.29],[-179.3,21.31],[-179.27,21.17],[-179.57,21.07],[-180,21.12],[-180,20],[-180,19],[-180,17.5],[-180,16.5],[-180,14.5],[-180,12.5],[-180,10.5],[-180,9],[-180,8],[-180,6.5],[-180,5.5],[-180,4],[-180,3],[-180,1.5],[-180,0.5],[-180,-1.5],[-180,-3.5],[-180,-5],[-180,-7],[-180,-9],[-180,-10.42],[-179.83,-10.3],[-179.83,-10.06],[-179.51,-10.14],[-179.64,-10.44],[-179.59,-10.65],[-179.39,-10.66],[-179.32,-10.46],[-179.18,-10.39],[-178.99,-10.58],[-179.02,-10.8],[-178.69,-10.99],[-178.67,-11.15],[-178.21,-11.4],[-178.04,-11.33],[-177.74,-11.36],[-177.5,-11.51],[-177.5,-11.78],[-177.79,-11.94],[-177.93,-11.93],[-178.17,-12.15],[-177.92,-12.24],[-177.8,-12.06],[-177.43,-11.94],[-177.14,-12.27],[-177.09,-12.65],[-177.21,-12.77],[-177.5,-12.79],[-177.76,-12.9],[-177.53,-13.18],[-177.58,-13.32],[-177.38,-13.54],[-177.17,-13.54],[-177.14,-13.34],[-176.89,-13.33],[-176.78,-13.51],[-176.57,-13.51],[-176.25,-13.73],[-175.94,-14.19],[-175.64,-14.25],[-175.37,-14.5],[-175.01,-14.42],[-174.58,-14.4],[-174.02,-14.57],[-173.6,-14.81],[-173.29,-14.88],[-173.04,-15.12],[-173,-15.28],[-172.79,-15.57],[-172.77,-15.97],[-172.89,-16.13],[-172.92,-16.46],[-172.83,-16.79],[-172.88,-17.52],[-173.08,-17.91],[-173.08,-18.14],[-173.56,-18.41],[-173.54,-18.67],[-173.59,-19.16],[-173.79,-19.59],[-173.9,-19.99],[-173.83,-20.28],[-173.99,-20.5],[-174,-20.76],[-174.24,-21.12],[-174.24,-21.26],[-174.46,-21.41],[-174.66,-21.78],[-174.83,-21.92],[-174.84,-22.14],[-175.15,-22.44],[-175.32,-22.79],[-175.34,-23.11],[-175.66,-23.59],[-175.64,-23.77],[-175.9,-24.47],[-175.97,-24.91],[-175.83,-25.1],[-176.04,-25.22],[-176,-25.48],[-176.36,-25.98],[-176.24,-26.21],[-176.37,-26.44],[-176.33,-26.87],[-176.53,-27.11],[-176.5,-27.26],[-176.58,-27.78],[-176.77,-27.7],[-177.04,-28.23],[-177.05,-28.61],[-177.17,-28.99],[-176.98,-29.22],[-177.1,-29.43],[-177.26,-29.4],[-177.68,-29.73],[-177.85,-30.35],[-177.95,-30.49],[-178.01,-30.86],[-178.13,-31.03],[-178.5,-31.86],[-178.56,-32.17],[-178.7,-32.44],[-178.63,-32.72],[-178.82,-32.88],[-179.15,-33.37],[-179.13,-33.6],[-179.29,-33.9],[-180,-34.44],[-180,-35.33],[-179.75,-35.42],[-179.76,-35.67],[-179.89,-36.04],[-179.84,-36.37],[-180,-36.67],[-180,-38],[-180,-39.96],[-179.68,-40],[-179.34,-40.31],[-179.26,-40.52],[-178.85,-40.64],[-178.77,-40.4],[-178.48,-40.45],[-178.29,-40.72],[-178.08,-40.76],[-177.89,-41.04],[-177.74,-41.5],[-177.44,-41.64],[-176.98,-41.55],[-176.93,-41.35],[-176.62,-41.45],[-176.64,-41.64],[-176.4,-41.71],[-176.29,-41.35],[-175.92,-41.28],[-175.61,-41.33],[-175.38,-41.59],[-175.13,-41.4],[-174.96,-41.61],[-174.56,-41.77],[-174.18,-41.3],[-173.59,-41.5],[-173.43,-41.93],[-172.8,-41.66],[-172.57,-41.66],[-172.43,-41.89],[-171.89,-41.83],[-171.76,-41.9],[-171.15,-41.86],[-171.11,-42.06],[-170.81,-42.17],[-170.35,-42.22],[-169.55,-42.41],[-169.58,-42.65],[-169.34,-43.1],[-169.66,-43.08],[-169.83,-43.21],[-170.18,-43.18],[-170.55,-43.28],[-170.62,-43.42],[-171.13,-43.73],[-171.36,-44.04],[-171.57,-44.17],[-172,-44.07],[-172.54,-44.11],[-172.94,-44.26],[-173.25,-44.21],[-173.82,-44.28],[-173.74,-44.45],[-173.98,-44.92],[-174.2,-45],[-174.42,-44.86],[-175.33,-45],[-175.29,-45.32],[-175.61,-45.14],[-176.13,-45.04],[-176.14,-45.34],[-176.48,-45.32],[-176.74,-45.5],[-176.94,-45.5],[-177.43,-45.34],[-178.64,-45.29],[-178.98,-45.5],[-179.18,-45.75],[-179.55,-45.79],[-180,-45.72],[-180,-46.63],[-179.38,-46.69],[-179.05,-47.05],[-178.71,-47.2],[-178.45,-47.42],[-178.58,-47.83],[-178.83,-48.04],[-178.8,-48.43],[-178.67,-48.7],[-179.02,-49.02],[-179.02,-49.2],[-179.32,-49.48],[-180,-49.7],[-180,-51.5],[-180,-53],[-180,-54.5],[-180,-56.5],[-180,-58.48],[-178.04,-58.36],[-176.07,-58.23],[-174.11,-58.1],[-172.14,-57.98],[-170.18,-57.85],[-168.21,-57.72],[-166.25,-57.59],[-164.28,-57.47],[-162.32,-57.34],[-159.37,-57.15],[-158.07,-55.64],[-156.76,-54.13],[-155.46,-52.62],[-154.15,-51.1],[-152.85,-49.59],[-151.54,-48.08],[-150.24,-46.57],[-148.93,-45.06],[-147.63,-43.55],[-146.32,-42.04],[-145.02,-40.53],[-143.71,-39.02],[-142.73,-37.88],[-141.75,-36.75],[-140.78,-35.61],[-139.8,-34.48],[-138.82,-33.35],[-137.84,-32.21],[-137.19,-31.46],[-135.88,-29.95],[-134.58,-28.44],[-133.27,-26.93],[-132.62,-26.17],[-132.62,-25.23],[-132.63,-23.82],[-132.64,-21.93],[-131.25,-21.95],[-130.32,-21.95],[-128.47,-21.97],[-126.61,-21.99],[-127.11,-20.59],[-127.79,-18.73],[-128.46,-16.87],[-129.14,-15],[-130.15,-13.34],[-130.91,-12.1],[-131.67,-10.85],[-132.43,-9.61],[-133.19,-8.37],[-133.7,-7.54],[-134.46,-6.29],[-135.22,-5.05],[-135.98,-3.8],[-136.74,-2.56],[-137.42,-1.24],[-138.33,0.52],[-138.78,1.41],[-139.46,2.73],[-140.37,4.49],[-140.82,5.37],[-141.5,6.69],[-142.41,8.45],[-143.32,10.21],[-144,11.54],[-144.9,13.3],[-145.81,15.06],[-146.72,16.82],[-147.4,18.14],[-148.31,19.9],[-148.76,20.79],[-149.44,22.11],[-150.35,23.87],[-151.25,25.63],[-151.93,26.95],[-152.39,27.83],[-153.07,29.15],[-153.98,30.92],[-154.66,32.24],[-154.51,34.11],[-154.35,35.99],[-154.28,36.93]],[[-175.63,35.48],[-175.57,35.28],[-175.83,35.05],[-175.85,34.87],[-176.11,34.43],[-176.33,34.3],[-176.25,34.06],[-176.48,34.01],[-176.84,34.12],[-176.9,34.49],[-177.43,34.58],[-177.47,34.84],[-177.2,34.84],[-177.02,35.04],[-176.58,35.09],[-176.42,35.26],[-176.08,35.17],[-175.63,35.48]],[[-176.12,34],[-175.72,33.71],[-175.82,33.24],[-175.68,33.02],[-175.79,32.84],[-176.05,33.13],[-176.21,33.5],[-176.44,33.6],[-176.12,34]],[[-175.36,33.2],[-175.15,33.06],[-174.94,32.71],[-174.94,32.46],[-175.25,32.42],[-175.32,32.83],[-175.49,33.08],[-175.36,33.2]],[[-177.89,33.8],[-178.16,33.81],[-178.16,34.05],[-178.34,34.23],[-178.23,34.52],[-177.96,34.59],[-177.7,34.41],[-177.67,34.22],[-177.98,34.08],[-177.89,33.8]],[[-162.85,31.92],[-162.69,31.79],[-162.78,31.61],[-163.09,31.66],[-163.06,31.82],[-162.85,31.92]],[[-174.37,31.61],[-174.52,31.7],[-174.44,31.93],[-174.2,31.99],[-174.03,31.67],[-174.37,31.61]],[[-174.06,29.68],[-174.06,30.02],[-173.89,30.06],[-173.82,29.8],[-174.06,29.68]],[[-174.18,29.26],[-174.03,29.44],[-173.75,29.17],[-173.92,28.96],[-174.23,29.05],[-174.18,29.26]],[[-178.45,28.99],[-178.49,28.82],[-178.68,28.7],[-179.21,28.74],[-179.15,28.98],[-178.56,29.07],[-178.45,28.99]],[[-176.71,28.82],[-176.49,28.62],[-176.47,28.37],[-176.82,28.4],[-176.85,28.61],[-176.71,28.82]],[[-177.48,28.52],[-177.2,28.41],[-177.03,28.22],[-177.14,28.1],[-177.58,28.01],[-177.62,28.34],[-177.48,28.52]],[[-176.01,28.24],[-175.6,28.16],[-175.39,27.79],[-175.41,27.54],[-175.69,27.65],[-176.13,27.71],[-176.15,27.96],[-176.01,28.24]],[[-171.18,28.03],[-170.93,28.09],[-170.9,27.79],[-171.18,27.87],[-171.18,28.03]],[[-177.99,27.81],[-178.13,28.08],[-177.9,28.16],[-177.68,27.94],[-177.99,27.81]],[[-178.51,28.21],[-178.62,28.62],[-178.35,28.7],[-178.13,28.61],[-178.1,28.29],[-178.18,28.2],[-178.51,28.21]],[[-179.44,29.06],[-179.45,28.82],[-179.62,28.75],[-179.71,29.04],[-179.44,29.06]],[[-161.76,27.3],[-161.61,27.36],[-161.42,27.19],[-161.63,27.1],[-161.76,27.3]],[[-166.9,26.95],[-166.84,26.77],[-167.09,26.66],[-167.16,26.88],[-166.9,26.95]],[[-174.69,26.38],[-174.46,26.49],[-174.37,26.25],[-174.55,26.15],[-174.69,26.38]],[[-174.31,26.19],[-174.03,26.39],[-173.5,26.26],[-173.26,26.35],[-173.09,26.14],[-173.15,25.87],[-173.38,25.73],[-173.46,25.37],[-173.69,25.78],[-174.03,25.64],[-174.24,25.85],[-174.31,26.19]],[[-167.67,26.14],[-167.56,25.77],[-167.57,25.17],[-167.36,25.07],[-167.37,25.73],[-167.22,25.82],[-167.09,25.55],[-167.02,24.91],[-166.73,24.53],[-166.58,24.45],[-166.46,24.22],[-166.2,24.13],[-166.18,24.36],[-165.97,24.48],[-165.82,24.27],[-165.5,24.12],[-165.18,24.06],[-165.19,23.86],[-165.57,23.61],[-165.79,23.66],[-165.93,23.45],[-166.37,23.51],[-166.49,23.66],[-167.23,24.1],[-167.59,24.38],[-167.65,24.15],[-167.88,24.09],[-168.26,24.31],[-168.49,24.23],[-168.67,24.41],[-168.92,24.43],[-168.74,24.72],[-168.81,24.93],[-168.74,25.15],[-168.91,25.26],[-169.07,25.5],[-169.04,25.93],[-168.84,26.11],[-168.57,26.11],[-168.32,25.99],[-168.29,25.66],[-168.1,25.68],[-167.67,26.14]],[[-160.09,25.98],[-159.77,25.94],[-159.96,25.74],[-160.29,25.6],[-160.09,25.98]],[[-165.13,23.63],[-165,23.83],[-164.77,23.9],[-164.41,24.11],[-164.15,23.78],[-164.04,23.45],[-164,23.09],[-164.54,23.11],[-164.83,23.26],[-165.13,23.63]],[[-162.64,23.52],[-162.31,23.3],[-162.07,23.28],[-161.89,23.44],[-161.69,23.45],[-161.45,23.21],[-161.47,22.92],[-161.71,22.74],[-162.05,22.8],[-162.37,22.77],[-162.59,23.03],[-162.9,23.12],[-163.23,23.01],[-163.48,23.21],[-163.66,23.16],[-163.76,23.42],[-163.55,23.52],[-163.35,23.42],[-162.82,23.42],[-162.64,23.52]],[[-161.28,22.75],[-161.09,22.94],[-160.85,22.95],[-160.75,22.63],[-161.04,22.51],[-161.28,22.75]],[[-159.52,22.55],[-159.33,22.59],[-159,22.22],[-158.78,22.19],[-158.21,21.94],[-158.01,21.97],[-157.59,21.91],[-157.44,21.68],[-157.03,21.47],[-156.47,21.44],[-156.1,21.33],[-155.82,20.99],[-155.47,20.88],[-155.33,20.76],[-154.98,20.65],[-155.11,20.47],[-155.09,20.19],[-154.85,20.02],[-154.61,19.94],[-154.39,19.66],[-154.82,19.3],[-155.01,19],[-155.22,18.83],[-155.42,18.91],[-155.65,18.68],[-155.78,18.72],[-156.15,19.04],[-156.07,19.29],[-156.2,19.52],[-156.25,19.81],[-156.46,20.04],[-156.84,20.23],[-157.33,20.35],[-157.35,20.61],[-157.58,20.71],[-157.79,20.64],[-158.37,21.17],[-158.59,21.1],[-158.73,21.57],[-158.99,21.84],[-159.26,21.78],[-159.43,21.52],[-159.7,21.53],[-159.91,21.67],[-160.45,21.52],[-160.78,21.62],[-160.7,21.86],[-160.28,22.24],[-159.86,22.36],[-159.52,22.55]],[[-157,18.91],[-156.98,18.48],[-157.18,18.68],[-157,18.91]],[[-169.51,18.55],[-169.36,18.3],[-169.82,18.2],[-169.66,18.49],[-169.51,18.55]],[[-168.85,18.17],[-168.78,17.88],[-168.54,17.34],[-168.33,17.31],[-168.08,16.91],[-168.12,16.65],[-167.88,16.42],[-167.56,15.93],[-167.76,15.86],[-168.01,16.26],[-168.36,16.55],[-168.3,16.87],[-168.61,16.98],[-168.79,17.33],[-168.79,17.45],[-169.06,17.88],[-169.09,18.22],[-168.85,18.17]],[[-169.29,15.97],[-169.08,15.83],[-168.88,15.55],[-168.91,15.37],[-169.18,15.42],[-169.45,15.6],[-169.73,15.7],[-169.69,15.98],[-169.44,15.82],[-169.29,15.97]],[[-168.3,15.49],[-168.16,15.35],[-167.92,15.28],[-168.02,15.07],[-168.26,15.22],[-168.42,15.21],[-168.46,15.48],[-168.3,15.49]],[[-167.11,15.09],[-167.02,15.28],[-166.45,15.11],[-166.5,14.92],[-166.9,14.98],[-167.11,15.09]],[[-173,15.1],[-172.88,14.82],[-173.29,14.95],[-173.28,15.17],[-173,15.1]],[[-166.46,14.83],[-166.32,14.83],[-166.09,14.68],[-166.03,14.52],[-165.74,14.33],[-165.84,14.11],[-166.12,14.28],[-166.18,14.45],[-166.45,14.68],[-166.46,14.83]],[[-165.78,13.8],[-165.34,13.85],[-165.46,13.61],[-165.78,13.8]],[[-174.13,13.23],[-174.14,12.92],[-174.28,12.9],[-174.31,13.18],[-174.13,13.23]],[[-169.82,14.15],[-169.77,14.27],[-169.49,14.19],[-169.49,14.02],[-169.82,14.15]],[[-170.01,14.26],[-170.14,14.38],[-170.03,14.55],[-169.88,14.49],[-170.01,14.26]],[[-171.2,15.13],[-171.25,15.36],[-170.83,15.24],[-170.85,14.99],[-171.1,14.98],[-171.2,15.13]],[[-171.89,15.36],[-172.06,15.29],[-172.17,15.51],[-172.02,15.62],[-171.89,15.36]],[[-177.07,15.51],[-177.31,15.47],[-177.21,15.96],[-177,15.96],[-177.1,15.71],[-177.07,15.51]],[[-170.37,16],[-170.22,15.98],[-170.27,15.61],[-170.45,15.48],[-170.57,15.7],[-170.37,16]],[[-169.97,15.54],[-170.08,15.7],[-169.92,15.83],[-169.8,15.69],[-169.97,15.54]],[[-169.32,16.92],[-169.22,16.68],[-169.44,16.59],[-169.46,16.33],[-169.74,16.69],[-169.8,16.99],[-169.32,16.92]],[[-177.04,16.95],[-177.22,16.94],[-177.44,17.07],[-177.48,17.32],[-177.4,17.46],[-177.06,17.23],[-176.81,17.38],[-176.65,17.38],[-176.64,17.15],[-177.04,16.95]],[[-172.92,19.93],[-172.89,19.8],[-172.64,19.82],[-172.31,20.08],[-172.18,20.29],[-171.91,20.31],[-172.12,19.98],[-172.33,19.77],[-172.66,19.57],[-172.85,19.25],[-173.04,19.27],[-173.26,18.87],[-173.04,18.79],[-173.08,18.62],[-173.4,18.47],[-173.62,18.24],[-173.97,18.02],[-174.12,18.16],[-174.31,18.02],[-174.13,17.83],[-174.4,17.71],[-174.61,17.78],[-174.73,17.65],[-175.08,17.56],[-175.21,17.42],[-175.5,17.33],[-176,17.48],[-176.15,17.93],[-175.99,18.06],[-175.91,18.36],[-175.41,18.62],[-175.17,18.48],[-175.11,18.79],[-174.77,18.67],[-174.59,18.79],[-174.36,18.82],[-173.97,19.26],[-173.79,19.3],[-173.67,19.57],[-173.35,19.74],[-173.04,20.35],[-172.81,20.24],[-172.92,19.93]],[[-172.8,19.87],[-172.83,20.04],[-172.66,20.23],[-172.45,20.09],[-172.57,19.94],[-172.8,19.87]],[[-171.43,20.19],[-171.11,20.43],[-171.05,20.29],[-171.34,19.9],[-170.87,19.68],[-170.91,19.95],[-170.79,20.15],[-170.83,20.39],[-170.49,20.28],[-170.45,20.1],[-170.26,20.02],[-170.55,19.84],[-170.51,19.63],[-170.78,19.42],[-170.71,19.22],[-170.47,19.25],[-170.42,19.06],[-170.69,18.96],[-170.58,18.78],[-171.01,18.61],[-171.13,18.69],[-171.45,18.68],[-171.83,19.18],[-171.74,19.39],[-171.62,20.12],[-171.43,20.19]],[[-169.47,21.09],[-169.25,21.33],[-169.18,21.1],[-169.47,21.09]],[[-168.32,21.24],[-168.31,21.41],[-168.01,21.61],[-167.84,21.81],[-167.63,21.88],[-167.44,22.04],[-166.39,22.75],[-166.03,22.92],[-165.82,22.9],[-166.9,22.14],[-167.26,21.84],[-168.19,21.25],[-168.32,21.24]],[[-170.5,20.92],[-170.47,20.74],[-170.75,20.49],[-170.89,20.58],[-170.71,20.88],[-170.5,20.92]],[[-169.44,20.53],[-169.36,20.44],[-169.96,19.96],[-170.14,19.99],[-170.06,20.23],[-169.85,20.47],[-169.44,20.53]],[[-168.91,19.66],[-168.67,19.68],[-168.1,19.85],[-168.12,19.63],[-168.67,19.32],[-168.86,19.13],[-169.37,18.98],[-169.55,19],[-169.92,18.84],[-169.94,18.43],[-170.3,18.43],[-170.42,18.55],[-170.15,18.73],[-170.03,19.12],[-169.76,19.32],[-169.37,19.37],[-168.91,19.66]],[[-157.24,19.32],[-157.24,19.55],[-156.96,19.51],[-156.88,19.39],[-157.16,19.22],[-157.24,19.32]],[[-172.84,18.51],[-172.82,18.37],[-173.05,18.18],[-173.2,18.35],[-172.84,18.51]],[[-173.68,18.03],[-173.57,17.95],[-173.75,17.69],[-173.93,17.75],[-173.95,17.98],[-173.68,18.03]],[[-176.32,17.8],[-176.5,17.66],[-176.71,17.76],[-176.7,17.93],[-176.42,18.17],[-176.2,18.08],[-176.32,17.8]],[[-177.58,17.93],[-177.81,18.05],[-177.67,18.27],[-177.53,18.03],[-177.58,17.93]],[[-178.55,18.16],[-178.68,17.99],[-178.97,18.1],[-179.08,18.42],[-179.33,18.34],[-179.45,18.17],[-179.73,18.4],[-179.72,18.73],[-179.59,18.81],[-179.36,18.67],[-179.15,18.66],[-179.01,18.8],[-178.61,18.85],[-178.44,18.48],[-178.1,18.36],[-178.15,18.16],[-178.55,18.16]],[[-176.52,18.55],[-176.19,18.49],[-176.88,18.19],[-176.81,18.48],[-176.52,18.55]],[[-179.59,19.22],[-179.86,19.15],[-179.82,19.4],[-179.62,19.39],[-179.59,19.22]],[[-172.81,23.95],[-173.15,23.91],[-173.28,24.08],[-173.14,24.19],[-172.81,23.95]],[[-173.56,24.86],[-173.54,24.67],[-173.87,24.64],[-173.91,24.87],[-173.56,24.86]],[[-172.55,24.87],[-172.56,25.3],[-172.63,25.55],[-173.02,25.58],[-172.98,25.78],[-172.68,25.82],[-172.39,25.75],[-172.09,25.81],[-172.1,25.99],[-171.79,26.18],[-171.23,25.87],[-171.03,26.02],[-170.75,26.05],[-170.41,26.15],[-170.2,25.72],[-169.81,25.07],[-170,25.06],[-170.6,24.86],[-170.73,25.15],[-171.1,25.22],[-171.55,25.6],[-171.74,25.56],[-171.79,25.27],[-172.01,25.13],[-172.25,25.22],[-172.55,24.87]],[[-169.27,25.92],[-169.14,25.79],[-169.29,25.36],[-169.62,25.24],[-169.75,25.3],[-169.82,25.57],[-169.55,25.89],[-169.27,25.92]],[[-176.33,26.76],[-176.54,26.78],[-176.69,27.06],[-176.39,27.16],[-176.23,27],[-176.33,26.76]],[[-175.74,27.06],[-175.48,27.18],[-175.51,26.78],[-175.63,26.78],[-175.74,27.06]],[[-161.06,11.8],[-160.72,11.78],[-160.75,11.61],[-161.01,11.55],[-161.06,11.8]],[[-160.06,11.53],[-160.28,11.25],[-160.32,11.52],[-160.06,11.53]],[[-165.48,11.42],[-165.35,11.35],[-165.33,11.15],[-165.54,11.13],[-165.48,11.42]],[[-164.13,10.95],[-163.96,10.73],[-164.05,10.59],[-164.32,10.69],[-164.33,10.87],[-164.13,10.95]],[[-159.51,10.79],[-159.31,10.68],[-159.31,10.49],[-159.6,10.56],[-159.72,10.37],[-159.86,10.44],[-159.93,10.65],[-159.51,10.79]],[[-165.39,10.37],[-165.03,10.15],[-164.95,9.89],[-164.7,9.9],[-164.37,9.69],[-164.66,9.58],[-164.9,9.56],[-164.65,9.14],[-164.99,9.15],[-165.15,9.48],[-165.41,9.62],[-165.47,9.85],[-165.68,9.85],[-165.71,10.07],[-165.61,10.25],[-165.39,10.37]],[[-162.25,10.04],[-162.01,9.8],[-162.19,9.65],[-162.4,9.94],[-162.25,10.04]],[[-161.93,9.65],[-161.71,9.64],[-161.74,9.44],[-161.93,9.41],[-161.93,9.65]],[[-159.36,9.64],[-159.1,9.57],[-159.13,9.34],[-159.44,9.44],[-159.36,9.64]],[[-158.68,9.35],[-158.47,9.44],[-158.18,9.36],[-157.97,9.38],[-157.67,9.3],[-157.97,9.02],[-158.16,9.22],[-158.48,9.1],[-158.64,9.16],[-158.68,9.35]],[[-163.29,9.02],[-163.29,8.82],[-163.6,8.92],[-163.58,9.05],[-163.29,9.02]],[[-162.84,8.65],[-162.61,8.41],[-162.74,8.17],[-162.95,8.17],[-163.01,8.3],[-162.84,8.65]],[[-160.74,8.14],[-160.32,8.26],[-160.03,8.43],[-159.75,8.46],[-159.7,8.34],[-159.99,8.08],[-160.58,7.98],[-160.74,8.14]],[[-159.09,2.41],[-159.04,2.69],[-158.86,2.51],[-158.66,2.61],[-159.03,2.98],[-159.36,2.92],[-159.49,3.18],[-159.46,3.41],[-160.21,3.45],[-160.22,3.69],[-159.7,3.62],[-159.7,3.86],[-159.89,3.94],[-160.05,4.17],[-160.23,4.25],[-160.25,4.46],[-160.46,4.58],[-160.66,4.46],[-161.2,4.83],[-160.97,5.1],[-161.08,5.3],[-161.3,5.11],[-161.56,5.08],[-161.9,5.47],[-162.1,5.55],[-162.07,5.71],[-162.38,5.78],[-162.37,6.26],[-162.77,6.12],[-162.99,6.29],[-163,6.44],[-162.66,6.43],[-162.43,6.61],[-162.14,6.52],[-161.95,6.38],[-161.84,6.47],[-161.89,6.72],[-162.19,6.86],[-162.37,6.85],[-162.61,7.08],[-162.5,7.21],[-162.29,7.08],[-161.97,7.15],[-161.79,7.27],[-161.45,7.27],[-161.54,7.45],[-161.47,7.62],[-161.69,7.82],[-161.65,8.09],[-161.44,7.97],[-161.27,7.64],[-161.05,7.58],[-161.06,7.27],[-161.21,6.98],[-160.99,6.86],[-160.72,6.6],[-160.3,6.5],[-160.33,6.37],[-160.64,6.11],[-160.59,6.02],[-160.27,6.14],[-160.23,5.98],[-160.48,5.86],[-160.3,5.7],[-160.31,5.55],[-160.74,5.59],[-160.8,5.44],[-160.44,5.24],[-160.41,4.97],[-160,4.84],[-160.01,5.13],[-159.85,5.19],[-159.74,4.82],[-159.56,4.52],[-159.58,4.28],[-159.35,4.24],[-159.23,4.07],[-158.86,3.91],[-158.62,3.58],[-158.34,3.34],[-158.31,3.21],[-157.87,2.85],[-157.67,2.37],[-157.23,2.24],[-157.12,2.07],[-156.78,1.92],[-156.6,1.98],[-156.44,1.86],[-156.7,1.71],[-156.63,1.5],[-156.96,1.41],[-156.95,1.1],[-157.19,1.28],[-157.43,1.31],[-157.59,1.45],[-157.93,1.57],[-158.01,1.71],[-158.26,1.78],[-158.55,1.73],[-158.7,1.87],[-158.25,2.09],[-158.29,2.19],[-158.57,2.24],[-159.09,2.41]],[[-161.6,4.62],[-161.81,4.76],[-161.64,4.94],[-161.52,4.85],[-161.6,4.62]],[[-162.07,5.5],[-161.96,5.31],[-162.02,5.12],[-162.18,5.15],[-162.23,5.4],[-162.07,5.5]],[[-162.98,7.33],[-163.09,7.24],[-163.39,7.49],[-163.39,7.78],[-163.22,7.76],[-162.98,7.33]],[[-163.92,8.09],[-164.09,8.06],[-164.47,8.26],[-164.43,8.51],[-164.06,8.54],[-163.92,8.09]],[[-160.41,6.87],[-160.54,7.02],[-160.53,7.21],[-160.23,7.24],[-160.18,6.94],[-160.41,6.87]],[[-158.27,6.74],[-157.51,6.45],[-157.61,6.26],[-157.93,6.31],[-158.28,6.58],[-158.27,6.74]],[[-159.3,4.26],[-159.26,4.48],[-158.96,4.55],[-158.97,4.33],[-159.3,4.26]],[[-157.02,1.01],[-156.92,0.93],[-156.95,0.68],[-157.19,0.8],[-157.02,1.01]],[[-157.66,0.43],[-157.78,0.29],[-158.18,0.85],[-157.99,0.96],[-157.66,0.43]],[[-155.53,-0.6],[-155.23,-0.55],[-154.93,-0.73],[-154.95,-0.87],[-155.53,-0.6]],[[-156.62,-0.74],[-156.67,-0.98],[-156.93,-0.85],[-156.62,-0.74]],[[-174.51,-0.86],[-174.75,-1],[-174.84,-0.76],[-174.61,-0.65],[-174.51,-0.86]],[[-164.94,0.17],[-164.99,0.32],[-164.71,0.47],[-164.29,0.61],[-163.88,0.67],[-163.86,0.47],[-164.18,0.33],[-164.49,0.31],[-164.76,0.17],[-164.94,0.17]],[[-158.41,0.67],[-158.64,0.69],[-158.6,0.92],[-158.37,0.87],[-158.41,0.67]],[[-159.04,1.52],[-158.95,1.68],[-158.64,1.49],[-158.78,1.3],[-159.04,1.52]],[[-159.87,9.04],[-159.75,9.35],[-159.58,9.17],[-159.87,9.04]],[[-162.87,9.37],[-162.95,9.19],[-163.3,9.25],[-163.3,9.46],[-162.96,9.52],[-162.87,9.37]],[[-171.23,9.91],[-171.35,9.87],[-171.53,10.05],[-171.38,10.19],[-171.23,9.91]],[[-166.41,10.08],[-166.4,10.3],[-166.17,10.35],[-166.14,10.12],[-166.41,10.08]],[[-167.9,10.27],[-168.07,10.27],[-168.07,10.66],[-167.86,10.65],[-167.9,10.27]],[[-168.18,10.68],[-168.21,10.47],[-168.41,10.49],[-168.4,10.66],[-168.18,10.68]],[[-169.49,10.56],[-170.17,10.62],[-170.3,10.85],[-170.09,11.02],[-169.78,11.03],[-169.7,10.9],[-169.45,10.88],[-169.49,10.56]],[[-165.7,10.82],[-165.51,10.95],[-165.46,10.61],[-165.67,10.64],[-165.7,10.82]],[[-169.12,10.75],[-169.41,10.58],[-169.42,10.82],[-169.2,10.88],[-169.12,10.75]],[[-167.42,10.3],[-167.36,10.55],[-166.96,10.47],[-166.94,10.3],[-167.42,10.3]],[[-156.02,-1.22],[-155.97,-1.13],[-155.59,-1.3],[-155.61,-1.55],[-156.02,-1.22]],[[-174.89,-1.44],[-174.75,-1.62],[-174.4,-1.69],[-174.35,-1.87],[-174.48,-1.97],[-174.8,-1.98],[-174.92,-1.8],[-175.4,-1.75],[-175.24,-1.49],[-174.89,-1.44]],[[-171.28,-2.89],[-170.97,-2.95],[-170.92,-3.24],[-171.02,-3.29],[-171.8,-2.99],[-171.9,-2.67],[-171.68,-2.6],[-171.28,-2.89]],[[-171.45,-3.45],[-171.39,-3.67],[-171.54,-3.72],[-171.66,-3.55],[-171.45,-3.45]],[[-155.1,-3.76],[-154.81,-3.86],[-154.76,-4.08],[-155,-4.17],[-155.31,-3.99],[-155.32,-3.86],[-155.1,-3.76]],[[-164.18,-4.33],[-164.11,-4.71],[-164.3,-4.68],[-164.18,-4.33]],[[-163.26,-4.88],[-162.91,-4.88],[-162.89,-5.06],[-163.18,-5.33],[-163.65,-5.21],[-163.68,-5.06],[-163.26,-4.88]],[[-164.4,-5.38],[-164.38,-5.59],[-164.68,-5.87],[-165.15,-5.85],[-165.24,-5.61],[-165.23,-4.75],[-165.05,-4.37],[-165.19,-3.89],[-164.87,-3.89],[-164.88,-4.1],[-164.77,-4.29],[-164.73,-4.6],[-164.58,-4.71],[-164.53,-5.12],[-164.26,-5],[-164.18,-5.26],[-164.4,-5.38]],[[-156,-5.52],[-155.81,-5.49],[-155.71,-5.62],[-155.85,-5.76],[-156.01,-5.71],[-156,-5.52]],[[-162.06,-5.73],[-162.05,-5.94],[-162.28,-5.93],[-162.27,-5.75],[-162.06,-5.73]],[[-165.53,-6.17],[-165.51,-5.92],[-165.65,-5.72],[-165.4,-5.66],[-165.36,-5.85],[-165.2,-5.95],[-165.19,-6.12],[-165.53,-6.17]],[[-174.36,-4.72],[-174.55,-4.83],[-174.64,-4.6],[-174.53,-4.49],[-174.36,-4.72]],[[-172.2,-4.67],[-172.4,-4.45],[-172.1,-4.34],[-171.96,-4.5],[-172.2,-4.67]],[[-171.27,-4.6],[-171.41,-4.34],[-171.18,-4.3],[-171.08,-4.49],[-171.27,-4.6]],[[-161.21,-6.81],[-161.01,-6.99],[-161.02,-7.19],[-161.33,-6.94],[-161.21,-6.81]],[[-140.68,-7.53],[-140.44,-7.6],[-140.22,-7.5],[-140.03,-7.55],[-139.8,-7.75],[-139.82,-7.92],[-139.51,-7.9],[-139.43,-8.11],[-139.66,-8.23],[-139.84,-8.08],[-140.5,-8.06],[-140.71,-8.35],[-140.4,-8.6],[-139.39,-8.62],[-139.27,-9.02],[-139.46,-9.19],[-139.75,-9.22],[-139.76,-9.36],[-139.47,-9.71],[-139.5,-9.88],[-139.68,-9.91],[-139.93,-9.62],[-140.08,-9.69],[-140.27,-9.58],[-140.41,-9.15],[-140.68,-9.27],[-140.74,-8.94],[-140.88,-8.8],[-140.93,-8.55],[-141.07,-8.41],[-141.15,-8.11],[-141.39,-8.26],[-141.49,-8.19],[-141.48,-7.89],[-141.22,-7.94],[-141.07,-7.7],[-140.9,-7.72],[-140.68,-7.53]],[[-139.27,-9.89],[-139.41,-9.66],[-139.4,-9.49],[-139.08,-9.22],[-138.82,-9.24],[-138.72,-9.53],[-138.54,-9.76],[-138.31,-9.73],[-138.02,-9.89],[-137.98,-10.08],[-137.81,-10.08],[-137.65,-10.3],[-137.75,-10.41],[-138,-10.33],[-138.14,-10.15],[-138.27,-10.21],[-138.22,-10.43],[-138.43,-10.6],[-138.72,-10.73],[-138.92,-10.5],[-139.11,-10.43],[-139.27,-9.89]],[[-135.53,-10.63],[-135.46,-10.75],[-135.91,-10.94],[-136.57,-11.06],[-138.41,-11.54],[-138.44,-11.42],[-137.54,-11.11],[-137.38,-11.11],[-136.75,-10.92],[-135.53,-10.63]],[[-151.67,-11.52],[-151.9,-11.49],[-151.89,-11.23],[-151.68,-11.33],[-151.67,-11.52]],[[-160.83,-11.56],[-160.91,-12.21],[-161.06,-12.39],[-160.99,-12.62],[-161.11,-13.12],[-161.07,-13.5],[-161.34,-13.48],[-161.44,-13.62],[-161.71,-13.54],[-161.92,-13.57],[-162.18,-13.41],[-162.35,-13.42],[-162.46,-13.22],[-162.74,-13.25],[-163.03,-13.45],[-163.25,-13.46],[-163.36,-13.2],[-163.24,-12.56],[-163.01,-12.21],[-163.07,-11.88],[-163.25,-11.67],[-163.22,-11.38],[-163.27,-11.02],[-163.42,-10.96],[-163.45,-10.68],[-163.13,-10.52],[-163.44,-9.91],[-163.31,-9.6],[-163.36,-9.41],[-163.14,-9.03],[-163.12,-8.65],[-162.9,-8.35],[-162.74,-8.59],[-162.82,-8.91],[-162.6,-9.14],[-162.58,-9.28],[-162.34,-9.33],[-162.1,-9.18],[-161.92,-9.44],[-161.91,-9.69],[-162.1,-9.82],[-161.98,-10.05],[-161.84,-10.09],[-161.77,-10.41],[-161.68,-10.44],[-161.5,-10.18],[-161.32,-10.31],[-160.94,-10.22],[-160.81,-10.39],[-160.9,-10.55],[-161.38,-10.43],[-161.49,-10.59],[-161.33,-10.7],[-161.59,-10.96],[-161.22,-11.68],[-161.01,-11.59],[-160.87,-11.26],[-160.7,-11.35],[-160.83,-11.56]],[[-148.43,-11.87],[-148.33,-12.04],[-148.59,-12.17],[-148.6,-11.91],[-148.43,-11.87]],[[-150.78,-13],[-151.05,-12.78],[-150.91,-12.64],[-150.69,-12.88],[-150.78,-13]],[[-148.37,-12.98],[-148.2,-12.81],[-147.86,-12.99],[-148.11,-13.17],[-148.37,-12.98]],[[-140.3,-14.57],[-140.18,-14.72],[-139.74,-14.72],[-139.46,-15.34],[-139.39,-15.62],[-139.17,-15.8],[-139.27,-15.95],[-139.13,-16.22],[-138.96,-16.17],[-138.74,-16.39],[-138.47,-16.39],[-138.44,-16.6],[-138.17,-16.53],[-138.22,-16.82],[-138.01,-17.1],[-137.85,-17.17],[-137.75,-17.36],[-137.37,-17.34],[-137.33,-17.51],[-137.14,-17.74],[-136.86,-17.85],[-136.64,-17.83],[-136.61,-18.05],[-136.33,-17.92],[-136.2,-18.01],[-136.32,-18.21],[-135.96,-18.26],[-135.81,-18.39],[-135.62,-18.75],[-135.49,-18.58],[-135.33,-18.67],[-134.96,-18.64],[-134.76,-18.74],[-134.62,-18.56],[-133.99,-18.85],[-133.74,-18.85],[-133.6,-18.94],[-133.68,-19.12],[-133.32,-19.43],[-133.25,-19.71],[-133.48,-19.75],[-133.68,-19.67],[-133.94,-19.71],[-134.21,-19.43],[-134.46,-19.67],[-134.57,-19.6],[-134.58,-19.36],[-134.87,-19.43],[-135.29,-19.18],[-135.41,-19.27],[-135.85,-19.16],[-136.1,-19.18],[-136.15,-18.96],[-136.47,-18.88],[-137.02,-19.09],[-137.47,-19.13],[-137.36,-18.96],[-137.47,-18.75],[-137.65,-18.84],[-137.9,-18.8],[-137.68,-18.54],[-137.34,-18.57],[-137.48,-18.26],[-137.74,-18.09],[-138.45,-18.33],[-138.58,-18.53],[-138.76,-18.37],[-138.43,-18.17],[-138.8,-17.95],[-139.09,-17.92],[-139.27,-17.78],[-139.42,-17.39],[-139.58,-17.26],[-139.92,-17.25],[-140.03,-17.02],[-140.29,-17.08],[-140.48,-16.88],[-140.53,-16.66],[-140.66,-16.54],[-140.82,-16.63],[-141.24,-16.66],[-141.48,-16.57],[-141.43,-17.11],[-141.25,-17.28],[-141.29,-17.5],[-141.55,-17.9],[-141.68,-17.97],[-141.95,-17.81],[-142.05,-18.04],[-141.94,-18.38],[-141.13,-19.09],[-140.61,-18.98],[-140.44,-19.18],[-140.67,-19.3],[-140.87,-19.16],[-140.99,-19.49],[-141.38,-19.27],[-141.5,-19.04],[-141.88,-18.94],[-142.06,-18.62],[-142.25,-18.57],[-142.37,-18.26],[-142.52,-18.14],[-142.57,-17.87],[-142.83,-17.86],[-142.85,-17.66],[-143.28,-17.51],[-143.37,-17.76],[-143.59,-17.64],[-143.68,-17.46],[-143.97,-17.19],[-144.2,-17.41],[-144.66,-17.13],[-145.12,-17.07],[-145.26,-17.35],[-144.77,-17.86],[-144.23,-18.46],[-143.95,-18.84],[-144.06,-18.91],[-144.24,-18.65],[-144.47,-18.42],[-144.78,-18.24],[-145.06,-17.9],[-145.22,-17.86],[-145.54,-17.57],[-145.84,-17.38],[-146.43,-16.77],[-146.69,-16.7],[-146.95,-16.44],[-147.3,-16.38],[-147.54,-16.16],[-147.65,-15.7],[-147.89,-15.65],[-148.11,-15.5],[-148.45,-15.5],[-148.71,-15.21],[-149.18,-14.94],[-149.39,-14.61],[-149.46,-14.34],[-149.76,-14.41],[-149.76,-14.57],[-150.01,-14.61],[-150.14,-14.38],[-150.37,-14.39],[-150.51,-14.15],[-150.28,-14.12],[-150.22,-14],[-150.46,-13.8],[-150.09,-13.33],[-149.85,-13.74],[-149.63,-13.62],[-149.16,-13.69],[-149.13,-13.95],[-148.9,-14.08],[-148.73,-14.29],[-148.71,-14.53],[-148.37,-14.38],[-148.24,-14.17],[-147.98,-14.16],[-147.84,-14.34],[-147.5,-14.35],[-147.17,-14.26],[-146.84,-14.25],[-146.69,-14.4],[-146.38,-14.27],[-145.85,-14.21],[-145.27,-14.23],[-145.02,-14.15],[-144.24,-14.12],[-144.19,-14.45],[-144.08,-14.5],[-143.49,-14.28],[-143.52,-14.54],[-143.98,-14.71],[-143.86,-15.02],[-143.52,-15.16],[-143.66,-15.32],[-143.83,-15.24],[-144.34,-15.19],[-144.58,-15.1],[-144.92,-15.16],[-144.41,-15.74],[-143.93,-15.65],[-143.91,-15.9],[-143.62,-15.89],[-143.15,-15.7],[-142.98,-15.72],[-142.66,-15.61],[-142.48,-15.44],[-142.3,-15.43],[-142.23,-15.14],[-142.07,-14.82],[-141.92,-14.72],[-141.27,-14.7],[-140.79,-14.73],[-140.62,-14.81],[-140.3,-14.57]],[[-138.27,-19.91],[-138.07,-19.89],[-137.86,-20.13],[-137.96,-20.28],[-138.28,-20.08],[-138.27,-19.91]],[[-131.47,-20.07],[-131.88,-20.45],[-132.14,-20.38],[-131.84,-20.18],[-131.47,-20.07]],[[-137.81,-20.5],[-137.75,-20.72],[-138.08,-20.77],[-138.17,-20.62],[-137.81,-20.5]],[[-130.19,-20.88],[-129.63,-20.99],[-129.69,-21.14],[-130.11,-21.07],[-130.19,-20.88]],[[-136.26,-21.13],[-135.84,-21.29],[-135.53,-21.31],[-135.17,-21.45],[-135.07,-21.7],[-134.46,-21.86],[-134.34,-22.01],[-134.15,-21.96],[-134,-22.28],[-133.97,-22.61],[-133.65,-22.49],[-133.4,-22.51],[-133.38,-22.92],[-133.61,-22.82],[-134.01,-22.85],[-134.54,-22.51],[-134.78,-22.51],[-135.49,-22.06],[-135.68,-22.18],[-135.92,-22.03],[-136.17,-22.15],[-136.33,-22.1],[-136.93,-21.6],[-137.28,-21.7],[-137.35,-21.41],[-137.77,-21.04],[-137.85,-20.87],[-137.46,-20.76],[-137.3,-20.93],[-136.75,-20.9],[-136.58,-21.14],[-136.26,-21.13]],[[-134.72,-22.97],[-134.69,-23.21],[-134.88,-23.52],[-135.12,-23.35],[-135.28,-23.38],[-135.42,-23.12],[-134.95,-22.85],[-134.72,-22.97]],[[-134.43,-23.19],[-134.32,-23.47],[-134.17,-23.64],[-134.25,-23.77],[-134.5,-23.7],[-134.5,-23.49],[-134.65,-23.28],[-134.43,-23.19]],[[-146.74,-24],[-146.71,-24.28],[-146.9,-24.32],[-147.52,-24.26],[-147.84,-24.41],[-147.98,-24.2],[-147.75,-24.07],[-147.99,-23.88],[-147.96,-23.71],[-147.6,-23.69],[-147.42,-23.89],[-147.16,-23.98],[-147.07,-24.15],[-146.74,-24]],[[-148.32,-24.2],[-148.22,-24.32],[-148.32,-24.51],[-148.67,-24.63],[-148.75,-24.36],[-148.68,-24.25],[-148.32,-24.2]],[[-146.08,-24.46],[-145.79,-24.45],[-145.65,-24.62],[-145.75,-24.88],[-146.04,-25],[-146.19,-24.74],[-146.4,-24.52],[-146.08,-24.46]],[[-148.1,-25.01],[-148.2,-25.33],[-148.53,-25.28],[-148.52,-24.96],[-148.24,-24.81],[-148.1,-25.01]],[[-145.89,-25.23],[-145.69,-25.18],[-145.59,-25.37],[-145.73,-25.51],[-145.97,-25.34],[-145.89,-25.23]],[[-146.29,-25.38],[-146.41,-25.62],[-146.13,-25.98],[-145.94,-25.99],[-145.42,-26.23],[-145.51,-26.53],[-145.75,-26.57],[-145.81,-26.32],[-146.11,-26.26],[-146.34,-26.33],[-146.19,-26.57],[-146.28,-26.82],[-146.54,-26.89],[-146.53,-27.11],[-146.78,-27.14],[-146.95,-26.95],[-146.99,-26.74],[-147.17,-26.33],[-147.17,-25.94],[-146.9,-25.58],[-146.53,-25.4],[-146.29,-25.38]],[[-145.32,-26.58],[-145.19,-26.21],[-144.87,-26.34],[-144.94,-26.5],[-144.6,-26.49],[-144.47,-26.77],[-144,-26.8],[-143.83,-27.05],[-143.32,-27.04],[-143.1,-26.88],[-143.03,-27.1],[-142.63,-27.01],[-142.54,-27.12],[-142.59,-27.42],[-142.43,-27.86],[-141.98,-27.77],[-141.89,-27.91],[-142.12,-28.06],[-142.65,-28.16],[-142.3,-28.36],[-142.37,-28.55],[-142.72,-28.43],[-143.02,-28.2],[-143.28,-28.33],[-143.6,-28.3],[-144.03,-28.18],[-144.3,-27.83],[-144.92,-27.6],[-145.4,-27.68],[-145.8,-27.81],[-146.09,-27.6],[-145.86,-27.44],[-145.68,-27.55],[-145.55,-27.4],[-145.49,-27.14],[-145.19,-27.3],[-144.8,-27.27],[-144.44,-27.13],[-144.52,-26.82],[-144.91,-26.9],[-145.16,-26.81],[-145.46,-26.86],[-145.54,-26.71],[-145.32,-26.58]],[[-173.15,-28.58],[-173.23,-28.7],[-173.59,-28.74],[-173.64,-28.54],[-173.23,-28.45],[-173.15,-28.58]],[[-140.3,-28.82],[-140.06,-28.94],[-140.23,-29.11],[-140.42,-28.96],[-140.3,-28.82]],[[-174.08,-27.83],[-174.25,-27.83],[-174.44,-27.65],[-174.34,-27.36],[-174.06,-27.48],[-173.99,-27.64],[-174.08,-27.83]],[[-171.14,-27.34],[-171.07,-26.96],[-170.9,-26.87],[-170.86,-27.61],[-171.11,-27.65],[-171.14,-27.34]],[[-174.54,-26.86],[-174.82,-26.71],[-174.86,-26.34],[-174.75,-26.26],[-174.38,-26.69],[-174.54,-26.86]],[[-174.86,-26.08],[-175.1,-26.01],[-175.11,-25.84],[-174.84,-25.78],[-174.86,-26.08]],[[-146.08,-27.21],[-146.22,-27.11],[-146.25,-26.9],[-146.12,-26.79],[-146.16,-26.59],[-145.89,-26.54],[-145.83,-26.98],[-146.08,-27.21]],[[-149.22,-23.42],[-149.48,-23.55],[-149.69,-23.36],[-149.48,-23.18],[-149.27,-23.23],[-149.22,-23.42]],[[-150.54,-23.41],[-150.82,-23.47],[-150.76,-23.21],[-150.54,-23.41]],[[-137.33,-23.11],[-137.6,-22.99],[-137.36,-22.85],[-136.95,-23.01],[-137,-23.3],[-137.25,-23.3],[-137.33,-23.11]],[[-151.19,-22.94],[-151.43,-22.79],[-151.56,-22.44],[-151.49,-22.29],[-151.14,-22.29],[-150.83,-22.41],[-150.83,-22.61],[-151.07,-22.76],[-151.19,-22.94]],[[-152.95,-22.3],[-152.67,-22.52],[-152.65,-22.68],[-152.89,-22.76],[-153.17,-22.41],[-152.95,-22.3]],[[-138.76,-22.4],[-138.95,-22.29],[-138.93,-22.03],[-139.2,-22.03],[-139.25,-21.83],[-138.94,-21.62],[-138.5,-21.55],[-138.35,-21.68],[-138.03,-21.67],[-137.9,-21.48],[-137.49,-21.61],[-137.52,-21.74],[-137.83,-21.75],[-138,-21.87],[-138.35,-21.93],[-138.53,-21.89],[-138.55,-22.37],[-138.76,-22.4]],[[-157.91,-22.08],[-158.09,-22.01],[-158.01,-21.76],[-157.8,-21.78],[-157.72,-21.93],[-157.91,-22.08]],[[-154.85,-21.71],[-154.58,-21.67],[-154.6,-21.88],[-154.85,-21.86],[-154.85,-21.71]],[[-140.71,-21.48],[-140.39,-21.52],[-140.37,-21.73],[-140.7,-21.86],[-140.82,-21.74],[-140.71,-21.48]],[[-159.67,-21.41],[-159.94,-21.33],[-159.95,-21.12],[-159.62,-21.07],[-159.56,-21.21],[-159.67,-21.41]],[[-149.76,-20.59],[-149.79,-20.49],[-149.28,-20.26],[-149.25,-20.38],[-149.76,-20.59]],[[-167.61,-20],[-167.8,-20.15],[-167.97,-20.05],[-167.81,-19.85],[-167.61,-20]],[[-158.42,-19.95],[-158.45,-19.78],[-158.21,-19.66],[-158.01,-19.87],[-157.99,-20.09],[-158.35,-20.21],[-158.62,-20.22],[-158.68,-20.09],[-158.42,-19.95]],[[-169.38,-19.26],[-169.58,-19.39],[-169.72,-19.24],[-169.95,-19.26],[-170.11,-19.06],[-170.05,-18.92],[-169.76,-18.83],[-169.66,-19.1],[-169.38,-19.26]],[[-159.92,-19.03],[-159.95,-18.85],[-159.69,-18.69],[-159.6,-18.84],[-159.64,-19.07],[-159.92,-19.03]],[[-171.98,-18.71],[-172.25,-18.77],[-172.37,-18.59],[-172.16,-18.4],[-171.95,-18.52],[-171.98,-18.71]],[[-169.21,-18.68],[-169.32,-18.3],[-169.02,-18.22],[-168.88,-18.35],[-169.21,-18.68]],[[-168.4,-18.41],[-168.55,-18.19],[-168.32,-18.1],[-168.21,-18.19],[-168.4,-18.41]],[[-163.19,-18.2],[-163.55,-18.02],[-163.13,-17.83],[-162.98,-18.04],[-163.19,-18.2]],[[-150.82,-17.7],[-150.78,-17.54],[-150.51,-17.52],[-150.46,-17.66],[-150.72,-17.85],[-150.82,-17.7]],[[-150.26,-17.48],[-150.12,-17.15],[-149.79,-17.17],[-149.71,-16.94],[-149.52,-16.83],[-149.07,-17.38],[-148.91,-17.75],[-148.91,-17.94],[-149.18,-18.26],[-149.54,-18.24],[-149.71,-18.14],[-150.12,-18.18],[-150.4,-18.14],[-150.46,-18.03],[-149.89,-18.01],[-149.86,-17.8],[-150.26,-17.48]],[[-154.74,-16.71],[-154.89,-16.39],[-154.68,-16.31],[-154.46,-16.54],[-154.74,-16.71]],[[-151.93,-16.12],[-151.64,-16.16],[-151.31,-16.07],[-151.15,-16.28],[-151.14,-16.54],[-150.94,-16.53],[-150.8,-16.67],[-150.82,-16.93],[-151.13,-16.9],[-151.27,-17.09],[-151.56,-17.06],[-151.83,-16.86],[-152.06,-16.51],[-151.93,-16.12]],[[-153.55,-16.73],[-153.59,-17.08],[-153.81,-16.94],[-153.98,-16.97],[-154.12,-16.74],[-153.87,-16.66],[-153.55,-16.73]],[[-152.46,-16.63],[-152.74,-16.64],[-152.74,-16.37],[-152.5,-16.39],[-152.36,-16.28],[-152.09,-16.32],[-152.23,-16.61],[-152.46,-16.63]],[[-148.2,-17.81],[-148.07,-17.7],[-147.89,-17.87],[-148.12,-18.01],[-148.2,-17.81]],[[-152.29,-18.34],[-152.32,-18.54],[-152.02,-18.72],[-151.58,-18.89],[-151.38,-18.89],[-151.31,-19.2],[-151.44,-19.38],[-151.75,-19.28],[-151.81,-19.01],[-152.06,-19.02],[-152.54,-18.73],[-152.63,-18.41],[-152.29,-18.34]],[[-151.12,-19.39],[-151.14,-19.16],[-150.74,-19.1],[-150.72,-19.39],[-151.12,-19.39]],[[-148.7,-19.42],[-148.51,-19.36],[-148.39,-19.71],[-148.82,-19.66],[-148.7,-19.42]],[[-140.8,-19.67],[-140.83,-19.54],[-140.36,-19.41],[-140.18,-19.67],[-139.67,-19.84],[-139.49,-20.13],[-139.22,-20.16],[-139.03,-20.09],[-138.81,-20.22],[-138.61,-20.59],[-138.39,-20.65],[-138.28,-21.01],[-138.61,-21.04],[-138.86,-20.76],[-139.12,-20.91],[-139.31,-20.7],[-139.78,-20.48],[-139.78,-20.13],[-140.11,-20.09],[-140.4,-19.8],[-140.8,-19.67]],[[-139.26,-19.5],[-139.44,-19.34],[-139.37,-19.23],[-139.04,-19.05],[-138.64,-19.14],[-138.51,-19.37],[-138.61,-19.54],[-138.99,-19.27],[-139.11,-19.49],[-139.26,-19.5]],[[-143.35,-20.39],[-142.91,-20.59],[-142.92,-20.8],[-143.08,-20.86],[-143.69,-20.57],[-143.78,-20.18],[-143.65,-20.11],[-143.35,-20.39]],[[-157.59,-19.99],[-157.82,-19.97],[-157.93,-19.83],[-157.7,-19.69],[-157.54,-19.78],[-157.59,-19.99]],[[-145.14,-19.79],[-144.79,-19.73],[-144.85,-20.05],[-145.3,-20.02],[-145.14,-19.79]],[[-147.97,-20.09],[-148.3,-20.11],[-148.73,-20.03],[-148.64,-19.89],[-148.01,-19.97],[-147.97,-20.09]],[[-158.91,-19.09],[-158.78,-19.22],[-158.88,-19.39],[-159.13,-19.32],[-159.11,-19.14],[-158.91,-19.09]],[[-153.92,-18.49],[-154.18,-18.53],[-154.25,-18.22],[-153.99,-18.19],[-153.92,-18.49]],[[-153.2,-18.43],[-153.23,-18.23],[-152.92,-18.19],[-152.68,-18.06],[-152.57,-18.22],[-152.7,-18.35],[-153,-18.46],[-153.2,-18.43]],[[-153.87,-17.88],[-154.15,-18.02],[-154.28,-17.75],[-154.06,-17.7],[-153.87,-17.88]],[[-140.86,-18.96],[-141.06,-18.9],[-141.1,-18.39],[-141.4,-17.86],[-141.08,-17.88],[-140.84,-17.6],[-140.56,-17.51],[-140.47,-17.74],[-140.72,-17.99],[-140.57,-18.26],[-140.31,-18.45],[-140.43,-18.6],[-140.86,-18.62],[-140.86,-18.96]],[[-140.15,-18.23],[-140.26,-17.96],[-140.12,-17.91],[-139.83,-18.07],[-140.15,-18.23]],[[-139.94,-18.6],[-139.98,-18.36],[-139.47,-18.48],[-139.22,-18.38],[-139.04,-18.52],[-139.2,-18.69],[-139.38,-18.63],[-139.94,-18.6]],[[-139.01,-18.67],[-138.6,-18.65],[-138.46,-18.89],[-138.86,-18.95],[-139.01,-18.67]],[[-142.92,-17.91],[-143.1,-17.98],[-143.21,-17.79],[-143.04,-17.71],[-142.92,-17.91]],[[-148.3,-15.65],[-148.05,-15.83],[-148.21,-16],[-148.4,-15.89],[-148.3,-15.65]],[[-155.69,-15.91],[-156.09,-15.77],[-156,-15.54],[-155.62,-15.73],[-155.69,-15.91]],[[-153.86,-15.51],[-153.82,-15.3],[-153.49,-15.43],[-153.73,-15.57],[-153.86,-15.51]],[[-172.17,-15.09],[-172.34,-15.05],[-172.34,-14.83],[-172.16,-14.77],[-172.03,-14.98],[-172.17,-15.09]],[[-170.79,-14.82],[-170.55,-14.67],[-170.47,-14.84],[-170.57,-15.05],[-170.71,-15.07],[-170.79,-14.82]],[[-170.06,-14.66],[-170.32,-14.47],[-170.52,-14.42],[-170.66,-14.52],[-171.02,-14.47],[-171.32,-14.53],[-171.35,-14.37],[-171.62,-14.23],[-172.39,-14.19],[-172.42,-14.01],[-172.82,-14.06],[-172.92,-13.87],[-172.87,-13.72],[-173.01,-13.38],[-173.33,-13.24],[-173.46,-13.34],[-173.67,-13.32],[-173.65,-13.04],[-173.19,-13.04],[-172.9,-13.15],[-172.72,-13.32],[-172.49,-13.01],[-172.37,-13.11],[-172.06,-13.12],[-172,-13.35],[-171.55,-13.61],[-170.98,-14.13],[-170.49,-14.05],[-170.31,-14.16],[-170.21,-13.9],[-169.92,-13.99],[-169.63,-13.97],[-169.36,-14.04],[-169.25,-14.26],[-169.37,-14.39],[-169.63,-14.42],[-169.77,-14.7],[-170.06,-14.66]],[[-175.87,-13.37],[-175.95,-13.61],[-176.08,-13.64],[-176.4,-13.51],[-176.52,-13.21],[-176.49,-12.93],[-176.98,-12.9],[-177.06,-12.42],[-176.77,-12.04],[-175.99,-12.1],[-175.69,-11.97],[-175.57,-12.12],[-175.61,-12.31],[-175.79,-12.39],[-176.25,-12.34],[-176.5,-12.52],[-176.52,-12.67],[-176.31,-12.9],[-176.16,-12.94],[-175.87,-13.21],[-175.87,-13.37]],[[-174.96,-12.36],[-174.89,-12.14],[-174.65,-12],[-174.47,-11.99],[-174.38,-12.17],[-174.07,-12.12],[-173.81,-12.18],[-173.61,-12.42],[-174.11,-12.42],[-174.33,-12.71],[-174.5,-12.6],[-174.58,-12.36],[-174.78,-12.42],[-174.96,-12.36]],[[-175.4,-12.56],[-175.24,-12.68],[-175.24,-12.86],[-175.69,-13.09],[-175.81,-12.91],[-175.73,-12.72],[-175.58,-12.73],[-175.4,-12.56]],[[-174.76,-12.96],[-174.25,-12.91],[-174.08,-13.03],[-174.13,-13.23],[-174.5,-13.2],[-174.77,-13.35],[-174.9,-13.23],[-174.76,-12.96]],[[-154.66,-15.91],[-154.68,-15.77],[-154.5,-15.64],[-154.39,-15.9],[-154.66,-15.91]],[[-141.54,-13.98],[-141.43,-13.93],[-141.13,-14.04],[-140.99,-14.31],[-141.26,-14.3],[-141.53,-14.12],[-141.54,-13.98]],[[-142.41,-14.73],[-142.27,-14.78],[-142.37,-15.02],[-142.56,-14.84],[-142.41,-14.73]],[[-142.74,-14.81],[-142.69,-14.93],[-142.87,-15.19],[-143.24,-15.23],[-143.27,-15.03],[-142.96,-14.85],[-142.74,-14.81]],[[-176.63,-11.27],[-177.01,-11.24],[-177.12,-11.01],[-177,-10.91],[-176.77,-10.91],[-176.63,-11.27]],[[-166.05,-10.9],[-165.93,-10.73],[-165.69,-10.82],[-165.78,-11.02],[-166.05,-10.9]],[[-165.72,-11],[-165.52,-10.97],[-165.51,-11.2],[-165.77,-11.17],[-165.72,-11]],[[-165.65,-9.95],[-165.73,-9.8],[-165.45,-9.61],[-165.37,-9.82],[-165.65,-9.95]],[[-171.37,-9.59],[-171.49,-9.55],[-171.32,-9.22],[-171.14,-9.15],[-171.03,-9.33],[-171.1,-9.56],[-171.37,-9.59]],[[-171.87,-9.38],[-172.02,-9.23],[-171.95,-8.99],[-171.76,-8.94],[-171.63,-9.07],[-171.67,-9.33],[-171.87,-9.38]],[[-172.52,-8.37],[-172.34,-8.45],[-172.38,-8.69],[-172.53,-8.72],[-172.7,-8.47],[-172.52,-8.37]],[[-161.94,-8.25],[-162,-7.83],[-161.9,-7.18],[-161.69,-7.13],[-161.76,-7.99],[-161.62,-8.29],[-161.79,-8.48],[-161.94,-8.25]],[[-172.62,-8.22],[-172.82,-8.31],[-173,-8.23],[-172.97,-7.94],[-172.62,-8.22]],[[-162.62,-7.3],[-162.74,-7.13],[-162.62,-6.88],[-162.44,-6.94],[-162.44,-7.5],[-162.62,-7.3]],[[-151.36,-7.76],[-151.16,-7.82],[-151.14,-8.02],[-150.95,-8.19],[-151.03,-8.36],[-150.98,-8.59],[-151.25,-8.55],[-151.21,-8.34],[-151.42,-7.93],[-151.36,-7.76]],[[-157.73,-9.03],[-157.82,-9.22],[-158.11,-9.12],[-158.2,-8.85],[-158.02,-8.74],[-157.74,-8.85],[-157.73,-9.03]],[[-160.04,-9.37],[-159.89,-9.64],[-160.1,-9.68],[-160.17,-9.55],[-160.04,-9.37]],[[-150.19,-9.8],[-150.06,-9.88],[-150.15,-10.08],[-150.35,-10.01],[-150.19,-9.8]],[[-152.21,-10.12],[-152.4,-10.16],[-152.44,-9.97],[-152.25,-9.94],[-152.21,-10.12]],[[-160.94,-9.99],[-161.08,-10.16],[-161.22,-10.03],[-161.14,-9.85],[-160.94,-9.99]],[[-162.22,-8.81],[-162.12,-8.95],[-162.27,-9.09],[-162.41,-8.91],[-162.22,-8.81]],[[-162.12,-8.66],[-162.38,-8.59],[-162.32,-8.41],[-162.12,-8.5],[-162.12,-8.66]],[[-160.22,-8.65],[-160.24,-8.28],[-160.03,-8.35],[-160.03,-8.54],[-160.22,-8.65]],[[-149.63,-10.55],[-149.41,-10.49],[-149.28,-10.68],[-149.46,-10.88],[-149.63,-10.55]],[[-137.29,-10.77],[-137.03,-10.56],[-136.85,-10.71],[-137.29,-10.77]],[[-138.97,-10.8],[-139.15,-11.13],[-139.26,-10.95],[-138.97,-10.8]],[[-148.94,-11.25],[-148.92,-11.47],[-149.14,-11.46],[-149.22,-11.24],[-148.94,-11.25]],[[-172.3,-31.17],[-172.06,-31.23],[-172.02,-31.52],[-172.32,-31.54],[-172.51,-31.32],[-172.3,-31.17]],[[-170.5,-35.2],[-170.25,-35.3],[-170.07,-35.62],[-170.29,-35.7],[-170.54,-35.44],[-170.5,-35.2]],[[-169.56,-35.88],[-169.29,-35.85],[-169.34,-36.12],[-169.63,-36.33],[-169.74,-36.24],[-169.56,-35.88]],[[-166.54,-36.79],[-166.54,-37.15],[-166.81,-37.49],[-167.01,-37.44],[-166.63,-36.79],[-166.54,-36.79]],[[-168.9,-37.48],[-168.92,-37.82],[-169.17,-37.79],[-169.43,-37.56],[-169.46,-37.34],[-169.25,-37.32],[-168.9,-37.48]],[[-168.1,-37.87],[-168.07,-38.04],[-167.64,-38.18],[-167.49,-38.49],[-167.99,-38.9],[-168.31,-38.75],[-168.26,-38.16],[-168.46,-38.02],[-168.37,-37.84],[-168.1,-37.87]],[[-167.2,-39.31],[-167.76,-39.24],[-167.57,-38.96],[-167.24,-38.88],[-166.78,-38.96],[-166.82,-39.1],[-167.16,-39.09],[-167.2,-39.31]],[[-166.44,-39.71],[-166.27,-39.6],[-165.98,-39.73],[-165.7,-40],[-166.1,-40.17],[-166.44,-39.71]],[[-177.41,-39.17],[-177.57,-38.94],[-177.28,-38.86],[-177.23,-39.07],[-177.41,-39.17]],[[-169.72,-37.17],[-169.94,-36.89],[-169.8,-36.74],[-169.56,-36.84],[-169.72,-37.17]],[[-165.73,-40.32],[-164.9,-40.77],[-164.75,-41.01],[-165.15,-41.05],[-165.28,-40.86],[-165.53,-40.97],[-165.6,-40.61],[-165.96,-40.7],[-165.99,-40.54],[-165.73,-40.32]],[[-164.49,-41.1],[-164.21,-41.18],[-163.99,-41.4],[-164,-41.58],[-164.44,-41.57],[-164.59,-41.19],[-164.49,-41.1]],[[-163.6,-41.72],[-163.49,-41.85],[-163.69,-42.05],[-163.87,-42],[-163.79,-41.77],[-163.6,-41.72]],[[-163.03,-42.2],[-162.76,-42.09],[-162.67,-42.24],[-162.79,-42.44],[-163.03,-42.2]],[[-168.85,-42.22],[-168.43,-42.29],[-168.17,-42.44],[-168.31,-42.77],[-168.68,-42.92],[-168.88,-42.79],[-169.27,-42.78],[-169.46,-42.57],[-169.33,-42.28],[-168.85,-42.22]],[[-168.95,-42.93],[-168.93,-43.18],[-169.25,-43.07],[-168.95,-42.93]],[[-161.59,-43.69],[-161.62,-43.42],[-161.19,-43.4],[-160.97,-43.78],[-161.59,-43.69]],[[-160.69,-44.11],[-160.78,-43.85],[-160.58,-43.82],[-160.49,-44.06],[-160.69,-44.11]],[[-155.38,-45.02],[-155.14,-45.01],[-155.14,-45.28],[-155.4,-45.22],[-155.38,-45.02]],[[-157.41,-45.17],[-157.28,-45.4],[-157.65,-45.65],[-157.86,-45.63],[-157.92,-45.4],[-157.64,-45.16],[-157.41,-45.17]],[[-154.45,-46.04],[-154.2,-45.97],[-154.13,-46.2],[-154.33,-46.25],[-154.45,-46.04]],[[-155.83,-46.06],[-155.69,-46.21],[-155.99,-46.34],[-156.06,-46.09],[-155.83,-46.06]],[[-176.92,-49.35],[-176.24,-49.36],[-176.13,-49.54],[-175.77,-49.81],[-175.79,-50.17],[-176.38,-50.45],[-177.22,-50.62],[-177.57,-50.53],[-177.43,-50.35],[-177.63,-49.97],[-177.4,-49.38],[-176.92,-49.35]]]},"properties":{"scalerank":0,"featurecla":"Bathymetry","depth":3000}},
{"type":"Feature","geometry":null,"properties":{"scalerank":0,"featurecla":"Bathymetry","depth":3000}},
{"type":"Feature","geometry":{"type":"Polygon","coordinates":[[[-39.97,33.71],[-39.97,33.69],[-39.96,33.69],[-39.97,33.71]]]},"properties":{"scalerank":0,"featurecla":"Bathymetry","depth":3000}},
{"type":"Feature","geometry":null,"properties":{"scalerank":0,"featurecla":"Bathymetry","depth":3000}},
{"type":"Feature","geometry":null,"properties":{"scalerank":0,"featurecla":"Bathymetry","depth":3000}},
{"type":"Feature","geometry":{"type":"Polygon","coordinates":[[[-36.93,58.95],[-36.77,59.22],[-36.36,59.28],[-35.88,59.24],[-35.67,59.47],[-36.04,59.6],[-36,59.77],[-35.32,59.96],[-35.45,60.12],[-35.91,60.23],[-35.79,60.48],[-36.32,60.37],[-37.13,60.53],[-37.22,60.38],[-38.23,60.15],[-38.15,59.89],[-38.37,59.6],[-38.97,59.3],[-39.32,59.37],[-40.06,58.93],[-40.74,58.82],[-41.22,58.6],[-41.69,58.54],[-42.07,58.22],[-43.01,58.25],[-43.82,58.08],[-44.47,57.82],[-45.41,57.62],[-46.01,57.65],[-46.49,57.51],[-47.26,57.45],[-47.39,57.63],[-46.56,57.94],[-46.47,58.17],[-47.53,58.43],[-47.56,58.82],[-47.35,58.95],[-47.63,59.29],[-47.43,59.48],[-47.87,59.6],[-48.07,59.78],[-47.86,60],[-48.62,59.88],[-49.9,60.1],[-50.19,60.09],[-50.4,60.44],[-50.74,60.67],[-50.82,60.98],[-51.49,61.12],[-52.44,61.56],[-53.09,61.56],[-53.29,61.3],[-53.81,61.18],[-54.17,61],[-54.74,60.88],[-55.25,60.5],[-56.06,60.62],[-56.53,60.47],[-57.09,60.53],[-57.07,60.36],[-56.42,60.11],[-56.54,59.83],[-56.91,59.8],[-57.13,59.58],[-56.83,59.51],[-56.83,59.21],[-57.24,59.09],[-57.45,58.91],[-56.91,58.83],[-56.77,58.34],[-57.11,58.16],[-56.91,58.02],[-56.38,58.08],[-56.47,57.74],[-55.92,57.69],[-55.56,57.53],[-55.36,56.91],[-55.15,56.73],[-55.01,56.35],[-55.11,56.21],[-54.77,55.96],[-53.94,55.88],[-53.84,55.7],[-53.32,55.75],[-53.27,55.49],[-52.97,55.25],[-51.74,55.2],[-51.14,55.26],[-51.01,55.15],[-51.17,54.85],[-51.02,54.41],[-51.37,54.27],[-51.23,53.97],[-50.95,53.74],[-50.95,53.38],[-50.62,53.03],[-50.43,53],[-50.06,52.74],[-49.7,52.36],[-49.26,51.76],[-48.92,51.53],[-48.29,51.26],[-47.96,51.02],[-47.28,51.01],[-47.02,50.83],[-46.74,51.06],[-46.65,51.39],[-46.44,51.46],[-46.31,51.09],[-46.03,50.99],[-46.07,50.82],[-45.79,50.57],[-45.73,50.26],[-45.46,50.09],[-45.49,49.87],[-46.17,50.01],[-46.68,49.97],[-46.38,49.31],[-45.82,49.32],[-45.31,49.51],[-44.86,49.54],[-44.31,49.31],[-43.56,48.74],[-43.54,48.43],[-43.19,48.18],[-43.24,48.02],[-43.13,47.75],[-43.09,47.36],[-43.29,47.29],[-43.09,46.92],[-43.16,46.8],[-44.17,46.49],[-44.57,46.19],[-44.84,46.18],[-45.63,45.9],[-45.95,45.87],[-46.17,45.63],[-47.14,45.25],[-47.38,45.24],[-47.47,45.01],[-48.02,44.98],[-48.08,44.79],[-48.43,44.52],[-48.43,44.23],[-48.58,43.85],[-48.49,43.6],[-48.29,43.51],[-48.24,43.13],[-48.36,42.91],[-48.7,42.66],[-48.86,42.43],[-49.36,42.27],[-49.63,42.41],[-49.92,42.43],[-50.4,42.19],[-50.56,42.22],[-51.15,42.08],[-51.41,42.12],[-51.44,42.33],[-51.76,42.56],[-52.21,42.75],[-52.67,43.27],[-53.02,43.2],[-53.09,43.32],[-53.57,43.54],[-53.64,43.78],[-53.89,43.97],[-54.36,43.87],[-54.78,44.12],[-55.56,44.25],[-56.38,43.73],[-56.71,43.9],[-57.06,43.82],[-57.27,43.92],[-57.66,43.64],[-58.06,43.72],[-58.23,43.5],[-58.51,43.55],[-58.79,43.26],[-59.03,43.27],[-59.34,43.07],[-59.83,42.84],[-60.74,42.72],[-61.1,42.6],[-61.37,42.41],[-61.55,42.41],[-62.26,42.07],[-64.06,41.63],[-64.96,41.41],[-66.11,40.63],[-66.17,40.35],[-66.34,40.31],[-66.67,40.05],[-66.98,40],[-67.42,39.77],[-67.69,39.79],[-67.82,39.61],[-68.32,39.4],[-69.23,39.13],[-70.51,38.54],[-70.82,38.57],[-71.1,38.25],[-71.3,38.23],[-71.97,38.03],[-72.17,38.15],[-72.4,38.09],[-72.33,37.77],[-72.57,37.35],[-72.87,37.28],[-73.07,37.03],[-73.45,36.78],[-73.54,36.48],[-73.78,36.14],[-73.89,35.63],[-74.27,35.16],[-74.83,34.78],[-75.02,34.45],[-75.31,34.32],[-75.36,33.98],[-75.63,33.76],[-75.77,33.29],[-75.77,32.54],[-75.54,32.14],[-75.18,31.77],[-75.22,31.61],[-75.58,31.68],[-76.18,31.37],[-76.49,31.1],[-76.7,30.7],[-76.8,30.31],[-76.59,30.2],[-76.27,30.26],[-76.06,30.16],[-76.14,29.92],[-76.6,29.64],[-76.73,29.32],[-76.51,27.39],[-76.66,27.09],[-76.58,26.73],[-76.83,26.28],[-77.03,26.04],[-76.98,25.82],[-76.52,25.74],[-76.38,25.55],[-76,25.26],[-75.96,24.84],[-75.51,24.8],[-75.41,24.57],[-75.24,24.46],[-75.08,24.14],[-74.92,23.97],[-74.7,24],[-74.57,24.38],[-74.33,24.42],[-74.28,24.07],[-74.3,23.66],[-74.16,23.47],[-74.14,23.16],[-73.93,23.26],[-73.52,23.21],[-73.42,22.98],[-73.29,22.99],[-73.2,22.73],[-72.51,22.49],[-72.55,22.25],[-72.84,21.96],[-72.58,21.87],[-72.36,22.06],[-71.83,22.15],[-71.17,21.75],[-70.87,21.67],[-70.75,21.22],[-70.61,21.4],[-70.36,21.18],[-70.32,20.87],[-70.37,20.42],[-70.84,20.61],[-71.2,20.52],[-71.33,20.58],[-71.64,20.47],[-71.81,20.78],[-71.97,20.84],[-72.06,21.03],[-72.36,21.25],[-72.54,21.51],[-72.8,21.32],[-72.79,21.1],[-72.67,20.84],[-72.9,20.54],[-73.27,20.59],[-73.49,20.43],[-72.84,20.45],[-72.6,20.4],[-72.41,20.26],[-71.95,20.28],[-71.76,20.35],[-71.18,20.16],[-70.52,20.11],[-70.05,19.89],[-70.03,20.21],[-70.24,20.45],[-70.11,20.62],[-70.11,21.01],[-69.86,21.04],[-69.5,20.8],[-69.33,20.77],[-68.98,20.5],[-69.35,19.85],[-69.54,20.03],[-69.75,19.82],[-69.59,19.64],[-69.33,19.68],[-69.12,19.51],[-68.81,19.5],[-68.54,19.29],[-68.4,19.09],[-68.06,19.13],[-67.57,19.26],[-67.53,18.98],[-67.32,18.89],[-66.98,18.96],[-66.66,18.87],[-66,18.98],[-65.48,18.94],[-65.05,19.06],[-64.18,19.03],[-63.86,19.09],[-63.8,18.77],[-62.7,18.75],[-62.54,18.56],[-62.29,18.51],[-62.2,18.28],[-62.31,18.15],[-61.87,18.1],[-61.63,18.14],[-61.28,17.49],[-61.13,17.5],[-61.09,17.25],[-60.95,17.04],[-61.16,16.54],[-61.09,16.48],[-60.74,16.57],[-60.57,16.46],[-60.53,16.2],[-60.38,15.84],[-60.38,15.52],[-60.47,15.39],[-60.28,15.05],[-60.24,14.84],[-60.02,14.54],[-59.72,14.43],[-59.6,14.1],[-59.45,13.95],[-58.46,13.87],[-58.43,13.72],[-58.22,13.61],[-58.13,13.39],[-58.11,13.1],[-57.84,12.83],[-57.77,12.67],[-57.79,12.38],[-57.72,11.54],[-57.82,11.16],[-57.79,10.78],[-58.03,10.44],[-58.13,10.08],[-57.85,9.71],[-57.52,9.43],[-57.13,9.31],[-56.95,8.99],[-56.56,8.87],[-56.29,8.67],[-56.21,8.52],[-55.97,8.71],[-55.55,8.59],[-55.21,8.76],[-54.98,8.71],[-54.77,9.02],[-54.77,9.29],[-54.63,9.52],[-54.51,9.56],[-54.05,9.42],[-53.87,9.27],[-53.63,8.9],[-53.4,8.83],[-52.99,8.62],[-52.44,8.21],[-52.27,7.99],[-52.06,7.56],[-52.04,7.28],[-52.14,7.08],[-51.85,6.93],[-51.75,6.52],[-51.43,6.5],[-51.32,6.35],[-51.02,6.26],[-50.5,5.74],[-50.18,5.52],[-49.86,5.14],[-49.63,5.16],[-49.1,5.4],[-48.78,5.34],[-48.34,5.04],[-48.22,5.06],[-46.74,5.21],[-45.76,5.31],[-43.79,5.51],[-41.83,5.71],[-39.86,5.91],[-37.9,6.11],[-35.93,6.31],[-35.23,8.02],[-34.53,9.73],[-33.56,9.91],[-31.61,10.26],[-29.66,10.61],[-27.72,10.95],[-25.77,11.3],[-23.82,11.65],[-21.87,12],[-19.92,12.35],[-17.98,12.7],[-17.93,13.03],[-17.95,13.34],[-18.12,13.86],[-18.44,14.15],[-18.54,14.32],[-18.55,14.97],[-18.64,15.39],[-18.37,15.66],[-18.28,16.11],[-18.17,16.34],[-18.29,16.56],[-18.26,17.23],[-18.12,17.72],[-18.32,17.82],[-18.77,18.37],[-18.96,18.77],[-19.03,19.15],[-19.01,19.39],[-19.08,19.74],[-18.96,20.11],[-19.01,20.26],[-18.87,20.73],[-18.9,21.17],[-18.78,21.31],[-18.78,21.6],[-18.62,21.82],[-18.62,22.09],[-18.71,22.32],[-18.5,22.54],[-18.36,22.56],[-18.4,22.86],[-18.53,23.1],[-18.48,23.23],[-18.65,23.62],[-18.63,23.77],[-18.77,24.04],[-18.99,24.13],[-19.12,24.37],[-19.13,24.65],[-18.81,24.79],[-18.91,25.25],[-18.66,25.1],[-18.47,25.13],[-18.19,25.32],[-18.05,25.13],[-17.74,25.3],[-17.66,25.07],[-17.3,25.21],[-17.18,25.32],[-16.87,25.4],[-16.71,25.62],[-16.54,25.67],[-16.34,25.9],[-16.26,26.11],[-15.78,26.41],[-15.38,26.71],[-15.2,26.95],[-15.43,27.26],[-15.56,27.24],[-15.96,27.4],[-16.07,27.76],[-16.73,27.72],[-16.87,27.84],[-17.35,27.83],[-17.68,28.02],[-17.72,28.19],[-18.22,28.49],[-18.24,28.78],[-18.14,28.99],[-17.96,29.1],[-17.59,29.02],[-17.31,28.63],[-16.87,28.7],[-16.48,28.85],[-16.06,28.83],[-15.89,28.63],[-15.89,28.36],[-15.62,28.41],[-15.33,28.35],[-15.02,28.37],[-14.58,28.57],[-14.57,28.82],[-14.44,29.03],[-14.23,29],[-13.99,29.3],[-13.97,29.45],[-13.63,29.92],[-13.99,30.26],[-14.34,30.24],[-14.68,30.05],[-14.89,30.3],[-14.62,30.55],[-14.17,30.83],[-14.11,31.18],[-13.61,31.42],[-13.49,31.42],[-13.1,31.06],[-12.61,31.41],[-12.19,31.25],[-12.14,31.65],[-11.99,31.81],[-11.64,31.84],[-11.35,32.09],[-11.02,32.11],[-10.81,32.27],[-10.34,32.42],[-10.28,32.62],[-9.66,33.28],[-9.61,33.5],[-8.76,34.13],[-8.48,34.23],[-8.5,34.43],[-8.19,34.64],[-8.33,34.72],[-8.45,35],[-8.67,35.07],[-8.69,35.23],[-8.89,35.32],[-8.76,35.92],[-8.67,36.09],[-8.97,36.21],[-9.2,36.45],[-9.5,36.53],[-9.71,36.74],[-10.06,36.71],[-10.06,36.98],[-9.78,37.12],[-9.78,37.52],[-10.16,37.43],[-10.22,37.61],[-10.11,37.98],[-9.89,38.11],[-10.05,38.26],[-10.01,38.5],[-10.3,38.61],[-10.5,38.83],[-10.79,38.82],[-10.93,38.97],[-10.93,39.18],[-10.67,39.43],[-10.31,39.57],[-10.04,39.89],[-10.08,40.16],[-9.95,40.37],[-10.17,40.77],[-9.77,40.9],[-9.66,41.35],[-9.92,41.51],[-10.25,41.83],[-10.58,41.78],[-10.81,41.59],[-10.99,41.59],[-11.32,41.37],[-11.44,41.46],[-11.43,41.19],[-11.63,41.12],[-11.74,41.43],[-11.73,41.65],[-11.55,41.84],[-12.01,42.22],[-12.21,42.65],[-12.17,42.82],[-12.53,42.91],[-12.41,43.11],[-12.02,43.37],[-11.69,43.44],[-11.31,43.43],[-11.03,43.35],[-10.69,42.98],[-10.34,42.84],[-9.97,43.08],[-10.34,43.58],[-10.06,43.58],[-10.09,43.83],[-9.62,43.99],[-9.33,43.96],[-9.32,44.31],[-9.07,44.41],[-8.31,44.36],[-8.02,44.26],[-7.61,44.23],[-7.37,44.29],[-6.86,44.26],[-6.56,44.12],[-6.15,44.09],[-5.91,44.19],[-5.59,44.16],[-5.25,44.25],[-4.13,44.28],[-3.83,44.33],[-3.56,44.12],[-3.29,44.38],[-3.34,44.65],[-2.95,44.82],[-3.51,45.01],[-3.51,45.4],[-4.03,45.5],[-4.34,45.98],[-4.78,46.02],[-4.99,46.33],[-5.22,46.33],[-5.59,46.7],[-6,47.01],[-6.37,46.97],[-6.5,47.11],[-6.94,47.3],[-7.13,47.3],[-7.26,47.29],[-7.53,47.45],[-7.88,47.55],[-8.26,47.21],[-8.93,47.4],[-9.15,47.56],[-9.05,47.95],[-9.67,47.86],[-9.85,47.94],[-10.26,48.29],[-10.39,47.98],[-10.64,47.93],[-10.85,48.17],[-11.07,48.23],[-11.45,48.53],[-11.69,48.36],[-12.48,48.14],[-12.74,48.63],[-13.2,49.13],[-13.27,49.32],[-13.67,49.6],[-13.71,49.75],[-13.59,50.12],[-13.7,50.42],[-13.95,50.3],[-14.38,50.42],[-14.8,50.67],[-15.15,50.99],[-15.26,51.56],[-15.52,51.74],[-15.67,52.03],[-15.44,52.84],[-15.51,53.24],[-15.32,53.58],[-15.07,53.81],[-15.55,53.83],[-15.79,53.65],[-16.63,53.3],[-17.06,53.23],[-17.78,53.26],[-18.13,53.2],[-18.34,52.99],[-18.79,52.92],[-19.22,52.75],[-19.46,52.56],[-20.21,52.36],[-20.41,52.46],[-20.5,52.77],[-21.1,53.07],[-21.35,53.54],[-21.24,53.8],[-21.5,54.2],[-21.47,54.4],[-21.06,54.64],[-21.24,54.89],[-21.85,55.01],[-22.53,55.08],[-23.18,54.73],[-24.13,54.63],[-24.53,54.38],[-25.19,54.16],[-25.84,54.24],[-25.93,54.43],[-25.64,54.66],[-25.34,55.18],[-25.27,55.44],[-25,55.5],[-24.88,55.79],[-24.65,56.02],[-24.02,56.35],[-23.28,56.66],[-22.38,57.16],[-22.34,57.34],[-21.79,57.72],[-21.66,57.92],[-21.96,58.01],[-22.18,57.73],[-22.66,57.81],[-23.27,57.72],[-23.33,57.58],[-23.8,57.28],[-23.97,56.85],[-24.87,56.88],[-25.22,56.82],[-26.06,56.35],[-26.21,56.38],[-26.65,56.11],[-26.56,55.74],[-27.58,55.39],[-27.6,55.2],[-27.95,54.98],[-27.72,54.84],[-27.58,54.43],[-27.81,54.28],[-28.52,54.31],[-28.91,54.15],[-28.8,54.65],[-28.82,54.86],[-28.56,55.03],[-28.69,55.16],[-28.69,55.51],[-29.8,55.47],[-29.72,55.26],[-29.97,54.84],[-30.32,54.53],[-30.75,54.53],[-30.91,54.1],[-30.55,53.95],[-30.67,53.81],[-31.25,53.91],[-31,53.57],[-31.88,53.05],[-32.12,52.85],[-32.68,52.71],[-32.8,52.85],[-33.5,52.75],[-34.37,52.8],[-34.71,52.62],[-34.7,52.46],[-35.81,52.44],[-36.12,52.62],[-35.87,52.87],[-36.41,52.89],[-36.99,53],[-37.1,53.21],[-37.45,53.14],[-38.21,53.21],[-38.48,53.32],[-38.57,53.88],[-38.88,53.88],[-39.15,54.18],[-39.41,54.14],[-39.76,54.48],[-39.58,54.79],[-39.48,55.14],[-38.83,55.12],[-38.86,55.3],[-38.54,55.37],[-38.66,55.78],[-38.21,55.85],[-38.49,56.03],[-38.15,56.45],[-38.83,56.38],[-40.03,56.18],[-40.77,56.16],[-40.24,56.47],[-40.08,56.69],[-39.8,56.73],[-39.72,56.5],[-39.29,56.52],[-38.86,56.7],[-38.65,56.88],[-38.51,57.21],[-37.19,57.39],[-37.78,57.7],[-36.71,57.9],[-38.32,57.93],[-38.55,58],[-37.97,58.25],[-37.52,58.18],[-36.96,58.44],[-36.93,58.63],[-37.3,58.92],[-36.93,58.95]],[[-39.19,57.58],[-38.36,57.57],[-38.43,57.28],[-39.08,57.35],[-39.19,57.58]],[[-39.65,55.44],[-40.37,55.25],[-40.45,55.42],[-40.98,55.5],[-41,55.65],[-40.53,55.75],[-40.2,55.56],[-39.65,55.44]],[[-39.86,55.01],[-39.61,54.96],[-39.64,54.73],[-39.87,54.71],[-39.86,55.01]],[[-40.05,54.95],[-39.79,54.53],[-40.18,54.56],[-40.26,54.9],[-40.05,54.95]],[[-40.22,52.66],[-40.24,52.44],[-40.6,52.42],[-40.59,52.66],[-40.22,52.66]],[[-34.24,52.42],[-33.89,52.58],[-33.75,52.38],[-34.24,52.42]],[[-31.92,52.59],[-31.99,52.31],[-32.36,52.37],[-32.29,52.56],[-31.92,52.59]],[[-37.54,33.03],[-37.6,32.85],[-37.95,32.93],[-38.21,32.9],[-38.35,32.59],[-38.7,32.53],[-38.76,32.64],[-39.62,32.21],[-39.5,31.95],[-39.71,31.85],[-39.77,31.54],[-39.51,31.5],[-39.82,31.07],[-40.12,30.95],[-40.22,31.13],[-40.53,30.74],[-39.84,30.65],[-39.88,30.39],[-40.13,30.55],[-40.53,30.46],[-40.92,30.53],[-41.4,30.12],[-42.07,30.07],[-42.99,30.22],[-43.2,30.4],[-43.39,30.45],[-43.25,30.67],[-42.98,30.46],[-42.55,30.62],[-42.94,30.79],[-42.96,31.07],[-42.44,30.82],[-42.3,30.96],[-42.19,31.24],[-41.99,31.4],[-41.91,31.72],[-41.74,31.81],[-41.8,32.01],[-41.59,32.17],[-41.17,32.23],[-40.98,32.43],[-41.13,32.72],[-40.77,32.77],[-40.61,32.98],[-40.48,33.36],[-40.23,33.38],[-40.34,33.74],[-40.17,33.84],[-39.97,33.71],[-39.41,33.8],[-39.31,33.95],[-38.88,34.12],[-38.87,34.3],[-38.63,34.56],[-38.31,34.54],[-38.46,34.88],[-38.18,34.93],[-37.91,35.41],[-37.54,35.46],[-36.87,35.33],[-36.82,35.55],[-36.57,35.75],[-36.65,35.99],[-36.82,36.14],[-36.51,36.42],[-36.31,36.79],[-36.02,36.79],[-35.54,36.99],[-35.98,37.04],[-36.11,37.39],[-35.15,37.52],[-34.99,37.58],[-34.88,37.9],[-34.68,38.06],[-34.27,38],[-34.07,38.2],[-34.64,38.27],[-34.59,38.48],[-34.27,38.52],[-33.98,38.45],[-34.11,38.9],[-33.33,39.25],[-33.54,39.39],[-33.27,39.57],[-33.29,39.97],[-33.05,39.98],[-32.91,40.62],[-32.56,40.6],[-32.36,41.08],[-32.71,41.21],[-32.81,41.36],[-32.55,41.94],[-32.67,42.08],[-32.42,42.31],[-32.15,42.23],[-31.98,42.46],[-31.32,42.7],[-31.22,42.86],[-31.22,43.18],[-30.69,43.62],[-31.01,43.86],[-31.39,43.98],[-30.88,44.46],[-31.18,44.69],[-30.95,45.29],[-30.54,45.11],[-29.98,45.1],[-29.99,45.3],[-29.72,45.39],[-29.5,45.89],[-28.71,45.91],[-28.97,46.29],[-28.87,46.56],[-28.47,46.29],[-28.37,46.54],[-28.17,46.57],[-28.3,46.93],[-28.45,47.07],[-28.32,47.49],[-28.58,47.88],[-28.71,47.87],[-29.09,48.1],[-29.57,48.22],[-29.85,48.17],[-29.92,48.34],[-29.34,48.35],[-29.05,48.5],[-29.11,48.86],[-29.27,49.15],[-29.58,49.16],[-29.69,49.29],[-29.39,49.56],[-29.16,49.26],[-28.96,49.49],[-29.33,49.61],[-29.52,49.76],[-30.12,49.63],[-30.45,49.85],[-30.16,50.16],[-30.55,50.3],[-30.67,50.42],[-30.39,50.86],[-30.53,51.22],[-31.11,51.14],[-31.54,51.23],[-31.56,51.34],[-31.22,51.5],[-31.51,51.79],[-31.94,51.73],[-31.99,51.89],[-31.61,52.31],[-31.57,52.5],[-31.08,52.51],[-30.94,52.4],[-30.02,52.25],[-30.11,52.05],[-29.09,51.86],[-28.51,51.72],[-28.67,51.4],[-29.11,51.42],[-29.22,51.2],[-28.8,51.24],[-28.41,51.08],[-28.42,50.65],[-28.75,50.37],[-28.91,50.49],[-29.42,50.52],[-29.48,50.66],[-29.95,51],[-30.05,50.84],[-29.84,50.7],[-29.9,50.43],[-29.57,50.44],[-29.03,50.24],[-28.42,50.35],[-28.18,50.26],[-27.6,50.29],[-27.35,50.11],[-27.98,49.92],[-27.72,49.73],[-27.16,49.67],[-26.91,49.25],[-27.26,48.97],[-26.85,48.86],[-26.48,48.39],[-26.44,48.17],[-26.16,48.1],[-26.43,47.86],[-26.12,47.46],[-25.89,47.32],[-26.04,46.7],[-25.75,46.52],[-25.57,46.12],[-25.32,46.17],[-25.5,46.8],[-25.3,46.73],[-25.22,46.37],[-25.05,46],[-25.13,45.64],[-25.53,45.34],[-25.28,44.79],[-25.05,44.9],[-25.32,45.09],[-25.2,45.36],[-24.74,45.43],[-24.56,45.29],[-24.72,44.92],[-24.68,44.66],[-25.09,44.4],[-25.17,44.04],[-25.44,44.17],[-25.34,44.4],[-25.61,44.41],[-25.8,44.28],[-25.68,43.95],[-25.76,43.61],[-25.42,43.27],[-25.51,43.16],[-25.91,43.27],[-26,43.41],[-26.52,43.13],[-26.76,43.18],[-26.85,42.85],[-27.01,42.76],[-27.19,42.36],[-27,42.22],[-26.52,42.13],[-26.72,41.58],[-26.55,41.62],[-26.52,41.89],[-26.28,41.98],[-26.18,42.17],[-25.94,42.11],[-25.96,41.7],[-26.21,41.51],[-26.33,41.16],[-25.99,41.14],[-26.06,40.84],[-25.68,40.57],[-25.38,40.68],[-25.27,40.58],[-25.36,40.35],[-25.66,40.18],[-25.77,39.9],[-25.77,39.65],[-25.96,39.5],[-25.56,39.19],[-25.38,38.87],[-25.18,38.86],[-25.13,38.32],[-24.66,38.2],[-24.14,37.87],[-23.85,37.6],[-24.19,37.1],[-24.53,36.99],[-24.54,36.72],[-24.99,36.6],[-25.25,36.67],[-25.71,36.43],[-26.08,36.41],[-26.41,36.5],[-26.94,36.5],[-26.81,36.65],[-26.05,36.65],[-25.86,36.72],[-25.94,36.94],[-26.26,36.93],[-26.45,36.77],[-27.48,36.84],[-27.66,36.91],[-27.94,36.86],[-28.32,36.94],[-28.75,36.9],[-29.93,37.1],[-30.28,36.49],[-30.74,36.3],[-30.49,36.08],[-30.89,35.9],[-30.93,35.74],[-30.8,35.49],[-31.09,35.47],[-31.68,35.26],[-31.91,34.91],[-31.87,34.73],[-32.67,34.76],[-32.86,34.88],[-33.01,34.78],[-33.59,34.85],[-33.79,34.94],[-33.82,34.54],[-34,34.44],[-34.04,34.23],[-34.6,34.2],[-34.94,34.27],[-35.22,34.21],[-35.41,34.29],[-35.7,34.22],[-35.52,33.86],[-35.54,33.65],[-35.76,33.6],[-36.46,33.67],[-36.79,33.6],[-36.86,33.35],[-36.6,33.31],[-36.62,33.14],[-37.33,33.11],[-37.54,33.03]],[[-35.66,32.91],[-36,32.96],[-36.38,33.1],[-36.19,33.21],[-35.93,33.1],[-35.76,33.14],[-35.66,32.91]],[[-30.12,33.14],[-30.44,33.2],[-30.28,33.42],[-30.72,33.98],[-31.01,33.83],[-31.25,34.24],[-31.49,34.39],[-31.56,34.73],[-31.32,34.85],[-31.01,34.7],[-30.91,34.92],[-30.7,34.92],[-30.24,34.6],[-29.98,34.61],[-29.85,34.46],[-29.89,34.21],[-29.69,34.04],[-29.92,33.92],[-29.95,33.74],[-29.49,33.66],[-29.25,33.4],[-28.8,33.5],[-28.83,33.89],[-28.51,34.14],[-28.04,34.18],[-28.15,34],[-27.97,33.75],[-28.19,33.62],[-28.24,33.37],[-28.06,33.31],[-28.06,33.07],[-28.3,32.9],[-28.56,33.12],[-28.73,33.05],[-29.35,33.07],[-29.59,32.96],[-30.12,33.14]],[[-35.1,33.79],[-35.03,34.07],[-34.77,34.09],[-34.79,33.82],[-35.1,33.79]],[[-31.06,34.92],[-31.33,34.88],[-31.3,35.14],[-30.92,35.12],[-31.06,34.92]],[[-30.43,35.18],[-30.56,35.31],[-30.17,35.52],[-29.62,35.57],[-29.36,35.52],[-29.49,35.24],[-29.82,35.36],[-30.23,35.16],[-30.43,35.18]],[[-16.34,35.54],[-16.25,35.66],[-15.91,35.52],[-15.75,35.68],[-15.86,35.84],[-15.75,36.03],[-15.56,36.04],[-15.31,36.41],[-15.18,36.8],[-14.91,37.02],[-15.18,37.33],[-14.74,37.42],[-14.09,37.63],[-13.78,37.63],[-13.8,37.27],[-13.64,37.13],[-13.49,36.84],[-13.79,36.71],[-14.12,36.47],[-14.32,36.43],[-14.42,36.12],[-14.66,36.14],[-14.84,35.84],[-15.05,35.67],[-14.59,35.39],[-14.64,35.11],[-14.29,34.93],[-14.3,34.5],[-14.53,34.35],[-14.72,34.52],[-14.71,34.86],[-14.88,35.23],[-15.43,34.96],[-16.14,34.71],[-16.3,34.7],[-16.79,34.36],[-17.05,34.36],[-17.22,34.61],[-16.98,35.09],[-16.56,35.26],[-16.34,35.54]],[[-28.23,36.47],[-28.43,36.74],[-28.1,36.84],[-27.72,36.79],[-27.82,36.61],[-28.23,36.47]],[[-15.27,37.06],[-15.21,36.97],[-15.42,36.71],[-15.78,36.71],[-15.85,36.84],[-15.43,37.05],[-15.27,37.06]],[[-10.85,37.15],[-10.61,37.2],[-10.54,37.03],[-10.61,36.75],[-11.27,36.41],[-11.49,36.16],[-11.72,36.18],[-12.15,36.49],[-11.28,36.92],[-11.05,37.11],[-10.85,37.15]],[[-13.06,36.31],[-13.13,36.45],[-13.02,36.65],[-12.77,36.67],[-12.6,36.43],[-13.06,36.31]],[[-11.54,35.32],[-11.3,35.29],[-11.26,35.05],[-11.43,34.91],[-11.9,34.78],[-12.1,34.8],[-12.4,34.95],[-12.42,35.14],[-11.96,35.19],[-11.54,35.32]],[[-12.68,35.16],[-12.92,34.91],[-13.34,34.87],[-13.53,35.09],[-13.08,35.3],[-12.87,35.3],[-12.68,35.16]],[[-28.33,34.58],[-28.56,34.73],[-28.42,35.01],[-28.49,35.14],[-28.24,35.31],[-28.13,35.13],[-27.92,35.12],[-27.36,35.28],[-27.3,35.06],[-27.35,34.77],[-27.6,34.58],[-27.95,34.73],[-28.33,34.58]],[[-14.42,33.6],[-14.56,33.87],[-14.26,34],[-14.13,33.66],[-14.42,33.6]],[[-16.62,33.4],[-16.26,33.38],[-16.09,33.07],[-16.15,32.86],[-16.35,32.78],[-16.28,32.47],[-16.39,32.29],[-16.7,32.41],[-17.04,32.42],[-17.2,32.56],[-17.62,32.64],[-17.6,32.82],[-17.35,32.99],[-17.34,33.24],[-16.89,33.21],[-16.81,33.39],[-16.62,33.4]],[[-27.22,32.34],[-27.18,32.08],[-27.46,31.9],[-27.58,31.72],[-27.9,31.68],[-28.05,31.56],[-27.97,31.33],[-28.21,31.05],[-28.43,31.04],[-28.42,30.8],[-28.77,30.76],[-28.92,30.95],[-28.9,31.19],[-29.18,31.54],[-29.16,31.67],[-28.78,31.79],[-28.5,32.03],[-28.53,32.33],[-28.26,32.58],[-28.05,32.6],[-27.94,32.9],[-27.66,32.87],[-27.41,32.64],[-27.22,32.34]],[[-13.28,31.84],[-13.28,32.02],[-12.76,31.92],[-12.66,31.76],[-12.91,31.55],[-13.14,31.61],[-13.28,31.84]],[[-38.41,31.13],[-38.6,31],[-38.78,31.16],[-38.75,31.32],[-38.41,31.13]],[[-38.2,31.38],[-38.52,31.44],[-38.44,31.61],[-38.16,31.68],[-37.92,31.55],[-38.2,31.38]],[[-38.75,31.68],[-38.74,31.57],[-39.22,31.48],[-39.33,31.69],[-38.75,31.68]],[[-38.75,31.85],[-38.76,32.03],[-38.38,32.11],[-38.25,32.01],[-37.74,31.97],[-37.85,31.83],[-38.52,31.92],[-38.75,31.85]],[[-39.13,32.23],[-39.12,32.39],[-38.89,32.49],[-38.58,32.38],[-38.64,32.22],[-39.13,32.23]],[[-15.94,30.38],[-15.58,30.27],[-15.62,30.02],[-15.94,29.91],[-16.11,29.94],[-16.2,30.14],[-15.94,30.38]],[[-28.3,30.35],[-28.13,30.14],[-28.12,29.92],[-28.22,29.48],[-28.73,29.59],[-28.89,29.89],[-28.9,30.17],[-28.62,30.34],[-28.3,30.35]],[[-42.02,29.05],[-42.5,28.94],[-42.37,28.76],[-42.44,28.6],[-42.89,28.63],[-42.74,28.36],[-42.96,28.3],[-42.98,28.13],[-43.35,27.91],[-43.42,27.7],[-43.24,27.52],[-43.44,27.19],[-43.68,27.31],[-44.05,27.13],[-43.9,26.8],[-43.93,26.64],[-44.17,26.65],[-44.26,26.47],[-44.19,26.3],[-44.39,26.12],[-44.55,26.44],[-44.42,27.05],[-44.21,27.22],[-44.36,27.38],[-44.81,26.25],[-45.1,26.1],[-45.39,26.04],[-45.63,26.23],[-45.41,26.35],[-44.94,26.43],[-44.98,26.56],[-45.46,26.69],[-45.48,26.85],[-44.95,26.83],[-44.69,27.22],[-44.7,27.4],[-44.88,27.48],[-44.88,27.74],[-44.64,28.07],[-44.29,28.27],[-44.43,28.43],[-44.33,28.7],[-44.42,28.92],[-44.27,29.06],[-43.95,29.17],[-43.93,29.46],[-43.48,29.53],[-43.53,29.65],[-43.86,29.72],[-43.82,30.16],[-43.45,30.04],[-43.1,30.07],[-42.98,29.96],[-42.73,29.96],[-42.6,30.07],[-42.13,30.02],[-42.03,29.93],[-41.46,29.92],[-41.44,29.72],[-41.69,29.51],[-41.97,29.42],[-42.11,29.57],[-42.35,29.43],[-42.31,29.32],[-42,29.33],[-41.87,29.19],[-42.02,29.05]],[[-18.26,27.94],[-17.74,28.01],[-17.69,27.74],[-17.98,27.37],[-18.3,27.72],[-18.26,27.94]],[[-18.72,26.28],[-18.55,26],[-18.79,25.94],[-18.72,26.28]],[[-20.29,26.21],[-20.19,26.05],[-20.21,25.79],[-20.46,25.86],[-20.4,26.2],[-20.29,26.21]],[[-19.53,25.56],[-19.22,25.48],[-19.28,25.24],[-19.5,25.22],[-19.62,25.39],[-19.53,25.56]],[[-44.64,25.27],[-44.74,24.87],[-44.9,25.08],[-45.27,25],[-45.4,25.22],[-45.21,25.59],[-44.64,25.27]],[[-45.65,24.98],[-45.91,24.86],[-46.1,25.15],[-45.8,25.49],[-45.49,25.57],[-45.47,25.06],[-45.65,24.98]],[[-46.14,24.98],[-46.24,24.91],[-46.69,24.97],[-46.72,25.11],[-46.19,25.17],[-46.14,24.98]],[[-44.42,25.54],[-44.84,25.63],[-45.01,25.73],[-44.98,25.89],[-44.76,25.92],[-44.81,26.17],[-44.59,26.31],[-44.56,25.79],[-44.13,25.7],[-44.08,25.54],[-44.42,25.54]],[[-45.82,25.62],[-46.14,25.92],[-45.7,25.87],[-45.31,25.96],[-45.15,25.86],[-45.38,25.66],[-45.82,25.62]],[[-26.4,25.72],[-26.32,25.91],[-26.12,25.93],[-26.13,25.7],[-26.4,25.72]],[[-44.4,29.7],[-44.42,29.95],[-44.11,29.86],[-44.4,29.7]],[[-40.88,30.19],[-41.12,29.95],[-41.23,30.24],[-40.88,30.21],[-40.68,30.31],[-40.49,30.05],[-40.79,30.07],[-40.88,30.19]],[[-29.1,29.74],[-28.86,29.75],[-28.91,29.51],[-29.09,29.53],[-29.1,29.74]],[[-42.65,31.33],[-42.66,31.49],[-42.33,31.6],[-42.27,31.45],[-42.65,31.33]],[[-64.91,31.95],[-65.14,31.84],[-65.32,31.91],[-65.21,32.32],[-65.03,32.57],[-64.63,32.83],[-64.41,32.83],[-64.35,32.55],[-64.42,32.22],[-64.84,32.05],[-64.91,31.95]],[[-62.27,33.38],[-62.52,33.53],[-62.86,34.03],[-62.58,33.91],[-62.25,33.67],[-62.27,33.38]],[[-56.68,34.47],[-57.02,34.65],[-56.88,34.82],[-56.68,34.47]],[[-50.86,34.91],[-50.48,34.98],[-49.99,34.94],[-49.59,34.79],[-49.75,34.54],[-50.06,34.73],[-50.41,34.67],[-50.83,34.72],[-50.86,34.91]],[[-49.19,34.99],[-49.03,35.21],[-48.86,35.19],[-48.68,34.97],[-49.06,34.88],[-49.19,34.99]],[[-51.33,35.28],[-51.72,35.47],[-52.05,35.46],[-52.12,35.73],[-51.89,35.76],[-51.69,35.62],[-51.25,35.62],[-51.15,35.52],[-51.33,35.28]],[[-52.13,35.97],[-52.37,36.15],[-52.09,36.3],[-52.13,35.97]],[[-37.11,35.84],[-36.95,35.92],[-36.75,35.78],[-36.89,35.5],[-37.12,35.73],[-37.11,35.84]],[[-48.12,35.04],[-48.24,35.16],[-48.18,35.41],[-47.67,35.34],[-47.65,35.05],[-47.94,35.21],[-48.12,35.04]],[[-62.07,37.99],[-62.63,38.23],[-62.45,38.35],[-62.07,37.99]],[[-63.92,38.74],[-64.06,38.98],[-63.74,38.99],[-63.92,38.74]],[[-61.07,38.89],[-61.22,39.1],[-60.97,39.15],[-60.8,39],[-61.07,38.89]],[[-31.68,44.18],[-31.46,44.45],[-31.33,44.15],[-31.68,44.18]],[[-40.03,44.38],[-40.56,44.47],[-40.51,44.69],[-40.09,44.49],[-40.03,44.38]],[[-34.51,44.76],[-34.37,44.92],[-33.99,44.89],[-33.76,44.59],[-34.13,44.4],[-34.4,44.56],[-34.51,44.76]],[[-40.95,44.83],[-41.26,44.97],[-41.24,45.09],[-40.9,45.14],[-40.66,44.95],[-40.95,44.83]],[[-39.77,45.04],[-39.86,44.83],[-40.46,44.93],[-40.58,45.07],[-39.77,45.04]],[[-30.76,45.36],[-30.64,45.63],[-30.28,45.53],[-30.55,45.32],[-30.76,45.36]],[[-40.01,51.54],[-40.3,51.58],[-40.62,51.81],[-40.58,52.13],[-40.25,52.18],[-39.59,51.99],[-39.66,51.78],[-40.01,51.54]],[[-28.8,52.39],[-28.54,52.22],[-28.9,52.08],[-29.38,52.13],[-29.87,52.07],[-29.98,52.23],[-29.51,52.36],[-29.22,52.25],[-28.8,52.39]],[[-21.91,52.19],[-21.56,52.06],[-21.53,51.89],[-20.99,51.39],[-21.12,51.03],[-21.43,51.13],[-21.46,51.33],[-21.73,51.34],[-22.15,51.67],[-22.65,51.67],[-22.72,51.97],[-22.46,52.15],[-21.91,52.19]],[[-27.92,51.61],[-27.78,51.37],[-28.46,51.49],[-28.45,51.7],[-28.22,51.74],[-27.92,51.61]],[[-14.22,49.66],[-13.83,49.59],[-13.88,49.41],[-14.52,49.44],[-14.62,49.56],[-14.22,49.66]],[[-25.89,48],[-25.72,48.02],[-25.19,47.86],[-25.28,47.72],[-25.84,47.78],[-26.15,47.6],[-26.24,47.83],[-25.89,48]],[[-25.27,47.43],[-25.2,47.23],[-25.54,47.16],[-25.46,47.42],[-25.27,47.43]],[[-24.55,46.58],[-24.6,46.2],[-24.94,46.2],[-24.71,46.52],[-24.55,46.58]],[[-10.74,45.53],[-10.41,45.56],[-10.38,45.33],[-10.79,45.31],[-10.74,45.53]],[[-24.22,45.3],[-23.98,44.89],[-23.63,44.89],[-23.78,44.62],[-23.74,44.33],[-23.23,44.01],[-22.53,43.76],[-22.12,43.69],[-22.02,43.5],[-21.7,43.21],[-21.2,42.83],[-20.95,42.81],[-20.93,42.62],[-21.17,42.5],[-21.74,42.9],[-22.08,42.9],[-22.31,43.04],[-22.62,43.45],[-22.87,43.34],[-23.54,43.28],[-23.58,43.46],[-24.08,43.8],[-23.97,44.04],[-24.15,44.36],[-24.31,44.4],[-24.64,44.79],[-24.43,45.33],[-24.22,45.3]],[[-15.74,45.15],[-15.58,45.22],[-15.38,44.99],[-15.77,44.96],[-15.74,45.15]],[[-23.24,44.56],[-22.81,44.46],[-22.87,44.24],[-23.26,44.42],[-23.24,44.56]],[[-22.37,44.51],[-21.94,44.27],[-21.66,44.25],[-21.44,43.89],[-21.58,43.8],[-22.49,44.16],[-22.7,44.3],[-22.59,44.5],[-22.37,44.51]],[[-21.44,43.78],[-21.27,43.76],[-21.03,43.52],[-20.53,43.26],[-20.57,43.04],[-20.91,43.02],[-21.15,43.41],[-21.51,43.68],[-21.44,43.78]],[[-26.54,42.74],[-26.53,42.38],[-26.81,42.43],[-26.75,42.7],[-26.54,42.74]],[[-26.04,43.13],[-26.34,42.98],[-26.43,43.14],[-26.22,43.27],[-26.04,43.13]],[[-20.12,41.74],[-19.99,41.74],[-19.85,41.42],[-20.36,41.1],[-20.41,41.36],[-20.25,41.46],[-20.12,41.74]],[[-21.07,41.67],[-20.93,41.33],[-20.95,41.14],[-21.34,40.8],[-21.5,40.97],[-21.34,41.08],[-21.36,41.41],[-21.28,41.61],[-21.07,41.67]],[[-25.16,38.91],[-25.05,39.02],[-24.79,38.85],[-24.78,38.64],[-25.03,38.56],[-25.16,38.91]],[[-45.94,24.56],[-45.64,24.48],[-45.4,24.53],[-45.48,24.18],[-45.78,24.13],[-45.79,23.92],[-46.09,23.84],[-46.2,23.9],[-46.22,24.26],[-46.14,24.47],[-45.94,24.56]],[[-20.85,23.86],[-20.79,24.03],[-20.54,23.99],[-20.63,23.78],[-20.85,23.86]],[[-46.3,24.52],[-46.3,24.19],[-46.51,23.95],[-46.93,24.13],[-47,24.34],[-46.66,24.54],[-46.3,24.52]],[[-45.42,23.54],[-45.27,23.69],[-44.98,23.55],[-45.02,23.33],[-45.36,23.34],[-45.42,23.54]],[[-44.7,23.34],[-44.33,23.31],[-44.23,23.1],[-44.44,22.93],[-44.61,22.96],[-44.73,23.12],[-44.7,23.34]],[[-45.52,22.21],[-45.65,22.74],[-45.84,22.87],[-45.7,23.04],[-45.04,23.22],[-44.95,23.07],[-45.06,22.58],[-45.17,22.52],[-45.12,22.22],[-44.99,22.24],[-45.02,22.54],[-44.72,23.02],[-44.4,22.59],[-44.47,22.42],[-44.66,22.33],[-44.47,21.88],[-44.93,21.71],[-45.11,21.53],[-45.38,21.43],[-45.82,21.69],[-45.72,21.88],[-45.84,22.1],[-45.7,22.26],[-45.52,22.21]],[[-44.87,21.46],[-44.91,21.25],[-45.38,21.32],[-45.24,21.48],[-45.15,21.48],[-44.93,21.61],[-44.87,21.46]],[[-45.58,21.39],[-45.45,21.26],[-45.41,20.93],[-45.21,21.08],[-45.03,20.94],[-45.11,20.74],[-45.38,20.62],[-45.65,20.74],[-45.7,21.27],[-45.58,21.39]],[[-44.9,20.46],[-45.24,20.07],[-45.36,20.08],[-45.61,19.91],[-45.98,19.85],[-46.16,20],[-46.07,20.17],[-46.2,20.28],[-46.18,20.63],[-45.86,20.69],[-45.77,20.45],[-45.61,20.3],[-45.36,20.45],[-45.05,20.36],[-44.9,20.46]],[[-45.27,19.85],[-45.25,19.53],[-45.62,19.39],[-45.58,19.22],[-45.71,19.01],[-45.94,19.13],[-45.92,19.59],[-45.27,19.85]],[[-46.16,19.74],[-45.98,19.61],[-46.12,19.42],[-46.02,19.21],[-46.09,19.01],[-46.31,19],[-46.6,19.17],[-46.78,19.16],[-46.85,19.34],[-46.58,19.54],[-46.6,19.78],[-46.47,19.92],[-46.16,19.74]],[[-46.49,19.01],[-46.36,18.89],[-46.34,18.65],[-46.82,18.58],[-47.06,18.62],[-47.16,18.75],[-46.92,18.91],[-46.75,18.89],[-46.49,19.01]],[[-46.18,18.58],[-46.22,18.83],[-46.03,18.91],[-45.77,18.84],[-45.27,18.84],[-45.29,18.56],[-46.18,18.58]],[[-68.52,19.91],[-68.77,19.69],[-69.11,19.75],[-69.1,20.04],[-68.97,20.27],[-68.7,20.45],[-68.62,20.09],[-68.52,19.91]],[[-45.86,20.86],[-46.09,20.81],[-46.25,20.88],[-46.27,21.07],[-46.19,21.51],[-46.41,21.76],[-45.96,21.67],[-45.98,21.35],[-45.84,21.34],[-45.78,21.11],[-45.86,20.86]],[[-47.28,18.28],[-47.17,18.48],[-46.9,18.4],[-46.96,18.17],[-47.28,18.28]],[[-46.58,18.43],[-46.2,18.46],[-45.73,18.28],[-46.02,18.16],[-46.12,17.97],[-46.47,17.89],[-46.62,17.98],[-46.58,18.43]],[[-25.46,17.47],[-25,17.5],[-24.78,17.39],[-24.42,17.05],[-23.76,16.7],[-23.88,16.46],[-24.26,16.18],[-24.55,16.37],[-25.46,16.56],[-25.42,16.74],[-25.6,16.86],[-25.75,17.13],[-25.75,17.35],[-25.46,17.47]],[[-22.13,17.31],[-21.9,17.4],[-21.73,17.28],[-21.74,17.09],[-22.13,17.08],[-22.13,17.31]],[[-22.55,17.04],[-22.46,16.61],[-22.05,16.31],[-22.1,15.98],[-21.97,15.64],[-22.09,15.57],[-22.38,15.59],[-22.52,15.43],[-22.69,15.47],[-22.67,15.17],[-22.95,14.83],[-23.29,14.85],[-23.47,14.76],[-23.84,14.75],[-23.97,14.86],[-24.36,14.66],[-24.98,14.7],[-24.82,15.06],[-24.45,15.21],[-24.19,15.22],[-23.82,15.51],[-23.49,15.63],[-23.31,16.39],[-23.4,16.56],[-23.37,16.95],[-23.06,17.17],[-22.78,17.21],[-22.55,17.04]],[[-21.99,15.41],[-21.81,15.48],[-21.75,15.22],[-21.99,15.25],[-21.99,15.41]],[[-45.12,13.27],[-45.34,13.41],[-45.5,13.89],[-45.5,14.05],[-45.67,14.16],[-45.59,14.37],[-45.58,14.82],[-45.15,14.77],[-44.95,14.5],[-44.98,14.86],[-44.9,15],[-44.6,14.93],[-44.7,14.64],[-44.53,14.26],[-44.37,14.22],[-44.29,13.86],[-44.49,13.77],[-44.38,13.57],[-44.45,13.42],[-44.47,13.06],[-44.34,12.86],[-44.13,12.9],[-44.06,12.74],[-44.35,12.67],[-44.18,12.62],[-44.15,12.44],[-44.51,12.37],[-44.66,12.49],[-44.83,12.89],[-45.26,12.79],[-45.31,12.98],[-45.1,13.03],[-45.12,13.27]],[[-59.6,14.49],[-59.77,14.51],[-59.83,14.79],[-59.64,14.91],[-59.47,14.86],[-59.4,14.57],[-59.6,14.49]],[[-49.8,14.83],[-50,14.98],[-50.23,15.02],[-50.37,15.16],[-50.55,15.17],[-50.62,15.34],[-50.19,15.38],[-49.9,15.12],[-49.6,15.16],[-49.32,15.31],[-49.16,15.1],[-48.86,15.12],[-48.54,15.01],[-48.47,14.7],[-48.81,14.71],[-48.99,14.86],[-49.22,14.75],[-49.44,14.9],[-49.8,14.83]],[[-50.9,15.37],[-50.98,15.26],[-51.29,15.26],[-51.23,15.61],[-50.91,15.52],[-50.9,15.37]],[[-46.99,16.17],[-46.85,16.44],[-46.9,16.79],[-46.66,16.96],[-46.52,16.76],[-46.63,16.39],[-46.63,15.79],[-46.74,15.55],[-46.96,15.52],[-47.06,15.74],[-46.88,15.99],[-46.99,16.17]],[[-46.88,17.23],[-47.03,17.35],[-46.95,17.55],[-46.61,17.59],[-46.46,17.5],[-46.52,17.27],[-46.88,17.23]],[[-49.01,17.98],[-49.34,17.93],[-49.3,18.12],[-49.01,17.98]],[[-46.42,17.26],[-46.22,17.44],[-45.99,17.22],[-45.94,17.05],[-46.01,16.82],[-46.2,16.97],[-46.22,17.15],[-46.42,17.26]],[[-45.82,17.22],[-45.68,16.96],[-45.86,16.9],[-45.82,17.22]],[[-46.21,16.87],[-46.18,16.68],[-45.9,16.65],[-45.98,16.42],[-46.2,16.36],[-46.19,16.08],[-46.46,15.86],[-46.56,15.96],[-46.56,16.44],[-46.21,16.87]],[[-36.09,16.01],[-36.02,15.77],[-36.29,15.77],[-36.09,16.01]],[[-46.45,15.77],[-46.19,15.55],[-46.2,15.42],[-46.54,15.43],[-46.45,15.77]],[[-45.03,15.2],[-44.92,15.07],[-45.27,14.92],[-45.31,15.19],[-45.03,15.2]],[[-47.88,14.9],[-47.97,14.76],[-48.3,14.83],[-48.22,15],[-47.88,14.9]],[[-43.92,12.52],[-43.58,12.41],[-43.14,12.33],[-43.13,12.16],[-43.6,12.2],[-44,12.31],[-43.92,12.52]],[[-44.11,12.05],[-43.75,12],[-43.87,11.81],[-44.35,11.83],[-44.46,11.99],[-44.11,12.05]],[[-43.62,11.83],[-43.47,11.95],[-43.02,11.84],[-43.24,11.65],[-43.62,11.83]],[[-43.43,11.65],[-43.23,11.17],[-43.5,10.99],[-43.63,11.2],[-43.63,11.55],[-43.43,11.65]],[[-43.9,11.42],[-43.82,11.24],[-44.11,11.23],[-44.21,11.35],[-44.14,11.69],[-43.97,11.75],[-43.8,11.67],[-43.9,11.42]],[[-43.59,10.6],[-44.4,10.63],[-44.65,10.82],[-44.02,10.73],[-43.75,10.75],[-43.46,10.68],[-42.85,10.68],[-42.81,10.57],[-43.41,10.55],[-43.59,10.6]],[[-41.06,10.76],[-40.92,10.5],[-41.12,10.31],[-41.5,10.43],[-41.46,10.6],[-41.06,10.76]],[[-40.87,10.34],[-40.71,10.55],[-40.25,10.44],[-40.31,10.17],[-40.77,10.18],[-40.87,10.34]],[[-41.04,9.58],[-41.2,9.69],[-41.02,9.91],[-40.85,9.98],[-40.67,9.71],[-40.85,9.56],[-41.04,9.58]],[[-40.54,9.57],[-40.47,9.81],[-40.06,9.79],[-39.71,9.54],[-40.29,9.44],[-40.54,9.57]],[[-40.71,9.43],[-40.56,9.25],[-40.6,9.07],[-40.98,9.1],[-41.25,9.22],[-41.21,9.39],[-40.92,9.34],[-40.71,9.43]],[[-40.41,9.07],[-40.32,9.22],[-40.14,9.24],[-40.07,8.94],[-40.39,8.98],[-40.41,9.07]],[[-39.96,8.45],[-40.22,8.57],[-40.06,8.74],[-39.55,8.79],[-39.48,8.66],[-39.6,8.5],[-39.96,8.45]],[[-39.25,8.51],[-38.88,8.71],[-38.81,8.52],[-39.12,8.29],[-39.36,8.23],[-39.5,8.47],[-39.25,8.51]],[[-38.18,8.18],[-38.02,8.07],[-38.38,7.81],[-38.48,8.08],[-38.18,8.18]],[[-37.52,8.01],[-37.31,8.06],[-37.08,7.99],[-37.39,7.76],[-37.52,8.01]],[[-10.51,41.25],[-10.87,41.24],[-10.68,41.58],[-10.53,41.61],[-10.51,41.25]],[[-23.85,54.12],[-24.11,54.2],[-24.16,54.42],[-23.8,54.52],[-23.54,54.49],[-23.65,54.19],[-23.85,54.12]],[[-22.01,54.81],[-22.38,54.67],[-22.54,54.92],[-22.17,54.94],[-22.01,54.81]]]},"properties":{"scalerank":0,"featurecla":"Bathymetry","depth":3000}},
{"type":"Feature","geometry":null,"properties":{"scalerank":0,"featurecla":"Bathymetry","depth":3000}},
{"type":"Feature","geometry":null,"properties":{"scalerank":0,"featurecla":"Bathymetry","depth":3000}},
{"type":"Feature","geometry":null,"properties":{"scalerank":0,"featurecla":"Bathymetry","depth":3000}},
{"type":"Feature","geometry":null,"properties":{"scalerank":0,"featurecla":"Bathymetry","depth":3000}},
{"type":"Feature","geometry":{"type":"Polygon","coordinates":[[[-25.65,44.97],[-25.9,45],[-26.28,44.96],[-26.23,44.78],[-26.02,44.92],[-25.65,44.97]]]},"properties":{"scalerank":0,"featurecla":"Bathymetry","depth":3000}},
{"type":"Feature","geometry":{"type":"Polygon","coordinates":[[[-26.76,44.78],[-26.84,44.96],[-26.97,44.88],[-26.76,44.78]]]},"properties":{"scalerank":0,"featurecla":"Bathymetry","depth":3000}},
{"type":"Feature","geometry":{"type":"Polygon","coordinates":[[[-26.4,44.47],[-26.52,44.62],[-26.64,44.58],[-26.49,44.37],[-26.4,44.47]]]},"properties":{"scalerank":0,"featurecla":"Bathymetry","depth":3000}},
{"type":"Feature","geometry":{"type":"Polygon","coordinates":[[[-23.1,43.56],[-23.21,43.71],[-23.42,43.68],[-23.36,43.57],[-23.1,43.56]]]},"properties":{"scalerank":0,"featurecla":"Bathymetry","depth":3000}},
{"type":"Feature","geometry":{"type":"Polygon","coordinates":[[[-37.99,33.74],[-38.03,33.77],[-38.26,33.67],[-38.11,33.58],[-38.09,33.72],[-37.99,33.74]]]},"properties":{"scalerank":0,"featurecla":"Bathymetry","depth":3000}},
{"type":"Feature","geometry":{"type":"Polygon","coordinates":[[[-40.61,31.73],[-40.51,31.86],[-40.8,31.75],[-40.61,31.73]]]},"properties":{"scalerank":0,"featurecla":"Bathymetry","depth":3000}},
{"type":"Feature","geometry":{"type":"Polygon","coordinates":[[[-41.4,31.07],[-41.31,31.16],[-41.22,31.17],[-41.11,31.27],[-41.1,31.41],[-41.26,31.25],[-41.43,31.16],[-41.4,31.07]]]},"properties":{"scalerank":0,"featurecla":"Bathymetry","depth":3000}},
{"type":"Feature","geometry":{"type":"Polygon","coordinates":[[[-27.43,47.62],[-27.37,47.54],[-27.42,47.35],[-27.25,47.22],[-27.31,47.5],[-27.26,47.61],[-27.43,47.62]]]},"properties":{"scalerank":0,"featurecla":"Bathymetry","depth":3000}},
{"type":"Feature","geometry":{"type":"Polygon","coordinates":[[[-35.98,35.35],[-36.13,35.42],[-36.17,35.26],[-35.97,35.27],[-35.86,35.2],[-35.66,35.21],[-35.8,35.38],[-35.98,35.35]]]},"properties":{"scalerank":0,"featurecla":"Bathymetry","depth":3000}},
{"type":"Feature","geometry":{"type":"Polygon","coordinates":[[[-41.91,30.54],[-41.67,30.78],[-41.58,30.83],[-41.71,30.86],[-41.76,30.72],[-41.89,30.65],[-41.91,30.54]]]},"properties":{"scalerank":0,"featurecla":"Bathymetry","depth":3000}},
{"type":"Feature","geometry":{"type":"Polygon","coordinates":[[[-43.22,28.92],[-43.42,28.87],[-43.51,28.7],[-43.65,28.68],[-43.73,28.39],[-43.83,28.22],[-43.69,28.2],[-43.67,28.47],[-43.58,28.61],[-43.22,28.92]]]},"properties":{"scalerank":0,"featurecla":"Bathymetry","depth":3000}},
{"type":"Feature","geometry":{"type":"Polygon","coordinates":[[[-26.84,41.57],[-26.83,41.77],[-26.94,41.72],[-26.94,41.57],[-26.84,41.57]]]},"properties":{"scalerank":0,"featurecla":"Bathymetry","depth":3000}},
{"type":"Feature","geometry":{"type":"Polygon","coordinates":[[[-41.22,31.86],[-41.39,31.98],[-41.62,31.94],[-41.54,31.78],[-41.22,31.86]]]},"properties":{"scalerank":0,"featurecla":"Bathymetry","depth":3000}},
{"type":"Feature","geometry":{"type":"Polygon","coordinates":[[[-36.08,33.9],[-36.05,34.11],[-36.28,33.91],[-36.08,33.9]]]},"properties":{"scalerank":0,"featurecla":"Bathymetry","depth":3000}},
{"type":"Feature","geometry":{"type":"Polygon","coordinates":[[[-40.43,31],[-40.54,31.18],[-40.67,31],[-40.43,31]]]},"properties":{"scalerank":0,"featurecla":"Bathymetry","depth":3000}},
{"type":"Feature","geometry":{"type":"Polygon","coordinates":[[[-29.45,49.97],[-29.43,50.08],[-29.61,50.11],[-29.57,50],[-29.45,49.97]]]},"properties":{"scalerank":0,"featurecla":"Bathymetry","depth":3000}},
{"type":"Feature","geometry":{"type":"Polygon","coordinates":[[[-30.54,42.77],[-30.89,42.85],[-31.07,42.78],[-30.96,42.61],[-30.79,42.75],[-30.54,42.77]]]},"properties":{"scalerank":0,"featurecla":"Bathymetry","depth":3000}},
{"type":"Feature","geometry":{"type":"Polygon","coordinates":[[[-31.58,42.3],[-31.4,42.41],[-31.6,42.38],[-31.58,42.3]]]},"properties":{"scalerank":0,"featurecla":"Bathymetry","depth":3000}},
{"type":"Feature","geometry":{"type":"Polygon","coordinates":[[[-29.25,45.5],[-29.33,45.51],[-29.41,45.61],[-29.44,45.49],[-29.25,45.5]]]},"properties":{"scalerank":0,"featurecla":"Bathymetry","depth":3000}},
{"type":"Feature","geometry":{"type":"Polygon","coordinates":[[[-29.69,44.91],[-29.64,45.12],[-29.78,45.12],[-29.79,44.98],[-29.69,44.91]]]},"properties":{"scalerank":0,"featurecla":"Bathymetry","depth":3000}},
{"type":"Feature","geometry":{"type":"Polygon","coordinates":[[[-25.97,46.34],[-26.39,46.34],[-26.16,46.03],[-25.72,45.93],[-25.71,46.08],[-26.12,46.17],[-25.97,46.34]]]},"properties":{"scalerank":0,"featurecla":"Bathymetry","depth":3000}},
{"type":"Feature","geometry":{"type":"Polygon","coordinates":[[[78.76,-43.04],[78.77,-43.03],[78.76,-43.03],[78.76,-43.04]]]},"properties":{"scalerank":0,"featurecla":"Bathymetry","depth":3000}},
{"type":"Feature","geometry":null,"properties":{"scalerank":0,"featurecla":"Bathymetry","depth":3000}},
{"type":"Feature","geometry":null,"properties":{"scalerank":0,"featurecla":"Bathymetry","depth":3000}},
{"type":"Feature","geometry":{"type":"Polygon","coordinates":[[[120.09,-14.46],[119.83,-14.23],[119.45,-14.26],[119.37,-14.1],[119.66,-14.03],[119.38,-13.79],[119.41,-13.67],[119.8,-13.67],[119.84,-13.56],[119.61,-13.18],[119.74,-12.91],[120.02,-12.58],[120.11,-12.23],[120.53,-12.29],[120.72,-12.48],[120.98,-12.31],[121.23,-12.49],[121.87,-11.98],[121.89,-11.81],[121.61,-11.76],[121.23,-11.85],[120.82,-11.74],[120.7,-11.5],[120.35,-11.5],[120.17,-11.28],[119.81,-11.01],[119.67,-11.02],[119.61,-10.76],[119.42,-10.61],[119.26,-10.61],[119.2,-10.32],[118.84,-10.22],[118.29,-9.99],[118.06,-10],[117.85,-9.78],[117.78,-9.6],[117.35,-9.66],[117.05,-9.49],[116.78,-9.5],[116.62,-9.31],[116.02,-9.33],[115.81,-9.4],[115.46,-9.39],[115.27,-9.26],[115.01,-9.3],[114.41,-9.1],[114.05,-9.11],[114.07,-9.35],[113.94,-9.53],[113.73,-9.6],[113.36,-9.24],[113.34,-9.52],[113.61,-9.7],[113.62,-9.89],[113.91,-10.01],[114.11,-9.96],[114.5,-10.06],[114.62,-10.15],[115.22,-10.33],[115.27,-10.49],[115.13,-10.77],[114.91,-10.71],[114.67,-10.84],[114.41,-10.73],[114.24,-10.57],[114.02,-10.65],[113.86,-10.49],[113.49,-10.65],[113.07,-10.49],[112.91,-10.52],[112.78,-10.29],[112.54,-10.36],[112.22,-10.06],[112.42,-9.83],[112.64,-9.84],[112.79,-9.63],[112.8,-9.39],[112.49,-9.4],[112.15,-9.27],[111.55,-9.2],[111.28,-9.08],[110.7,-9.12],[110.93,-9.38],[111,-9.62],[111.34,-9.57],[111.53,-9.43],[112.07,-9.67],[112.15,-9.84],[111.96,-10.08],[111.68,-10.29],[111.5,-10.17],[111.58,-9.87],[111.31,-9.96],[110.76,-9.89],[110.53,-10.08],[110.26,-10.04],[109.95,-10.06],[109.66,-9.81],[109.47,-9.84],[109.22,-9.72],[109.06,-9.84],[108.77,-9.55],[108.55,-9.55],[108.26,-9.41],[108.02,-9.39],[107.64,-9.21],[106.7,-8.83],[106.3,-8.47],[105.87,-8.31],[105.58,-7.88],[105.34,-7.86],[104.88,-7.6],[104.86,-7.42],[104.7,-7.23],[104.37,-7.32],[104.16,-7.29],[103.86,-7.36],[103.74,-7.16],[103.41,-7.04],[103.14,-7.08],[102.79,-6.86],[102.34,-6.48],[102.19,-6.17],[101.61,-5.66],[101.34,-5.56],[101.32,-5.32],[101.18,-5.3],[100.91,-5.01],[100.83,-4.72],[100.66,-4.38],[100.48,-4.32],[100.13,-3.83],[100.13,-3.64],[99.92,-3.37],[99.41,-2.95],[99.24,-2.64],[99.1,-2.56],[98.52,-1.98],[96.83,-2.7],[95.13,-3.41],[93.43,-4.13],[93.32,-5.61],[93.21,-7.08],[93.09,-8.56],[92.94,-10.53],[92.79,-12.5],[92.68,-13.97],[92.53,-15.94],[92.38,-17.91],[92.23,-19.88],[92.08,-21.85],[90.6,-21.95],[89.61,-22.02],[87.63,-22.17],[86.5,-23.05],[85.75,-23.64],[84.24,-24.82],[82.74,-26],[81.24,-27.18],[79.73,-28.35],[78,-28.05],[76.28,-27.74],[74.71,-27.97],[73.85,-28.77],[73.69,-30.19],[72.58,-31.16],[71.83,-31.8],[70.35,-33.08],[68.87,-34.36],[67.39,-35.64],[65.9,-36.92],[64.42,-38.21],[62.94,-39.49],[61.46,-40.77],[59.97,-42.05],[58.49,-43.33],[57.01,-44.62],[57.21,-46.58],[57.4,-48.54],[57.6,-50.51],[57.8,-52.47],[58,-54.44],[58.19,-56.4],[58.39,-58.37],[58.59,-60.33],[58.79,-62.3],[58.98,-64.26],[59.13,-65.74],[59.54,-65.86],[60.05,-65.86],[60.82,-66.09],[62.14,-66.1],[62.61,-65.91],[63.06,-66.08],[62.63,-66.36],[63.43,-66.34],[63.73,-66.19],[63.43,-65.98],[64.37,-65.88],[64.8,-65.71],[64.23,-65.54],[63.92,-65.16],[64.27,-64.93],[65.37,-65.04],[65.77,-65.21],[65.86,-65.4],[66.52,-65.75],[67.15,-65.86],[67.43,-65.73],[67.35,-65.3],[67.41,-64.97],[67.69,-64.72],[68.12,-64.86],[68.88,-64.84],[69.05,-64.65],[69.59,-64.74],[70.16,-65],[70.47,-65.33],[70.85,-65.28],[71.25,-65.39],[72.14,-65.33],[72.4,-65.39],[73.17,-65.28],[73.72,-65.46],[74.13,-65.32],[74.66,-65.42],[75.1,-65.62],[74.93,-65.88],[75.32,-65.97],[76.68,-65.78],[76.92,-65.69],[77.52,-65.72],[77.64,-66.05],[78.11,-66.12],[78.62,-66.04],[78.67,-65.83],[79.54,-65.83],[80.35,-65.5],[81.54,-65.26],[82.24,-65.25],[83.11,-65.46],[83.7,-65.39],[84.14,-65.17],[84.97,-64.96],[85.51,-65.22],[86.95,-65.04],[87.28,-65.28],[88.1,-65.17],[88.29,-65.31],[88.81,-65.15],[89.28,-65.24],[89.85,-65.19],[90.07,-65.03],[90.82,-64.86],[91.08,-64.62],[91.81,-64.52],[92.43,-64.62],[92.84,-64.32],[93.15,-64.24],[93.02,-64.01],[93.98,-64.18],[94.33,-64.11],[93.89,-63.87],[94.09,-63.68],[93.75,-63.45],[94.13,-63.41],[95.35,-63.41],[95.53,-63.18],[95.83,-63.06],[95.74,-62.76],[96.21,-62.85],[96.89,-62.71],[97.31,-62.89],[97.8,-62.84],[98.09,-63],[98.72,-63.02],[98.95,-62.86],[99.55,-62.95],[99.82,-62.83],[101.18,-62.83],[102.1,-63],[102.45,-63.13],[102.99,-63.67],[103.64,-63.84],[103.78,-63.98],[104.2,-63.77],[104.5,-64.12],[104.76,-64.19],[105.41,-63.96],[105.85,-63.95],[106.09,-63.77],[107.12,-63.51],[107.49,-63.7],[107.33,-64.2],[107.45,-64.53],[108.51,-64.39],[108.56,-64.62],[109.1,-64.5],[109.76,-64.61],[109.88,-64.37],[110.74,-64.44],[111.15,-64.35],[111.83,-63.65],[112.27,-63.67],[112.58,-64.06],[113.68,-64.01],[113.78,-63.65],[114.18,-63.59],[114.23,-63.29],[114.88,-63.36],[116.64,-63.31],[117.14,-63.45],[117.17,-63.74],[117.46,-64.01],[118.41,-64.25],[118.24,-64.61],[118.57,-64.82],[119.65,-64.75],[119.98,-64.9],[121.25,-64.44],[122.02,-64.48],[122.33,-64.34],[123.12,-64.39],[123.57,-64.26],[124.03,-64.37],[124.65,-64.29],[125.22,-64.56],[125.6,-64.56],[126.17,-64.71],[126.45,-64.42],[126.84,-64.36],[127.39,-64.51],[128.02,-64.19],[128.52,-64.2],[128.64,-63.22],[128.87,-61.25],[129.1,-59.28],[129.34,-57.32],[129.57,-55.35],[129.8,-53.39],[130.04,-51.42],[130.27,-49.45],[130.5,-47.49],[130.74,-45.52],[130.97,-43.55],[131.2,-41.59],[131.44,-39.62],[131.67,-37.65],[131.9,-35.69],[131.72,-35.56],[131.48,-35.55],[130.9,-35.16],[130.47,-35.12],[130.1,-34.9],[129.89,-34.63],[129.76,-34.6],[129.43,-34.15],[128.78,-34.04],[128.69,-33.84],[128.45,-33.94],[128.02,-33.95],[127.69,-34.03],[127.12,-34.02],[126.89,-34.1],[126.34,-34.07],[125.21,-34.35],[124.75,-34.36],[124.35,-34.49],[123.93,-34.78],[123.31,-34.9],[121.83,-34.87],[121.68,-34.73],[121.06,-34.84],[120.8,-34.77],[120.11,-34.98],[119.85,-35],[119.87,-35.2],[119.33,-35.23],[118.85,-35.47],[118.56,-35.47],[118.37,-35.57],[117.95,-35.64],[117.69,-35.62],[117.47,-35.79],[117.13,-35.83],[116.64,-35.75],[116.48,-35.56],[115.91,-35.6],[115.46,-35.51],[114.95,-35.54],[114.76,-35.33],[114.54,-35.32],[114.05,-34.92],[113.59,-34.75],[113.43,-34.48],[113.46,-34.18],[113.57,-33.86],[113.4,-33.1],[113.56,-32.8],[114.08,-32.63],[114.4,-32.1],[114.35,-31.91],[114.55,-31.51],[114.53,-31.2],[114.27,-30.85],[114.2,-30.46],[113.96,-30.14],[113.76,-30.06],[113.59,-29.78],[113.28,-29.77],[113.25,-29.2],[113.04,-29.09],[112.82,-29.12],[112.78,-28.86],[112.53,-28.82],[112.54,-28.58],[112.4,-28.52],[112.18,-27.89],[111.89,-27.58],[111.76,-27.57],[111.52,-27.29],[111.17,-26.52],[110.88,-26.55],[110.85,-25.82],[110.7,-25.48],[110.62,-24.84],[110.73,-24.59],[110.61,-24.23],[110.68,-24.05],[111.25,-23.79],[111.89,-23.18],[112.15,-22.82],[112.59,-22.48],[112.67,-22.21],[112.63,-22.01],[112.77,-21.8],[112.72,-21.6],[112.49,-21.45],[112.14,-21.44],[111.94,-21.22],[111.63,-21.11],[111.24,-20.75],[110.98,-20.43],[110.63,-20.22],[110.62,-19.94],[110.76,-19.7],[110.74,-19.42],[110.95,-19.13],[111.26,-19.13],[111.22,-19.34],[111.5,-19.33],[111.72,-18.94],[111.94,-18.94],[112.2,-18.8],[112.44,-18.51],[112.56,-18.22],[112.83,-18.06],[113,-17.64],[112.77,-17.45],[112.85,-16.92],[112.73,-16.66],[112.69,-16.13],[112.88,-15.93],[113.07,-16.09],[113.35,-16.08],[113.43,-15.88],[113.64,-15.88],[113.84,-16.24],[113.88,-16.77],[114.01,-16.7],[114.19,-16.9],[114.36,-16.7],[114.82,-16.41],[115.03,-16.34],[115.22,-16.54],[115.71,-16.56],[115.83,-16.7],[115.66,-16.99],[115.46,-17.14],[115.12,-17.24],[115.61,-17.47],[115.82,-17.38],[115.84,-17.18],[116.35,-16.83],[116.19,-16.73],[116.33,-16.56],[116.55,-16.7],[116.71,-16.49],[116.86,-16.53],[117,-16.78],[117.34,-16.76],[117.46,-16.91],[117.47,-17.19],[117.65,-17.3],[117.81,-16.99],[117.96,-16.91],[117.94,-16.59],[118.08,-16.46],[118.4,-16.37],[118.46,-16.22],[118.91,-15.88],[118.87,-15.43],[119.1,-15.29],[119.1,-15.12],[119.36,-14.99],[119.53,-14.73],[119.78,-14.5],[120.09,-14.46]],[[99.36,-4.49],[99.26,-4.35],[99.53,-4.23],[99.56,-4.44],[99.36,-4.49]],[[105.43,-10.39],[105.6,-10.26],[105.9,-10.36],[105.74,-10.68],[105.44,-10.58],[105.43,-10.39]],[[117.38,-10.82],[117.37,-10.66],[117.63,-10.61],[117.75,-10.79],[117.38,-10.82]],[[116.29,-10.59],[116.25,-10.72],[115.65,-10.58],[115.68,-10.49],[116.14,-10.51],[116.29,-10.59]],[[104.68,-11.02],[104.47,-10.9],[104.73,-10.66],[104.89,-10.81],[104.68,-11.02]],[[99.44,-11.07],[99.43,-11.28],[99.17,-11.38],[99.09,-11.26],[99.44,-11.07]],[[104.79,-11.24],[105.13,-11.24],[105.2,-11.36],[105.11,-11.6],[104.83,-11.54],[104.79,-11.24]],[[106.95,-11.58],[107.15,-11.55],[107.19,-11.76],[106.92,-11.77],[106.95,-11.58]],[[102.09,-11.86],[101.98,-12.06],[101.72,-11.99],[101.88,-11.77],[102.09,-11.86]],[[101.26,-11.88],[101.12,-12.09],[100.96,-11.98],[101.05,-11.83],[101.26,-11.88]],[[111.38,-12.05],[111.43,-11.88],[111.84,-11.93],[111.99,-12.09],[111.97,-12.3],[112.08,-12.6],[112.03,-12.72],[111.69,-12.72],[111.6,-12.57],[111.32,-12.54],[111.21,-12.43],[110.89,-12.45],[110.87,-12.26],[111.02,-12.11],[111.38,-12.05]],[[112.64,-11.92],[112.74,-11.88],[112.93,-12.12],[112.89,-12.41],[113.13,-12.48],[113.06,-12.79],[112.79,-12.78],[112.63,-12.63],[112.6,-12.33],[112.64,-11.92]],[[107.35,-12.88],[107.62,-12.96],[107.59,-13.15],[107.28,-13.02],[107.35,-12.88]],[[109.01,-13.08],[109.51,-13.05],[109.5,-13.25],[109.28,-13.4],[109.03,-13.27],[109.01,-13.08]],[[108.77,-13.31],[108.89,-13.4],[109.08,-13.79],[109.02,-13.97],[108.71,-13.98],[108.58,-13.82],[108.58,-13.46],[108.77,-13.31]],[[95.98,-13.28],[96.02,-13.06],[96.34,-12.98],[96.52,-13.09],[96.47,-13.35],[96.11,-13.37],[95.98,-13.28]],[[95.56,-12.99],[95.37,-12.88],[95.39,-12.7],[95.24,-12.34],[95.42,-12.26],[95.55,-12.43],[95.63,-12.77],[95.56,-12.99]],[[96.82,-12.36],[96.67,-12.25],[96.51,-11.79],[96.56,-11.7],[96.91,-11.66],[97.04,-11.77],[97.15,-12.05],[97.03,-12.3],[96.82,-12.36]],[[104.14,-11.74],[104.15,-11.5],[104.31,-11.3],[104.61,-11.3],[104.43,-11.7],[104.14,-11.74]],[[101.83,-12.32],[101.91,-12.18],[102.16,-12.24],[102,-12.59],[101.81,-12.5],[101.83,-12.32]],[[102.27,-12.64],[102.46,-12.79],[102.26,-12.89],[102.2,-13.07],[102,-13.08],[101.89,-12.84],[101.96,-12.68],[102.27,-12.64]],[[108.2,-13.16],[108.43,-13.27],[108.41,-13.43],[107.91,-13.39],[107.83,-13.23],[108.2,-13.16]],[[105.41,-13.37],[105.53,-13.55],[105.45,-13.71],[105.22,-13.61],[105.22,-13.3],[105.41,-13.37]],[[102.82,-13.37],[102.59,-13.76],[102.43,-13.65],[102.55,-13.46],[102.6,-13.13],[102.81,-13.08],[102.82,-13.37]],[[99.75,-10.93],[99.5,-10.91],[99.49,-10.7],[99.7,-10.58],[99.81,-10.72],[99.75,-10.93]],[[113.49,-14.3],[113.7,-14.43],[113.61,-14.71],[113.38,-14.64],[113.49,-14.3]],[[105.7,-22.04],[105.36,-22.47],[105.07,-22.73],[104.83,-22.77],[104.76,-22.62],[104.26,-22.48],[104.04,-22.53],[103.58,-22.3],[103.15,-21.97],[103.24,-21.56],[103.65,-21.63],[103.79,-21.47],[104.16,-21.46],[104.26,-21.38],[104.57,-21.53],[104.77,-21.54],[104.93,-21.81],[105.17,-21.91],[105.24,-22.06],[105.47,-22.15],[105.7,-22.04]],[[106.9,-22.73],[106.86,-22.53],[107.16,-22.23],[107.16,-22.05],[107.63,-22.11],[107.38,-22.46],[107.19,-22.52],[106.9,-22.73]],[[102.98,-22.59],[103.32,-22.77],[103.28,-22.89],[102.93,-22.72],[102.98,-22.59]],[[109.11,-23.09],[109.17,-23.5],[109.06,-23.93],[108.94,-24.02],[109.01,-24.31],[108.88,-24.56],[109.02,-24.72],[108.79,-24.86],[108.43,-24.84],[108.2,-24.99],[108.07,-24.55],[107.91,-24.42],[107.45,-24.35],[107.26,-24.17],[107.24,-23.96],[107.88,-23.66],[108.07,-23.65],[108.15,-23.5],[108.13,-23.24],[108.43,-23.18],[108.8,-23.22],[109.11,-23.09]],[[109.36,-23.93],[109.32,-23.73],[109.65,-23.49],[109.58,-23.88],[109.36,-23.93]],[[109.15,-24.41],[109.03,-24.18],[109.13,-24.02],[109.37,-24.1],[109.37,-24.28],[109.15,-24.41]],[[106.3,-25.04],[106.55,-25.21],[106.5,-25.42],[106.23,-25.15],[106.3,-25.04]],[[100.52,-25.09],[100.68,-25.21],[100.8,-25.77],[100.53,-26.17],[100.32,-26.23],[99.4,-26.18],[99.41,-25.77],[99.61,-25.69],[99.8,-25.48],[100.19,-25.42],[100.36,-25.16],[100.52,-25.09]],[[88.34,-26.11],[88.23,-26.54],[88.35,-26.66],[88.3,-26.85],[88.13,-26.99],[88.32,-27.19],[88.6,-27.31],[88.57,-27.8],[88.15,-27.89],[87.71,-27.8],[87.43,-27.94],[87.34,-27.67],[87.07,-27.68],[87.1,-27.46],[86.9,-27.38],[86.88,-27.17],[87.07,-26.71],[86.62,-26.79],[86.61,-26.64],[86.8,-26.36],[86.88,-26.04],[86.95,-25.44],[86.88,-25.27],[86.95,-24.55],[87.13,-24.15],[86.98,-24.02],[86.95,-23.6],[87.25,-23.81],[87.32,-23.74],[87.77,-23.84],[87.85,-23.45],[88.09,-23.57],[87.89,-23.86],[87.85,-24.11],[88.05,-24.28],[88.22,-24.57],[88.11,-25.14],[88.3,-25.25],[88.46,-24.89],[88.46,-24.49],[88.65,-24.39],[88.69,-26],[88.34,-26.11]],[[88.74,-31.79],[88.68,-32.06],[88.25,-32.47],[88.36,-32.66],[87.97,-33.11],[87.6,-33.79],[87.3,-34.11],[87.26,-34.32],[86.74,-34.34],[86.8,-34.21],[86.53,-34.01],[86.64,-33.4],[86.41,-33.3],[86.74,-32.93],[86.66,-32.71],[86.45,-32.51],[86.72,-32.21],[86.72,-31.67],[86.85,-31.59],[86.82,-31.12],[86.66,-31.06],[86.76,-30.62],[86.49,-30.62],[86.67,-30.28],[86.98,-30.54],[87.18,-30.45],[87.05,-30.15],[86.71,-30.12],[86.63,-29.89],[87.09,-29.58],[87.24,-28.95],[87.01,-28.9],[87.02,-28.71],[87.33,-28.52],[87.69,-28.75],[87.74,-28.97],[88.31,-28.81],[88.56,-29.06],[89.23,-29.27],[89.35,-29.45],[89.57,-29.52],[90.07,-29.51],[90.4,-29.32],[90.87,-29.24],[91.27,-29.3],[91.42,-29.5],[91.63,-29.59],[91.93,-29.36],[91.97,-29.62],[92.16,-29.76],[92.61,-29.67],[93.07,-29.23],[93.18,-28.89],[93.38,-28.73],[93.59,-28.7],[93.67,-28.51],[93.87,-28.54],[94.01,-28.92],[94.4,-28.47],[94.68,-28.52],[94.9,-28.34],[95.18,-28.25],[95.51,-28.3],[95.46,-28.6],[95.62,-28.69],[95.72,-28.92],[95.6,-29.15],[96.34,-29.11],[96.62,-29.18],[96.48,-29.54],[96.62,-29.81],[96.62,-30.15],[96.87,-30.21],[96.98,-30.5],[97.5,-30.63],[97.73,-30.56],[97.87,-30.2],[98.28,-30.06],[98.11,-29.74],[98.12,-29.54],[97.98,-29.24],[97.62,-28.86],[97.74,-28.62],[97.9,-27.92],[98.47,-27.31],[98.59,-27.48],[98.86,-27.45],[99,-27.59],[98.91,-27.81],[99.14,-27.91],[99.4,-28.42],[99.41,-28.82],[99.73,-29.1],[99.77,-29.27],[99.53,-29.34],[99.42,-29.48],[99.2,-29.5],[98.96,-29.65],[99.07,-29.9],[99.37,-29.87],[99.71,-30.1],[99.83,-30.37],[99.76,-30.63],[99.82,-30.83],[100.27,-30.93],[100.18,-31.08],[100.21,-31.46],[100.6,-31.61],[100.76,-31.52],[101.14,-31.48],[101.2,-31.35],[100.91,-31.23],[100.92,-31.06],[101.21,-30.72],[101.42,-30.64],[101.55,-30.74],[101.52,-31.39],[101.62,-31.71],[101.89,-31.78],[101.9,-32.5],[101.47,-32.5],[101.29,-32.59],[100.02,-32.32],[100,-32.57],[99.43,-32.38],[99.03,-32.33],[98.83,-32.41],[98.06,-32.43],[97.86,-32.58],[97.58,-32.44],[97.21,-32.47],[97,-32.65],[96.77,-32.54],[96.61,-32.29],[96.34,-32.29],[96.04,-32.39],[95.93,-32.28],[95.48,-32.42],[95.45,-32],[94.49,-31.44],[94.19,-31.34],[94.02,-31.39],[92.9,-30.96],[92.17,-30.96],[91.89,-30.87],[91.14,-30.82],[90.93,-30.92],[90.27,-30.88],[89.95,-31.03],[89.6,-31.01],[89.41,-31.23],[88.97,-31.37],[88.95,-31.6],[88.74,-31.79]],[[100.92,-32.74],[101.04,-32.72],[101.69,-32.83],[101.86,-32.93],[101.61,-33.19],[100.79,-33.1],[100.92,-32.74]],[[109.94,-33.04],[110.07,-32.82],[110.26,-32.78],[110.83,-32.85],[111.1,-33.25],[111.45,-33.31],[111.89,-33.51],[112.63,-33.31],[112.74,-33.71],[113.05,-33.96],[113.33,-34.01],[113.36,-34.52],[113.44,-34.8],[113.11,-34.87],[112.82,-34.78],[112.02,-35.11],[111.27,-34.93],[110.27,-35.09],[109.88,-34.56],[109.77,-34.26],[109.78,-33.79],[109.6,-33.69],[109.69,-33.27],[109.94,-33.04]],[[76.86,-36.92],[77.33,-36.58],[77.51,-36.36],[77.55,-36.05],[77.87,-35.99],[78.03,-35.79],[78.04,-35.57],[78.25,-35.52],[77.78,-35.11],[77.53,-34.78],[77.63,-34.62],[77.36,-34.4],[77.04,-34.42],[77.08,-34.09],[77.49,-33.68],[77.21,-33.65],[76.95,-33.18],[76.97,-33.05],[77.37,-32.97],[76.73,-32.72],[76.66,-32.2],[76.42,-32.2],[76.24,-31.99],[76.37,-31.68],[76.15,-31.61],[76.01,-31.24],[75.84,-31.05],[75.29,-31.1],[75.29,-31.42],[74.97,-31.28],[74.99,-31.1],[75.31,-30.86],[75.45,-30.67],[75.06,-30.53],[74.87,-30.61],[74.72,-30.42],[75.03,-30.28],[75.14,-30.07],[75.4,-30.1],[75.4,-29.84],[75.78,-29.5],[75.99,-29.52],[75.89,-29.79],[75.95,-30.03],[76.18,-30.07],[76.33,-30.45],[76.06,-30.6],[75.98,-30.84],[76.43,-30.6],[76.52,-30.33],[76.78,-30.46],[76.66,-30.67],[76.68,-30.96],[76.92,-31.08],[76.98,-31.27],[77.25,-31.07],[77.46,-31.28],[77.09,-31.42],[77.07,-31.58],[77.4,-31.73],[77.87,-31.48],[78.29,-31.83],[78.37,-32.04],[78.3,-32.32],[78.08,-32.6],[78.11,-32.99],[78.25,-33.03],[78.79,-32.51],[79.18,-32.21],[79.22,-32.35],[78.63,-32.95],[78.37,-33.11],[77.86,-33.59],[78.05,-33.72],[78.28,-33.46],[78.88,-33.64],[78.91,-33.83],[79.13,-33.8],[79.18,-34.01],[79.44,-34.23],[79.16,-34.36],[78.86,-34.18],[78.84,-33.96],[78.47,-33.71],[78.43,-33.89],[78.79,-33.97],[78.83,-34.19],[79.15,-34.47],[78.99,-34.87],[79.43,-35.18],[79.25,-35.31],[79.42,-35.45],[79.78,-35.55],[79.78,-35.38],[80.02,-35.3],[80.38,-35.42],[80.56,-35.29],[80.58,-35.03],[80.75,-35.02],[81.1,-34.81],[81.14,-34.66],[81.79,-33.95],[82.06,-34.2],[82.34,-34.09],[82.58,-34.14],[82.84,-33.91],[82.75,-33.76],[82.84,-33.41],[83.03,-33.36],[83.19,-33.67],[82.94,-33.93],[82.96,-34.21],[82.46,-34.38],[82.44,-34.51],[82.07,-34.7],[81.89,-34.71],[81.53,-34.56],[81.36,-34.75],[81.48,-34.86],[81.72,-34.75],[81.91,-34.88],[81.45,-35.17],[81.13,-35.11],[80.85,-35.2],[80.8,-35.43],[81.21,-35.67],[81.51,-35.27],[81.78,-35.37],[81.59,-35.8],[81.28,-36.2],[81.23,-36.4],[80.66,-36.94],[80.17,-37.2],[80.1,-37.4],[79.88,-37.55],[79.68,-38.26],[79.25,-38.57],[79.03,-39.02],[79.03,-39.18],[78.82,-39.34],[78.77,-39.65],[78.86,-39.73],[79.23,-39.64],[79.26,-40],[79.48,-40.21],[79.25,-40.44],[79.34,-40.73],[79.75,-40.94],[80.08,-40.89],[80.11,-40.62],[80.53,-40.83],[80.68,-41.08],[80.42,-41.46],[80.24,-41.5],[79.89,-41.88],[79.57,-42.08],[79.31,-42.04],[78.94,-42.32],[78.96,-42.48],[78.59,-42.78],[78.29,-42.84],[77.67,-42.48],[77.12,-42.48],[77.1,-42.29],[77.39,-41.94],[77.31,-41.78],[77.59,-41.55],[77.76,-41.53],[77.83,-41.15],[77.45,-41],[77.36,-40.86],[76.95,-40.8],[76.73,-40.37],[76.35,-40.44],[76.42,-39.98],[76.7,-39.7],[76.87,-39.65],[76.85,-39.44],[76.86,-39.36],[76.92,-39.29],[76.69,-39.44],[76.32,-39.49],[76.22,-39.4],[76.78,-39.05],[76.31,-39.09],[76.26,-38.66],[76.79,-38.01],[77.02,-37.93],[77.38,-37.46],[77.62,-37.32],[77.41,-37.16],[77.48,-36.92],[77.29,-36.9],[77.22,-37.09],[76.85,-37.1],[76.86,-36.92]],[[76.6,-36.8],[76.79,-36.52],[76.96,-36.72],[76.6,-36.8]],[[77.07,-36.33],[77.03,-36.16],[77.2,-35.78],[77.42,-35.6],[77.26,-35.03],[77.49,-34.88],[77.99,-35.33],[77.95,-35.64],[77.72,-35.64],[77.7,-35.85],[77.24,-36.16],[77.07,-36.33]],[[75.65,-32.26],[76,-31.72],[76.18,-31.78],[75.97,-32.11],[75.65,-32.26]],[[75.85,-31.13],[76.05,-31.4],[75.7,-31.39],[75.68,-31.19],[75.85,-31.13]],[[74.82,-30.87],[74.72,-31.36],[74.54,-31.25],[74.66,-30.94],[74.82,-30.87]],[[74.4,-30.41],[74.26,-30.36],[74.38,-30.1],[74.73,-29.88],[74.9,-29.68],[74.64,-29.43],[74.59,-29.21],[73.91,-28.77],[74.12,-28.59],[74.66,-28.86],[74.87,-29.11],[74.93,-29.44],[75.15,-29.4],[75.02,-29.11],[74.77,-28.85],[74.76,-28.69],[75.38,-28.66],[75.77,-28.93],[75.74,-29.27],[75.5,-29.52],[75.31,-29.55],[75.32,-29.8],[75.12,-29.85],[74.94,-30.1],[74.71,-30.1],[74.4,-30.41]],[[74.54,-28.73],[74.38,-28.53],[74.43,-28.31],[74.73,-28.55],[74.54,-28.73]],[[77.37,-28.28],[77.45,-28.49],[77.07,-28.78],[77.18,-28.42],[77.37,-28.28]],[[86.15,-28.67],[86.19,-28.46],[86.58,-28.17],[86.5,-28.54],[86.15,-28.67]],[[92.58,-28.1],[92.75,-27.98],[92.96,-28.12],[92.68,-28.25],[92.58,-28.1]],[[88.51,-28.18],[88.7,-28.32],[88.71,-28.71],[88.37,-28.45],[88.51,-28.18]],[[76.15,-29.48],[76.07,-29.29],[76.36,-29.07],[76.46,-29.22],[76.15,-29.48]],[[85.49,-30.59],[85.92,-30.41],[86.17,-30.42],[86.23,-30.59],[85.61,-30.82],[85.49,-30.59]],[[85.78,-31.49],[86.27,-31.36],[86.37,-31.39],[86.44,-31.76],[86.14,-31.62],[85.88,-31.63],[85.78,-31.49]],[[85.44,-31.68],[85.3,-31.85],[85.01,-31.68],[85.05,-31.56],[85.42,-31.55],[85.44,-31.68]],[[85.69,-32.11],[85.31,-32.45],[85.17,-32.33],[85.29,-32.18],[85.69,-32.11]],[[84.75,-32.37],[84.48,-32.54],[84.68,-32.75],[84.57,-32.88],[84.32,-32.7],[84.24,-32.95],[83.85,-33.01],[83.88,-32.66],[83.64,-32.58],[83.63,-32.34],[83.91,-32.24],[84.35,-32.3],[84.54,-32.13],[84.79,-32.13],[84.75,-32.37]],[[82.63,-32.31],[82.48,-32.6],[82.28,-32.43],[82.63,-32.31]],[[79.18,-33.79],[79.29,-33.59],[79.65,-33.92],[79.4,-34.03],[79.18,-33.79]],[[79.8,-34.57],[79.49,-34.9],[79.23,-34.85],[79.47,-34.57],[79.8,-34.57]],[[89.11,-39.95],[89.14,-40.07],[89.46,-40.25],[89.38,-40.66],[89.26,-40.78],[89.66,-40.89],[89.82,-40.75],[90.06,-40.84],[90.24,-41.22],[90.7,-41.27],[90.84,-41.42],[90.68,-41.63],[90.83,-42],[91.14,-42.17],[91.51,-42.22],[91.77,-42.4],[91.72,-42.65],[92.09,-42.56],[92.44,-42.6],[92.56,-42.89],[92.94,-42.83],[92.95,-42.65],[93.34,-42.62],[94.11,-43.18],[93.99,-43.58],[94.42,-43.5],[94.5,-43.7],[94.72,-43.84],[94.79,-44.15],[95.21,-43.85],[95.35,-44.03],[95.73,-44.15],[95.79,-44.39],[96.15,-44.5],[96.26,-45.02],[96.55,-45.32],[96.07,-45.74],[96.74,-45.69],[97.26,-45.74],[97.27,-46.09],[97.71,-46.09],[97.44,-46.37],[97.35,-46.74],[97.7,-46.75],[98.24,-46.91],[98.5,-47.05],[98.53,-47.41],[99.05,-47.47],[99.23,-47.61],[99.55,-47.16],[99.38,-46.82],[99.88,-46.86],[100.37,-46.48],[100.33,-46.1],[100.73,-46.21],[100.47,-46.66],[101.33,-46.9],[101.68,-46.62],[101.78,-47],[101.7,-47.19],[102.04,-47.23],[102.48,-47.45],[103.42,-47.46],[103.61,-47.67],[103.82,-47.69],[104.02,-48.16],[103.84,-48.41],[103.51,-48.35],[103.45,-48.16],[103.15,-48.03],[102.79,-48.39],[102.46,-48.34],[101.79,-48.05],[101.47,-48.36],[101.03,-47.98],[100.63,-48.09],[99.85,-47.92],[99.98,-47.77],[100.22,-47.2],[99.71,-47.17],[99.78,-47.38],[99.56,-47.97],[99.42,-48.08],[99.34,-48.37],[99,-48.55],[98.9,-48.77],[98.61,-48.63],[98.86,-48.49],[98.81,-48.24],[98.28,-48.22],[98.32,-48.02],[97.75,-47.99],[97.63,-48.21],[97.14,-48.43],[96.91,-48.41],[96.89,-48.14],[97.13,-48.17],[97.22,-47.96],[97.46,-47.87],[97.13,-47.52],[96.79,-47.52],[96.58,-47.43],[96.38,-47.87],[96.1,-47.52],[95.98,-47.62],[95.69,-47.34],[95.43,-47.33],[95.37,-47.11],[95.83,-46.56],[95.74,-46.51],[95.74,-45.88],[96.03,-45.38],[95.6,-45.31],[95.24,-45.42],[94.86,-45.4],[94.91,-45.06],[94.69,-45.1],[94.84,-45.21],[94.14,-45.32],[93.82,-45.29],[93.71,-45.13],[94.01,-44.91],[93.68,-44.68],[93.5,-44.42],[92.56,-44.33],[92.69,-44.09],[92.47,-43.99],[91.99,-44.2],[91.12,-44.06],[90.72,-43.75],[90.19,-43.56],[90.08,-43.74],[89.81,-43.73],[89.76,-43.54],[89.92,-43.23],[89.54,-43.09],[89.3,-43.42],[88.99,-43.3],[88.5,-43.34],[88.47,-43.51],[88.12,-43.54],[87.74,-43.46],[87.39,-43.51],[87.22,-43.39],[86.55,-43.32],[86.03,-43.43],[85.87,-43.21],[85.72,-43.23],[85.66,-43.1],[85.83,-43.08],[85.71,-42.76],[85.53,-42.8],[85.27,-42.55],[85.28,-42.16],[85.14,-42.15],[85.02,-41.87],[85.18,-41.62],[85.56,-41.26],[85.8,-41.11],[85.97,-40.88],[86.62,-40.31],[86.92,-40.1],[87.11,-40.16],[87.04,-40.41],[87.37,-40.32],[87.66,-40.43],[87.86,-40.31],[88.19,-40.44],[88.2,-40.66],[88.55,-40.48],[89.04,-40.34],[88.92,-39.95],[89.11,-39.95]],[[90.89,-41.76],[90.83,-41.62],[91.14,-41.44],[91.35,-41.76],[90.89,-41.76]],[[92.31,-42.34],[92.2,-42.53],[91.79,-42.35],[91.91,-42.24],[92.31,-42.34]],[[97.1,-44.97],[97.21,-45.17],[96.96,-45.28],[96.68,-45.12],[96.72,-44.98],[97.1,-44.97]],[[107.33,-48.33],[107.57,-48.05],[107.76,-48.14],[107.74,-48.37],[107.98,-48.47],[107.59,-48.74],[107.17,-48.64],[107.13,-49.35],[106.66,-49.55],[106.4,-49.32],[106.71,-48.88],[106.93,-48.76],[106.95,-48.45],[107.33,-48.33]],[[122.95,-49.66],[123.16,-49.68],[123,-50.08],[122.78,-49.9],[122.95,-49.66]],[[76.29,-50.26],[76.18,-50.37],[76.82,-50.48],[76.82,-50.89],[76.38,-50.89],[76.54,-51.13],[76.59,-51.48],[77.82,-51.86],[78.14,-52.22],[78.43,-52.27],[78.96,-52.56],[79.85,-52.7],[80.81,-52.73],[80.99,-52.58],[81.29,-52.67],[81.15,-52.83],[81.49,-53.03],[81.66,-53.23],[82.27,-53.28],[82.72,-53.47],[83.09,-53.85],[83.13,-54.42],[82.58,-54.46],[81.96,-54.12],[81.82,-53.95],[81.26,-53.66],[80.81,-53.71],[79.94,-53.59],[79.44,-53.33],[78.88,-53.25],[79.23,-53.53],[79.1,-53.66],[79.15,-54],[79.06,-54.21],[79.28,-54.31],[78.83,-54.59],[79.16,-54.71],[79.57,-54.68],[79.68,-54.91],[80.08,-55.21],[80,-55.53],[79.7,-55.9],[78.9,-55.75],[79.08,-55.97],[80.05,-56.4],[80.32,-56.41],[80.64,-56.86],[81.45,-57.16],[82.01,-57.24],[82.03,-57.38],[83.1,-57.82],[83.52,-58.13],[83.51,-58.56],[83.89,-58.47],[84.19,-58.63],[84.5,-58.99],[84.73,-59.08],[84.74,-59.4],[85.11,-59.58],[85.48,-60.06],[85.41,-60.45],[84.89,-60.46],[84.77,-60.68],[85,-60.92],[85.84,-61.06],[86.15,-61.5],[85.3,-61.44],[84.57,-61.54],[84.33,-61.82],[84.47,-62.41],[84.69,-62.65],[84.96,-62.69],[85.07,-62.98],[84,-63.58],[83.64,-63.53],[82.87,-63.69],[82.43,-63.67],[81.76,-63.06],[80.88,-62.82],[80.28,-62.83],[79.55,-62.53],[79.51,-62.32],[79.01,-62.3],[78.85,-61.84],[78.36,-61.76],[78.41,-61.59],[79.14,-61.5],[79.44,-61.29],[79.37,-61.08],[78.48,-60.86],[78.26,-60.61],[77.74,-60.43],[76.79,-60.44],[76.32,-60.6],[75.24,-60.72],[74.66,-60.42],[73.69,-60.1],[72.99,-59.94],[72.92,-59.78],[73.14,-59.41],[73.02,-59.05],[73.54,-58.49],[73.92,-58.3],[74.02,-57.9],[74.47,-57.58],[74.59,-57.02],[73.89,-57.03],[73.25,-57.17],[72.88,-57.14],[72.76,-57.31],[72.16,-57.52],[70.74,-57.64],[69.46,-57.64],[68.95,-57.75],[68.5,-57.38],[68.02,-57.24],[66.68,-57.23],[66.1,-57.13],[65.95,-56.9],[65.53,-56.82],[65.82,-56.31],[65.41,-56],[65.65,-55.75],[65.38,-55.7],[64.97,-55.49],[65.66,-55.18],[66.1,-55.21],[66.08,-55.64],[65.81,-55.87],[65.87,-56.01],[66.41,-56.07],[66.74,-56.02],[67.55,-56.09],[68.69,-56.09],[69.39,-56.32],[69.52,-56.51],[70.7,-56.47],[71.09,-56.4],[72.23,-55.92],[72.33,-55.77],[72.91,-55.71],[73.37,-55.76],[74.07,-55.65],[74.12,-55.78],[75.02,-55.97],[75.19,-55.83],[74.99,-55.57],[74.23,-55.47],[73.49,-55.51],[73.3,-55.61],[72.87,-55.55],[72.86,-55.38],[72.49,-55.14],[72.58,-54.76],[72.13,-54.62],[71.79,-54.69],[71.66,-54.56],[71.93,-54.37],[71.37,-54.33],[71.14,-54.5],[70.73,-54.53],[70.66,-54.36],[70.9,-54.16],[71.51,-53.99],[70.93,-53.96],[70.82,-53.74],[70.88,-53.45],[71.09,-53.09],[71.14,-52.85],[70.66,-52.67],[70.49,-52.31],[69.95,-52.26],[69.77,-52.14],[69.03,-52.15],[68.58,-51.83],[67.88,-51.65],[67.35,-51.84],[66.74,-51.8],[66.49,-51.68],[66.04,-51.62],[66.23,-51.4],[65.98,-51.32],[66.09,-51.01],[65.78,-50.99],[65.77,-51.22],[65.15,-51.13],[65.11,-50.68],[64.34,-50.57],[64.12,-50.41],[63.57,-50.28],[63.09,-49.92],[63.21,-49.7],[62.9,-49.44],[62.6,-49.39],[62.09,-49.46],[61.85,-49.63],[61.64,-49.62],[61.49,-49.42],[62.02,-49.26],[62.06,-49.17],[61.58,-49.27],[61.77,-48.8],[61.69,-48.71],[61.76,-48.38],[61.59,-48.19],[61.81,-47.96],[62.36,-48.26],[62.66,-48.27],[62.8,-48.42],[63.13,-48.51],[63.38,-48.26],[63.79,-48.42],[63.91,-48.24],[64.66,-48.02],[64.36,-47.89],[64.34,-47.5],[64.59,-47.05],[64.77,-47.05],[65.11,-46.73],[65.23,-46.25],[65.91,-46.11],[66.28,-45.89],[66.41,-45.71],[66.79,-45.44],[67.08,-45.43],[67.44,-45.29],[68.21,-45.26],[68.41,-45.4],[68.57,-45.88],[68.76,-45.89],[69.1,-46.15],[69.21,-46.36],[69.5,-46.46],[70.12,-46.21],[70.2,-46.31],[69.96,-46.54],[70.15,-46.7],[70.54,-46.46],[70.69,-46.47],[70.93,-46.22],[70.69,-46.08],[70.76,-45.9],[71.55,-46.12],[71.45,-46.4],[72.08,-46.36],[72.51,-46.56],[73,-46.46],[72.87,-46.91],[73.11,-46.9],[73.32,-47.09],[73.78,-47.18],[73.76,-47.34],[74.16,-47.45],[75,-47.42],[76.06,-47.16],[76.75,-46.74],[77.04,-46.87],[76.86,-47.04],[76.44,-47.23],[75.98,-47.35],[75.24,-47.65],[75.66,-47.91],[76.12,-47.93],[76.24,-48.61],[75.71,-48.71],[75.78,-48.89],[76.29,-48.85],[76.3,-49.16],[76.61,-49.52],[76.32,-49.73],[76.44,-50.06],[76.29,-50.26]],[[102.82,-49.58],[102.71,-49.48],[102.98,-49.27],[103.76,-49.1],[103.86,-49.19],[103.3,-49.6],[102.82,-49.58]],[[97.41,-48.62],[97.14,-48.78],[96.94,-48.59],[97.23,-48.46],[97.41,-48.62]],[[99.64,-48.87],[99.32,-48.64],[99.55,-48.5],[99.64,-48.29],[100.14,-48.32],[99.64,-48.87]],[[102.74,-48.5],[102.92,-48.28],[103.28,-48.21],[103.58,-48.53],[103.44,-48.81],[102.93,-48.81],[102.56,-48.89],[102.39,-48.69],[102.74,-48.67],[102.74,-48.5]],[[103.96,-48.38],[104.47,-48.12],[104.85,-48.03],[104.79,-48.31],[104.47,-48.3],[104.29,-48.45],[103.96,-48.38]],[[104.32,-48.14],[104.07,-47.87],[104.11,-47.69],[104.57,-47.74],[104.38,-47.93],[104.32,-48.14]],[[104.71,-47.81],[104.83,-47.51],[105.06,-47.67],[104.71,-47.81]],[[105.59,-48.56],[105.71,-48.69],[105.6,-48.98],[105.89,-49.01],[105.84,-49.21],[105.37,-48.96],[105.35,-48.65],[105.59,-48.56]],[[105.65,-49.17],[105.41,-49.22],[105.24,-49.44],[105,-49.35],[105.34,-49.1],[105.65,-49.17]],[[104.75,-49.27],[104.55,-49.63],[104.26,-49.56],[104.75,-49.27]],[[107.85,-49.49],[107.93,-49.18],[108.35,-48.82],[108.4,-49.08],[107.85,-49.49]],[[108.94,-48.99],[109.25,-49.18],[108.88,-49.24],[108.94,-48.99]],[[121.71,-49.79],[121.71,-50.09],[121.41,-50.02],[121.71,-49.79]],[[110.76,-50.19],[110.93,-49.8],[111.29,-49.87],[111.18,-50.12],[110.76,-50.19]],[[108.06,-50.18],[107.84,-50.3],[107.49,-50.18],[107.75,-50.05],[108.06,-50.18]],[[104.32,-49.49],[103.96,-49.79],[103.79,-49.67],[104.04,-49.34],[104.32,-49.49]],[[104.59,-49.1],[104.06,-48.84],[104.27,-48.71],[104.72,-48.92],[104.59,-49.1]],[[102.07,-48.74],[102.3,-48.88],[102.18,-49.05],[101.73,-48.78],[102.07,-48.74]],[[98.67,-54.49],[98.92,-54.51],[99.26,-54.77],[99.08,-55.07],[98.69,-54.96],[98.67,-54.49]],[[100.99,-55.49],[101.24,-55.52],[101.18,-55.76],[100.92,-55.74],[100.99,-55.49]],[[97.98,-57.13],[97.98,-56.87],[98.41,-56.64],[98.7,-56.71],[98.22,-57.14],[97.98,-57.13]],[[66.89,-55.33],[66.58,-55.61],[66.24,-55.42],[66.89,-55.33]],[[65.21,-52.84],[65.33,-53.09],[64.98,-53.12],[64.98,-52.92],[65.21,-52.84]],[[62.26,-48.04],[62.11,-47.83],[62.31,-47.51],[62.52,-47.97],[62.26,-48.04]],[[92.12,-45.09],[92.49,-45.21],[92.23,-45.34],[92.12,-45.09]],[[82.7,-43.9],[82.93,-43.59],[83.17,-43.64],[83.06,-43.96],[82.7,-43.9]],[[78.76,-43.04],[78.71,-42.82],[79.1,-42.43],[79.87,-42.05],[80.08,-41.78],[80.28,-41.74],[80.54,-41.52],[80.89,-40.95],[81.18,-40.65],[81.57,-40.67],[81.76,-40.37],[82.02,-40.42],[82.17,-40.6],[82,-40.88],[82.38,-40.93],[82.5,-40.76],[82.78,-41.06],[82.77,-41.29],[82.91,-41.56],[83.16,-41.84],[83.61,-42.08],[83.83,-41.92],[84,-41.95],[84.34,-41.84],[84.59,-41.98],[84.11,-42.46],[83.76,-42.65],[83.23,-43.1],[82.8,-43.32],[82.45,-43.6],[81.94,-43.68],[81.95,-43.41],[81.61,-43.34],[81.27,-43.51],[81.2,-43.2],[81.05,-43.06],[80.74,-43.08],[80.69,-42.62],[80.3,-42.48],[79.88,-42.41],[79.63,-42.67],[79.41,-42.58],[79.25,-42.86],[78.99,-43.1],[78.76,-43.04]],[[84.79,-43.47],[84.92,-43.5],[84.66,-43.91],[84.48,-43.8],[84.79,-43.47]],[[89.91,-43.87],[90.2,-43.86],[90.44,-44.08],[90.22,-44.14],[89.91,-43.87]],[[83.54,-44.06],[83.31,-44.04],[83.45,-43.74],[83.62,-43.78],[83.54,-44.06]],[[91.2,-44.62],[91.2,-45],[90.97,-45.04],[90.96,-44.78],[91.2,-44.62]],[[95.57,-47.67],[96.11,-47.74],[95.91,-47.96],[95.55,-47.78],[95.57,-47.67]],[[96.49,-47.94],[96.66,-47.58],[97.06,-47.81],[96.75,-48.25],[96.6,-48.22],[96.49,-47.94]],[[77.14,-41.4],[76.75,-41.17],[77.11,-41.11],[77.14,-41.4]],[[102.02,-33.84],[101.74,-33.97],[101.85,-33.62],[102.02,-33.84]],[[104.3,-23.45],[104.38,-23.39],[104.72,-23.6],[104.7,-23.81],[104.3,-23.45]],[[106.95,-24.37],[107.53,-24.63],[107.49,-24.86],[107.1,-24.63],[106.95,-24.37]],[[103.22,-63.49],[102.96,-63.27],[102.99,-63.08],[103.67,-63.15],[103.7,-63.31],[103.22,-63.49]]]},"properties":{"scalerank":0,"featurecla":"Bathymetry","depth":3000}},
{"type":"Feature","geometry":null,"properties":{"scalerank":0,"featurecla":"Bathymetry","depth":3000}},
{"type":"Feature","geometry":null,"properties":{"scalerank":0,"featurecla":"Bathymetry","depth":3000}},
{"type":"Feature","geometry":null,"properties":{"scalerank":0,"featurecla":"Bathymetry","depth":3000}},
{"type":"Feature","geometry":null,"properties":{"scalerank":0,"featurecla":"Bathymetry","depth":3000}},
{"type":"Feature","geometry":null,"properties":{"scalerank":0,"featurecla":"Bathymetry","depth":3000}},
{"type":"Feature","geometry":null,"properties":{"scalerank":0,"featurecla":"Bathymetry","depth":3000}},
{"type":"Feature","geometry":null,"properties":{"scalerank":0,"featurecla":"Bathymetry","depth":3000}},
{"type":"Feature","geometry":null,"properties":{"scalerank":0,"featurecla":"Bathymetry","depth":3000}},
{"type":"Feature","geometry":{"type":"Polygon","coordinates":[[[98.52,-1.98],[98.34,-1.53],[98.06,-1.37],[97.9,-1.08],[97.87,-0.89],[97.52,-0.37],[97.27,-0.14],[97.3,0.07],[97.2,0.37],[96.84,0.89],[96.84,1.03],[96.65,1.28],[96.47,1.4],[96.32,1.67],[95.81,2.09],[95.26,2.29],[94.99,2.34],[94.44,2.69],[94.06,3.05],[93.82,3.22],[93.61,3.54],[93.51,3.89],[93.38,3.97],[93.07,4.79],[92.99,4.9],[92.88,5.38],[92.86,5.88],[92.77,6.09],[92.89,6.23],[92.81,6.41],[92.74,6.96],[92.51,7.31],[92.19,7.58],[91.9,8.33],[91.82,8.79],[91.62,8.87],[91.46,9.31],[91.44,10.11],[91.58,10.71],[91.67,11.49],[91.62,12.1],[91.75,12.58],[91.73,12.72],[91.89,13.23],[91.8,13.49],[91.55,13.34],[91.37,12.95],[91.1,12.73],[91.02,12.82],[90.71,12.62],[90.54,12.59],[90.36,12.72],[89.86,12.84],[89.56,12.83],[89.51,13.02],[89.2,13.11],[89.14,13.25],[88.65,13.58],[88.4,13.86],[87.99,13.82],[87.86,13.71],[87.34,13.65],[87.32,13.86],[87.12,13.87],[86.8,14.23],[86.79,14.35],[86.55,14.41],[86.47,14.29],[86.21,14.33],[86.09,14.71],[85.59,14.61],[85.47,15.09],[85.19,15.25],[84.87,15.25],[84.53,15.43],[84.42,15.73],[84.26,15.84],[84.22,16.22],[84.37,16.21],[84.24,16.56],[83.75,16.47],[83.64,16.01],[83.33,15.94],[83.35,15.77],[82.94,15.26],[82.71,15.08],[82.14,15],[81.49,14.59],[81.55,14.43],[81.17,14.4],[80.93,14.02],[81.01,13.86],[80.81,13.73],[80.88,13.48],[81.05,13.21],[80.94,12.89],[80.86,12.42],[80.74,12.21],[80.88,11.94],[80.88,11.53],[80.8,11.17],[80.9,10.92],[80.93,10.61],[81.1,9.94],[81.12,9.6],[81.3,9.18],[81.68,8.77],[81.68,8.56],[81.85,8.27],[82.05,8.13],[82.05,7.86],[82.19,7.46],[82.19,6.63],[81.75,5.91],[81.2,5.59],[81.05,5.56],[79.97,5.66],[79.74,5.78],[79.49,6.05],[79.18,6.12],[79.06,6.02],[78.55,6.02],[78.4,5.86],[78.29,6.07],[78.07,6.07],[77.98,5.71],[77.99,5.43],[78.11,5.23],[78.1,4.85],[78.24,4.66],[78.16,4.33],[78.05,4.16],[77.77,4.1],[77.76,4.33],[77.43,4.48],[77.29,4.64],[77.07,5.11],[76.78,4.99],[76.62,5.1],[76.41,4.63],[76.56,4.5],[76.42,4.18],[76.12,4.2],[76.08,3.91],[75.84,3.5],[75.48,3.43],[75.26,3.47],[75.1,3.24],[75.05,2.9],[75.2,2.36],[75.27,1.92],[75.14,1.76],[75.12,1.34],[75.01,0.97],[74.84,1],[74.55,0.51],[74.69,0.26],[74.58,-0.14],[74.61,-0.83],[74.58,-1.07],[74.37,-1.33],[74.28,-1.62],[74.37,-1.72],[74.33,-2.12],[74.16,-2.5],[74.16,-2.91],[74.06,-3.02],[73.76,-2.77],[73.92,-2.16],[73.76,-2.12],[73.67,-2.42],[73.53,-2.44],[73.34,-2.67],[73.15,-2.69],[73.1,-2.87],[72.84,-3.03],[72.74,-2.96],[72.79,-2.71],[72.74,-2.4],[72.79,-2.24],[72.62,-1.84],[72.6,-1.46],[72.67,-1.32],[72.6,-0.96],[72.48,-0.72],[72.46,-0.38],[72.76,-0.04],[72.69,0.15],[72.52,0.22],[72.37,0.41],[72.4,0.72],[72.53,0.92],[72.38,1.06],[72.42,1.49],[72.63,1.69],[72.61,1.98],[72.49,2.08],[72.48,2.38],[72.67,2.64],[72.62,2.77],[72.38,2.9],[72.5,3.14],[72.37,3.37],[72.25,3.38],[72.06,3.67],[71.98,4.05],[72.12,4.5],[72.04,5.02],[72.16,5.18],[72,5.42],[71.85,5.48],[71.79,5.85],[71.89,6.21],[71.93,6.84],[72.04,7.14],[71.86,7.53],[71.91,7.78],[71.83,8.13],[71.98,8.33],[72.1,8.63],[72.05,8.95],[71.75,9.27],[71.47,9.79],[71.47,10.2],[71.09,10.91],[70.9,11.14],[70.89,11.74],[70.8,12],[70.62,12.2],[70.85,12.29],[70.86,12.51],[70.64,12.53],[70.55,13.35],[70.69,13.47],[70.7,13.66],[70.49,13.78],[70.63,14.21],[70.54,14.48],[70.68,14.71],[70.66,15.14],[70.57,15.28],[70.66,15.52],[70.51,15.84],[70.73,15.99],[70.76,16.23],[70.59,16.31],[70.78,16.51],[70.69,16.92],[70.54,17.27],[70.2,17.72],[69.73,17.85],[69.6,18.31],[69.44,18.41],[69.23,18.78],[69.29,18.96],[68.94,18.97],[68.97,19.23],[68.78,19.31],[68.71,19.5],[68.55,19.5],[68.45,19.78],[68.7,19.92],[68.62,20.1],[68.76,20.39],[68.49,20.47],[68.29,20.24],[67.95,20.51],[67.73,20.34],[67.12,20.14],[67.15,19.78],[66.96,19.44],[66.61,19.48],[66.41,18.95],[66.22,19.13],[66.31,19.39],[66.08,19.45],[65.88,19.34],[65.56,19.33],[65.47,19.13],[65.24,19.24],[65.29,19.5],[65.51,19.64],[65.72,19.68],[65.95,19.94],[65.94,20.16],[65.8,20.43],[65.66,20.54],[64.7,20.53],[64.85,20.76],[65.09,20.88],[65.3,21.22],[65.33,21.49],[65.06,21.37],[64.91,21.45],[64.97,21.72],[64.69,21.84],[64.28,21.85],[64.15,21.61],[63.98,21.54],[63.93,21.92],[63.71,22.02],[63.53,21.85],[63.1,21.89],[62.78,21.84],[62.69,22.04],[63.09,22.55],[63.42,22.79],[63.44,22.97],[63.22,23.03],[62.9,22.58],[62.64,22.57],[62.48,22.1],[62.56,21.97],[62.53,21.59],[62.17,21.63],[62.18,21.43],[61.71,20.77],[61.44,20.62],[61.25,20.87],[60.96,20.88],[61.08,21.12],[61.43,21.4],[61.62,21.69],[61.63,21.84],[61.85,22.06],[62.11,22.43],[62.09,22.81],[62.19,23],[62.22,23.41],[62.42,23.48],[62.76,23.5],[63.08,23.76],[63.19,23.66],[63.46,23.76],[63.59,23.97],[63.79,24.07],[63.83,24.23],[63.46,24.29],[62.88,24.19],[61.94,24.15],[61.31,24.04],[60.47,24.17],[60.34,24.07],[59.37,24.33],[59.11,24.26],[58.78,24.36],[58.52,24.26],[58.87,24.07],[58.92,23.88],[59.27,23.51],[59.45,23.5],[59.77,23.13],[59.95,23.09],[60.18,22.88],[60.49,22.73],[60.57,22.44],[60.75,22.39],[60.84,22.09],[60.57,21.63],[60.25,21.56],[60.05,21.12],[60.12,20.98],[59.98,20.45],[59.83,20.14],[59.32,19.89],[58.99,19.28],[58.69,19.34],[58.65,19.17],[58.48,19.05],[58.26,18.71],[58.15,18.38],[58.11,18.05],[58.21,17.85],[58.14,17.59],[58.49,17.45],[58.2,17.01],[57.94,17.2],[57.88,16.94],[57.68,16.83],[57.53,17.02],[57.58,17.23],[57.36,17.33],[57,17.28],[56.5,17.3],[56.24,17.23],[55.59,16.9],[55.42,16.67],[55.32,15.84],[55.25,15.69],[55.46,15.43],[55.64,15.79],[55.72,16.06],[56.02,15.94],[56.21,15.75],[56.54,15.58],[56.55,15.42],[56.74,15.14],[57.02,15.1],[57.18,14.87],[57.22,14.56],[57.43,14.66],[57.5,14.51],[57.38,14.34],[57.51,14.06],[57.5,13.82],[57.16,13.78],[57.14,14.09],[56.91,14.23],[56.83,13.93],[56.72,13.84],[56.39,13.8],[56.19,13.64],[56.05,13.74],[56.16,13.97],[55.69,14.02],[55.16,13.72],[54.82,13.7],[54.69,13.25],[54.22,13.23],[54.02,13.51],[53.9,13.14],[54.38,13.06],[54.59,12.84],[55.16,12.63],[55.08,12.37],[55.16,12.18],[55.39,12.26],[55.52,12.06],[55.24,11.55],[55.05,11.51],[55.01,11.18],[55.17,10.73],[55.04,10.71],[54.68,11.3],[54.66,11.51],[54.39,11.69],[54,11.71],[53.81,11.62],[53.81,11.44],[53.65,11.24],[53.45,11.28],[53.24,11.15],[53.15,10.95],[52.95,10.89],[52.82,11.03],[52.56,10.99],[52.32,10.8],[52.34,10.32],[52.21,10.21],[52.22,10.01],[51.98,9.65],[51.99,9.31],[51.74,9.23],[51.66,9.06],[51.31,8.75],[50.96,8.59],[50.98,8.35],[50.88,7.97],[50.74,7.85],[50.56,7.44],[50.55,7.24],[50.41,7.02],[50.69,6.95],[50.76,6.75],[50.56,6.47],[50.56,6.19],[50.36,6.12],[50.14,6.3],[49.9,6.2],[50,6.05],[49.92,5.78],[49.67,5.61],[49.63,5.03],[49.48,4.8],[49.51,4.45],[49.44,4.23],[49.57,3.84],[49.32,3.65],[48.98,3.63],[48.69,3.7],[48.32,3.7],[48.13,3.56],[47.96,3.27],[47.76,3.17],[47.79,2.97],[47.62,2.88],[47.62,2.73],[47.45,2.53],[47.3,2.56],[46.69,2.05],[46.57,2.01],[46.35,1.62],[46.02,1.5],[45.98,1.27],[45.54,1.13],[45.51,0.98],[45.29,0.93],[44.86,0.58],[44.81,0.37],[44.53,0.29],[43.95,-0.31],[43.79,-0.38],[43.8,-0.58],[43.49,-0.84],[43.43,-1.2],[42.86,-1.8],[42.58,-1.98],[42.58,-2.15],[42.4,-2.34],[42.13,-2.8],[42.07,-3.1],[41.89,-3.22],[41.88,-3.66],[41.93,-4.33],[41.79,-4.82],[41.86,-5.08],[41.68,-5.26],[41.64,-5.52],[41.5,-5.76],[41.54,-5.9],[41.47,-6.22],[41.63,-6.55],[41.69,-6.86],[41.56,-7.13],[41.6,-7.55],[41.5,-8.15],[41.35,-8.47],[41.67,-8.62],[41.62,-8.75],[41.28,-8.93],[41,-8.94],[40.73,-9.22],[40.8,-9.7],[41.09,-9.84],[41.37,-9.42],[41.21,-9.1],[41.33,-8.98],[41.66,-8.95],[42.05,-9.53],[42.1,-9.77],[42.22,-9.92],[42.44,-9.85],[42.58,-10.06],[42.69,-10.62],[42.69,-11.02],[42.75,-11.32],[42.46,-11.74],[42.47,-12.01],[42.28,-12.13],[42.28,-12.29],[42.13,-12.55],[42.14,-12.95],[42.03,-13.22],[42.12,-13.66],[42.33,-13.94],[42.32,-14.23],[42.45,-14.44],[42.36,-14.6],[42.41,-14.93],[42.14,-15.17],[42.17,-15.46],[42.6,-16.08],[42.77,-16.12],[43.27,-15.82],[43.51,-15.77],[43.54,-15.6],[43.87,-15.61],[43.91,-15.31],[44.04,-15.22],[44.02,-15.02],[43.8,-14.65],[43.95,-14.55],[44.12,-14.83],[44.16,-15.07],[44.28,-15.24],[44.54,-15.41],[44.81,-15.31],[45.17,-15.27],[45.29,-15.07],[45.12,-14.98],[45.36,-14.8],[45.55,-14.81],[45.79,-14.7],[45.99,-14.36],[46.34,-14.1],[46.57,-13.82],[47.04,-13.46],[47.22,-13.49],[47.27,-13.14],[47.39,-13.02],[47.3,-12.8],[47.33,-12.44],[47.51,-12.21],[47.53,-12],[47.79,-11.7],[48.11,-11.59],[48.28,-11.72],[48.8,-11.59],[48.83,-11.4],[48.74,-11.16],[48.87,-11.09],[49.15,-11.11],[49.3,-11.38],[49.44,-11.23],[49.46,-11.03],[49.72,-11.11],[49.74,-10.93],[49.99,-10.85],[50.21,-11.04],[50.23,-11.22],[50.11,-11.37],[50.2,-11.51],[49.97,-11.81],[49.97,-12.03],[50.36,-12.3],[50.3,-12.53],[50.47,-12.74],[50.59,-13.34],[50.7,-13.54],[50.59,-13.86],[50.74,-14.07],[50.69,-14.33],[50.96,-14.64],[50.97,-14.84],[50.82,-14.98],[50.98,-15.2],[50.88,-15.58],[50.78,-16.39],[50.54,-17.19],[50.32,-17.37],[50.33,-17.58],[50.2,-17.66],[50.04,-17.95],[50.02,-18.3],[49.81,-18.91],[49.66,-18.98],[49.51,-19.36],[49.44,-19.71],[49.46,-20.05],[49.25,-20.59],[49.07,-21.28],[48.96,-21.46],[48.91,-21.84],[48.63,-22.46],[48.48,-22.57],[48.43,-22.78],[48.4,-23.5],[48.26,-24.02],[48.3,-24.18],[48.06,-24.24],[47.59,-25.19],[47.64,-25.32],[47.49,-25.65],[47.77,-25.65],[47.76,-25.96],[47.49,-26.07],[47.77,-26.34],[47.77,-26.64],[47.89,-26.78],[47.8,-26.97],[48.41,-27.29],[48.77,-27.72],[49.1,-27.76],[49.3,-28.04],[49.4,-28.32],[48.95,-28.63],[49.08,-28.8],[49.01,-29.05],[48.43,-29.43],[48.07,-29.35],[47.92,-29.45],[47.99,-29.66],[47.78,-30.01],[47.51,-29.97],[47.45,-29.66],[47.66,-29.58],[47.42,-29.26],[47.43,-28.96],[47.17,-28.98],[46.95,-28.8],[46.9,-28.32],[46.7,-28.31],[46.42,-28.47],[46.25,-28.46],[46.27,-28.85],[46.35,-28.96],[46.8,-29.26],[46.94,-29.45],[47.1,-29.33],[47.28,-29.5],[47.41,-30.05],[47.38,-30.31],[47.74,-30.7],[47.67,-30.8],[46.92,-31.2],[46.56,-31.58],[46.49,-31.9],[46.69,-32.13],[46.69,-32.34],[46.85,-32.53],[46.91,-32.78],[46.89,-33.41],[47.05,-33.7],[47.05,-33.99],[47.23,-34.2],[47.28,-34.42],[47.19,-34.58],[46.87,-34.7],[46.84,-34.86],[46.48,-35.36],[45.96,-35.57],[45.67,-35.59],[45.55,-35.3],[45.35,-35.21],[45.22,-35.36],[44.71,-35.24],[43.85,-35.52],[43.46,-35.02],[43.17,-35.15],[43.08,-35],[43.25,-34.78],[43.03,-34.7],[42.98,-34.36],[43.16,-34.18],[43.14,-34],[42.88,-33.93],[42.84,-33.02],[42.93,-32.64],[42.87,-32.24],[42.72,-32.07],[42.77,-31.84],[42.66,-31.47],[42.82,-31.23],[42.8,-31.04],[43.03,-30.58],[43.58,-29.95],[43.51,-29.78],[43.53,-29.23],[43.85,-29.12],[43.86,-28.72],[44.02,-28.55],[44.06,-28.25],[44.28,-28],[44.33,-27.77],[44.24,-27.34],[44.3,-27.12],[44.23,-26.57],[43.96,-26.49],[43.94,-26.26],[43.63,-25.86],[43.96,-25.41],[43.77,-25.39],[43.56,-25.22],[43.63,-25.06],[43.42,-24.45],[43.44,-24.02],[43.27,-23.78],[43.14,-23.79],[42.84,-23.52],[42.71,-23.52],[42.31,-23.18],[42.02,-23.19],[42.01,-22.94],[42.29,-22.82],[42.17,-22.51],[41.78,-22.53],[41.49,-22.61],[41.44,-22.31],[41.49,-21.69],[41.74,-21.08],[41.27,-21.11],[41.06,-20.83],[40.78,-20.9],[40.79,-21.12],[40.29,-21.2],[40.01,-20.72],[39.48,-20.78],[39.58,-21.07],[40.02,-21.13],[40.02,-21.44],[40.2,-21.53],[40.35,-22.11],[40.49,-22.09],[40.61,-22.33],[40.56,-22.52],[40.41,-22.57],[40.15,-22.42],[39.86,-22.54],[39.58,-22.49],[39.41,-22.58],[39.1,-22.02],[38.85,-21.85],[38.94,-21.66],[39.19,-21.7],[39.28,-21.57],[39.16,-21.39],[38.9,-21.43],[38.18,-21.3],[37.96,-21.38],[37.74,-21.23],[37.55,-21.25],[37.43,-21.54],[37.26,-21.48],[37.1,-21.81],[36.99,-22.21],[37.17,-22.71],[37.08,-22.9],[37.2,-23.23],[37.77,-23.35],[37.91,-23.49],[38.31,-23.17],[38.59,-23.31],[38.52,-23.69],[38.18,-23.96],[38.03,-23.83],[37.85,-23.86],[37.6,-23.69],[37.33,-23.76],[37.08,-24.03],[36.97,-24.33],[37.06,-24.74],[37.17,-25],[37.43,-25.21],[37.25,-25.46],[37.38,-25.69],[37.64,-25.78],[37.17,-26.55],[37.11,-26.94],[37.23,-27.4],[37.08,-28.19],[36.79,-28.39],[36.86,-28.56],[36.72,-28.86],[36.54,-28.96],[36.57,-29.23],[36.49,-29.49],[36.71,-29.59],[36.72,-30.38],[36.81,-30.67],[36.48,-30.87],[36.43,-31.06],[36.11,-31.16],[36.49,-31.37],[36.5,-31.73],[36.6,-31.97],[36.5,-32.16],[36.48,-32.53],[36.55,-32.71],[36.38,-33.65],[36.15,-34.19],[35.88,-34.22],[35.68,-34.8],[35.14,-35.09],[34.73,-35.17],[33.64,-35],[33.52,-35.17],[33.19,-35.28],[32.74,-35.29],[32.53,-35.1],[32.53,-34.95],[32.17,-34.46],[32.15,-34.23],[32.53,-33.85],[32.69,-33.58],[33.08,-33.47],[33.22,-33.18],[33.55,-33.03],[33.78,-33.08],[33.89,-32.84],[33.92,-32.53],[33.83,-31.93],[34.14,-31.68],[34.15,-31.37],[33.99,-30.88],[33.5,-30.74],[33.46,-30.54],[33.02,-30.63],[32.78,-30.46],[32.4,-30.44],[32.04,-30.71],[32.31,-31.16],[32.24,-31.32],[32.02,-31.45],[31.41,-31.41],[30.9,-31.7],[30.73,-31.47],[30.61,-31.81],[30.63,-32.03],[30.31,-32.18],[30.12,-32.14],[29.86,-32.28],[29.85,-32.49],[29.58,-32.57],[29.29,-32.87],[29.81,-34.7],[30.32,-36.54],[30.57,-37.45],[30.96,-38.83],[30.52,-40.76],[30.08,-42.7],[29.64,-44.64],[29.2,-46.58],[28.76,-48.51],[29.57,-49.7],[30.11,-50.49],[31.18,-52.07],[31.22,-53.04],[31.28,-54.5],[31.36,-56.44],[31.44,-58.38],[31.48,-59.36],[31.54,-60.81],[31.62,-62.76],[31.68,-64.21],[31.76,-66.16],[31.8,-67.13],[32.52,-66.7],[32.71,-66.46],[32.54,-65.78],[32.67,-65.53],[33.98,-65.5],[33.55,-65.18],[33.47,-64.96],[33.71,-64.69],[34.41,-64.74],[34.9,-64.91],[34.92,-65.16],[34.37,-65.82],[34.61,-66.36],[34.25,-66.85],[34.26,-67.24],[34.67,-67.37],[34.75,-67.72],[35.59,-67.7],[35.47,-67.38],[36.85,-67.61],[37.37,-67.58],[37.41,-67.82],[38.56,-68.01],[39.24,-67.73],[39.2,-67.56],[39.64,-67.44],[39.53,-67.23],[40.35,-67.09],[40.42,-67.37],[40.92,-67.3],[41.24,-67.42],[42.58,-67.13],[42.03,-67],[42.45,-66.73],[42.41,-66.55],[43.1,-66.54],[43.67,-66.23],[45.02,-65.97],[44.97,-65.76],[45.68,-65.85],[45.9,-65.69],[46.54,-65.83],[46.82,-65.62],[46.48,-65.47],[46.65,-65.12],[47.86,-64.97],[47.74,-64.72],[48.78,-64.91],[49.04,-65.23],[49.59,-65],[49.49,-64.72],[50.89,-64.87],[51.14,-64.52],[51.72,-64.22],[52.23,-64.3],[52.19,-64.79],[53.16,-65.04],[53.44,-64.71],[54.52,-64.78],[54.53,-65.04],[54.89,-65.05],[55.28,-65.23],[55.7,-65.23],[56.09,-64.97],[56.65,-65.05],[56.98,-65.3],[57.36,-65.37],[58.05,-65.65],[58.27,-65.62],[59.13,-65.74],[58.98,-64.26],[58.79,-62.3],[58.59,-60.33],[58.39,-58.37],[58.19,-56.4],[58,-54.44],[57.8,-52.47],[57.6,-50.51],[57.4,-48.54],[57.21,-46.58],[57.01,-44.62],[58.49,-43.33],[59.97,-42.05],[61.46,-40.77],[62.94,-39.49],[64.42,-38.21],[65.9,-36.92],[67.39,-35.64],[68.87,-34.36],[70.35,-33.08],[71.83,-31.8],[72.58,-31.16],[73.69,-30.19],[73.85,-28.77],[74.71,-27.97],[76.28,-27.74],[78,-28.05],[79.73,-28.35],[81.24,-27.18],[82.74,-26],[84.24,-24.82],[85.75,-23.64],[86.5,-23.05],[87.63,-22.17],[89.61,-22.02],[90.6,-21.95],[92.08,-21.85],[92.23,-19.88],[92.38,-17.91],[92.53,-15.94],[92.68,-13.97],[92.79,-12.5],[92.94,-10.53],[93.09,-8.56],[93.21,-7.08],[93.32,-5.61],[93.43,-4.13],[95.13,-3.41],[96.83,-2.7],[98.52,-1.98]],[[90,-0.1],[90,-0.89],[89.94,-1.06],[89.72,-1.15],[89.64,-1.56],[89.44,-1.79],[89.53,-2],[89.28,-2.18],[89.04,-2.11],[88.79,-1.81],[88.94,-1.3],[88.96,-0.86],[89.09,-0.65],[89.37,-0.52],[89.3,-0.38],[89.43,-0.05],[89.64,0.02],[89.88,-0.15],[90,-0.1]],[[89.69,0.59],[89.46,0.63],[89.47,1.01],[89.56,1.14],[89.57,1.79],[89.3,1.76],[88.93,2.15],[88.95,2.32],[89.17,2.49],[89.2,2.67],[89.52,2.83],[89.74,3.21],[89.71,3.43],[89.94,4.31],[90.24,4.46],[90.46,4.39],[90.64,4.81],[91.01,4.63],[91.19,4.44],[91.2,4.18],[91.1,4.08],[90.83,4.06],[90.91,3.83],[91.05,3.75],[90.89,3.43],[90.86,3.22],[91.05,2.79],[90.96,2.46],[90.46,1.95],[90.55,1.78],[90.59,1.28],[90.44,0.95],[90.23,0.89],[90.11,0.75],[89.88,0.72],[89.69,0.59]],[[78.44,4.46],[78.48,4.19],[78.24,4.32],[78.44,4.46]],[[91.21,4.51],[91.16,4.9],[91.36,4.93],[91.42,4.65],[91.21,4.51]],[[91.02,4.95],[90.6,5.01],[90.64,5.17],[90.85,5.3],[91.15,5.19],[91.02,4.95]],[[90.51,5.18],[90.41,5.05],[90.14,5.23],[89.7,5.13],[89.52,5.3],[89.64,5.77],[89.58,5.97],[89.68,6.16],[89.56,6.46],[89.64,6.67],[89.85,6.75],[89.57,7.32],[89.61,7.59],[89.99,7.76],[90.12,7.97],[90.11,8.18],[90.37,8.13],[90.43,7.84],[90.59,7.81],[90.72,7.61],[90.56,7.32],[90.76,7.01],[90.98,6.94],[91.06,6.76],[91.31,6.7],[91.39,6.38],[91.25,6.12],[91.08,6],[91.08,5.83],[90.79,5.71],[90.4,5.72],[90.53,5.49],[90.51,5.18]],[[90.14,8.43],[89.94,8.44],[89.9,8.59],[90.2,8.94],[90.11,9.07],[89.89,9.09],[89.74,9.29],[90.1,9.33],[90.32,9.5],[90.61,9.33],[90.62,9],[90.49,8.64],[90.36,8.47],[90.14,8.43]],[[83.19,-2.78],[83.22,-3.11],[82.91,-3.08],[82.86,-2.89],[83.19,-2.78]],[[73.98,-3.08],[74.08,-3.21],[73.94,-3.72],[73.91,-4.2],[73.72,-5.16],[73.52,-5.29],[73.42,-5.72],[73.18,-5.85],[73.06,-6.36],[73.19,-6.59],[73.35,-6.4],[73.35,-6.12],[73.59,-6.01],[73.61,-6.28],[73.54,-6.62],[73.34,-6.71],[73.11,-7.07],[73.14,-7.26],[72.65,-7.55],[72.66,-7.79],[72.49,-8.31],[72.65,-8.64],[72.67,-8.98],[72.55,-9.02],[72.53,-9.26],[72.24,-9.24],[72.14,-9.1],[71.91,-9.26],[72,-9.84],[71.69,-9.89],[71.71,-10.42],[71.57,-10.44],[71.62,-10.81],[71.33,-11.02],[71.21,-10.53],[70.82,-10.55],[70.65,-10.28],[70.8,-10.13],[70.47,-9.8],[70.45,-9.66],[69.86,-9.54],[69.86,-9.34],[69.69,-9.19],[69.65,-8.93],[69.91,-8.4],[69.69,-8.49],[69.62,-8.35],[69.94,-8.17],[70.18,-8.18],[70.39,-7.97],[70.43,-7.47],[70.54,-7.38],[70.42,-6.93],[70.61,-6.58],[70.76,-6.5],[70.93,-5.99],[71.24,-5.55],[71.14,-5.1],[71.37,-4.95],[71.61,-5.02],[72,-4.55],[72.17,-4.46],[72.29,-4.06],[72.55,-4.12],[72.55,-3.91],[72.76,-3.8],[73.18,-3.78],[73.29,-3.99],[73.74,-3.83],[73.58,-3.59],[73.63,-3.46],[73.86,-3.47],[73.82,-3.12],[73.98,-3.08]],[[89.07,-3.37],[89.18,-3.6],[88.96,-3.62],[88.87,-3.46],[89.07,-3.37]],[[88.82,-4.38],[88.71,-4.16],[88.81,-3.78],[89,-3.7],[89.47,-3.86],[89.62,-3.76],[89.86,-3.84],[89.94,-3.98],[89.52,-4.18],[89.14,-4.42],[88.82,-4.38]],[[88.92,-6.7],[88.87,-6.58],[88.99,-6.34],[89.24,-6.31],[89.3,-6.57],[89.16,-6.91],[89.04,-6.99],[88.79,-6.92],[88.92,-6.7]],[[88.9,-7.42],[88.97,-7.12],[89.29,-7.18],[89.28,-7.76],[89.14,-8.09],[89.18,-8.28],[89.11,-8.53],[89.13,-8.9],[88.95,-9.14],[89.04,-9.38],[88.9,-9.44],[88.93,-9.65],[88.75,-9.75],[88.65,-9.65],[88.62,-9.03],[88.81,-8.97],[88.71,-8.77],[88.78,-8.52],[88.78,-7.87],[88.9,-7.42]],[[88.28,-10.88],[88.47,-10.67],[88.75,-10.64],[89.05,-10.71],[89.19,-10.92],[89.19,-11.28],[89.25,-11.38],[89.26,-11.84],[89.1,-11.95],[89.15,-12.74],[89.07,-13.22],[89.09,-13.51],[88.82,-13.9],[88.85,-14.09],[88.75,-14.42],[88.77,-14.6],[88.6,-15.57],[88.5,-15.73],[88.6,-16.06],[88.82,-16.23],[88.74,-17.02],[88.77,-17.3],[88.67,-17.44],[88.7,-17.98],[88.63,-18.4],[88.43,-18.55],[88.34,-18.83],[88.42,-18.98],[88.34,-19.34],[88.35,-19.73],[88.46,-20.04],[88.26,-20.32],[88.29,-20.56],[88.12,-20.71],[88.24,-21.06],[87.77,-21.28],[87.6,-21.29],[87.55,-21.08],[87.16,-21.07],[86.85,-20.72],[87.15,-20.4],[87.03,-20.33],[86.98,-20.08],[87.03,-19.86],[86.92,-19.6],[87.05,-19.46],[87.14,-19.13],[87.04,-18.95],[87.2,-18.64],[87.35,-18.52],[87.27,-18.32],[87.36,-18.13],[87.56,-17.97],[87.32,-17.66],[87.41,-17.51],[87.45,-17.02],[87.24,-16.72],[87.42,-16.44],[87.65,-16.25],[87.41,-16.15],[87.48,-15.87],[87.28,-15.73],[87.14,-15.8],[86.83,-15.76],[86.77,-15.63],[86.43,-15.58],[86.18,-15.36],[86.22,-15.2],[85.97,-15.05],[85.78,-14.86],[85.75,-14.52],[85.9,-14.28],[86.3,-14.06],[86.63,-14],[86.81,-13.88],[87.02,-13.9],[87.4,-14.21],[87.59,-14.18],[87.6,-14.4],[87.83,-14.88],[87.94,-14.66],[87.98,-14.33],[88.08,-14.19],[88.03,-14],[88.17,-13.52],[88.18,-13.09],[88.25,-12.89],[88.27,-12.26],[88.37,-11.81],[88.28,-10.88]],[[88.57,-20.03],[88.46,-19.66],[88.54,-19.41],[88.67,-19.4],[88.68,-19.8],[88.57,-20.03]],[[71.23,-21.43],[71.08,-21.69],[70.91,-21.59],[71.23,-21.43]],[[67.1,-17.02],[66.91,-17.3],[66.77,-17.33],[66.51,-17.53],[66.64,-17.66],[67.08,-17.56],[67.32,-17.59],[67.41,-17.81],[67.67,-18.1],[67.63,-18.43],[67.44,-18.69],[67.49,-18.83],[66.98,-19.16],[67.32,-19.25],[67.4,-19.06],[67.56,-19.09],[67.61,-19.58],[67.75,-19.39],[67.97,-19.32],[68.26,-19.38],[68.21,-19.56],[67.85,-19.85],[68.14,-19.89],[68.22,-19.76],[68.71,-19.46],[68.81,-19.46],[69.19,-19.2],[69.31,-19.44],[69.06,-19.49],[69.17,-19.68],[69.2,-19.92],[69.32,-20.09],[69.4,-20.51],[69.63,-20.76],[69.8,-20.61],[69.98,-20.59],[70.04,-20.92],[69.82,-21.04],[69.79,-21.34],[70.08,-21.62],[70.16,-21.87],[70.52,-21.69],[70.53,-21.89],[70.39,-22.03],[69.85,-22.1],[69.84,-22.26],[69.59,-22.51],[69.3,-22.48],[69.43,-22.68],[69.78,-22.54],[70.05,-22.36],[70.34,-22.45],[69.95,-22.79],[69.99,-22.97],[69.94,-23.25],[70.32,-23.32],[70.41,-23.6],[70.22,-23.78],[70.03,-23.81],[70.2,-24.46],[70.52,-24.33],[70.84,-24.35],[70.86,-24.56],[70.58,-24.74],[70.49,-24.62],[70.22,-24.87],[70,-24.89],[69.84,-24.53],[69.71,-24.7],[69.96,-24.91],[70,-25.11],[69.82,-25.37],[70.36,-26.07],[70.26,-26.2],[69.98,-26.15],[69.88,-26.01],[69.41,-26.11],[68.98,-26.57],[68.73,-26.62],[68.95,-26.24],[69.4,-26.02],[69.62,-25.69],[69.22,-25.85],[68.7,-25.86],[68.78,-25.63],[69.02,-25.68],[69.34,-25.62],[69.22,-25.34],[69.18,-25.16],[69.36,-25.1],[69.53,-24.78],[69.31,-24.79],[69.1,-25.04],[68.98,-24.77],[69.41,-24.65],[69.34,-24.35],[68.96,-24.52],[68.69,-24.34],[69.18,-24.18],[68.9,-23.86],[69.05,-23.75],[68.79,-23.47],[68.66,-23.57],[68.28,-23.58],[68.13,-23.5],[67.82,-23.56],[67.77,-23.43],[68.09,-23.31],[68.32,-23.41],[68.3,-23.21],[68.28,-23.25],[68.2,-23.24],[68.2,-23.09],[68.26,-23.02],[68.66,-22.9],[68.76,-22.78],[68.54,-22.56],[68.34,-22.46],[68.35,-22.2],[68.12,-22.22],[68.16,-21.92],[67.94,-21.86],[67.66,-21.62],[67.75,-21.27],[67.52,-21.1],[67.3,-21.24],[67.43,-21.37],[67.31,-21.54],[67.06,-21.49],[66.87,-21.54],[66.62,-21.45],[66.79,-21.12],[66.24,-21.58],[66.19,-21.8],[65.97,-21.76],[65.91,-21.55],[66.26,-21.28],[66.17,-20.93],[65.98,-20.83],[65.57,-20.82],[65.44,-20.52],[65.04,-20.45],[64.84,-20.29],[64.35,-20.4],[64.07,-20.28],[63.84,-20.3],[63.94,-20.05],[63.61,-19.98],[63.86,-20.6],[63.59,-20.59],[63.34,-20.33],[62.93,-20.09],[62.65,-20.03],[62.4,-19.89],[61.88,-19.75],[61.57,-19.59],[61,-19.45],[60.84,-19.2],[61.69,-19.23],[62,-19.31],[62.41,-19.53],[62.64,-19.48],[62.75,-19.23],[62.93,-19.41],[63.12,-19.34],[63.65,-19.42],[63.24,-19.09],[63.35,-18.9],[63.62,-18.82],[63.94,-18.6],[64.28,-18.51],[64.48,-18.54],[64.63,-18.29],[65.01,-18.03],[65.15,-17.86],[65.17,-17.68],[65.4,-17.59],[65.64,-17.34],[65.86,-17.35],[66.22,-17.09],[66.14,-16.91],[66.86,-16.42],[67.32,-16.15],[67.56,-16.15],[67.64,-15.93],[67.81,-15.91],[68.36,-15.5],[68.4,-15.72],[68.21,-15.98],[67.87,-16.15],[67.7,-16.42],[67.39,-16.57],[67.02,-16.86],[67.1,-17.02]],[[68.06,-17.09],[68.12,-17.45],[67.89,-17.47],[67.73,-17.11],[67.78,-16.9],[67.96,-16.88],[68.06,-17.09]],[[67.61,-17.08],[67.76,-17.43],[67.54,-17.47],[67.43,-17.19],[67.61,-17.08]],[[69.66,-20.53],[69.53,-20.27],[69.75,-20.22],[69.66,-20.53]],[[70.89,-22.09],[71.16,-22.01],[71.18,-22.18],[70.76,-22.35],[70.74,-22.11],[70.89,-22.09]],[[70.68,-22.37],[70.55,-22.67],[70.4,-22.45],[70.68,-22.37]],[[71.58,-23.43],[71.81,-23.37],[71.86,-23.54],[71.63,-23.62],[71.58,-23.43]],[[70.39,-24.26],[70.18,-24.26],[70.27,-23.88],[70.5,-24.06],[70.39,-24.26]],[[70.86,-24.71],[71.07,-24.81],[70.92,-25],[70.4,-25.4],[70.73,-25.74],[70.85,-25.94],[70.63,-26.06],[70.26,-25.81],[70.1,-25.61],[70,-25.24],[70.47,-25.1],[70.86,-24.71]],[[72.24,-24.91],[72.26,-25.13],[71.96,-25.2],[71.95,-25],[72.24,-24.91]],[[72.32,-25.48],[72.37,-25.58],[72.22,-25.94],[71.92,-26.22],[71.7,-26.3],[71.5,-26.11],[71.5,-25.96],[71.71,-25.8],[71.99,-25.78],[72.32,-25.48]],[[72.48,-26.02],[72.55,-25.75],[72.72,-25.83],[72.71,-26.01],[72.48,-26.02]],[[72.56,-26.2],[72.52,-26.41],[72.77,-26.4],[72.94,-26.81],[72.92,-27.04],[73.26,-27.04],[73.61,-26.78],[73.73,-27.22],[73.44,-27.4],[72.88,-27.35],[72.51,-26.91],[72.28,-26.86],[71.92,-26.43],[72.09,-26.17],[72.39,-26.25],[72.56,-26.2]],[[74.32,-27.46],[74.3,-27.59],[73.95,-27.77],[73.75,-27.67],[73.75,-27.41],[73.87,-27.26],[74.13,-27.25],[74.32,-27.46]],[[74.18,-27.76],[74.35,-27.63],[74.55,-27.74],[74.41,-28.1],[74.25,-28.04],[74.18,-27.76]],[[73.94,-27.84],[74.24,-28.12],[74.16,-28.41],[74,-28.39],[73.71,-28.56],[73.58,-28.38],[73.72,-28.05],[73.94,-27.84]],[[61.78,-28.5],[61.72,-28.68],[61.51,-28.84],[61.55,-29.15],[61.65,-29.23],[61.42,-29.62],[61.19,-29.64],[61.13,-29.47],[61.4,-28.93],[61.27,-28.78],[61.49,-28.51],[61.78,-28.5]],[[73.35,-29.19],[73.55,-29.39],[73.24,-29.47],[73.17,-29.36],[73.35,-29.19]],[[60.58,-29.76],[60.38,-30.25],[60.06,-30.15],[60.35,-29.79],[60.35,-29.36],[60.57,-29.41],[60.58,-29.76]],[[59.17,-30.34],[59.04,-30.89],[58.85,-31.02],[58.63,-30.97],[58.69,-30.7],[58.82,-30.62],[58.95,-30.35],[59.17,-30.34]],[[59.74,-30.91],[59.86,-30.6],[60.22,-30.62],[60.32,-30.86],[59.9,-30.79],[59.74,-30.91]],[[58.38,-31.11],[58.31,-31.47],[58.13,-31.6],[57.84,-31.54],[57.6,-31.67],[57.49,-31.49],[57.76,-31.44],[57.72,-31.27],[58.29,-30.88],[58.38,-31.11]],[[58.74,-31.23],[58.88,-31.33],[58.99,-31.68],[58.91,-32],[58.56,-32.05],[58.49,-31.4],[58.74,-31.23]],[[57.98,-31.74],[58.13,-31.92],[58.06,-32.34],[57.88,-32.47],[57.57,-32.32],[57.35,-32.48],[57.43,-32.76],[57.17,-32.74],[57.23,-32.49],[57.14,-32.33],[57.17,-31.96],[57.58,-31.9],[57.98,-31.74]],[[58.83,-32.15],[58.75,-32.42],[58.56,-32.43],[58.58,-32.16],[58.83,-32.15]],[[57.93,-33.26],[57.74,-32.71],[58.04,-32.63],[58.05,-33.19],[57.93,-33.26]],[[56.75,-33.79],[56.9,-33.94],[56.87,-34.14],[56.59,-34.1],[56.75,-33.79]],[[56.41,-33.87],[56.26,-34.48],[55.94,-35.04],[55.98,-35.29],[55.69,-35.27],[55.8,-35.02],[55.9,-34.54],[55.71,-34.57],[55.65,-34.33],[55.88,-34.33],[55.9,-33.98],[56.1,-33.79],[56.41,-33.87]],[[55.39,-35.06],[55.27,-35.23],[55.24,-35.72],[55.06,-35.94],[55.08,-36.14],[54.88,-36.17],[54.98,-35.66],[54.98,-35.28],[54.89,-34.84],[54.97,-34.58],[55.18,-34.41],[55.45,-34.48],[55.39,-35.06]],[[53.93,-36.22],[53.9,-36.6],[53.64,-36.77],[53.62,-36.27],[53.55,-36.16],[53.49,-35.62],[53.77,-35.51],[53.95,-35.68],[53.82,-36.04],[53.93,-36.22]],[[53.03,-36.17],[53.18,-36.31],[53.25,-36.75],[53.12,-36.92],[52.84,-37.52],[52.53,-37.69],[52.38,-37.67],[52.51,-36.84],[52.45,-36.41],[52.9,-36.12],[53.03,-36.17]],[[53.35,-37.42],[53.41,-37.02],[53.7,-37.01],[53.35,-37.42]],[[50.49,-36.68],[50.71,-36.71],[50.66,-36.94],[50.86,-36.96],[51.12,-36.82],[51.34,-36.95],[51.48,-37.23],[51.42,-37.35],[51.98,-37.4],[52.29,-37.35],[52.09,-37.7],[52.09,-37.88],[51.79,-38.02],[51.84,-38.32],[51.35,-38.35],[51.27,-38.54],[51.53,-38.69],[51.66,-38.93],[51.08,-38.92],[50.9,-38.78],[50.93,-38.53],[50.77,-38.23],[50.52,-38.21],[50.04,-38.32],[50.04,-38.5],[50.42,-38.53],[50.31,-38.89],[50.02,-39.05],[50.13,-39.18],[50.14,-39.53],[49.92,-39.57],[49.7,-39.43],[49.18,-39.5],[49.08,-38.69],[48.92,-38.91],[48.79,-39.43],[48.32,-39.74],[48.14,-39.96],[47.96,-39.78],[48.15,-39.67],[48.44,-39.18],[48.22,-39.12],[47.99,-39.3],[47.69,-39.79],[47.7,-39.98],[47.43,-40.16],[47.47,-40.47],[47.24,-40.8],[47.23,-41.26],[47.11,-41.36],[46.93,-41.93],[46.6,-41.93],[46.72,-41.66],[46.7,-41.38],[46.82,-41.21],[46.89,-40.77],[47.02,-40.4],[47.18,-40.18],[46.86,-40.12],[46.92,-40.41],[46.84,-40.68],[46.48,-40.72],[46.28,-40.56],[46.1,-40.6],[46.08,-40.13],[46.22,-39.94],[46.31,-39.63],[46.25,-39.47],[46.31,-39.09],[46.65,-38.79],[46.34,-38.71],[46.37,-38.47],[46.51,-38.29],[46.5,-38.05],[46.66,-37.94],[46.78,-37.64],[46.97,-37.69],[47.01,-37.31],[47.38,-37.37],[47.47,-37.79],[47.29,-38.06],[47.61,-38.02],[47.71,-37.86],[47.97,-37.69],[47.79,-37.23],[48.02,-37.13],[48.25,-37.42],[48.57,-37.16],[48.86,-37.29],[48.95,-36.96],[48.77,-36.81],[48.78,-36.47],[48.99,-36.46],[49.18,-36.82],[49.18,-37.08],[49.78,-36.86],[49.86,-36.65],[50.07,-36.61],[50.39,-36.39],[50.54,-36.51],[50.49,-36.68]],[[51.61,-37.23],[51.52,-37.09],[51.96,-36.79],[51.63,-36.54],[51.82,-36.27],[51.71,-36.03],[51.94,-36],[51.89,-35.79],[52.11,-35.55],[52.27,-35.6],[52.22,-35.98],[52.27,-36.34],[52.26,-36.89],[52.15,-37.12],[51.86,-37.24],[51.61,-37.23]],[[38.9,-46.25],[38.86,-46.42],[38.5,-46.52],[38.69,-46.7],[38.62,-46.87],[38.33,-46.87],[38.15,-47.12],[37.58,-47.21],[37.38,-46.93],[37.42,-46.57],[37.22,-46.37],[36.89,-46.39],[36.62,-46.58],[36.31,-46.35],[36.09,-46.29],[35.84,-46.4],[35.38,-46.39],[35.19,-46.54],[35.22,-46.73],[34.83,-47.03],[34.69,-47.46],[34.43,-47.35],[34.85,-46.39],[35.3,-45.37],[35.39,-44.91],[35.57,-44.76],[35.66,-44.38],[35.82,-44.21],[36.16,-43.6],[36.34,-43.54],[36.41,-43.26],[36.77,-43.23],[37.18,-43.39],[37.21,-43.67],[37.42,-43.66],[38.15,-43.26],[38.23,-43.09],[38.83,-42.36],[39.18,-42.1],[39.19,-41.93],[39.4,-41.77],[39.77,-41.98],[39.57,-42.33],[39.64,-42.65],[39.98,-42.11],[39.94,-41.98],[40.18,-41.83],[39.82,-41.6],[40.13,-41.53],[40.26,-41.15],[40.85,-41.14],[40.81,-40.93],[41.04,-40.82],[41.08,-40.24],[41.4,-40.1],[41.65,-39.89],[41.85,-39.52],[42.22,-39.34],[42.4,-39.35],[42.87,-38.94],[43.08,-38.52],[42.85,-38.35],[42.89,-38.09],[43.17,-38.05],[43.2,-37.66],[43.39,-37.21],[43.63,-37.1],[43.62,-36.64],[43.72,-36.39],[43.9,-36.26],[44.35,-36.25],[44.1,-35.82],[44.16,-35.57],[44.39,-35.41],[44.64,-35.59],[44.89,-35.61],[45.04,-35.88],[45.29,-36],[45.56,-36],[45.5,-36.2],[45.58,-36.53],[45.42,-36.63],[45.41,-36.89],[45.01,-37.05],[44.8,-37.35],[44.52,-37.58],[44.54,-37.74],[44.28,-37.85],[44.25,-38.01],[44,-38.34],[44.02,-38.47],[43.79,-38.76],[43.57,-39.15],[43.71,-39.25],[43.61,-39.55],[43.51,-40.13],[43.71,-40.02],[43.92,-39.72],[43.92,-39.22],[44.06,-38.98],[44.02,-38.83],[44.29,-38.68],[44.2,-39.15],[44.39,-39.22],[44.67,-38.94],[44.51,-38.73],[44.83,-38.62],[44.79,-38.43],[45.07,-38.35],[44.9,-39.21],[45.11,-39.4],[44.86,-39.49],[44.85,-39.71],[44.57,-39.98],[44.6,-40.18],[45.01,-39.89],[45.07,-39.72],[45.33,-39.52],[45.48,-39.14],[45.21,-39.03],[45.35,-38.88],[45.41,-38.62],[45.7,-38.47],[45.91,-38.49],[46.22,-38.27],[46.18,-38.88],[46.06,-39.09],[46.14,-39.4],[46.12,-39.68],[46,-39.98],[45.79,-40.08],[45.91,-40.32],[45.62,-40.97],[45.5,-41.69],[45.27,-42.17],[45.24,-42.43],[45.02,-42.6],[45.07,-43.08],[45.4,-42.86],[45.71,-42.96],[45.89,-42.78],[45.65,-42.58],[45.88,-42.39],[45.91,-42.09],[46.16,-42.1],[46.17,-42.32],[46.32,-42.55],[46.11,-42.71],[45.99,-42.96],[46.34,-42.88],[46.55,-42.56],[46.58,-42.31],[47.11,-41.93],[47.15,-41.78],[47.44,-41.44],[47.4,-41.18],[47.57,-41.03],[47.5,-40.64],[47.55,-40.27],[47.78,-40.08],[48.14,-40.15],[47.98,-40.39],[47.89,-40.98],[47.69,-41.11],[47.68,-41.4],[47.57,-41.52],[47.53,-41.98],[47.31,-42.12],[47.67,-42.42],[47.92,-42.18],[48.82,-41.83],[49.01,-42.05],[49.37,-41.76],[49.61,-41.65],[49.64,-42.21],[49.85,-42.36],[50.5,-42.38],[50.74,-42.29],[51.15,-42.34],[51.13,-42.47],[50.54,-42.53],[50,-42.66],[50.44,-43.11],[50.9,-43.33],[51.04,-43.16],[51.39,-43.19],[51.62,-43.45],[51.29,-43.59],[51.32,-43.7],[50.71,-43.82],[50.88,-44.05],[50.71,-44.28],[50.2,-44.45],[50.27,-44.65],[50.52,-44.65],[50.89,-44.87],[51.07,-44.86],[51.42,-45.16],[51.85,-45.3],[51.93,-45.51],[52.38,-45.8],[52.73,-46.25],[53.17,-46.5],[53.21,-46.78],[52.77,-46.99],[52.26,-46.93],[52.06,-47.14],[51.58,-47.16],[51.02,-47.12],[50.42,-46.97],[50.18,-47.08],[49.03,-46.75],[48.98,-46.61],[48.47,-46.39],[48.5,-46.13],[48.64,-46.01],[48.16,-45.87],[47.88,-46.11],[47.8,-46.58],[47.81,-47.28],[47.2,-47.34],[46.67,-47.14],[46.43,-47.13],[46.25,-47.29],[46.02,-47.07],[45.47,-46.9],[45.21,-46.94],[44.91,-46.8],[44.36,-46.78],[44.5,-46.58],[44.11,-46.32],[43.87,-46.37],[42.81,-46.81],[42.18,-46.52],[41.69,-46.54],[41.47,-46.37],[41.45,-46.17],[41.13,-46.24],[40.98,-46.4],[40.7,-46.34],[40.51,-46.18],[40.23,-46.23],[40.34,-46.42],[40.2,-46.63],[39.74,-46.82],[39.48,-46.73],[39.29,-46.35],[39.65,-45.98],[39.22,-46.03],[39.18,-46.27],[38.9,-46.25]],[[44.04,-47.45],[44.09,-47.7],[43.9,-47.81],[43.62,-47.63],[43.75,-47.49],[44.04,-47.45]],[[32.67,-47.88],[32.47,-48.07],[32.48,-48.36],[32.11,-48.55],[32,-48.92],[31.77,-48.82],[31.8,-48.62],[32.21,-48],[32.26,-47.57],[32.82,-46.59],[33.21,-46.23],[33.58,-46.03],[33.71,-45.6],[34.05,-45.64],[33.79,-46.08],[33.57,-46.67],[33.41,-46.82],[33.34,-47.16],[33.11,-47.7],[32.78,-47.69],[32.67,-47.88]],[[31.92,-47.17],[31.62,-47.38],[31.54,-47.09],[31.86,-46.99],[31.92,-47.17]],[[33.94,-45.36],[33.77,-45.11],[34.27,-45.17],[33.94,-45.36]],[[34.43,-45.35],[34.76,-45.02],[34.85,-44.69],[35.01,-44.52],[35.35,-44.53],[35.25,-44.9],[35.09,-45.01],[34.99,-45.58],[34.79,-45.79],[34.85,-45.93],[34.57,-46.14],[34.52,-46.35],[34.31,-46.58],[34.08,-47.07],[33.99,-47.47],[33.53,-47.69],[33.57,-47.3],[33.72,-47.08],[33.89,-46.15],[34.19,-45.49],[34.43,-45.35]],[[34.41,-44.79],[34,-44.87],[33.98,-44.71],[34.41,-44.79]],[[35.56,-43.89],[35.62,-44.14],[35.5,-44.31],[35.23,-44.24],[35.33,-44.04],[35.56,-43.89]],[[40.84,-40.54],[40.8,-40.85],[40.61,-40.78],[40.84,-40.54]],[[41.64,-39.38],[41.29,-39.57],[41.22,-39.32],[41.55,-39.28],[41.64,-39.38]],[[52.84,-35.26],[52.85,-35.05],[52.99,-34.79],[53.25,-34.72],[53.35,-34.99],[53.39,-35.94],[53.28,-36.15],[52.95,-36.03],[52.83,-35.72],[52.61,-35.6],[52.89,-35.4],[52.84,-35.26]],[[53.86,-34.45],[53.76,-34.34],[53.83,-34.06],[54.09,-34.17],[54.03,-34.39],[53.86,-34.45]],[[54.4,-34.44],[54.39,-34.02],[54.46,-33.74],[54.6,-33.64],[54.74,-34.01],[54.78,-34.33],[54.7,-34.6],[54.35,-34.71],[54.4,-34.44]],[[55.33,-34.35],[55.08,-34.19],[55.06,-33.83],[55.32,-33.09],[55.47,-33.02],[55.58,-33.31],[55.56,-33.77],[55.46,-34.27],[55.33,-34.35]],[[56.07,-33.71],[55.95,-33.65],[56.01,-33.13],[56.13,-32.95],[56.03,-32.67],[56.04,-32.45],[56.31,-32.48],[56.18,-32.68],[56.38,-32.78],[56.53,-33.54],[56.29,-33.73],[56.07,-33.71]],[[56.81,-32.66],[56.93,-32.6],[57,-33.36],[56.93,-33.55],[56.62,-33.43],[56.63,-32.85],[56.81,-32.66]],[[53.75,-34.54],[54,-34.69],[54.1,-34.96],[53.99,-35.16],[53.69,-35.39],[53.57,-35.16],[53.66,-34.99],[53.62,-34.66],[53.75,-34.54]],[[54.24,-35.4],[54.19,-35.24],[54.29,-34.8],[54.62,-34.8],[54.79,-34.95],[54.62,-35.25],[54.56,-35.58],[54.41,-35.71],[54.37,-36.1],[54.18,-36.06],[54.15,-35.51],[54.24,-35.4]],[[48.02,-36.77],[48.29,-36.88],[48.21,-37.11],[47.99,-37.01],[48.02,-36.77]],[[45.75,-38.11],[45.94,-38.08],[46,-38.31],[45.63,-38.39],[45.59,-38.21],[45.75,-38.11]],[[46.25,-41.02],[46.6,-40.81],[46.76,-41],[46.6,-41.24],[46.38,-41.25],[46.25,-41.02]],[[46.03,-41.09],[46.15,-41.34],[45.75,-41.41],[46.03,-41.09]],[[48.4,-40.39],[48.29,-40.34],[48.46,-40.03],[48.42,-39.78],[48.62,-39.72],[48.89,-40.03],[48.86,-40.29],[48.4,-40.39]],[[49.42,-40.01],[49.52,-40.21],[49.12,-40.2],[49.2,-40.01],[49.42,-40.01]],[[48.45,-40.46],[48.36,-40.73],[48.15,-40.6],[48.45,-40.46]],[[48.6,-40.98],[48.63,-41.14],[48.38,-41.3],[48.18,-41.17],[48.41,-40.99],[48.6,-40.98]],[[48.76,-41.45],[48.81,-41.58],[48.43,-41.66],[48.43,-41.47],[48.76,-41.45]],[[50.73,-39.21],[50.53,-39.07],[50.7,-38.87],[50.88,-38.98],[50.73,-39.21]],[[62.15,-28.28],[62.16,-27.89],[62.36,-27.76],[62.32,-28.17],[62.15,-28.28]],[[64.92,-27.58],[64.68,-27.72],[64.63,-27.29],[64.82,-27.31],[65.02,-27.48],[64.92,-27.58]],[[72.87,-27.65],[73.01,-27.49],[73.16,-27.64],[73,-27.79],[72.87,-27.65]],[[73.19,-27.96],[73.27,-27.58],[73.44,-27.43],[73.69,-27.45],[73.53,-28.07],[73.19,-27.96]],[[72.67,-27.44],[72.44,-27.39],[72.07,-27.45],[72.05,-27.15],[71.83,-27.15],[71.87,-26.9],[71.74,-26.78],[71.53,-26.87],[71.47,-26.59],[71.62,-26.41],[71.85,-26.53],[72.14,-26.78],[72.27,-27],[72.45,-27.01],[72.7,-27.35],[72.67,-27.44]],[[65.8,-27.3],[65.75,-27.41],[65.45,-27.32],[65.59,-27.14],[65.8,-27.3]],[[70.55,-26.37],[70.51,-26.25],[70.79,-26.13],[70.83,-26.33],[70.55,-26.37]],[[71.15,-26.15],[71.42,-26.09],[71.45,-26.47],[70.97,-26.64],[70.66,-26.84],[70.44,-26.73],[70.99,-26.23],[71.15,-26.15]],[[66.07,-28.06],[65.94,-28.1],[65.73,-27.95],[65.91,-27.78],[66.17,-27.82],[66.07,-28.06]],[[64.13,-28.49],[63.81,-28.34],[64.11,-28.22],[64.13,-28.49]],[[68.31,-22.57],[68.57,-22.76],[68.55,-22.86],[68.15,-22.88],[68.15,-22.6],[68.31,-22.57]],[[67.39,-22.46],[67.28,-22.33],[67.7,-22.06],[67.88,-22.08],[68.05,-22.24],[67.97,-22.37],[67.58,-22.39],[67.39,-22.46]],[[55.79,-21.78],[55.22,-21.72],[55.11,-21.47],[54.82,-21.25],[54.77,-20.93],[54.79,-20.62],[55.2,-20.56],[55.61,-20.42],[55.89,-20.47],[56.09,-20.75],[56.06,-20.9],[56.3,-21.12],[56.3,-21.28],[56.1,-21.58],[55.79,-21.78]],[[57.09,-20.44],[57.38,-19.93],[57.38,-19.78],[57.08,-19.4],[57.06,-19.21],[56.9,-18.91],[57,-18.75],[57.18,-18.75],[57.54,-18.36],[57.71,-18.4],[58.21,-18.05],[58.43,-18.28],[58.97,-18.24],[58.66,-17.52],[58.28,-17.21],[58.47,-16.9],[58.66,-16.82],[58.65,-16.41],[58.41,-16.3],[58.37,-15.96],[58.51,-15.81],[59.05,-15.84],[59.38,-15.62],[59.45,-15.46],[59.75,-15.38],[59.67,-15.12],[59.87,-14.7],[59.79,-14.17],[60.03,-14.02],[60.24,-13.58],[60.34,-12.86],[60.43,-12.6],[60.15,-12.15],[60.14,-11.92],[60.26,-11.63],[60.43,-11.64],[60.27,-11.26],[60.03,-11.44],[59.78,-11.26],[59.35,-11.14],[59.42,-10.92],[59.38,-10.68],[59.1,-10.5],[58.89,-10.52],[58.83,-10.34],[58.62,-10.14],[58.66,-9.74],[58.51,-9.42],[58.37,-8.91],[58.2,-8.89],[58.2,-8.6],[58.09,-8.13],[57.96,-7.99],[57.94,-7.62],[57.86,-7.43],[57.58,-7.37],[57.43,-7.19],[57.34,-7.46],[57.4,-8.02],[57.09,-8.06],[57.05,-7.75],[56.85,-7.6],[56.63,-7.26],[56.52,-7.63],[56.63,-7.87],[56.66,-8.44],[56.52,-8.74],[56.29,-8.74],[56.3,-8.05],[56.11,-7.9],[56.21,-7.64],[55.99,-7.2],[56.04,-7.02],[55.87,-6.71],[56.02,-6.42],[56.09,-6.04],[56.07,-5.68],[55.91,-5.58],[55.69,-5.59],[55.71,-5.94],[55.56,-6.17],[55.13,-6.46],[55.18,-6.19],[55.03,-5.89],[55.19,-5.52],[55,-5.3],[54.26,-5.21],[53.84,-4.89],[53.63,-4.89],[53.54,-5.18],[53.63,-5.32],[53.82,-5.29],[53.92,-5.54],[53.89,-5.72],[53.49,-6.05],[53.39,-6.27],[53.19,-6.35],[52.97,-6.77],[52.96,-7.2],[53.15,-7.4],[53.11,-7.9],[53.18,-8.16],[53.38,-8.53],[53.57,-8.49],[53.69,-8.63],[53.47,-8.83],[53.2,-8.77],[52.99,-8.58],[52.85,-8.16],[52.87,-7.92],[52.75,-7.82],[52.73,-7.39],[52.63,-7.25],[52.52,-6.31],[52.62,-5.96],[52.76,-5.81],[53.07,-5.25],[53.21,-4.72],[53.52,-4.51],[53.52,-4.28],[53.28,-4.15],[53.51,-3.71],[53.7,-3.67],[53.89,-3.5],[53.99,-3.23],[54.26,-3.41],[54.05,-3.68],[54.22,-3.77],[54.3,-3.57],[54.54,-3.37],[54.72,-3.34],[54.77,-3.13],[54.97,-2.93],[55.15,-2.86],[55.24,-3.06],[55.63,-3.16],[55.33,-3.31],[55.23,-3.43],[55.63,-3.51],[55.87,-3.47],[56.5,-3.73],[56.56,-3.88],[56.76,-4.03],[56.9,-4.27],[57.05,-4.25],[57.34,-4.37],[57.34,-4.5],[57.7,-4.78],[57.72,-4.9],[58.09,-5.44],[58.27,-5.46],[58.48,-5.76],[58.69,-5.78],[58.82,-6.16],[58.73,-6.32],[58.92,-6.57],[59.4,-6.94],[59.58,-7.27],[59.77,-7.28],[59.94,-7.5],[60.23,-7.72],[60.43,-7.77],[60.6,-7.97],[60.85,-7.91],[61.06,-7.97],[61.51,-8.38],[61.62,-8.2],[61.87,-8.26],[62.06,-8.16],[62.21,-8.42],[62.37,-8.36],[62.42,-8.59],[62.57,-8.73],[62.54,-8.92],[62.69,-9.07],[62.82,-9.42],[63.09,-9.59],[63.24,-9.98],[63.31,-10.9],[63.47,-11.04],[63.29,-11.4],[62.98,-11.69],[62.13,-12.22],[61.83,-12.62],[61.94,-12.74],[61.95,-13.11],[61.73,-13.15],[61.92,-13.39],[62.13,-13.5],[62.15,-13.68],[61.97,-13.72],[61.92,-14.21],[61.71,-14.41],[61.78,-14.54],[61.77,-15.22],[62.16,-15.31],[62.26,-15.6],[62.18,-15.88],[62.02,-15.96],[61.85,-15.79],[61.6,-15.84],[61.46,-16.01],[61.63,-16.17],[61.66,-16.43],[61.42,-16.51],[61.18,-16.82],[60.95,-16.79],[60.98,-16.46],[60.25,-17.57],[59.88,-17.96],[59.51,-18.52],[59.59,-19.01],[59.54,-19.3],[59.23,-19.09],[59.06,-19.18],[58.62,-19.09],[58.54,-18.91],[58.35,-19],[58.39,-19.25],[58.58,-19.44],[58.46,-19.62],[58.38,-19.93],[58.06,-20.16],[58.06,-20.38],[57.82,-20.65],[57.41,-20.74],[57.22,-20.66],[57.09,-20.44]],[[54.25,-19.55],[54.27,-19.81],[53.98,-19.9],[53.93,-19.76],[54.09,-19.57],[54.25,-19.55]],[[54.69,-15.82],[54.67,-16.01],[54.39,-15.94],[54.47,-15.74],[54.69,-15.82]],[[50.58,-11.22],[50.46,-11.11],[50.42,-10.84],[50.23,-10.92],[50.05,-10.57],[49.82,-10.59],[49.73,-10.41],[49.67,-10.03],[49.87,-9.94],[49.94,-9.62],[49.87,-9.43],[49.91,-9.12],[50.42,-8.9],[50.8,-8.6],[51.14,-8.57],[51.38,-8.62],[51.48,-8.52],[51.74,-8.52],[51.99,-8.68],[52.02,-8.87],[51.55,-9.02],[51.39,-8.99],[51.38,-9.42],[51.52,-9.52],[51.48,-9.8],[51.66,-9.93],[51.62,-10.17],[51.35,-10.28],[51.12,-10.57],[50.9,-10.45],[50.69,-10.74],[50.79,-11.07],[50.58,-11.22]],[[49.13,-10.46],[49.23,-10.33],[49.46,-10.56],[49.33,-10.73],[49.13,-10.46]],[[47.9,-10.03],[47.68,-10.22],[47.62,-9.99],[47.4,-9.79],[47.41,-9.62],[47.62,-9.51],[47.78,-9.6],[47.9,-10.03]],[[46.65,-9.88],[46.38,-9.82],[46.38,-9.67],[46.18,-9.6],[46.06,-9.4],[46.19,-9.22],[46.4,-9.19],[46.64,-9.27],[46.71,-9.45],[46.71,-9.78],[46.65,-9.88]],[[47,-9.3],[46.73,-8.76],[46.75,-8.48],[46.36,-8.4],[46.1,-8.22],[46.13,-8.11],[46.82,-8.11],[46.83,-7.74],[46.68,-7.6],[46.78,-7.47],[47.06,-7.43],[47.66,-7.56],[47.95,-7.55],[47.98,-7.86],[47.76,-7.99],[47.41,-7.92],[47.12,-8.14],[47.35,-8.26],[47.39,-8.45],[47.58,-8.57],[47.59,-8.8],[47.33,-8.9],[47,-9.3]],[[46.37,-7.45],[46.01,-7.4],[45.9,-7.2],[46.29,-7.24],[46.37,-7.45]],[[49.41,-7.22],[49.2,-6.91],[49.12,-7.13],[48.59,-6.97],[48.77,-6.84],[49.03,-6.49],[49.25,-6.58],[49.56,-6.36],[49.55,-6.64],[49.66,-6.82],[49.56,-7.06],[49.76,-7.25],[49.53,-7.48],[49.28,-7.4],[49.41,-7.22]],[[56.52,-8.9],[56.68,-9.08],[56.28,-9.29],[56.31,-8.95],[56.52,-8.9]],[[53.96,-9.33],[53.8,-9.43],[53.72,-9.2],[53.9,-9.12],[53.96,-9.33]],[[52.01,-9.36],[51.75,-9.64],[51.6,-9.41],[51.74,-9.2],[51.89,-9.16],[52.01,-9.36]],[[56.17,-9.97],[56.48,-9.86],[56.64,-9.96],[56.72,-10.25],[56.87,-10.35],[56.89,-10.61],[56.7,-10.68],[56.4,-10.45],[56.34,-10.16],[56.17,-9.97]],[[56.05,-7.93],[55.94,-8.1],[55.7,-8],[55.71,-7.79],[55.85,-7.75],[56.05,-7.93]],[[54.43,-6.05],[54.59,-6.21],[54.52,-6.34],[54.27,-6.25],[54.43,-6.05]],[[67.41,-1.85],[67.29,-1.81],[67.37,-1.41],[67.03,-1.69],[66.84,-1.58],[66.91,-1.44],[66.77,-1.24],[67,-0.57],[67.25,-0.55],[67.35,-0.85],[67.64,-1.09],[67.78,-0.94],[68.09,-1.15],[68.42,-1.47],[68.54,-1.33],[68.69,-1.4],[68.46,-1.67],[68.42,-1.87],[68.25,-2.05],[67.99,-1.91],[68.15,-2.29],[68.04,-2.35],[67.9,-2.69],[67.71,-2.64],[67.64,-2.42],[67.37,-2.37],[67.68,-2.15],[67.41,-1.85]],[[66.31,-0.89],[66.26,-0.81],[66.43,-0.5],[66.75,-0.07],[66.56,-0.01],[66.55,0.15],[66.67,0.36],[67.13,0.08],[67.37,0.14],[67.65,0.49],[67.92,0.31],[67.67,0.19],[67.68,-0.16],[67.42,-0.52],[67.16,-0.42],[67.1,-0.29],[66.31,-0.89]],[[55.65,-0.37],[55.54,0.02],[55.66,0.24],[55.82,0.31],[56.04,0.07],[55.81,-0.13],[55.81,-0.3],[55.65,-0.37]],[[55.21,0.25],[55.33,-0.07],[55.23,-0.17],[55.05,-0.05],[55.08,0.19],[55.21,0.25]],[[56.03,0.3],[55.87,0.59],[56.09,0.63],[56.19,0.39],[56.03,0.3]],[[65.78,0.67],[65.74,0.75],[65.97,1.19],[66.1,1.63],[66.14,1.96],[66.03,2.3],[65.57,2],[65.34,2.5],[65.24,2.25],[65.01,2.13],[64.98,2.43],[65.25,2.87],[65.43,2.89],[65.57,3.12],[65.19,3.03],[64.85,3.32],[64.52,3.45],[64.36,3.76],[64.17,3.75],[64.16,3.95],[64.42,3.85],[64.61,3.91],[64.73,3.7],[65.11,3.66],[65.14,3.38],[65.38,3.6],[65.43,3.75],[65.72,3.95],[65.89,3.65],[66.23,3.9],[66.39,3.79],[66.18,3.44],[66.69,3.36],[66.79,3.55],[66.99,3.58],[67.25,3.3],[67.19,3.06],[67.3,2.95],[67.57,2.91],[67.49,2.73],[67.61,2.44],[67.56,1.97],[67.97,2.15],[68.01,1.95],[67.78,1.63],[67.66,1.26],[67.36,0.93],[67.15,1.3],[67.16,0.65],[66.89,0.56],[66.76,0.66],[66.42,0.45],[66.23,0.51],[66.23,0.7],[66.71,1.11],[66.39,1.19],[66.42,1.47],[66.57,1.59],[66.81,1.54],[66.7,1.9],[66.54,1.91],[66.38,1.58],[66.38,1.44],[66.2,1.11],[66.04,1],[65.94,0.72],[65.78,0.67]],[[56.76,1.48],[56.79,1.35],[56.67,1.02],[56.44,0.97],[56.33,1.14],[56.63,1.43],[56.76,1.48]],[[64.2,3.16],[63.94,3.35],[63.75,3.27],[63.41,3.28],[63.28,3.1],[63.13,3.32],[63.15,3.58],[63.01,3.72],[62.76,3.58],[62.79,3.29],[62.61,3.25],[62.58,3.5],[62.39,3.65],[62.38,3.98],[62.17,4.13],[62.06,4.52],[62.46,4.58],[62.6,4.3],[62.92,3.97],[63.14,3.84],[63.29,3.89],[63.55,3.65],[63.72,3.6],[63.94,3.69],[64.29,3.55],[64.33,3.4],[64.54,3.36],[64.84,3.16],[64.99,2.85],[64.7,2.35],[64.54,2.38],[64.42,2.59],[64.27,2.57],[64.17,2.77],[64.2,3.16]],[[61.8,4.63],[61.78,4.8],[61.5,4.8],[61.37,4.88],[61.52,5.18],[61.82,5.23],[62.11,5.14],[62.01,4.73],[61.8,4.63]],[[61.13,5.29],[60.66,5.47],[60.48,5.81],[60.34,6.23],[60.17,5.99],[59.98,5.95],[59.98,6.33],[59.84,6.5],[59.62,6.32],[59.45,6.4],[59.37,6.61],[59.51,6.74],[59.45,6.9],[59.76,7.22],[59.74,7.56],[60.32,7.97],[60.56,7.78],[60.48,7.56],[60.74,7.61],[60.82,7.37],[60.7,7.09],[60.84,6.89],[61.1,6.82],[61.28,6.44],[61.44,6.43],[61.66,6.18],[61.59,5.88],[61.36,5.95],[61.2,5.66],[61.46,5.65],[61.59,5.51],[61.53,5.24],[61.13,5.29]],[[58.37,7.82],[58.2,7.9],[58.28,8.34],[58.48,8.4],[58.51,8.81],[58.74,9.37],[58.94,9.07],[59.16,8.9],[59,8.63],[59.22,8.55],[59.08,8.14],[59.22,8],[59.41,8.39],[59.87,8.4],[59.92,8.14],[59.61,7.76],[59.61,7.55],[59.48,7.2],[59.12,6.99],[59.15,7.45],[59.02,7.63],[58.69,7.84],[58.37,7.82]],[[57.55,8.3],[57.6,8.69],[57.92,8.84],[57.95,8.99],[58.25,9.22],[58.34,9.04],[58.18,8.81],[58.37,8.76],[58.27,8.55],[58.07,8.58],[57.98,8.44],[57.55,8.3]],[[57.38,9.21],[57.33,9.44],[57.79,9.77],[58.03,9.63],[58.04,9.48],[57.7,9.28],[57.38,9.21]],[[56.98,9.71],[56.89,9.44],[56.63,9.47],[56.67,9.63],[56.98,9.71]],[[58.34,9.65],[58.44,10.27],[58.64,10.11],[58.72,9.87],[58.47,9.51],[58.49,9.36],[58.3,9.26],[58.18,9.49],[58.34,9.65]],[[58.1,9.91],[57.6,10.01],[57.59,10.35],[57.82,10.41],[57.96,10.19],[58.24,10.93],[58.38,10.94],[58.43,10.7],[58.1,9.91]],[[57.22,9.94],[57.12,10],[57.32,10.31],[57.52,10.28],[57.51,10.1],[57.22,9.94]],[[56.01,10.05],[55.77,10.15],[55.56,10.09],[55.47,10.37],[55.8,10.33],[56.06,10.46],[56.5,10.5],[56.63,10.18],[56.43,10.07],[56.22,10.12],[56.01,10.05]],[[56.86,10.42],[56.8,10.52],[57.07,10.93],[57.12,11.16],[57.36,11.49],[57.51,11.35],[57.15,10.83],[56.96,10.44],[56.86,10.42]],[[55.85,10.85],[55.78,10.58],[55.56,10.65],[55.57,10.88],[55.85,10.85]],[[55.52,11.01],[55.3,10.99],[55.17,11.39],[55.4,11.26],[55.77,11.3],[55.82,11.18],[55.52,11.01]],[[62.38,5.42],[62.63,5.11],[62.89,4.68],[63.12,4.65],[63.36,4.49],[63.72,4.45],[63.89,4.25],[64.09,3.88],[63.86,3.94],[63.7,3.79],[63.47,3.86],[63.56,4.11],[63.26,4.15],[63.02,4.04],[62.61,4.34],[62.62,4.59],[62.31,4.7],[62.24,4.94],[62.29,5.17],[62.06,5.38],[61.87,5.32],[61.71,5.5],[61.87,5.8],[62.38,5.74],[62.51,5.54],[62.38,5.42]],[[72.01,3.48],[72.36,3.17],[72.3,3.02],[72.11,3.05],[71.91,3.35],[72.01,3.48]],[[67.41,0.91],[67.74,1.17],[67.95,1.21],[67.82,0.88],[67.54,0.66],[67.37,0.26],[67.14,0.43],[67.16,0.56],[67.41,0.91]],[[67.81,-0.21],[67.99,-0.37],[67.71,-0.83],[67.53,-0.85],[67.48,-0.55],[67.81,-0.21]],[[68.33,-0.22],[68.45,-0.28],[68.33,-0.8],[68.16,-0.94],[67.9,-0.84],[67.95,-0.63],[68.33,-0.22]],[[68.87,-1.64],[68.95,-1.79],[68.83,-2.09],[68.33,-2.74],[68.09,-2.71],[68.09,-2.57],[68.66,-1.88],[68.74,-1.65],[68.87,-1.64]],[[68.48,-2.75],[68.5,-2.64],[68.78,-2.56],[68.88,-2.76],[68.7,-2.9],[69.01,-3.08],[69.22,-3.37],[69.01,-3.71],[69.09,-4.05],[69.26,-3.97],[69.19,-4.46],[68.86,-4.82],[68.85,-5.17],[68.56,-4.99],[68.56,-4.77],[68.85,-4.52],[68.74,-4.32],[68.44,-4.19],[68.29,-3.99],[68.17,-4.18],[67.79,-4.55],[67.61,-4.29],[68.11,-3.96],[67.74,-3.74],[67.59,-3.41],[67.58,-3.22],[67.8,-3.02],[67.88,-2.82],[68.13,-2.8],[68.26,-2.88],[68.48,-2.75]],[[69.2,-3.22],[69.2,-3.07],[69.43,-3.02],[69.45,-3.2],[69.2,-3.22]],[[69.44,-4.54],[69.65,-4.52],[69.6,-4.75],[69.38,-4.87],[69.26,-4.81],[69.44,-4.54]],[[68.86,-5.55],[69.13,-5.52],[68.88,-5.9],[68.86,-6.17],[68.6,-6.4],[68.24,-6.23],[68.14,-6.02],[67.57,-5.91],[67.74,-5.75],[68.07,-5.71],[68.23,-5.86],[68.7,-5.46],[68.95,-5.07],[68.92,-4.83],[69.07,-4.63],[69.22,-4.68],[69.24,-5.04],[69.07,-5.37],[68.86,-5.55]],[[68.72,-6.41],[68.92,-6.2],[69.14,-6.26],[68.97,-6.62],[68.73,-6.76],[68.76,-6.94],[68.59,-7.02],[68.37,-7.29],[68.07,-7.18],[68.07,-7],[68.29,-6.85],[68.72,-6.41]],[[68.49,-7.28],[68.9,-6.85],[69.04,-6.91],[68.89,-7.26],[68.76,-7.32],[68.75,-7.55],[68.53,-7.72],[68.48,-8],[68.27,-8.04],[68.02,-8.45],[67.86,-8.59],[67.58,-8.72],[67.07,-9.16],[66.79,-9.17],[66.77,-9],[66.88,-8.82],[67.42,-8.42],[67.69,-8.14],[67.6,-8.05],[67.35,-8.13],[67.29,-7.89],[67.6,-7.68],[67.63,-7.46],[67.85,-7.26],[68.08,-7.24],[68.3,-7.44],[68.49,-7.28]],[[67.38,-9.12],[67.64,-9.15],[67.45,-9.36],[66.9,-9.74],[66.75,-9.53],[67.38,-9.12]],[[67.38,-9.68],[67.33,-9.56],[67.65,-9.32],[67.78,-9.43],[67.58,-9.95],[67.05,-10.38],[67.25,-10.46],[67.46,-10.25],[67.76,-10.07],[67.86,-10.24],[67.03,-11.02],[66.7,-11.4],[66.52,-11.47],[66.41,-11.32],[66.71,-11.03],[66.29,-11.06],[66.17,-11.23],[65.79,-11.45],[65.62,-11.11],[65.86,-10.75],[66.18,-10.5],[66.46,-10.49],[66.47,-10.2],[66.84,-10.01],[67.11,-9.72],[67.38,-9.68]],[[69.96,-10.44],[69.86,-10.27],[70.06,-10.16],[70.14,-10.3],[69.96,-10.44]],[[70.46,-10.75],[70.56,-10.58],[70.85,-10.85],[70.78,-11.21],[70.54,-11.33],[70.2,-11.27],[70.45,-10.87],[70.46,-10.75]],[[70.99,-11.33],[70.99,-11.02],[71.2,-11.06],[71.11,-11.33],[70.99,-11.33]],[[67.09,-11.33],[67.14,-11.59],[66.8,-11.5],[66.96,-11.29],[67.09,-11.33]],[[67.01,-12.89],[67.08,-13.13],[66.87,-13.2],[66.62,-13.15],[66.64,-13.38],[67.37,-13.07],[67.54,-13.15],[66.82,-13.5],[66.61,-13.71],[66.75,-13.78],[66.72,-13.98],[67.08,-14],[67.15,-14.33],[67.32,-14.48],[67.33,-14.78],[67.56,-14.69],[67.75,-14.83],[67.58,-15.18],[67.9,-15.31],[67.86,-15.65],[67.44,-15.91],[67.3,-16.07],[66.77,-16.36],[66.63,-16.28],[66.79,-16.06],[66.53,-15.89],[66.64,-15.64],[66.45,-15.57],[66.37,-15.77],[66.07,-15.55],[66.11,-15.37],[65.8,-15.32],[65.74,-15.12],[65.53,-14.92],[65.76,-14.47],[65.87,-14.13],[65.44,-14.05],[65.4,-13.59],[65.7,-13.52],[65.79,-13.39],[65.74,-13.18],[65.28,-13.46],[65.18,-13.32],[65.43,-13.01],[65.31,-12.86],[65.45,-12.72],[65.36,-12.56],[65.39,-12.34],[65.59,-12.24],[65.86,-11.98],[66.19,-12.06],[66.46,-11.98],[66.76,-12.24],[67.08,-12.08],[67.23,-12.2],[67.03,-12.66],[67.01,-12.89]],[[67.97,-14.33],[67.91,-14.65],[67.74,-14.61],[67.72,-14.36],[67.97,-14.33]],[[68.14,-14.93],[68.26,-14.95],[68.16,-15.36],[67.94,-15.23],[68.14,-14.93]],[[66.56,-16.32],[66.62,-16.44],[66.14,-16.74],[66.01,-16.71],[65.86,-16.41],[66.16,-16.34],[66.33,-16.41],[66.56,-16.32]],[[65.8,-16.83],[65.73,-17.01],[65.34,-16.91],[65.37,-16.79],[65.69,-16.51],[65.8,-16.58],[65.8,-16.83]],[[65.35,-16.97],[65.02,-17.35],[64.46,-17.5],[65.09,-16.97],[65.35,-16.97]],[[61.56,-17.5],[61.42,-17.66],[61.23,-17.56],[61.22,-17.4],[61.58,-17.35],[61.56,-17.5]],[[62.14,-17.23],[61.93,-16.95],[61.99,-16.68],[61.97,-16.38],[62.07,-16.27],[62.27,-16.5],[62.24,-17.16],[62.14,-17.23]],[[65.02,-15.96],[65.03,-15.67],[65.37,-15.64],[65.54,-15.36],[65.83,-15.38],[65.93,-15.65],[65.75,-15.65],[65.54,-15.84],[65.46,-16.1],[65.28,-15.95],[65.02,-15.96]],[[64.34,-15.67],[64.16,-15.61],[64.43,-15.39],[64.75,-15.38],[64.74,-15.52],[64.34,-15.67]],[[65.87,-16.09],[65.89,-15.98],[66.15,-15.83],[66.07,-16.19],[65.87,-16.09]],[[65.67,-14.22],[65.69,-14.4],[65.45,-14.71],[64.95,-14.98],[64.78,-14.8],[65.09,-14.55],[65.28,-14.54],[65.35,-14.3],[65.67,-14.22]],[[64.74,-13.4],[64.48,-13.37],[64.62,-12.96],[64.78,-13.18],[64.74,-13.4]],[[64.98,-13.3],[64.82,-13.18],[64.78,-12.96],[64.94,-12.89],[65.09,-13.15],[64.98,-13.3]],[[65.32,-12.25],[64.93,-12.47],[64.85,-12.33],[65.13,-12.08],[65.54,-11.81],[65.71,-11.79],[66.2,-11.37],[66.33,-11.54],[66.29,-11.69],[65.92,-11.85],[65.73,-12],[65.55,-11.99],[65.32,-12.25]],[[67.62,-12.44],[67.63,-12.22],[67.88,-12.24],[67.77,-12.53],[67.62,-12.44]],[[67.72,-10.84],[67.71,-11.02],[67.26,-11.24],[67.22,-11.1],[67.57,-10.86],[67.72,-10.84]],[[65.5,-10.92],[65.22,-11.07],[65.12,-10.93],[65.58,-10.58],[65.9,-10.39],[66.29,-9.96],[66.54,-9.76],[66.73,-9.88],[66.46,-10.18],[65.96,-10.6],[65.82,-10.62],[65.5,-10.92]],[[67.22,-7.54],[67.23,-7.36],[67.45,-7.2],[67.3,-6.92],[67.56,-6.83],[67.6,-6.99],[67.85,-6.92],[67.85,-6.65],[68.13,-6.59],[67.89,-6.32],[68.16,-6.19],[68.45,-6.55],[68.24,-6.83],[67.88,-7.05],[67.81,-7.25],[67.65,-7.32],[67.47,-7.52],[67.22,-7.54]],[[68.09,-5.66],[68.02,-5.45],[68.18,-5.33],[68.4,-5.03],[68.62,-5.35],[68.55,-5.5],[68.29,-5.73],[68.09,-5.66]],[[67.79,-5.45],[67.56,-5.47],[67.48,-5.12],[67.68,-5.15],[67.92,-4.94],[67.8,-4.77],[67.96,-4.64],[68.16,-4.34],[68.39,-4.22],[68.63,-4.4],[68.62,-4.56],[67.79,-5.45]],[[59.47,-3.86],[59.46,-3.53],[59.65,-3.52],[59.59,-3.81],[59.47,-3.86]],[[59.71,-3.51],[59.74,-3.29],[59.52,-3.05],[59.65,-2.89],[59.86,-3.08],[59.96,-3.38],[59.71,-3.51]],[[64.83,-3.04],[65.09,-2.84],[65.14,-3.02],[64.83,-3.04]],[[67.29,-2.74],[67.7,-2.68],[67.36,-3.16],[67.2,-3.11],[67.15,-2.92],[67.29,-2.74]],[[60.43,-4.09],[60.46,-4.24],[60.07,-4.27],[60.04,-4.13],[60.43,-4.09]],[[60.19,-18.66],[60.43,-18.65],[60.4,-18.9],[59.89,-19.05],[59.74,-19.01],[59.63,-18.82],[59.7,-18.67],[60.09,-18.72],[60.19,-18.66]],[[63.12,-20.38],[63.36,-20.57],[63.05,-20.68],[63.12,-20.38]],[[65.17,-20.53],[65.47,-20.69],[65.45,-20.79],[65.11,-20.74],[65.17,-20.53]],[[65.51,-21.35],[65.54,-21.62],[65.26,-21.49],[65.51,-21.35]],[[57.84,12.11],[57.86,11.95],[57.75,11.7],[57.55,11.74],[57.84,12.11]],[[57.98,12.45],[57.76,12.16],[57.67,12.26],[57.98,12.45]],[[57.96,12.57],[57.82,12.56],[57.6,12.71],[57.63,12.86],[57.97,12.91],[58.19,12.6],[57.96,12.57]],[[57.28,12.87],[57.07,13.27],[56.83,13.49],[56.79,13.86],[57,13.92],[57.07,13.7],[57.34,13.71],[57.46,13.44],[57.31,13.15],[57.28,12.87]],[[57.7,13.01],[57.64,13.59],[57.84,13.51],[58.13,13.51],[58.11,13.36],[57.85,13.32],[57.84,13.03],[57.7,13.01]],[[59.3,13.54],[59.43,13.54],[59.48,13.26],[59.29,13.2],[59.3,13.54]],[[70.39,14.71],[70.51,14.46],[70.29,14.44],[70.39,14.71]],[[70.27,15.39],[70.12,15.32],[69.94,15.55],[69.98,15.78],[70.22,15.64],[70.27,15.39]],[[59.76,15.53],[59.51,15.57],[59.59,16.27],[59.49,16.4],[59.55,16.8],[59.69,16.91],[59.69,17.09],[59.83,17.45],[60.04,17.63],[60.12,17.28],[60,16.91],[60,16.58],[59.9,16.32],[59.99,16.21],[59.76,15.53]],[[59.01,17.63],[58.85,17.59],[58.65,17.82],[59.05,17.89],[59.01,17.63]],[[67.38,17.18],[67.19,17.29],[67.35,17.53],[67.5,17.4],[67.38,17.18]],[[67.7,16.37],[67.6,16.55],[67.68,16.72],[68.02,16.59],[68.03,16.37],[67.7,16.37]],[[60.4,18.73],[60.34,18.9],[60.46,19.42],[60.77,19.75],[60.91,19.72],[60.9,19.35],[60.74,19.13],[60.74,18.95],[60.4,18.73]],[[43.54,-10.91],[43.71,-11.09],[43.85,-11.43],[43.85,-11.74],[43.92,-12.05],[44.26,-11.85],[44.84,-11.94],[44.9,-12.29],[45.17,-12.26],[45.51,-12.09],[45.68,-12.22],[45.58,-12.5],[45.66,-12.97],[45.43,-13.27],[45.17,-13.39],[44.98,-13.35],[44.62,-13.07],[44.74,-12.52],[44.55,-12.55],[44.16,-12.43],[44.06,-12.6],[43.79,-12.8],[43.51,-12.84],[43.4,-12.75],[43.35,-12.47],[43.44,-12.27],[43.15,-12.1],[42.71,-12],[42.67,-11.87],[43.06,-11.4],[43.15,-11.09],[43.54,-10.91]],[[47.25,-11.75],[47.16,-11.56],[47.15,-11.24],[47.31,-11.19],[47.58,-11.36],[47.52,-11.65],[47.25,-11.75]],[[46.5,-11.83],[46.81,-12.08],[46.89,-12.32],[46.85,-12.54],[46.63,-12.63],[46.13,-12.59],[45.96,-12.42],[46.15,-12.02],[46.5,-11.83]],[[42.79,-15.62],[42.61,-15.5],[42.49,-15.27],[42.72,-15.13],[42.79,-15.62]],[[39.84,-23.28],[39.63,-23.22],[39.6,-22.99],[39.84,-23.02],[39.84,-23.28]],[[39.14,-23.02],[38.93,-23.13],[38.76,-23],[39.08,-22.9],[39.14,-23.02]],[[54.94,-51.16],[55.05,-51.38],[54.86,-51.52],[54.56,-51.51],[54.5,-51.24],[54.94,-51.16]],[[43.68,-51.38],[43.85,-51.66],[43.87,-51.93],[44.15,-52.16],[44.38,-52.03],[44.86,-52.18],[44.91,-52.57],[45.1,-52.59],[45.72,-53.05],[46.05,-53.09],[45.88,-53.56],[45.4,-53.57],[44.62,-53.66],[44.09,-53.63],[43.94,-53.5],[43.25,-53.33],[42.8,-53.45],[42.63,-53.24],[42.13,-53.43],[41.16,-53.64],[41.36,-54.03],[41.01,-54.06],[40.9,-54.31],[40.43,-54.44],[40.21,-54.27],[40.25,-54.07],[39.67,-53.62],[39.98,-53.24],[39.88,-53.04],[40.4,-52.69],[40.37,-52.58],[40.59,-51.98],[41.06,-51.67],[41.3,-51.7],[42.02,-51.42],[42.22,-51.46],[43.02,-51.29],[43.68,-51.38]],[[54.75,-52.2],[54.79,-52.34],[54.5,-52.5],[54.21,-52.39],[54.75,-52.2]],[[51.03,-52.23],[51.24,-52.35],[51.18,-52.76],[50.21,-52.94],[49.98,-52.72],[50.44,-52.68],[50.45,-52.44],[50.7,-52.29],[51.03,-52.23]],[[53.23,-52.93],[53.51,-52.63],[53.81,-52.7],[53.23,-52.93]],[[49.09,-52.79],[48.78,-53.36],[49.17,-53.27],[49.34,-53.45],[49.11,-53.7],[48.73,-53.68],[48.46,-53.98],[47.86,-53.98],[47.56,-53.92],[47.72,-53.47],[47.57,-53.12],[47.66,-52.83],[48.04,-52.71],[47.93,-52.47],[48.24,-52.43],[48.41,-52.75],[48.87,-52.92],[49.09,-52.79]],[[52.46,-53.51],[52.88,-53.62],[52.53,-53.84],[52.55,-54.17],[53.07,-54.15],[52.56,-54.43],[52.37,-54.46],[52.14,-54.73],[51.72,-54.87],[50.18,-54.75],[49.96,-54.65],[49.36,-54.56],[49.3,-54.38],[49.73,-54.29],[49.95,-54.36],[51.04,-53.9],[51.25,-53.7],[51.65,-53.76],[52.1,-53.69],[52.46,-53.51]],[[43.08,-53.9],[42.86,-53.85],[42.81,-53.58],[43.08,-53.57],[43.08,-53.9]],[[47.09,-53.12],[47.28,-53.35],[47.1,-53.58],[46.86,-53.6],[46.44,-53.38],[46.59,-53.19],[47.09,-53.12]],[[40.2,-51.91],[39.85,-51.97],[39.82,-51.68],[40.15,-51.66],[40.2,-51.91]]]},"properties":{"scalerank":0,"featurecla":"Bathymetry","depth":3000}},
{"type":"Feature","geometry":null,"properties":{"scalerank":0,"featurecla":"Bathymetry","depth":3000}},
{"type":"Feature","geometry":null,"properties":{"scalerank":0,"featurecla":"Bathymetry","depth":3000}},
{"type":"Feature","geometry":null,"properties":{"scalerank":0,"featurecla":"Bathymetry","depth":3000}},
{"type":"Feature","geometry":null,"properties":{"scalerank":0,"featurecla":"Bathymetry","depth":3000}},
{"type":"Feature","geometry":null,"properties":{"scalerank":0,"featurecla":"Bathymetry","depth":3000}},
{"type":"Feature","geometry":{"type":"Polygon","coordinates":[[[50.49,-36.68],[50.47,-36.67],[50.49,-36.69],[50.49,-36.68]]]},"properties":{"scalerank":0,"featurecla":"Bathymetry","depth":3000}},
{"type":"Feature","geometry":{"type":"Polygon","coordinates":[[[69.3,-22.48],[69.31,-22.46],[69.3,-22.47],[69.3,-22.48]]]},"properties":{"scalerank":0,"featurecla":"Bathymetry","depth":3000}},
{"type":"Feature","geometry":null,"properties":{"scalerank":0,"featurecla":"Bathymetry","depth":3000}},
{"type":"Feature","geometry":null,"properties":{"scalerank":0,"featurecla":"Bathymetry","depth":3000}},
{"type":"Feature","geometry":null,"properties":{"scalerank":0,"featurecla":"Bathymetry","depth":3000}},
{"type":"Feature","geometry":null,"properties":{"scalerank":0,"featurecla":"Bathymetry","depth":3000}},
{"type":"Feature","geometry":null,"properties":{"scalerank":0,"featurecla":"Bathymetry","depth":3000}},
{"type":"Feature","geometry":{"type":"Polygon","coordinates":[[[29.29,-32.87],[28.61,-33.43],[28.41,-33.49],[28.34,-33.68],[27.86,-33.86],[27.71,-34.04],[27.35,-34.22],[26.39,-34.79],[25.92,-34.81],[24.98,-35.3],[24.66,-35.56],[24.64,-35.68],[23.92,-35.91],[23.73,-36.07],[23.76,-36.28],[23.64,-36.49],[23.33,-36.5],[23.24,-36.25],[23,-36.42],[22.98,-36.57],[22.6,-36.75],[22.37,-37.08],[22.04,-37],[22.08,-36.79],[21.28,-36.96],[20.71,-37.19],[20.32,-37.3],[19.68,-37.36],[19.59,-37.26],[19.66,-37.01],[19.5,-36.74],[19.3,-36.56],[19.01,-36.6],[18.89,-36.47],[19,-36.25],[18.88,-36],[18.38,-35.86],[18.24,-35.93],[17.96,-35.84],[18.04,-35.62],[17.62,-35.23],[17.29,-35.31],[17.07,-35.11],[17.14,-34.9],[16.92,-34.79],[17.09,-34.41],[16.99,-34.2],[16.76,-34.03],[16.35,-33.93],[16.28,-33.7],[15.89,-33.22],[15.85,-33.07],[15.46,-32.83],[15.24,-32.51],[14.73,-32.25],[14.52,-32.23],[14.38,-32.08],[14.38,-31.85],[14.09,-31.41],[13.78,-31.45],[13.78,-31.25],[13.41,-30.84],[13.49,-30.65],[13.46,-30.34],[13.09,-29.99],[13.03,-29.64],[13.19,-29.58],[13.18,-29.22],[12.97,-28.84],[13.05,-28.43],[13.17,-28.23],[13.06,-28.11],[13.1,-27.49],[12.76,-26.94],[12.67,-26.47],[12.55,-26.24],[12.58,-25.73],[12.51,-25.31],[12.3,-25.02],[12.24,-24.69],[12.28,-24.51],[12.16,-24.15],[11.82,-23.95],[11.65,-23.4],[11.66,-23.09],[11.76,-22.92],[11.65,-22.5],[11.54,-22.47],[11.12,-22.05],[11.03,-21.6],[10.44,-20.95],[9.83,-20.91],[9.54,-20.74],[9.27,-20.71],[8.81,-20.98],[8.47,-20.94],[8.15,-21.04],[8,-21.25],[7.73,-21.34],[7.45,-21.23],[7.48,-21.44],[7.7,-21.58],[7.48,-21.72],[7.18,-21.63],[6.88,-21.79],[6.66,-21.71],[6.68,-21.56],[6.97,-21.17],[7.33,-21.15],[7.38,-20.94],[7.58,-20.71],[7.53,-20.42],[8.03,-20.33],[8.02,-20.2],[8.51,-19.78],[9.06,-19.5],[9.38,-19.46],[9.48,-19.32],[9.75,-19.36],[9.84,-19.16],[10.08,-19.08],[10.26,-19.12],[10.3,-18.91],[10.73,-18.71],[10.85,-18.49],[10.8,-18.24],[10.87,-18.07],[10.77,-17.84],[10.77,-17.42],[8.85,-17.84],[6.93,-18.27],[5.01,-18.69],[3.09,-19.11],[1.17,-19.53],[-0.75,-19.95],[-2.67,-20.37],[-4.59,-20.8],[-6.51,-21.22],[-8.43,-21.64],[-10.35,-22.06],[-12.27,-22.48],[-13.78,-21.64],[-15.7,-21.1],[-17.61,-20.56],[-19.53,-20.01],[-21.44,-19.47],[-23.36,-18.92],[-25.28,-18.38],[-27.19,-17.84],[-29.11,-17.29],[-31.02,-16.75],[-32.94,-16.2],[-34.85,-15.66],[-36.77,-15.12],[-38.21,-14.71],[-38.16,-15.22],[-38.05,-15.56],[-37.89,-15.61],[-37.64,-16.04],[-37.67,-16.44],[-37.8,-16.68],[-37.52,-16.71],[-37.16,-16.91],[-36.83,-16.89],[-36.58,-16.95],[-36.55,-17.08],[-36.76,-17.36],[-36.87,-17.4],[-37.27,-17.25],[-37.3,-17.57],[-37.12,-17.7],[-37.06,-17.9],[-37.2,-18.26],[-37.51,-18.34],[-37.66,-18.6],[-37.59,-18.78],[-37.66,-19.17],[-37.79,-19.4],[-37.66,-19.54],[-37.41,-19.52],[-37.19,-20.22],[-36.98,-20.02],[-36.81,-19.99],[-36.65,-20.14],[-36.39,-20.14],[-36.09,-19.99],[-35.8,-20.12],[-35.59,-20.28],[-35.5,-20.49],[-35.26,-20.56],[-35.19,-20.8],[-35.45,-20.89],[-35.93,-20.83],[-36.05,-20.69],[-36.36,-20.52],[-37.16,-20.81],[-37.39,-20.81],[-37.62,-20.97],[-38.05,-21.06],[-38.03,-20.89],[-38.25,-20.86],[-38.5,-21.67],[-38.5,-21.84],[-38.64,-22.39],[-38.95,-22.7],[-39.04,-22.91],[-39.46,-23.09],[-39.55,-23.44],[-39.72,-23.54],[-39.83,-23.77],[-39.81,-24.09],[-40.2,-24.07],[-40.09,-24.25],[-40.29,-24.35],[-40.19,-24.75],[-40.39,-24.89],[-40.39,-25.04],[-40.6,-25.65],[-40.45,-25.91],[-40.61,-26.08],[-40.57,-26.59],[-40.94,-26.95],[-41.67,-27.22],[-42.05,-27.55],[-42.1,-28.03],[-42.25,-28.39],[-42.66,-28.42],[-43.02,-28.28],[-43.26,-27.81],[-43.49,-27.81],[-43.68,-27.65],[-43.85,-27.72],[-44.3,-27.77],[-44.46,-27.66],[-44.9,-27.7],[-45.22,-27.92],[-45.26,-28.13],[-45.41,-28.34],[-45.5,-28.78],[-45.5,-29.04],[-45.63,-29.22],[-45.86,-29.95],[-46.01,-30.25],[-46.18,-30.45],[-46.39,-30.46],[-46.9,-30.62],[-47.4,-31.01],[-47.76,-31.49],[-48.1,-31.63],[-48.24,-32.14],[-48.4,-32.43],[-48.53,-32.84],[-48.72,-32.95],[-48.89,-33.46],[-49.22,-34.04],[-49.55,-34.1],[-49.75,-34.37],[-50.75,-34.67],[-50.61,-35.02],[-51.21,-35.61],[-51.3,-35.77],[-51.71,-36.02],[-51.86,-36],[-52.32,-36.6],[-52.33,-36.76],[-52.76,-36.8],[-53.09,-37.26],[-53.08,-37.49],[-53.26,-37.51],[-53.69,-38.37],[-53.53,-38.59],[-53.78,-38.68],[-53.85,-38.86],[-54.37,-39.56],[-54.6,-40.15],[-54.94,-40.56],[-55.52,-41.05],[-56.03,-41.54],[-56.02,-41.69],[-56.44,-42.04],[-56.54,-42.25],[-56.82,-42.57],[-56.86,-42.74],[-57.26,-43.1],[-57.34,-43.28],[-57.59,-43.33],[-57.55,-43.56],[-57.68,-43.95],[-57.65,-44.11],[-57.95,-44.6],[-57.98,-44.87],[-58.22,-45.02],[-58.12,-45.48],[-58.27,-45.72],[-58.14,-45.94],[-58.08,-46.42],[-58.2,-47.09],[-58,-47.52],[-57.56,-47.84],[-56.69,-47.86],[-55.91,-48.18],[-55.73,-48.19],[-55.2,-48.41],[-53.94,-48.77],[-53.5,-49.04],[-53.2,-49.1],[-52.51,-49.13],[-52.14,-49.29],[-51.53,-49.39],[-51.26,-49.34],[-50.93,-49.46],[-50.35,-49.42],[-49.35,-49.68],[-49.15,-49.58],[-46.55,-49.56],[-46.19,-49.62],[-46.17,-49.81],[-45.97,-49.97],[-45.54,-50.04],[-44.74,-49.8],[-44.12,-49.54],[-43.38,-49.57],[-42.55,-49.49],[-41.62,-49.46],[-41.51,-49.42],[-39.91,-49.49],[-39.82,-49.59],[-39.96,-49.87],[-39.87,-50.3],[-40.14,-50.63],[-40.38,-50.67],[-40.86,-51.23],[-41.29,-51.35],[-41.51,-51.55],[-41.52,-51.72],[-42.46,-52.08],[-43.08,-52.06],[-43.25,-51.91],[-43.64,-51.98],[-43.64,-52.19],[-44.09,-52.37],[-44.44,-52.2],[-44.95,-52.23],[-45.17,-52.13],[-46.35,-52.13],[-46.94,-52.22],[-47.3,-52.18],[-48.77,-52.34],[-51.18,-52.39],[-51.65,-52.51],[-52.32,-52.56],[-53.04,-52.8],[-53.38,-52.78],[-53.86,-52.99],[-55.54,-53.47],[-55.68,-53.59],[-55.14,-53.68],[-54.07,-53.26],[-53.3,-53.04],[-52.98,-53.07],[-52.84,-52.91],[-52.42,-52.92],[-51.37,-52.76],[-49.77,-52.74],[-49.24,-52.82],[-48.3,-52.75],[-47.85,-52.78],[-47.58,-52.7],[-46.87,-52.75],[-46.03,-52.73],[-45.36,-52.75],[-45.08,-52.82],[-44.65,-52.76],[-44.18,-52.85],[-43.22,-52.66],[-42.58,-52.56],[-41.59,-52.63],[-41.04,-53.08],[-40.31,-53.12],[-40.01,-53.47],[-39.53,-53.57],[-39.1,-53.45],[-38.59,-53.43],[-38.23,-53.33],[-38.1,-53.17],[-37.6,-53.23],[-37.63,-53.06],[-37.89,-52.89],[-37.94,-52.66],[-37.83,-52.44],[-37.41,-52.27],[-37.14,-52.3],[-36.88,-52.17],[-36.65,-52.25],[-36.43,-52.56],[-36.1,-52.85],[-36.21,-53.24],[-35.3,-53.67],[-34.99,-54.1],[-34.39,-54.31],[-33.86,-54.69],[-33.64,-54.74],[-33.51,-55.01],[-33.85,-55.2],[-33.34,-55.29],[-33.05,-55.45],[-33.58,-55.67],[-33.95,-55.65],[-34.2,-55.81],[-34.69,-55.88],[-35.42,-55.78],[-35.69,-55.89],[-36.03,-55.78],[-36.94,-55.27],[-36.89,-55.76],[-37.24,-55.81],[-37.52,-55.66],[-37.49,-55.5],[-37.87,-55.13],[-38.24,-55.09],[-39.26,-54.71],[-39.64,-54.79],[-39.53,-55.05],[-39.94,-55.17],[-40.23,-54.73],[-41.16,-54.5],[-41.23,-54.36],[-41.56,-54.26],[-42.23,-54.48],[-42.9,-54.32],[-43.37,-54.27],[-43.52,-54.12],[-43.84,-54.23],[-44.42,-53.71],[-45.09,-53.64],[-45.37,-53.51],[-45.91,-53.69],[-46.82,-53.62],[-47.23,-53.54],[-47.33,-53.4],[-47.73,-53.41],[-47.9,-53.24],[-48.26,-53.3],[-48.57,-53.22],[-49.32,-53.6],[-50.26,-53.86],[-50.21,-54.05],[-50.74,-54.14],[-50.86,-54.24],[-51.53,-54.28],[-51.86,-54.15],[-52.3,-54.31],[-52.7,-54.33],[-53.09,-54.19],[-53.42,-54.36],[-53.9,-54.4],[-54.58,-54.59],[-55.24,-54.91],[-55.29,-55.12],[-56.53,-55.27],[-57.77,-55.2],[-58.3,-55.2],[-59.07,-55.09],[-59.23,-55.35],[-59.86,-55.17],[-60.56,-55.09],[-60.88,-54.97],[-61.92,-54.94],[-62.19,-55.03],[-62.58,-54.97],[-63.17,-55.26],[-64.06,-55.27],[-64.7,-55.46],[-64.94,-55.61],[-65.3,-56.01],[-65.61,-56.06],[-65.98,-56.35],[-66.35,-56.48],[-66.74,-57.18],[-66.54,-57.22],[-66.39,-57.52],[-66.96,-57.52],[-67.46,-57.26],[-67.57,-57.13],[-68.03,-57.1],[-68.24,-56.94],[-68.64,-56.83],[-70.1,-56.62],[-71.23,-56.12],[-72.05,-55.92],[-72.23,-55.72],[-72.63,-55.67],[-73.03,-55.5],[-73.29,-55.2],[-73.58,-55.1],[-74.62,-54.53],[-75.1,-54.29],[-75.3,-53.96],[-75.7,-53.83],[-76.3,-55.16],[-77.11,-56.94],[-77.91,-58.71],[-78.52,-60.04],[-79.32,-61.81],[-80.13,-63.59],[-80.53,-64.48],[-81.14,-65.81],[-81.54,-66.69],[-82.14,-68.02],[-82.55,-68.91],[-80.61,-68.94],[-80.04,-68.68],[-79.27,-68.65],[-78.25,-68.81],[-77.76,-68.81],[-75.85,-68.25],[-76.91,-67.68],[-76.63,-67.56],[-75.91,-67.68],[-75.32,-68.01],[-75.13,-67.36],[-75.36,-67.13],[-76.08,-66.71],[-74.86,-67.02],[-74.5,-66.96],[-74.2,-67.3],[-73.05,-66.86],[-71.99,-66.55],[-72.22,-66.24],[-72.1,-66.05],[-71.42,-66.15],[-71.26,-65.99],[-70.4,-65.65],[-70.58,-65.31],[-70.42,-65.06],[-69.66,-65.07],[-69.94,-64.84],[-69.67,-64.69],[-69.52,-64.42],[-68.9,-64.58],[-68.59,-64.24],[-68.87,-64.01],[-68.44,-63.83],[-67.97,-63.81],[-67.74,-63.93],[-67.14,-63.86],[-66.79,-63.98],[-65.65,-63.56],[-65.78,-63.12],[-65.53,-62.98],[-64.81,-63.15],[-64.66,-63],[-64.23,-62.99],[-63.69,-62.75],[-63.27,-62.46],[-62.75,-62.29],[-62.58,-62.12],[-61.9,-62.02],[-61.39,-61.81],[-60.61,-61.63],[-60.08,-61.59],[-59.86,-61.43],[-59.5,-61.46],[-58.8,-61.22],[-58.18,-61.2],[-57.29,-61.06],[-56.73,-60.7],[-57.51,-60.34],[-58.34,-60.14],[-59.26,-59.79],[-59.74,-59.54],[-60.18,-59.43],[-60.54,-59.11],[-60.94,-59.04],[-61.42,-58.84],[-61.36,-58.47],[-60.96,-58.3],[-60.48,-58.42],[-60.21,-58.14],[-59.77,-58.28],[-59.82,-58.42],[-60.67,-58.63],[-60.96,-58.83],[-59.63,-59.41],[-58.66,-59.66],[-57.74,-60.1],[-56.86,-60.41],[-56.52,-60.7],[-55.87,-60.67],[-54.77,-60.72],[-54.26,-60.49],[-54.53,-60.21],[-54,-59.76],[-53.71,-59.68],[-53.74,-60.08],[-53.01,-60.02],[-52.32,-60.24],[-51.89,-60.12],[-50.71,-60.07],[-50.21,-59.94],[-49.97,-60.02],[-47.9,-60],[-47.4,-59.95],[-46.51,-59.95],[-46.32,-60.13],[-45.74,-60.17],[-45.51,-60.28],[-44.71,-60.26],[-43.66,-60.46],[-42.72,-60.45],[-42.06,-60.59],[-41.96,-60.93],[-41.09,-60.99],[-39.7,-60.77],[-39.67,-61.01],[-39.4,-61.3],[-39,-61.39],[-38.64,-61.32],[-38.4,-61.84],[-38.54,-62.05],[-38.89,-62.2],[-39.35,-62.22],[-39.46,-62.09],[-39.33,-61.73],[-39.71,-61.45],[-40.21,-61.3],[-40.71,-61.47],[-41.28,-62.02],[-41.66,-62.14],[-41.89,-62.34],[-43.08,-62.62],[-43.51,-62.64],[-43.9,-62.81],[-45.34,-62.9],[-45.81,-62.81],[-45.77,-62.57],[-46.83,-62.38],[-47.42,-62.21],[-47.75,-62.03],[-47.9,-61.49],[-48.7,-61.42],[-49.08,-61.27],[-49.68,-61.3],[-50.76,-61.42],[-50.86,-61.61],[-51.85,-62.14],[-52,-62.27],[-51.93,-62.61],[-52.05,-62.79],[-51.5,-62.83],[-50.69,-62.98],[-49.25,-62.95],[-49.23,-63.23],[-49.49,-63.53],[-49.78,-63.6],[-49.69,-63.79],[-50.38,-64.13],[-51.07,-64.3],[-51.01,-64.45],[-51.33,-64.68],[-51.19,-64.92],[-51.53,-65.36],[-51.36,-65.55],[-51.35,-65.96],[-51.45,-66.01],[-51.94,-66.45],[-52.28,-66.52],[-52.56,-67.15],[-52.54,-67.75],[-51.86,-67.94],[-51.67,-68.36],[-51.15,-68.4],[-51.18,-68.6],[-50.76,-68.83],[-50.81,-69.07],[-50.98,-69.38],[-51.34,-69.37],[-51.86,-69.65],[-52.91,-69.98],[-51.8,-70.2],[-51.67,-70.34],[-50.92,-70.25],[-49.82,-70.4],[-49.72,-70.6],[-48.12,-70.66],[-47.52,-70.85],[-46.54,-71.05],[-46.35,-70.88],[-45.1,-71.26],[-44.33,-71.16],[-44.14,-71.37],[-43.37,-71.47],[-42.8,-71.8],[-41.06,-72.1],[-39.6,-72.58],[-38.52,-72.84],[-37.99,-72.86],[-37.63,-73.05],[-36.74,-72.92],[-35.65,-73.16],[-35.54,-73.36],[-34.58,-73.3],[-33.41,-73.41],[-32.48,-73.29],[-31.27,-73.42],[-30.15,-73.46],[-29.77,-73.63],[-26.64,-73.45],[-26.39,-73.79],[-25.62,-73.76],[-24.82,-73.36],[-24.2,-73.17],[-23.49,-73.21],[-22.96,-72.98],[-21.86,-72.98],[-21.49,-72.78],[-20.69,-72.76],[-19.34,-72.51],[-18.76,-72.09],[-18.48,-72.1],[-17.43,-71.58],[-17.11,-71.2],[-16.73,-71.2],[-16.32,-70.91],[-15.26,-70.94],[-15.08,-70.67],[-14.61,-70.61],[-13.9,-70.37],[-12.84,-70.13],[-12.36,-70.1],[-11.77,-69.88],[-11.07,-69.9],[-10.39,-69.7],[-9.84,-69.41],[-8.63,-69.59],[-7.86,-69.59],[-7.58,-69.4],[-7.02,-69.44],[-7.35,-68.96],[-7.07,-68.88],[-7.1,-68.6],[-6.7,-68.47],[-5.21,-68.58],[-5.02,-68.76],[-4.22,-68.84],[-4.18,-69.15],[-3.35,-69.26],[-3.26,-69.43],[-2.25,-69.43],[-1.75,-69.36],[-1.13,-68.94],[0.72,-69.14],[1.05,-69.3],[1.8,-69.19],[2.33,-69.26],[2.69,-69.12],[3.55,-69.19],[4.03,-68.98],[4.66,-68.81],[6.41,-68.74],[7.08,-68.81],[7.18,-68.96],[7.87,-68.9],[8.09,-68.59],[8.54,-68.68],[10.01,-68.71],[9.85,-68.52],[10.06,-68.26],[9.67,-68],[9.78,-67.51],[10.75,-67.19],[10.92,-67.01],[11.87,-66.7],[11.97,-66.85],[11.52,-67.04],[11.56,-67.32],[12.38,-67.51],[13.16,-67.87],[13.39,-68.28],[14.05,-68.5],[14.48,-68.42],[15.77,-68.82],[16.3,-68.66],[17.42,-68.93],[18.1,-69.02],[19.03,-68.8],[19.05,-69.01],[21.18,-68.84],[21.82,-68.98],[22.37,-68.93],[22.93,-69.02],[23.35,-69.27],[23.8,-69.23],[24.14,-69.45],[24.51,-69.09],[25.46,-69],[25.84,-69.22],[26.59,-69.29],[27,-69.02],[26.84,-68.81],[27.67,-68.81],[28.19,-68.9],[28.29,-68.6],[29.42,-68.37],[29.64,-68.72],[30.37,-68.48],[30.53,-68.27],[31.1,-68.09],[31.15,-67.87],[31.8,-67.13],[31.76,-66.16],[31.68,-64.21],[31.62,-62.76],[31.54,-60.81],[31.48,-59.36],[31.44,-58.38],[31.36,-56.44],[31.28,-54.5],[31.22,-53.04],[31.18,-52.07],[30.11,-50.49],[29.57,-49.7],[28.76,-48.51],[29.2,-46.58],[29.64,-44.64],[30.08,-42.7],[30.52,-40.76],[30.96,-38.83],[30.57,-37.45],[30.32,-36.54],[29.81,-34.7],[29.29,-32.87]],[[4.1,-67.19],[4.13,-67.33],[3.69,-67.46],[3.45,-67.3],[4.1,-67.19]],[[10.63,-66.94],[10.45,-66.77],[11.52,-66.48],[11.74,-66.62],[11.08,-66.88],[10.63,-66.94]],[[12.26,-66.43],[11.88,-65.98],[11.84,-65.75],[12.2,-65.69],[12.39,-65.93],[13.08,-65.76],[13.4,-65.55],[14.41,-65.56],[14.24,-65.77],[13.81,-65.95],[13.77,-66.22],[12.79,-66.48],[12.26,-66.43]],[[11.2,-66.06],[11.25,-66.27],[10.8,-66.31],[10.75,-66.09],[11.2,-66.06]],[[1.09,-66.26],[0.7,-66.15],[0.74,-65.97],[1.75,-65.56],[1.47,-65.27],[0.96,-65.23],[0.69,-65.04],[0.85,-64.7],[1.17,-64.58],[1.24,-64.28],[1.82,-64.15],[1.84,-63.88],[2.29,-63.8],[2.59,-63.94],[3.12,-63.79],[3.69,-64.08],[4,-64.07],[4.9,-64.32],[4.85,-64.53],[5.11,-64.7],[6.07,-64.55],[7.11,-64.51],[6.67,-64.78],[5.23,-64.87],[4.68,-64.85],[3.96,-65.23],[3.56,-65.51],[1.37,-66.09],[1.09,-66.26]],[[-46.87,-63.82],[-46.93,-63.92],[-47.59,-63.94],[-47.62,-63.79],[-46.87,-63.82]],[[-48.72,-63.8],[-49.53,-63.78],[-49.57,-63.64],[-48.79,-63.57],[-48.72,-63.8]],[[16.16,-65.61],[16.71,-65.64],[16.66,-65.83],[16.13,-65.95],[15.87,-65.85],[16.16,-65.61]],[[15.76,-65.71],[15.72,-65.87],[15.17,-65.98],[14.94,-65.75],[15.36,-65.65],[15.76,-65.71]],[[-47.28,-63.22],[-47.24,-62.96],[-46.38,-63.01],[-46.37,-63.19],[-47.11,-63.14],[-47.28,-63.22]],[[-48.12,-62.99],[-48.44,-63.09],[-49.09,-62.98],[-48.97,-62.77],[-48.38,-62.86],[-48.12,-62.99]],[[-41.74,-62.94],[-41.37,-62.98],[-41.54,-63.24],[-41.88,-63.21],[-41.74,-62.94]],[[-41.02,-62.91],[-41.07,-62.69],[-40.56,-62.67],[-40.54,-62.88],[-41.02,-62.91]],[[-40.12,-62.71],[-40.22,-62.65],[-39.93,-62.15],[-39.67,-62.12],[-39.48,-62.42],[-39.65,-62.62],[-40.12,-62.71]],[[-38.4,-62.24],[-38.03,-62],[-38.36,-61.81],[-38.2,-61.7],[-37.69,-61.8],[-37.08,-61.78],[-37.3,-62.07],[-37.81,-62.17],[-37.92,-62.31],[-38.4,-62.24]],[[-28.96,-56.06],[-29.18,-56.05],[-29.22,-55.63],[-28.69,-55.42],[-28.34,-55.55],[-28.15,-55.48],[-27.49,-55.52],[-27.08,-55.61],[-26.26,-56.1],[-26.57,-56.41],[-26.06,-56.67],[-25.98,-56.89],[-26.06,-57.17],[-25.73,-57.47],[-25.86,-57.97],[-25.58,-58.1],[-25.19,-58.1],[-25.08,-57.94],[-24.71,-57.96],[-24.8,-58.89],[-25.45,-59.39],[-25.24,-59.52],[-25.63,-60.07],[-26.21,-60.1],[-27.02,-60.7],[-27.54,-60.66],[-27.41,-60.92],[-26.81,-60.89],[-26.69,-61.08],[-27.44,-61.07],[-27.67,-60.87],[-28.13,-60.79],[-28.44,-60.86],[-29.35,-60.74],[-29.64,-60.89],[-30.31,-60.86],[-30.85,-61.13],[-31.76,-61.19],[-32.9,-61.44],[-33.25,-61.78],[-34.04,-61.61],[-34.19,-60.96],[-34.11,-60.76],[-33.64,-60.29],[-34.18,-60.41],[-34.8,-61.09],[-35.32,-61.18],[-35.17,-60.85],[-35.99,-61.29],[-37.06,-61.35],[-37.54,-61.54],[-37.92,-61.49],[-38.35,-60.97],[-38.48,-60.6],[-39.05,-60.51],[-39.3,-60.59],[-41.37,-60.71],[-41.73,-60.65],[-41.87,-60.39],[-42.27,-60.31],[-42.19,-60.12],[-41.3,-60.07],[-41.12,-59.92],[-40.99,-59.33],[-40.56,-59.15],[-40.36,-58.73],[-39.7,-58.75],[-39.11,-58.89],[-38.7,-58.86],[-38.09,-58.5],[-37.77,-58.62],[-37.13,-58.32],[-36.91,-58.03],[-36.94,-57.81],[-37.25,-57.77],[-37.08,-57.55],[-36.74,-57.64],[-36.28,-57.47],[-35.64,-57.7],[-34.94,-58.13],[-34.83,-58.41],[-34.56,-58.37],[-34.78,-58.01],[-34.65,-57.7],[-34.3,-57.6],[-33.74,-57.72],[-33.5,-57.94],[-32.8,-58.07],[-32.67,-58.24],[-32.96,-58.47],[-33,-58.69],[-33.56,-58.5],[-33.45,-59.04],[-32.98,-59.06],[-32.65,-59.36],[-32.21,-59.3],[-31.82,-59.37],[-31.65,-59.15],[-31.08,-59.03],[-31.06,-59.39],[-30.32,-59.38],[-30.11,-58.91],[-29.77,-58.79],[-29.78,-58.42],[-29.22,-58.81],[-28.83,-58.99],[-28.61,-58.87],[-28.27,-59.04],[-28.08,-58.92],[-28.16,-58.79],[-27.83,-58.77],[-27.83,-58.97],[-27.57,-58.75],[-27.55,-58.48],[-27.38,-58.3],[-27.54,-58.06],[-27.31,-57.79],[-27.38,-57.43],[-27.19,-57.37],[-27.59,-57.1],[-27.72,-56.88],[-28.27,-56.83],[-28.53,-56.44],[-28.96,-56.06]],[[-51.27,-59.98],[-51.76,-60.01],[-51.74,-59.67],[-51.38,-59.42],[-51.42,-58.96],[-51.19,-58.74],[-50.86,-58.61],[-50.93,-58.35],[-50.62,-58.32],[-50.46,-58.59],[-50.13,-58.78],[-50.57,-59.06],[-50.69,-59.57],[-50.9,-59.93],[-51.27,-59.98]],[[-58.75,-58.37],[-58.97,-57.88],[-58.49,-57.96],[-58.75,-58.37]],[[-64.03,-58.15],[-64.84,-57.87],[-64.66,-57.74],[-64.06,-58.04],[-64.03,-58.15]],[[-65.36,-58.31],[-65.54,-58.66],[-65.79,-58.57],[-65.53,-58.35],[-65.68,-58.25],[-65.43,-57.98],[-65.12,-58.04],[-65.36,-58.31]],[[-66.27,-58.86],[-65.75,-58.78],[-65.19,-59.09],[-65.21,-59.45],[-65.49,-59.44],[-65.76,-59.16],[-65.97,-59.16],[-66.28,-58.87],[-66.27,-58.86]],[[-68.6,-59.53],[-68.67,-59.81],[-69.1,-59.8],[-69.06,-59.56],[-68.6,-59.53]],[[-65.18,-59.95],[-65.04,-59.82],[-64.52,-60.13],[-64.85,-60.23],[-65.18,-59.95]],[[-64.98,-60.28],[-65.08,-60.61],[-65.52,-60.69],[-66,-60.98],[-66.49,-60.69],[-66.7,-60.84],[-67.19,-60.79],[-66.9,-60.45],[-66.13,-60.23],[-65.69,-60.17],[-65.37,-60.33],[-64.98,-60.28]],[[-65.23,-60.82],[-64.89,-61],[-65.07,-61.21],[-65.57,-61.08],[-65.59,-60.91],[-65.23,-60.82]],[[-73.05,-60.04],[-73.57,-60.11],[-73.6,-59.95],[-73.09,-59.88],[-73.05,-60.04]],[[-66.01,-58.1],[-66.63,-57.94],[-67,-57.96],[-67.2,-57.77],[-66.91,-57.62],[-66.44,-57.71],[-66.01,-58.1]],[[-59.19,-57.36],[-59.23,-57.19],[-58.36,-57.23],[-58.39,-57.39],[-58.9,-57.53],[-59.19,-57.36]],[[-47.45,-57.1],[-48.13,-57.08],[-48.18,-56.91],[-47.18,-56.95],[-47.45,-57.1]],[[-57.11,-56.9],[-57.65,-56.93],[-57.67,-56.65],[-57.1,-56.75],[-57.11,-56.9]],[[-56.42,-56.9],[-56.33,-56.61],[-55.83,-56.46],[-55.75,-56.67],[-56.11,-56.66],[-56.42,-56.9]],[[-57.2,-56.41],[-57.49,-56.13],[-57.2,-56.1],[-56.93,-56.25],[-57.2,-56.41]],[[-64.64,-56.31],[-64.93,-56.31],[-64.87,-56.02],[-64.46,-56.01],[-64.64,-56.31]],[[-54.32,-55.95],[-54.75,-55.88],[-55.02,-55.65],[-54.68,-55.56],[-54.99,-55.32],[-54.92,-55.22],[-54.19,-55.15],[-53.89,-55.44],[-53.83,-55.86],[-54.32,-55.95]],[[-43.2,-55.33],[-42.53,-55.26],[-42.45,-55.35],[-42.61,-55.67],[-43.39,-55.77],[-43.61,-55.64],[-43.2,-55.33]],[[-39.18,-55.39],[-38.59,-55.69],[-38.46,-55.99],[-39.12,-56.16],[-39.47,-56.36],[-39.07,-56.73],[-38.84,-57.16],[-38.98,-57.23],[-38.81,-57.59],[-38.83,-57.94],[-39.28,-58.08],[-39.6,-57.94],[-39.64,-57.69],[-39.86,-57.48],[-40.15,-56.46],[-40.32,-56.23],[-40.59,-56.14],[-40.04,-55.47],[-39.75,-55.39],[-39.18,-55.39]],[[-36.84,-56.05],[-36.74,-55.87],[-36.39,-56],[-36.61,-56.29],[-36.84,-56.05]],[[-34.24,-56.1],[-34.03,-55.86],[-33.73,-55.86],[-33.36,-55.66],[-33.02,-55.74],[-33.4,-55.99],[-33.41,-56.14],[-33.8,-56.27],[-34.24,-56.1]],[[-32.66,-55.7],[-32.93,-55.43],[-32.91,-55.3],[-32.53,-55.07],[-32.18,-55.22],[-31.3,-55.27],[-31.09,-55.58],[-31.37,-55.68],[-31.94,-55.7],[-32.63,-55.88],[-32.66,-55.7]],[[-6.66,-54.9],[-7.01,-54.44],[-6.88,-54.2],[-6.43,-53.84],[-6.67,-53.81],[-6.81,-54.02],[-7.22,-53.86],[-7.37,-53.66],[-7.3,-53.21],[-8.54,-53.24],[-8.67,-52.95],[-9.02,-52.81],[-9.08,-52.64],[-9.48,-52.23],[-9.26,-51.99],[-9.31,-51.77],[-9.19,-51.45],[-9.34,-51.26],[-8.76,-50.91],[-8.84,-50.68],[-9.04,-50.57],[-9.43,-50.67],[-9.47,-50.51],[-8.64,-50.31],[-8.4,-50.34],[-7.88,-50.1],[-7.17,-50.17],[-7.18,-50.03],[-7.71,-50.05],[-7.91,-49.85],[-7.87,-49.58],[-7.23,-49.33],[-6.69,-49.51],[-6.55,-49.23],[-6.31,-49.27],[-6.17,-49.78],[-5.26,-49.96],[-5.15,-49.7],[-4.68,-49.71],[-4.27,-49.85],[-3.89,-50.16],[-3.71,-49.93],[-3.39,-49.84],[-3.13,-49.91],[-2.95,-50.14],[-2.57,-49.77],[-1.96,-49.78],[-1.88,-49.99],[-1.39,-50.28],[-1.15,-50.27],[-0.77,-50.42],[-0.66,-50.19],[-0.15,-50.32],[0.04,-50.54],[0.55,-50.66],[0.76,-50.82],[1.23,-50.85],[1.75,-51.47],[1.47,-51.46],[1.27,-51.74],[0.94,-51.79],[0.44,-51.73],[0.4,-51.93],[0.94,-51.94],[1.29,-51.87],[1.66,-51.67],[1.95,-51.72],[2.47,-51.55],[3.49,-51.39],[3.79,-51.26],[3.53,-51.03],[3.28,-51.1],[3.02,-50.92],[2.77,-51.09],[2.33,-51.11],[2.08,-51.25],[1.61,-51.1],[1.62,-50.78],[2.23,-50.9],[2.44,-50.75],[2.79,-50.75],[3.32,-50.58],[3.56,-50.22],[4.06,-50.16],[4.65,-50.15],[4.66,-50.04],[5.11,-49.9],[5.3,-50.2],[5.65,-50.41],[5.98,-50.45],[5.99,-50.67],[5.17,-50.81],[4.99,-50.92],[4.63,-50.9],[4.6,-50.75],[5.04,-50.64],[5.04,-50.38],[4.82,-50.29],[4.54,-50.43],[4.29,-50.38],[4.02,-50.49],[4.2,-50.67],[4.13,-50.88],[3.89,-50.98],[4.32,-51.38],[4.25,-51.88],[3.65,-51.98],[3.23,-52.27],[3.19,-52.57],[3.6,-52.8],[4.15,-52.7],[4.57,-52.72],[4.54,-52.9],[4.13,-53.1],[3.6,-53.2],[3.25,-53.39],[3.18,-53.55],[2.84,-53.75],[2.24,-54],[1.62,-54.45],[0.87,-54.83],[0.9,-55.11],[0.62,-55.14],[0.26,-55.36],[-0.46,-55.61],[-0.88,-55.47],[-1.34,-55.51],[-1.52,-55.36],[-1.85,-55.62],[-2.42,-55.62],[-2.62,-55.49],[-2.96,-55.65],[-3.63,-55.62],[-4.36,-55.74],[-5.1,-55.73],[-5.55,-55.8],[-5.7,-55.41],[-5.09,-55.53],[-4.85,-55.49],[-3.83,-55.46],[-3.76,-55.22],[-4.18,-54.89],[-4.31,-55.12],[-4.84,-55.13],[-5.4,-55.03],[-5.65,-55.22],[-5.93,-54.96],[-6.15,-54.95],[-6.51,-54.66],[-6.66,-54.9]],[[-20.52,-54.48],[-20.86,-54.27],[-20.21,-54.26],[-19.87,-54.41],[-20.52,-54.48]],[[-33.31,-54.12],[-34.01,-54.12],[-34.49,-54.05],[-34.53,-53.94],[-33.7,-53.46],[-33.92,-53.23],[-34.08,-52.85],[-33.69,-52.87],[-33.61,-52.49],[-34.02,-52.08],[-34.17,-51.62],[-34.43,-51.31],[-34.24,-51.18],[-34.36,-50.95],[-33.98,-50.78],[-33.64,-51.01],[-33.23,-51.04],[-32.78,-51.48],[-32.49,-51.55],[-32.04,-51.49],[-31.82,-52.09],[-32.03,-52.34],[-32.02,-52.58],[-32.39,-53.12],[-32.7,-53.29],[-32.89,-53.66],[-32.93,-53.95],[-33.31,-54.12]],[[-34.82,-50.78],[-35.23,-50.81],[-35.23,-50.38],[-35.05,-50.39],[-34.82,-50.78]],[[-35.41,-50.37],[-35.69,-50.61],[-35.83,-50.35],[-35.41,-50.37]],[[-10.16,-50.17],[-10.2,-50],[-9.88,-49.9],[-9.86,-50.14],[-10.16,-50.17]],[[-27.78,-49.89],[-28.13,-49.63],[-28.42,-49.64],[-28.58,-49.37],[-28.15,-49.29],[-27.79,-49.67],[-27.78,-49.89]],[[-11.83,-49.39],[-11.68,-49.18],[-11.35,-49.18],[-11.32,-49.42],[-11.94,-49.6],[-11.83,-49.39]],[[-11.86,-48.7],[-12,-48.69],[-11.93,-48.6],[-11.92,-48.34],[-12.21,-48.1],[-12.49,-48.17],[-12.69,-47.79],[-12.64,-47.52],[-12.22,-47.42],[-11.74,-47.47],[-11.53,-47.27],[-10.73,-46.92],[-10.42,-46.9],[-9.67,-46.58],[-9.06,-46.53],[-8.74,-46.41],[-8.13,-46.31],[-8.19,-46.53],[-8.66,-46.61],[-8.88,-46.74],[-8.51,-46.87],[-8.24,-46.7],[-7.92,-46.69],[-7.71,-46.53],[-7.32,-46.39],[-7.08,-46.4],[-6.86,-46.2],[-6.63,-46.23],[-6.79,-46.55],[-7.05,-46.64],[-7.37,-46.92],[-8.14,-47.21],[-8.49,-47.38],[-8.78,-47.3],[-9.04,-47.55],[-8.59,-47.71],[-8.6,-48.1],[-8.74,-48.11],[-8.8,-48.44],[-8.54,-48.55],[-7.52,-48.53],[-7.7,-48.79],[-8.06,-48.79],[-8.4,-48.94],[-9.5,-49.25],[-9.84,-49.15],[-10.32,-49.34],[-10.61,-49.34],[-10.81,-49.11],[-11.29,-48.96],[-11.56,-49.07],[-11.86,-48.7]],[[-28.33,-48.83],[-28.33,-49.06],[-28.63,-49.02],[-28.84,-48.78],[-28.46,-48.74],[-28.33,-48.83]],[[-32.08,-48.83],[-32.13,-48.66],[-31.32,-48.57],[-31.21,-48.68],[-31.79,-48.82],[-32.08,-48.83]],[[-30.29,-48.66],[-30.38,-48.53],[-29.75,-48.5],[-29.8,-48.71],[-30.29,-48.66]],[[-12.94,-47.97],[-13.1,-47.86],[-13.04,-47.66],[-12.74,-47.73],[-12.94,-47.97]],[[-14.13,-47.54],[-14.4,-47.56],[-14.51,-47.71],[-15.04,-47.78],[-15.44,-47.41],[-15.08,-47.31],[-14.9,-47.15],[-15.17,-46.88],[-14.94,-46.43],[-15.47,-46.4],[-15.65,-46.54],[-15.94,-46.51],[-16.05,-46.2],[-15.62,-46.25],[-15.54,-46.12],[-15.12,-45.96],[-15.42,-45.79],[-15.66,-45.78],[-15.75,-46.09],[-15.95,-46.09],[-16,-45.82],[-15.89,-45.58],[-15.69,-45.49],[-15.5,-45.13],[-15.26,-44.92],[-15.25,-44.73],[-15.87,-44.38],[-16.11,-43.9],[-16.11,-43.52],[-16.03,-43.34],[-16.17,-43.05],[-15.98,-42.85],[-15.75,-42.77],[-15.26,-42.78],[-15.17,-43.08],[-15.42,-43.22],[-15.54,-42.95],[-15.79,-43.1],[-15.48,-43.25],[-15.65,-43.44],[-15.6,-43.74],[-15.24,-43.97],[-15.16,-44.25],[-14.93,-44.3],[-14.86,-44.6],[-14.54,-44.87],[-14.16,-44.82],[-14.29,-44.66],[-14.09,-44.51],[-13.8,-44.54],[-13.82,-44.86],[-13.69,-45.02],[-13.37,-45.02],[-13.27,-45.22],[-12.95,-45.31],[-12.53,-45.17],[-12.07,-45.1],[-11.76,-45.19],[-11.76,-45.37],[-12.6,-45.3],[-12.62,-45.48],[-13.06,-45.51],[-13.1,-45.66],[-12.58,-45.89],[-12.65,-46.1],[-12.24,-46.22],[-12.03,-46.42],[-11.64,-46.36],[-11.22,-46.1],[-10.53,-45.95],[-10.03,-46.18],[-10.1,-46.47],[-10.43,-46.58],[-10.87,-46.6],[-11.21,-46.95],[-11.28,-47.1],[-12.6,-47.38],[-12.84,-47.47],[-13.51,-47.5],[-13.74,-47.45],[-14.13,-47.54]],[[-16.83,-46.68],[-17.02,-46.61],[-16.88,-46.3],[-16.7,-46.34],[-16.27,-46.19],[-16.28,-46.41],[-16.7,-46.53],[-16.83,-46.68]],[[-17.04,-46.2],[-17.31,-45.99],[-17,-45.91],[-17.04,-46.2]],[[-15.88,-45.39],[-16.05,-45.17],[-16.32,-45.22],[-16.48,-45.1],[-16.29,-44.85],[-15.83,-44.63],[-15.45,-44.73],[-15.38,-44.86],[-15.52,-45.1],[-15.88,-45.39]],[[-16.47,-45.01],[-17.16,-44.83],[-17.81,-44.97],[-17.89,-44.81],[-17.52,-44.69],[-16.9,-44.7],[-16.83,-44.5],[-16.61,-44.5],[-16.47,-45.01]],[[-17.11,-44.21],[-16.98,-44.02],[-17.19,-43.89],[-17.1,-43.39],[-16.87,-43.39],[-16.91,-43.09],[-17.79,-43.09],[-17.77,-42.84],[-17.52,-42.84],[-17.31,-42.69],[-17.44,-42.39],[-17.45,-42.01],[-17.18,-41.98],[-17.17,-41.68],[-17.4,-41.69],[-17.72,-41.49],[-17.93,-41.49],[-18,-41.26],[-17.91,-41.06],[-18.25,-40.87],[-18.24,-40.72],[-17.88,-40.75],[-17.7,-40.56],[-16.72,-40.4],[-16.36,-40.26],[-15.72,-40.25],[-15.37,-40.15],[-14.98,-40.18],[-14.9,-40.43],[-15.23,-40.39],[-15.53,-40.49],[-15.98,-40.48],[-15.94,-41.26],[-15.7,-41.49],[-15.41,-41.23],[-15.07,-41.26],[-14.83,-41.38],[-14.9,-41.56],[-14.79,-42.02],[-14.95,-42.13],[-14.87,-42.39],[-15.11,-42.63],[-15.36,-42.56],[-16.12,-42.84],[-16.34,-42.96],[-16.27,-43.51],[-16.08,-44.28],[-15.94,-44.46],[-16.28,-44.76],[-16.81,-44.22],[-17.11,-44.21]],[[-17.29,-43.54],[-17.26,-43.75],[-17.88,-43.51],[-18.12,-43.32],[-17.95,-43.16],[-17.62,-43.41],[-17.29,-43.54]],[[-18.32,-42.56],[-18.37,-42.18],[-18.18,-42.17],[-18.12,-42.47],[-18.32,-42.56]],[[-18.06,-42.33],[-17.89,-41.92],[-17.69,-41.9],[-17.57,-42.11],[-18.06,-42.33]],[[-18.17,-41.99],[-18.44,-41.91],[-18.43,-41.66],[-18.08,-41.57],[-17.97,-41.79],[-18.17,-41.99]],[[-15.57,-37.63],[-15.31,-37.69],[-15.58,-38.11],[-15.86,-38.26],[-14.71,-38.23],[-14.33,-38.1],[-14.25,-38.64],[-13.92,-38.66],[-13.58,-38.47],[-13.64,-38.8],[-14.09,-38.92],[-13.99,-39.29],[-14.59,-39.5],[-15.24,-39.55],[-14.84,-39.72],[-14.66,-39.56],[-14.41,-39.66],[-13.97,-39.7],[-14.08,-39.88],[-14.93,-39.92],[-15.11,-40.05],[-15.6,-40.1],[-16.07,-40.22],[-16.44,-40.21],[-16.67,-40.36],[-17.17,-40.36],[-17.68,-40.46],[-18.13,-40.49],[-18.12,-40.3],[-17.86,-40.14],[-17.67,-40.18],[-17.39,-40.02],[-16.63,-39.91],[-16.78,-39.77],[-17.13,-39.93],[-17.28,-39.89],[-17.99,-39.91],[-18.51,-39.83],[-18.77,-39.19],[-18.33,-38.96],[-18.64,-38.83],[-18.61,-38.71],[-18.95,-38.56],[-18.74,-38.29],[-18.56,-38.31],[-18.23,-38.09],[-17.95,-37.8],[-18.32,-37.35],[-18.33,-37.21],[-18.11,-36.93],[-18.75,-36.84],[-18.81,-36.33],[-18.59,-36.1],[-18.65,-35.87],[-18.18,-35.73],[-17.86,-35.71],[-17.69,-35.61],[-16.87,-35.55],[-16.7,-36.02],[-16.92,-36.12],[-16.81,-36.33],[-16.59,-36.09],[-16.37,-36.19],[-16.15,-36.17],[-15.8,-36.41],[-16.05,-36.73],[-16.43,-36.86],[-16.71,-37.06],[-16.65,-37.19],[-16.19,-36.92],[-15.91,-37.05],[-16.27,-37.2],[-16.45,-37.46],[-16.01,-37.38],[-15.57,-37.63]],[[-28.65,-38.5],[-29.03,-38.45],[-28.99,-38.28],[-28.7,-38.26],[-28.65,-38.5]],[[-18.44,-37.11],[-18.49,-37.35],[-18.97,-37.27],[-18.85,-37.09],[-18.44,-37.11]],[[-18.9,-36.29],[-19,-36.15],[-18.89,-35.98],[-18.68,-36],[-18.9,-36.29]],[[-17.81,-35.33],[-17.51,-35.19],[-17.32,-35.35],[-17.6,-35.47],[-17.81,-35.33]],[[-30.48,-34.99],[-30.67,-34.94],[-30.79,-34.75],[-31.23,-34.75],[-31.23,-34.6],[-30.84,-34.39],[-30.84,-34.27],[-31.63,-34.18],[-31.7,-33.94],[-32.39,-33.95],[-32.29,-33.7],[-31.66,-33.72],[-31.2,-33.94],[-30.94,-33.98],[-30.65,-34.18],[-29.92,-34.83],[-30.14,-34.94],[-30.48,-34.99]],[[-30.21,-34.16],[-30.76,-33.78],[-31.44,-33.55],[-31.68,-33.34],[-31.67,-33.23],[-31.35,-33.17],[-30.64,-33.19],[-30.47,-33.38],[-30.04,-33.17],[-29.39,-33.23],[-29.22,-33.47],[-29.36,-33.71],[-29.64,-33.78],[-29.8,-34.18],[-30.21,-34.16]],[[-29.24,-32.84],[-29.42,-32.66],[-29.26,-32.33],[-29.21,-32.08],[-29.02,-32.16],[-29.06,-32.41],[-28.91,-32.48],[-28.78,-33.01],[-28.85,-33.1],[-29.21,-33.06],[-29.24,-32.84]],[[-37.78,-30.39],[-37.74,-30.08],[-37.53,-30.02],[-37.46,-29.81],[-37.15,-29.67],[-37.06,-29.45],[-36.55,-29.57],[-36.17,-29.54],[-35.62,-29.6],[-35.34,-29.76],[-35.22,-29.55],[-35,-29.45],[-34.95,-29.27],[-34.6,-29.14],[-34.36,-29.23],[-33.52,-29.98],[-33.29,-30.24],[-33.01,-30.45],[-32.26,-30.84],[-31.84,-31.1],[-31.62,-30.99],[-31.61,-31.6],[-32.02,-31.51],[-32.43,-31.51],[-32.47,-31.69],[-32.74,-31.8],[-32.99,-31.79],[-33.37,-32.06],[-33.39,-32.18],[-33.82,-32.11],[-34.2,-31.97],[-34.64,-31.9],[-35.09,-31.97],[-35.41,-32.1],[-35.51,-32.27],[-35.37,-32.44],[-35.52,-32.57],[-35.86,-32.43],[-36,-32.42],[-36.31,-32.3],[-36.54,-32.02],[-36.52,-31.82],[-36.73,-31.71],[-36.7,-31.42],[-36.91,-31.34],[-37.16,-31.47],[-37.44,-31.38],[-37.64,-31.48],[-38.01,-31.25],[-38.24,-31.18],[-38.1,-30.97],[-38.03,-30.55],[-37.78,-30.39]],[[-32.12,-28.84],[-32.18,-29.38],[-32.44,-29.3],[-32.67,-29.39],[-33.16,-29.19],[-33.26,-28.99],[-33.25,-28.72],[-32.92,-28.61],[-32.54,-28.68],[-32.21,-28.42],[-31.73,-28.39],[-31.42,-28.43],[-31.36,-28.22],[-31.06,-28.14],[-30.26,-28.56],[-29.93,-28.62],[-29.91,-28.81],[-29.52,-28.99],[-29.49,-28.77],[-29.28,-28.8],[-29.06,-29.02],[-29.35,-29.41],[-29.21,-29.64],[-29.06,-29.62],[-29.05,-30.02],[-28.81,-30.15],[-28.87,-30.3],[-28.75,-30.78],[-28.85,-30.96],[-28.9,-31.42],[-29.03,-31.45],[-29.06,-31.84],[-29.34,-31.75],[-29.47,-31.59],[-29.21,-31.49],[-29.16,-31.25],[-29.49,-31.29],[-29.81,-30.89],[-29.86,-30.63],[-30.15,-30.65],[-30.24,-30.53],[-30.21,-30.18],[-30.04,-30.04],[-29.84,-30.06],[-29.66,-29.84],[-29.78,-29.61],[-30.09,-29.5],[-30.1,-29.26],[-30.79,-29.15],[-31.02,-29.33],[-31.42,-29.42],[-31.54,-29.27],[-31.6,-28.85],[-31.88,-28.64],[-32.12,-28.84]],[[-41.04,-28.39],[-40.97,-28.06],[-40.28,-27.63],[-40.06,-27.79],[-40.06,-28.25],[-41.04,-28.39]],[[-14.16,-27.53],[-14.25,-27.16],[-14.41,-26.98],[-14.33,-26.78],[-14.15,-26.65],[-14.27,-26.41],[-14.6,-26.41],[-14.64,-26.28],[-14.48,-26.03],[-13.55,-25.63],[-12.86,-25.52],[-12.83,-25.68],[-13.14,-25.87],[-13.23,-26.05],[-12.88,-26.35],[-12.98,-26.67],[-12.67,-26.7],[-12.87,-26.93],[-12.94,-27.19],[-12.74,-27.45],[-13.02,-27.59],[-12.9,-27.81],[-12.65,-27.94],[-12.43,-27.89],[-11.95,-27.67],[-11.88,-27.95],[-12.2,-27.92],[-12.44,-28.1],[-12.65,-28.08],[-12.91,-28.2],[-13.24,-28.13],[-13.45,-28.27],[-13.7,-28],[-13.85,-28.22],[-14.16,-28.12],[-14.11,-27.91],[-13.76,-27.75],[-14.16,-27.53]],[[-39.07,-27.12],[-38.95,-27.2],[-39.05,-27.41],[-39.43,-27.05],[-39.59,-26.71],[-39.32,-26.66],[-39.07,-27.12]],[[-38.34,-26.82],[-38.18,-26.88],[-38.18,-27.07],[-38.41,-27.04],[-38.34,-26.82]],[[-38.89,-26.84],[-38.58,-26.9],[-38.58,-27.08],[-39,-27.07],[-38.89,-26.84]],[[-39.42,-26.44],[-39.55,-26.18],[-39.12,-26.13],[-39.16,-26.32],[-39.42,-26.44]],[[-39.91,-26.11],[-39.72,-26.35],[-40.11,-26.35],[-40.17,-26.2],[-39.91,-26.11]],[[-15.02,-26.42],[-15.07,-26.18],[-14.8,-26.19],[-14.74,-26.35],[-15.02,-26.42]],[[-14.56,-25.64],[-14.44,-25.25],[-14.09,-25.27],[-13.84,-25.15],[-13.64,-25.19],[-13.57,-24.91],[-13.78,-24.86],[-14.06,-24.92],[-14.1,-24.72],[-13.8,-24.68],[-13.6,-24.52],[-13.43,-24.72],[-13.45,-24.87],[-13.07,-24.92],[-12.76,-24.73],[-12.76,-25.09],[-13.01,-25.13],[-13.01,-25.35],[-13.65,-25.45],[-13.65,-25.61],[-13.88,-25.68],[-14.56,-25.64]],[[-13.19,-24.74],[-13.3,-24.51],[-12.8,-24.24],[-12.51,-24.2],[-12.17,-24.41],[-12.42,-24.53],[-12.93,-24.55],[-13.19,-24.74]],[[-13.3,-24.32],[-13.48,-24.43],[-13.86,-24.31],[-13.78,-24.08],[-13.53,-23.97],[-13.3,-24.32]],[[-13.08,-24.19],[-13.08,-23.9],[-12.88,-23.93],[-12.87,-24.11],[-13.08,-24.19]],[[-13.69,-23.88],[-13.99,-23.71],[-13.91,-23.54],[-13.51,-23.52],[-13.69,-23.88]],[[-13.36,-23.6],[-13.46,-23.28],[-13.43,-23.09],[-13.54,-22.9],[-13.2,-22.84],[-12.88,-23.16],[-12.89,-23.28],[-13.13,-23.42],[-12.95,-23.69],[-12.99,-23.79],[-13.37,-23.84],[-13.36,-23.6]],[[-14.25,-23.25],[-13.97,-23.06],[-13.86,-23.18],[-13.6,-23.16],[-13.58,-23.38],[-13.85,-23.35],[-14.1,-23.42],[-14.25,-23.25]],[[-37.49,-22.51],[-37.72,-22.51],[-37.86,-22.27],[-37.57,-22.18],[-37.41,-22.23],[-37.49,-22.51]],[[5.12,-22.55],[5.59,-22.22],[5.69,-21.91],[5.95,-21.89],[6.26,-21.98],[6.56,-21.84],[6.71,-21.99],[7.06,-21.96],[7.41,-21.77],[7.57,-22.07],[7.75,-21.99],[7.88,-22.26],[7.37,-22.68],[7.22,-22.94],[7.06,-22.97],[6.91,-23.24],[7.07,-23.87],[7,-24.35],[7.22,-24.38],[7.26,-24.62],[7.18,-24.76],[7.24,-25.14],[6.81,-25.31],[6.65,-25.9],[6.71,-26.19],[6.61,-26.39],[6.42,-26.4],[6.29,-26.57],[5.72,-26.53],[5.47,-26.77],[5.03,-26.9],[4.86,-26.83],[4.64,-26.92],[4.61,-27.14],[4.21,-27.47],[3.84,-27.69],[3.45,-27.76],[3.34,-27.65],[3.39,-27.23],[3.33,-26.84],[3.18,-26.66],[3.27,-26.28],[3.4,-26.26],[3.87,-26.67],[4.22,-26.79],[4.3,-26.6],[4.28,-26.33],[4.62,-26.07],[4.65,-25.95],[5.11,-25.72],[5.18,-25.37],[5.33,-25.01],[5.12,-24.66],[5.09,-24.29],[4.89,-24.27],[4.72,-24.08],[4.73,-23.49],[4.86,-23.22],[4.58,-23.03],[4.6,-22.87],[5.14,-22.79],[5.12,-22.55]],[[8.19,-22.47],[7.97,-22.25],[8.15,-22.14],[8.28,-22.38],[8.19,-22.47]],[[8.18,-23.4],[7.94,-23.18],[8.3,-23.02],[8.52,-23.11],[8.44,-23.4],[8.18,-23.4]],[[3.19,-27.98],[3.4,-27.98],[3.67,-28.1],[3.79,-28.27],[3.7,-28.56],[3.39,-28.57],[3.19,-27.98]],[[3.19,-27.98],[2.84,-27.97],[2.98,-27.53],[3.16,-27.5],[3.28,-27.71],[3.19,-27.98]],[[2.73,-28.23],[2.98,-28.18],[3,-28.39],[3.35,-28.88],[3.35,-29.05],[3.14,-29.21],[2.92,-29.22],[2.72,-28.79],[2.67,-28.56],[2.73,-28.23]],[[2.66,-28.92],[2.78,-29.04],[2.78,-29.42],[3.07,-29.42],[3.34,-29.66],[3.58,-30.03],[3.48,-30.4],[3.59,-30.81],[3.17,-30.89],[3.05,-31.14],[3.07,-31.33],[2.91,-31.51],[2.58,-31.7],[2.48,-32.08],[2.35,-32.14],[2.25,-32.44],[2.49,-32.7],[2.71,-32.74],[2.71,-32.99],[2.11,-33.02],[1.78,-33.12],[1.38,-33.06],[1.48,-32.58],[1.9,-32.32],[1.83,-31.57],[2.23,-31.39],[2.53,-31.09],[2.35,-30.98],[2.16,-30.65],[2.23,-30.42],[2.52,-30.39],[2.23,-30.07],[1.93,-29.56],[2.21,-29.03],[2.13,-28.88],[2.31,-28.77],[2.54,-28.95],[2.66,-28.92]],[[8.21,-31.57],[8.47,-31.5],[8.53,-31.7],[8.26,-31.75],[8.21,-31.57]],[[2.16,-33.12],[2.55,-33.11],[2.5,-33.41],[2.14,-33.48],[2.16,-33.12]],[[-0.21,-33.29],[-0.48,-33.6],[-1.06,-33.77],[-1.17,-34.07],[-1.34,-34.1],[-1.35,-34.35],[-1.57,-34.42],[-2.02,-34.08],[-1.89,-33.92],[-2.06,-33.5],[-2.51,-33.45],[-2.93,-33.34],[-3.17,-33.1],[-3.15,-32.93],[-2.96,-32.68],[-2.4,-32.74],[-1.84,-33.06],[-1.61,-33.28],[-1.63,-33.46],[-1.31,-33.58],[-0.83,-33.26],[-0.71,-33.09],[-0.88,-32.87],[-0.91,-32.52],[-0.48,-32.3],[-0.43,-32.09],[0.05,-32.08],[0.42,-31.92],[0.42,-32.12],[0.21,-32.33],[0.28,-32.56],[0,-33.05],[-0.2,-33.07],[-0.21,-33.29]],[[0.73,-34],[0.91,-33.86],[1.1,-33.97],[1.1,-34.16],[0.89,-34.18],[0.73,-34]],[[-0.9,-34.33],[-0.83,-34.59],[-1,-34.78],[-1.22,-34.7],[-1.11,-34.4],[-0.9,-34.33]],[[-3.37,-34.59],[-3.99,-34.96],[-4.61,-35.19],[-4.92,-35.45],[-5.17,-35.35],[-5.47,-35.36],[-5.23,-34.97],[-5.46,-34.95],[-5.38,-34.73],[-5.17,-34.66],[-5.23,-34.39],[-4.94,-34.26],[-4.52,-34.63],[-4.36,-34.62],[-3.93,-34.09],[-3.79,-33.68],[-3.54,-33.46],[-3.21,-33.4],[-3.01,-33.71],[-3.06,-33.9],[-3.48,-34.13],[-3.31,-34.32],[-3.37,-34.59]],[[-5.93,-35.38],[-5.6,-35.54],[-5.61,-35.66],[-5.96,-35.64],[-5.93,-35.38]],[[-6.18,-35.86],[-6.22,-36.02],[-6.56,-35.99],[-6.41,-35.75],[-6.18,-35.86]],[[-7.2,-35.9],[-7.01,-36.27],[-7.36,-36.36],[-7.59,-36.57],[-7.94,-36.53],[-7.94,-36.41],[-7.2,-35.9]],[[-3.79,-37.01],[-3.59,-37.12],[-3.53,-37.32],[-3.9,-37.37],[-4.04,-37.24],[-3.99,-37.06],[-3.79,-37.01]],[[-2.3,-37.31],[-2.39,-37.54],[-2.81,-37.45],[-2.74,-37.15],[-2.48,-37.09],[-2.3,-37.31]],[[25.58,-37.25],[25.61,-37.02],[25.77,-36.9],[25.63,-36.69],[25.89,-36.63],[26.04,-36.83],[25.95,-37.09],[25.73,-37.29],[25.58,-37.25]],[[22.97,-37.03],[22.76,-37.09],[22.65,-36.83],[22.92,-36.85],[22.97,-37.03]],[[26.66,-37.01],[26.88,-36.82],[27.1,-36.91],[26.99,-37.1],[26.66,-37.01]],[[27.56,-37.3],[27.96,-37.44],[27.82,-37.63],[27.61,-37.62],[27.27,-37.4],[27.56,-37.3]],[[27.34,-37.63],[27.39,-37.77],[27.18,-37.93],[27.81,-38.32],[27.65,-38.57],[27.33,-38.66],[27.09,-38.57],[26.75,-38.67],[26.86,-38.91],[27.11,-38.92],[27.37,-39.4],[27.66,-39.52],[27.7,-39.79],[27.55,-40.03],[27.87,-40.17],[28.23,-40.52],[28.27,-40.86],[27.91,-41.26],[27.58,-41.5],[27.25,-41.55],[26.91,-41.35],[26.76,-41.42],[26.46,-41.34],[26.33,-41.75],[26.09,-41.78],[25.6,-41.68],[25.14,-41.85],[24.68,-41.83],[24.8,-41.28],[24.98,-41.09],[24.97,-40.75],[24.88,-40.46],[24.68,-40.4],[24.62,-39.94],[24.91,-39.15],[25.32,-39.14],[25.69,-38.51],[25.92,-38.21],[25.71,-38.02],[25.95,-37.81],[25.98,-37.52],[25.91,-37.23],[26.28,-37.02],[26.62,-37.2],[27.15,-37.18],[27.2,-37.47],[27.34,-37.63]],[[9.61,-42.75],[9.54,-42.66],[10.85,-42.06],[11.19,-42.02],[11.85,-41.78],[12.67,-41.33],[13.61,-40.87],[13.82,-40.73],[14.19,-40.19],[14.84,-40.03],[15.29,-40.2],[15.56,-40.21],[15.57,-40.4],[15.26,-40.49],[15,-40.68],[14.47,-40.94],[13.79,-41.22],[12.4,-41.73],[11.47,-42.07],[9.61,-42.75]],[[8.92,-42.96],[8.9,-43.12],[7.41,-43.66],[7.63,-43.39],[8.71,-43.01],[8.92,-42.96]],[[9.11,-43.27],[9.42,-43.06],[9.62,-43.18],[9.11,-43.27]],[[-0.89,-43.64],[-0.97,-43.85],[-1.28,-43.91],[-1.51,-44.13],[-1.79,-44.18],[-1.81,-44.38],[-2.05,-44.37],[-1.94,-44.04],[-2.27,-44.09],[-2.3,-43.94],[-1.67,-43.62],[-1.35,-43.35],[-0.93,-43.41],[-0.89,-43.64]],[[4.41,-44.41],[5.1,-44.3],[5.04,-44.5],[4.61,-44.66],[4.58,-44.86],[4.82,-45.14],[4.38,-45.05],[4.16,-45.17],[3.8,-44.98],[3.57,-45.02],[3.42,-44.74],[3.51,-44.63],[3.89,-44.57],[4.41,-44.41]],[[-3.86,-45.04],[-4,-45.15],[-4.44,-45.17],[-4.34,-45],[-3.99,-44.95],[-3.86,-45.04]],[[-11.2,-45.19],[-10.99,-45.34],[-11.5,-45.49],[-11.66,-45.39],[-11.2,-45.19]],[[4.77,-45.52],[5.12,-45.41],[5.13,-45.63],[4.77,-45.52]],[[6.33,-45.66],[6.6,-45.74],[6.62,-45.88],[7.1,-45.98],[7.54,-46.3],[7.76,-46.13],[8.26,-46.3],[8.47,-46.65],[8.43,-47.03],[8.72,-47.23],[8.67,-47.53],[8.23,-47.64],[8.62,-47.83],[8.9,-47.77],[8.97,-48.05],[8.48,-48.3],[8.48,-48.5],[8.22,-48.55],[8.17,-48.74],[8.33,-49.03],[8.11,-49.17],[7.96,-49.41],[7.75,-49.51],[7.75,-49.76],[7.51,-49.79],[7.04,-50.08],[6.83,-50.12],[6.49,-50.43],[6.26,-50.4],[6.37,-50.02],[6.29,-49.77],[6.53,-49.39],[7.11,-49.39],[7.27,-49.18],[7.24,-49.02],[7.51,-48.65],[7.03,-48.5],[6.62,-48.65],[6.2,-48.59],[5.93,-48.67],[5.21,-48.69],[5.33,-48.36],[5.89,-48.49],[6.48,-48.43],[6.97,-48.27],[7.95,-48.12],[7.97,-47.86],[7.65,-47.8],[6.78,-47.43],[6.88,-47.08],[7.03,-46.91],[6.63,-46.8],[6.83,-46.51],[6.58,-46.28],[6.59,-46.15],[6.18,-46.07],[5.94,-45.89],[6.03,-45.71],[6.33,-45.66]],[[9.86,-46.94],[10,-47.2],[9.71,-47.36],[9.41,-47.21],[9.69,-46.97],[9.86,-46.94]],[[10.92,-47.38],[11.33,-47.44],[11.38,-47.66],[11.02,-47.66],[10.92,-47.38]],[[10.39,-47.49],[10.58,-47.64],[9.79,-47.88],[9.6,-47.78],[9.65,-47.49],[9.93,-47.45],[10.09,-47.59],[10.39,-47.49]],[[9.54,-48.54],[9.23,-48.33],[9.53,-48.21],[9.73,-48.45],[9.54,-48.54]],[[7.18,-53.46],[6.86,-53.6],[5.69,-54.41],[5.34,-54.4],[5.22,-54.66],[4.74,-54.93],[4.54,-55.2],[3.98,-55.24],[4.43,-55.55],[4.74,-55.61],[4.63,-55.8],[4.08,-55.79],[4.08,-55.6],[3.23,-55.31],[2.93,-55.09],[2.88,-54.9],[2.57,-54.82],[2.06,-54.86],[2.15,-55.22],[1.97,-55.25],[1.51,-55.01],[1.09,-54.98],[1.37,-54.77],[2.67,-53.89],[3.1,-53.86],[3.43,-53.74],[3.3,-53.49],[3.63,-53.25],[4.33,-53.21],[4.47,-53.01],[4.87,-52.99],[5.12,-53.09],[5.31,-52.79],[6.38,-52.95],[6.4,-52.84],[7.15,-52.74],[7.4,-52.89],[7.76,-52.76],[8.76,-52.72],[9.58,-52.6],[9.87,-52.44],[9.94,-52.27],[11.02,-51.86],[11.35,-51.79],[12.2,-51.3],[12.58,-51.17],[13.08,-50.8],[13.21,-50.53],[13.54,-50.4],[13.99,-50.38],[14.46,-50.56],[14.37,-50.71],[14.01,-50.76],[13.31,-51.23],[13.03,-51.58],[13.01,-51.82],[13.36,-51.76],[13.58,-51.56],[13.56,-51.34],[13.87,-51.36],[14.25,-51.14],[14.37,-51.23],[13.9,-51.66],[13.7,-51.94],[13.15,-52.37],[12.04,-52.54],[12.2,-52.38],[12.26,-52.09],[12.54,-51.98],[12.36,-51.64],[12.07,-51.72],[12.26,-51.9],[12.04,-52.15],[12.18,-52.34],[11.86,-52.48],[11.92,-52.82],[12.64,-52.59],[12.75,-52.71],[12.59,-53.01],[12.28,-52.9],[11.95,-52.94],[11.63,-53.2],[11.31,-53.28],[11.11,-53.46],[10.85,-53.35],[11.11,-53.17],[10.61,-52.5],[10.14,-52.72],[9.55,-52.8],[9.54,-53.02],[9.28,-53.16],[8.42,-53.83],[8.16,-54.08],[7.33,-54.08],[7.13,-53.96],[7.18,-53.46]],[[5.9,-54.41],[6.22,-54.13],[6.79,-53.93],[7.11,-54.04],[7.15,-54.2],[7.67,-54.13],[7.42,-54.56],[7.01,-54.84],[6.56,-54.65],[6.34,-54.84],[5.94,-54.97],[6.03,-55.25],[5.63,-55.36],[5.4,-55.1],[5.12,-54.94],[5.95,-54.57],[5.9,-54.41]],[[8.23,-54.53],[8.58,-54.55],[8.34,-54.81],[8.45,-54.96],[8.41,-55.27],[7.82,-55.45],[7.48,-55.29],[7.27,-55.44],[6.59,-55.52],[5.86,-55.78],[5.41,-55.84],[5.24,-55.53],[5.9,-55.39],[6.67,-55.15],[7.46,-55.1],[7.86,-54.79],[7.83,-54.6],[8.23,-54.53]],[[23.06,-55.73],[23.83,-55.51],[23.73,-55.99],[23.23,-56.13],[22.63,-56.54],[22.45,-56.45],[22.61,-56.18],[23.06,-55.73]],[[-3.1,-56.61],[-3.08,-56.8],[-3.56,-56.98],[-4.26,-56.94],[-3.69,-56.66],[-3.1,-56.61]],[[-4.64,-57.02],[-4.66,-57.24],[-4.03,-57.26],[-3.87,-57.43],[-4.23,-57.67],[-4.5,-57.53],[-5.06,-57.6],[-5.47,-57.57],[-6.4,-57.63],[-6.69,-57.74],[-6.94,-57.63],[-6.82,-57.43],[-5.64,-57.22],[-5.41,-57.07],[-5.06,-57.1],[-4.64,-57.02]],[[-15.53,-58.44],[-15,-58.49],[-14.93,-58.68],[-15.55,-58.73],[-15.43,-58.92],[-15.8,-58.95],[-15.96,-58.63],[-15.53,-58.44]],[[-17.36,-58.84],[-17.37,-58.67],[-16.99,-58.56],[-16.45,-58.53],[-16.38,-58.67],[-16.97,-58.82],[-17.36,-58.84]],[[-7.15,-57.77],[-8.54,-57.74],[-8.35,-57.5],[-7.7,-57.53],[-7.25,-57.44],[-7.15,-57.77]],[[-9.05,-57.41],[-9.15,-57.17],[-8.8,-57.14],[-8.61,-57.39],[-9.05,-57.41]],[[-4.67,-56.55],[-4.18,-56.61],[-4.22,-56.87],[-5.21,-56.94],[-5.35,-57],[-6.05,-56.98],[-6.78,-57.19],[-7.06,-57.17],[-7.39,-57.31],[-7.64,-57.16],[-8.23,-57.15],[-7.9,-56.9],[-7.41,-56.83],[-6.14,-56.76],[-5.9,-56.64],[-5.33,-56.64],[-4.88,-56.57],[-4.81,-56.37],[-4.29,-56.3],[-4.63,-56.13],[-4.61,-55.9],[-4.37,-55.78],[-3.82,-55.83],[-3.18,-55.8],[-3.21,-55.99],[-2.32,-55.96],[-2.34,-56.17],[-3.72,-56.45],[-4.39,-56.47],[-4.67,-56.55]],[[-6.41,-56.66],[-7.58,-56.64],[-8,-56.56],[-7.8,-56.35],[-7.17,-56.43],[-6.9,-56.35],[-6.07,-56.34],[-6.14,-56.03],[-5.52,-55.99],[-5.18,-55.91],[-4.7,-56.02],[-4.74,-56.27],[-5.12,-56.34],[-5.65,-56.59],[-6.06,-56.56],[-6.41,-56.66]],[[-6.88,-55.83],[-6.97,-55.69],[-6.11,-55.61],[-5.85,-55.76],[-6.88,-55.83]],[[-1.78,-56.06],[-1.98,-55.87],[-1.33,-55.9],[-1.3,-56.03],[-1.78,-56.06]],[[5.16,-55.51],[4.62,-55.47],[4.61,-55.21],[4.92,-55.21],[5.16,-55.51]],[[4.78,-51.53],[4.45,-51.38],[4.77,-51.22],[4.99,-51.34],[4.78,-51.53]],[[28.65,-50.74],[28.93,-50.85],[28.61,-51.14],[28.23,-51.76],[27.73,-52.1],[27.5,-52.08],[27.55,-51.84],[27.93,-51.76],[28.29,-51.28],[28.31,-50.92],[28.65,-50.74]],[[23.19,-52.31],[23.24,-52.19],[23.62,-52.18],[23.68,-52.35],[23.19,-52.31]],[[27.69,-52.28],[27.75,-52.43],[27.29,-52.63],[26.92,-52.43],[27.11,-52.29],[27.37,-52.48],[27.69,-52.28]],[[26.46,-52.54],[26.66,-52.71],[26.61,-52.89],[26.24,-53.06],[26.11,-52.85],[25.86,-52.73],[26.12,-52.58],[26.46,-52.54]],[[25.95,-52.98],[26.03,-53.08],[25.66,-53.35],[25.56,-53.16],[25.95,-52.98]],[[23.62,-53.76],[23.51,-53.92],[23.25,-53.86],[22.82,-53.62],[22.71,-53.8],[22.14,-53.66],[21.96,-53.98],[21.77,-54.07],[21.84,-53.29],[21.45,-53.32],[21.46,-53.59],[20.78,-53.69],[20.81,-53.38],[21.23,-53.29],[21.16,-53.15],[21.68,-53],[22.31,-53.07],[22.99,-53.33],[23.32,-53.26],[23.76,-53.36],[24.03,-53.52],[23.96,-53.72],[23.62,-53.76]],[[9.34,-53.83],[9.45,-53.26],[9.88,-53.02],[10.21,-53.15],[10.37,-52.98],[10.73,-52.97],[10.75,-53.18],[10.44,-53.23],[9.79,-53.64],[9.34,-53.83]],[[18.44,-53.38],[18.18,-53.14],[17.56,-52.78],[17.31,-52.89],[17.05,-53.15],[16.22,-52.97],[16.34,-52.75],[15.83,-52.82],[15.24,-52.66],[14.45,-53.09],[14.05,-53.06],[14.3,-52.63],[15.36,-52.37],[15.86,-52.1],[15.13,-52.13],[14.81,-52.2],[14.54,-52.54],[14.11,-52.63],[14.01,-52.76],[13.53,-52.97],[13.26,-52.96],[12.82,-53.21],[12.44,-53.17],[12.86,-52.85],[13.55,-52.47],[13.97,-52.46],[14,-52.25],[13.53,-52.16],[14.19,-51.58],[14.46,-51.46],[14.87,-51.44],[15.38,-51.08],[15.62,-51.4],[15.41,-51.71],[15.83,-51.88],[16.2,-51.74],[16.56,-51.72],[16.92,-51.82],[17.19,-52],[17.92,-51.78],[18.38,-52.01],[18.92,-52.04],[19.19,-52.16],[19.48,-52.12],[19.89,-52.32],[20.2,-52.22],[20.76,-52.34],[20.76,-52.61],[20.47,-52.76],[19.9,-52.8],[19.59,-52.64],[19.29,-52.68],[18.67,-52.61],[17.95,-52.4],[17.64,-52.5],[18.1,-52.74],[18.57,-52.83],[19.06,-52.8],[20.09,-52.92],[19.8,-53.25],[19.48,-53.14],[19.03,-53.13],[19.06,-53.28],[18.44,-53.38]],[[20.91,-52.58],[20.85,-52.42],[21.26,-52.3],[21.58,-52.3],[21.65,-52.45],[22.21,-52.37],[22.38,-52.43],[22.19,-52.85],[21.38,-52.86],[21.03,-52.91],[20.79,-52.78],[20.91,-52.58]],[[22.63,-52.59],[23.06,-52.37],[23.24,-52.51],[23.88,-52.42],[23.71,-52.92],[24.31,-52.81],[24.81,-52.48],[25.17,-52.45],[25.25,-52.59],[24.85,-52.95],[24.42,-53.02],[24.42,-53.31],[23.88,-53.3],[23.8,-53.16],[23.47,-53.11],[22.9,-53.14],[22.38,-52.72],[22.63,-52.59]],[[25.06,-52.95],[25.48,-52.83],[25.01,-53.5],[24.84,-53.4],[24.84,-53.14],[25.06,-52.95]],[[21.03,-52.97],[20.77,-53.36],[20.45,-53.48],[20.22,-53.25],[20.18,-53.03],[21.03,-52.97]],[[3.86,-49.9],[3.35,-50.03],[3.26,-49.87],[3.75,-49.77],[3.86,-49.9]],[[2.68,-49.89],[3.07,-49.89],[3.1,-50.1],[2.74,-50.07],[2.68,-49.89]],[[4.24,-49.86],[4.38,-49.67],[4.74,-49.65],[4.65,-49.85],[4.24,-49.86]],[[5.29,-49.39],[4.97,-49.37],[5.23,-49],[5.61,-48.97],[5.75,-49.06],[5.29,-49.39]],[[-8.22,-49.19],[-8.05,-49.4],[-8.01,-49.63],[-8.2,-49.72],[-8.01,-50.08],[-8.35,-50.09],[-8.72,-50.2],[-8.95,-50.12],[-9.36,-50.29],[-9.58,-49.91],[-9.95,-49.7],[-9.48,-49.58],[-9.19,-49.44],[-8.93,-49.44],[-8.67,-49.28],[-8.74,-49.08],[-8.45,-49.03],[-8.22,-49.19]],[[-25.66,-50.46],[-25.4,-50.76],[-25.78,-50.82],[-25.87,-50.56],[-25.66,-50.46]],[[-25.03,-51.03],[-24.9,-51.26],[-25.33,-51.33],[-25.51,-51.67],[-25.39,-51.84],[-25.58,-52.27],[-25.99,-52.34],[-26.06,-51.79],[-25.97,-51.43],[-25.55,-50.97],[-25.03,-51.03]],[[-24.27,-52.21],[-23.82,-52.42],[-24.01,-52.91],[-24.76,-53.11],[-24.82,-52.83],[-24.48,-52.27],[-24.27,-52.21]],[[-23.34,-53.92],[-23.42,-54.08],[-23.79,-54.09],[-23.91,-53.89],[-23.52,-53.83],[-23.34,-53.92]],[[-30.14,-52.98],[-30.07,-52.75],[-29.83,-52.75],[-29.98,-52.42],[-30.24,-52.25],[-30.07,-51.86],[-29.76,-51.86],[-29.3,-52.07],[-28.74,-52.05],[-29.25,-52.32],[-29.24,-52.49],[-29.71,-52.75],[-29.72,-52.88],[-30.14,-52.98]],[[-10.34,-49.59],[-10.39,-49.87],[-10.64,-49.79],[-10.34,-49.59]],[[-9.54,-49.47],[-9.72,-49.3],[-9.16,-49.2],[-9.09,-49.33],[-9.54,-49.47]],[[-7.66,-49.13],[-7.78,-48.89],[-7.27,-48.84],[-7.21,-48.99],[-7.66,-49.13]],[[-6.72,-49.1],[-6.96,-48.8],[-6.59,-48.68],[-6.43,-49.06],[-6.72,-49.1]],[[-5.97,-46.4],[-5.96,-46.68],[-6.25,-46.7],[-6.24,-46.42],[-5.97,-46.4]],[[-12,-45.77],[-11.85,-46.04],[-12.35,-46.11],[-12.46,-45.97],[-12,-45.77]],[[-13.29,-44.96],[-13.46,-44.78],[-13.01,-44.6],[-12.9,-44.82],[-13.29,-44.96]],[[-14.37,-44.44],[-14.23,-44.23],[-13.66,-44.18],[-13.61,-44.4],[-14.37,-44.44]],[[-14.81,-44.2],[-14.9,-43.94],[-14.66,-43.77],[-14.23,-43.69],[-14.42,-43.95],[-14.81,-44.2]],[[-15.05,-43.75],[-15.44,-43.73],[-15.56,-43.6],[-15.09,-43.53],[-15.05,-43.75]],[[-14.29,-43.25],[-14.3,-43.03],[-13.94,-42.86],[-13.32,-42.29],[-13.08,-42.47],[-13.48,-42.88],[-13.81,-42.95],[-14,-43.19],[-14.29,-43.25]],[[-14.62,-42.98],[-14.77,-42.65],[-14.66,-42.52],[-14.4,-42.63],[-14.4,-42.9],[-14.62,-42.98]],[[-14.13,-42.33],[-14,-42.23],[-14.02,-41.97],[-13.56,-42.12],[-13.64,-42.46],[-14.02,-42.77],[-14.25,-42.68],[-14.13,-42.33]],[[-0.65,-41.82],[0,-41.47],[0.16,-41.49],[0.68,-41.76],[0.91,-41.6],[0.89,-41.3],[1.04,-41.2],[1.37,-41.28],[1.3,-41.5],[1.44,-41.61],[2.07,-41.58],[2.19,-41.83],[1.83,-42.04],[1.48,-42.33],[1.14,-42.24],[0.99,-42.41],[0.72,-42.43],[-0.33,-42.71],[-0.5,-42.69],[-0.91,-42.39],[-0.65,-41.82]],[[-14,-41.33],[-14.18,-41.08],[-13.82,-40.83],[-13.45,-40.89],[-13.75,-41.31],[-14,-41.33]],[[-13.36,-40.28],[-13.36,-40.09],[-13.9,-40.14],[-13.8,-39.94],[-13.3,-39.89],[-13.2,-40.09],[-12.89,-40.14],[-12.93,-40.28],[-13.36,-40.28]],[[-12.86,-40.03],[-12.82,-39.86],[-12.53,-39.87],[-12.61,-40.11],[-12.86,-40.03]],[[-11.42,-39.86],[-11.78,-39.79],[-11.78,-39.67],[-11.26,-39.62],[-11.08,-39.78],[-11.42,-39.86]],[[-12.05,-39.58],[-12.38,-39.64],[-12.8,-39.53],[-13.29,-39.6],[-13.41,-39.73],[-13.64,-39.62],[-13.53,-39.32],[-13.98,-39.11],[-13.91,-38.98],[-13.45,-38.98],[-13.31,-39.07],[-13.35,-39.48],[-12.95,-39.32],[-12.68,-39.34],[-12.36,-39.18],[-11.93,-39.4],[-12.05,-39.58]],[[-10.4,-39.57],[-10.35,-39.73],[-10.94,-39.81],[-10.94,-39.61],[-10.4,-39.57]],[[-10.08,-39.67],[-10.05,-39.27],[-9.6,-39.41],[-9.65,-39.67],[-10.08,-39.67]],[[-8.33,-39.24],[-8.22,-39.02],[-7.8,-39.14],[-7.56,-39.32],[-7.41,-39.65],[-7.87,-39.65],[-8.18,-39.48],[-8.33,-39.24]],[[-12.68,-39.2],[-13.05,-39.26],[-13.28,-39.12],[-13.2,-38.84],[-12.77,-38.8],[-12.27,-39.05],[-12.68,-39.2]],[[-12.46,-38.85],[-12.49,-38.6],[-12.29,-38.6],[-12.2,-38.81],[-12.46,-38.85]],[[-10.51,-38.44],[-10.02,-38.49],[-9.89,-38.66],[-10.17,-38.76],[-10.37,-38.94],[-10.94,-38.88],[-11.28,-38.78],[-11.47,-38.88],[-12.12,-38.81],[-11.95,-38.61],[-11.54,-38.6],[-10.98,-38.49],[-10.78,-38.64],[-10.51,-38.44]],[[-7.77,-38.46],[-7.41,-38.46],[-7.46,-38.64],[-7.77,-38.46]],[[-14.97,-37.96],[-14.96,-37.79],[-14.45,-37.75],[-14.52,-37.89],[-14.97,-37.96]],[[-12.94,-37.51],[-12.98,-37.24],[-12.62,-37.09],[-12.45,-36.91],[-12.16,-36.92],[-12.03,-37.14],[-12.19,-37.47],[-12.34,-37.58],[-12.73,-37.68],[-12.94,-37.51]],[[-15.67,-36.88],[-15.85,-36.85],[-15.84,-36.62],[-15.62,-36.64],[-15.67,-36.88]],[[-7.44,-36.84],[-7.15,-36.67],[-7.2,-37.12],[-7.94,-37.51],[-8.37,-37.63],[-8.61,-37.44],[-8.18,-37.28],[-7.89,-36.99],[-7.53,-36.95],[-7.44,-36.84]],[[-5.72,-37.56],[-5.88,-37.82],[-6.14,-37.9],[-6.56,-37.88],[-6.96,-37.98],[-7.16,-37.78],[-6.53,-37.63],[-6.11,-37.65],[-5.72,-37.56]],[[-5.44,-37.86],[-5.16,-37.85],[-5.14,-38.16],[-5.5,-38.16],[-5.8,-38.05],[-5.71,-37.87],[-5.44,-37.86]],[[-7.68,-38.28],[-7.92,-38.26],[-8.04,-37.99],[-8.32,-38],[-8.4,-37.77],[-8.12,-37.66],[-7.82,-37.71],[-7.75,-38.06],[-7.31,-37.92],[-7.37,-38.21],[-7.68,-38.28]],[[-9.4,-37.53],[-9.39,-37.38],[-9.05,-37.33],[-9.04,-37.56],[-9.4,-37.53]],[[-4.66,-37.46],[-4.93,-37.29],[-4.6,-37.22],[-4.66,-37.46]],[[13.13,-38.59],[13.25,-38.46],[13.97,-38.78],[14.02,-39.19],[13.87,-39.36],[13.61,-39.27],[13.29,-38.75],[13.13,-38.59]],[[-5.88,-39.37],[-5.71,-39.41],[-5.56,-39.7],[-5.73,-40.02],[-6,-39.86],[-6.56,-39.86],[-6.65,-40.11],[-6.93,-40.08],[-6.91,-39.84],[-7.22,-39.73],[-7.04,-39.44],[-6.76,-39.25],[-6.4,-39.22],[-5.88,-39.37]],[[-5.6,-40.02],[-5.43,-39.95],[-5.11,-40.1],[-5.34,-40.3],[-5.6,-40.17],[-5.6,-40.02]],[[-9.67,-40.29],[-9.83,-40.52],[-10.07,-40.49],[-10.19,-40.3],[-9.96,-40.08],[-9.67,-40.29]],[[-5.64,-40.36],[-5.46,-40.46],[-5.45,-40.78],[-5.6,-40.95],[-5.82,-40.71],[-6.61,-40.74],[-6.19,-40.41],[-5.64,-40.36]],[[-11.48,-40.57],[-11.41,-40.33],[-11.13,-40.29],[-11.05,-40.43],[-11.48,-40.57]],[[-8.76,-40.06],[-8.58,-39.92],[-8.35,-40.08],[-8.45,-40.27],[-8.67,-40.26],[-8.76,-40.06]],[[-5.71,-38.71],[-5.6,-38.84],[-5.69,-39.03],[-5.99,-38.98],[-5.93,-38.74],[-5.71,-38.71]],[[-9.14,-38.91],[-9.24,-39.1],[-9.59,-39.08],[-9.67,-38.93],[-9.14,-38.91]],[[-8.9,-39.52],[-9.4,-39.59],[-9.46,-39.42],[-9.1,-39.36],[-8.9,-39.52]],[[2.06,-41.52],[2.07,-41.32],[2.37,-41.27],[2.57,-41.5],[2.06,-41.52]],[[2.04,-42.32],[2.16,-42.05],[2.42,-42.05],[2.52,-42.24],[2.14,-42.39],[2.04,-42.32]],[[1.36,-42.67],[1.57,-42.73],[1.57,-43.12],[1.36,-43.25],[1.05,-43.1],[1.11,-42.87],[1.36,-42.67]],[[2.45,-42.79],[2.79,-42.8],[2.62,-43.04],[2.24,-43.05],[2.24,-42.83],[2.45,-42.79]],[[-2.5,-43.26],[-2.51,-43.57],[-2.82,-43.5],[-2.77,-43.2],[-2.5,-43.26]],[[-4.44,-43.25],[-4.27,-43.44],[-4.37,-43.64],[-4.75,-43.85],[-4.9,-43.78],[-4.71,-43.34],[-4.44,-43.25]],[[-5.16,-43.92],[-5.49,-44.02],[-5.54,-43.86],[-5.28,-43.79],[-5.16,-43.92]],[[-12.79,-43.82],[-12.98,-43.99],[-13.32,-44.11],[-13.56,-44.02],[-14,-44.05],[-14.09,-43.82],[-13.68,-43.83],[-13.51,-43.7],[-13.2,-43.82],[-12.79,-43.82]],[[-12.84,-42.85],[-12.89,-42.64],[-12.59,-42.59],[-12.45,-42.81],[-12.84,-42.85]],[[-1.97,-42.43],[-1.61,-42.15],[-1.14,-42.13],[-1.03,-42.34],[-1.1,-42.56],[-1.37,-42.77],[-1.71,-42.78],[-1.99,-42.7],[-1.97,-42.43]],[[-2.19,-42.81],[-2.42,-43.1],[-2.95,-43.11],[-2.52,-42.61],[-2.22,-42.64],[-2.19,-42.81]],[[-2.81,-44.38],[-2.73,-44.63],[-3.18,-44.8],[-3.53,-44.75],[-3.62,-44.6],[-3.14,-44.59],[-2.81,-44.38]],[[-4.06,-44.45],[-3.89,-44.59],[-4.44,-44.71],[-4.36,-44.51],[-4.06,-44.45]],[[23.81,-42.02],[24.13,-42.01],[24.05,-42.4],[23.78,-42.53],[23.51,-42.47],[23.57,-42.24],[23.81,-42.02]],[[11.78,-42.18],[11.8,-42.27],[11.32,-42.57],[11.16,-42.46],[11.78,-42.18]],[[-15.72,-36.11],[-15.77,-35.98],[-15.41,-35.85],[-15.47,-36.08],[-15.72,-36.11]],[[-16.32,-36.02],[-16.53,-35.96],[-16.51,-35.71],[-16.61,-35.46],[-15.3,-35.4],[-15.22,-35.53],[-15.41,-35.69],[-15.62,-35.64],[-15.98,-35.69],[-16.23,-35.63],[-16.39,-35.74],[-16.32,-36.02]],[[-15.62,-34.8],[-15.23,-34.91],[-15.27,-35.22],[-15.94,-35.31],[-16.11,-34.92],[-16.65,-35.3],[-17.11,-35.36],[-17.16,-35.22],[-16.77,-35.09],[-16.59,-34.81],[-16.38,-34.64],[-16,-34.47],[-15.65,-34.42],[-15.86,-34.18],[-15.74,-33.78],[-15.43,-33.72],[-15.38,-33.86],[-14.9,-33.62],[-14.67,-33.69],[-14.53,-33.85],[-14.54,-34.12],[-14.27,-34.08],[-14.14,-34.37],[-14.28,-34.51],[-14.36,-34.93],[-14.87,-35.09],[-15.08,-35.04],[-15.12,-34.78],[-15.62,-34.8]],[[-20.44,-33.94],[-20.47,-33.79],[-20.18,-33.74],[-20.14,-33.89],[-20.44,-33.94]],[[-15.44,-33.67],[-15.77,-33.6],[-15.71,-33.44],[-15.46,-33.38],[-15.3,-33.53],[-15.44,-33.67]],[[-14.08,-33.4],[-14.23,-33.29],[-14.44,-33.52],[-15.03,-33.56],[-15.26,-33.46],[-15.24,-33.32],[-15.47,-33.31],[-15.33,-32.87],[-15.65,-32.86],[-15.56,-32.61],[-14.88,-32.42],[-14.48,-32.69],[-14.42,-32.54],[-14.18,-32.46],[-14.15,-32.31],[-13.8,-32.44],[-13.76,-32.23],[-13.09,-32.08],[-12.78,-32.08],[-12.23,-31.91],[-11.96,-31.96],[-11.91,-32.11],[-12.31,-32.26],[-12.97,-32.28],[-12.89,-32.44],[-13.25,-32.74],[-13.76,-32.92],[-13.78,-33.34],[-14.08,-33.4]],[[-13.76,-33.43],[-13.67,-33.35],[-13.38,-33.52],[-13.39,-33.74],[-13.64,-33.74],[-13.76,-33.43]],[[-4.83,-33.41],[-5.09,-33.25],[-5.39,-32.91],[-5.34,-32.76],[-4.94,-32.86],[-4.92,-33.07],[-4.59,-33.22],[-4.63,-33.44],[-4.83,-33.41]],[[-13.07,-32.91],[-13.06,-33.07],[-13.31,-33.16],[-13.39,-32.98],[-13.07,-32.91]],[[-4.43,-33.16],[-4.74,-33.08],[-4.61,-32.88],[-4.37,-33],[-4.43,-33.16]],[[-4.29,-33.16],[-4.17,-33.12],[-3.71,-33.25],[-3.72,-33.35],[-4.08,-33.47],[-4.32,-33.4],[-4.29,-33.16]],[[-13.79,-33.72],[-13.72,-33.87],[-14.41,-33.97],[-14.45,-33.62],[-13.9,-33.43],[-13.79,-33.72]],[[-16.53,-33.01],[-16.53,-32.88],[-16.18,-32.83],[-16.17,-32.99],[-16.53,-33.01]],[[-14.57,-31.53],[-14.43,-31.19],[-14.23,-31.19],[-14.26,-30.71],[-14.77,-30.29],[-14.71,-30.16],[-14.4,-29.94],[-14.35,-29.63],[-14.03,-29.36],[-13.55,-29.25],[-13.35,-29.32],[-13.19,-29.14],[-12.82,-29.16],[-12.53,-29.07],[-12.22,-29.07],[-11.99,-29.23],[-12.19,-29.49],[-12.41,-29.49],[-12.82,-29.33],[-13.01,-29.62],[-12.37,-29.64],[-12.37,-29.82],[-12.82,-29.81],[-13.12,-29.88],[-13,-30.03],[-12.97,-30.41],[-13.15,-30.55],[-12.44,-30.52],[-12.31,-30.89],[-12.71,-30.88],[-12.75,-31.06],[-13.11,-31.23],[-12.63,-31.39],[-12.45,-31.62],[-12.65,-31.8],[-13.15,-31.95],[-13.38,-32.1],[-13.94,-32.21],[-14.09,-32.18],[-14.5,-32.3],[-14.9,-32.33],[-15.4,-32.24],[-15.07,-32.03],[-14.69,-31.92],[-14.77,-31.75],[-14.14,-31.61],[-14.25,-31.35],[-14.42,-31.56],[-14.57,-31.53]],[[-14.96,-31.03],[-15.1,-30.84],[-14.72,-30.75],[-14.71,-30.9],[-14.96,-31.03]],[[-12.97,-29.05],[-13.01,-28.93],[-13.46,-28.95],[-13.53,-28.38],[-13.15,-28.24],[-13,-28.29],[-12.73,-28.2],[-12.55,-28.29],[-12.26,-28.11],[-11.97,-28.15],[-11.86,-28.31],[-11.89,-28.59],[-12.35,-28.69],[-12.24,-28.89],[-12.75,-29.06],[-12.97,-29.05]],[[0.64,-29.86],[0.81,-29.84],[1.1,-29.97],[1.18,-30.14],[1.39,-30.26],[1.36,-30.58],[0.99,-30.62],[0.81,-30.8],[0.58,-30.67],[0.17,-30.82],[-0.16,-31.26],[-0.52,-31.39],[-0.77,-31.37],[-0.6,-31.13],[-0.25,-30.89],[-0.29,-30.59],[0.06,-30.64],[0.09,-30.43],[0.23,-30.28],[0.35,-29.94],[0.64,-29.86]],[[0.63,-31.51],[0.83,-31.42],[0.91,-31.61],[0.77,-31.82],[0.58,-31.82],[0.63,-31.51]],[[-3.08,-31.84],[-3.11,-32.12],[-3.27,-32.15],[-3.31,-31.85],[-3.08,-31.84]],[[-3.53,-31.89],[-3.44,-32.25],[-3.57,-32.35],[-3.81,-32.22],[-3.91,-31.95],[-3.53,-31.89]],[[-12.5,-30.24],[-12.79,-30.3],[-12.96,-30.06],[-12.5,-30.11],[-12.5,-30.24]],[[-32.58,-31.94],[-32.57,-32.17],[-32.89,-32.14],[-32.92,-31.89],[-32.71,-31.82],[-32.58,-31.94]],[[-13.74,-34.11],[-13.45,-34.18],[-13.78,-34.38],[-13.74,-34.11]],[[-7.14,-35.02],[-6.91,-34.96],[-6.79,-35.09],[-6.96,-35.23],[-7.14,-35.02]],[[-20.62,-40.63],[-20.27,-40.67],[-20.28,-40.83],[-20.6,-40.79],[-20.62,-40.63]],[[-30.04,-55.78],[-29.33,-55.79],[-29.97,-56.13],[-30.17,-56.01],[-30.04,-55.78]],[[-31.06,-58.66],[-31.69,-58.69],[-31.63,-58.55],[-31.13,-58.53],[-31.06,-58.66]],[[-38.11,-57.27],[-37.73,-57.55],[-37.9,-57.84],[-38.3,-57.78],[-38.32,-57.47],[-38.11,-57.27]],[[-35.2,-57.05],[-35.23,-56.89],[-34.68,-56.78],[-34.66,-57],[-35.2,-57.05]],[[-37.73,-56.81],[-37.99,-56.81],[-38.1,-56.56],[-37.7,-56.5],[-37.56,-56.66],[-37.73,-56.81]],[[-38.25,-56.51],[-38.71,-56.66],[-39.05,-56.62],[-39.03,-56.28],[-38.38,-56.09],[-37.98,-56.22],[-38.25,-56.51]],[[-32.92,-56.26],[-32.76,-56.01],[-32.46,-56.15],[-32.92,-56.26]],[[-30.85,-56.03],[-30.52,-55.84],[-30.55,-56.27],[-30.83,-56.3],[-30.85,-56.03]],[[-30.89,-57.07],[-30.17,-57.35],[-30.28,-57.55],[-30.85,-57.32],[-30.89,-57.07]],[[-42.16,-58.1],[-42.27,-58.38],[-42.73,-58.61],[-43.33,-58.55],[-43.1,-57.76],[-42.65,-57.7],[-42.58,-57.97],[-42.16,-58.1]],[[-41.4,-58.36],[-41.24,-58.59],[-41.46,-58.68],[-41.79,-58.52],[-41.4,-58.36]],[[-41.04,-58.61],[-40.67,-58.53],[-40.61,-58.75],[-40.91,-58.88],[-41.04,-58.61]],[[-43.42,-58.92],[-43.87,-59.18],[-43.85,-59.47],[-44.6,-59.59],[-44.95,-59.78],[-45.84,-59.8],[-45.88,-59.63],[-46.34,-59.47],[-47.06,-59.14],[-47.22,-58.81],[-46.7,-58.65],[-46.16,-58.56],[-46.24,-58.28],[-46.66,-58.24],[-46.45,-57.94],[-46.07,-58.11],[-45.72,-58.09],[-45.72,-57.9],[-45.24,-57.81],[-45.06,-57.34],[-44.33,-57.29],[-43.8,-57.11],[-43.99,-56.88],[-43.52,-56.89],[-43.28,-57.19],[-43.55,-57.42],[-43.62,-57.71],[-43.48,-57.99],[-43.68,-58.1],[-43.78,-58.37],[-43.39,-58.56],[-43.42,-58.92]],[[-47.79,-58.09],[-47.82,-57.69],[-47.43,-57.86],[-47.79,-58.09]],[[-46.42,-57.14],[-45.64,-57.11],[-45.79,-57.28],[-46.42,-57.14]],[[-53.38,-56.64],[-53.2,-56.34],[-52.87,-56.32],[-52.7,-56.47],[-53.38,-56.64]],[[-48.24,-56.23],[-47.86,-56.06],[-47.92,-56.4],[-48.24,-56.23]],[[-43.23,-56.38],[-43.36,-56.22],[-42.68,-56.12],[-42.58,-56.25],[-42.97,-56.42],[-43.23,-56.38]],[[-16.97,-59.16],[-17.03,-59.3],[-17.7,-59.38],[-17.67,-59.18],[-16.97,-59.16]],[[-14.52,-59.31],[-14.53,-59.46],[-15.34,-59.54],[-15.35,-59.38],[-14.52,-59.31]],[[-16.19,-59.55],[-16.97,-59.76],[-17.5,-59.74],[-17.98,-59.83],[-18.27,-59.75],[-18.21,-59.56],[-17.21,-59.42],[-16.33,-59.41],[-16.19,-59.55]],[[-18.65,-59.56],[-18.58,-59.72],[-19.06,-59.88],[-19.87,-60.02],[-19.85,-59.85],[-19.58,-59.69],[-18.65,-59.56]],[[-17.99,-59.9],[-18.07,-60.16],[-18.54,-60.18],[-18.47,-59.94],[-17.99,-59.9]],[[-20.58,-60.02],[-20.55,-60.21],[-21.11,-60.24],[-21.17,-60.07],[-20.58,-60.02]],[[-20.47,-59.83],[-21.09,-59.88],[-21.22,-59.7],[-20.78,-59.66],[-20.47,-59.83]],[[-18.76,-60.36],[-18.09,-60.33],[-18.24,-60.61],[-18.66,-60.56],[-18.98,-60.65],[-19.3,-60.58],[-19.22,-60.37],[-18.76,-60.36]],[[-17.94,-60.57],[-17.62,-60.36],[-17.14,-60.41],[-17.19,-60.56],[-17.94,-60.57]],[[-19.49,-60.46],[-19.63,-60.68],[-19.92,-60.64],[-20.7,-60.75],[-20.62,-60.48],[-20.4,-60.43],[-19.49,-60.46]],[[-23.89,-60.77],[-24.35,-60.82],[-24.6,-60.67],[-24.97,-60.78],[-25.17,-60.64],[-24.55,-60.53],[-23.98,-60.62],[-23.89,-60.77]],[[-23.12,-60.58],[-22.59,-60.62],[-22.63,-60.76],[-23.26,-60.77],[-23.12,-60.58]],[[-27.94,-61.13],[-27.98,-61.22],[-29.23,-61.15],[-29.52,-60.86],[-27.94,-61.13]],[[-36.23,-61.99],[-37.01,-62.17],[-36.8,-61.83],[-36.92,-61.66],[-36.68,-61.44],[-36.24,-61.5],[-35.33,-61.46],[-34.87,-61.22],[-34.38,-61.22],[-34.42,-61.49],[-34.83,-61.56],[-35.35,-61.93],[-36.23,-61.99]],[[5.17,-21.21],[4.9,-21.12],[5.02,-20.91],[5.2,-20.87],[5.17,-21.21]],[[-34.03,-21.07],[-34.17,-21.15],[-34.39,-20.96],[-34.71,-21.03],[-35.02,-20.78],[-35.09,-20.6],[-34.88,-20.37],[-34.6,-20.35],[-34.33,-20.58],[-34.22,-20.78],[-33.72,-20.69],[-33.45,-20.72],[-33.33,-20.95],[-34.03,-21.07]],[[-29.47,-20.49],[-29.3,-20.34],[-29.06,-20.65],[-29.25,-20.77],[-29.47,-20.49]],[[-31.7,-20.53],[-31.56,-20.71],[-31.79,-20.91],[-32.2,-20.82],[-32.23,-20.58],[-31.7,-20.53]],[[-35.63,-17.6],[-35.56,-17.9],[-35.81,-18.17],[-36.23,-18.17],[-36.36,-18.02],[-36.27,-17.75],[-36.12,-17.62],[-35.63,-17.6]],[[-36.01,-16.8],[-35.96,-16.97],[-36.27,-17.08],[-36.34,-16.9],[-36.01,-16.8]],[[-44.23,-54.42],[-44.85,-53.98],[-44.74,-53.83],[-44.21,-54.06],[-44.06,-54.32],[-44.23,-54.42]],[[-65.3,-61.87],[-65.7,-61.58],[-65.5,-61.51],[-65.02,-61.76],[-64.79,-61.99],[-64.84,-62.19],[-65.52,-62.02],[-65.3,-61.87]]]},"properties":{"scalerank":0,"featurecla":"Bathymetry","depth":3000}},
{"type":"Feature","geometry":null,"properties":{"scalerank":0,"featurecla":"Bathymetry","depth":3000}},
{"type":"Feature","geometry":null,"properties":{"scalerank":0,"featurecla":"Bathymetry","depth":3000}},
{"type":"Feature","geometry":null,"properties":{"scalerank":0,"featurecla":"Bathymetry","depth":3000}},
{"type":"Feature","geometry":null,"properties":{"scalerank":0,"featurecla":"Bathymetry","depth":3000}},
{"type":"Feature","geometry":{"type":"Polygon","coordinates":[[[13.87,-51.36],[13.86,-51.36],[13.85,-51.37],[13.85,-51.38],[13.87,-51.36]]]},"properties":{"scalerank":0,"featurecla":"Bathymetry","depth":3000}},
{"type":"Feature","geometry":null,"properties":{"scalerank":0,"featurecla":"Bathymetry","depth":3000}},
{"type":"Feature","geometry":null,"properties":{"scalerank":0,"featurecla":"Bathymetry","depth":3000}},
{"type":"Feature","geometry":null,"properties":{"scalerank":0,"featurecla":"Bathymetry","depth":3000}},
{"type":"Feature","geometry":null,"properties":{"scalerank":0,"featurecla":"Bathymetry","depth":3000}},
{"type":"Feature","geometry":null,"properties":{"scalerank":0,"featurecla":"Bathymetry","depth":3000}},
{"type":"Feature","geometry":null,"properties":{"scalerank":0,"featurecla":"Bathymetry","depth":3000}},
{"type":"Feature","geometry":null,"properties":{"scalerank":0,"featurecla":"Bathymetry","depth":3000}},
{"type":"Feature","geometry":null,"properties":{"scalerank":0,"featurecla":"Bathymetry","depth":3000}},
{"type":"Feature","geometry":{"type":"Polygon","coordinates":[[[-48.22,5.06],[-47.45,4.94],[-47.23,4.83],[-47.07,4.91],[-46.95,4.31],[-46.75,4.24],[-46.61,3.7],[-46.59,3.37],[-46.39,3.2],[-46.54,3.06],[-46.51,2.66],[-46.56,2.51],[-46.47,2.22],[-46.29,2.22],[-46.06,2],[-45.94,1.67],[-45.76,1.54],[-45.77,1.34],[-45.64,1.08],[-44.97,0.71],[-44.74,0.65],[-44.64,0.48],[-44.3,0.34],[-44.1,0.32],[-43.97,0],[-43.78,-0.22],[-43.12,-0.49],[-42.97,-0.7],[-42.78,-0.7],[-42.23,-1.53],[-42.07,-1.36],[-41.63,-1.38],[-41.43,-1.46],[-41.17,-1.73],[-40.96,-1.65],[-40.54,-1.9],[-39.96,-1.9],[-39.73,-1.85],[-39.55,-1.94],[-38.84,-1.98],[-38.62,-2.28],[-38.36,-1.93],[-38.16,-1.97],[-38.08,-2.29],[-37.91,-2.53],[-37.78,-2.54],[-37.56,-2.88],[-37.3,-3.03],[-37.19,-3.25],[-36.8,-3.35],[-36.72,-3.19],[-36.48,-3.14],[-36.36,-3.68],[-36.06,-3.73],[-35.71,-3.65],[-35.54,-3.83],[-35.32,-3.57],[-35.16,-3.6],[-35.06,-4.01],[-35.32,-4.32],[-34.9,-4.46],[-34.76,-4.63],[-34.55,-5.13],[-34.67,-5.43],[-34.63,-5.69],[-34.37,-5.82],[-34.4,-6.09],[-33.91,-6.36],[-33.91,-6.47],[-34.15,-6.64],[-33.9,-6.76],[-33.87,-6.92],[-34.17,-6.87],[-34.26,-7.18],[-34.2,-7.49],[-34.08,-7.75],[-33.83,-7.98],[-33.74,-8.28],[-33.73,-8.73],[-34.13,-9.15],[-34.37,-9.07],[-34.51,-9.33],[-34.48,-9.5],[-34.73,-9.72],[-34.86,-9.68],[-35.06,-9.99],[-35.42,-10.21],[-35.61,-10.8],[-35.78,-10.92],[-35.97,-11.2],[-36.17,-11.21],[-36.34,-11.45],[-36.58,-11.62],[-36.59,-11.84],[-36.79,-12.17],[-37.38,-12.62],[-37.53,-12.88],[-37.8,-13.13],[-37.85,-13.57],[-37.95,-13.79],[-38.13,-13.98],[-38.06,-14.21],[-38.2,-14.37],[-38.21,-14.71],[-36.77,-15.12],[-34.85,-15.66],[-32.94,-16.2],[-31.02,-16.75],[-29.11,-17.29],[-27.19,-17.84],[-25.28,-18.38],[-23.36,-18.92],[-21.44,-19.47],[-19.53,-20.01],[-17.61,-20.56],[-15.7,-21.1],[-13.78,-21.64],[-12.27,-22.48],[-10.35,-22.06],[-8.43,-21.64],[-6.51,-21.22],[-4.59,-20.8],[-2.67,-20.37],[-0.75,-19.95],[1.17,-19.53],[3.09,-19.11],[5.01,-18.69],[6.93,-18.27],[8.85,-17.84],[10.77,-17.42],[10.66,-17.05],[10.8,-16.7],[10.78,-16.46],[10.87,-15.72],[10.82,-15.55],[10.96,-15.21],[10.96,-15.02],[11.13,-14.74],[11.34,-14.59],[11.56,-13.79],[11.49,-13.56],[11.67,-13.04],[11.65,-12.61],[11.73,-12.27],[11.62,-12.16],[11.77,-11.68],[11.74,-11.4],[11.8,-11.24],[11.44,-10.95],[10.9,-9.98],[10.78,-9.61],[10.85,-9.25],[10.94,-9.11],[10.9,-8.55],[10.71,-8.37],[10.73,-8.17],[10.54,-7.8],[10.53,-7.41],[10.3,-7.14],[10.34,-6.84],[10.3,-6.46],[10.12,-6.07],[9.97,-6.05],[9.9,-5.64],[9.74,-5.5],[9.75,-5.13],[10.05,-4.76],[9.98,-4.46],[9.7,-4.27],[9.54,-4.34],[9.32,-4.04],[9.02,-3.79],[8.44,-3.39],[8.29,-2.79],[8.13,-2.72],[8.03,-2.36],[7.82,-2.25],[7.69,-1.96],[7.28,-1.45],[7.23,-1.32],[6.99,-1.23],[6.98,-1.1],[6.8,-0.78],[6.98,-0.46],[6.89,-0.2],[6.7,-0.29],[6.39,-0.3],[6.18,-0.54],[5.97,-0.43],[5.71,-0.52],[5.41,-0.54],[5.23,-0.35],[4.94,-0.29],[4.9,-0.03],[5.28,0.05],[5.83,-0.02],[6.08,0.03],[6.17,0.45],[6.55,0.7],[6.83,0.69],[6.9,1.13],[6.79,1.65],[6.56,1.82],[6.72,2.16],[6.19,2.45],[5.87,2.49],[5.59,2.67],[5.45,2.67],[5.08,2.92],[4.86,3.44],[4.68,3.43],[4.53,3.59],[4.13,3.7],[3.68,4.15],[3.65,4.45],[3.49,4.44],[3.18,4.71],[3.14,5.04],[2.9,5.51],[2.4,5.66],[2.07,5.57],[2,5.37],[1.58,5.35],[1.37,5.18],[1.1,5.11],[0.78,4.9],[0.63,5.06],[0.2,5.11],[-0.16,4.93],[-0.58,4.5],[-0.84,4.31],[-1.97,3.91],[-2.68,3.51],[-3.01,3.52],[-3.1,3.79],[-3.06,3.95],[-3.74,4.2],[-3.98,4.34],[-4.15,4.32],[-4.36,4.48],[-4.58,4.49],[-4.9,4.32],[-5.52,4.18],[-6.26,4.21],[-6.58,4.1],[-6.8,4.08],[-6.95,3.93],[-7.1,3.94],[-7.3,3.79],[-7.49,3.77],[-7.76,3.85],[-8.27,3.83],[-8.44,3.99],[-8.97,4.1],[-9.26,4.01],[-9.82,4.03],[-10.03,4.39],[-10.69,5.08],[-10.76,5.28],[-11.06,5.58],[-11.49,5.72],[-11.66,5.9],[-11.64,6.03],[-11.9,6.31],[-12.36,6.5],[-12.54,6.72],[-12.95,6.96],[-13.13,6.96],[-13.51,7.08],[-13.77,7.03],[-14.25,7.54],[-14.41,7.52],[-14.66,8.05],[-14.77,8.41],[-14.95,8.4],[-15.12,8.68],[-15.52,8.89],[-15.82,8.86],[-16.27,8.88],[-16.58,8.83],[-16.84,8.64],[-16.99,8.72],[-17.08,8.94],[-17.49,9.13],[-17.95,9.1],[-18.29,9.27],[-18.42,9.52],[-18.09,9.62],[-18.1,9.87],[-18.02,10.12],[-18.03,10.48],[-17.81,10.75],[-17.71,11.14],[-17.88,11.6],[-17.83,11.86],[-17.85,12.22],[-18.03,12.48],[-17.98,12.7],[-19.92,12.35],[-21.87,12],[-23.82,11.65],[-25.77,11.3],[-27.72,10.95],[-29.66,10.61],[-31.61,10.26],[-33.56,9.91],[-34.53,9.73],[-35.23,8.02],[-35.93,6.31],[-37.9,6.11],[-39.86,5.91],[-41.83,5.71],[-43.79,5.51],[-45.76,5.31],[-46.74,5.21],[-48.22,5.06]],[[-11.88,-17.93],[-11.82,-18.17],[-11.91,-18.36],[-11.51,-18.29],[-11.27,-18.4],[-11.29,-18.59],[-10.99,-18.71],[-11.33,-19],[-11.37,-19.41],[-11.16,-19.37],[-11.14,-19.19],[-10.82,-19.37],[-11.21,-19.68],[-11.14,-19.81],[-10.87,-19.91],[-10.68,-20.07],[-10.91,-20.23],[-11.29,-20.09],[-11.33,-20.33],[-11.25,-20.89],[-11.38,-21.04],[-11.59,-21.05],[-12.02,-21.34],[-12.39,-21.36],[-12.32,-21.18],[-12.12,-21.1],[-12.18,-20.89],[-12.04,-20.59],[-12.31,-20.54],[-12.29,-20.33],[-12.45,-20.19],[-12.66,-20.25],[-12.99,-20.11],[-13,-19.92],[-12.64,-19.86],[-12.65,-19.54],[-12.88,-19.66],[-13.07,-19.34],[-13.27,-19.34],[-13.61,-19.13],[-13.23,-19.02],[-13.34,-18.84],[-13.53,-18.74],[-13.33,-18.57],[-13.23,-18.3],[-13.64,-18.15],[-13.44,-17.81],[-13.03,-17.69],[-12.83,-17.74],[-12.54,-17.66],[-12.49,-17.55],[-12.16,-17.7],[-11.93,-17.71],[-11.88,-17.93]],[[-11.03,-21.24],[-11.01,-21.41],[-11.17,-21.6],[-11.16,-21.77],[-11.5,-21.88],[-11.67,-21.79],[-11.84,-21.39],[-11.72,-21.26],[-11.23,-21.34],[-11.03,-21.24]],[[-11.89,-21.52],[-11.81,-21.96],[-12.12,-22.1],[-12.69,-22.12],[-12.57,-21.83],[-12.38,-21.86],[-12.09,-21.53],[-11.89,-21.52]],[[-12.4,-15.47],[-12.12,-15.52],[-12.19,-15.83],[-12.7,-15.99],[-13.09,-15.96],[-13.37,-16.25],[-13.2,-16.48],[-13.46,-16.53],[-13.69,-16.83],[-13.53,-17.24],[-13.38,-17.33],[-13.1,-17.24],[-12.77,-17.36],[-12.78,-17.53],[-13.13,-17.55],[-13.4,-17.66],[-14.03,-17.51],[-14.38,-17.75],[-14.59,-17.28],[-14.93,-17.09],[-15,-16.95],[-14.94,-16.67],[-14.62,-16.46],[-14.28,-16.73],[-14.2,-16.41],[-13.89,-16.37],[-13.94,-16.22],[-14.38,-16.33],[-14.52,-16.22],[-14.47,-15.98],[-14.21,-16.06],[-14.11,-15.85],[-13.84,-15.75],[-13.8,-15.61],[-14.11,-15.61],[-14.21,-15.26],[-14.03,-14.89],[-14.55,-14.83],[-14.42,-14.64],[-15.26,-14.49],[-15.3,-14.23],[-15.54,-14.13],[-15.51,-13.98],[-14.99,-13.9],[-14.91,-13.66],[-15.2,-13.57],[-15.26,-13.34],[-15.04,-13.22],[-15.37,-13.04],[-15.11,-12.47],[-14.98,-12.36],[-14.7,-12.58],[-14.68,-12.23],[-15.14,-12.33],[-15.62,-12.38],[-15.62,-12.19],[-14.96,-12.09],[-14.87,-11.95],[-14.42,-11.88],[-14.27,-12.24],[-13.9,-12.45],[-13.78,-12.6],[-13.58,-12.62],[-13.65,-12.91],[-13.85,-13.2],[-13.7,-13.46],[-13.7,-13.66],[-13.55,-13.95],[-13.37,-13.9],[-12.69,-13.91],[-12.6,-14.16],[-12.74,-14.28],[-12.38,-14.63],[-12.19,-14.48],[-12.02,-14.66],[-12.01,-15.04],[-12.18,-15.11],[-12.4,-15.47]],[[-8.35,-15.35],[-8.43,-15.2],[-8.3,-15.04],[-8.17,-15.23],[-8.35,-15.35]],[[-6.75,-15.62],[-6.84,-15.79],[-7.08,-15.79],[-7.22,-15.53],[-7.13,-15.39],[-6.9,-15.43],[-6.75,-15.62]],[[-5.86,-15.78],[-5.56,-15.76],[-5.43,-15.97],[-5.67,-16.25],[-5.85,-16.21],[-5.92,-16.05],[-5.86,-15.78]],[[-12.28,-16.08],[-12.07,-16.25],[-12.1,-16.39],[-12.31,-16.51],[-11.85,-16.71],[-12.02,-16.84],[-12.28,-16.8],[-13.02,-16.53],[-13.02,-16.31],[-12.72,-16.09],[-12.28,-16.08]],[[-12.58,-17.28],[-12.4,-17.27],[-12.37,-17.47],[-12.59,-17.45],[-12.58,-17.28]],[[-14.15,-17.76],[-14.01,-17.93],[-14.09,-18.08],[-14.27,-18.06],[-14.15,-17.76]],[[-16.37,-17.33],[-16.37,-17.15],[-16.19,-17.08],[-16.05,-17.21],[-16.37,-17.33]],[[-15.4,-16.86],[-15.05,-16.59],[-15,-16.73],[-15.17,-16.9],[-15.4,-16.86]],[[-14.33,-15.73],[-14.66,-15.85],[-14.71,-15.74],[-14.39,-15.63],[-14.33,-15.73]],[[-32.18,-14.39],[-32.23,-14.56],[-32.46,-14.43],[-32.38,-14.23],[-32.18,-14.39]],[[-34.18,-13.12],[-34.36,-12.87],[-34.22,-12.79],[-34.09,-13.04],[-34.18,-13.12]],[[-15.62,-13.02],[-15.68,-12.76],[-15.5,-12.6],[-15.35,-12.79],[-15.62,-13.02]],[[-31.87,-12.41],[-32.1,-12.37],[-32.28,-12.1],[-32.13,-12.03],[-31.87,-12.1],[-31.87,-12.41]],[[-32.66,-12.01],[-32.81,-11.8],[-32.61,-11.69],[-32.52,-11.93],[-32.66,-12.01]],[[-12.08,-9.38],[-11.95,-9.61],[-11.72,-9.73],[-12.12,-9.98],[-12,-10.12],[-12.02,-10.61],[-12.14,-10.69],[-12.14,-10.94],[-11.84,-10.89],[-11.75,-11.01],[-12.12,-11.26],[-12.53,-11.3],[-12.67,-11.4],[-12.99,-11.39],[-13.22,-11.56],[-13.88,-11.64],[-13.78,-11.18],[-14.02,-10.75],[-14.25,-10.69],[-14.04,-10.49],[-14.09,-10.15],[-14.38,-9.86],[-14.45,-10.07],[-14.68,-9.84],[-14.59,-9.65],[-14.34,-9.65],[-14.23,-9.55],[-13.85,-9.59],[-13.82,-9.41],[-14.91,-9.63],[-14.84,-9.36],[-14.98,-8.9],[-14.82,-8.47],[-14.67,-8.54],[-14.79,-8.74],[-14.7,-9.2],[-14.34,-9.22],[-14.23,-8.99],[-14.74,-8.91],[-14.57,-8.62],[-14.2,-8.2],[-14.51,-8.26],[-14.68,-7.77],[-14.18,-7.58],[-13.93,-7.6],[-13.66,-7.47],[-13.47,-7.5],[-13.2,-7.12],[-12.96,-7.34],[-12.93,-7.13],[-12.62,-6.98],[-11.79,-6.83],[-11.81,-7],[-12.43,-7.13],[-12.49,-7.26],[-12.42,-7.49],[-12.5,-7.7],[-12.4,-7.83],[-12.14,-7.86],[-12.07,-8.04],[-12.31,-8.09],[-12.54,-8.25],[-12.38,-8.38],[-12.17,-8.42],[-12.02,-8.57],[-12.17,-8.82],[-12.21,-9.24],[-11.91,-9.1],[-11.86,-9.29],[-12.08,-9.38]],[[0.49,-9.65],[0.61,-9.89],[0.32,-9.96],[0.32,-9.74],[0.49,-9.65]],[[-5.29,-9.78],[-5.25,-9.97],[-5.51,-10.02],[-5.53,-9.81],[-5.29,-9.78]],[[11.05,-10.67],[11.33,-10.78],[11.22,-11.02],[11,-10.79],[11.05,-10.67]],[[-0.37,-10.98],[-0.36,-11.28],[-0.76,-11.26],[-0.74,-11],[-0.37,-10.98]],[[-5.1,-11.47],[-5.08,-11.7],[-5.23,-11.77],[-5.41,-11.65],[-5.37,-11.49],[-5.1,-11.47]],[[-13.58,-11.75],[-13.49,-11.9],[-13.82,-12.04],[-14.26,-12.07],[-14.29,-11.8],[-13.9,-11.71],[-13.58,-11.75]],[[-14.3,-10.49],[-14.53,-10.54],[-14.28,-10.11],[-14.16,-10.18],[-14.16,-10.44],[-14.3,-10.49]],[[-17.08,-8.59],[-17.19,-8.34],[-17.04,-8.28],[-16.76,-8.43],[-16.76,-8.55],[-17.08,-8.59]],[[-33.31,-6.8],[-33.64,-6.93],[-33.67,-6.75],[-33.31,-6.8]],[[-12.54,-6.79],[-12.67,-6.5],[-12.48,-6.47],[-12.41,-6.18],[-12.23,-5.97],[-12.1,-5.47],[-11.91,-5.19],[-11.96,-5],[-12.69,-5.07],[-12.78,-5.13],[-13.22,-5.17],[-13.3,-5],[-13.22,-4.82],[-13.27,-4.54],[-13.13,-4.32],[-12.88,-4.28],[-12.71,-4.16],[-12.28,-4.21],[-12.07,-3.98],[-11.84,-3.97],[-11.64,-4.33],[-11.33,-4.51],[-11.46,-4.75],[-11.58,-4.73],[-11.65,-4.99],[-11.3,-4.96],[-11.16,-5.13],[-10.98,-4.92],[-10.88,-5.19],[-10.85,-5.53],[-10.51,-5.46],[-10.23,-5.94],[-10.26,-6.2],[-10.56,-6.18],[-10.55,-6.37],[-11.3,-6.58],[-11.51,-6.85],[-11.66,-6.72],[-11.85,-6.77],[-12.02,-6.66],[-12.24,-6.83],[-12.54,-6.79]],[[-12.38,-5.88],[-12.39,-6.05],[-12.65,-6],[-12.64,-5.84],[-12.38,-5.88]],[[-33.12,-4.4],[-33.3,-4.36],[-33.36,-4.21],[-33.13,-4.13],[-33.12,-4.4]],[[-33.68,-4.09],[-34.11,-4.1],[-34.17,-4],[-33.98,-3.69],[-33.75,-3.63],[-33.53,-3.69],[-33.51,-3.85],[-33.68,-4.09]],[[-34.65,-3.65],[-34.61,-3.94],[-34.86,-3.96],[-34.88,-3.79],[-34.65,-3.65]],[[-34.94,-3.66],[-35.19,-3.53],[-35.04,-3.28],[-34.86,-3.35],[-34.82,-3.59],[-34.94,-3.66]],[[-36.29,-3.39],[-36.31,-3.14],[-36.11,-3.12],[-36.08,-3.36],[-36.29,-3.39]],[[-12.17,-3.17],[-12.05,-3.01],[-11.67,-2.97],[-11.58,-3.21],[-11.42,-3.32],[-11.33,-3.62],[-11.57,-3.66],[-11.76,-3.8],[-12.05,-3.77],[-12.17,-3.17]],[[-12.5,-3.07],[-12.71,-2.91],[-12.53,-2.71],[-12.99,-2.59],[-13.05,-2.46],[-12.41,-2.32],[-12.27,-2.41],[-12.11,-3],[-12.5,-3.07]],[[-18.97,-2.4],[-18.97,-2.27],[-18.32,-2.13],[-18.29,-2.26],[-18.64,-2.38],[-18.97,-2.4]],[[-37.11,-2.07],[-37.2,-2],[-37.22,-1.68],[-37.07,-1.58],[-36.94,-1.82],[-36.56,-1.8],[-36.59,-1.94],[-37.11,-2.07]],[[-37.78,-1.72],[-37.59,-1.89],[-37.87,-2.06],[-37.97,-1.84],[-37.78,-1.72]],[[-38.54,-1.83],[-38.87,-1.63],[-38.85,-1.39],[-38.71,-1.22],[-38.26,-1.19],[-38.05,-1.27],[-37.96,-1.66],[-38.04,-1.81],[-38.26,-1.73],[-38.34,-1.45],[-38.5,-1.58],[-38.54,-1.83]],[[-25.81,-1.06],[-25.69,-0.75],[-25.56,-0.77],[-25.16,-0.63],[-25,-0.3],[-25.33,-0.26],[-25.38,-0.17],[-25.22,0.07],[-25.15,0.37],[-24.98,0.43],[-24.96,0.05],[-24.78,-0.26],[-24.79,-0.48],[-24.64,-0.89],[-24.88,-1.06],[-25.15,-0.91],[-25.46,-0.94],[-25.81,-1.06]],[[-42.17,-0.87],[-42.51,-0.68],[-42.59,-0.51],[-42.37,-0.32],[-42.17,-0.5],[-41.96,-0.57],[-41.98,-0.83],[-42.17,-0.87]],[[-39.47,-0.52],[-39.5,-0.38],[-39.23,-0.3],[-39.02,-0.55],[-39.14,-0.73],[-39.29,-0.52],[-39.47,-0.52]],[[-41.19,0.04],[-41.35,0.11],[-41.27,0.36],[-41.02,0.31],[-40.85,0.14],[-41.19,0.04]],[[-39.94,0.79],[-39.72,0.75],[-39.79,0.36],[-40.01,0.47],[-39.94,0.79]],[[-30.05,2.26],[-29.9,2.18],[-30,1.85],[-29.75,1.82],[-29.63,1.66],[-29.96,1.59],[-29.83,1.37],[-29.68,1.41],[-29.7,1.01],[-30.16,0.85],[-30.45,0.9],[-30.82,0.82],[-31.16,0.95],[-31.19,1.21],[-31.1,1.57],[-31.74,1.91],[-31.9,2.16],[-31.78,2.33],[-32,2.58],[-32.32,2.75],[-32.07,2.96],[-31.85,2.95],[-31.73,3.07],[-32.02,3.19],[-32.14,3.07],[-32.35,3.21],[-32.22,3.49],[-32.02,3.4],[-31.91,3.67],[-32.38,3.75],[-32.5,3.87],[-32.01,3.93],[-31.37,3.94],[-30.91,3.84],[-31.15,3.52],[-31.03,3.39],[-30.83,3.53],[-30.58,3.26],[-30.69,3.17],[-30.67,2.93],[-30.44,2.89],[-30.43,2.66],[-30.14,2.68],[-30.05,2.26]],[[-24.57,1.81],[-24.15,1.87],[-24.29,1.66],[-24.1,1.49],[-24.17,1.34],[-24.65,1.41],[-25.08,1.41],[-25.06,1.59],[-24.64,1.69],[-24.57,1.81]],[[-26.45,1.36],[-26.73,1.27],[-26.77,1.47],[-26.48,1.56],[-26.45,1.36]],[[-28.04,1.48],[-27.98,1.33],[-28.19,1.24],[-28.23,1.45],[-28.04,1.48]],[[-26.02,1.61],[-25.94,1.73],[-25.54,1.73],[-25.53,1.49],[-26.02,1.61]],[[-24.29,1.23],[-24.38,1.01],[-24.69,0.95],[-24.73,1.14],[-24.29,1.23]],[[-15.38,0.95],[-15.13,0.79],[-15.27,0.63],[-15.45,0.7],[-15.76,0.56],[-16.1,0.56],[-16.27,0.46],[-16.6,0.47],[-16.94,0.36],[-17.4,0.33],[-17.65,0.16],[-18.09,0.09],[-18.05,0.31],[-17.85,0.32],[-17.76,0.48],[-17.28,0.62],[-16.73,0.65],[-16.49,0.75],[-16.24,0.72],[-16.02,0.8],[-15.38,0.95]],[[-19.56,0.13],[-20.04,-0.07],[-20.57,-0.1],[-20.47,0.07],[-20.26,0.05],[-20,0.13],[-19.56,0.13]],[[-15.57,-0.72],[-15.52,-1.06],[-15.87,-1.12],[-16,-0.77],[-15.78,-0.46],[-15.62,-0.41],[-15.57,-0.72]],[[5.69,-1.18],[5.88,-1.37],[5.71,-1.63],[5.54,-1.62],[5.48,-1.3],[5.69,-1.18]],[[-12.06,-1.64],[-12,-1.78],[-12.41,-1.91],[-12.81,-1.98],[-12.86,-1.56],[-12.98,-1.32],[-12.95,-1.12],[-12.7,-1.15],[-12.4,-1.09],[-12.42,-1.26],[-12.74,-1.48],[-12.57,-1.68],[-12.06,-1.64]],[[6.25,-2.05],[6.31,-1.94],[6.56,-1.98],[6.56,-2.17],[6.38,-2.23],[6.25,-2.05]],[[5.03,-2.12],[5.03,-2.45],[4.88,-2.49],[4.69,-2.27],[4.74,-2.11],[5.03,-2.12]],[[-11.72,-2.52],[-11.7,-2.73],[-12.01,-2.82],[-12.15,-2.67],[-12.1,-2.38],[-11.88,-2.27],[-11.72,-2.52]],[[0.68,-2.89],[0.84,-2.84],[0.94,-3.04],[0.72,-3.17],[0.56,-3.09],[0.68,-2.89]],[[1.62,-3.15],[1.67,-3.41],[1.54,-3.52],[1.39,-3.32],[1.62,-3.15]],[[3.36,-3.5],[3.55,-3.53],[3.57,-3.77],[3.34,-3.7],[3.36,-3.5]],[[4.34,-4.1],[4.65,-4.21],[4.46,-4.37],[4.34,-4.1]],[[-2.59,-4.15],[-2.55,-4.39],[-2.87,-4.34],[-2.88,-4.21],[-2.59,-4.15]],[[-11.42,-4.15],[-11.72,-4.03],[-11.65,-3.89],[-11.42,-3.89],[-11.42,-4.15]],[[-12.41,-3.95],[-12.53,-4.05],[-12.85,-4.11],[-12.94,-3.93],[-12.59,-3.73],[-12.82,-3.66],[-12.94,-3.5],[-12.52,-3.22],[-12.33,-3.22],[-12.2,-3.42],[-12.12,-3.76],[-12.23,-3.94],[-12.41,-3.95]],[[-32.21,-3.92],[-32.43,-4.03],[-32.7,-4.03],[-32.77,-3.8],[-32.33,-3.63],[-32.19,-3.76],[-32.21,-3.92]],[[-33.03,-3.64],[-33.08,-3.83],[-33.29,-3.89],[-33.34,-3.65],[-33.03,-3.64]],[[-0.17,-3.57],[-0.2,-3.44],[0.14,-3.32],[0.04,-3.55],[-0.17,-3.57]],[[-13.05,-2],[-13.23,-1.84],[-13.46,-1.78],[-13.47,-1.06],[-13.24,-1.04],[-13.05,-1.23],[-13.07,-1.57],[-12.96,-1.7],[-13.05,-2]],[[-36.05,-1.9],[-36.29,-1.92],[-36.41,-1.76],[-36.05,-1.73],[-36.05,-1.9]],[[-37.22,-1.51],[-37.46,-1.6],[-37.82,-1.45],[-37.67,-1.24],[-37.22,-1.41],[-37.22,-1.51]],[[-29.09,-1.32],[-29.28,-1.15],[-28.55,-1.16],[-28.56,-1.32],[-28.9,-1.36],[-29.09,-1.32]],[[-16.19,-1.3],[-16.37,-1.22],[-16.32,-0.99],[-16.64,-0.83],[-16.7,-0.48],[-16.5,-0.22],[-16.15,-0.31],[-16.06,-0.55],[-16.07,-0.76],[-15.98,-1.27],[-16.19,-1.3]],[[-24.46,-1.11],[-24.59,-0.81],[-24.43,-0.63],[-24.28,-0.66],[-24.23,-0.87],[-24.01,-0.86],[-23.62,-0.75],[-23.29,-0.83],[-23.35,-0.95],[-24.02,-1],[-24.46,-1.11]],[[-24.37,-0.57],[-24.58,-0.57],[-24.7,-0.37],[-24.76,0.01],[-24.88,0.16],[-24.81,0.57],[-24.55,0.5],[-24.23,0.59],[-24.03,0.46],[-24.38,0.32],[-24.57,0.04],[-24.36,0.02],[-24.22,-0.22],[-24.36,-0.38],[-24.37,-0.57]],[[-25.18,0.6],[-25.35,0.18],[-25.77,0.47],[-25.51,0.48],[-25.18,0.6]],[[-40.3,0.1],[-40.59,0.05],[-40.63,0.17],[-40.36,0.34],[-40.13,0.32],[-40.3,0.1]],[[-26.98,0.43],[-26.92,0.73],[-26.74,0.62],[-25.84,0.73],[-25.72,0.55],[-26.07,0.55],[-26.98,0.43]],[[-27.46,0.81],[-27.36,0.64],[-27.65,0.59],[-27.64,0.77],[-27.46,0.81]],[[-29.41,0.73],[-29.76,0.74],[-29.64,1],[-29.06,1.1],[-28.9,1.03],[-28.44,1.1],[-28.36,0.98],[-27.9,1.03],[-27.84,0.87],[-28.96,0.74],[-29.09,0.89],[-29.41,0.73]],[[-27.42,0.89],[-27.5,1.08],[-27.15,1.1],[-27.15,0.95],[-27.42,0.89]],[[-20.18,-0.8],[-20.39,-0.89],[-20.96,-0.93],[-21.03,-0.83],[-20.25,-0.73],[-20.18,-0.8]],[[-14,-1.19],[-13.69,-1.1],[-13.7,-1.31],[-14,-1.19]],[[-15.65,-1.22],[-15.55,-1.38],[-15.77,-1.46],[-15.82,-1.22],[-15.65,-1.22]],[[-39.11,1.22],[-39.23,1.39],[-38.97,1.45],[-38.87,1.32],[-39.11,1.22]],[[-31.58,1.4],[-31.33,1.41],[-31.21,1.3],[-31.39,1.13],[-31.62,1.27],[-31.58,1.4]],[[-32.46,2.31],[-32.48,2.46],[-32.12,2.52],[-32.18,2.34],[-32.46,2.31]],[[-32.12,3.96],[-32.39,3.96],[-32.54,4.08],[-32.66,4.99],[-32.74,5.21],[-32.8,5.83],[-33.12,5.93],[-33.14,6.16],[-32.96,6.15],[-32.66,5.95],[-32.44,5.89],[-32.62,5.59],[-32.48,5.47],[-32.33,5.6],[-32.19,5.49],[-32.3,5.23],[-32.07,5.26],[-32.11,5.01],[-32.02,4.25],[-31.7,4.27],[-31.69,4.06],[-32.12,3.96]],[[-33.17,5.33],[-33.5,5.47],[-33.44,5.65],[-33.25,5.56],[-33.17,5.33]],[[-33.17,5.33],[-33.14,5.5],[-33.28,5.61],[-33.22,5.81],[-33.06,5.78],[-32.86,5.5],[-32.84,5.19],[-32.72,5.02],[-32.75,4.73],[-32.59,4.27],[-32.59,4.08],[-32.71,3.97],[-33.38,3.97],[-33.29,4.17],[-33.07,4.37],[-33.19,4.56],[-33.25,5.11],[-33.17,5.33]],[[-33.51,5.8],[-33.81,5.85],[-33.85,6.15],[-33.66,6.12],[-33.43,6.22],[-33.36,6.06],[-33.51,5.8]],[[-33.99,6.25],[-33.99,6.53],[-34.51,6.54],[-34.43,6.72],[-33.93,6.84],[-33.81,6.47],[-33.99,6.25]],[[-33.67,6.79],[-33.88,7.06],[-33.48,7.09],[-33.36,7.18],[-32.58,7.21],[-32.5,7.03],[-32.85,6.92],[-33.07,7],[-33.3,6.88],[-33.67,6.79]],[[-33.96,7.1],[-34.28,6.87],[-34.73,7.07],[-34.52,7.15],[-34.33,7.11],[-34.05,7.17],[-33.96,7.1]],[[-33.44,7.26],[-33.39,7.4],[-32.98,7.44],[-32.75,7.56],[-32.72,7.34],[-33,7.25],[-33.44,7.26]],[[-21.81,7.63],[-22.07,7.57],[-22.11,7.77],[-21.78,7.99],[-21.67,7.88],[-21.81,7.63]],[[-21.28,7.93],[-21.15,8.18],[-20.92,8.07],[-20.59,7.75],[-21.06,7.45],[-21.27,7.21],[-21.49,7.37],[-21.25,7.55],[-21.28,7.93]],[[-21.4,8.15],[-21.6,8.25],[-21.39,8.49],[-21.22,8.38],[-21.4,8.15]],[[-20.7,8.41],[-21.01,8.57],[-20.81,8.67],[-20.57,8.58],[-20.7,8.41]],[[-20.17,8.62],[-20.21,8.9],[-20.36,8.91],[-20.43,9.13],[-20.2,9.22],[-20.06,9.07],[-19.68,9.11],[-19.66,8.92],[-19.89,8.87],[-20,8.64],[-20.17,8.62]],[[-21.05,8.9],[-21.23,8.91],[-21.45,9.32],[-21.24,9.38],[-21.05,9.22],[-20.79,9.11],[-20.82,8.97],[-21.05,8.9]],[[-22.08,7.46],[-22.09,7.26],[-22.31,7.28],[-22.34,7.48],[-22.08,7.46]],[[-22.08,7.15],[-21.8,7.05],[-21.62,7.13],[-21.29,6.95],[-21.38,6.77],[-21.54,6.73],[-22.35,6.78],[-22.44,7.04],[-22.08,7.15]],[[-23.19,6.82],[-23.26,6.66],[-23.55,6.91],[-23.42,7.08],[-23.29,7.04],[-23.19,6.82]],[[-23.24,6.39],[-23.09,6.53],[-22.85,6.55],[-22.33,6.4],[-22.33,6.24],[-22.6,6.16],[-22.89,6.32],[-23.14,6.26],[-23.24,6.39]],[[-19.57,6.33],[-19.55,6.17],[-19.7,6.07],[-19.77,6.31],[-19.57,6.33]],[[-20.3,5.91],[-19.85,5.9],[-19.59,5.57],[-19.81,5.37],[-20.02,5.46],[-20.28,5.44],[-20.36,5.54],[-20.3,5.91]],[[-20.35,5.4],[-20.18,5.31],[-20.22,5.07],[-20.09,4.93],[-20.33,4.66],[-20.68,4.46],[-21.19,4.44],[-21.63,5.04],[-21.66,5.17],[-21.43,5.39],[-21.34,5.63],[-21.15,5.41],[-21,5.64],[-21.01,5.84],[-20.77,5.84],[-20.67,5.65],[-20.48,5.63],[-20.35,5.4]],[[-24.75,6.14],[-25.01,5.98],[-24.99,6.31],[-24.7,6.34],[-24.75,6.14]],[[-33.15,6.21],[-33.38,6.39],[-33.67,6.34],[-33.67,6.72],[-33.48,6.74],[-33.19,6.62],[-32.92,6.6],[-32.89,6.33],[-33.16,6.37],[-33.15,6.21]],[[-23.08,6.84],[-23.09,7.06],[-22.89,7.14],[-22.6,7.02],[-22.67,6.85],[-23.08,6.84]],[[-10.53,-5],[-10.66,-5.26],[-10.8,-5.15],[-10.74,-4.86],[-10.53,-5]],[[2.7,-5.34],[2.45,-5.41],[2.42,-5.22],[2.64,-5.17],[2.7,-5.34]],[[1.81,-5.25],[1.97,-5.33],[1.82,-5.55],[1.44,-5.52],[1.49,-5.91],[1.4,-6.09],[1.35,-6.78],[1.05,-6.56],[1.13,-6.31],[0.86,-6.26],[1.05,-6.04],[1.29,-5.88],[1.03,-5.5],[1.05,-5.25],[1.28,-5.38],[1.81,-5.25]],[[3.12,-5.87],[3.08,-5.64],[3.25,-5.59],[3.36,-5.73],[3.12,-5.87]],[[0,-6.7],[0.05,-6.99],[-0.17,-6.89],[0,-6.7]],[[-0.42,-6.96],[-0.59,-6.86],[-0.63,-6.69],[0.02,-6.36],[0.06,-6.21],[0.39,-6.17],[0.5,-6.36],[0.12,-6.6],[-0.1,-6.62],[-0.23,-6.88],[-0.42,-6.96]],[[-9.95,-6.32],[-10.11,-6.38],[-10.19,-6.19],[-10.02,-6.14],[-9.95,-6.32]],[[0.35,-5.51],[0.67,-5.36],[0.76,-5.52],[0.55,-5.66],[0.35,-5.51]],[[0.84,-7.87],[1.02,-7.82],[1.11,-7.98],[0.83,-8.06],[0.84,-7.87]],[[-11.29,-8.55],[-11.5,-8.66],[-11.78,-8.69],[-11.77,-8.9],[-12.07,-8.88],[-12.02,-8.71],[-11.76,-8.52],[-11.29,-8.55]],[[-11.69,-8.18],[-11.87,-7.91],[-11.63,-7.87],[-11.54,-8.11],[-11.69,-8.18]],[[-11.76,-7.7],[-11.94,-7.71],[-12.09,-7.54],[-12.08,-7.36],[-11.92,-7.29],[-11.76,-7.7]],[[-5.19,-12.37],[-4.91,-12.46],[-4.91,-12.68],[-5.3,-12.62],[-5.54,-12.78],[-5.52,-13.01],[-5.68,-13.13],[-6.19,-13.11],[-6.47,-12.76],[-6.04,-12.59],[-5.78,-12.59],[-5.57,-12.47],[-5.19,-12.37]],[[-2.69,-12.66],[-2.46,-12.69],[-2.45,-12.86],[-2.74,-12.91],[-2.69,-12.66]],[[-5.34,-12.73],[-5.05,-12.97],[-5.09,-13.08],[-5.47,-12.98],[-5.34,-12.73]],[[-7.52,-13.64],[-7.36,-13.7],[-7.36,-13.89],[-7.61,-13.83],[-7.52,-13.64]],[[-6.98,-13.18],[-7.3,-13.18],[-7.17,-12.99],[-6.98,-13.18]],[[-10.61,-14.07],[-10.57,-14.3],[-11.06,-14.27],[-11.03,-14.11],[-10.61,-14.07]],[[-11.04,-14.33],[-10.94,-14.71],[-11.18,-14.74],[-11.32,-14.47],[-11.04,-14.33]],[[-10.82,-14.88],[-10.89,-14.96],[-11.29,-14.95],[-11.28,-14.78],[-10.96,-14.78],[-10.82,-14.88]],[[-11.67,-14.95],[-11.94,-14.81],[-11.74,-14.54],[-11.48,-14.63],[-11.43,-14.92],[-11.67,-14.95]],[[-11.84,-14.49],[-11.94,-14.34],[-11.61,-14.28],[-11.47,-14.47],[-11.84,-14.49]]]},"properties":{"scalerank":0,"featurecla":"Bathymetry","depth":3000}},
{"type":"Feature","geometry":null,"properties":{"scalerank":0,"featurecla":"Bathymetry","depth":3000}},
{"type":"Feature","geometry":{"type":"Polygon","coordinates":[[[-12.08,-9.38],[-12.07,-9.37],[-12.1,-9.38],[-12.08,-9.38]]]},"properties":{"scalerank":0,"featurecla":"Bathymetry","depth":3000}},
{"type":"Feature","geometry":{"type":"Polygon","coordinates":[[[-126.61,-21.99],[-125.21,-22],[-123.78,-20.78],[-122.35,-19.55],[-121.28,-18.63],[-119.35,-18.97],[-117.43,-19.31],[-115.5,-19.64],[-113.58,-19.98],[-111.65,-20.32],[-109.75,-19.75],[-107.85,-19.19],[-105.94,-18.62],[-104.04,-18.06],[-102.14,-17.49],[-100.23,-16.93],[-98.33,-16.36],[-96.43,-15.8],[-94.52,-15.23],[-92.62,-14.67],[-90.72,-14.1],[-88.81,-13.54],[-86.91,-12.97],[-85.01,-12.41],[-83.1,-11.84],[-81.2,-11.28],[-79.3,-10.71],[-79.37,-10.57],[-79.61,-10.51],[-79.6,-10.34],[-80.07,-9.73],[-80.06,-9.6],[-80.3,-9.17],[-80.59,-8.83],[-80.8,-8.27],[-81.02,-7.85],[-81.16,-7.27],[-81.32,-7.12],[-81.29,-6.84],[-81.52,-6.59],[-81.48,-6.29],[-81.53,-5.99],[-81.64,-5.81],[-81.62,-5.39],[-81.74,-5.04],[-81.69,-4.88],[-81.7,-4.2],[-81.76,-3.94],[-81.63,-3.6],[-81.65,-3.36],[-81.46,-2.57],[-81.41,-2.15],[-81.58,-2.11],[-81.56,-2.43],[-81.79,-2.47],[-82.06,-2.62],[-81.91,-2.83],[-81.96,-3.07],[-82.17,-3.28],[-82.76,-3.54],[-83.18,-3.84],[-84.01,-4.2],[-84.08,-4.05],[-83.52,-3.72],[-83.26,-3.3],[-82.92,-3.02],[-83.13,-2.79],[-83.45,-2.85],[-83.67,-2.81],[-84.39,-2.83],[-84.4,-2.47],[-84.63,-2.71],[-84.8,-2.49],[-85.38,-2.39],[-85.63,-2.26],[-86.06,-2.21],[-86.28,-2.04],[-86.88,-1.97],[-87.41,-1.87],[-87.6,-1.96],[-88.13,-1.83],[-88.3,-1.94],[-88.56,-1.83],[-88.95,-1.96],[-89.2,-1.88],[-89.45,-1.92],[-89.73,-1.69],[-89.85,-1.8],[-90.14,-1.86],[-90.39,-1.77],[-90.7,-1.48],[-90.97,-1.3],[-91.34,-1.14],[-91.51,-1.13],[-91.69,-0.88],[-91.71,-0.61],[-91.84,-0.24],[-91.84,-0.06],[-91.68,0.14],[-91.87,0.32],[-91.97,0.14],[-92.46,-0.03],[-92.81,-0.11],[-92.84,0.09],[-93.1,0.22],[-93.42,0.53],[-93.44,0.73],[-93.7,0.79],[-93.72,0.96],[-93.88,1.08],[-93.99,0.96],[-94.18,1.11],[-94.19,1.28],[-94.43,1.29],[-94.67,1.43],[-95.12,1.33],[-95.39,1.41],[-95.38,1.53],[-95.81,1.78],[-95.96,1.7],[-96.16,1.77],[-96.34,1.6],[-96.55,1.73],[-97.05,1.72],[-97.45,1.42],[-97.71,1.48],[-98.03,1.69],[-98.33,2.02],[-98.46,1.84],[-98.73,1.73],[-98.98,2.33],[-99.15,2.23],[-99.02,2.04],[-99.15,1.94],[-99.69,1.96],[-100.27,1.82],[-100.36,1.98],[-100.23,2.21],[-100.63,2.2],[-100.76,2.44],[-100.3,2.46],[-100.24,2.66],[-99.93,2.51],[-99.58,2.74],[-99.26,2.47],[-98.71,2.44],[-98.76,2.66],[-98.42,2.78],[-98.26,2.7],[-98.18,2.94],[-97.92,2.98],[-97.84,2.82],[-97.07,2.8],[-96.86,2.66],[-96.58,2.77],[-96.45,2.96],[-96.17,3.1],[-96.19,3.31],[-96.08,3.49],[-95.92,2.98],[-95.78,3.1],[-95.09,3.26],[-95.18,3.41],[-95.37,3.29],[-95.58,3.51],[-95.34,3.67],[-95.07,3.55],[-94.82,3.66],[-94.56,3.89],[-94.38,3.73],[-94.06,3.79],[-93.43,3.72],[-93.33,3.6],[-93.41,3.41],[-93.02,3.48],[-93.21,3.65],[-93.19,3.89],[-92.37,3.84],[-92.06,4.08],[-92.2,4.24],[-92.14,4.37],[-91.7,4.33],[-91.82,4.1],[-91.75,3.96],[-91.22,4.1],[-91.17,4.28],[-90.91,4.44],[-91.09,4.57],[-90.62,4.7],[-90.38,4.6],[-90.22,4.39],[-89.98,4.58],[-89.72,4.53],[-89.64,4.75],[-89.42,4.8],[-89.13,4.7],[-89.12,5.08],[-89.35,5.28],[-89.62,5.3],[-89.71,5.4],[-89.4,5.59],[-89.25,5.54],[-89.12,5.31],[-88.91,5.18],[-88.86,5.42],[-88.99,5.58],[-89.27,5.66],[-89.13,5.81],[-88.86,5.73],[-88.52,5.9],[-88.44,6.07],[-87.78,6.26],[-87.6,6.38],[-87.43,6.36],[-87.16,6.47],[-86.96,6.76],[-86.84,7.04],[-86.58,7.1],[-86.46,7.24],[-86.25,7.16],[-86.21,7.42],[-86.42,7.6],[-86.31,7.74],[-86.06,7.8],[-86.06,8.11],[-86.3,8.28],[-86.18,8.63],[-85.79,8.77],[-85.52,9.15],[-85.7,9.26],[-86.67,10.4],[-87.31,11.16],[-87.48,11.26],[-87.94,11.69],[-88.5,12.03],[-89.04,12.26],[-89.38,12.31],[-89.76,12.5],[-90.02,12.52],[-90.21,12.73],[-90.43,12.73],[-90.63,12.88],[-91.02,12.93],[-91.7,13.3],[-91.82,13.3],[-92.11,13.56],[-92.87,13.82],[-93.27,14.06],[-93.67,14.41],[-93.82,14.4],[-94.19,14.68],[-94.38,14.69],[-94.66,14.86],[-94.84,15.05],[-95.04,15.07],[-95.57,15.29],[-95.86,15.31],[-96.02,15.41],[-96.97,15.43],[-97.39,15.58],[-97.88,15.64],[-98.24,15.74],[-99.1,16.04],[-99.25,16.2],[-99.79,16.32],[-100.18,16.44],[-100.46,16.63],[-100.72,16.65],[-100.85,16.75],[-101.15,16.75],[-101.22,16.85],[-101.57,16.99],[-101.78,17.02],[-102.17,17.17],[-102.54,17.4],[-102.75,17.45],[-103.18,17.79],[-103.37,17.79],[-104.18,18.14],[-104.37,18.33],[-105.6,19.25],[-105.7,19.42],[-105.88,19.48],[-106.02,19.8],[-106.19,19.96],[-106.27,20.3],[-106.38,20.43],[-106.34,20.62],[-106.15,20.66],[-106.25,21.06],[-106.43,21.32],[-106.7,21.38],[-106.75,21.22],[-107.1,21.1],[-107.12,21.22],[-107.42,21.28],[-107.54,20.9],[-107.8,21.14],[-107.78,21.39],[-107.66,21.51],[-107.85,22.03],[-107.64,22.01],[-107.61,22.23],[-107.84,22.26],[-108.02,21.84],[-107.88,21.53],[-108.21,21.55],[-108.11,21.24],[-108.24,21.18],[-108.22,20.87],[-108.3,20.71],[-108.08,20.54],[-108.02,20.39],[-108.33,20.31],[-108.72,20.35],[-108.77,20.21],[-108.5,20.03],[-107.87,19.92],[-107.94,19.78],[-107.5,19.27],[-107.03,19.12],[-106.87,18.85],[-106.5,18.67],[-105.79,18.67],[-105.66,18.6],[-105.48,18.76],[-105.25,18.61],[-105.17,18.46],[-104.91,18.26],[-104.9,18.1],[-104.42,17.9],[-104.35,17.69],[-104.08,17.36],[-104.07,17.2],[-103.85,17.07],[-103.77,16.84],[-104.06,16.58],[-104.62,16.63],[-104.62,17.02],[-104.23,16.94],[-104.33,17.18],[-104.53,17.08],[-104.74,17.14],[-104.66,17.38],[-104.67,17.61],[-105.06,17.69],[-105.14,17.52],[-105.11,17.32],[-105.23,17.13],[-105.05,16.77],[-104.94,16.7],[-104.98,16.19],[-105.12,15.95],[-104.71,15.79],[-104.67,15.47],[-104.44,15.19],[-104.24,15.37],[-103.82,15.26],[-104.07,15.06],[-104.08,14.88],[-103.64,14.45],[-103.72,14.08],[-103.53,14.03],[-103.42,13.81],[-103.49,13.59],[-103.13,13.59],[-103.01,13.37],[-103.44,13.22],[-103.16,13.08],[-103.46,12.86],[-103.69,12.87],[-103.49,12.53],[-103.32,12.62],[-103.11,12.51],[-103.71,12.23],[-103.7,11.93],[-103.35,11.92],[-102.89,11.76],[-102.67,12.07],[-102.6,11.9],[-102.75,11.66],[-103.1,11.59],[-103.18,11.17],[-103.47,11.02],[-103.56,10.8],[-103.46,10.37],[-103.64,10.27],[-103.68,10.51],[-104.04,10.57],[-103.83,11.02],[-104.1,11],[-104.15,11.23],[-104.33,11.23],[-104.23,11.64],[-103.95,11.72],[-104.02,12.34],[-104.16,12.41],[-104.11,12.62],[-104.3,13.02],[-104.3,13.94],[-104.54,14.3],[-104.54,14.78],[-104.89,14.65],[-104.97,14.83],[-105.35,15],[-105.54,15],[-105.59,15.3],[-105.77,15.5],[-106.03,15.53],[-106.1,15.69],[-105.93,15.87],[-105.84,16.27],[-105.62,16.17],[-105.67,16.82],[-105.5,16.87],[-105.68,17.12],[-105.64,17.4],[-105.76,17.73],[-105.86,17.8],[-106.31,17.74],[-106.5,17.88],[-106.68,18.28],[-106.91,18.48],[-107.12,18.44],[-107.18,18.6],[-107.52,18.63],[-107.57,18.91],[-107.72,19.06],[-107.92,19.08],[-108.07,19.25],[-108.82,19.63],[-108.91,19.75],[-109.19,19.85],[-109.32,19.78],[-109.61,19.87],[-110.33,19.83],[-110.64,19.94],[-110.63,20.27],[-110.15,20.29],[-110.11,20.53],[-110.22,20.72],[-109.94,20.81],[-109.64,21.44],[-109.4,21.81],[-109.42,22.02],[-109.2,22.11],[-109.05,22.38],[-109.06,22.61],[-108.86,22.69],[-108.72,22.91],[-109.01,22.9],[-109.25,22.68],[-109.32,22.51],[-109.54,22.44],[-110,22.51],[-110.29,22.31],[-110.79,22.39],[-110.95,22.66],[-111.16,22.7],[-111.43,22.63],[-111.44,22.89],[-111.65,23.19],[-112.38,23.81],[-112.47,23.95],[-112.92,24.34],[-113.46,25.1],[-113.5,25.25],[-113.87,25.66],[-113.94,25.88],[-114.2,25.98],[-114.41,26.35],[-114.48,26.74],[-114.9,27.14],[-115.13,27.22],[-115.83,27.94],[-115.94,28.41],[-116.38,28.74],[-116.52,28.99],[-116.56,29.27],[-116.75,29.39],[-116.9,29.33],[-117.58,29.41],[-117.65,29.56],[-117.46,29.7],[-117.89,29.91],[-118.43,30.48],[-118.71,30.5],[-119.02,30.68],[-118.93,31.01],[-118.99,31.2],[-119.4,31.56],[-119.8,32.07],[-120.22,32.36],[-120.28,32.63],[-120.48,32.88],[-120.96,33.71],[-121.25,33.77],[-121.29,34.1],[-122.02,34.94],[-123.51,35.01],[-125.51,35.1],[-127.51,35.19],[-129.51,35.28],[-131.5,35.37],[-133.5,35.47],[-135.5,35.56],[-137.49,35.65],[-139.49,35.74],[-141.49,35.83],[-143.49,35.92],[-145.48,36.01],[-147.48,36.1],[-149.48,36.19],[-151.47,36.28],[-152.41,36.5],[-154.28,36.93],[-154.35,35.99],[-154.51,34.11],[-154.66,32.24],[-153.98,30.92],[-153.07,29.15],[-152.39,27.83],[-151.93,26.95],[-151.25,25.63],[-150.35,23.87],[-149.44,22.11],[-148.76,20.79],[-148.31,19.9],[-147.4,18.14],[-146.72,16.82],[-145.81,15.06],[-144.9,13.3],[-144,11.54],[-143.32,10.21],[-142.41,8.45],[-141.5,6.69],[-140.82,5.37],[-140.37,4.49],[-139.46,2.73],[-138.78,1.41],[-138.33,0.52],[-137.42,-1.24],[-136.74,-2.56],[-135.98,-3.8],[-135.22,-5.05],[-134.46,-6.29],[-133.7,-7.54],[-133.19,-8.37],[-132.43,-9.61],[-131.67,-10.85],[-130.91,-12.1],[-130.15,-13.34],[-129.14,-15],[-128.46,-16.87],[-127.79,-18.73],[-127.11,-20.59],[-126.61,-21.99]],[[-121.11,33.01],[-121.13,33.36],[-120.97,33.43],[-120.81,33.25],[-120.89,32.95],[-121.11,33.01]],[[-132.39,33],[-132.39,32.81],[-132.64,32.8],[-132.65,32.98],[-132.39,33]],[[-130.94,32.8],[-130.7,32.86],[-130.63,32.69],[-130.92,32.65],[-130.94,32.8]],[[-127.67,32.61],[-127.65,32.32],[-127.91,32.36],[-127.92,32.5],[-127.67,32.61]],[[-119.94,30.37],[-119.88,30.23],[-120.05,30.07],[-120.32,30.02],[-120.36,30.17],[-119.94,30.37]],[[-118.66,29.44],[-118.58,29.5],[-118.19,29.37],[-118.06,29.23],[-118.03,28.9],[-118.24,28.67],[-118.44,28.75],[-118.58,29.08],[-118.55,29.3],[-118.66,29.44]],[[-114.99,26.37],[-114.69,26.29],[-114.83,26.06],[-115.15,26.07],[-115.21,26.34],[-114.99,26.37]],[[-119.42,25.43],[-119.41,25.26],[-119.58,25.19],[-119.66,25.4],[-119.42,25.43]],[[-115.84,25.12],[-115.61,25.07],[-115.62,24.88],[-115.94,24.65],[-116.16,24.77],[-116.1,24.95],[-115.84,25.12]],[[-125.28,22.31],[-125.61,22.3],[-125.57,22.49],[-125.31,22.55],[-125.28,22.31]],[[-112.29,21.34],[-112.5,21.21],[-112.81,21.26],[-112.69,21.43],[-112.29,21.34]],[[-110.79,20.51],[-110.49,20.51],[-110.5,20.32],[-110.82,20.33],[-110.79,20.51]],[[-109.66,19.8],[-109.07,19.75],[-108.98,19.61],[-108.75,19.52],[-108.58,19.3],[-108.36,19.25],[-107.83,18.95],[-107.62,18.59],[-107.88,18.54],[-107.94,18.7],[-108.17,18.95],[-108.35,18.92],[-108.7,19.25],[-109.41,19.51],[-109.66,19.8]],[[-110.52,18.31],[-110.53,18.1],[-110.83,17.7],[-111.02,17.5],[-111.26,17.38],[-111.4,17.55],[-111.21,18.11],[-111.1,18.05],[-110.79,18.11],[-110.52,18.31]],[[-110.72,17.23],[-110.98,17.2],[-111.02,17.4],[-110.73,17.47],[-110.72,17.23]],[[-106.29,17],[-106.15,17.08],[-106.05,16.53],[-106.42,16.51],[-106.49,16.7],[-106.34,16.8],[-106.29,17]],[[-108.55,16.51],[-108.64,16.36],[-108.82,16.37],[-108.98,16.08],[-109.19,16.09],[-109.42,15.98],[-109.49,16.18],[-109.66,16.33],[-109.24,16.4],[-109.03,16.58],[-108.68,16.6],[-108.55,16.51]],[[-106.52,16.36],[-106.25,16.32],[-106.26,16.06],[-106.56,16.16],[-106.52,16.36]],[[-108.34,16.32],[-108.53,15.95],[-108.72,15.97],[-108.83,16.27],[-108.67,16.34],[-108.34,16.32]],[[-110.67,15.91],[-111.05,15.74],[-111.38,15.79],[-111.54,15.61],[-111.79,15.67],[-111.96,16.03],[-111.84,16.35],[-111.53,16.27],[-111.38,16.34],[-111.21,16.64],[-110.76,16.87],[-110.87,16.34],[-111.17,16.4],[-111.13,15.92],[-110.83,16.03],[-110.67,15.91]],[[-111.64,16.38],[-111.68,16.87],[-111.48,16.93],[-111.43,16.75],[-111.64,16.38]],[[-117.47,16.75],[-117.64,17.01],[-117.4,17.14],[-117.3,16.79],[-117.47,16.75]],[[-111.44,17.17],[-111.17,17.3],[-111.04,17.01],[-111.35,17.01],[-111.44,17.17]],[[-107.9,16.76],[-107.72,16.54],[-108.13,16.6],[-107.9,16.76]],[[-114.59,18.1],[-114.89,18.28],[-114.91,18.46],[-114.62,18.57],[-114.41,18.34],[-114.59,18.1]],[[-117.04,18.51],[-116.96,18.32],[-117.21,18.25],[-117.22,18.44],[-117.04,18.51]],[[-119.35,18.5],[-119.42,18.34],[-119.6,18.35],[-119.59,18.59],[-119.35,18.5]],[[-111.13,18.63],[-111.33,18.86],[-111.36,19.14],[-111.51,19.39],[-111.15,19.35],[-111.27,19.57],[-111.02,19.71],[-110.71,19.76],[-110.57,19.58],[-110.32,19.75],[-110.26,19.59],[-110.06,19.49],[-110.24,19.33],[-110.43,19.47],[-110.62,19.24],[-110.68,18.83],[-110.59,18.61],[-110.82,18.51],[-110.84,18.35],[-111.02,18.14],[-111.51,18.28],[-111.36,18.52],[-111.13,18.63]],[[-111.79,19.13],[-111.55,18.96],[-111.58,18.81],[-112.2,18.89],[-112.19,19.08],[-112,19.24],[-111.79,19.13]],[[-115.18,19.22],[-115.19,19.11],[-115.57,19.09],[-115.68,19.27],[-115.18,19.22]],[[-108.8,18.83],[-108.6,18.97],[-108.44,18.87],[-108.51,18.65],[-108.8,18.83]],[[-111.66,18.17],[-111.91,18.09],[-111.9,18.35],[-111.58,18.36],[-111.66,18.17]],[[-113.43,18.39],[-113.47,18.23],[-114.2,18.14],[-114.02,18.36],[-113.43,18.39]],[[-111.37,15.21],[-111.36,15.49],[-110.79,15.53],[-110.7,15.28],[-110.86,15.22],[-110.83,14.9],[-111.12,14.75],[-111.15,14.98],[-111.03,15.05],[-111.16,15.35],[-111.37,15.21]],[[-110.64,14.74],[-110.47,14.71],[-110.46,14.44],[-110.24,14.26],[-110.51,14.04],[-110.61,14.1],[-110.73,14.54],[-110.64,14.74]],[[-110.87,14.64],[-110.72,14.36],[-110.78,14.18],[-111.05,13.99],[-111.09,14.15],[-110.98,14.59],[-110.87,14.64]],[[-119.98,13.58],[-119.72,13.64],[-119.75,13.35],[-119.93,13.34],[-119.98,13.58]],[[-110.5,13.37],[-110.3,13.53],[-110.09,13.21],[-110.14,13.09],[-110.4,13.1],[-110.5,13.37]],[[-107,12.94],[-106.45,12.96],[-106.41,12.86],[-106.87,12.79],[-107,12.94]],[[-110.52,12.93],[-110.25,12.65],[-110.23,12.43],[-110.45,12.44],[-110.42,12.7],[-110.52,12.93]],[[-107.23,11.58],[-107.25,11.36],[-107.55,11.34],[-107.46,11.6],[-107.23,11.58]],[[-115.13,10.73],[-114.56,10.38],[-114.77,10.27],[-115.13,10.51],[-115.13,10.73]],[[-108.94,9.84],[-108.95,9.99],[-109.4,10.2],[-109.58,10.13],[-110.21,10.18],[-110.35,10.3],[-110.57,10.32],[-110.84,10.45],[-111.27,10.47],[-111.32,10.69],[-110.11,10.54],[-109.82,10.41],[-109.64,10.47],[-109.64,10.69],[-108.91,10.66],[-108.5,10.42],[-108.08,10.49],[-107.71,10.41],[-107.38,10.18],[-107.39,9.91],[-107.71,10.13],[-108.26,10.15],[-108.51,9.99],[-108.54,9.82],[-108.94,9.84]],[[-107.12,9.96],[-107.2,10.12],[-107.03,10.22],[-106.87,10.13],[-106.62,10.11],[-106.54,9.98],[-107.12,9.96]],[[-104.95,10.03],[-104.37,10.36],[-104.11,10.22],[-103.92,10.25],[-103.86,9.96],[-103.58,10.02],[-103.56,9.89],[-104.02,9.52],[-103.92,9.41],[-103.94,9.15],[-104.06,8.81],[-103.75,8.64],[-103.42,8.69],[-103.36,8.54],[-102.86,8.55],[-102.72,8.35],[-102.69,8.13],[-102.44,8.23],[-102.31,8.02],[-102.6,7.78],[-102.37,7.64],[-102.62,7.41],[-102.51,6.53],[-102.35,6],[-102.38,5.58],[-102.32,5.44],[-102.29,4.92],[-102.46,5.09],[-102.55,5.52],[-102.48,5.64],[-102.7,6.77],[-102.8,6.96],[-102.84,7.38],[-102.96,7.9],[-103.47,7.9],[-103.36,8.09],[-103.8,8.24],[-103.9,8.16],[-104.38,8.16],[-104.41,8.29],[-104.73,8.36],[-104.6,8.64],[-104.63,8.85],[-104.55,9.13],[-104.82,9.15],[-104.8,9.68],[-105.02,9.8],[-104.95,10.03]],[[-87.68,10.28],[-87.72,10.44],[-88.19,10.6],[-88.25,10.8],[-88.42,10.74],[-88.51,10.94],[-88.25,11.04],[-87.96,11.02],[-87.32,10.47],[-87.17,10.45],[-87.21,10.11],[-87.31,10.09],[-87.68,10.28]],[[-101.78,8.03],[-101.76,7.9],[-102.05,7.78],[-102.08,7.91],[-101.78,8.03]],[[-104.59,5.66],[-104.82,6.15],[-104.52,6.12],[-104.17,5.83],[-104.59,5.66]],[[-110.25,6.16],[-110.45,6.37],[-110.4,6.52],[-110.19,6.54],[-110.25,6.16]],[[-110.83,9.2],[-111.09,9.15],[-111.32,9.39],[-111.19,9.53],[-110.96,9.43],[-110.76,9.46],[-110.83,9.2]],[[-111.25,10.08],[-111.62,10.04],[-111.68,10.2],[-111.26,10.3],[-111.25,10.08]],[[-98.57,4.08],[-98.55,4.28],[-98.1,4.43],[-98.18,4.19],[-98.57,4.08]],[[-99.03,3.31],[-98.55,3.34],[-99.05,3.05],[-99.03,3.31]],[[-98.74,2.89],[-98.78,2.72],[-99.07,2.86],[-98.92,3.05],[-98.74,2.89]],[[-100.9,2.62],[-100.83,2.45],[-101.16,2.33],[-101.67,2.33],[-101.63,2.47],[-100.9,2.62]],[[-101.2,2.05],[-101.05,2.18],[-100.76,2.21],[-100.47,2.11],[-100.53,1.89],[-100.99,2.06],[-101.2,2.05]],[[-101.66,1.47],[-101.58,1.63],[-101.23,1.76],[-101.16,1.61],[-101.42,1.46],[-100.99,1.36],[-101.01,1.2],[-101.3,1.23],[-101.47,1.13],[-101.66,1.23],[-101.66,1.41],[-101.97,1.19],[-102.09,1.32],[-101.66,1.47]],[[-96.15,1.43],[-95.97,1.64],[-95.57,1.53],[-95.68,1.2],[-96.09,1.18],[-96.15,1.43]],[[-96.8,1.35],[-96.76,1.07],[-96.92,1.08],[-97.07,1.29],[-96.8,1.35]],[[-94.29,0.96],[-94.13,0.87],[-93.87,0.85],[-93.94,0.62],[-94.28,0.78],[-94.29,0.96]],[[-93.87,0.63],[-93.63,0.68],[-93.57,0.54],[-93.75,0.4],[-93.87,0.63]],[[-134.98,0.37],[-134.55,0.08],[-134.57,-0.07],[-134.91,-0.01],[-135.12,0.18],[-134.98,0.37]],[[-97.72,1.04],[-97.71,1.25],[-97.38,1.14],[-97.41,1.04],[-97.72,1.04]],[[-88.19,-3.16],[-88.08,-3.43],[-88.32,-3.61],[-88.43,-3.34],[-88.19,-3.16]],[[-104.52,-4.56],[-104.7,-4.6],[-104.66,-4.1],[-104.57,-3.92],[-104.36,-3.79],[-104.03,-3.78],[-103.99,-3.88],[-104.3,-4.13],[-104.46,-4.05],[-104.52,-4.56]],[[-82.89,-4.91],[-82.97,-5.16],[-83.28,-5.3],[-83.46,-5.26],[-83.04,-4.96],[-82.89,-4.91]],[[-82.56,-5.54],[-82.5,-5.67],[-82.74,-5.84],[-82.82,-5.75],[-82.56,-5.54]],[[-106.48,-5.97],[-106.41,-6.15],[-106.48,-6.39],[-107.16,-6.33],[-107.33,-6.21],[-107.49,-6.83],[-107.71,-7.39],[-107.76,-7.94],[-107.98,-8.57],[-107.96,-8.86],[-108.04,-9.07],[-108.48,-9.17],[-108.7,-9.09],[-108.96,-8.86],[-108.95,-8.61],[-108.62,-8.53],[-108.52,-8.41],[-108.11,-8.53],[-107.91,-7.76],[-107.74,-6.95],[-107.59,-6.72],[-107.5,-6.37],[-107.54,-6.11],[-107.26,-6],[-106.82,-5.71],[-106.69,-5.36],[-106.66,-5.04],[-106.46,-4.8],[-106.35,-4.4],[-106.23,-4.55],[-106.27,-4.88],[-106.18,-5.07],[-106.49,-5.5],[-106.75,-6.1],[-106.48,-5.97]],[[-97.04,-8.25],[-96.94,-8.09],[-96.74,-8.15],[-96.86,-8.4],[-97.04,-8.25]],[[-95.42,-8.95],[-95.07,-9],[-95.17,-9.16],[-95.42,-8.95]],[[-109.18,-9.18],[-109.34,-9.26],[-109.45,-9.55],[-109.66,-9.69],[-109.89,-9.65],[-109.78,-10.22],[-110.04,-10.3],[-110.13,-10.61],[-110.37,-11.07],[-110.21,-11.25],[-109.93,-11.23],[-109.85,-11.39],[-110.1,-11.61],[-110.49,-11.64],[-110.62,-11.93],[-110.27,-12.12],[-110.32,-12.32],[-110.54,-12.52],[-110.6,-12.83],[-110.81,-12.99],[-110.76,-13.2],[-110.88,-13.38],[-110.87,-13.61],[-111.09,-13.57],[-111.31,-13.7],[-111.64,-13.66],[-111.88,-13.72],[-112.1,-13.63],[-112.17,-13.47],[-111.9,-13.42],[-111.24,-13.49],[-111.06,-13.31],[-111.12,-13.03],[-110.95,-12.55],[-110.93,-12.26],[-111.12,-11.99],[-110.84,-11.84],[-110.62,-11.27],[-110.79,-11.19],[-110.75,-10.92],[-110.54,-10.95],[-110.45,-10.76],[-110.44,-10.5],[-110.76,-9.97],[-110.77,-9.8],[-110.5,-9.77],[-110.23,-9.88],[-110.18,-9.67],[-110.57,-9.6],[-110.64,-9.24],[-110.38,-9.24],[-110.32,-9.04],[-109.97,-9.01],[-109.95,-8.87],[-109.72,-8.77],[-109.4,-8.88],[-109.07,-8.79],[-108.98,-9.14],[-109.18,-9.18]],[[-108.72,-9.96],[-109.18,-10.15],[-109.28,-9.94],[-108.77,-9.82],[-108.72,-9.96]],[[-94.62,-10.17],[-94.42,-10.12],[-94.37,-10.33],[-94.8,-11.04],[-94.92,-11.39],[-95.05,-11.24],[-95,-11.06],[-94.62,-10.17]],[[-109.93,-10.43],[-109.32,-10.63],[-109.56,-10.7],[-109.92,-10.66],[-109.93,-10.43]],[[-113.85,-16.39],[-113.54,-16.44],[-113.27,-16.32],[-113.06,-16.11],[-112.99,-15.43],[-112.85,-15.05],[-113.23,-14.98],[-113.26,-14.71],[-113,-14.75],[-112.82,-14.96],[-112.68,-14.57],[-112.66,-14.16],[-112.85,-14.26],[-112.97,-14.46],[-113.1,-13.99],[-113.4,-14.32],[-113.73,-14.33],[-113.9,-14.12],[-114.48,-13.87],[-114.7,-13.86],[-115.1,-13.7],[-115.68,-13.66],[-115.92,-13.51],[-116.3,-13.46],[-116.5,-13.37],[-116.93,-13.32],[-117.02,-13.16],[-116.64,-13.15],[-116.1,-13.26],[-115.51,-13.46],[-115.16,-13.51],[-114.93,-13.36],[-114.43,-13.48],[-114.36,-13.39],[-114.07,-13.42],[-114.01,-13.57],[-113.28,-13.66],[-113.23,-13.44],[-113.06,-13.43],[-112.78,-13.57],[-112.58,-13.76],[-112.45,-13.54],[-112.49,-13.41],[-112.83,-13.27],[-112.78,-13.12],[-112.51,-13.23],[-111.92,-13.19],[-111.74,-13.08],[-111.22,-13.27],[-111.28,-13.44],[-111.7,-13.37],[-112.25,-13.39],[-112.27,-13.61],[-112.15,-13.87],[-112.28,-14.03],[-112.38,-14.39],[-112.68,-15.11],[-112.65,-15.65],[-112.84,-16.07],[-112.68,-16.29],[-112.91,-16.41],[-112.95,-16.57],[-112.88,-16.93],[-112.95,-17.38],[-112.79,-17.5],[-112.85,-17.71],[-112.98,-17.74],[-113.19,-18.15],[-113.29,-18.86],[-113.39,-18.99],[-113.47,-19.6],[-113.63,-19.54],[-113.57,-19.32],[-113.54,-18.86],[-113.61,-18.69],[-113.49,-18.48],[-113.67,-18.3],[-113.7,-17.88],[-113.86,-17.76],[-114.11,-17.78],[-114.17,-17.42],[-113.71,-17.45],[-113.42,-17.57],[-113.43,-17.35],[-113.32,-17.11],[-113.6,-16.81],[-113.48,-16.7],[-113.89,-16.52],[-113.85,-16.39]],[[-124.98,-16.41],[-125.02,-16.53],[-125.53,-16.47],[-125.39,-16.34],[-124.98,-16.41]],[[-122.4,-16.52],[-121.92,-16.66],[-122.07,-16.77],[-122.4,-16.64],[-122.4,-16.52]],[[-120.6,-16.77],[-120.48,-16.66],[-120,-16.82],[-119.85,-16.98],[-120.6,-16.77]],[[-113.82,-16.89],[-113.65,-17.29],[-113.89,-17.24],[-113.82,-16.89]],[[-114.54,-17.54],[-114.58,-17.64],[-114.9,-17.66],[-114.97,-17.52],[-114.56,-17.36],[-114.54,-17.54]],[[-115.32,-17.64],[-115.51,-17.73],[-115.88,-17.63],[-115.82,-17.41],[-115.32,-17.64]],[[-115.25,-18.2],[-115,-18.14],[-114.67,-18.19],[-114.39,-18.36],[-115.21,-18.29],[-115.25,-18.2]],[[-114.98,-18.54],[-114.85,-18.47],[-114.28,-18.51],[-114.27,-18.69],[-114.61,-18.69],[-114.98,-18.54]],[[-114.11,-18.56],[-113.81,-18.56],[-113.86,-18.73],[-114.12,-18.7],[-114.11,-18.56]],[[-115.32,-18.9],[-115.37,-19.01],[-115.73,-18.98],[-115.98,-18.83],[-115.8,-18.73],[-115.32,-18.9]],[[-124.09,-18.3],[-124.42,-18.21],[-124.19,-18.03],[-124.09,-18.3]],[[-118.82,-17.23],[-118.99,-17.14],[-119.33,-17.11],[-119.23,-16.9],[-119.06,-16.99],[-118.73,-17.02],[-118.82,-17.23]],[[-114.34,-17.07],[-113.97,-17.1],[-114.12,-17.3],[-114.38,-17.19],[-114.34,-17.07]],[[-116.73,-17.34],[-116.96,-17.45],[-117.22,-17.33],[-116.82,-17.2],[-116.73,-17.34]],[[-114.62,-16.1],[-114.49,-15.96],[-114.28,-16.16],[-114.45,-16.27],[-114.62,-16.1]],[[-113.12,-15.32],[-113.03,-15.5],[-113.5,-15.49],[-113.55,-15.37],[-113.12,-15.32]],[[-117.27,-15.52],[-117.56,-15.51],[-117.49,-15.34],[-116.93,-15.29],[-116.92,-15.46],[-117.27,-15.52]],[[-116.85,-15.28],[-116.84,-15.14],[-116.5,-15.07],[-116.52,-15.28],[-116.85,-15.28]],[[-115.14,-14.65],[-115.67,-14.54],[-115.64,-14.42],[-115.13,-14.48],[-115.14,-14.65]],[[-113.66,-13.15],[-113.31,-13.39],[-113.42,-13.62],[-113.58,-13.49],[-113.83,-13.48],[-113.66,-13.15]],[[-117.3,-13.05],[-117.75,-13.03],[-117.92,-12.8],[-117.75,-12.73],[-117.26,-12.91],[-117.3,-13.05]],[[-121.54,-12.75],[-121.64,-12.84],[-122.01,-12.77],[-122.04,-12.65],[-121.64,-12.66],[-121.54,-12.75]],[[-116.69,-12.58],[-116.79,-12.6],[-117.07,-12.37],[-116.96,-12.29],[-116.69,-12.58]],[[-111.3,-11.35],[-110.95,-11.19],[-110.94,-11.72],[-111.14,-11.77],[-111.3,-11.35]],[[-123.17,-10.4],[-123.25,-10.53],[-123.48,-10.4],[-123.39,-10.18],[-123.17,-10.4]],[[-112.04,-11.81],[-111.53,-11.86],[-111.34,-11.95],[-111.26,-12.12],[-111.43,-12.33],[-111.61,-12.27],[-111.62,-12.03],[-112.08,-11.92],[-112.04,-11.81]],[[-113.72,-12.69],[-113.46,-12.71],[-113.53,-12.95],[-113.69,-12.91],[-113.72,-12.69]],[[-96.25,-14],[-96.46,-14.23],[-96.53,-14.03],[-96.25,-14]],[[-100.62,-14.34],[-101.04,-14.61],[-101.1,-14.46],[-100.86,-14.29],[-100.62,-14.34]],[[-100.84,-14.62],[-100.8,-14.76],[-100.97,-14.92],[-101.08,-14.81],[-100.84,-14.62]],[[-97.5,-14.77],[-97.26,-14.68],[-97.41,-15.14],[-97.61,-15.27],[-97.65,-14.99],[-97.5,-14.77]],[[-98.91,-15.37],[-98.83,-15.58],[-99.01,-15.74],[-99.14,-15.48],[-99.12,-15.24],[-98.87,-15.1],[-98.91,-15.37]],[[-100.08,-15.73],[-99.72,-15.88],[-99.74,-15.98],[-100.16,-16.04],[-100.24,-15.79],[-100.08,-15.73]],[[-103.62,-16.35],[-103.55,-16.55],[-103.86,-16.6],[-103.87,-16.42],[-103.62,-16.35]],[[-101.96,-16.5],[-101.94,-16.7],[-102.17,-16.69],[-102.19,-16.51],[-101.96,-16.5]],[[-104.06,-16.61],[-104.07,-16.77],[-104.83,-16.9],[-105.16,-16.8],[-105.48,-16.76],[-105.9,-16.86],[-105.92,-16.72],[-105.43,-16.63],[-104.9,-16.66],[-104.59,-16.56],[-104.24,-16.53],[-104.06,-16.61]],[[-98.15,-14.99],[-98.54,-14.96],[-98.48,-14.78],[-98.2,-14.87],[-98.15,-14.99]],[[-106.97,-4.93],[-106.87,-5.09],[-107.27,-5.07],[-107.34,-4.91],[-106.97,-4.93]],[[-103.66,-5.18],[-103.58,-5.01],[-103.32,-5.06],[-103.39,-5.21],[-103.66,-5.18]],[[-103.68,-3.77],[-102.84,-3.77],[-102.78,-4],[-103.12,-3.97],[-103.28,-4.05],[-103.66,-3.94],[-103.68,-3.77]],[[-102.93,12.94],[-103.07,13.11],[-102.66,13.3],[-102.69,13.1],[-102.93,12.94]],[[-102.56,13.24],[-102.61,13.4],[-102.47,13.51],[-102.34,13.31],[-102.56,13.24]],[[-104.07,15.54],[-104.2,15.41],[-104.42,15.4],[-104.48,15.57],[-104.11,15.66],[-104.07,15.54]]]},"properties":{"scalerank":0,"featurecla":"Bathymetry","depth":3000}},
{"type":"Feature","geometry":{"type":"Polygon","coordinates":[[[-57.93,88.87],[-58.08,88.92],[-63.38,88.9],[-57.93,88.87]]]},"properties":{"scalerank":0,"featurecla":"Bathymetry","depth":3000}},
{"type":"Feature","geometry":{"type":"Polygon","coordinates":[[[-99.56,87.55],[-99.57,87.62],[-100.37,87.6],[-100.44,87.55],[-99.56,87.55]]]},"properties":{"scalerank":0,"featurecla":"Bathymetry","depth":3000}},
{"type":"Feature","geometry":{"type":"Polygon","coordinates":[[[-45.58,85.65],[-46.46,85.62],[-45.56,85.56],[-45.58,85.65]]]},"properties":{"scalerank":0,"featurecla":"Bathymetry","depth":3000}},
{"type":"Feature","geometry":{"type":"Polygon","coordinates":[[[-22.23,84.11],[-23.16,84.05],[-22.8,84],[-22.23,84.11]]]},"properties":{"scalerank":0,"featurecla":"Bathymetry","depth":3000}},
{"type":"Feature","geometry":{"type":"Polygon","coordinates":[[[-1.58,83.8],[-3.92,83.79],[-2.38,83.66],[-1.58,83.8]]]},"properties":{"scalerank":0,"featurecla":"Bathymetry","depth":3000}},
{"type":"Feature","geometry":{"type":"Polygon","coordinates":[[[-0.55,81.02],[-0.7,80.96],[-0.32,80.99],[-0.55,81.02]]]},"properties":{"scalerank":0,"featurecla":"Bathymetry","depth":3000}},
{"type":"Feature","geometry":{"type":"Polygon","coordinates":[[[-119.12,80.88],[-119.2,80.67],[-118.66,80.81],[-119.12,80.88]]]},"properties":{"scalerank":0,"featurecla":"Bathymetry","depth":3000}},
{"type":"Feature","geometry":{"type":"Polygon","coordinates":[[[0.95,80.56],[1,80.62],[0.31,80.78],[0.32,80.67],[0.69,80.55],[0.95,80.56]]]},"properties":{"scalerank":0,"featurecla":"Bathymetry","depth":3000}},
{"type":"Feature","geometry":{"type":"Polygon","coordinates":[[[0.55,80.16],[1.88,79.84],[2.83,79.72],[2.88,79.49],[1.53,79.3],[1.51,79.58],[0.55,79.54],[0.51,79.35],[2.2,79.14],[3.59,79.05],[3.69,79.24],[4.64,79.65],[1.18,80.04],[0.55,80.16]]]},"properties":{"scalerank":0,"featurecla":"Bathymetry","depth":3000}},
{"type":"Feature","geometry":{"type":"Polygon","coordinates":[[[-123.77,79.82],[-124.03,79.66],[-123.67,79.63],[-123.37,79.75],[-123.77,79.82]]]},"properties":{"scalerank":0,"featurecla":"Bathymetry","depth":3000}},
{"type":"Feature","geometry":{"type":"Polygon","coordinates":[[[-0.47,79.57],[-0.99,79.5],[-0.33,79.34],[-0.47,79.57]]]},"properties":{"scalerank":0,"featurecla":"Bathymetry","depth":3000}},
{"type":"Feature","geometry":{"type":"Polygon","coordinates":[[[-0.96,78.58],[-1.25,78.67],[-1.31,78.54],[-0.36,78.57],[-0.68,78.63],[-0.96,78.58]]]},"properties":{"scalerank":0,"featurecla":"Bathymetry","depth":3000}},
{"type":"Feature","geometry":{"type":"Polygon","coordinates":[[[6.86,78.51],[7.4,77.93],[7.89,77.88],[7.36,78.46],[6.86,78.51]]]},"properties":{"scalerank":0,"featurecla":"Bathymetry","depth":3000}},
{"type":"Feature","geometry":{"type":"Polygon","coordinates":[[[-159.31,78.24],[-159.55,78.21],[-159.4,78.17],[-159.15,78.22],[-159.31,78.24]]]},"properties":{"scalerank":0,"featurecla":"Bathymetry","depth":3000}},
{"type":"Feature","geometry":{"type":"Polygon","coordinates":[[[-3.55,77.42],[-3.6,77.53],[-3.94,77.52],[-3.55,77.42]]]},"properties":{"scalerank":0,"featurecla":"Bathymetry","depth":3000}},
{"type":"Feature","geometry":{"type":"Polygon","coordinates":[[[8.18,75.12],[7.66,75.65],[7.02,75.84],[7.74,75.2],[8.18,75.12]]]},"properties":{"scalerank":0,"featurecla":"Bathymetry","depth":3000}},
{"type":"Feature","geometry":{"type":"Polygon","coordinates":[[[1.35,75.58],[1.34,75.53],[1.64,75.46],[1.71,75.49],[1.35,75.58]]]},"properties":{"scalerank":0,"featurecla":"Bathymetry","depth":3000}},
{"type":"Feature","geometry":{"type":"Polygon","coordinates":[[[8.66,74.67],[8.43,74.66],[8.42,74.52],[8.71,74.51],[8.66,74.67]]]},"properties":{"scalerank":0,"featurecla":"Bathymetry","depth":3000}},
{"type":"Feature","geometry":{"type":"Polygon","coordinates":[[[1.07,73.64],[0.93,73.7],[0.58,73.63],[0.93,73.53],[1.07,73.64]]]},"properties":{"scalerank":0,"featurecla":"Bathymetry","depth":3000}},
{"type":"Feature","geometry":{"type":"Polygon","coordinates":[[[-9.76,73.54],[-9.61,73.64],[-9.85,73.65],[-9.96,73.58],[-9.76,73.54]]]},"properties":{"scalerank":0,"featurecla":"Bathymetry","depth":3000}},
{"type":"Feature","geometry":{"type":"Polygon","coordinates":[[[-1.01,73.44],[-0.98,73.3],[0.15,73.27],[-0.45,73.44],[-1.01,73.44]]]},"properties":{"scalerank":0,"featurecla":"Bathymetry","depth":3000}},
{"type":"Feature","geometry":{"type":"Polygon","coordinates":[[[-3.08,73.38],[-3.1,73.32],[-2.52,73.32],[-2.8,73.41],[-3.08,73.38]]]},"properties":{"scalerank":0,"featurecla":"Bathymetry","depth":3000}},
{"type":"Feature","geometry":{"type":"Polygon","coordinates":[[[1.08,73.15],[0.65,73.14],[0.83,73.06],[1.08,73.15]]]},"properties":{"scalerank":0,"featurecla":"Bathymetry","depth":3000}},
{"type":"Feature","geometry":{"type":"Polygon","coordinates":[[[-9,73.3],[-9.81,73.24],[-9.36,73.18],[-9,73.3]]]},"properties":{"scalerank":0,"featurecla":"Bathymetry","depth":3000}},
{"type":"Feature","geometry":{"type":"Polygon","coordinates":[[[-2.03,73.08],[-3.43,73.1],[-3.25,73.01],[-2.03,73.08]]]},"properties":{"scalerank":0,"featurecla":"Bathymetry","depth":3000}},
{"type":"Feature","geometry":{"type":"Polygon","coordinates":[[[-0.65,72.74],[-0.78,72.87],[-0.97,72.85],[-0.65,72.74]]]},"properties":{"scalerank":0,"featurecla":"Bathymetry","depth":3000}},
{"type":"Feature","geometry":{"type":"Polygon","coordinates":[[[5.26,71.93],[4.95,71.93],[4.96,71.88],[5.2,71.89],[5.26,71.93]]]},"properties":{"scalerank":0,"featurecla":"Bathymetry","depth":3000}},
{"type":"Feature","geometry":{"type":"Polygon","coordinates":[[[-2.17,70.94],[-2.23,70.61],[-1.59,70.93],[-2.17,70.94]]]},"properties":{"scalerank":0,"featurecla":"Bathymetry","depth":3000}},
{"type":"Feature","geometry":{"type":"Polygon","coordinates":[[[-3.64,70.52],[-3.55,70.49],[-2.83,70.47],[-2.64,70.54],[-2.7,70.59],[-3,70.52],[-3.64,70.52]]]},"properties":{"scalerank":0,"featurecla":"Bathymetry","depth":3000}},
{"type":"Feature","geometry":{"type":"Polygon","coordinates":[[[-32.23,63.14],[-32.58,63.08],[-32.64,62.92],[-32.27,62.97],[-32.23,63.14]]]},"properties":{"scalerank":0,"featurecla":"Bathymetry","depth":3000}},
{"type":"Feature","geometry":{"type":"Polygon","coordinates":[[[-33.36,61.8],[-33.43,61.75],[-33.82,61.75],[-33.7,61.66],[-33.6,61.71],[-33.31,61.69],[-33.21,61.75],[-33.36,61.8]]]},"properties":{"scalerank":0,"featurecla":"Bathymetry","depth":3000}},
{"type":"Feature","geometry":{"type":"Polygon","coordinates":[[[-34.17,61.51],[-34.51,61.5],[-34.3,61.34],[-34.17,61.51]]]},"properties":{"scalerank":0,"featurecla":"Bathymetry","depth":3000}},
{"type":"Feature","geometry":{"type":"Polygon","coordinates":[[[-33.98,61.14],[-34.25,61.2],[-34.3,61.1],[-33.98,61.14]]]},"properties":{"scalerank":0,"featurecla":"Bathymetry","depth":3000}},
{"type":"Feature","geometry":{"type":"Polygon","coordinates":[[[-34.61,60.74],[-34.67,60.87],[-35,60.85],[-35.32,60.73],[-34.61,60.74]]]},"properties":{"scalerank":0,"featurecla":"Bathymetry","depth":3000}},
{"type":"Feature","geometry":{"type":"Polygon","coordinates":[[[-33.94,60.79],[-34.33,60.82],[-34.35,60.75],[-34.17,60.75],[-33.94,60.79]]]},"properties":{"scalerank":0,"featurecla":"Bathymetry","depth":3000}},
{"type":"Feature","geometry":{"type":"Polygon","coordinates":[[[169.41,59.7],[169.24,59.84],[169.06,59.69],[169.41,59.7]]]},"properties":{"scalerank":0,"featurecla":"Bathymetry","depth":3000}},
{"type":"Feature","geometry":{"type":"Polygon","coordinates":[[[-23.44,57.86],[-23.59,57.84],[-23.5,57.75],[-23.39,57.77],[-23.44,57.86]]]},"properties":{"scalerank":0,"featurecla":"Bathymetry","depth":3000}},
{"type":"Feature","geometry":{"type":"Polygon","coordinates":[[[-29.12,56.53],[-29.38,56.55],[-29.5,56.47],[-29.12,56.53]]]},"properties":{"scalerank":0,"featurecla":"Bathymetry","depth":3000}},
{"type":"Feature","geometry":{"type":"Polygon","coordinates":[[[-30.17,55.27],[-30.28,55.25],[-30.28,55.13],[-30.12,55.06],[-30.17,55.27]]]},"properties":{"scalerank":0,"featurecla":"Bathymetry","depth":3000}},
{"type":"Feature","geometry":{"type":"Polygon","coordinates":[[[-23.38,55.15],[-23.16,55.15],[-23.02,55.26],[-23.67,55.17],[-23.65,55.11],[-23.38,55.15]]]},"properties":{"scalerank":0,"featurecla":"Bathymetry","depth":3000}},
{"type":"Feature","geometry":{"type":"Polygon","coordinates":[[[-38.07,54.63],[-37.85,54.53],[-37.73,54.65],[-38.07,54.63]]]},"properties":{"scalerank":0,"featurecla":"Bathymetry","depth":3000}},
{"type":"Feature","geometry":{"type":"Polygon","coordinates":[[[-12.26,54.55],[-12.22,54.44],[-12.03,54.55],[-12.08,54.61],[-12.26,54.55]]]},"properties":{"scalerank":0,"featurecla":"Bathymetry","depth":3000}},
{"type":"Feature","geometry":{"type":"Polygon","coordinates":[[[-37.45,54.58],[-37.44,54.5],[-37.11,54.47],[-37.13,54.55],[-37.27,54.53],[-37.45,54.58]]]},"properties":{"scalerank":0,"featurecla":"Bathymetry","depth":3000}},
{"type":"Feature","geometry":{"type":"Polygon","coordinates":[[[-31.33,54.34],[-31.34,54.48],[-31.47,54.4],[-31.33,54.34]]]},"properties":{"scalerank":0,"featurecla":"Bathymetry","depth":3000}},
{"type":"Feature","geometry":{"type":"Polygon","coordinates":[[[-13.98,54.23],[-13.88,54.32],[-14.04,54.34],[-13.98,54.23]]]},"properties":{"scalerank":0,"featurecla":"Bathymetry","depth":3000}},
{"type":"Feature","geometry":{"type":"Polygon","coordinates":[[[-13.72,54.29],[-13.77,54.24],[-13.56,54.2],[-13.56,54.26],[-13.72,54.29]]]},"properties":{"scalerank":0,"featurecla":"Bathymetry","depth":3000}},
{"type":"Feature","geometry":{"type":"Polygon","coordinates":[[[-37.78,53.57],[-37.94,53.7],[-38.1,53.58],[-37.8,53.46],[-37.78,53.57]]]},"properties":{"scalerank":0,"featurecla":"Bathymetry","depth":3000}},
{"type":"Feature","geometry":{"type":"Polygon","coordinates":[[[-36.79,53.16],[-36.6,53.29],[-36.87,53.33],[-36.79,53.16]]]},"properties":{"scalerank":0,"featurecla":"Bathymetry","depth":3000}},
{"type":"Feature","geometry":{"type":"Polygon","coordinates":[[[144.63,46.66],[144.63,46.7],[144.45,46.81],[144.43,46.72],[144.63,46.66]]]},"properties":{"scalerank":0,"featurecla":"Bathymetry","depth":3000}},
{"type":"Feature","geometry":{"type":"Polygon","coordinates":[[[139.41,43.19],[139.49,43.39],[139.39,43.45],[139.35,43.28],[139.41,43.19]]]},"properties":{"scalerank":0,"featurecla":"Bathymetry","depth":3000}},
{"type":"Feature","geometry":{"type":"Polygon","coordinates":[[[139.66,42.71],[139.7,43.09],[139.5,43.04],[139.49,42.84],[139.66,42.71]]]},"properties":{"scalerank":0,"featurecla":"Bathymetry","depth":3000}},
{"type":"Feature","geometry":{"type":"Polygon","coordinates":[[[-127.06,41.96],[-127.24,41.93],[-127.25,41.84],[-127.08,41.82],[-127.06,41.96]]]},"properties":{"scalerank":0,"featurecla":"Bathymetry","depth":3000}},
{"type":"Feature","geometry":{"type":"Polygon","coordinates":[[[-126.52,42.1],[-126.76,41.98],[-126.53,41.84],[-126.15,41.95],[-126.52,42.1]]]},"properties":{"scalerank":0,"featurecla":"Bathymetry","depth":3000}},
{"type":"Feature","geometry":{"type":"Polygon","coordinates":[[[-125.98,41.93],[-126.12,41.9],[-126.09,41.77],[-126.22,41.74],[-126.14,41.67],[-126.02,41.73],[-126.02,41.83],[-125.98,41.93]]]},"properties":{"scalerank":0,"featurecla":"Bathymetry","depth":3000}},
{"type":"Feature","geometry":{"type":"Polygon","coordinates":[[[132.46,39.47],[132.47,39.64],[132.34,39.68],[132.46,39.47]]]},"properties":{"scalerank":0,"featurecla":"Bathymetry","depth":3000}},
{"type":"Feature","geometry":{"type":"Polygon","coordinates":[[[135.02,38.71],[134.87,38.63],[134.97,38.51],[135.11,38.53],[135.02,38.71]]]},"properties":{"scalerank":0,"featurecla":"Bathymetry","depth":3000}},
{"type":"Feature","geometry":{"type":"Polygon","coordinates":[[[134.93,37.91],[134.81,38.05],[134.76,37.96],[134.93,37.91]]]},"properties":{"scalerank":0,"featurecla":"Bathymetry","depth":3000}},
{"type":"Feature","geometry":{"type":"Polygon","coordinates":[[[28.85,35.55],[29.22,35.66],[29.03,36.04],[28.62,36.36],[28.29,35.91],[28.25,35.63],[28.68,35.27],[29.03,35.19],[29.29,35.24],[29.14,35.46],[28.85,35.55]]]},"properties":{"scalerank":0,"featurecla":"Bathymetry","depth":3000}},
{"type":"Feature","geometry":{"type":"Polygon","coordinates":[[[26.6,34.73],[26.23,34.69],[25.9,34.37],[26.52,34.32],[26.6,34.73]]]},"properties":{"scalerank":0,"featurecla":"Bathymetry","depth":3000}},
{"type":"Feature","geometry":{"type":"Polygon","coordinates":[[[25.55,34.3],[25.43,34.29],[25.41,34.17],[25.55,34.22],[25.55,34.3]]]},"properties":{"scalerank":0,"featurecla":"Bathymetry","depth":3000}},
{"type":"Feature","geometry":{"type":"Polygon","coordinates":[[[29.58,33.84],[29.13,33.62],[28.9,33.79],[28.62,33.56],[28.29,33.53],[27.89,33.24],[27.62,33.18],[27.36,32.83],[26.9,32.67],[26.62,32.65],[26.42,32.43],[25.68,32.36],[25.8,32.23],[26.35,32.06],[26.94,31.96],[27.62,32.02],[27.88,32.08],[28.25,32.32],[28.06,32.55],[28.58,32.82],[28.56,33.07],[28.71,33.33],[29.31,33.39],[29.52,33.53],[29.58,33.84]]]},"properties":{"scalerank":0,"featurecla":"Bathymetry","depth":3000}},
{"type":"Feature","geometry":{"type":"Polygon","coordinates":[[[140.6,27.72],[140.76,27.84],[140.58,27.99],[140.54,27.81],[140.6,27.72]]]},"properties":{"scalerank":0,"featurecla":"Bathymetry","depth":3000}},
{"type":"Feature","geometry":{"type":"Polygon","coordinates":[[[64.59,24.17],[64.87,24.31],[64.78,24.44],[64.49,24.39],[64.03,24.1],[64.36,24.01],[64.59,24.17]]]},"properties":{"scalerank":0,"featurecla":"Bathymetry","depth":3000}},
{"type":"Feature","geometry":{"type":"Polygon","coordinates":[[[64.44,23.25],[64.22,23.44],[64.01,23.29],[64.3,23.14],[64.44,23.25]]]},"properties":{"scalerank":0,"featurecla":"Bathymetry","depth":3000}},
{"type":"Feature","geometry":{"type":"Polygon","coordinates":[[[142.65,22.29],[142.66,22.42],[142.56,22.39],[142.65,22.29]]]},"properties":{"scalerank":0,"featurecla":"Bathymetry","depth":3000}},
{"type":"Feature","geometry":{"type":"Polygon","coordinates":[[[121.27,19.9],[121.42,20.01],[121.49,20.3],[121.37,20.42],[121.49,20.81],[121.27,21.26],[121.19,21],[121.15,20.4],[121.27,19.9]]]},"properties":{"scalerank":0,"featurecla":"Bathymetry","depth":3000}},
{"type":"Feature","geometry":{"type":"Polygon","coordinates":[[[146,20.26],[145.88,20.23],[146.03,20.14],[146,20.26]]]},"properties":{"scalerank":0,"featurecla":"Bathymetry","depth":3000}},
{"type":"Feature","geometry":{"type":"Polygon","coordinates":[[[-81.2,20.04],[-81.58,19.95],[-81.51,19.83],[-81.34,19.85],[-81.2,20.04]]]},"properties":{"scalerank":0,"featurecla":"Bathymetry","depth":3000}},
{"type":"Feature","geometry":{"type":"Polygon","coordinates":[[[120.93,19.27],[120.86,19.31],[120.57,19.05],[120.55,18.94],[120.14,18.58],[120.11,18.45],[119.92,18.28],[119.98,18.07],[120.18,18.45],[120.42,18.75],[120.69,18.9],[120.72,19.13],[120.96,19.06],[120.93,19.27]]]},"properties":{"scalerank":0,"featurecla":"Bathymetry","depth":3000}},
{"type":"Feature","geometry":{"type":"Polygon","coordinates":[[[-171.27,18.82],[-171.05,18.98],[-171.19,19.07],[-171.32,18.97],[-171.27,18.82]]]},"properties":{"scalerank":0,"featurecla":"Bathymetry","depth":3000}},
{"type":"Feature","geometry":{"type":"Polygon","coordinates":[[[-73.68,18.8],[-73.82,19],[-73.97,18.79],[-73.68,18.8]]]},"properties":{"scalerank":0,"featurecla":"Bathymetry","depth":3000}},
{"type":"Feature","geometry":{"type":"Polygon","coordinates":[[[-105.31,18.01],[-105.39,17.94],[-105.61,17.98],[-105.58,17.81],[-105.32,17.79],[-105.31,18.01]]]},"properties":{"scalerank":0,"featurecla":"Bathymetry","depth":3000}},
{"type":"Feature","geometry":{"type":"Polygon","coordinates":[[[-64.74,17.91],[-64.76,18.06],[-65.21,18],[-65,17.86],[-64.74,17.91]]]},"properties":{"scalerank":0,"featurecla":"Bathymetry","depth":3000}},
{"type":"Feature","geometry":{"type":"Polygon","coordinates":[[[-104.85,15.42],[-104.92,15.48],[-105,15.4],[-104.87,15.33],[-104.85,15.42]]]},"properties":{"scalerank":0,"featurecla":"Bathymetry","depth":3000}},
{"type":"Feature","geometry":{"type":"Polygon","coordinates":[[[112.37,14.5],[112.57,14.56],[112.55,14.71],[112.42,14.63],[112.37,14.5]]]},"properties":{"scalerank":0,"featurecla":"Bathymetry","depth":3000}},
{"type":"Feature","geometry":{"type":"Polygon","coordinates":[[[56.72,14.28],[56.51,14.48],[56.43,14.33],[56.72,14.28]]]},"properties":{"scalerank":0,"featurecla":"Bathymetry","depth":3000}},
{"type":"Feature","geometry":{"type":"Polygon","coordinates":[[[53.76,14.19],[53.86,14.35],[53.66,14.37],[53.76,14.19]]]},"properties":{"scalerank":0,"featurecla":"Bathymetry","depth":3000}},
{"type":"Feature","geometry":{"type":"Polygon","coordinates":[[[54.88,14.23],[54.52,13.98],[54.75,13.91],[54.88,14.23]]]},"properties":{"scalerank":0,"featurecla":"Bathymetry","depth":3000}},
{"type":"Feature","geometry":{"type":"Polygon","coordinates":[[[-62.35,13.51],[-62.44,13.64],[-62.57,13.58],[-62.52,13.44],[-62.35,13.51]]]},"properties":{"scalerank":0,"featurecla":"Bathymetry","depth":3000}},
{"type":"Feature","geometry":{"type":"Polygon","coordinates":[[[-108.68,10.2],[-108.79,10.3],[-109.01,10.32],[-108.89,10.13],[-108.68,10.2]]]},"properties":{"scalerank":0,"featurecla":"Bathymetry","depth":3000}},
{"type":"Feature","geometry":{"type":"Polygon","coordinates":[[[-104.64,9.91],[-104.77,9.8],[-104.62,9.77],[-104.64,9.91]]]},"properties":{"scalerank":0,"featurecla":"Bathymetry","depth":3000}},
{"type":"Feature","geometry":{"type":"Polygon","coordinates":[[[-85.31,9.17],[-85.26,8.92],[-85.06,8.95],[-84.96,8.82],[-84.82,8.9],[-85.31,9.17]]]},"properties":{"scalerank":0,"featurecla":"Bathymetry","depth":3000}},
{"type":"Feature","geometry":{"type":"Polygon","coordinates":[[[-82.42,7.1],[-82.4,7.28],[-82.8,7.32],[-82.73,7.09],[-82.55,6.97],[-82.42,7.1]]]},"properties":{"scalerank":0,"featurecla":"Bathymetry","depth":3000}},
{"type":"Feature","geometry":{"type":"Polygon","coordinates":[[[148.73,6.96],[148.69,7.12],[148.58,7.2],[148.51,7.15],[148.73,6.96]]]},"properties":{"scalerank":0,"featurecla":"Bathymetry","depth":3000}},
{"type":"Feature","geometry":{"type":"Polygon","coordinates":[[[60.96,6.02],[60.94,6.22],[60.55,6.38],[60.24,6.88],[60.18,6.69],[60.32,6.63],[60.4,6.35],[60.6,6.34],[60.96,6.02]]]},"properties":{"scalerank":0,"featurecla":"Bathymetry","depth":3000}},
{"type":"Feature","geometry":{"type":"Polygon","coordinates":[[[157.28,6.11],[157.22,6.23],[157.11,6.18],[157.23,6.09],[157.28,6.11]]]},"properties":{"scalerank":0,"featurecla":"Bathymetry","depth":3000}},
{"type":"Feature","geometry":{"type":"Polygon","coordinates":[[[-82.55,6.01],[-82.5,6.11],[-82.61,6.12],[-82.65,6.05],[-82.55,6.01]]]},"properties":{"scalerank":0,"featurecla":"Bathymetry","depth":3000}},
{"type":"Feature","geometry":{"type":"Polygon","coordinates":[[[126.23,5.29],[126.13,5.48],[126.12,5.83],[125.99,5.9],[125.8,5.8],[125.85,5.49],[126.01,5.34],[126.14,5.02],[126.14,4.8],[126.26,4.39],[126.19,3.72],[126.29,3.62],[126.47,3.92],[126.41,4.1],[126.42,4.4],[126.6,4.63],[126.6,5.09],[126.41,5.5],[126.23,5.29]]]},"properties":{"scalerank":0,"featurecla":"Bathymetry","depth":3000}},
{"type":"Feature","geometry":{"type":"Polygon","coordinates":[[[-81.96,5.4],[-82.07,5.26],[-81.94,5.04],[-81.62,5.1],[-81.72,5.35],[-81.96,5.4]]]},"properties":{"scalerank":0,"featurecla":"Bathymetry","depth":3000}},
{"type":"Feature","geometry":{"type":"Polygon","coordinates":[[[-79.85,4.06],[-79.8,4.26],[-79.61,4.4],[-79.66,4.54],[-79.86,4.45],[-79.91,4.23],[-79.85,4.06]]]},"properties":{"scalerank":0,"featurecla":"Bathymetry","depth":3000}},
{"type":"Feature","geometry":{"type":"Polygon","coordinates":[[[127.5,3.79],[127.5,3.85],[127.45,3.97],[127.44,4.05],[127.39,4.06],[127.42,3.89],[127.46,3.79],[127.5,3.79]]]},"properties":{"scalerank":0,"featurecla":"Bathymetry","depth":3000}},
{"type":"Feature","geometry":{"type":"Polygon","coordinates":[[[-31.3,3.08],[-31.28,3.2],[-31.38,3.17],[-31.3,3.08]]]},"properties":{"scalerank":0,"featurecla":"Bathymetry","depth":3000}},
{"type":"Feature","geometry":{"type":"Polygon","coordinates":[[[-31.15,2.65],[-31.07,2.54],[-30.88,2.58],[-30.7,2.5],[-30.65,2.64],[-30.95,2.69],[-31.15,2.65]]]},"properties":{"scalerank":0,"featurecla":"Bathymetry","depth":3000}},
{"type":"Feature","geometry":{"type":"Polygon","coordinates":[[[64.64,2.8],[64.65,2.96],[64.47,3.02],[64.45,2.92],[64.64,2.8]]]},"properties":{"scalerank":0,"featurecla":"Bathymetry","depth":3000}},
{"type":"Feature","geometry":{"type":"Polygon","coordinates":[[[-85.5,2.47],[-85.52,2.61],[-85.63,2.6],[-85.59,2.47],[-85.5,2.47]]]},"properties":{"scalerank":0,"featurecla":"Bathymetry","depth":3000}},
{"type":"Feature","geometry":{"type":"Polygon","coordinates":[[[-98.1,2.33],[-98.06,2.27],[-97.9,2.28],[-97.84,2.24],[-97.77,2.14],[-97.55,2.16],[-97.75,2.21],[-97.86,2.32],[-98.02,2.3],[-98.1,2.33]]]},"properties":{"scalerank":0,"featurecla":"Bathymetry","depth":3000}},
{"type":"Feature","geometry":{"type":"Polygon","coordinates":[[[-84.55,2.28],[-84.58,2.11],[-84.46,2.2],[-84.55,2.28]]]},"properties":{"scalerank":0,"featurecla":"Bathymetry","depth":3000}},
{"type":"Feature","geometry":{"type":"Polygon","coordinates":[[[119.26,1.04],[119.36,1],[119.38,1.22],[119.34,1.24],[119.26,1.04]]]},"properties":{"scalerank":0,"featurecla":"Bathymetry","depth":3000}},
{"type":"Feature","geometry":{"type":"Polygon","coordinates":[[[-81.43,0.72],[-81.62,0.9],[-81.63,0.67],[-81.43,0.72]]]},"properties":{"scalerank":0,"featurecla":"Bathymetry","depth":3000}},
{"type":"Feature","geometry":{"type":"Polygon","coordinates":[[[-91.3,0.46],[-91.31,0.37],[-91.19,0.29],[-91.07,0.34],[-91.3,0.46]]]},"properties":{"scalerank":0,"featurecla":"Bathymetry","depth":3000}},
{"type":"Feature","geometry":{"type":"Polygon","coordinates":[[[126.84,-0.55],[126.5,-0.58],[126.48,-0.82],[126.64,-0.94],[126.63,-1.15],[127.06,-1.32],[127.22,-1.12],[126.87,-0.83],[126.84,-0.55]]]},"properties":{"scalerank":0,"featurecla":"Bathymetry","depth":3000}},
{"type":"Feature","geometry":{"type":"Polygon","coordinates":[[[73.91,-1.85],[73.84,-1.74],[73.73,-1.7],[73.6,-1.76],[73.83,-1.86],[73.91,-1.85]]]},"properties":{"scalerank":0,"featurecla":"Bathymetry","depth":3000}},
{"type":"Feature","geometry":{"type":"Polygon","coordinates":[[[128.41,-2.33],[128.52,-1.96],[127.82,-1.99],[127.7,-2.06],[127.66,-2.37],[127.33,-2.34],[127.11,-2.24],[126.67,-2.37],[126.29,-2.22],[126.12,-2.86],[126.48,-2.9],[126.56,-2.78],[127.31,-2.57],[127.82,-2.78],[127.92,-2.57],[128.14,-2.41],[128.41,-2.33]]]},"properties":{"scalerank":0,"featurecla":"Bathymetry","depth":3000}},
{"type":"Feature","geometry":{"type":"Polygon","coordinates":[[[-11.68,-3.42],[-11.67,-3.28],[-11.77,-3.18],[-11.86,-3.25],[-11.68,-3.42]]]},"properties":{"scalerank":0,"featurecla":"Bathymetry","depth":3000}},
{"type":"Feature","geometry":{"type":"Polygon","coordinates":[[[68.09,-3.22],[67.94,-3.28],[68.2,-3.33],[68.09,-3.22]]]},"properties":{"scalerank":0,"featurecla":"Bathymetry","depth":3000}},
{"type":"Feature","geometry":{"type":"Polygon","coordinates":[[[127.73,-3.62],[127.66,-3.84],[127.82,-3.83],[127.73,-3.62]]]},"properties":{"scalerank":0,"featurecla":"Bathymetry","depth":3000}},
{"type":"Feature","geometry":{"type":"Polygon","coordinates":[[[154.46,-3.78],[154.5,-4.06],[154.9,-4.61],[155.02,-5.06],[155.29,-5.37],[155.48,-5.2],[155.09,-4.77],[155.06,-4.58],[154.82,-4.25],[154.78,-4.01],[154.64,-3.79],[154.46,-3.78]]]},"properties":{"scalerank":0,"featurecla":"Bathymetry","depth":3000}},
{"type":"Feature","geometry":{"type":"Polygon","coordinates":[[[133.23,-6.26],[133.46,-6.14],[133.9,-5.78],[133.99,-5.42],[134.17,-5.21],[134.07,-4.84],[133.94,-4.88],[133.65,-5.2],[133.59,-5.58],[133.47,-5.72],[133.43,-5.95],[133.19,-6.09],[133.23,-6.26]]]},"properties":{"scalerank":0,"featurecla":"Bathymetry","depth":3000}},
{"type":"Feature","geometry":{"type":"Polygon","coordinates":[[[121.9,-6.94],[121.87,-6.81],[121.7,-6.9],[121.9,-6.94]]]},"properties":{"scalerank":0,"featurecla":"Bathymetry","depth":3000}},
{"type":"Feature","geometry":{"type":"Polygon","coordinates":[[[120.2,-7.19],[120.11,-7.01],[119.83,-7.16],[119.48,-7.18],[119.31,-7.45],[119.13,-7.43],[119.1,-7.68],[118.85,-7.71],[118.86,-7.92],[119.39,-7.85],[119.73,-8.02],[120.48,-7.98],[120.81,-8.12],[121.22,-8.11],[121.48,-8.2],[121.93,-8.02],[122.01,-7.58],[121.55,-7.55],[121.09,-7.68],[120.86,-7.51],[120.44,-7.43],[120.2,-7.19]]]},"properties":{"scalerank":0,"featurecla":"Bathymetry","depth":3000}},
{"type":"Feature","geometry":{"type":"Polygon","coordinates":[[[106.51,-7.85],[106.66,-8.09],[106.85,-8.1],[107.08,-8.4],[107.66,-8.66],[107.9,-8.6],[108.12,-8.84],[108.79,-9.1],[109.2,-9.12],[109.34,-9.19],[109.83,-9.28],[110.01,-9.2],[110.19,-9.26],[110.15,-8.94],[110.03,-8.8],[109.71,-8.8],[109.55,-8.66],[109.13,-8.58],[108.74,-8.4],[108.47,-8.38],[108.31,-8.28],[107.76,-8.23],[107.04,-8.04],[106.51,-7.85]]]},"properties":{"scalerank":0,"featurecla":"Bathymetry","depth":3000}},
{"type":"Feature","geometry":{"type":"Polygon","coordinates":[[[126.99,-8.05],[126.74,-7.94],[126.46,-8.1],[126.15,-8.08],[125.89,-8.14],[126.03,-8.33],[126.43,-8.19],[126.61,-8.2],[126.99,-8.05]]]},"properties":{"scalerank":0,"featurecla":"Bathymetry","depth":3000}},
{"type":"Feature","geometry":{"type":"Polygon","coordinates":[[[156.99,-8.63],[156.89,-8.4],[156.72,-8.42],[156.86,-8.62],[156.99,-8.63]]]},"properties":{"scalerank":0,"featurecla":"Bathymetry","depth":3000}},
{"type":"Feature","geometry":{"type":"Polygon","coordinates":[[[-138.5,-10.18],[-138.52,-9.95],[-138.62,-10.13],[-138.5,-10.18]]]},"properties":{"scalerank":0,"featurecla":"Bathymetry","depth":3000}},
{"type":"Feature","geometry":{"type":"Polygon","coordinates":[[[153.54,-10.73],[153.27,-10.49],[153.04,-10.6],[153.36,-10.82],[154.07,-10.94],[154.2,-10.74],[154.1,-10.58],[153.9,-10.57],[153.94,-10.82],[153.54,-10.73]]]},"properties":{"scalerank":0,"featurecla":"Bathymetry","depth":3000}},
{"type":"Feature","geometry":{"type":"Polygon","coordinates":[[[167.59,-10.82],[167.38,-10.82],[167.48,-11.01],[167.59,-10.82]]]},"properties":{"scalerank":0,"featurecla":"Bathymetry","depth":3000}},
{"type":"Feature","geometry":{"type":"Polygon","coordinates":[[[168.46,-12.08],[168.47,-11.99],[168.34,-11.69],[168.34,-12.02],[168.46,-12.08]]]},"properties":{"scalerank":0,"featurecla":"Bathymetry","depth":3000}},
{"type":"Feature","geometry":{"type":"Polygon","coordinates":[[[66.48,-12.41],[66.34,-12.26],[66.29,-12.34],[66.48,-12.41]]]},"properties":{"scalerank":0,"featurecla":"Bathymetry","depth":3000}},
{"type":"Feature","geometry":{"type":"Polygon","coordinates":[[[172.04,-12.85],[171.6,-13.31],[171.68,-13.41],[172.1,-13.29],[172.34,-12.98],[172.25,-12.86],[172.04,-12.85]]]},"properties":{"scalerank":0,"featurecla":"Bathymetry","depth":3000}},
{"type":"Feature","geometry":{"type":"Polygon","coordinates":[[[176.77,-12.8],[176.51,-12.85],[176.66,-12.98],[176.77,-12.8]]]},"properties":{"scalerank":0,"featurecla":"Bathymetry","depth":3000}},
{"type":"Feature","geometry":{"type":"Polygon","coordinates":[[[175.47,-12.95],[175.45,-12.84],[175.31,-12.88],[175.47,-12.95]]]},"properties":{"scalerank":0,"featurecla":"Bathymetry","depth":3000}},
{"type":"Feature","geometry":{"type":"Polygon","coordinates":[[[173.97,-12.96],[174.15,-13.06],[174.2,-12.98],[173.97,-12.96]]]},"properties":{"scalerank":0,"featurecla":"Bathymetry","depth":3000}},
{"type":"Feature","geometry":{"type":"Polygon","coordinates":[[[175.99,-13.15],[176.02,-12.95],[175.83,-13.02],[175.99,-13.15]]]},"properties":{"scalerank":0,"featurecla":"Bathymetry","depth":3000}},
{"type":"Feature","geometry":{"type":"Polygon","coordinates":[[[174.88,-13.36],[174.4,-13.43],[174.6,-13.51],[174.77,-13.47],[174.88,-13.36]]]},"properties":{"scalerank":0,"featurecla":"Bathymetry","depth":3000}},
{"type":"Feature","geometry":{"type":"Polygon","coordinates":[[[172.06,-13.85],[172.32,-13.61],[172.01,-13.72],[172.06,-13.85]]]},"properties":{"scalerank":0,"featurecla":"Bathymetry","depth":3000}},
{"type":"Feature","geometry":{"type":"Polygon","coordinates":[[[171.24,-14.17],[171.43,-13.97],[171.37,-13.87],[171.24,-14.17]]]},"properties":{"scalerank":0,"featurecla":"Bathymetry","depth":3000}},
{"type":"Feature","geometry":{"type":"Polygon","coordinates":[[[173.86,-14.06],[173.58,-14.03],[173.52,-14.23],[173.91,-14.27],[173.86,-14.06]]]},"properties":{"scalerank":0,"featurecla":"Bathymetry","depth":3000}},
{"type":"Feature","geometry":{"type":"Polygon","coordinates":[[[175.76,-14.32],[175.66,-14.07],[175.56,-14.25],[175.76,-14.32]]]},"properties":{"scalerank":0,"featurecla":"Bathymetry","depth":3000}},
{"type":"Feature","geometry":{"type":"Polygon","coordinates":[[[176.16,-14.28],[176.24,-14.46],[176.35,-14.38],[176.16,-14.28]]]},"properties":{"scalerank":0,"featurecla":"Bathymetry","depth":3000}},
{"type":"Feature","geometry":{"type":"Polygon","coordinates":[[[-144.58,-14.58],[-144.61,-14.62],[-144.31,-14.62],[-144.34,-14.59],[-144.58,-14.58]]]},"properties":{"scalerank":0,"featurecla":"Bathymetry","depth":3000}},
{"type":"Feature","geometry":{"type":"Polygon","coordinates":[[[175.42,-14.72],[175.39,-14.67],[175.25,-14.64],[175.17,-14.74],[175.21,-14.78],[175.3,-14.74],[175.4,-14.8],[175.42,-14.72]]]},"properties":{"scalerank":0,"featurecla":"Bathymetry","depth":3000}},
{"type":"Feature","geometry":{"type":"Polygon","coordinates":[[[167.82,-15.08],[167.86,-14.96],[167.69,-14.65],[167.53,-14.76],[167.63,-15.1],[167.82,-15.08]]]},"properties":{"scalerank":0,"featurecla":"Bathymetry","depth":3000}},
{"type":"Feature","geometry":{"type":"Polygon","coordinates":[[[175,-14.94],[174.85,-14.94],[174.67,-15.15],[174.51,-14.98],[174.16,-14.98],[173.9,-15.09],[173.74,-15.44],[173.93,-15.53],[173.98,-15.27],[174.22,-15.13],[174.4,-15.25],[174.65,-15.26],[175.03,-15.38],[174.86,-15.04],[175,-14.94]]]},"properties":{"scalerank":0,"featurecla":"Bathymetry","depth":3000}},
{"type":"Feature","geometry":{"type":"Polygon","coordinates":[[[-12.63,-14.93],[-12.47,-14.86],[-12.6,-14.75],[-12.63,-14.93]]]},"properties":{"scalerank":0,"featurecla":"Bathymetry","depth":3000}},
{"type":"Feature","geometry":{"type":"Polygon","coordinates":[[[174.86,-15.6],[174.76,-15.43],[174.57,-15.42],[174.53,-15.6],[174.86,-15.6]]]},"properties":{"scalerank":0,"featurecla":"Bathymetry","depth":3000}},
{"type":"Feature","geometry":{"type":"Polygon","coordinates":[[[176.46,-15.48],[176.33,-15.5],[176.33,-15.78],[176.66,-15.77],[176.46,-15.48]]]},"properties":{"scalerank":0,"featurecla":"Bathymetry","depth":3000}},
{"type":"Feature","geometry":{"type":"Polygon","coordinates":[[[174.21,-16.75],[174.38,-16.63],[174.39,-16.48],[174.22,-16.62],[174.21,-16.75]]]},"properties":{"scalerank":0,"featurecla":"Bathymetry","depth":3000}},
{"type":"Feature","geometry":{"type":"Polygon","coordinates":[[[157.06,-16.87],[156.72,-16.92],[156.7,-17.11],[157.18,-17.11],[157.23,-17.36],[157.47,-17.25],[157.06,-16.87]]]},"properties":{"scalerank":0,"featurecla":"Bathymetry","depth":3000}},
{"type":"Feature","geometry":{"type":"Polygon","coordinates":[[[171.55,-17.32],[171.39,-17.4],[171.33,-17.59],[171.52,-17.63],[171.48,-17.46],[171.55,-17.32]]]},"properties":{"scalerank":0,"featurecla":"Bathymetry","depth":3000}},
{"type":"Feature","geometry":{"type":"Polygon","coordinates":[[[174.29,-17.46],[174.36,-17.35],[174.21,-17.35],[174.29,-17.46]]]},"properties":{"scalerank":0,"featurecla":"Bathymetry","depth":3000}},
{"type":"Feature","geometry":{"type":"Polygon","coordinates":[[[176.44,-17.65],[176.41,-17.48],[176.29,-17.42],[176.36,-17.59],[176.44,-17.65]]]},"properties":{"scalerank":0,"featurecla":"Bathymetry","depth":3000}},
{"type":"Feature","geometry":{"type":"Polygon","coordinates":[[[172.54,-17.48],[172.32,-17.52],[172.42,-17.64],[172.54,-17.48]]]},"properties":{"scalerank":0,"featurecla":"Bathymetry","depth":3000}},
{"type":"Feature","geometry":{"type":"Polygon","coordinates":[[[66.62,-18.02],[66.81,-17.92],[66.67,-17.74],[66.52,-17.74],[66.34,-17.58],[66.12,-17.84],[66.55,-17.83],[66.62,-18.02]]]},"properties":{"scalerank":0,"featurecla":"Bathymetry","depth":3000}},
{"type":"Feature","geometry":{"type":"Polygon","coordinates":[[[-113.52,-17.74],[-113.68,-17.63],[-113.71,-17.73],[-113.52,-17.74]]]},"properties":{"scalerank":0,"featurecla":"Bathymetry","depth":3000}},
{"type":"Feature","geometry":{"type":"Polygon","coordinates":[[[172.92,-18.23],[173.07,-18.06],[173.1,-17.87],[172.89,-17.82],[172.87,-18.15],[172.65,-18.31],[172.8,-18.73],[172.92,-18.23]]]},"properties":{"scalerank":0,"featurecla":"Bathymetry","depth":3000}},
{"type":"Feature","geometry":{"type":"Polygon","coordinates":[[[161.29,-18.22],[161.33,-18.17],[161.18,-17.99],[161.19,-18.18],[161.29,-18.22]]]},"properties":{"scalerank":0,"featurecla":"Bathymetry","depth":3000}},
{"type":"Feature","geometry":{"type":"Polygon","coordinates":[[[176.21,-18.42],[176.28,-18.18],[176.18,-18.13],[176.1,-18.31],[176.21,-18.42]]]},"properties":{"scalerank":0,"featurecla":"Bathymetry","depth":3000}},
{"type":"Feature","geometry":{"type":"Polygon","coordinates":[[[175.56,-18.86],[175.31,-18.43],[175.18,-18.43],[175.4,-18.81],[175.56,-18.86]]]},"properties":{"scalerank":0,"featurecla":"Bathymetry","depth":3000}},
{"type":"Feature","geometry":{"type":"Polygon","coordinates":[[[157.21,-18.45],[157.29,-18.55],[157.34,-18.46],[157.21,-18.45]]]},"properties":{"scalerank":0,"featurecla":"Bathymetry","depth":3000}},
{"type":"Feature","geometry":{"type":"Polygon","coordinates":[[[176.01,-19.36],[176.18,-19.49],[176.21,-19.68],[176.4,-19.77],[176.86,-19.63],[177.17,-19.39],[177.3,-19.48],[177.2,-19.77],[177.39,-19.76],[177.41,-19.49],[177.67,-19.34],[177.5,-19.22],[177.29,-19.27],[176.91,-19.19],[176.78,-19.07],[176.33,-19.06],[176.26,-19.22],[176.01,-19.36]],[[176.25,-19.4],[176.36,-19.18],[176.58,-19.18],[176.6,-19.38],[176.25,-19.4]]]},"properties":{"scalerank":0,"featurecla":"Bathymetry","depth":3000}},
{"type":"Feature","geometry":{"type":"Polygon","coordinates":[[[175.75,-19.32],[175.78,-19.23],[175.7,-19.18],[175.68,-19.36],[175.75,-19.32]]]},"properties":{"scalerank":0,"featurecla":"Bathymetry","depth":3000}},
{"type":"Feature","geometry":{"type":"Polygon","coordinates":[[[173.28,-19.44],[173.15,-19.44],[173.14,-19.51],[173.28,-19.54],[173.28,-19.44]]]},"properties":{"scalerank":0,"featurecla":"Bathymetry","depth":3000}},
{"type":"Feature","geometry":{"type":"Polygon","coordinates":[[[173.94,-19.31],[173.91,-19.39],[174.01,-19.43],[174.04,-19.34],[173.94,-19.31]]]},"properties":{"scalerank":0,"featurecla":"Bathymetry","depth":3000}},
{"type":"Feature","geometry":{"type":"Polygon","coordinates":[[[156.65,-19.7],[156.67,-19.37],[156.51,-19.45],[156.65,-19.7]]]},"properties":{"scalerank":0,"featurecla":"Bathymetry","depth":3000}},
{"type":"Feature","geometry":{"type":"Polygon","coordinates":[[[172.75,-19.75],[172.82,-19.57],[172.69,-19.59],[172.75,-19.75]]]},"properties":{"scalerank":0,"featurecla":"Bathymetry","depth":3000}},
{"type":"Feature","geometry":{"type":"Polygon","coordinates":[[[-133.71,-19.45],[-133.79,-19.4],[-133.85,-19.51],[-133.73,-19.52],[-133.71,-19.45]]]},"properties":{"scalerank":0,"featurecla":"Bathymetry","depth":3000}},
{"type":"Feature","geometry":{"type":"Polygon","coordinates":[[[-11.86,-20.02],[-11.86,-19.58],[-11.97,-19.53],[-11.93,-19.98],[-11.86,-20.02]]]},"properties":{"scalerank":0,"featurecla":"Bathymetry","depth":3000}},
{"type":"Feature","geometry":{"type":"Polygon","coordinates":[[[41.34,-19.53],[41.33,-19.7],[41.44,-19.72],[41.62,-20.1],[41.62,-19.85],[41.34,-19.53]]]},"properties":{"scalerank":0,"featurecla":"Bathymetry","depth":3000}},
{"type":"Feature","geometry":{"type":"Polygon","coordinates":[[[-80.18,-19.87],[-80.08,-19.84],[-80.05,-19.67],[-80.17,-19.68],[-80.18,-19.87]]]},"properties":{"scalerank":0,"featurecla":"Bathymetry","depth":3000}},
{"type":"Feature","geometry":{"type":"Polygon","coordinates":[[[42.33,-20.8],[42.23,-20.46],[42.08,-20.51],[42.18,-20.74],[42.33,-20.8]]]},"properties":{"scalerank":0,"featurecla":"Bathymetry","depth":3000}},
{"type":"Feature","geometry":{"type":"Polygon","coordinates":[[[69.41,-21.19],[69.54,-20.97],[69.37,-21.01],[69.41,-21.19]]]},"properties":{"scalerank":0,"featurecla":"Bathymetry","depth":3000}},
{"type":"Feature","geometry":{"type":"Polygon","coordinates":[[[175.51,-21.07],[175.4,-21.15],[175.62,-21.19],[175.65,-21.08],[175.51,-21.07]]]},"properties":{"scalerank":0,"featurecla":"Bathymetry","depth":3000}},
{"type":"Feature","geometry":{"type":"Polygon","coordinates":[[[69.21,-22.27],[69.07,-22.2],[69.08,-22.38],[69.25,-22.4],[69.21,-22.27]]]},"properties":{"scalerank":0,"featurecla":"Bathymetry","depth":3000}},
{"type":"Feature","geometry":{"type":"Polygon","coordinates":[[[69.02,-22.99],[69.18,-22.94],[69.12,-22.88],[69.02,-22.99]]]},"properties":{"scalerank":0,"featurecla":"Bathymetry","depth":3000}},
{"type":"Feature","geometry":{"type":"Polygon","coordinates":[[[69.67,-24.07],[69.55,-23.78],[69.46,-23.95],[69.67,-24.07]]]},"properties":{"scalerank":0,"featurecla":"Bathymetry","depth":3000}},
{"type":"Feature","geometry":{"type":"Polygon","coordinates":[[[-115.97,-25.19],[-115.87,-24.89],[-115.78,-24.72],[-115.88,-24.7],[-115.9,-24.91],[-115.99,-25.11],[-115.97,-25.19]]]},"properties":{"scalerank":0,"featurecla":"Bathymetry","depth":3000}},
{"type":"Feature","geometry":{"type":"Polygon","coordinates":[[[-112.25,-24.98],[-112.47,-25],[-112.35,-25.24],[-112.25,-24.98]]]},"properties":{"scalerank":0,"featurecla":"Bathymetry","depth":3000}},
{"type":"Feature","geometry":{"type":"Polygon","coordinates":[[[-121.56,-25.23],[-121.59,-24.98],[-121.7,-25],[-121.69,-25.13],[-121.56,-25.23]]]},"properties":{"scalerank":0,"featurecla":"Bathymetry","depth":3000}},
{"type":"Feature","geometry":{"type":"Polygon","coordinates":[[[-117.58,-25.25],[-117.53,-25.08],[-117.72,-25.07],[-117.58,-25.25]]]},"properties":{"scalerank":0,"featurecla":"Bathymetry","depth":3000}},
{"type":"Feature","geometry":{"type":"Polygon","coordinates":[[[-111.65,-25.9],[-111.5,-25.7],[-111.6,-25.5],[-111.7,-25.76],[-111.65,-25.9]]]},"properties":{"scalerank":0,"featurecla":"Bathymetry","depth":3000}},
{"type":"Feature","geometry":{"type":"Polygon","coordinates":[[[-119.9,-25.69],[-120.16,-25.76],[-119.92,-25.82],[-119.9,-25.69]]]},"properties":{"scalerank":0,"featurecla":"Bathymetry","depth":3000}},
{"type":"Feature","geometry":{"type":"Polygon","coordinates":[[[87.81,-25.95],[88.06,-25.8],[87.98,-25.77],[87.82,-25.87],[87.81,-25.95]]]},"properties":{"scalerank":0,"featurecla":"Bathymetry","depth":3000}},
{"type":"Feature","geometry":{"type":"Polygon","coordinates":[[[-114.23,-25.86],[-114.26,-26.01],[-114.05,-25.87],[-114.23,-25.86]]]},"properties":{"scalerank":0,"featurecla":"Bathymetry","depth":3000}},
{"type":"Feature","geometry":{"type":"Polygon","coordinates":[[[-113.97,-26.11],[-113.81,-26.08],[-113.74,-25.96],[-113.95,-25.97],[-113.97,-26.11]]]},"properties":{"scalerank":0,"featurecla":"Bathymetry","depth":3000}},
{"type":"Feature","geometry":{"type":"Polygon","coordinates":[[[-113.25,-26.04],[-113.32,-26.34],[-113.11,-26.1],[-113.25,-26.04]]]},"properties":{"scalerank":0,"featurecla":"Bathymetry","depth":3000}},
{"type":"Feature","geometry":{"type":"Polygon","coordinates":[[[168.9,-26.72],[168.78,-26.31],[168.71,-26.44],[168.8,-26.64],[168.9,-26.72]]]},"properties":{"scalerank":0,"featurecla":"Bathymetry","depth":3000}},
{"type":"Feature","geometry":{"type":"Polygon","coordinates":[[[-115,-26.58],[-115,-26.69],[-114.91,-26.69],[-114.88,-26.6],[-115,-26.58]]]},"properties":{"scalerank":0,"featurecla":"Bathymetry","depth":3000}},
{"type":"Feature","geometry":{"type":"Polygon","coordinates":[[[-13.44,-27.17],[-13.39,-27.06],[-13.52,-26.87],[-13.56,-26.99],[-13.44,-27.17]]]},"properties":{"scalerank":0,"featurecla":"Bathymetry","depth":3000}},
{"type":"Feature","geometry":{"type":"Polygon","coordinates":[[[-111.38,-27.5],[-111.31,-27.42],[-111.45,-27.36],[-111.38,-27.5]]]},"properties":{"scalerank":0,"featurecla":"Bathymetry","depth":3000}},
{"type":"Feature","geometry":{"type":"Polygon","coordinates":[[[-109.1,-27.55],[-109.11,-27.39],[-109.32,-27.38],[-109.38,-27.51],[-109.1,-27.55]]]},"properties":{"scalerank":0,"featurecla":"Bathymetry","depth":3000}},
{"type":"Feature","geometry":{"type":"Polygon","coordinates":[[[-108.9,-27.38],[-108.96,-27.5],[-108.53,-27.45],[-108.58,-27.38],[-108.9,-27.38]]]},"properties":{"scalerank":0,"featurecla":"Bathymetry","depth":3000}},
{"type":"Feature","geometry":{"type":"Polygon","coordinates":[[[170.08,-28.5],[170.23,-28.34],[169.92,-28.27],[170.08,-28.5]]]},"properties":{"scalerank":0,"featurecla":"Bathymetry","depth":3000}},
{"type":"Feature","geometry":{"type":"Polygon","coordinates":[[[-111.29,-28.46],[-111.5,-28.26],[-111.46,-28.53],[-111.29,-28.46]]]},"properties":{"scalerank":0,"featurecla":"Bathymetry","depth":3000}},
{"type":"Feature","geometry":{"type":"Polygon","coordinates":[[[-110.41,-28.95],[-110.33,-28.91],[-110.43,-28.72],[-110.52,-28.75],[-110.41,-28.95]]]},"properties":{"scalerank":0,"featurecla":"Bathymetry","depth":3000}},
{"type":"Feature","geometry":{"type":"Polygon","coordinates":[[[169.35,-28.88],[169.39,-28.78],[169.48,-28.67],[169.46,-28.56],[169.42,-28.54],[169.41,-28.69],[169.34,-28.75],[169.35,-28.88]]]},"properties":{"scalerank":0,"featurecla":"Bathymetry","depth":3000}},
{"type":"Feature","geometry":{"type":"Polygon","coordinates":[[[46.01,-29.23],[45.91,-28.97],[45.85,-29.16],[46.01,-29.23]]]},"properties":{"scalerank":0,"featurecla":"Bathymetry","depth":3000}},
{"type":"Feature","geometry":{"type":"Polygon","coordinates":[[[-111.66,-28.99],[-111.66,-28.84],[-111.5,-28.77],[-111.67,-28.66],[-111.66,-28.99]]]},"properties":{"scalerank":0,"featurecla":"Bathymetry","depth":3000}},
{"type":"Feature","geometry":{"type":"Polygon","coordinates":[[[169.69,-28.67],[169.62,-28.85],[169.82,-28.79],[169.69,-28.67]]]},"properties":{"scalerank":0,"featurecla":"Bathymetry","depth":3000}},
{"type":"Feature","geometry":{"type":"Polygon","coordinates":[[[-112.16,-28.88],[-112.1,-28.82],[-112.22,-28.7],[-112.25,-28.87],[-112.16,-28.88]]]},"properties":{"scalerank":0,"featurecla":"Bathymetry","depth":3000}},
{"type":"Feature","geometry":{"type":"Polygon","coordinates":[[[45.54,-29.39],[45.69,-29.24],[45.55,-29.26],[45.47,-29.35],[45.54,-29.39]]]},"properties":{"scalerank":0,"featurecla":"Bathymetry","depth":3000}},
{"type":"Feature","geometry":{"type":"Polygon","coordinates":[[[-111.05,-30.55],[-110.95,-30.43],[-111.05,-30.32],[-111.08,-30.49],[-111.05,-30.55]]]},"properties":{"scalerank":0,"featurecla":"Bathymetry","depth":3000}},
{"type":"Feature","geometry":{"type":"Polygon","coordinates":[[[-113.54,-30.74],[-113.86,-30.74],[-113.73,-30.96],[-113.54,-30.74]]]},"properties":{"scalerank":0,"featurecla":"Bathymetry","depth":3000}},
{"type":"Feature","geometry":{"type":"Polygon","coordinates":[[[31.23,-31.09],[31.2,-30.91],[31.08,-30.96],[31.1,-31.04],[31.23,-31.09]]]},"properties":{"scalerank":0,"featurecla":"Bathymetry","depth":3000}},
{"type":"Feature","geometry":{"type":"Polygon","coordinates":[[[-13.95,-31.46],[-13.66,-31.37],[-13.87,-31.35],[-13.95,-31.46]]]},"properties":{"scalerank":0,"featurecla":"Bathymetry","depth":3000}},
{"type":"Feature","geometry":{"type":"Polygon","coordinates":[[[76.79,-31.52],[76.85,-31.35],[76.68,-31.34],[76.66,-31.44],[76.79,-31.52]]]},"properties":{"scalerank":0,"featurecla":"Bathymetry","depth":3000}},
{"type":"Feature","geometry":{"type":"Polygon","coordinates":[[[-109.94,-31.63],[-110.03,-31.61],[-110.16,-31.63],[-110,-31.68],[-109.94,-31.63]]]},"properties":{"scalerank":0,"featurecla":"Bathymetry","depth":3000}},
{"type":"Feature","geometry":{"type":"Polygon","coordinates":[[[-109.3,-32.6],[-109.25,-32.42],[-109.47,-32.28],[-109.56,-32.4],[-109.39,-32.46],[-109.3,-32.6]]]},"properties":{"scalerank":0,"featurecla":"Bathymetry","depth":3000}},
{"type":"Feature","geometry":{"type":"Polygon","coordinates":[[[-109.82,-32.99],[-109.77,-32.79],[-109.85,-32.74],[-109.82,-32.99]]]},"properties":{"scalerank":0,"featurecla":"Bathymetry","depth":3000}},
{"type":"Feature","geometry":{"type":"Polygon","coordinates":[[[-114.17,-32.67],[-114.45,-32.68],[-114.34,-32.76],[-114.17,-32.67]]]},"properties":{"scalerank":0,"featurecla":"Bathymetry","depth":3000}},
{"type":"Feature","geometry":{"type":"Polygon","coordinates":[[[171.58,-32.83],[171.46,-32.93],[171.65,-33.07],[171.67,-32.88],[171.58,-32.83]]]},"properties":{"scalerank":0,"featurecla":"Bathymetry","depth":3000}},
{"type":"Feature","geometry":{"type":"Polygon","coordinates":[[[-109.42,-32.99],[-109.59,-32.89],[-109.63,-33.07],[-109.4,-33.14],[-109.42,-32.99]]]},"properties":{"scalerank":0,"featurecla":"Bathymetry","depth":3000}},
{"type":"Feature","geometry":{"type":"Polygon","coordinates":[[[-14.88,-33.12],[-14.98,-33.04],[-15.09,-33.11],[-14.88,-33.12]]]},"properties":{"scalerank":0,"featurecla":"Bathymetry","depth":3000}},
{"type":"Feature","geometry":{"type":"Polygon","coordinates":[[[-109.24,-34.03],[-109.18,-33.93],[-109.27,-33.85],[-109.3,-34.06],[-109.24,-34.03]]]},"properties":{"scalerank":0,"featurecla":"Bathymetry","depth":3000}},
{"type":"Feature","geometry":{"type":"Polygon","coordinates":[[[-111.14,-34.48],[-111.12,-34.39],[-111.24,-34.42],[-111.24,-34.49],[-111.14,-34.48]]]},"properties":{"scalerank":0,"featurecla":"Bathymetry","depth":3000}},
{"type":"Feature","geometry":{"type":"Polygon","coordinates":[[[-113.45,-35.69],[-113.87,-35.73],[-113.94,-36.04],[-113.76,-36.14],[-113.43,-35.97],[-113.75,-35.77],[-113.45,-35.69]]]},"properties":{"scalerank":0,"featurecla":"Bathymetry","depth":3000}},
{"type":"Feature","geometry":{"type":"Polygon","coordinates":[[[-113.08,-35.89],[-113.16,-35.76],[-113.28,-35.86],[-113.08,-35.89]]]},"properties":{"scalerank":0,"featurecla":"Bathymetry","depth":3000}},
{"type":"Feature","geometry":{"type":"Polygon","coordinates":[[[162.63,-36.12],[162.62,-35.93],[162.39,-35.8],[162.63,-36.12]]]},"properties":{"scalerank":0,"featurecla":"Bathymetry","depth":3000}},
{"type":"Feature","geometry":{"type":"Polygon","coordinates":[[[163.15,-36.26],[162.92,-35.97],[162.76,-36.1],[162.82,-36.26],[163.15,-36.26]]]},"properties":{"scalerank":0,"featurecla":"Bathymetry","depth":3000}},
{"type":"Feature","geometry":{"type":"Polygon","coordinates":[[[-111.42,-36.26],[-111.48,-36.38],[-111.3,-36.36],[-111.42,-36.26]]]},"properties":{"scalerank":0,"featurecla":"Bathymetry","depth":3000}},
{"type":"Feature","geometry":{"type":"Polygon","coordinates":[[[-17.38,-36.55],[-17.38,-36.34],[-17.47,-36.24],[-17.56,-36.32],[-17.44,-36.41],[-17.38,-36.55]]]},"properties":{"scalerank":0,"featurecla":"Bathymetry","depth":3000}},
{"type":"Feature","geometry":{"type":"Polygon","coordinates":[[[-17.92,-36.45],[-18.01,-36.33],[-18.31,-36.53],[-18.12,-36.71],[-17.92,-36.45]]]},"properties":{"scalerank":0,"featurecla":"Bathymetry","depth":3000}},
{"type":"Feature","geometry":{"type":"Polygon","coordinates":[[[-16.34,-36.4],[-16.77,-36.41],[-16.76,-36.6],[-16.34,-36.4]]]},"properties":{"scalerank":0,"featurecla":"Bathymetry","depth":3000}},
{"type":"Feature","geometry":{"type":"Polygon","coordinates":[[[163.18,-36.65],[163.33,-36.52],[163.18,-36.46],[163.18,-36.65]]]},"properties":{"scalerank":0,"featurecla":"Bathymetry","depth":3000}},
{"type":"Feature","geometry":{"type":"Polygon","coordinates":[[[50.01,-37.22],[49.61,-37.11],[49.41,-37.22],[50.01,-37.22]]]},"properties":{"scalerank":0,"featurecla":"Bathymetry","depth":3000}},
{"type":"Feature","geometry":{"type":"Polygon","coordinates":[[[-94.12,-38.13],[-94.02,-37.99],[-94.04,-37.76],[-94.13,-37.8],[-94.12,-38.13]]]},"properties":{"scalerank":0,"featurecla":"Bathymetry","depth":3000}},
{"type":"Feature","geometry":{"type":"Polygon","coordinates":[[[-15.83,-37.82],[-15.72,-37.91],[-15.62,-37.87],[-15.61,-37.75],[-15.83,-37.82]]]},"properties":{"scalerank":0,"featurecla":"Bathymetry","depth":3000}},
{"type":"Feature","geometry":{"type":"Polygon","coordinates":[[[-17.29,-38.06],[-17.42,-37.99],[-17.57,-38.09],[-17.29,-38.06]]]},"properties":{"scalerank":0,"featurecla":"Bathymetry","depth":3000}},
{"type":"Feature","geometry":{"type":"Polygon","coordinates":[[[-112.44,-38.18],[-112.42,-38.02],[-112.61,-38.02],[-112.44,-38.18]]]},"properties":{"scalerank":0,"featurecla":"Bathymetry","depth":3000}},
{"type":"Feature","geometry":{"type":"Polygon","coordinates":[[[-16.92,-38.03],[-17.1,-38.06],[-17.05,-38.14],[-16.92,-38.03]]]},"properties":{"scalerank":0,"featurecla":"Bathymetry","depth":3000}},
{"type":"Feature","geometry":{"type":"Polygon","coordinates":[[[47.8,-38.67],[48.19,-38.45],[48.05,-38.4],[47.8,-38.67]]]},"properties":{"scalerank":0,"featurecla":"Bathymetry","depth":3000}},
{"type":"Feature","geometry":{"type":"Polygon","coordinates":[[[26.23,-38.4],[26.56,-38.26],[26.55,-38.18],[26.27,-38.33],[26.23,-38.4]]]},"properties":{"scalerank":0,"featurecla":"Bathymetry","depth":3000}},
{"type":"Feature","geometry":{"type":"Polygon","coordinates":[[[47.05,-39.7],[46.96,-39.63],[46.84,-39.73],[47.03,-39.77],[47.05,-39.7]]]},"properties":{"scalerank":0,"featurecla":"Bathymetry","depth":3000}},
{"type":"Feature","geometry":{"type":"Polygon","coordinates":[[[-110.28,-39.94],[-110.31,-39.76],[-110.42,-39.76],[-110.37,-39.89],[-110.28,-39.94]]]},"properties":{"scalerank":0,"featurecla":"Bathymetry","depth":3000}},
{"type":"Feature","geometry":{"type":"Polygon","coordinates":[[[44.6,-40.71],[45.26,-40.38],[44.88,-40.34],[44.6,-40.71]]]},"properties":{"scalerank":0,"featurecla":"Bathymetry","depth":3000}},
{"type":"Feature","geometry":{"type":"Polygon","coordinates":[[[-110.46,-40.29],[-110.36,-40.25],[-110.35,-40.17],[-110.55,-40.19],[-110.46,-40.29]]]},"properties":{"scalerank":0,"featurecla":"Bathymetry","depth":3000}},
{"type":"Feature","geometry":{"type":"Polygon","coordinates":[[[43.04,-40.83],[42.85,-40.64],[42.61,-41.19],[42.41,-42.34],[42.42,-42.62],[42.23,-42.77],[42,-42.65],[42.05,-42.42],[41.83,-42.33],[41.71,-42.74],[41.68,-43.08],[41.55,-43.3],[41.53,-43.58],[41.36,-43.86],[41.57,-43.97],[41.69,-43.66],[41.79,-42.94],[42.03,-42.78],[42.23,-42.95],[42.13,-43.24],[42.31,-43.37],[42.47,-43.06],[42.45,-42.89],[42.63,-42.26],[42.82,-41.09],[43.04,-40.83]]]},"properties":{"scalerank":0,"featurecla":"Bathymetry","depth":3000}},
{"type":"Feature","geometry":{"type":"Polygon","coordinates":[[[-113.8,-41.34],[-113.83,-41.53],[-113.03,-41.45],[-113.47,-41.33],[-113.8,-41.34]]]},"properties":{"scalerank":0,"featurecla":"Bathymetry","depth":3000}},
{"type":"Feature","geometry":{"type":"Polygon","coordinates":[[[89.18,-41.62],[89.21,-41.4],[89.14,-41.38],[89.04,-41.56],[89.18,-41.62]]]},"properties":{"scalerank":0,"featurecla":"Bathymetry","depth":3000}},
{"type":"Feature","geometry":{"type":"Polygon","coordinates":[[[-83.87,-41.91],[-83.92,-41.85],[-83.86,-41.69],[-84.02,-41.74],[-83.95,-41.93],[-83.87,-41.91]]]},"properties":{"scalerank":0,"featurecla":"Bathymetry","depth":3000}},
{"type":"Feature","geometry":{"type":"Polygon","coordinates":[[[78.46,-41.74],[78.62,-41.98],[78.82,-42],[78.9,-41.8],[78.62,-41.89],[78.46,-41.74]]]},"properties":{"scalerank":0,"featurecla":"Bathymetry","depth":3000}},
{"type":"Feature","geometry":{"type":"Polygon","coordinates":[[[-110.26,-42.26],[-110.39,-42.11],[-110.56,-42.21],[-110.26,-42.26]]]},"properties":{"scalerank":0,"featurecla":"Bathymetry","depth":3000}},
{"type":"Feature","geometry":{"type":"Polygon","coordinates":[[[-17.17,-42.24],[-17.16,-42.53],[-16.82,-42.54],[-17.17,-42.24]]]},"properties":{"scalerank":0,"featurecla":"Bathymetry","depth":3000}},
{"type":"Feature","geometry":{"type":"Polygon","coordinates":[[[48.42,-42.38],[48.4,-42.24],[48.33,-42.24],[48.31,-42.4],[48.42,-42.38]]]},"properties":{"scalerank":0,"featurecla":"Bathymetry","depth":3000}},
{"type":"Feature","geometry":{"type":"Polygon","coordinates":[[[-176.29,-42.37],[-176.36,-42.26],[-176.45,-42.36],[-176.29,-42.37]]]},"properties":{"scalerank":0,"featurecla":"Bathymetry","depth":3000}},
{"type":"Feature","geometry":{"type":"Polygon","coordinates":[[[47.17,-42.62],[47.39,-42.34],[47.18,-42.31],[47.17,-42.62]]]},"properties":{"scalerank":0,"featurecla":"Bathymetry","depth":3000}},
{"type":"Feature","geometry":{"type":"Polygon","coordinates":[[[47.66,-42.94],[47.42,-42.77],[47.12,-42.79],[46.83,-43.07],[47.22,-43.04],[47.18,-42.86],[47.66,-42.94]]]},"properties":{"scalerank":0,"featurecla":"Bathymetry","depth":3000}},
{"type":"Feature","geometry":{"type":"Polygon","coordinates":[[[87.4,-42.78],[87.39,-42.85],[87.48,-42.85],[87.49,-42.78],[87.4,-42.78]]]},"properties":{"scalerank":0,"featurecla":"Bathymetry","depth":3000}},
{"type":"Feature","geometry":{"type":"Polygon","coordinates":[[[87.34,-43.27],[87.33,-43.14],[87.2,-43.17],[87.34,-43.27]]]},"properties":{"scalerank":0,"featurecla":"Bathymetry","depth":3000}},
{"type":"Feature","geometry":{"type":"Polygon","coordinates":[[[39.28,-43.7],[39.4,-43.48],[39.62,-43.35],[39.37,-43.14],[39.26,-43.37],[39.28,-43.7]]]},"properties":{"scalerank":0,"featurecla":"Bathymetry","depth":3000}},
{"type":"Feature","geometry":{"type":"Polygon","coordinates":[[[40.51,-43.8],[40.47,-43.59],[40.36,-43.74],[40.51,-43.8]]]},"properties":{"scalerank":0,"featurecla":"Bathymetry","depth":3000}},
{"type":"Feature","geometry":{"type":"Polygon","coordinates":[[[43.48,-43.91],[43.63,-43.86],[43.61,-43.78],[43.48,-43.84],[43.48,-43.91]]]},"properties":{"scalerank":0,"featurecla":"Bathymetry","depth":3000}},
{"type":"Feature","geometry":{"type":"Polygon","coordinates":[[[-16.54,-44.13],[-16.59,-43.96],[-16.69,-44.03],[-16.54,-44.13]]]},"properties":{"scalerank":0,"featurecla":"Bathymetry","depth":3000}},
{"type":"Feature","geometry":{"type":"Polygon","coordinates":[[[49.83,-43.93],[49.56,-43.99],[49.59,-44.13],[49.8,-44.11],[49.83,-43.93]]]},"properties":{"scalerank":0,"featurecla":"Bathymetry","depth":3000}},
{"type":"Feature","geometry":{"type":"Polygon","coordinates":[[[38.95,-44.71],[39.26,-44.14],[39.07,-44.16],[39.1,-44.31],[38.92,-44.59],[38.95,-44.71]]]},"properties":{"scalerank":0,"featurecla":"Bathymetry","depth":3000}},
{"type":"Feature","geometry":{"type":"Polygon","coordinates":[[[48.26,-44.8],[48.31,-44.74],[48.24,-44.45],[48.29,-44.24],[48.2,-44.23],[48.23,-44.34],[48.19,-44.49],[48.21,-44.55],[48.22,-44.75],[48.26,-44.8]]]},"properties":{"scalerank":0,"featurecla":"Bathymetry","depth":3000}},
{"type":"Feature","geometry":{"type":"Polygon","coordinates":[[[38.13,-44.47],[38.28,-44.36],[38.13,-44.35],[37.99,-44.44],[38.13,-44.47]]]},"properties":{"scalerank":0,"featurecla":"Bathymetry","depth":3000}},
{"type":"Feature","geometry":{"type":"Polygon","coordinates":[[[-77.35,-44.78],[-77.42,-44.64],[-77.42,-44.5],[-77.53,-44.42],[-77.64,-44.49],[-77.47,-44.52],[-77.5,-44.65],[-77.46,-44.74],[-77.35,-44.78]]]},"properties":{"scalerank":0,"featurecla":"Bathymetry","depth":3000}},
{"type":"Feature","geometry":{"type":"Polygon","coordinates":[[[94.85,-44.47],[95.06,-44.61],[95.14,-44.55],[95.04,-44.49],[94.85,-44.47]]]},"properties":{"scalerank":0,"featurecla":"Bathymetry","depth":3000}},
{"type":"Feature","geometry":{"type":"Polygon","coordinates":[[[48.1,-45.41],[48.04,-45.31],[47.89,-45.32],[47.97,-45.41],[48.1,-45.41]]]},"properties":{"scalerank":0,"featurecla":"Bathymetry","depth":3000}},
{"type":"Feature","geometry":{"type":"Polygon","coordinates":[[[39.09,-45.89],[39.25,-45.6],[39.19,-45.55],[39.01,-45.84],[39.09,-45.89]]]},"properties":{"scalerank":0,"featurecla":"Bathymetry","depth":3000}},
{"type":"Feature","geometry":{"type":"Polygon","coordinates":[[[35.77,-45.69],[35.81,-45.65],[35.7,-45.58],[35.63,-45.66],[35.77,-45.69]]]},"properties":{"scalerank":0,"featurecla":"Bathymetry","depth":3000}},
{"type":"Feature","geometry":{"type":"Polygon","coordinates":[[[36,-46.2],[35.61,-46.07],[35.7,-46.22],[36,-46.2]]]},"properties":{"scalerank":0,"featurecla":"Bathymetry","depth":3000}},
{"type":"Feature","geometry":{"type":"Polygon","coordinates":[[[38.01,-46.2],[38.09,-46.1],[37.86,-46.07],[37.83,-46.16],[38.01,-46.2]]]},"properties":{"scalerank":0,"featurecla":"Bathymetry","depth":3000}},
{"type":"Feature","geometry":{"type":"Polygon","coordinates":[[[98.03,-47.15],[98.03,-47],[97.88,-47.09],[98.03,-47.15]]]},"properties":{"scalerank":0,"featurecla":"Bathymetry","depth":3000}},
{"type":"Feature","geometry":{"type":"Polygon","coordinates":[[[165.33,-47.7],[165.38,-47.5],[165.49,-47.43],[165.41,-47.36],[165.29,-47.5],[165.26,-47.64],[165.33,-47.7]]]},"properties":{"scalerank":0,"featurecla":"Bathymetry","depth":3000}},
{"type":"Feature","geometry":{"type":"Polygon","coordinates":[[[75.51,-48.22],[75.38,-48.29],[75.35,-48.44],[75.55,-48.43],[75.51,-48.22]]]},"properties":{"scalerank":0,"featurecla":"Bathymetry","depth":3000}},
{"type":"Feature","geometry":{"type":"Polygon","coordinates":[[[-114.92,-48.52],[-114.8,-48.45],[-114.85,-48.41],[-115.02,-48.47],[-114.92,-48.52]]]},"properties":{"scalerank":0,"featurecla":"Bathymetry","depth":3000}},
{"type":"Feature","geometry":{"type":"Polygon","coordinates":[[[-117.1,-49.37],[-117.28,-49.39],[-117.18,-49.48],[-117.1,-49.37]]]},"properties":{"scalerank":0,"featurecla":"Bathymetry","depth":3000}},
{"type":"Feature","geometry":{"type":"Polygon","coordinates":[[[-111.91,-49.96],[-111.99,-49.77],[-112.27,-49.71],[-112.27,-49.91],[-111.91,-49.96]]]},"properties":{"scalerank":0,"featurecla":"Bathymetry","depth":3000}},
{"type":"Feature","geometry":{"type":"Polygon","coordinates":[[[-112.65,-49.86],[-112.66,-49.75],[-112.8,-49.77],[-112.65,-49.86]]]},"properties":{"scalerank":0,"featurecla":"Bathymetry","depth":3000}},
{"type":"Feature","geometry":{"type":"Polygon","coordinates":[[[-116.65,-52.47],[-116.62,-52.42],[-116.78,-52.31],[-116.87,-52.34],[-116.79,-52.42],[-116.65,-52.47]]]},"properties":{"scalerank":0,"featurecla":"Bathymetry","depth":3000}},
{"type":"Feature","geometry":{"type":"Polygon","coordinates":[[[-7.01,-53.09],[-7.09,-52.77],[-7.27,-52.89],[-7.01,-53.09]]]},"properties":{"scalerank":0,"featurecla":"Bathymetry","depth":3000}},
{"type":"Feature","geometry":{"type":"Polygon","coordinates":[[[8.78,-53.31],[8.79,-53.16],[8.6,-53.11],[8.51,-53.42],[8.78,-53.31]]]},"properties":{"scalerank":0,"featurecla":"Bathymetry","depth":3000}},
{"type":"Feature","geometry":{"type":"Polygon","coordinates":[[[-48.82,-53.18],[-48.79,-53],[-49.25,-52.99],[-49.39,-53.19],[-48.82,-53.18]]]},"properties":{"scalerank":0,"featurecla":"Bathymetry","depth":3000}},
{"type":"Feature","geometry":{"type":"Polygon","coordinates":[[[7.76,-53.58],[7.82,-53.45],[7.66,-53.46],[7.76,-53.58]]]},"properties":{"scalerank":0,"featurecla":"Bathymetry","depth":3000}},
{"type":"Feature","geometry":{"type":"Polygon","coordinates":[[[2.45,-53.57],[2.43,-53.41],[2.31,-53.43],[2.36,-53.54],[2.45,-53.57]]]},"properties":{"scalerank":0,"featurecla":"Bathymetry","depth":3000}},
{"type":"Feature","geometry":{"type":"Polygon","coordinates":[[[22.51,-53.48],[22.32,-53.49],[22.39,-53.57],[22.51,-53.48]]]},"properties":{"scalerank":0,"featurecla":"Bathymetry","depth":3000}},
{"type":"Feature","geometry":{"type":"Polygon","coordinates":[[[-5.37,-53.64],[-5.43,-53.49],[-5.63,-53.57],[-5.49,-53.76],[-5.37,-53.64]]]},"properties":{"scalerank":0,"featurecla":"Bathymetry","depth":3000}},
{"type":"Feature","geometry":{"type":"Polygon","coordinates":[[[82.25,-53.53],[82.44,-53.65],[82.53,-53.62],[82.25,-53.53]]]},"properties":{"scalerank":0,"featurecla":"Bathymetry","depth":3000}},
{"type":"Feature","geometry":{"type":"Polygon","coordinates":[[[-6.24,-54.24],[-6.14,-54.14],[-6.34,-54.08],[-6.33,-54.21],[-6.24,-54.24]]]},"properties":{"scalerank":0,"featurecla":"Bathymetry","depth":3000}},
{"type":"Feature","geometry":{"type":"Polygon","coordinates":[[[-119.61,-54.36],[-119.62,-54.29],[-119.9,-54.24],[-119.97,-54.11],[-120.07,-54.12],[-119.92,-54.29],[-119.61,-54.36]]]},"properties":{"scalerank":0,"featurecla":"Bathymetry","depth":3000}},
{"type":"Feature","geometry":{"type":"Polygon","coordinates":[[[4.94,-54.12],[4.85,-54.22],[4.58,-54.26],[4.53,-54.36],[4.94,-54.29],[4.94,-54.12]]]},"properties":{"scalerank":0,"featurecla":"Bathymetry","depth":3000}},
{"type":"Feature","geometry":{"type":"Polygon","coordinates":[[[-2.4,-54.14],[-2.45,-54.12],[-2.73,-54.26],[-2.59,-54.27],[-2.4,-54.14]]]},"properties":{"scalerank":0,"featurecla":"Bathymetry","depth":3000}},
{"type":"Feature","geometry":{"type":"Polygon","coordinates":[[[-118.68,-54.56],[-118.78,-54.46],[-118.99,-54.48],[-118.79,-54.56],[-118.68,-54.56]]]},"properties":{"scalerank":0,"featurecla":"Bathymetry","depth":3000}},
{"type":"Feature","geometry":{"type":"Polygon","coordinates":[[[-136.37,-55.95],[-136.61,-55.8],[-136.53,-56.05],[-136.37,-55.95]]]},"properties":{"scalerank":0,"featurecla":"Bathymetry","depth":3000}},
{"type":"Feature","geometry":{"type":"Polygon","coordinates":[[[75.44,-56.14],[75.76,-56.2],[76.03,-55.94],[75.69,-55.83],[75.41,-55.89],[75.44,-56.14]]]},"properties":{"scalerank":0,"featurecla":"Bathymetry","depth":3000}},
{"type":"Feature","geometry":{"type":"Polygon","coordinates":[[[-143.83,-56.22],[-144,-56.19],[-144.03,-56.35],[-143.84,-56.37],[-143.83,-56.22]]]},"properties":{"scalerank":0,"featurecla":"Bathymetry","depth":3000}},
{"type":"Feature","geometry":{"type":"Polygon","coordinates":[[[144.72,-56.31],[144.74,-56.24],[144.65,-56.23],[144.63,-56.31],[144.72,-56.31]]]},"properties":{"scalerank":0,"featurecla":"Bathymetry","depth":3000}},
{"type":"Feature","geometry":{"type":"Polygon","coordinates":[[[145.19,-56.49],[144.91,-56.42],[144.93,-56.58],[145.19,-56.49]]]},"properties":{"scalerank":0,"featurecla":"Bathymetry","depth":3000}},
{"type":"Feature","geometry":{"type":"Polygon","coordinates":[[[75,-56.64],[74.97,-56.54],[74.85,-56.48],[74.79,-56.57],[75,-56.64]]]},"properties":{"scalerank":0,"featurecla":"Bathymetry","depth":3000}},
{"type":"Feature","geometry":{"type":"Polygon","coordinates":[[[-33.36,-58.3],[-33.6,-58.18],[-33.63,-58.33],[-33.36,-58.3]]]},"properties":{"scalerank":0,"featurecla":"Bathymetry","depth":3000}},
{"type":"Feature","geometry":{"type":"Polygon","coordinates":[[[-45.87,-58.56],[-45.78,-58.46],[-45.89,-58.42],[-45.87,-58.56]]]},"properties":{"scalerank":0,"featurecla":"Bathymetry","depth":3000}},
{"type":"Feature","geometry":{"type":"Polygon","coordinates":[[[-29.54,-59.64],[-29.49,-59.52],[-29.6,-59.47],[-29.54,-59.64]]]},"properties":{"scalerank":0,"featurecla":"Bathymetry","depth":3000}},
{"type":"Feature","geometry":{"type":"Polygon","coordinates":[[[-29.98,-59.71],[-29.95,-59.6],[-30.05,-59.57],[-30.12,-59.69],[-29.98,-59.71]]]},"properties":{"scalerank":0,"featurecla":"Bathymetry","depth":3000}},
{"type":"Feature","geometry":{"type":"Polygon","coordinates":[[[150.86,-60.28],[150.88,-60.2],[150.54,-59.91],[150.73,-60.22],[150.86,-60.28]]]},"properties":{"scalerank":0,"featurecla":"Bathymetry","depth":3000}},
{"type":"Feature","geometry":{"type":"Polygon","coordinates":[[[-33.31,-60.07],[-33.36,-60],[-33.51,-60.04],[-33.48,-60.1],[-33.31,-60.07]]]},"properties":{"scalerank":0,"featurecla":"Bathymetry","depth":3000}},
{"type":"Feature","geometry":{"type":"Polygon","coordinates":[[[-47.64,-60.22],[-48.29,-60.25],[-47.75,-60.38],[-47.64,-60.22]]]},"properties":{"scalerank":0,"featurecla":"Bathymetry","depth":3000}},
{"type":"Feature","geometry":{"type":"Polygon","coordinates":[[[-50.76,-60.26],[-50.94,-60.45],[-50.46,-60.4],[-50.76,-60.26]]]},"properties":{"scalerank":0,"featurecla":"Bathymetry","depth":3000}},
{"type":"Feature","geometry":{"type":"Polygon","coordinates":[[[160.82,-61.01],[160.92,-60.86],[160.75,-60.79],[160.69,-60.94],[160.82,-61.01]]]},"properties":{"scalerank":0,"featurecla":"Bathymetry","depth":3000}},
{"type":"Feature","geometry":{"type":"Polygon","coordinates":[[[163.58,-61.27],[163.91,-61.53],[164.06,-61.3],[163.58,-61.27]]]},"properties":{"scalerank":0,"featurecla":"Bathymetry","depth":3000}},
{"type":"Feature","geometry":{"type":"Polygon","coordinates":[[[156.22,-61.55],[156.2,-61.32],[156.03,-61.13],[155.86,-61.18],[156.22,-61.55]]]},"properties":{"scalerank":0,"featurecla":"Bathymetry","depth":3000}},
{"type":"Feature","geometry":{"type":"Polygon","coordinates":[[[161.9,-61.18],[161.81,-61.22],[162.18,-61.43],[162.16,-61.26],[161.9,-61.18]]]},"properties":{"scalerank":0,"featurecla":"Bathymetry","depth":3000}},
{"type":"Feature","geometry":{"type":"Polygon","coordinates":[[[161.75,-61.89],[161.57,-61.78],[161.38,-61.57],[161.3,-61.61],[161.47,-61.75],[161.75,-61.89]]]},"properties":{"scalerank":0,"featurecla":"Bathymetry","depth":3000}},
{"type":"Feature","geometry":{"type":"Polygon","coordinates":[[[-156.88,-61.64],[-157.13,-61.66],[-157.35,-61.78],[-157.14,-61.82],[-156.88,-61.64]]]},"properties":{"scalerank":0,"featurecla":"Bathymetry","depth":3000}},
{"type":"Feature","geometry":{"type":"Polygon","coordinates":[[[-166.86,-62.21],[-167.27,-62.1],[-167.28,-62.2],[-166.86,-62.21]]]},"properties":{"scalerank":0,"featurecla":"Bathymetry","depth":3000}},
{"type":"Feature","geometry":{"type":"Polygon","coordinates":[[[-161.19,-62.74],[-161.21,-62.69],[-161.34,-62.63],[-161.63,-62.56],[-161.54,-62.64],[-161.35,-62.66],[-161.19,-62.74]]]},"properties":{"scalerank":0,"featurecla":"Bathymetry","depth":3000}},
{"type":"Feature","geometry":{"type":"Polygon","coordinates":[[[162.94,-63.42],[163.01,-62.9],[162.77,-63.09],[162.82,-63.38],[162.94,-63.42]]]},"properties":{"scalerank":0,"featurecla":"Bathymetry","depth":3000}},
{"type":"Feature","geometry":{"type":"Polygon","coordinates":[[[165.01,-62.92],[164.9,-62.93],[165.29,-63.1],[165.3,-63.05],[165.01,-62.92]]]},"properties":{"scalerank":0,"featurecla":"Bathymetry","depth":3000}},
{"type":"Feature","geometry":{"type":"Polygon","coordinates":[[[168.58,-63],[168.72,-63.14],[168.89,-63.15],[168.84,-63.03],[168.58,-63]]]},"properties":{"scalerank":0,"featurecla":"Bathymetry","depth":3000}},
{"type":"Feature","geometry":{"type":"Polygon","coordinates":[[[-171.03,-63.41],[-171.14,-63.24],[-171.2,-63.26],[-171.18,-63.41],[-171.03,-63.41]]]},"properties":{"scalerank":0,"featurecla":"Bathymetry","depth":3000}},
{"type":"Feature","geometry":{"type":"Polygon","coordinates":[[[167.22,-63.25],[167.4,-63.43],[167.53,-63.34],[167.22,-63.25]]]},"properties":{"scalerank":0,"featurecla":"Bathymetry","depth":3000}},
{"type":"Feature","geometry":{"type":"Polygon","coordinates":[[[-161.37,-63.52],[-161.1,-63.45],[-161.14,-63.39],[-161.4,-63.43],[-161.37,-63.52]]]},"properties":{"scalerank":0,"featurecla":"Bathymetry","depth":3000}},
{"type":"Feature","geometry":{"type":"Polygon","coordinates":[[[-164.62,-63.62],[-165.09,-63.63],[-164.91,-63.75],[-164.62,-63.62]]]},"properties":{"scalerank":0,"featurecla":"Bathymetry","depth":3000}},
{"type":"Feature","geometry":{"type":"Polygon","coordinates":[[[-163.82,-63.61],[-164.37,-63.69],[-163.87,-63.7],[-163.82,-63.61]]]},"properties":{"scalerank":0,"featurecla":"Bathymetry","depth":3000}},
{"type":"Feature","geometry":{"type":"Polygon","coordinates":[[[-172.25,-63.84],[-172.43,-63.83],[-172.25,-63.93],[-172.17,-63.92],[-172.08,-63.84],[-172.25,-63.84]]]},"properties":{"scalerank":0,"featurecla":"Bathymetry","depth":3000}},
{"type":"Feature","geometry":{"type":"Polygon","coordinates":[[[175.78,-63.75],[175.56,-63.77],[175.82,-63.87],[175.78,-63.75]]]},"properties":{"scalerank":0,"featurecla":"Bathymetry","depth":3000}},
{"type":"Feature","geometry":{"type":"Polygon","coordinates":[[[-171.68,-63.91],[-171.84,-63.96],[-171.7,-64.03],[-171.43,-64.04],[-171.68,-63.91]]]},"properties":{"scalerank":0,"featurecla":"Bathymetry","depth":3000}},
{"type":"Feature","geometry":{"type":"Polygon","coordinates":[[[168.59,-64.14],[168.4,-64.45],[168.83,-64.47],[169.37,-64.17],[168.59,-64.14]]]},"properties":{"scalerank":0,"featurecla":"Bathymetry","depth":3000}},
{"type":"Feature","geometry":{"type":"Polygon","coordinates":[[[-173.2,-64.42],[-173.16,-64.3],[-173.38,-64.37],[-173.2,-64.42]]]},"properties":{"scalerank":0,"featurecla":"Bathymetry","depth":3000}},
{"type":"Feature","geometry":{"type":"Polygon","coordinates":[[[174.59,-64.44],[174.67,-64.39],[174.5,-64.31],[174.45,-64.38],[174.59,-64.44]]]},"properties":{"scalerank":0,"featurecla":"Bathymetry","depth":3000}},
{"type":"Feature","geometry":{"type":"Polygon","coordinates":[[[176.86,-64.58],[176.65,-64.41],[176.57,-64.53],[176.86,-64.58]]]},"properties":{"scalerank":0,"featurecla":"Bathymetry","depth":3000}},
{"type":"Feature","geometry":{"type":"Polygon","coordinates":[[[-175.58,-64.56],[-175.77,-64.47],[-175.84,-64.5],[-175.58,-64.56]]]},"properties":{"scalerank":0,"featurecla":"Bathymetry","depth":3000}},
{"type":"Feature","geometry":{"type":"Polygon","coordinates":[[[-166.14,-64.53],[-166.08,-64.62],[-165.96,-64.56],[-166.14,-64.53]]]},"properties":{"scalerank":0,"featurecla":"Bathymetry","depth":3000}},
{"type":"Feature","geometry":{"type":"Polygon","coordinates":[[[160.77,-64.87],[160.69,-64.82],[160.56,-64.83],[160.62,-64.9],[160.77,-64.87]]]},"properties":{"scalerank":0,"featurecla":"Bathymetry","depth":3000}},
{"type":"Feature","geometry":{"type":"Polygon","coordinates":[[[162.53,-65.14],[162.49,-65.01],[162.37,-65.04],[162.37,-65.11],[162.53,-65.14]]]},"properties":{"scalerank":0,"featurecla":"Bathymetry","depth":3000}},
{"type":"Feature","geometry":{"type":"Polygon","coordinates":[[[88.82,-65.62],[88.72,-65.54],[88.1,-65.56],[88.06,-65.59],[88.82,-65.62]]]},"properties":{"scalerank":0,"featurecla":"Bathymetry","depth":3000}},
{"type":"Feature","geometry":{"type":"Polygon","coordinates":[[[-175.04,-65.74],[-175.14,-65.63],[-175.46,-65.6],[-175.04,-65.74]]]},"properties":{"scalerank":0,"featurecla":"Bathymetry","depth":3000}},
{"type":"Feature","geometry":{"type":"Polygon","coordinates":[[[-175.95,-65.82],[-176.1,-65.75],[-176.29,-65.82],[-175.95,-65.82]]]},"properties":{"scalerank":0,"featurecla":"Bathymetry","depth":3000}},
{"type":"Feature","geometry":{"type":"Polygon","coordinates":[[[-177.26,-65.93],[-177.12,-66.05],[-176.74,-66.11],[-176.86,-65.94],[-177.26,-65.93]]]},"properties":{"scalerank":0,"featurecla":"Bathymetry","depth":3000}},
{"type":"Feature","geometry":{"type":"Polygon","coordinates":[[[-175.9,-66.12],[-175.88,-66.03],[-176.09,-66.02],[-176.28,-66.1],[-175.9,-66.12]]]},"properties":{"scalerank":0,"featurecla":"Bathymetry","depth":3000}},
{"type":"Feature","geometry":{"type":"Polygon","coordinates":[[[165.73,-66.32],[165.64,-66.05],[165.2,-66.17],[165.12,-66.35],[165.76,-66.69],[165.73,-66.32]]]},"properties":{"scalerank":0,"featurecla":"Bathymetry","depth":3000}},
{"type":"Feature","geometry":{"type":"Polygon","coordinates":[[[-177.5,-66.19],[-176.98,-66.4],[-177,-66.36],[-177.29,-66.24],[-177.42,-66.17],[-177.5,-66.19]]]},"properties":{"scalerank":0,"featurecla":"Bathymetry","depth":3000}},
{"type":"Feature","geometry":{"type":"Polygon","coordinates":[[[-51.29,-69.03],[-51.21,-68.89],[-51.55,-68.79],[-51.67,-68.93],[-51.29,-69.03]]]},"properties":{"scalerank":0,"featurecla":"Bathymetry","depth":3000}},
{"type":"Feature","geometry":{"type":"Polygon","coordinates":[[[170.33,-69.16],[170.47,-69.03],[170.19,-69.04],[170.33,-69.16]]]},"properties":{"scalerank":0,"featurecla":"Bathymetry","depth":3000}},
{"type":"Feature","geometry":{"type":"Polygon","coordinates":[[[-119.1,-69.6],[-119.15,-69.87],[-118.95,-69.9],[-118.87,-69.74],[-119.1,-69.6]]]},"properties":{"scalerank":0,"featurecla":"Bathymetry","depth":3000}},
{"type":"Feature","geometry":{"type":"Polygon","coordinates":[[[23.66,-69.75],[23.25,-69.78],[23.58,-69.89],[23.66,-69.75]]]},"properties":{"scalerank":0,"featurecla":"Bathymetry","depth":3000}},
{"type":"Feature","geometry":{"type":"Polygon","coordinates":[[[-120.01,-70.1],[-120.7,-70.24],[-119.98,-70.34],[-120.01,-70.1]]]},"properties":{"scalerank":0,"featurecla":"Bathymetry","depth":3000}},
{"type":"Feature","geometry":{"type":"Polygon","coordinates":[[[-117.36,-70.34],[-117.67,-70.3],[-117.49,-70.5],[-117.36,-70.34]]]},"properties":{"scalerank":0,"featurecla":"Bathymetry","depth":3000}},
{"type":"Feature","geometry":{"type":"Polygon","coordinates":[[[-127.21,-71.95],[-127.18,-71.86],[-127.4,-71.84],[-127.36,-71.92],[-127.21,-71.95]]]},"properties":{"scalerank":0,"featurecla":"Bathymetry","depth":3000}},
{"type":"Feature","geometry":{"type":"Polygon","coordinates":[[[-175.31,-73.24],[-175.45,-73.32],[-175.13,-73.34],[-175.31,-73.24]]]},"properties":{"scalerank":0,"featurecla":"Bathymetry","depth":3000}},
{"type":"Feature","geometry":{"type":"Polygon","coordinates":[[[-173.13,-73.55],[-173.28,-73.49],[-173.4,-73.55],[-173.13,-73.55]]]},"properties":{"scalerank":0,"featurecla":"Bathymetry","depth":3000}},
{"type":"Feature","geometry":{"type":"Polygon","coordinates":[[[-173.64,-73.9],[-173.66,-73.7],[-173.86,-73.74],[-173.84,-73.89],[-173.64,-73.9]]]},"properties":{"scalerank":0,"featurecla":"Bathymetry","depth":3000}},
{"type":"Feature","geometry":{"type":"Polygon","coordinates":[[[-125.25,83.57],[-124.16,84.09],[-131.76,84.19],[-133.64,83.9],[-134.5,83.26],[-136.3,83.17],[-137.39,82.85],[-138.77,83.16],[-142.05,83.15],[-142.72,82.78],[-141.31,82.79],[-140.95,82.48],[-141.43,82.34],[-140.62,82.12],[-141.11,81.93],[-144.34,81.82],[-144.35,82.03],[-146.3,81.95],[-146.24,82.29],[-146.77,82.41],[-148.59,82.15],[-150.34,82.63],[-150.55,83.07],[-147.4,83.49],[-153.6,83.05],[-153.68,83.54],[-158.64,83.5],[-159.05,83.18],[-160.95,83.29],[-163.03,83.11],[-163.83,83.42],[-165.98,83.81],[-167.76,83.69],[-168.49,83.41],[-170.14,83.18],[-173.83,83.11],[-173.76,82.94],[-172.22,82.77],[-172.47,82.59],[-174.4,82.55],[-174.37,82.06],[-172.26,81.66],[-172.49,81.22],[-174.65,81.38],[-174.93,81.27],[-174.65,80.78],[-173.83,80.52],[-173,80.41],[-171.29,80.02],[-171,79.78],[-168.37,79.43],[-166.15,79.8],[-164.7,79.86],[-163.68,79.6],[-160.94,79.25],[-158.81,79.25],[-158.14,79.08],[-159,78.87],[-157.3,78.71],[-158.81,78.55],[-158.52,78.31],[-156.24,78.6],[-155.55,78.55],[-154.93,78.81],[-154.56,79.29],[-153.44,78.91],[-153.42,78.63],[-152.46,77.97],[-152.73,77.53],[-152.4,77.46],[-152.47,77.14],[-153.06,77.04],[-152.98,76.85],[-153.77,76.75],[-154.76,76.38],[-155.47,75.83],[-155.97,75.63],[-155.92,75.32],[-156.91,74.95],[-157.19,74.72],[-158.47,74.14],[-159.38,73.87],[-158.81,73.73],[-157.27,73.54],[-157.41,73.35],[-156.14,73.13],[-155.24,72.83],[-153.58,72.52],[-151.57,72.23],[-150.96,72.1],[-149.76,71.95],[-148.32,71.86],[-146.85,71.61],[-145.35,71.5],[-144.25,71.52],[-143.33,71.38],[-142.14,71.42],[-142.41,71.73],[-142.22,71.99],[-141.73,72.19],[-141.67,72.37],[-140.76,72.46],[-139.77,72.73],[-139.64,72.95],[-138.7,73.16],[-138.58,73.41],[-137.5,73.32],[-137.07,73.51],[-135.89,73.61],[-133.38,74.31],[-132.78,74.87],[-133.2,75.99],[-132.72,76.24],[-133,76.41],[-132.09,76.59],[-131.48,76.83],[-131.1,77.15],[-129.86,77.28],[-129.86,77.95],[-128.83,78.48],[-128.46,78.55],[-129.63,79.07],[-128.48,79.2],[-127.32,79.05],[-126.94,79.34],[-127.66,80.01],[-128.84,80.05],[-128.87,80.25],[-127,80.52],[-127.15,80.76],[-125.67,80.89],[-125.22,80.51],[-124.54,80.19],[-123.23,80.26],[-120.34,80.52],[-121.15,80.83],[-120.7,81.05],[-120.54,81.84],[-122.15,81.88],[-122.1,82.07],[-118.09,82.08],[-116.81,81.96],[-110.04,82.49],[-110.06,82.91],[-112.6,82.94],[-113,83.25],[-116.16,83.28],[-116.32,83.4],[-120.19,83.34],[-119.97,83.67],[-120.82,83.83],[-125.25,83.57]],[[-124.21,83.24],[-125.11,82.87],[-126.59,82.98],[-125.47,83.23],[-124.21,83.24]],[[-161.27,80.72],[-161.36,80.51],[-162.5,80.5],[-163.87,80.35],[-164.77,80.67],[-162.58,80.76],[-161.27,80.72]],[[-122.21,80.76],[-121.37,80.63],[-122.76,80.47],[-123.51,80.65],[-122.21,80.76]]]},"properties":{"scalerank":0,"featurecla":"Bathymetry","depth":3000}},
{"type":"Feature","geometry":{"type":"Polygon","coordinates":[[[-4.15,73.8],[-3.2,73.72],[-2.99,73.9],[-1.43,73.98],[-0.23,74.2],[1.68,74.34],[1.67,74.13],[0.86,74.02],[0.96,73.82],[2.07,73.79],[2.09,73.53],[3.53,73.61],[3.65,73.94],[4.2,73.9],[4.38,74.2],[5.15,74.26],[5.06,74.5],[5.42,75.04],[5.15,75.35],[4.62,75.41],[4.53,75.65],[3.9,75.67],[2.06,75.96],[0.42,76.13],[0.5,76.4],[1.73,76.3],[2.59,76.1],[3.21,76.13],[4.15,76.42],[2.6,76.43],[3.37,76.75],[4.1,76.77],[4.04,77.02],[3.21,77.02],[3.1,77.42],[2.69,77.77],[3.6,77.74],[4.28,77.99],[2.69,78.18],[1.63,78.14],[0.89,78.29],[-0.46,78.34],[-0.94,77.93],[-2.57,77.02],[-1.58,76.8],[-1.47,76.56],[-0.07,76.3],[-0.02,76.1],[0.8,75.8],[1.2,76.01],[2.54,75.79],[2.81,75.58],[3.37,75.49],[3.34,75],[1.85,74.89],[-0.16,75.72],[-0.4,75.9],[-1.3,76.03],[-2.3,76.63],[-3.47,76.7],[-4.3,76.34],[-4.94,76.25],[-5.11,75.94],[-7.63,75.65],[-8.5,75.36],[-9.02,75.36],[-9.7,75.15],[-10.72,74.96],[-11.06,74.59],[-10.5,74.44],[-10.58,74.09],[-10.23,73.8],[-9.49,73.84],[-8.62,73.72],[-8.54,73.29],[-7.26,73.4],[-6.6,73.61],[-5.52,73.46],[-4.93,73.56],[-4.11,73.44],[-4.15,73.8]]]},"properties":{"scalerank":0,"featurecla":"Bathymetry","depth":3000}},
{"type":"Feature","geometry":{"type":"Polygon","coordinates":[[[2.42,75.55],[2.24,75.49],[2.48,75.48],[2.42,75.55]]]},"properties":{"scalerank":0,"featurecla":"Bathymetry","depth":3000}},
{"type":"Feature","geometry":{"type":"Polygon","coordinates":[[[4.62,74.12],[4.66,73.92],[5.12,73.93],[5.22,74.07],[4.62,74.12]]]},"properties":{"scalerank":0,"featurecla":"Bathymetry","depth":3000}},
{"type":"Feature","geometry":{"type":"Polygon","coordinates":[[[-5.8,69.63],[-5.98,69.29],[-6.12,68.63],[-6.06,68],[-6.26,67.69],[-6.12,67.39],[-6.28,66.48],[-6.43,66.17],[-6.09,66.14],[-6.09,65.75],[-5.47,65.96],[-4.94,66.35],[-4.47,66.37],[-4.87,66.05],[-4.97,65.58],[-5.22,65.33],[-6.7,64.82],[-6.41,64.73],[-5.92,64.79],[-6.36,64.39],[-6.12,64.18],[-6.27,63.91],[-4.44,63.91],[-4.03,64.01],[-4.02,64.16],[-3.5,64.34],[-2.82,64.36],[-2.78,64.51],[-2.1,64.75],[-1.82,65.04],[-1.05,65.24],[-0.67,65.21],[-0.31,65.34],[-0.19,65.62],[0.29,65.69],[-0.05,65.88],[0.01,66.11],[0.48,66.02],[0.6,66.26],[1.47,66.2],[0.82,66.94],[0.92,67.43],[0.44,67.58],[0.84,67.78],[0.91,68.02],[0.41,68.02],[-0.65,68.4],[-1.44,68.87],[-1.62,69.19],[-1.37,69.38],[-0.47,69.36],[0.11,69.14],[0.96,69.22],[1.82,68.92],[2.44,68.79],[2.95,68.57],[3.24,68.64],[4.06,68.63],[4.44,68.71],[4.99,68.66],[5.74,68.71],[6.64,68.86],[6.84,68.65],[7.73,68.86],[8.45,68.94],[9.34,68.95],[9.86,68.71],[10.47,68.92],[9.71,69.09],[9.66,69.33],[8.82,69.59],[8.51,69.59],[8.19,70.14],[7.45,70.19],[6.95,70.46],[7.17,71.02],[6.62,71.23],[6.55,71.49],[5.9,71.45],[5.52,71.28],[4.75,71.37],[4.77,71.57],[4.45,71.85],[3.26,71.76],[3.26,71.54],[3.79,71.4],[3.18,71.25],[3.07,71.55],[2.62,71.52],[2.5,71.31],[1.7,71.14],[0.97,71.11],[0.22,70.89],[-0.15,70.96],[-0.22,71.38],[-1.29,70.94],[-1.13,70.73],[-0.25,70.4],[-0.13,70.22],[-0.54,70.1],[-1.03,70.13],[-1.43,69.89],[-0.41,69.72],[-0.23,69.45],[-1.07,69.46],[-1.1,69.63],[-1.66,69.89],[-2.4,69.89],[-2.53,69.59],[-3.2,69.71],[-3,70.08],[-3.43,70.08],[-3.7,69.87],[-4.78,69.88],[-5.5,69.94],[-5.18,69.58],[-5.8,69.63]],[[-2.46,68.87],[-3.15,69.04],[-3.36,69.22],[-4.56,69.58],[-3.43,69.5],[-3.22,69.36],[-2.38,69.05],[-2.46,68.87]],[[-0.22,66.62],[0.37,66.71],[0.49,66.48],[0.16,66.43],[-0.22,66.62]],[[-3.74,65.71],[-3.69,65.61],[-4.45,65.07],[-4.75,65.08],[-5.02,64.5],[-5.46,64.24],[-5.89,64.65],[-5.71,64.87],[-4.59,65.29],[-4.33,65.53],[-3.74,65.71]],[[0.98,70.41],[0.6,70.57],[0.7,70.75],[2.12,70.77],[2.3,70.58],[1.61,70.42],[0.98,70.41]]]},"properties":{"scalerank":0,"featurecla":"Bathymetry","depth":3000}},
{"type":"Feature","geometry":{"type":"Polygon","coordinates":[[[-29.75,55.78],[-29.91,55.64],[-29.51,55.66],[-29.75,55.78]]]},"properties":{"scalerank":0,"featurecla":"Bathymetry","depth":3000}},
{"type":"Feature","geometry":{"type":"Polygon","coordinates":[[[-24.94,54.82],[-24.96,55.03],[-25.06,54.96],[-24.94,54.82]]]},"properties":{"scalerank":0,"featurecla":"Bathymetry","depth":3000}},
{"type":"Feature","geometry":{"type":"Polygon","coordinates":[[[153.02,48.66],[152.71,48.57],[152.26,48.56],[151.8,48.76],[151.18,48.6],[150.82,48.27],[150.16,48.35],[149.26,47.88],[148.7,47.97],[148.2,47.95],[147.87,47.73],[147.41,47.74],[146.92,47.55],[146.61,47.57],[146.38,47.46],[145.94,47.57],[145.67,47.45],[145.59,47.16],[145.27,47.18],[145.23,46.9],[144.81,46.7],[144.86,46.46],[144.7,46.37],[144.86,46.09],[144.57,46.04],[144.76,45.81],[144.96,45.77],[145.11,45.5],[145.46,45.5],[145.85,45.29],[146.11,45.39],[146.25,45.24],[146.58,45.36],[146.81,45.29],[147.05,45.4],[147.26,45.31],[147.44,45.68],[147.7,45.65],[147.99,46.15],[148.22,46.01],[148.59,46.15],[148.9,46.18],[149.12,46.01],[149.45,46.15],[149.94,46.55],[150.44,46.49],[150.62,46.59],[150.33,47.06],[150.68,47.36],[150.89,47.32],[150.89,47.01],[151.02,46.74],[151.23,46.66],[151.39,47.2],[151.73,47.37],[151.8,47.54],[152.14,47.77],[152.56,47.87],[152.88,48.14],[152.81,48.28],[153.02,48.66]]]},"properties":{"scalerank":0,"featurecla":"Bathymetry","depth":3000}},
{"type":"Feature","geometry":{"type":"Polygon","coordinates":[[[133.08,39.84],[133.48,40.28],[134.37,40.6],[134.57,40.58],[135,40.87],[135.3,40.89],[135.43,40.67],[135.78,40.57],[136.39,40.54],[136.58,40.37],[136.74,40.57],[137.71,40.64],[137.93,40.58],[138.15,40.33],[138.48,40.58],[138.71,40.46],[138.96,40.49],[139.3,40.85],[139.2,41.04],[138.69,41.24],[138.62,41.72],[139.18,42.08],[139.3,42.31],[139.12,42.57],[139.27,42.93],[139.15,43.29],[139.21,43.65],[139.07,43.8],[139.08,44.27],[138.92,44.41],[138.67,44.28],[138.69,44.04],[138.36,43.88],[137.86,43.92],[137.61,44.03],[137.37,43.91],[135.95,43.6],[135.3,43.14],[135.16,42.72],[134.38,42.44],[133.84,42.4],[133.91,42.21],[133.66,41.98],[133.48,42.23],[133.06,42.34],[132.79,42.34],[132.65,42.17],[132.8,42.03],[132.7,41.65],[132.27,41.61],[132.14,41.9],[131.64,41.77],[131.38,41.62],[131.21,41.7],[130.99,41.45],[130.61,41.24],[130.52,40.95],[130.66,40.73],[130.53,40.62],[130.92,40.13],[130.96,39.98],[131.72,39.99],[131.66,39.71],[131.4,39.72],[131.28,39.5],[131.07,39.53],[130.91,39.28],[130.66,39.15],[130.51,38.94],[130.78,38.83],[130.9,38.63],[131.23,38.88],[131.43,38.95],[131.64,39.29],[132,39.29],[132.15,39.51],[132.09,39.93],[132.85,40.03],[133.08,39.84]],[[138.5,43.22],[138.25,43.22],[138.15,43.44],[138.43,43.47],[138.5,43.22]],[[139.05,43.52],[139.1,43.34],[138.74,43.25],[138.65,43.37],[139.05,43.52]],[[130.85,38.99],[131.19,39.02],[131.06,38.8],[130.85,38.99]]]},"properties":{"scalerank":0,"featurecla":"Bathymetry","depth":3000}},
{"type":"Feature","geometry":{"type":"Polygon","coordinates":[[[-126.94,43.18],[-126.85,43.11],[-126.79,43.18],[-126.94,43.18]]]},"properties":{"scalerank":0,"featurecla":"Bathymetry","depth":3000}},
{"type":"Feature","geometry":{"type":"Polygon","coordinates":[[[21.32,33.35],[21.24,33.41],[20.76,33.42],[20.62,33.52],[20.3,33.46],[20.4,33.7],[20.22,33.92],[20.13,34.23],[19.92,34.67],[19.75,34.88],[19.85,35],[19.87,35.32],[20.14,35.39],[20.3,35.63],[20.52,35.42],[20.68,35.79],[20.5,35.87],[20.41,36.31],[20.23,36.38],[20.17,36.85],[20.4,36.94],[20.7,36.78],[20.86,36.55],[20.83,36.24],[21.07,35.99],[21.1,35.75],[21.34,35.47],[21.29,35.27],[21.58,34.87],[22.03,34.8],[22.23,34.71],[22.34,34.92],[22.6,34.99],[23.02,34.85],[23.3,35],[23.2,35.28],[23.07,35.31],[22.42,35.87],[22.06,36.26],[21.71,36.41],[21.53,36.71],[21.14,36.76],[21.02,36.86],[20.71,36.84],[20.46,36.99],[20.47,37.33],[20.56,37.51],[20.03,37.68],[20.05,38.21],[19.65,38.19],[19.63,38.33],[19,38.51],[18.96,38.63],[18.55,38.78],[18.36,38.41],[18.54,38.32],[18.8,37.88],[18.52,37.7],[18.19,37.65],[18.1,37.27],[17.86,37.34],[17.43,37.25],[17.25,37.27],[16.75,37.13],[16.7,36.96],[16.47,36.86],[15.98,36.9],[15.92,36.69],[15.58,36.68],[15.89,35.99],[15.91,35.79],[16.34,35.58],[16.54,35.59],[16.8,35.4],[17.08,35.09],[17.38,35.09],[17.59,35.26],[17.96,35.08],[17.91,34.85],[17.43,34.84],[17.52,34.56],[17.43,34.41],[17.72,34.24],[17.9,34.25],[17.92,34.47],[18.44,34.14],[18.5,33.92],[18.72,33.74],[18.85,33.49],[19.31,33.42],[19.73,33.58],[19.8,33.89],[19.92,33.89],[20.27,33.48],[20.38,33.17],[20.62,33.12],[20.75,33.27],[21.09,33.38],[21.32,33.35]]]},"properties":{"scalerank":0,"featurecla":"Bathymetry","depth":3000}},
{"type":"Feature","geometry":{"type":"Polygon","coordinates":[[[24.99,34.22],[24.75,34.2],[24.9,34.11],[24.99,34.22]]]},"properties":{"scalerank":0,"featurecla":"Bathymetry","depth":3000}},
{"type":"Feature","geometry":{"type":"Polygon","coordinates":[[[26.45,34.05],[26.65,34.12],[26.72,34.24],[26.34,34.04],[26.45,34.05]]]},"properties":{"scalerank":0,"featurecla":"Bathymetry","depth":3000}},
{"type":"Feature","geometry":{"type":"Polygon","coordinates":[[[-86,27.81],[-86.51,27.98],[-86.63,27.82],[-87.11,27.72],[-87.24,27.51],[-87.07,27.26],[-86.86,27.2],[-86.79,26.97],[-86.96,26.45],[-87.42,26.35],[-87.78,26.03],[-88.15,25.99],[-88.58,26.02],[-88.71,25.97],[-89.25,26.27],[-89.57,26.3],[-89.77,26.44],[-90.28,26.44],[-90.5,26.28],[-90.74,26.31],[-90.91,26.14],[-91.23,26.05],[-91.44,25.82],[-91.86,25.77],[-92.13,25.66],[-92.3,25.78],[-92.64,25.8],[-93.2,26.11],[-94.1,26.11],[-94.44,25.99],[-94.69,26.04],[-94.84,25.8],[-95.05,25.76],[-95.34,25.14],[-95.45,24.75],[-95.65,24.52],[-95.69,23.72],[-95.45,23.67],[-95.59,22.75],[-95.45,22.48],[-95.26,21.49],[-95.14,21.37],[-95.21,21.19],[-95.07,20.93],[-95.03,20.44],[-94.88,20.36],[-94.63,20.42],[-94.51,20.7],[-94.34,20.84],[-94.34,21.02],[-94.2,21.42],[-93.95,21.51],[-93.28,21.5],[-93.12,21.62],[-92.68,21.56],[-92.71,21.93],[-92.54,22.15],[-92.13,22.3],[-91.64,22.72],[-91.02,22.96],[-90.82,23.14],[-90.48,23.3],[-90.33,23.52],[-89.18,23.95],[-88.79,24.29],[-88.58,24.4],[-88.46,24.84],[-88.3,24.96],[-88.13,24.91],[-87.56,25.06],[-87.11,24.82],[-86.9,24.82],[-86.71,24.66],[-86.53,24.65],[-86.46,24.48],[-86.14,24.14],[-85.95,24.05],[-86.15,23.6],[-86.17,23.32],[-85.91,23.39],[-85.56,23.77],[-85.43,23.78],[-85.15,23.58],[-84.43,23.66],[-84.57,23.98],[-84.55,24.14],[-84.3,24.25],[-84.29,24.55],[-84.42,24.65],[-84.53,24.96],[-84.77,25.15],[-84.75,25.33],[-84.94,25.61],[-84.96,26.11],[-85.06,26.3],[-85.07,26.8],[-85.23,26.89],[-85.49,27.26],[-85.65,27.6],[-86,27.81]]]},"properties":{"scalerank":0,"featurecla":"Bathymetry","depth":3000}},
{"type":"Feature","geometry":{"type":"Polygon","coordinates":[[[-84.38,21.6],[-84.81,21.63],[-85.14,21.46],[-85.44,21.23],[-85.82,20.74],[-86.13,20.12],[-86.45,19.82],[-86.5,19.55],[-86.72,19.47],[-86.76,18.98],[-86.9,18.92],[-86.84,18.47],[-87,18.39],[-87.17,17.8],[-87.33,17.53],[-87.38,17.16],[-87.1,17.14],[-87.02,16.84],[-87.14,16.73],[-87.16,16.48],[-86.78,16.39],[-86.6,16.53],[-86.36,16.59],[-85.66,16.87],[-85.18,16.94],[-84.45,17.18],[-84.55,17.3],[-84.41,17.45],[-83.86,17.6],[-83.3,17.44],[-82.56,17.59],[-82.06,17.62],[-81.69,17.73],[-81.53,17.88],[-81.28,17.76],[-80.63,17.9],[-80.18,17.81],[-79.64,18.13],[-79.3,18.24],[-79.12,18.17],[-78.99,18.41],[-78.58,18.54],[-77.9,18.69],[-77.25,18.72],[-76.87,18.62],[-76.67,18.48],[-76.46,18.63],[-76.2,18.91],[-76.13,19.2],[-76.17,19.35],[-75.98,19.44],[-75.87,19.17],[-75.39,19.04],[-75.19,19.32],[-74.73,19.38],[-74.64,19.53],[-73.95,19.71],[-74.66,19.79],[-75.26,19.7],[-75.8,19.72],[-76.11,19.87],[-76.72,19.84],[-77.3,19.73],[-78.07,19.67],[-78.31,19.59],[-79.37,19.49],[-79.77,19.54],[-79.99,19.43],[-80.4,19.44],[-80.74,19.2],[-80.89,19.25],[-81.34,19.1],[-81.92,19],[-82.33,19.12],[-81.99,19.25],[-81.98,19.37],[-81.43,19.61],[-81.77,19.8],[-82.04,19.72],[-82.25,20],[-82.26,20.17],[-82.06,20.34],[-81.89,20.33],[-81.71,20.53],[-81.59,20.4],[-81.63,20.11],[-81.26,20.21],[-80.81,20.42],[-80.66,20.43],[-80.33,20.78],[-80.02,20.74],[-79.86,20.63],[-79.63,20.68],[-79.51,20.54],[-79.2,20.5],[-79.14,20.6],[-79.35,20.86],[-79.75,21.02],[-80.01,21.3],[-80.16,21.26],[-80.4,21.43],[-80.76,21.37],[-81.42,21.49],[-81.81,21.46],[-82.17,21.35],[-82.44,21.43],[-82.86,21.36],[-83.03,21.27],[-83.62,21.42],[-84,21.26],[-84.38,21.6]],[[-82.9,19.78],[-83.04,19.43],[-83.28,19.3],[-83.16,19.06],[-82.96,19.11],[-82.51,19.09],[-82.49,18.94],[-83.07,18.68],[-83.27,18.49],[-83.69,18.33],[-83.99,18.35],[-84.2,18.26],[-84.71,18.2],[-84.94,18.1],[-85.15,18.52],[-84.79,18.69],[-84.5,18.64],[-84.5,19.1],[-84.17,18.88],[-84.01,19.28],[-83.86,19.33],[-83.65,19.18],[-83.41,19.19],[-83.54,19.51],[-83.41,19.72],[-83.05,19.82],[-82.9,19.78]],[[-80.23,18.33],[-79.84,18.42],[-79.85,18.28],[-80.19,18.17],[-80.23,18.33]],[[-85.93,17.87],[-86.09,17.73],[-86.38,17.73],[-86.18,18.02],[-85.69,18.09],[-85.53,18.29],[-85.36,18.36],[-85.06,18.29],[-84.98,18.07],[-85.46,17.93],[-85.93,17.87]]]},"properties":{"scalerank":0,"featurecla":"Bathymetry","depth":3000}},
{"type":"Feature","geometry":{"type":"Polygon","coordinates":[[[119.71,13.77],[119.42,13.94],[119.31,14.17],[119.3,14.91],[119.39,15.04],[119.3,15.22],[119.33,15.53],[119.29,16.11],[119.32,16.23],[119.22,16.68],[119.35,16.9],[119.24,17.4],[119.33,17.76],[119.29,18.02],[119.59,18.19],[119.71,18.52],[119.9,18.74],[119.9,18.93],[120.08,19.04],[120.07,19.26],[120.31,19.29],[120.32,19.47],[120.58,19.51],[120.49,19.74],[120.67,19.86],[120.57,20.22],[120.34,20.6],[120.29,20.98],[120.17,21.17],[119.99,21.24],[119.93,21.66],[119.58,21.55],[119.34,21.28],[119.52,21.14],[119.66,20.73],[119.5,20.26],[119.11,19.89],[118.86,20.08],[118.55,19.78],[118.26,19.73],[118.18,19.86],[117.91,19.96],[117.64,19.75],[117.35,19.72],[117.06,19.52],[117,19.36],[116.44,18.78],[115.89,18.85],[114.84,18.84],[114.54,18.74],[114.35,18.6],[114.22,18.26],[113.95,18.01],[114.22,17.89],[114.02,17.71],[113.68,17.54],[113.57,17.38],[113.78,17.21],[114.14,17.17],[113.99,16.81],[114.05,16.68],[114.34,16.9],[114.45,17.17],[114.72,17.26],[114.79,17.42],[114.99,17.5],[115.42,17.51],[115.51,17.04],[115.4,16.85],[115.08,16.92],[115.24,16.65],[115.03,16.45],[115.19,16.27],[115.05,15.93],[114.85,15.65],[114.58,15.49],[114.61,15.24],[114.14,15.29],[113.93,15.24],[113.71,15.34],[113.32,15.4],[113.02,15.32],[112.74,15.03],[113.09,14.95],[113.44,15.01],[113.71,14.9],[113.7,14.6],[113.5,14.21],[113.23,14.3],[113.11,14.11],[113.35,14],[113.12,13.57],[113.21,13.44],[113.02,13.18],[112.22,13.13],[111.9,13.01],[111.97,12.82],[111.58,12.21],[111.2,11.95],[110.81,12.17],[110.87,11.9],[111.04,11.96],[111.26,11.69],[111.48,11.57],[111.52,11.23],[111.26,11.3],[111.1,11.04],[111.31,10.87],[111.1,10.37],[110.98,10.32],[110.77,9.98],[110.87,9.82],[110.69,9.7],[110.87,9.53],[111.06,9.65],[111.3,9.67],[111.62,9.84],[112.08,10.23],[112.3,10.27],[112.53,10.45],[112.56,10.63],[112.88,10.69],[113.11,10.47],[113.91,10.81],[113.94,11.03],[114.18,11.2],[114.08,11.35],[114.37,11.79],[114.98,11.88],[115.12,11.73],[115.27,11.76],[115.47,11.56],[115.54,11.26],[115.85,11.44],[115.98,11.62],[115.98,11.84],[116.21,12.15],[116.38,12.1],[116.54,12.2],[117.11,12.17],[117.43,12.02],[117.51,11.89],[117.79,11.8],[117.94,11.96],[117.91,12.12],[118.14,12.29],[118.18,12.64],[118.57,12.93],[118.58,13.1],[118.47,13.29],[118.19,13.38],[118.2,13.54],[118.51,13.51],[118.73,13.22],[118.71,13.1],[119,12.99],[119.24,13.15],[119.48,13.14],[119.64,13.04],[120.11,13.15],[119.88,13.32],[119.96,13.7],[119.71,13.77]],[[115.45,13.8],[115.27,13.92],[115.31,14.18],[115.5,14.24],[115.64,13.98],[115.45,13.8]],[[116.52,14.87],[116.29,14.97],[116.44,15.22],[116.73,15.24],[116.71,15.01],[116.52,14.87]],[[117.57,15.23],[117.68,15.38],[117.98,15.3],[118.09,15.1],[117.9,14.99],[117.61,15.07],[117.57,15.23]],[[118.46,15.5],[118.52,15.6],[118.96,15.92],[119.18,15.88],[118.78,15.46],[118.6,15.33],[118.46,15.5]],[[116.82,16.52],[116.66,16.53],[116.57,16.79],[116.89,16.74],[116.82,16.52]],[[118.65,16.53],[118.44,16.66],[118.54,16.87],[118.78,16.97],[118.74,16.6],[118.65,16.53]],[[118.91,17.11],[118.61,17.03],[118.52,17.14],[118.68,17.35],[118.99,17.41],[118.91,17.11]],[[119.59,19.97],[119.29,19.57],[119.34,19.99],[119.59,19.97]],[[111.07,9.95],[111.13,10.23],[111.41,10.16],[111.26,9.92],[111.07,9.95]]]},"properties":{"scalerank":0,"featurecla":"Bathymetry","depth":3000}},
{"type":"Feature","geometry":{"type":"Polygon","coordinates":[[[-74.4,16.66],[-74.76,16.65],[-74.74,16.38],[-74.31,16.13],[-74.63,16.04],[-74.74,15.83],[-75,15.89],[-75.09,16.12],[-75.39,15.75],[-75.52,15.76],[-75.63,16.05],[-75.98,16.1],[-75.96,15.67],[-76.2,15.44],[-76.35,15.58],[-77.04,15.45],[-77.11,15.29],[-77.38,15.18],[-77.53,14.88],[-77.37,14.66],[-77.35,14.49],[-77.45,14.2],[-77.77,13.96],[-78.08,13.95],[-78.1,13.76],[-78.38,13.62],[-78.6,13.87],[-79.22,13.93],[-79.33,13.68],[-79.49,13.54],[-79.54,13.25],[-79.96,13.13],[-80.09,13.01],[-80.09,12.69],[-80.29,12.65],[-80.48,12.46],[-80.7,12.41],[-81.01,12.25],[-80.76,11.67],[-81.12,11.45],[-81.33,11.49],[-81.41,11.37],[-81.32,11.07],[-81.44,10.82],[-81.35,10.56],[-81.35,10.25],[-81.13,9.89],[-80.77,10.2],[-80.55,10.13],[-80.28,10.24],[-80.05,10.21],[-79.69,10.41],[-79.49,10.35],[-78.96,10.51],[-78.72,10.49],[-78.35,10.59],[-78.06,10.41],[-77.77,10.37],[-77.35,9.91],[-77.24,9.71],[-76.83,9.91],[-76.7,10.25],[-76.77,10.45],[-76.59,10.9],[-76.48,11.4],[-76.24,11.43],[-76.09,11.68],[-75.53,11.81],[-75.29,11.76],[-74.84,11.79],[-74.47,11.98],[-74.22,12.23],[-73.88,12.36],[-73.68,12.82],[-73.42,13.1],[-73.14,13.31],[-72.84,13.41],[-72.64,13.4],[-72.31,13.53],[-71.55,13.52],[-71.33,13.59],[-71.18,13.49],[-71.02,13.58],[-70.42,13.38],[-70.27,13.44],[-69.74,13.28],[-69.38,13.37],[-68.62,13.1],[-68.42,13.13],[-68.02,13.06],[-67.97,12.82],[-68.43,12.59],[-68.21,12.5],[-67.92,12.53],[-67.75,12.41],[-67.53,12.48],[-67.17,12.25],[-67.07,12.4],[-66.6,12.29],[-66.31,12.15],[-66.03,12.22],[-65.73,12.14],[-65.51,11.78],[-65.29,11.74],[-65.15,11.93],[-65.31,12.21],[-65.23,12.27],[-64.92,12.19],[-64.73,12.22],[-64.54,12.46],[-64.27,12.48],[-63.92,12.32],[-64.15,12.77],[-64.08,13.25],[-64.19,13.59],[-64.03,13.94],[-64.12,14.24],[-64.06,14.51],[-64.14,14.7],[-64.11,15.06],[-64.18,15.58],[-64.13,15.94],[-64.04,16.13],[-64.06,16.43],[-64.18,16.66],[-64.2,17.46],[-64.66,17.45],[-65.11,17.38],[-65.26,17.47],[-65.82,17.48],[-66.35,17.61],[-66.87,17.63],[-67.2,17.55],[-67.33,17.71],[-67.67,17.49],[-68.02,17.65],[-68.61,17.56],[-68.88,17.57],[-69.16,17.66],[-69.5,17.59],[-69.99,17.69],[-70.22,17.66],[-70.49,17.78],[-70.53,17.92],[-70.78,18.07],[-70.9,17.96],[-70.91,17.66],[-71.15,17.3],[-71.46,17.07],[-71.5,16.82],[-71.7,16.25],[-72,16.17],[-72.31,16.3],[-72.43,16.08],[-72.39,15.65],[-72.26,15.43],[-72.5,15.42],[-72.7,15.26],[-72.96,15.48],[-73.14,15.38],[-73.22,15.1],[-73.25,14.62],[-73.21,14.28],[-73.45,14.25],[-73.46,14.52],[-73.62,14.77],[-73.56,14.97],[-73.62,15.17],[-73.25,15.41],[-73.27,15.7],[-72.99,16.06],[-72.64,16.26],[-72.38,16.66],[-71.88,17.14],[-71.81,17.62],[-71.99,18.02],[-72.32,18.12],[-72.49,18.06],[-72.33,17.64],[-72.67,17.76],[-72.85,17.63],[-73.21,17.9],[-73.48,17.95],[-74.11,17.85],[-74.24,17.51],[-74.12,17.41],[-74.27,17.21],[-74.06,16.97],[-74.04,16.55],[-74.28,16.51],[-74.4,16.66]],[[-75.96,15.49],[-75.72,15.67],[-75.7,15.38],[-75.78,15.08],[-75.91,15.07],[-75.96,15.49]],[[-78.77,13.76],[-78.62,13.61],[-78.66,13.46],[-79.06,13.32],[-79.08,13.63],[-78.77,13.76]],[[-78.83,13.03],[-78.65,13.06],[-78.55,12.71],[-78.58,12.5],[-78.72,12.47],[-78.94,12.66],[-78.98,12.81],[-78.83,13.03]],[[-80.51,12.36],[-80.17,12.32],[-79.7,12.33],[-79.31,11.99],[-79.13,11.76],[-79.13,11.51],[-79.34,11.51],[-79.55,11.36],[-79.93,11.4],[-80.09,11.68],[-80.06,11.78],[-80.57,12.07],[-80.51,12.36]],[[-77.32,10.08],[-77.4,10.17],[-77.46,10.55],[-77.23,10.44],[-77.23,10.14],[-77.32,10.08]],[[-71.86,14.7],[-71.62,14.55],[-71.66,14.26],[-71.9,14.4],[-71.86,14.7]],[[-72.91,15.19],[-72.72,14.8],[-72.91,14.82],[-73.04,15.1],[-72.91,15.19]]]},"properties":{"scalerank":0,"featurecla":"Bathymetry","depth":3000}},
{"type":"Feature","geometry":{"type":"Polygon","coordinates":[[[55.11,16.02],[54.92,16.01],[54.67,15.64],[54.87,15.52],[54.91,15.96],[55.11,16.02]]]},"properties":{"scalerank":0,"featurecla":"Bathymetry","depth":3000}},
{"type":"Feature","geometry":{"type":"Polygon","coordinates":[[[51.64,13.68],[51.82,13.89],[51.73,13.99],[51.64,13.68]]]},"properties":{"scalerank":0,"featurecla":"Bathymetry","depth":3000}},
{"type":"Feature","geometry":{"type":"Polygon","coordinates":[[[-44.96,13.71],[-45,13.89],[-45.12,13.82],[-44.96,13.71]]]},"properties":{"scalerank":0,"featurecla":"Bathymetry","depth":3000}},
{"type":"Feature","geometry":{"type":"Polygon","coordinates":[[[122.07,10.05],[121.84,9.82],[121.61,9.8],[121.45,9.43],[121.22,9.37],[121.09,9.17],[120.78,8.95],[120.91,8.81],[120.62,8.49],[120.08,8.71],[119.94,8.49],[119.46,8.2],[119.26,7.93],[119.26,7.63],[119.43,7.7],[119.74,7.47],[119.46,7.35],[119.21,7.03],[119.23,6.7],[119.47,6.38],[119.66,6.31],[119.98,6.41],[120.76,6.88],[120.92,6.86],[121.06,7.04],[121.68,7.4],[121.82,7.72],[121.96,7.82],[122.18,8.38],[122.33,8.46],[122.64,8.47],[122.8,8.7],[122.72,9],[122.41,8.98],[122.31,9.22],[122.11,9.49],[122.07,10.05]],[[120.16,8.48],[120.43,8.23],[120.36,8.13],[120.07,8.28],[120.16,8.48]]]},"properties":{"scalerank":0,"featurecla":"Bathymetry","depth":3000}},
{"type":"Feature","geometry":{"type":"Polygon","coordinates":[[[-81.19,1.6],[-81.31,1.58],[-81.48,1.17],[-81.34,0.74],[-81.12,0.75],[-80.82,0.25],[-80.67,0.62],[-80.34,1.15],[-80.3,1.62],[-80.14,1.61],[-79.79,1.99],[-79.68,2.3],[-79.55,2.31],[-79.25,2.66],[-79.25,2.9],[-79.03,3.15],[-78.86,3.53],[-78.58,3.7],[-78.24,4.18],[-78.23,4.4],[-77.84,5.28],[-77.73,5.59],[-77.67,6.19],[-77.88,6.57],[-77.96,6.9],[-78.14,7.15],[-78.74,7.22],[-79.09,7.03],[-79.29,7.01],[-79.58,6.9],[-79.58,6.67],[-79.71,6.64],[-79.71,7],[-79.96,6.98],[-80.4,6.77],[-80.86,6.77],[-80.91,6.64],[-80.62,6.46],[-80.52,6.29],[-80.78,5.82],[-81.09,5.76],[-81.25,5.58],[-81.42,5.21],[-81.2,5],[-81.64,4.71],[-81.83,4.72],[-82.19,4.86],[-82.32,4.99],[-82.42,5.47],[-82.58,5.62],[-82.55,5],[-82.38,4.59],[-82.54,4.32],[-82.74,3.8],[-82.9,3.85],[-82.9,4.32],[-82.7,4.75],[-82.75,5.31],[-82.7,6],[-82.82,6.08],[-82.75,6.3],[-82.94,6.44],[-83.02,5.97],[-83.4,6.02],[-83.92,5.81],[-83.95,5.52],[-84.11,5.24],[-84.27,5.22],[-84.39,4.98],[-84.86,5.21],[-84.72,5.1],[-84.65,4.88],[-84.46,4.87],[-84.37,4.61],[-84.48,4.2],[-84.38,4.01],[-84.17,4.06],[-84.26,4.3],[-84.05,4.35],[-83.93,4.1],[-83.98,3.85],[-83.72,4],[-83.47,3.91],[-83.47,3.77],[-83.18,3.7],[-82.66,3.74],[-82.72,3.12],[-82.97,3.11],[-83.1,2.93],[-83.24,3.02],[-83.75,2.91],[-84.01,2.9],[-83.99,2.65],[-84.19,2.49],[-84.1,2.31],[-84.14,1.9],[-84.53,1.88],[-84.77,1.46],[-84.62,1.09],[-84.38,1],[-84.48,0.79],[-84.47,0.54],[-84.7,0.53],[-84.92,0.63],[-84.7,0.98],[-84.94,1.01],[-85.01,1.18],[-85.2,1.26],[-85.37,1.01],[-85.07,0.43],[-85.05,0.18],[-85.36,0.15],[-85.45,0.48],[-85.62,0.23],[-85.6,-0.16],[-85.28,0.02],[-85.04,-0.12],[-84.65,-0.05],[-84.6,-0.23],[-84.4,-0.36],[-83.95,-0.22],[-83.79,0.21],[-83.62,0.12],[-83.18,0.07],[-83.06,0.27],[-82.83,0.32],[-82.35,0.16],[-82.22,0.28],[-82.15,0.53],[-82.2,0.7],[-81.92,0.69],[-81.58,1.49],[-81.54,1.82],[-81.38,1.85],[-81.17,1.68],[-81,1.66],[-80.48,1.8],[-80.4,2.18],[-80.23,2.52],[-80.21,2.67],[-79.87,3.3],[-79.7,3.38],[-79.61,3.03],[-79.77,2.74],[-79.93,2.66],[-80.06,2.28],[-80.18,2.15],[-80.12,1.88],[-80.2,1.66],[-80.47,1.61],[-80.57,1.34],[-81.07,1.5],[-81.19,1.6]],[[-79.78,3.57],[-79.84,3.37],[-80.27,2.78],[-80.43,2.15],[-80.66,1.77],[-80.93,1.71],[-81.09,1.92],[-81.34,1.92],[-81.53,2.11],[-81.36,2.28],[-81.17,2.18],[-80.77,2.18],[-80.85,2.4],[-80.78,2.67],[-80.65,2.86],[-80.69,3.14],[-80.88,3.02],[-80.9,2.62],[-81.13,2.7],[-81.23,2.61],[-81.49,2.75],[-81.49,2.44],[-81.65,2.4],[-81.55,2.17],[-81.79,1.67],[-81.96,1.63],[-81.96,1.99],[-82.2,2.18],[-82.58,2.06],[-82.7,2.14],[-82.68,3.01],[-82.61,3.19],[-82.61,3.55],[-82.53,3.89],[-82.2,3.84],[-82.08,4.12],[-81.88,4.4],[-81.41,4.54],[-81.22,4.8],[-80.93,4.97],[-80.89,5.34],[-80.56,5.37],[-80.19,4.89],[-79.9,4.75],[-79.72,4.77],[-79.66,5.04],[-79.77,5.2],[-79.83,5.49],[-80.24,5.5],[-79.91,6.07],[-79.73,6.31],[-79.57,6.37],[-79.54,5.91],[-79.69,5.55],[-79.42,5.61],[-79.47,5.15],[-79.31,5.15],[-79.05,4.97],[-79.03,4.58],[-79.21,4.46],[-79.16,4.27],[-79.46,4.18],[-79.78,3.57]],[[-80.25,5.78],[-80.56,5.8],[-80.59,5.92],[-80.43,6.16],[-80.21,6.08],[-80.25,5.78]],[[-78.5,5.86],[-78.21,6.01],[-78.08,5.85],[-78.21,5.7],[-78.5,5.86]],[[-78.97,5.75],[-79.19,5.56],[-79.3,5.72],[-79.06,5.82],[-78.97,5.75]],[[-78.58,5.47],[-78.37,5.31],[-78.49,5.17],[-78.77,5.32],[-78.58,5.47]],[[-78.89,5.35],[-78.6,5.17],[-78.83,4.95],[-78.97,4.98],[-79.17,5.19],[-78.89,5.35]],[[-79.47,3.61],[-79.61,3.82],[-79.3,3.9],[-79.47,3.61]]]},"properties":{"scalerank":0,"featurecla":"Bathymetry","depth":3000}},
{"type":"Feature","geometry":{"type":"Polygon","coordinates":[[[-84.19,5.52],[-84.1,5.69],[-84.55,5.71],[-84.63,5.5],[-84.39,5.42],[-84.19,5.52]]]},"properties":{"scalerank":0,"featurecla":"Bathymetry","depth":3000}},
{"type":"Feature","geometry":{"type":"Polygon","coordinates":[[[128.33,3.08],[128.21,3.29],[128.03,3.09],[127.66,3.18],[127.69,2.98],[127.52,2.84],[127.61,2.44],[127.92,2.73],[128.15,2.79],[128.39,2.99],[128.33,3.08]]]},"properties":{"scalerank":0,"featurecla":"Bathymetry","depth":3000}},
{"type":"Feature","geometry":{"type":"Polygon","coordinates":[[[-87.27,2.76],[-87.38,2.76],[-87.4,2.68],[-87.22,2.68],[-87.27,2.76]]]},"properties":{"scalerank":0,"featurecla":"Bathymetry","depth":3000}},
{"type":"Feature","geometry":{"type":"Polygon","coordinates":[[[125.08,0.51],[124.66,0.2],[123.94,0.17],[123.55,0.12],[123.48,-0.05],[123.68,-0.22],[123.8,-0.56],[124.1,-0.6],[124.39,-0.38],[124.54,-0.17],[124.82,-0.34],[124.83,-0.49],[124.64,-0.81],[124.97,-0.71],[125.11,-0.52],[124.94,-0.07],[125.05,0.22],[125.08,0.51]]]},"properties":{"scalerank":0,"featurecla":"Bathymetry","depth":3000}},
{"type":"Feature","geometry":{"type":"Polygon","coordinates":[[[125.43,-2.17],[125.23,-2.15],[125.07,-2.25],[124.7,-2.16],[124.49,-2.3],[124.35,-2.22],[124.14,-2.32],[123.94,-2.28],[123.61,-2.35],[123.34,-2.49],[123.2,-2.47],[122.88,-2.73],[122.95,-2.9],[123.43,-3.16],[123.41,-3.42],[123.51,-3.93],[123.47,-4.14],[123.31,-4.33],[123.34,-4.49],[123.71,-4.83],[123.84,-4.82],[124.1,-4.99],[124.5,-5.16],[124.74,-5.36],[124.94,-5.29],[124.97,-5.11],[125.16,-4.89],[125.53,-4.75],[125.93,-4.89],[125.75,-5.04],[125.56,-5.07],[125.3,-5.26],[125.74,-5.57],[125.87,-5.92],[125.66,-6.1],[125.51,-6.03],[125.35,-6.2],[125.09,-6.15],[124.74,-6.26],[124.58,-6.44],[124.37,-6.3],[124.18,-6.29],[123.62,-6.01],[123.47,-5.83],[123.28,-5.79],[123.1,-5.61],[122.98,-5.71],[123.26,-6.06],[123.46,-5.97],[123.56,-6.19],[123.42,-6.28],[123.35,-6.69],[123.02,-7],[122.69,-7.03],[122.66,-7.25],[122.77,-7.43],[123.13,-7.48],[123.17,-7.72],[122.89,-7.88],[123.23,-8.01],[123.5,-7.97],[123.33,-7.73],[123.68,-7.58],[123.87,-7.83],[124.16,-7.97],[124.31,-7.85],[124.91,-8],[125.16,-7.99],[125.33,-8.12],[125.51,-8.05],[125.65,-7.86],[125.67,-7.49],[125.88,-7.54],[126.32,-7.49],[126.63,-7.39],[126.96,-7.57],[126.96,-7.28],[127.6,-7.38],[127.89,-7.34],[128.18,-7.18],[128.21,-6.82],[128.92,-6.97],[128.93,-7.21],[128.77,-7.45],[128.42,-7.53],[128.55,-7.85],[128.71,-7.92],[128.93,-7.83],[129.29,-7.56],[129.51,-7.63],[129.65,-7.42],[129.8,-7.43],[130.02,-7.25],[130.23,-7.23],[130.39,-7.1],[130.91,-7.08],[131.24,-6.73],[131.38,-6.69],[131.54,-6.46],[131.55,-6.25],[131.69,-6.15],[131.85,-5.88],[131.85,-5.27],[131.64,-5.02],[131.52,-4.7],[131.21,-4.3],[130.92,-4.11],[130.8,-4.22],[130.08,-3.79],[129.88,-3.56],[129.28,-3.62],[129.19,-3.95],[129.28,-4.02],[129.25,-4.48],[128.57,-4.59],[128.34,-4.42],[128.45,-4.08],[128.26,-3.94],[128.13,-4.15],[127.28,-4.13],[126.99,-3.93],[126.63,-3.96],[126.37,-3.88],[126.14,-3.74],[125.95,-3.52],[125.86,-3.23],[125.92,-3.01],[125.82,-2.85],[125.9,-2.52],[125.76,-2.2],[125.43,-2.17]],[[126.19,-4.18],[126.08,-4.08],[126.14,-3.84],[126.36,-4.01],[126.19,-4.18]],[[127.32,-4.27],[127.38,-4.46],[127.09,-4.71],[126.79,-4.8],[126.26,-4.78],[126.06,-4.83],[125.92,-4.72],[126.26,-4.34],[126.39,-4.41],[126.64,-4.35],[127.32,-4.27]],[[129.45,-4.7],[129.4,-4.52],[129.56,-4.4],[129.48,-4.13],[129.77,-4.06],[130.02,-3.91],[130.2,-4.09],[130.15,-4.3],[130.42,-4.46],[130.37,-4.75],[130.08,-4.87],[129.85,-4.7],[129.45,-4.7]],[[128.05,-4.73],[128.03,-4.97],[127.85,-5.14],[128.1,-5.26],[128.5,-4.92],[128.53,-5.28],[128.26,-5.52],[128.04,-5.45],[127.86,-5.64],[127.41,-5.76],[127.38,-5.89],[126.96,-5.93],[127.03,-5.67],[126.78,-5.32],[127.4,-5.03],[127.58,-5.09],[127.81,-4.78],[128.05,-4.73]],[[130.1,-5.5],[130.04,-5.22],[130.22,-5.15],[130.46,-5.19],[130.46,-5.38],[130.62,-5.48],[130.6,-5.76],[130.43,-5.86],[130.1,-5.5]],[[130.17,-5.97],[130.39,-5.99],[130.3,-6.26],[130.15,-6.38],[129.92,-6.71],[129.48,-6.89],[129.46,-7.1],[129.15,-7.21],[129,-7.09],[128.98,-6.93],[128.69,-6.64],[129.31,-6.51],[129.22,-6.31],[129.56,-6.23],[129.65,-6.29],[130.17,-5.97]],[[126.62,-6.8],[126.59,-6.5],[126.73,-6.46],[126.79,-6.7],[126.62,-6.8]],[[125.39,-6.53],[125.15,-6.61],[124.95,-6.49],[125.03,-6.31],[125.62,-6.24],[125.65,-6.4],[125.39,-6.53]]]},"properties":{"scalerank":0,"featurecla":"Bathymetry","depth":3000}},
{"type":"Feature","geometry":{"type":"Polygon","coordinates":[[[124.99,-8.54],[124.47,-8.61],[124.15,-8.85],[123.98,-8.87],[123.87,-8.65],[123.38,-8.74],[123.12,-8.74],[122.98,-8.86],[122.75,-8.8],[122.28,-9.03],[122.04,-9],[121.96,-9.24],[121.97,-9.45],[122.09,-9.65],[122.37,-9.91],[122.77,-10.07],[122.88,-10.02],[123.02,-9.75],[123.02,-9.5],[123.34,-9.38],[123.62,-9.19],[124.42,-9.01],[124.79,-8.76],[124.99,-8.54]]]},"properties":{"scalerank":0,"featurecla":"Bathymetry","depth":3000}},
{"type":"Feature","geometry":{"type":"Polygon","coordinates":[[[-108.16,-8.64],[-108.36,-8.6],[-108.44,-8.87],[-108.17,-8.88],[-108.16,-8.64]]]},"properties":{"scalerank":0,"featurecla":"Bathymetry","depth":3000}},
{"type":"Feature","geometry":{"type":"Polygon","coordinates":[[[-12.26,-9.7],[-12.38,-9.6],[-12.46,-9.72],[-12.26,-9.7]]]},"properties":{"scalerank":0,"featurecla":"Bathymetry","depth":3000}},
{"type":"Feature","geometry":{"type":"Polygon","coordinates":[[[153.12,-9.77],[153.11,-10.07],[152.86,-10.08],[152.74,-10.24],[153.01,-10.38],[153.12,-10.22],[153.38,-10.18],[154.03,-10.25],[153.72,-9.96],[153.26,-9.92],[153.12,-9.77]]]},"properties":{"scalerank":0,"featurecla":"Bathymetry","depth":3000}},
{"type":"Feature","geometry":{"type":"Polygon","coordinates":[[[176.58,-12.15],[176.86,-11.95],[176.71,-11.96],[176.58,-12.05],[176.58,-12.15]]]},"properties":{"scalerank":0,"featurecla":"Bathymetry","depth":3000}},
{"type":"Feature","geometry":{"type":"Polygon","coordinates":[[[66.57,-13.46],[66.3,-13.48],[66.25,-13.64],[66.57,-13.46]]]},"properties":{"scalerank":0,"featurecla":"Bathymetry","depth":3000}},
{"type":"Feature","geometry":{"type":"Polygon","coordinates":[[[-14.3,-14.15],[-14.53,-13.66],[-14.47,-13.46],[-14.76,-13.52],[-14.54,-13.86],[-14.53,-14.18],[-14.3,-14.15]]]},"properties":{"scalerank":0,"featurecla":"Bathymetry","depth":3000}},
{"type":"Feature","geometry":{"type":"Polygon","coordinates":[[[-13.86,-13.66],[-14.08,-13.73],[-14.02,-13.97],[-14.07,-14.19],[-13.71,-14.16],[-13.96,-13.92],[-13.86,-13.66]]]},"properties":{"scalerank":0,"featurecla":"Bathymetry","depth":3000}},
{"type":"Feature","geometry":{"type":"Polygon","coordinates":[[[174.6,-13.75],[174.29,-13.7],[174.02,-13.92],[174.19,-13.98],[174.29,-13.76],[174.6,-13.75]]]},"properties":{"scalerank":0,"featurecla":"Bathymetry","depth":3000}},
{"type":"Feature","geometry":{"type":"Polygon","coordinates":[[[174.98,-13.7],[174.47,-13.95],[174.53,-14.02],[174.89,-13.89],[174.98,-13.7]]]},"properties":{"scalerank":0,"featurecla":"Bathymetry","depth":3000}},
{"type":"Feature","geometry":{"type":"Polygon","coordinates":[[[175.99,-14.9],[175.91,-14.74],[175.91,-14.55],[175.83,-14.63],[175.85,-14.78],[175.92,-14.81],[175.99,-14.9]]]},"properties":{"scalerank":0,"featurecla":"Bathymetry","depth":3000}},
{"type":"Feature","geometry":{"type":"Polygon","coordinates":[[[67.25,-15.62],[67.28,-15.47],[67.38,-15.41],[66.91,-14.95],[66.87,-14.99],[67.17,-15.28],[67.25,-15.62]]]},"properties":{"scalerank":0,"featurecla":"Bathymetry","depth":3000}},
{"type":"Feature","geometry":{"type":"Polygon","coordinates":[[[176.47,-15.15],[176.04,-15.11],[176.06,-15.24],[176.47,-15.15]]]},"properties":{"scalerank":0,"featurecla":"Bathymetry","depth":3000}},
{"type":"Feature","geometry":{"type":"Polygon","coordinates":[[[175.85,-15.35],[175.55,-15.4],[175.54,-15.58],[175.32,-15.61],[175.39,-15.9],[175.27,-16.06],[175.42,-16.3],[175.38,-16.45],[175,-16.51],[175,-16.27],[174.72,-16.25],[174.65,-16.45],[175.08,-16.66],[175.32,-16.63],[175.55,-16.44],[175.49,-16.29],[175.53,-15.85],[175.85,-15.35]]]},"properties":{"scalerank":0,"featurecla":"Bathymetry","depth":3000}},
{"type":"Feature","geometry":{"type":"Polygon","coordinates":[[[157.27,-16.82],[157.51,-16.75],[157.52,-16.61],[157.27,-16.82]]]},"properties":{"scalerank":0,"featurecla":"Bathymetry","depth":3000}},
{"type":"Feature","geometry":{"type":"Polygon","coordinates":[[[66.22,-17.43],[66.56,-17.18],[66.43,-17.21],[66.38,-17.28],[66.19,-17.36],[66.22,-17.43]]]},"properties":{"scalerank":0,"featurecla":"Bathymetry","depth":3000}},
{"type":"Feature","geometry":{"type":"Polygon","coordinates":[[[172.28,-17.78],[171.91,-17.78],[171.62,-18.1],[171.13,-18.36],[171.65,-18.54],[171.34,-19.17],[170.94,-19.17],[170.75,-19.29],[171.03,-19.85],[170.86,-19.97],[170.94,-20.18],[170.91,-20.59],[171.1,-20.45],[171.24,-20.91],[171.5,-20.96],[171.62,-20.73],[171.84,-20.69],[172.01,-20.35],[172.52,-20.26],[172.58,-20.06],[172.43,-19.98],[172.16,-19.37],[172.36,-19.37],[172.37,-19.17],[172.55,-18.98],[172.32,-18.65],[172.17,-18.77],[171.99,-18.51],[172.06,-18.31],[171.84,-18.22],[172.28,-17.78]],[[171.62,-19.42],[171.77,-19.7],[171.59,-19.75],[171.49,-19.56],[171.62,-19.42]],[[171.9,-19.84],[171.85,-19.5],[172.06,-19.46],[172.16,-19.67],[171.9,-19.84]]]},"properties":{"scalerank":0,"featurecla":"Bathymetry","depth":3000}},
{"type":"Feature","geometry":{"type":"Polygon","coordinates":[[[174.68,-20.16],[174.62,-20.06],[174.84,-19.83],[175.21,-19.68],[175.38,-20.05],[175.09,-20.7],[174.68,-20.78],[174.6,-20.99],[175.08,-20.85],[175.42,-20.98],[175.5,-20.83],[175.73,-20.86],[176.26,-20.54],[176.27,-20.36],[176.75,-20.32],[176.78,-20.16],[176.32,-20.3],[176.14,-20.24],[176,-20.63],[175.75,-20.54],[175.54,-20.21],[175.51,-19.94],[175.65,-19.82],[175.52,-19.64],[175.27,-19.68],[175.24,-19.51],[175.45,-19.38],[175.17,-18.95],[175.17,-18.79],[174.89,-18.52],[174.77,-18.85],[174.9,-19.2],[174.7,-19.57],[174.54,-19.54],[174.41,-19.69],[174.58,-19.82],[174.25,-20.07],[174.05,-20.39],[174.53,-20.42],[174.7,-20.38],[174.68,-20.16]],[[175.16,-20.71],[175.41,-20.46],[175.57,-20.63],[175.24,-20.84],[175.16,-20.71]]]},"properties":{"scalerank":0,"featurecla":"Bathymetry","depth":3000}},
{"type":"Feature","geometry":{"type":"Polygon","coordinates":[[[170.27,-19.89],[170.1,-19.56],[170.03,-19.58],[170.18,-19.85],[170.27,-19.89]]]},"properties":{"scalerank":0,"featurecla":"Bathymetry","depth":3000}},
{"type":"Feature","geometry":{"type":"Polygon","coordinates":[[[68.82,-19.73],[68.66,-19.87],[68.81,-19.9],[68.82,-19.73]]]},"properties":{"scalerank":0,"featurecla":"Bathymetry","depth":3000}},
{"type":"Feature","geometry":{"type":"Polygon","coordinates":[[[66.94,-20.44],[67.05,-20.34],[66.93,-20.29],[66.94,-20.44]]]},"properties":{"scalerank":0,"featurecla":"Bathymetry","depth":3000}},
{"type":"Feature","geometry":{"type":"Polygon","coordinates":[[[39.48,-20.3],[39.71,-20.58],[39.93,-20.24],[39.68,-20.14],[39.48,-20.3]]]},"properties":{"scalerank":0,"featurecla":"Bathymetry","depth":3000}},
{"type":"Feature","geometry":{"type":"Polygon","coordinates":[[[172.87,-20.44],[172.73,-20.22],[172.33,-20.48],[172.09,-20.7],[172.29,-20.89],[172.56,-20.97],[172.39,-21.16],[172.32,-21.93],[172.66,-22.13],[172.78,-21.79],[173.13,-21.77],[173.34,-21.69],[173.61,-21.33],[173.52,-21.12],[173.55,-20.83],[173.36,-20.89],[173.21,-20.55],[172.85,-20.63],[172.87,-20.44]],[[172.69,-20.54],[172.7,-20.68],[172.48,-20.83],[172.36,-20.69],[172.69,-20.54]],[[173.03,-21.17],[172.97,-20.95],[173.41,-21.01],[173.44,-21.16],[173.28,-21.32],[173.03,-21.17]],[[172.82,-21.35],[173.03,-21.41],[172.97,-21.58],[172.68,-21.58],[172.56,-21.32],[172.82,-21.35]]]},"properties":{"scalerank":0,"featurecla":"Bathymetry","depth":3000}},
{"type":"Feature","geometry":{"type":"Polygon","coordinates":[[[-139.05,-20.61],[-138.96,-20.47],[-139.13,-20.4],[-139.05,-20.61]]]},"properties":{"scalerank":0,"featurecla":"Bathymetry","depth":3000}},
{"type":"Feature","geometry":{"type":"Polygon","coordinates":[[[175.09,-21.02],[174.94,-20.97],[174.72,-21.17],[174.65,-21.36],[174.86,-21.41],[175.02,-21.3],[175.09,-21.02]]]},"properties":{"scalerank":0,"featurecla":"Bathymetry","depth":3000}},
{"type":"Feature","geometry":{"type":"Polygon","coordinates":[[[174.34,-21.62],[174.08,-21.74],[174.13,-21.78],[174.34,-21.62]]]},"properties":{"scalerank":0,"featurecla":"Bathymetry","depth":3000}},
{"type":"Feature","geometry":{"type":"Polygon","coordinates":[[[-112.72,-25.57],[-112.67,-25.35],[-113.04,-25.59],[-112.83,-25.7],[-112.72,-25.57]]]},"properties":{"scalerank":0,"featurecla":"Bathymetry","depth":3000}},
{"type":"Feature","geometry":{"type":"Polygon","coordinates":[[[-115.13,-26.23],[-115.35,-25.97],[-115.37,-25.82],[-115.54,-25.58],[-115.37,-26.04],[-115.13,-26.23]]]},"properties":{"scalerank":0,"featurecla":"Bathymetry","depth":3000}},
{"type":"Feature","geometry":{"type":"Polygon","coordinates":[[[-117.47,-25.74],[-117.48,-25.82],[-116.95,-26.18],[-116.74,-26.26],[-116.64,-26.11],[-116.98,-26.08],[-117.47,-25.74]]]},"properties":{"scalerank":0,"featurecla":"Bathymetry","depth":3000}},
{"type":"Feature","geometry":{"type":"Polygon","coordinates":[[[-105.94,-26.91],[-106.27,-27.31],[-106.1,-27.46],[-105.98,-27.19],[-105.65,-26.98],[-105.94,-26.91]]]},"properties":{"scalerank":0,"featurecla":"Bathymetry","depth":3000}},
{"type":"Feature","geometry":{"type":"Polygon","coordinates":[[[-114.55,-26.9],[-114.1,-27.1],[-114.11,-26.92],[-114.55,-26.9]]]},"properties":{"scalerank":0,"featurecla":"Bathymetry","depth":3000}},
{"type":"Feature","geometry":{"type":"Polygon","coordinates":[[[-109.88,-27.15],[-110.19,-27.21],[-110.34,-27.14],[-110.39,-27.21],[-110.08,-27.26],[-109.88,-27.15]]]},"properties":{"scalerank":0,"featurecla":"Bathymetry","depth":3000}},
{"type":"Feature","geometry":{"type":"Polygon","coordinates":[[[-108.63,-28.03],[-108.83,-27.8],[-108.56,-27.78],[-108.48,-28.03],[-108.1,-27.92],[-107.83,-27.92],[-107.9,-27.68],[-108.26,-27.6],[-108.32,-27.81],[-108.58,-27.74],[-109.02,-27.76],[-108.95,-28.03],[-108.63,-28.03]]]},"properties":{"scalerank":0,"featurecla":"Bathymetry","depth":3000}},
{"type":"Feature","geometry":{"type":"Polygon","coordinates":[[[169.96,-30.18],[169.94,-30.08],[170,-29.94],[169.89,-30],[169.89,-30.08],[169.96,-30.18]]]},"properties":{"scalerank":0,"featurecla":"Bathymetry","depth":3000}},
{"type":"Feature","geometry":{"type":"Polygon","coordinates":[[[-110.1,-32.37],[-110.38,-32.47],[-110.59,-32.42],[-110.88,-32.49],[-110.78,-32.66],[-110.49,-32.68],[-110.47,-32.54],[-110.14,-32.53],[-110.1,-32.37]]]},"properties":{"scalerank":0,"featurecla":"Bathymetry","depth":3000}},
{"type":"Feature","geometry":{"type":"Polygon","coordinates":[[[-111.48,-33.17],[-111.47,-33.38],[-110.98,-33.96],[-111.21,-34.2],[-110.85,-34.23],[-110.16,-34.38],[-109.84,-34.27],[-110,-34.07],[-109.76,-33.93],[-109.54,-33.91],[-109.63,-33.5],[-109.82,-33.41],[-110.1,-33.58],[-110.33,-33.56],[-110.49,-33.72],[-110.63,-34.1],[-110.93,-33.52],[-111.32,-33.52],[-111.48,-33.17]]]},"properties":{"scalerank":0,"featurecla":"Bathymetry","depth":3000}},
{"type":"Feature","geometry":{"type":"Polygon","coordinates":[[[-111.74,-33.79],[-112.07,-33.98],[-112.01,-34.4],[-111.82,-34.59],[-111.94,-34.84],[-111.58,-34.87],[-111.19,-35.13],[-111.12,-34.96],[-111.48,-34.78],[-111.45,-34.65],[-111.75,-34.55],[-111.96,-34.07],[-111.74,-33.79]]]},"properties":{"scalerank":0,"featurecla":"Bathymetry","depth":3000}},
{"type":"Feature","geometry":{"type":"Polygon","coordinates":[[[79,-35.18],[78.66,-35.24],[78.57,-35.29],[78.53,-35.4],[78.82,-35.23],[79,-35.18]]]},"properties":{"scalerank":0,"featurecla":"Bathymetry","depth":3000}},
{"type":"Feature","geometry":{"type":"Polygon","coordinates":[[[-114.29,-36.12],[-114.25,-35.96],[-114.4,-36.02],[-114.29,-36.12]]]},"properties":{"scalerank":0,"featurecla":"Bathymetry","depth":3000}},
{"type":"Feature","geometry":{"type":"Polygon","coordinates":[[[162.38,-36.22],[162.27,-36.2],[162.18,-36.38],[162.24,-36.46],[162.38,-36.22]]]},"properties":{"scalerank":0,"featurecla":"Bathymetry","depth":3000}},
{"type":"Feature","geometry":{"type":"Polygon","coordinates":[[[-111.84,-37.54],[-111.94,-37.4],[-112.03,-37.55],[-111.84,-37.54]]]},"properties":{"scalerank":0,"featurecla":"Bathymetry","depth":3000}},
{"type":"Feature","geometry":{"type":"Polygon","coordinates":[[[-15.87,-38.93],[-15.87,-39.17],[-15.8,-39.16],[-15.87,-38.93]]]},"properties":{"scalerank":0,"featurecla":"Bathymetry","depth":3000}},
{"type":"Feature","geometry":{"type":"Polygon","coordinates":[[[45.03,-40.88],[44.59,-41.22],[44.16,-41.23],[44.43,-41.49],[44.37,-41.73],[43.72,-42.2],[43.22,-42.2],[43.2,-41.93],[42.95,-41.98],[42.96,-42.24],[42.74,-43.06],[42.95,-43.44],[43.28,-43.12],[43.31,-42.81],[43.56,-42.65],[43.54,-42.43],[43.83,-42.28],[43.95,-42.08],[44.23,-42.03],[44.16,-42.32],[43.86,-42.56],[43.87,-42.86],[43.79,-43.16],[44.2,-43.14],[44.19,-42.92],[44.33,-42.58],[44.52,-42.38],[44.46,-42.2],[44.62,-41.91],[44.65,-41.48],[44.9,-41.21],[45.03,-40.88]]]},"properties":{"scalerank":0,"featurecla":"Bathymetry","depth":3000}},
{"type":"Feature","geometry":{"type":"Polygon","coordinates":[[[77.99,-41.18],[78.1,-41.13],[78.11,-41.05],[77.93,-41.13],[77.99,-41.18]]]},"properties":{"scalerank":0,"featurecla":"Bathymetry","depth":3000}},
{"type":"Feature","geometry":{"type":"Polygon","coordinates":[[[-16,-42.49],[-15.93,-42.38],[-16.15,-42.08],[-16.15,-41.87],[-16.34,-41.67],[-16.41,-41.71],[-16.24,-41.83],[-16.23,-42.01],[-16.06,-42.29],[-16,-42.49]]]},"properties":{"scalerank":0,"featurecla":"Bathymetry","depth":3000}},
{"type":"Feature","geometry":{"type":"Polygon","coordinates":[[[78.34,-42.38],[78.31,-42.24],[78.41,-42.07],[78.36,-42.05],[78.27,-42.27],[78.34,-42.38]]]},"properties":{"scalerank":0,"featurecla":"Bathymetry","depth":3000}},
{"type":"Feature","geometry":{"type":"Polygon","coordinates":[[[-111.74,-44.76],[-111.87,-44.83],[-111.59,-45.02],[-111.57,-44.91],[-111.74,-44.76]]]},"properties":{"scalerank":0,"featurecla":"Bathymetry","depth":3000}},
{"type":"Feature","geometry":{"type":"Polygon","coordinates":[[[95.52,-45.12],[95.35,-45.14],[95.06,-45.1],[95.08,-45.24],[95.25,-45.17],[95.44,-45.19],[95.52,-45.12]]]},"properties":{"scalerank":0,"featurecla":"Bathymetry","depth":3000}},
{"type":"Feature","geometry":{"type":"Polygon","coordinates":[[[-111.7,-45.53],[-111.61,-45.44],[-111.64,-45.23],[-111.73,-45.2],[-111.74,-45.46],[-111.7,-45.53]]]},"properties":{"scalerank":0,"featurecla":"Bathymetry","depth":3000}},
{"type":"Feature","geometry":{"type":"Polygon","coordinates":[[[-113.38,-46.53],[-113.21,-46.42],[-113.49,-46.36],[-113.38,-46.53]]]},"properties":{"scalerank":0,"featurecla":"Bathymetry","depth":3000}},
{"type":"Feature","geometry":{"type":"Polygon","coordinates":[[[96.99,-46.33],[96.94,-46.48],[97.03,-46.68],[97.18,-46.51],[97.01,-46.46],[96.99,-46.33]]]},"properties":{"scalerank":0,"featurecla":"Bathymetry","depth":3000}},
{"type":"Feature","geometry":{"type":"Polygon","coordinates":[[[-118.46,-49.46],[-118.42,-49.35],[-118.51,-49.35],[-118.53,-49.4],[-118.46,-49.46]]]},"properties":{"scalerank":0,"featurecla":"Bathymetry","depth":3000}},
{"type":"Feature","geometry":{"type":"Polygon","coordinates":[[[-116.55,-51.09],[-116.71,-51.1],[-116.75,-51.17],[-116.71,-51.26],[-116.55,-51.09]]]},"properties":{"scalerank":0,"featurecla":"Bathymetry","depth":3000}},
{"type":"Feature","geometry":{"type":"Polygon","coordinates":[[[3.5,-51.74],[3.22,-51.75],[3.01,-51.97],[3.18,-52],[3.5,-51.74]]]},"properties":{"scalerank":0,"featurecla":"Bathymetry","depth":3000}},
{"type":"Feature","geometry":{"type":"Polygon","coordinates":[[[11.33,-52.58],[11.51,-52.52],[11.47,-52.44],[11.32,-52.53],[11.33,-52.58]]]},"properties":{"scalerank":0,"featurecla":"Bathymetry","depth":3000}},
{"type":"Feature","geometry":{"type":"Polygon","coordinates":[[[81.97,-53.51],[81.82,-53.45],[81.51,-53.3],[81.4,-53.31],[81.65,-53.42],[81.97,-53.51]]]},"properties":{"scalerank":0,"featurecla":"Bathymetry","depth":3000}},
{"type":"Feature","geometry":{"type":"Polygon","coordinates":[[[142.61,-53.5],[142.92,-53.93],[143.21,-53.76],[143.14,-53.59],[142.61,-53.5]]]},"properties":{"scalerank":0,"featurecla":"Bathymetry","depth":3000}},
{"type":"Feature","geometry":{"type":"Polygon","coordinates":[[[1.08,-54.19],[1.42,-54.07],[1.69,-54.06],[1.57,-53.97],[1.37,-53.98],[1.22,-54.07],[1.08,-54.1],[1.08,-54.19]]]},"properties":{"scalerank":0,"featurecla":"Bathymetry","depth":3000}},
{"type":"Feature","geometry":{"type":"Polygon","coordinates":[[[-139.22,-55.9],[-139.41,-55.69],[-139.55,-55.89],[-139.22,-55.9]]]},"properties":{"scalerank":0,"featurecla":"Bathymetry","depth":3000}},
{"type":"Feature","geometry":{"type":"Polygon","coordinates":[[[-142.61,-56.44],[-142.54,-56.3],[-143.11,-56.16],[-143.07,-56.31],[-142.61,-56.44]]]},"properties":{"scalerank":0,"featurecla":"Bathymetry","depth":3000}},
{"type":"Feature","geometry":{"type":"Polygon","coordinates":[[[-148.85,-57.55],[-149.11,-57.24],[-149.22,-57.31],[-149.1,-57.35],[-148.85,-57.55]]]},"properties":{"scalerank":0,"featurecla":"Bathymetry","depth":3000}},
{"type":"Feature","geometry":{"type":"Polygon","coordinates":[[[158.11,-60.26],[158.38,-60.34],[158.5,-60.26],[158.11,-60.26]]]},"properties":{"scalerank":0,"featurecla":"Bathymetry","depth":3000}},
{"type":"Feature","geometry":{"type":"Polygon","coordinates":[[[163.63,-62.23],[163.48,-62.14],[163.26,-61.94],[163.25,-62.01],[163.57,-62.25],[163.63,-62.23]]]},"properties":{"scalerank":0,"featurecla":"Bathymetry","depth":3000}},
{"type":"Feature","geometry":{"type":"Polygon","coordinates":[[[163.18,-62.74],[163.24,-62.68],[162.35,-62.21],[162.27,-62.25],[163.06,-62.74],[163.18,-62.74]]]},"properties":{"scalerank":0,"featurecla":"Bathymetry","depth":3000}},
{"type":"Feature","geometry":{"type":"Polygon","coordinates":[[[165.86,-62.64],[165.84,-62.6],[165.7,-62.54],[165.58,-62.4],[165.47,-62.35],[165.42,-62.36],[165.57,-62.44],[165.67,-62.57],[165.86,-62.64]]]},"properties":{"scalerank":0,"featurecla":"Bathymetry","depth":3000}},
{"type":"Feature","geometry":{"type":"Polygon","coordinates":[[[164.8,-62.9],[164.6,-62.76],[164.21,-62.57],[164.16,-62.58],[164.5,-62.74],[164.71,-62.88],[164.8,-62.9]]]},"properties":{"scalerank":0,"featurecla":"Bathymetry","depth":3000}},
{"type":"Feature","geometry":{"type":"Polygon","coordinates":[[[162.55,-63.91],[162.66,-63.9],[162.71,-63.83],[162.53,-63.84],[162.55,-63.91]]]},"properties":{"scalerank":0,"featurecla":"Bathymetry","depth":3000}},
{"type":"Feature","geometry":{"type":"Polygon","coordinates":[[[160.92,-64.3],[160.75,-64.66],[161.63,-64.82],[161.86,-64.55],[161.26,-64.49],[160.92,-64.3]]]},"properties":{"scalerank":0,"featurecla":"Bathymetry","depth":3000}},
{"type":"Feature","geometry":{"type":"Polygon","coordinates":[[[176.14,-64.8],[176.12,-64.75],[175.96,-64.71],[175.58,-64.54],[175.57,-64.58],[176.09,-64.81],[176.14,-64.8]]]},"properties":{"scalerank":0,"featurecla":"Bathymetry","depth":3000}},
{"type":"Feature","geometry":{"type":"Polygon","coordinates":[[[177.58,-64.96],[177.49,-64.7],[177.64,-64.63],[177.49,-64.56],[177.36,-64.78],[177.58,-64.96]]]},"properties":{"scalerank":0,"featurecla":"Bathymetry","depth":3000}},
{"type":"Feature","geometry":{"type":"Polygon","coordinates":[[[121.82,-65.04],[121.34,-64.94],[121.6,-65.19],[121.82,-65.04]]]},"properties":{"scalerank":0,"featurecla":"Bathymetry","depth":3000}},
{"type":"Feature","geometry":{"type":"Polygon","coordinates":[[[-121.78,-70.97],[-121.83,-71.15],[-121.32,-71.16],[-121.78,-70.97]]]},"properties":{"scalerank":0,"featurecla":"Bathymetry","depth":3000}},
{"type":"Feature","geometry":{"type":"Polygon","coordinates":[[[12.84,40.63],[12.59,40.7],[12.08,40.5],[11.64,39.84],[11.35,39.6],[11.42,39.43],[11.71,39.3],[12,39.39],[12.17,39.22],[12.51,39.49],[12.94,39.42],[12.82,39.23],[13.05,39.1],[13.44,39.04],[13.81,39.24],[14,38.93],[14.37,38.9],[14.52,39],[14.88,38.95],[14.93,39.24],[14.56,39.42],[14.53,39.19],[14.28,39.07],[14.18,39.62],[13.9,39.5],[13.63,39.53],[13.56,39.74],[13.36,39.81],[13.3,40.03],[12.99,40.05],[13.13,40.3],[12.84,40.63]]]},"properties":{"scalerank":0,"featurecla":"Bathymetry","depth":3000}},
{"type":"Feature","geometry":{"type":"Polygon","coordinates":[[[142.3,22.39],[142.4,22.94],[142.19,22.93],[142.1,22.77],[142.3,22.39]]]},"properties":{"scalerank":0,"featurecla":"Bathymetry","depth":3000}},
{"type":"Feature","geometry":{"type":"Polygon","coordinates":[[[95.21,11.5],[94.84,11.42],[94.66,11.52],[94.33,11.34],[94.2,11.16],[94.28,10.72],[94.25,10.58],[93.73,10.52],[93.74,9.79],[93.79,9.69],[93.7,9.22],[93.93,9.16],[94.08,8.73],[94.2,8.83],[94.15,9.12],[94.02,9.38],[94.31,9.52],[94.38,9.92],[94.64,10.03],[94.68,10.34],[94.99,10.51],[95.39,10.62],[95.49,11.07],[95.36,11.16],[95.21,11.5]],[[93.95,9.9],[93.85,10.04],[93.84,10.3],[94.03,10.34],[94.15,10.03],[93.95,9.9]]]},"properties":{"scalerank":0,"featurecla":"Bathymetry","depth":3000}},
{"type":"Feature","geometry":{"type":"Polygon","coordinates":[[[124.1,5.99],[123.83,6.43],[123.79,6.85],[123.69,6.98],[123.41,7.12],[123.21,7.05],[122.58,6.55],[122.45,6.33],[122.25,6.25],[122.12,6.02],[121.73,5.69],[121.31,5.55],[121.27,5.37],[121.05,5.29],[120.77,5.04],[120.5,5.02],[120.51,4.65],[120.21,4.32],[120,4.31],[119.74,4.46],[119.3,4.11],[119.01,3.58],[118.95,3.23],[118.73,2.76],[118.7,2.49],[119.19,1.82],[119.36,1.64],[119.37,1.42],[119.71,1.47],[119.81,1.6],[120.1,1.78],[120.46,1.8],[120.75,1.67],[120.91,1.96],[121.26,1.95],[121.42,1.79],[121.74,1.79],[122.06,1.63],[122.24,1.65],[122.62,1.39],[123.07,1.49],[123.21,1.44],[123.61,1.53],[124.13,1.49],[124.45,1.62],[124.59,1.82],[124.63,2.12],[125.03,2.35],[125.04,2.71],[124.99,2.96],[125.31,3.02],[125.23,3.28],[125.33,3.5],[125.26,3.67],[125.16,4.23],[125.22,4.73],[125.35,4.87],[125.38,5.18],[125.21,5.35],[125.14,5.55],[124.94,5.69],[124.73,5.74],[124.28,5.98],[124.1,5.99]]]},"properties":{"scalerank":0,"featurecla":"Bathymetry","depth":3000}},
{"type":"Feature","geometry":{"type":"Polygon","coordinates":[[[-85.08,2.46],[-84.78,2.6],[-84.38,2.59],[-84.21,2.74],[-84.26,3.02],[-84.23,3.55],[-84.64,3.39],[-84.42,3.14],[-84.44,2.85],[-84.73,2.64],[-84.89,2.81],[-84.87,3.3],[-84.71,3.45],[-84.73,3.63],[-84.58,3.74],[-84.68,3.95],[-84.64,4.24],[-84.72,4.49],[-85.14,4.34],[-85.06,4.1],[-85.3,4.06],[-85.54,3.75],[-85.41,3.67],[-85.52,3.33],[-85.34,3.33],[-85.18,2.77],[-85.32,2.71],[-85.08,2.46]]]},"properties":{"scalerank":0,"featurecla":"Bathymetry","depth":3000}},
{"type":"Feature","geometry":{"type":"Polygon","coordinates":[[[170.28,-29.29],[169.99,-29.33],[169.91,-29.54],[170.23,-29.6],[170.35,-29.77],[170.34,-30.1],[170.2,-30.55],[170.01,-30.68],[169.8,-30.52],[169.79,-30.3],[169.54,-30.33],[169.27,-30.19],[169.09,-30.25],[169.03,-30.02],[168.48,-29.9],[168.28,-30.11],[168.22,-30.44],[168.26,-30.63],[168.19,-30.89],[168.6,-31.51],[168.82,-31.75],[168.74,-31.94],[169.18,-32.22],[169.13,-32.45],[169.4,-32.68],[169.99,-32.93],[170.43,-32.75],[170.7,-32.79],[171.31,-32.61],[171.58,-32.64],[171.71,-32.47],[171.67,-32.02],[171.79,-31.54],[171.77,-31.32],[171.93,-30.88],[171.89,-30.72],[171.68,-30.69],[171.79,-31.13],[171.57,-31.36],[171.7,-31.43],[171.65,-31.66],[171.36,-31.65],[171.27,-31.1],[171.42,-30.68],[170.84,-30.56],[170.55,-30.71],[170.39,-30.45],[170.46,-30.12],[170.51,-29.48],[170.28,-29.29]],[[170.87,-31.92],[170.95,-31.43],[171.22,-31.73],[170.95,-32.15],[170.87,-31.92]],[[171.33,-31.86],[171.42,-31.71],[171.64,-31.87],[171.57,-32.08],[171.58,-32.41],[171.17,-32.33],[171.16,-32.17],[171.38,-32.09],[171.33,-31.86]]]},"properties":{"scalerank":0,"featurecla":"Bathymetry","depth":3000}},
{"type":"Feature","geometry":{"type":"Polygon","coordinates":[[[-97.77,88.28],[-110.49,88.38],[-117.84,88.36],[-97.77,88.28]]]},"properties":{"scalerank":0,"featurecla":"Bathymetry","depth":3000}},
{"type":"Feature","geometry":{"type":"Polygon","coordinates":[[[-117.84,88.36],[-140.71,88.45],[-162.1,88.54],[-180,88.61],[-180,87.5],[-180,85.99],[-172.63,85.95],[-164.27,85.91],[-154.44,85.85],[-154.41,85.97],[-149.53,86.15],[-152.17,86.29],[-150.58,86.56],[-143.93,86.47],[-143.16,86.7],[-144.92,86.94],[-140.1,87.15],[-132.38,87.49],[-127.09,87.41],[-117.67,87.42],[-105.88,87.41],[-105.72,87.57],[-99.11,87.85],[-99.33,88.06],[-113.29,88.25],[-117.84,88.36]],[[-163.94,87.73],[-148.76,88],[-146.2,87.87],[-145.4,87.46],[-158.38,87.57],[-163.94,87.73]],[[-125.69,87.89],[-120.3,87.67],[-126.86,87.64],[-125.69,87.89]]]},"properties":{"scalerank":0,"featurecla":"Bathymetry","depth":3000}},
{"type":"Feature","geometry":{"type":"Polygon","coordinates":[[[-97.77,88.28],[-88.85,88.2],[-88.76,88.24],[-97.77,88.28]]]},"properties":{"scalerank":0,"featurecla":"Bathymetry","depth":3000}},
{"type":"Feature","geometry":{"type":"Polygon","coordinates":[[[-179.78,-11.5],[-179.72,-11.31],[-180,-11.16],[-180,-11.35],[-179.78,-11.5]]]},"properties":{"scalerank":0,"featurecla":"Bathymetry","depth":3000}},
{"type":"Feature","geometry":{"type":"Polygon","coordinates":[[[-178.9,-12.72],[-178.78,-12.6],[-179.11,-12.45],[-179.2,-12.49],[-178.9,-12.72]]]},"properties":{"scalerank":0,"featurecla":"Bathymetry","depth":3000}},
{"type":"Feature","geometry":{"type":"Polygon","coordinates":[[[-179.68,-12.76],[-180,-12.77],[-180,-13.18],[-179.83,-13.09],[-179.68,-12.76]]]},"properties":{"scalerank":0,"featurecla":"Bathymetry","depth":3000}},
{"type":"Feature","geometry":{"type":"Polygon","coordinates":[[[-178.29,-12.86],[-178.08,-13.15],[-178.06,-12.84],[-178.29,-12.86]]]},"properties":{"scalerank":0,"featurecla":"Bathymetry","depth":3000}},
{"type":"Feature","geometry":{"type":"Polygon","coordinates":[[[-177.75,-13.55],[-177.74,-13.43],[-177.89,-13.47],[-177.89,-13.52],[-177.75,-13.55]]]},"properties":{"scalerank":0,"featurecla":"Bathymetry","depth":3000}},
{"type":"Feature","geometry":{"type":"Polygon","coordinates":[[[-179.96,-21.52],[-179.83,-21.38],[-179.87,-20.93],[-179.79,-20.82],[-179.85,-20.59],[-180,-20.42],[-180,-21.5],[-179.96,-21.52]]]},"properties":{"scalerank":0,"featurecla":"Bathymetry","depth":3000}},
{"type":"Feature","geometry":{"type":"Polygon","coordinates":[[[-179.87,-32.15],[-179.87,-31.94],[-180,-31.9],[-180,-32.16],[-179.87,-32.15]]]},"properties":{"scalerank":0,"featurecla":"Bathymetry","depth":3000}},
{"type":"Feature","geometry":{"type":"Polygon","coordinates":[[[-179.35,-32],[-179.59,-32.11],[-179.53,-32.33],[-179.35,-32.21],[-179.35,-32]]]},"properties":{"scalerank":0,"featurecla":"Bathymetry","depth":3000}},
{"type":"Feature","geometry":{"type":"Polygon","coordinates":[[[-179.86,-32.93],[-179.97,-32.76],[-180,-33],[-179.86,-32.93]]]},"properties":{"scalerank":0,"featurecla":"Bathymetry","depth":3000}},
{"type":"Feature","geometry":{"type":"Polygon","coordinates":[[[-178.6,-40.85],[-178.59,-40.72],[-178.75,-40.77],[-178.6,-40.85]]]},"properties":{"scalerank":0,"featurecla":"Bathymetry","depth":3000}},
{"type":"Feature","geometry":{"type":"Polygon","coordinates":[[[-178.18,-41.69],[-178.5,-41.68],[-178.48,-41.79],[-178.18,-41.69]]]},"properties":{"scalerank":0,"featurecla":"Bathymetry","depth":3000}},
{"type":"Feature","geometry":{"type":"Polygon","coordinates":[[[-178.64,-42.09],[-178.93,-42.11],[-178.85,-42.19],[-178.64,-42.09]]]},"properties":{"scalerank":0,"featurecla":"Bathymetry","depth":3000}},
{"type":"Feature","geometry":{"type":"Polygon","coordinates":[[[-179.02,-64.54],[-179.2,-64.77],[-179.56,-64.78],[-179.92,-64.64],[-180,-64.75],[-179.43,-64.87],[-179.08,-64.87],[-178.97,-64.7],[-179.02,-64.54]]]},"properties":{"scalerank":0,"featurecla":"Bathymetry","depth":3000}},
{"type":"Feature","geometry":{"type":"Polygon","coordinates":[[[-177.4,-64.96],[-177.77,-65.06],[-177.35,-65.04],[-177.4,-64.96]]]},"properties":{"scalerank":0,"featurecla":"Bathymetry","depth":3000}},
{"type":"Feature","geometry":{"type":"Polygon","coordinates":[[[-177.94,-65.82],[-178.52,-65.82],[-178.48,-65.96],[-177.94,-65.82]]]},"properties":{"scalerank":0,"featurecla":"Bathymetry","depth":3000}},
{"type":"Feature","geometry":{"type":"Polygon","coordinates":[[[-179.07,59.65],[-179.51,59.76],[-180,59.62],[-180,58],[-180,56],[-180,54.55],[-179.42,54.02],[-179.23,53.66],[-179.21,53.4],[-179.04,53.04],[-179.11,52.57],[-179.23,52.39],[-178.96,52.15],[-178.22,52.23],[-177.45,52.17],[-176.59,52.22],[-176.15,52.4],[-175.69,52.37],[-175.06,52.58],[-173.87,52.89],[-173.98,53.08],[-173.57,53.15],[-173.17,53.3],[-172.85,53.26],[-172.63,53.46],[-172.27,53.48],[-171.2,54.01],[-171.31,54.22],[-170.99,54.54],[-170.93,54.95],[-170.15,55.27],[-170.39,55.38],[-170.29,55.58],[-171.27,55.68],[-171.46,55.93],[-171.79,55.89],[-171.88,56.09],[-172.37,55.99],[-172.57,56.12],[-173.23,56.26],[-173.63,56.5],[-174.28,56.64],[-174.23,56.79],[-174.93,57.08],[-174.81,57.43],[-175.21,57.62],[-175.44,57.34],[-176.08,57.24],[-176.43,57.64],[-175.94,57.81],[-175.98,58.04],[-176.35,57.98],[-176.47,58.25],[-177.1,57.94],[-177.07,58.28],[-177.47,58.39],[-178.08,58.38],[-178.34,58.56],[-178.61,58.9],[-178.99,59.13],[-179.07,59.65]]]},"properties":{"scalerank":0,"featurecla":"Bathymetry","depth":3000}},
{"type":"Feature","geometry":{"type":"Polygon","coordinates":[[[-179.94,-20.07],[-179.91,-19.88],[-180,-19.75],[-180,-20.06],[-179.94,-20.07]]]},"properties":{"scalerank":0,"featurecla":"Bathymetry","depth":3000}},
{"type":"Feature","geometry":{"type":"Polygon","coordinates":[[[-178.98,-12.09],[-179.18,-11.83],[-179.23,-11.53],[-179.42,-11.54],[-179.35,-11.71],[-179.11,-12.01],[-178.98,-12.09]]]},"properties":{"scalerank":0,"featurecla":"Bathymetry","depth":3000}},
{"type":"Feature","geometry":{"type":"Polygon","coordinates":[[[-179.74,-32.49],[-179.76,-32.38],[-179.9,-32.4],[-179.85,-32.52],[-179.74,-32.49]]]},"properties":{"scalerank":0,"featurecla":"Bathymetry","depth":3000}},
{"type":"Feature","geometry":{"type":"Polygon","coordinates":[[[-178.93,-41.94],[-178.88,-41.77],[-178.97,-41.74],[-179.02,-41.86],[-178.93,-41.94]]]},"properties":{"scalerank":0,"featurecla":"Bathymetry","depth":3000}},
{"type":"Feature","geometry":{"type":"Polygon","coordinates":[[[-179.84,-31.59],[-179.81,-31.3],[-180,-31.06],[-180,-31.7],[-179.84,-31.59]]]},"properties":{"scalerank":0,"featurecla":"Bathymetry","depth":3000}},
{"type":"Feature","geometry":{"type":"Polygon","coordinates":[[[-50.22,88.77],[-50.23,88.78],[-50.23,88.77],[-50.22,88.77]]]},"properties":{"scalerank":0,"featurecla":"Bathymetry","depth":3000}},
{"type":"Feature","geometry":{"type":"Polygon","coordinates":[[[-180,-58.48],[-180,-60],[-180,-62],[-180,-63.98],[-179.68,-64.14],[-179.54,-64.37],[-179.1,-64.17],[-178.14,-64.44],[-178.27,-64.75],[-177.61,-64.62],[-176.8,-64.99],[-176.42,-64.89],[-176.33,-64.55],[-176.48,-63.99],[-176.14,-64.01],[-175.62,-64.27],[-174.4,-64.36],[-174.34,-63.94],[-173.36,-63.96],[-173.53,-63.74],[-173.42,-63.5],[-172.93,-63.33],[-172.35,-63.37],[-172.08,-63.52],[-171.42,-63.32],[-171.56,-63],[-170.89,-63.04],[-170.84,-63.25],[-170.42,-63.38],[-170.09,-63.1],[-169.26,-62.68],[-169.57,-62.5],[-169.6,-62.26],[-169.43,-62.03],[-169.15,-61.93],[-169.09,-61.65],[-168.29,-61.8],[-167.76,-61.8],[-167.5,-61.92],[-166.99,-61.92],[-166.46,-62.14],[-165.95,-61.84],[-165.29,-61.81],[-164.89,-61.72],[-164.63,-61.87],[-164.04,-61.63],[-163.75,-61.83],[-163.82,-62.02],[-162.88,-61.9],[-161.3,-62.33],[-161.33,-61.99],[-161.11,-61.73],[-160.75,-61.7],[-160.55,-61.92],[-159.89,-62.06],[-159.84,-61.92],[-160.1,-61.52],[-159.79,-61.37],[-160.49,-61.25],[-160.44,-61.11],[-159.82,-61.1],[-158.94,-61.16],[-158.59,-61.31],[-158.5,-61.66],[-158.03,-61.49],[-158.09,-61.3],[-159.05,-61.01],[-159.78,-60.83],[-159.5,-60.68],[-157.59,-61.2],[-156.6,-61.32],[-156.44,-61.05],[-155.97,-61.31],[-155.38,-61.29],[-154.96,-60.96],[-154.98,-60.64],[-154.04,-60.24],[-154.07,-59.82],[-154.28,-59.63],[-153.75,-59.41],[-153.49,-59.51],[-153.12,-59.21],[-153.32,-58.99],[-152.53,-58.99],[-153.03,-58.55],[-153.32,-58.44],[-152.45,-58.27],[-152.11,-58.47],[-151.18,-58.52],[-151.05,-58.29],[-151.18,-58.1],[-150.7,-57.64],[-150.34,-57.58],[-150.29,-57.36],[-149.54,-57.22],[-149.93,-56.97],[-149.38,-56.98],[-148.73,-57.11],[-148.56,-57.27],[-148.15,-57.17],[-147.78,-57.2],[-147.96,-56.82],[-148.38,-56.86],[-148.71,-56.67],[-148.24,-56.43],[-147.38,-56.35],[-146.92,-55.93],[-146.79,-55.63],[-146.37,-55.63],[-145.63,-55.34],[-145.01,-55.46],[-144.02,-55.73],[-143.5,-55.82],[-143.06,-55.99],[-142.56,-56.09],[-141.87,-56.36],[-142,-56.47],[-141.71,-56.83],[-142.68,-56.6],[-142.91,-56.49],[-143.65,-56.28],[-143.48,-56.55],[-143.96,-56.53],[-144.34,-56.66],[-144.7,-56.94],[-144.56,-57.27],[-144.97,-57.8],[-145.23,-57.91],[-145.75,-57.91],[-145.76,-58.11],[-146.4,-58.11],[-146.16,-58.45],[-146.43,-58.66],[-147.04,-58.82],[-146.84,-59.13],[-147.11,-59.32],[-147.41,-59.18],[-147.93,-59.42],[-148.03,-59.66],[-147.94,-59.85],[-148.44,-59.83],[-148.8,-60.09],[-148.53,-60.24],[-148.85,-60.43],[-148.83,-60.59],[-149.28,-60.95],[-149.59,-60.79],[-149.51,-60.6],[-149.04,-60.3],[-149.4,-60.19],[-149.78,-60.4],[-149.58,-60.59],[-149.89,-60.72],[-150.22,-60.63],[-150.91,-60.67],[-150.67,-60.98],[-151.08,-60.98],[-151.29,-61.53],[-151.65,-61.76],[-151.56,-61.98],[-152.76,-62.38],[-152.86,-62.61],[-153.22,-62.62],[-153.75,-62.49],[-153.81,-62.77],[-154.6,-62.84],[-154.98,-62.96],[-155.21,-63.18],[-154.92,-63.27],[-154.93,-63.5],[-155.77,-63.37],[-155.95,-63.53],[-156.36,-63.58],[-156.83,-63.5],[-156.95,-63.87],[-157.2,-63.98],[-157.82,-63.79],[-157.99,-63.43],[-158.37,-63.25],[-158.83,-63.26],[-158.34,-63.59],[-158.05,-64],[-158.33,-64.09],[-159.83,-63.65],[-159.86,-63.48],[-159.55,-63.3],[-159.84,-63.17],[-160.13,-63.63],[-160.98,-63.6],[-161.2,-63.75],[-161.6,-63.78],[-161.12,-64.06],[-161.25,-64.22],[-161.93,-64.01],[-162.26,-63.98],[-162.85,-63.73],[-163.36,-63.77],[-164.01,-64.09],[-164.28,-63.91],[-164.7,-63.86],[-164.74,-64.11],[-165.32,-63.99],[-165.77,-64.37],[-165.81,-64.53],[-165.3,-64.82],[-165.69,-65.4],[-166.45,-65.37],[-166.65,-65.59],[-167.26,-65.37],[-167.88,-65.66],[-167.04,-65.92],[-167.1,-66.02],[-168.02,-65.84],[-168.75,-65.46],[-169.25,-65.72],[-169.67,-65.52],[-170.23,-65.45],[-170.32,-65.68],[-171.36,-65.71],[-171.35,-66.01],[-171.82,-66.04],[-171.79,-65.83],[-172.84,-65.64],[-173.28,-66.18],[-173.84,-66.2],[-173.71,-66.43],[-173.28,-66.55],[-172.2,-66.96],[-171.86,-66.98],[-171.06,-67.28],[-171.14,-67.42],[-172.33,-67.04],[-172.82,-66.98],[-174.51,-66.39],[-174.33,-66.73],[-174.89,-66.83],[-175.26,-66.54],[-175.59,-66.59],[-175.2,-66.76],[-175.35,-66.93],[-174.7,-67.3],[-174.83,-67.44],[-178.06,-66.57],[-178.16,-66.4],[-179.23,-66.14],[-178.93,-65.49],[-179.64,-65.58],[-179.4,-65.76],[-179.59,-65.97],[-180,-65.93],[-180,-67.13],[-179.38,-67.34],[-179.56,-67.5],[-178.7,-67.88],[-178.97,-68.16],[-180,-68.45],[-180,-70.46],[-179.41,-70.26],[-178.19,-70.17],[-176.76,-71.02],[-175.74,-71.38],[-174.69,-71.43],[-174.23,-71.53],[-174.24,-71.74],[-174.94,-71.82],[-174.44,-72.03],[-174.17,-72.7],[-174.81,-72.98],[-173.94,-73.03],[-173.8,-73.28],[-172.91,-73.3],[-172.99,-73.73],[-172.4,-73.81],[-172.08,-74.13],[-171.38,-74.23],[-170.65,-74.47],[-168.22,-74.64],[-168.17,-74.89],[-167.58,-75.19],[-166.42,-75.34],[-165.62,-75.34],[-164.04,-75.62],[-162.8,-75.68],[-162.41,-75.76],[-161.28,-75.67],[-160.41,-76.1],[-158.47,-76.15],[-155.91,-76.3],[-152.91,-75.98],[-152.77,-75.8],[-151.99,-75.76],[-151.58,-75.5],[-149.21,-75.36],[-148.94,-75.26],[-147.58,-75.24],[-146.78,-75.02],[-145.73,-74.9],[-145.07,-74.72],[-144.93,-74.5],[-143.81,-74.38],[-142.42,-74.35],[-141.46,-74.1],[-140.53,-74.06],[-140.56,-73.82],[-139.6,-73.58],[-139,-73.58],[-138.02,-73.16],[-137.54,-73.27],[-137.04,-73.18],[-135.67,-73.3],[-135.09,-73.6],[-133.98,-73.41],[-133.68,-72.96],[-132.82,-72.57],[-131.95,-72.57],[-131.73,-72.35],[-130.51,-72.48],[-129.34,-72.07],[-129.37,-71.84],[-128.38,-71.77],[-127.77,-71.6],[-126.53,-71.69],[-125.79,-71.68],[-125.91,-71.32],[-125.23,-71.21],[-125.65,-71.06],[-125.48,-70.79],[-124.53,-70.73],[-123.8,-70.81],[-123.16,-71.11],[-122.83,-71.11],[-122.46,-70.8],[-123.18,-70.68],[-123.38,-70.37],[-122.54,-70.23],[-122.15,-70.42],[-121.7,-70.8],[-121.18,-70.87],[-120.56,-70.75],[-120.99,-70.58],[-121.1,-69.89],[-120.87,-69.82],[-121.16,-69.56],[-121.92,-69.42],[-122.07,-69.07],[-121.25,-69],[-120.25,-69.37],[-119.47,-68.83],[-118.9,-69.02],[-119.09,-69.19],[-118.97,-69.41],[-118.46,-69.53],[-118.23,-69.83],[-118.55,-70.03],[-118.01,-70.15],[-117.2,-70.11],[-116.54,-70.48],[-114.41,-70.87],[-113.35,-70.8],[-112.99,-70.53],[-111.14,-70.3],[-110.71,-70.41],[-110.24,-70.28],[-108.7,-70.56],[-108.19,-70.78],[-105.94,-70.73],[-105.64,-70.86],[-104.3,-70.58],[-103.82,-70.61],[-102.88,-70.42],[-101.37,-70.56],[-101.14,-70.78],[-100.17,-70.82],[-98.52,-70.56],[-96.86,-70.44],[-95.09,-70.1],[-94.71,-69.93],[-93.41,-69.96],[-92.69,-70.04],[-92.11,-70.32],[-90.46,-70.31],[-88.99,-69.96],[-88.32,-69.62],[-87.69,-69.42],[-87.57,-69.16],[-87.15,-68.98],[-86.25,-68.93],[-85.87,-69.17],[-85.11,-69.13],[-84.94,-69.34],[-83.98,-69.4],[-83.75,-69.26],[-82.55,-68.91],[-82.14,-68.02],[-81.54,-66.69],[-81.14,-65.81],[-80.53,-64.48],[-80.13,-63.59],[-79.32,-61.81],[-78.52,-60.04],[-77.91,-58.71],[-77.11,-56.94],[-76.3,-55.16],[-75.7,-53.83],[-75.67,-53.71],[-75.96,-53.3],[-75.91,-52.94],[-76.04,-52.78],[-76.18,-52.2],[-76.3,-52.03],[-76.34,-51.53],[-76.51,-51.42],[-76.49,-51.14],[-76.75,-50.57],[-76.78,-50.2],[-76.9,-50.11],[-77.06,-49.56],[-77.04,-49.34],[-76.75,-48.79],[-76.67,-48.17],[-76.47,-47.77],[-76.08,-47.26],[-75.87,-46.64],[-76.09,-46.51],[-76.48,-46.54],[-76.87,-46.4],[-77.28,-46.35],[-77.3,-46.12],[-78.33,-46.08],[-78.36,-45.95],[-78.7,-45.72],[-79.07,-45.86],[-79.5,-45.87],[-79.13,-44.9],[-78.92,-44.62],[-78.15,-44.47],[-77.9,-44.52],[-77.64,-44.26],[-77.28,-44.26],[-77.33,-44.45],[-77.05,-44.51],[-76.69,-44.81],[-76.86,-45.19],[-77.06,-45.38],[-76.82,-45.5],[-76.15,-45.55],[-75.97,-45.85],[-75.96,-44.95],[-75.78,-44.59],[-75.79,-44.09],[-75.66,-43.63],[-75.48,-43.37],[-75.52,-43.06],[-75.44,-42.86],[-75.33,-41.98],[-75.35,-41.72],[-75.24,-41.44],[-75.28,-41.26],[-75.07,-40.88],[-75.05,-40.46],[-74.87,-40.13],[-74.86,-39.58],[-74.75,-39.31],[-74.77,-39.04],[-74.65,-38.83],[-74.65,-38.57],[-74.5,-38.36],[-74.43,-37.9],[-74.45,-37.54],[-74.28,-37.32],[-74.31,-37.08],[-74.24,-36.69],[-73.81,-35.96],[-73.63,-35.35],[-73.46,-35.15],[-73.3,-34.67],[-73.15,-34.62],[-72.78,-34.09],[-72.73,-33.83],[-72.56,-33.56],[-72.48,-33.12],[-72.51,-32.63],[-72.03,-32.06],[-72.07,-31.65],[-72.24,-31.51],[-72.12,-31.32],[-72.19,-30.88],[-72.14,-30.55],[-71.9,-30.22],[-71.94,-29.94],[-72.07,-29.76],[-71.88,-29.4],[-71.86,-29.06],[-71.67,-28.63],[-71.71,-28.46],[-71.52,-27.82],[-71.36,-27.57],[-71.45,-27.35],[-71.23,-27.26],[-71.25,-26.67],[-71.15,-26.29],[-71.12,-25.77],[-70.98,-25.45],[-71.04,-25.18],[-70.98,-24.99],[-71.02,-24.22],[-70.87,-23.45],[-70.77,-22.65],[-70.81,-22.23],[-70.71,-21.91],[-70.8,-21.67],[-70.87,-20.9],[-70.87,-20.4],[-70.96,-20.25],[-70.97,-19.64],[-71.37,-19.2],[-71.5,-18.91],[-71.45,-18.73],[-71.74,-18.68],[-71.76,-18.48],[-72.05,-18.38],[-72.12,-18],[-72.34,-18],[-72.72,-17.57],[-72.94,-17.52],[-73.14,-17.06],[-73.66,-16.91],[-74.13,-16.54],[-74.36,-16.5],[-74.42,-16.33],[-74.59,-16.35],[-74.96,-16.05],[-75.32,-15.85],[-75.62,-15.62],[-75.86,-15.36],[-76.37,-14.98],[-76.73,-14.58],[-77.04,-14.04],[-77.28,-13.78],[-77.42,-13.51],[-77.74,-13.25],[-77.77,-13.1],[-78.26,-12.43],[-78.6,-11.86],[-78.91,-11.47],[-78.94,-11.3],[-79.3,-10.71],[-81.2,-11.28],[-83.1,-11.84],[-85.01,-12.41],[-86.91,-12.97],[-88.81,-13.54],[-90.72,-14.1],[-92.62,-14.67],[-94.52,-15.23],[-96.43,-15.8],[-98.33,-16.36],[-100.23,-16.93],[-102.14,-17.49],[-104.04,-18.06],[-105.94,-18.62],[-107.85,-19.19],[-109.75,-19.75],[-111.65,-20.32],[-113.58,-19.98],[-115.5,-19.64],[-117.43,-19.31],[-119.35,-18.97],[-121.28,-18.63],[-122.35,-19.55],[-123.78,-20.78],[-125.21,-22],[-126.61,-21.99],[-128.47,-21.97],[-130.32,-21.95],[-131.25,-21.95],[-132.64,-21.93],[-132.63,-23.82],[-132.62,-25.23],[-132.62,-26.17],[-133.27,-26.93],[-134.58,-28.44],[-135.88,-29.95],[-137.19,-31.46],[-137.84,-32.21],[-138.82,-33.35],[-139.8,-34.48],[-140.78,-35.61],[-141.75,-36.75],[-142.73,-37.88],[-143.71,-39.02],[-145.02,-40.53],[-146.32,-42.04],[-147.63,-43.55],[-148.93,-45.06],[-150.24,-46.57],[-151.54,-48.08],[-152.85,-49.59],[-154.15,-51.1],[-155.46,-52.62],[-156.76,-54.13],[-158.07,-55.64],[-159.37,-57.15],[-162.32,-57.34],[-164.28,-57.47],[-166.25,-57.59],[-168.21,-57.72],[-170.18,-57.85],[-172.14,-57.98],[-174.11,-58.1],[-176.07,-58.23],[-178.04,-58.36],[-180,-58.48]],[[-170.25,-66.53],[-170.89,-66.44],[-170.42,-66.28],[-170.25,-66.53]],[[-170.97,-66.13],[-170.37,-65.78],[-169.93,-65.95],[-170.85,-66.22],[-170.97,-66.13]],[[-172.31,-66.38],[-172.32,-66.14],[-171.91,-66.07],[-171.92,-66.39],[-172.31,-66.38]],[[-168.65,-67.7],[-168.76,-67.45],[-168.08,-67.51],[-168.24,-67.73],[-168.65,-67.7]],[[-90.8,-68.54],[-89.98,-68.67],[-89.95,-69],[-90.8,-69.09],[-91.18,-68.88],[-91.14,-68.66],[-90.8,-68.54]],[[-117.5,-68.99],[-117.23,-69.18],[-116.93,-69.67],[-117.6,-69.69],[-117.71,-69.3],[-118.09,-69.04],[-118.1,-68.66],[-117.61,-68.73],[-117.5,-68.99]],[[-123.64,-68.93],[-122.61,-69.1],[-122.95,-69.25],[-123.8,-69.22],[-123.64,-68.93]],[[-129.75,-69.32],[-130.38,-69.48],[-131.24,-69.37],[-131.22,-69.21],[-129.75,-69.32]],[[-178.36,-69.42],[-179.12,-69.59],[-179.06,-69.31],[-178.67,-69.2],[-178.36,-69.42]],[[-125.35,-69.5],[-124.18,-69.56],[-124.34,-69.84],[-125.26,-69.73],[-125.35,-69.5]],[[-125.76,-69.86],[-126.3,-69.94],[-127.38,-69.71],[-127.14,-69.52],[-125.94,-69.64],[-125.76,-69.86]],[[-128.38,-69.96],[-128.75,-70.13],[-129.82,-70.08],[-129.98,-69.72],[-128.86,-69.72],[-128.34,-69.8],[-128.38,-69.96]],[[-177.86,-68.76],[-178.03,-69],[-178.74,-69.02],[-179.2,-68.73],[-178.68,-68.48],[-177.86,-68.76]],[[-177.75,-67.65],[-177.96,-67.94],[-178.38,-67.82],[-177.75,-67.65]],[[-127.56,-70.56],[-127.78,-70.78],[-128.55,-70.7],[-128.64,-70.52],[-127.72,-70.48],[-127.56,-70.56]],[[-127.98,-71.11],[-127.13,-71.4],[-126.28,-71.41],[-126.07,-71.54],[-127.87,-71.54],[-127.98,-71.11]],[[-161.02,-66.13],[-161.83,-66.05],[-162.05,-65.79],[-161.21,-65.82],[-161.02,-66.13]],[[-90.93,-65.75],[-91.01,-65.6],[-90.71,-65.2],[-90.2,-65.19],[-90.03,-65.34],[-90.13,-65.61],[-90.58,-65.83],[-90.93,-65.75]],[[-160.99,-64.78],[-161.43,-64.61],[-161.66,-64.36],[-161.06,-64.32],[-160.6,-64.56],[-160.99,-64.78]],[[-161.89,-64.63],[-162.66,-64.37],[-163,-64.13],[-162.83,-64.02],[-161.99,-64.25],[-161.89,-64.63]],[[-144.54,-64.58],[-143.97,-64.63],[-144.02,-64.94],[-144.41,-64.91],[-144.54,-64.58]],[[-93.26,-64.88],[-92.71,-64.94],[-92.59,-65.09],[-92.91,-65.29],[-93.25,-65.22],[-93.26,-64.88]],[[-151.9,-62.91],[-152.17,-62.89],[-152.37,-62.6],[-152.01,-62.24],[-151.47,-62.12],[-150.98,-62.23],[-150.42,-62.49],[-149.66,-62.74],[-149.68,-62.95],[-150.81,-62.51],[-151.54,-62.39],[-152.01,-62.61],[-151.62,-62.76],[-150.87,-62.81],[-150.77,-62.98],[-151.7,-62.97],[-151.9,-62.91]],[[-150.92,-61.45],[-150.37,-61.53],[-150.75,-61.79],[-150.92,-61.45]],[[-136.68,-58.63],[-136.61,-58.49],[-135.4,-58.4],[-135.45,-58.7],[-136.01,-58.63],[-136.68,-58.63]],[[-95,-58.34],[-94.89,-58.08],[-94.55,-58.2],[-95,-58.34]],[[-136.53,-57.98],[-137.15,-57.85],[-137.24,-57.67],[-136.97,-57.58],[-136.49,-57.62],[-135.66,-57.84],[-135.57,-58.06],[-136.53,-57.98]],[[-138.63,-57.5],[-138.96,-57.19],[-138.99,-56.87],[-139.61,-57.16],[-139.76,-56.87],[-140.07,-56.98],[-141.46,-56.72],[-141.47,-56.48],[-141.16,-56.04],[-140.84,-56.16],[-139.94,-56.05],[-139.81,-55.57],[-139.59,-55.42],[-139.56,-55.2],[-139.73,-54.91],[-140.02,-54.67],[-139.93,-54.53],[-140.35,-54.26],[-140.52,-53.86],[-141.19,-53.45],[-141.43,-53.21],[-141.29,-53.03],[-140.89,-53.28],[-140.56,-53.4],[-140.14,-53.3],[-139.79,-53.34],[-140.13,-52.88],[-139.57,-52.8],[-139.12,-52.87],[-138.84,-53.03],[-138.25,-53.01],[-137.98,-53.09],[-138.04,-53.34],[-138.48,-53.33],[-139.09,-53.22],[-139.24,-53.42],[-139.12,-53.55],[-138.6,-53.61],[-137.99,-53.83],[-137.76,-53.81],[-137.12,-53.98],[-136.96,-53.81],[-136.13,-54.03],[-135.67,-54.05],[-135.57,-53.64],[-136.3,-53.54],[-136.46,-53.69],[-136.9,-53.66],[-136.92,-53.45],[-137.27,-53.33],[-137.14,-53.17],[-135.91,-53.35],[-135.19,-53.5],[-134.03,-53.77],[-134.07,-53.91],[-133.38,-54.11],[-132.98,-54.04],[-132.19,-54.17],[-130.68,-54.46],[-130.22,-54.6],[-129.05,-54.82],[-128.38,-55.01],[-128.02,-54.98],[-128.24,-54.66],[-127.41,-54.72],[-127.19,-54.91],[-125.9,-55.15],[-125.38,-55.3],[-124.42,-55.46],[-124.01,-55.6],[-123.41,-55.66],[-123.34,-55.82],[-123.9,-55.81],[-124.46,-55.63],[-127.09,-55.2],[-127.36,-55.51],[-127.83,-55.45],[-128.03,-55.28],[-129.06,-55.03],[-130.41,-54.75],[-131.09,-54.55],[-132.31,-54.31],[-132.87,-54.4],[-132.92,-54.52],[-132.46,-54.62],[-132,-54.82],[-131.97,-54.93],[-133.15,-54.81],[-133.18,-54.7],[-133.73,-54.55],[-134.28,-54.61],[-134.24,-54.9],[-134.52,-54.86],[-134.6,-55.1],[-134.14,-55.2],[-134.82,-55.51],[-135.29,-55.45],[-135.55,-55.66],[-136.07,-55.73],[-135.61,-55.93],[-135.6,-56.33],[-136.28,-56.45],[-136.71,-56.68],[-137.54,-56.76],[-137.9,-56.9],[-138.02,-57.11],[-138.63,-57.5]],[[-139.74,-55.26],[-140.06,-55.22],[-140.12,-54.94],[-139.68,-55],[-139.74,-55.26]],[[-146.8,-55.3],[-147.01,-55.54],[-147.67,-55.33],[-147.72,-55.13],[-147.36,-55.13],[-146.8,-55.3]],[[-142.18,-52.75],[-142.58,-52.63],[-142.39,-52.43],[-142.18,-52.75]],[[-141.65,-52.56],[-142.32,-52.27],[-142.3,-52.01],[-141.56,-52.2],[-141.36,-52.42],[-141.65,-52.56]],[[-111.04,-47.65],[-111.26,-47.67],[-111.17,-47.97],[-111.53,-48.12],[-111.7,-48.29],[-111.6,-48.82],[-111.68,-49.12],[-112.03,-49.22],[-111.8,-49.4],[-112.1,-49.53],[-111.16,-49.98],[-111.58,-50.01],[-111.75,-50.16],[-113.9,-49.93],[-114.46,-49.7],[-114.86,-49.85],[-115.24,-49.8],[-115.07,-50.08],[-115.14,-50.49],[-115.55,-50.73],[-115.34,-50.93],[-115.74,-51.28],[-116.43,-51.23],[-116.78,-51.85],[-116.74,-52.08],[-116.53,-52.26],[-116.6,-52.77],[-116.8,-52.84],[-117.11,-53.24],[-117.31,-53.33],[-117.24,-53.73],[-116.94,-53.8],[-116.82,-54.02],[-117.04,-54.47],[-117.26,-54.74],[-117.55,-54.58],[-117.76,-54.78],[-118.06,-54.77],[-118.46,-54.88],[-118.79,-55.12],[-118.89,-55.62],[-119.04,-55.78],[-119.71,-55.66],[-119.94,-55.88],[-120.24,-55.9],[-119.93,-56.18],[-120.24,-56.23],[-121.2,-56.18],[-122.62,-55.79],[-122.66,-55.45],[-123.6,-55.25],[-124.04,-55.21],[-123.97,-55.04],[-122.69,-55.08],[-122.76,-54.89],[-123.21,-54.61],[-122.95,-54.29],[-122.44,-54.11],[-122.71,-54],[-122.77,-53.73],[-122.26,-53.93],[-121.87,-53.93],[-121.68,-53.77],[-121,-53.8],[-120.34,-53.93],[-119.88,-53.82],[-119.58,-54.03],[-118.71,-54.12],[-118.71,-53.93],[-119.23,-53.95],[-119.14,-53.59],[-119.41,-53.48],[-118.97,-53.11],[-118.82,-52.9],[-119.54,-52.85],[-119.9,-52.7],[-120.29,-52.68],[-120.74,-52.56],[-121.32,-52.51],[-121.54,-52.31],[-120.58,-52.38],[-120.24,-52.18],[-120.04,-52.24],[-120.05,-51.79],[-119.69,-51.9],[-119.26,-51.55],[-119.38,-51.37],[-119.71,-51.22],[-119.81,-50.94],[-119.18,-50.66],[-118.56,-50.71],[-118.38,-50.55],[-118.53,-50.39],[-119.06,-50.11],[-119.57,-50.04],[-119.79,-49.77],[-119.76,-49.58],[-119.31,-49.23],[-118.98,-49.11],[-119.69,-48.9],[-119.48,-48.8],[-119.16,-48.91],[-118.87,-48.89],[-118.25,-49.03],[-117.1,-49.15],[-116.57,-49.25],[-115.99,-49.44],[-115.59,-49.32],[-114.48,-49.46],[-114.77,-49.3],[-115.23,-49.14],[-115.37,-49.25],[-115.79,-49],[-115.8,-48.79],[-115.61,-48.43],[-116.26,-48.14],[-116.18,-48.01],[-115.59,-47.79],[-115.2,-47.93],[-114.97,-48.14],[-114.68,-48.13],[-114.87,-47.77],[-114.82,-47.5],[-115.11,-47.47],[-115.06,-47.13],[-115.48,-47.11],[-115.49,-46.78],[-115.27,-46.6],[-114.59,-46.63],[-114.31,-46.49],[-113.81,-46.68],[-113.73,-46.46],[-114,-46.18],[-113.95,-45.89],[-114.26,-45.84],[-114.51,-45.25],[-114.45,-44.99],[-113.99,-44.7],[-113.54,-44.11],[-113.15,-43.81],[-113.06,-43.47],[-113.5,-43.63],[-113.29,-43.23],[-113.04,-43.25],[-112.97,-42.91],[-113.33,-42.75],[-113.09,-42.4],[-113.67,-42.34],[-113.68,-42.16],[-114.18,-42.18],[-114.42,-41.95],[-112.9,-41.95],[-113.09,-41.7],[-114.1,-41.76],[-114.19,-41.53],[-114.55,-41.57],[-114.62,-41.39],[-114.31,-41.2],[-113.98,-41.14],[-112.25,-41.16],[-112.44,-41.04],[-113.57,-40.96],[-114.1,-40.75],[-114.07,-40.66],[-113.62,-40.64],[-113.49,-40.84],[-113.28,-40.63],[-112.77,-40.41],[-112.3,-40.58],[-112.36,-40.25],[-112.55,-40.33],[-112.74,-40.03],[-112.96,-40.01],[-112.65,-39.69],[-112.42,-39.75],[-112.4,-39.5],[-112.28,-39.35],[-112.39,-39.13],[-112.75,-39.02],[-112.8,-38.5],[-113.02,-38.3],[-113.27,-38.21],[-113.34,-38.05],[-113.62,-38.04],[-113.85,-37.92],[-113.95,-37.75],[-114.2,-37.67],[-114.1,-37.45],[-114.89,-37.58],[-115.23,-37.49],[-114.81,-37.22],[-114.06,-37.16],[-114.07,-37.28],[-113.4,-37.51],[-113.47,-37.73],[-112.84,-37.64],[-112.71,-37.77],[-112.44,-37.24],[-112.68,-37.08],[-113.18,-37.21],[-113.56,-37.11],[-113.95,-37.17],[-114.26,-37.01],[-114.07,-36.72],[-114.18,-36.48],[-114.36,-36.43],[-114.98,-36.6],[-115.12,-36.69],[-115.49,-36.33],[-115.81,-36.34],[-115.85,-36.11],[-116.15,-36.09],[-116.3,-35.83],[-116.11,-35.69],[-115.83,-35.71],[-115.6,-35.59],[-115.37,-35.63],[-115.39,-35.88],[-115.11,-35.95],[-114.7,-35.74],[-114.1,-35.62],[-113.93,-35.51],[-113.66,-35.51],[-113.36,-35.33],[-113.26,-35.53],[-113.05,-35.4],[-112.89,-35.49],[-112.87,-35.86],[-112.97,-36.07],[-113.34,-36.24],[-113.25,-36.45],[-113.89,-36.41],[-113.76,-36.55],[-112.9,-36.55],[-112.87,-36.16],[-112.66,-36.1],[-112.48,-36.46],[-112.64,-36.46],[-112.75,-36.7],[-112.22,-36.65],[-112.28,-36.43],[-112.46,-36.22],[-112.08,-36.11],[-112.02,-36.32],[-111.63,-36.31],[-111.74,-35.96],[-111.96,-36.03],[-111.97,-35.65],[-111.79,-35.5],[-112.03,-34.99],[-112.55,-34.86],[-112.69,-34.64],[-113,-34.59],[-113.2,-34.23],[-113.9,-33.77],[-114.15,-33.82],[-114.35,-33.7],[-114.64,-33.76],[-115.08,-33.63],[-115.32,-33.39],[-115.53,-33.48],[-115.81,-33.4],[-116.06,-33.56],[-116.68,-33.46],[-116.74,-33.27],[-116.41,-33.23],[-116.36,-33.08],[-116.1,-32.84],[-115.92,-32.94],[-115.96,-33.21],[-115.66,-33.11],[-115.88,-32.85],[-115.78,-32.7],[-115.35,-32.7],[-115.14,-32.41],[-114.87,-32.45],[-114.38,-32.23],[-114.41,-31.99],[-114.26,-31.91],[-114.21,-31.42],[-114.49,-31.3],[-114.96,-31.34],[-114.48,-30.79],[-114.24,-30.82],[-114.12,-30.53],[-113.81,-30.45],[-114.25,-30.12],[-114.23,-29.96],[-114.03,-29.83],[-113.81,-29.95],[-113.76,-29.7],[-113.51,-29.7],[-113.32,-29.82],[-112.99,-29.66],[-113,-29.33],[-113.33,-29.22],[-113.06,-29.08],[-113.19,-28.48],[-113.36,-28.29],[-113.43,-27.77],[-113.56,-27.6],[-114.31,-27.45],[-114.68,-27.3],[-114.74,-27.55],[-114.94,-27.46],[-114.92,-27.27],[-115.22,-27.17],[-115.51,-27.22],[-115.61,-27.04],[-115.62,-26.73],[-116.09,-26.6],[-116.34,-26.63],[-116.57,-26.5],[-117.47,-26.32],[-117.7,-26.16],[-118,-26.26],[-118.48,-26.18],[-118.64,-26.25],[-119.16,-25.86],[-119.01,-25.76],[-118.8,-25.8],[-118.46,-25.58],[-118.28,-25.26],[-118.08,-25.41],[-118.22,-25.56],[-117.77,-25.71],[-117.75,-25.47],[-117.9,-25.13],[-118.23,-25.1],[-118.63,-25.39],[-119.03,-25.53],[-119.17,-25.79],[-119.44,-25.74],[-119.43,-25.93],[-119.66,-26.02],[-120.06,-26.04],[-120.26,-25.97],[-120.44,-26.07],[-120.77,-26.06],[-121.05,-25.97],[-120.97,-25.81],[-120.47,-25.85],[-120.75,-25.64],[-120.63,-25.36],[-120.3,-25.45],[-120.34,-25.13],[-119.98,-24.89],[-119.68,-24.86],[-119.3,-24.64],[-118.39,-24.43],[-118.19,-24.32],[-118.04,-24.4],[-118.02,-24.66],[-118.25,-24.59],[-118.61,-24.65],[-118.94,-24.79],[-118.93,-24.92],[-119.22,-25.09],[-119.34,-24.93],[-119.66,-25.1],[-119.28,-25.27],[-118.85,-25.22],[-118.49,-25.06],[-118.13,-24.77],[-117.93,-24.75],[-117.98,-24.57],[-117.8,-24.21],[-117.7,-24.19],[-117.7,-24.72],[-117.42,-24.7],[-117.63,-24.47],[-117.58,-24.07],[-117.21,-23.95],[-117.07,-24.06],[-116.9,-23.97],[-116.75,-24.08],[-116.67,-24.3],[-116.42,-24.22],[-116.26,-24.01],[-116,-24.01],[-116.05,-23.69],[-115.74,-23.53],[-115.78,-23.34],[-115.97,-23.17],[-115.49,-23.19],[-115.37,-22.91],[-115.21,-22.95],[-115.22,-23.3],[-114.94,-23.38],[-114.6,-23.34],[-114.56,-23.65],[-114.88,-23.63],[-115.02,-23.78],[-114.94,-23.96],[-115.02,-24.17],[-115.39,-24.21],[-115.28,-24.44],[-115.42,-24.84],[-115.29,-24.93],[-115.22,-25.22],[-114.98,-25.25],[-114.99,-25.52],[-115.29,-25.56],[-114.96,-25.85],[-114.7,-25.93],[-114.27,-25.68],[-113.52,-25.77],[-113.45,-25.48],[-113.26,-25.44],[-113.02,-25.19],[-112.71,-25.09],[-112.49,-24.82],[-112.17,-24.7],[-112.35,-24.58],[-112.34,-24.31],[-112.06,-23.92],[-111.82,-23.75],[-111.77,-23.61],[-111.45,-23.57],[-111.47,-23.85],[-111.29,-24.03],[-111.25,-24.36],[-111.4,-24.83],[-111.39,-25.15],[-111.2,-25.24],[-111.1,-25.56],[-110.93,-25.8],[-110.9,-26.08],[-110.7,-26.51],[-110.53,-26.52],[-110.3,-26.23],[-110.14,-26.57],[-110.14,-26.71],[-109.94,-26.9],[-109.54,-26.93],[-109.22,-26.6],[-109.04,-26.63],[-109.08,-26.93],[-108.8,-26.95],[-108.87,-27.15],[-108.47,-27.12],[-108.14,-27.24],[-108.12,-27],[-108.31,-26.7],[-108.32,-26.56],[-107.42,-26.6],[-107.64,-26.38],[-107.57,-26.14],[-107.37,-26.23],[-107.31,-26.5],[-106.57,-26.18],[-106.38,-26.21],[-106.17,-25.97],[-106,-25.99],[-106,-26.26],[-105.43,-26.26],[-105.1,-26.2],[-104.94,-26.28],[-104.48,-26.26],[-104.23,-26.09],[-104.05,-26.17],[-103.86,-25.94],[-103.73,-25.92],[-103.47,-26.11],[-103.27,-26.09],[-103.01,-26.02],[-102.71,-26.05],[-102.48,-25.86],[-101.7,-25.66],[-101.35,-25.9],[-101.11,-25.92],[-101.12,-25.6],[-100.85,-25.66],[-100.24,-25.63],[-100,-25.83],[-99.63,-25.71],[-99.74,-25.6],[-100.03,-25.63],[-100.02,-25.24],[-100.65,-25.28],[-100.75,-25.51],[-100.94,-25.34],[-101.82,-25.47],[-101.59,-25.24],[-101.24,-25.19],[-101.21,-25.01],[-100.77,-25.02],[-100.56,-24.92],[-100.31,-24.96],[-100.09,-24.89],[-99.91,-24.95],[-99.53,-24.89],[-98.69,-24.89],[-98.56,-24.96],[-98.16,-24.79],[-97.64,-24.72],[-97.25,-24.96],[-96.92,-25.05],[-96.8,-24.92],[-95.9,-24.7],[-95.4,-24.78],[-95.49,-24.98],[-96,-24.94],[-96.29,-25.08],[-96.55,-25.58],[-96.38,-25.63],[-96.3,-25.43],[-95.7,-25.71],[-95.46,-25.58],[-95.11,-25.62],[-94.74,-25.49],[-94.2,-25.59],[-94.37,-25.81],[-95.14,-25.83],[-95.26,-25.98],[-95.69,-26],[-95.83,-26.06],[-96.19,-26.03],[-96.25,-25.85],[-96.53,-25.9],[-96.65,-26.09],[-97.17,-26.12],[-97.18,-25.87],[-96.96,-25.82],[-97.04,-25.55],[-96.66,-25.31],[-97.66,-25.2],[-97.83,-25.04],[-98.22,-25.12],[-98.69,-25.41],[-98.32,-25.44],[-98.17,-25.2],[-97.96,-25.34],[-98.07,-25.59],[-98.25,-25.66],[-98.45,-25.56],[-98.75,-25.63],[-98.88,-25.77],[-99.38,-25.76],[-99.49,-25.96],[-99.79,-25.94],[-99.95,-26.17],[-100.37,-26],[-100.46,-26.1],[-100.56,-26.63],[-100.56,-27.05],[-100.78,-27.17],[-100.88,-27.41],[-101.13,-27.54],[-101.23,-27.45],[-101.08,-27.02],[-100.8,-26.69],[-100.99,-26.43],[-101.19,-26.6],[-101.3,-26.41],[-101.53,-26.3],[-101.59,-26.55],[-101.54,-26.76],[-101.19,-27.1],[-101.79,-27.4],[-101.94,-27.59],[-101.91,-27.82],[-102.13,-27.82],[-102.34,-27.36],[-102.82,-27.15],[-103.18,-27.19],[-103.37,-27.43],[-103.89,-27.87],[-103.9,-27.98],[-104.19,-28.16],[-104.32,-27.5],[-104.23,-27.29],[-103.89,-26.99],[-103.34,-26.76],[-103.28,-27.01],[-102.88,-26.85],[-102.62,-27.01],[-102.4,-26.89],[-102.42,-26.54],[-102.28,-26.47],[-102,-26.58],[-101.77,-26.44],[-102.17,-26.3],[-102.55,-26.28],[-102.7,-26.39],[-103.06,-26.45],[-103.22,-26.38],[-103.43,-26.55],[-103.73,-26.63],[-103.8,-26.5],[-104.13,-26.48],[-104.59,-26.54],[-104.73,-26.61],[-104.64,-26.85],[-104.78,-26.98],[-105.08,-26.79],[-105.19,-26.64],[-105.39,-26.74],[-105.26,-26.89],[-105.05,-26.93],[-104.94,-27.13],[-104.51,-27.21],[-104.45,-27.45],[-104.72,-27.76],[-104.65,-27.9],[-104.32,-27.65],[-104.32,-28.18],[-104.57,-28.08],[-105.1,-27.99],[-104.99,-28.23],[-105.66,-28.28],[-106.03,-27.99],[-106.18,-28.32],[-106.48,-28.48],[-106.54,-28.28],[-106.92,-28.43],[-107.03,-28.39],[-107.37,-28.58],[-107.57,-28.51],[-107.09,-28.16],[-106.8,-28.1],[-106.79,-27.82],[-106.56,-27.91],[-106.71,-27.11],[-106.63,-26.98],[-106.75,-26.64],[-107.27,-26.81],[-107.42,-27.02],[-107.11,-27.4],[-106.85,-27.46],[-107.09,-27.7],[-107.39,-27.77],[-107.32,-28.2],[-107.49,-28.31],[-107.88,-28.3],[-107.86,-28.15],[-108.22,-28.2],[-108.22,-28.43],[-108.09,-28.67],[-107.88,-28.71],[-107.86,-29.16],[-108.36,-29.22],[-108.51,-29.14],[-108.8,-29.21],[-109.08,-28.97],[-109.14,-29.39],[-109.35,-29.37],[-109.21,-28.95],[-109.37,-28.58],[-109.74,-28.82],[-109.87,-29.04],[-109.79,-29.23],[-110.09,-29.36],[-110.67,-29.89],[-110.26,-30.09],[-110.23,-29.76],[-110.09,-29.81],[-110.18,-30.41],[-110.35,-30.54],[-110.17,-30.84],[-109.83,-30.69],[-109.78,-30.94],[-109.56,-31.09],[-109.55,-31.36],[-109.28,-31.47],[-109.14,-31.75],[-109,-31.62],[-108.72,-31.8],[-108.91,-31.92],[-108.75,-32.08],[-108.68,-32.42],[-108.33,-32.34],[-108.38,-32.54],[-108.66,-32.71],[-108.36,-32.89],[-108.52,-33.13],[-108.7,-33.1],[-108.67,-33.5],[-108.43,-33.75],[-108.45,-33.92],[-108.72,-33.94],[-108.8,-34.31],[-108.48,-34.39],[-108.19,-34.56],[-108.02,-34.57],[-107.98,-34.86],[-108.24,-34.82],[-108.58,-34.68],[-109.2,-34.58],[-109.33,-34.73],[-109.69,-34.6],[-109.89,-34.68],[-110.07,-34.6],[-110.28,-34.7],[-110.27,-34.97],[-109.61,-34.93],[-109.68,-35.06],[-109.94,-35.16],[-110.06,-35.52],[-109.57,-35.49],[-109.65,-35.75],[-109.55,-35.82],[-109.64,-36.13],[-110.05,-36.18],[-109.82,-36.74],[-109.63,-36.96],[-109.65,-37.2],[-109.8,-37.33],[-109.83,-37.88],[-109.53,-37.92],[-109.85,-38.33],[-109.87,-38.51],[-110.06,-38.64],[-110.07,-38.86],[-109.91,-39.06],[-110.16,-39.65],[-110.09,-39.88],[-110.21,-40.17],[-110.22,-40.42],[-110.55,-40.57],[-110.06,-41.11],[-109.8,-41.12],[-109.67,-41.37],[-110.01,-41.31],[-110.2,-41.36],[-110.25,-41.62],[-110.16,-41.84],[-109.95,-41.97],[-109.78,-42.31],[-109.82,-42.49],[-110.45,-42.43],[-110.41,-42.69],[-110.02,-42.72],[-109.93,-42.9],[-110.16,-42.96],[-110.26,-43.29],[-110.13,-43.44],[-109.76,-43.46],[-109.76,-43.68],[-110.18,-43.61],[-110.4,-43.68],[-110.37,-43.87],[-110.69,-44.45],[-111.18,-44.69],[-110.98,-44.82],[-111.2,-45.09],[-111.46,-45.2],[-111.58,-45.79],[-111.43,-46],[-111.52,-46.24],[-111.41,-46.66],[-111.57,-46.84],[-111.36,-46.97],[-111.23,-47.2],[-111.04,-47.21],[-110.64,-47.62],[-110.75,-47.8],[-111.02,-47.74],[-110.96,-47.57],[-111.04,-47.65]],[[-114.38,-50.3],[-114.84,-50.26],[-115.08,-50],[-114.79,-49.87],[-114.69,-50.06],[-114.38,-50.1],[-114.38,-50.3]],[[-114.56,-50.61],[-114.57,-50.91],[-115.04,-50.83],[-114.77,-50.57],[-114.56,-50.61]],[[-116.88,-53.04],[-116.65,-52.89],[-116.28,-52.94],[-116.29,-53.25],[-116.7,-53.29],[-116.88,-53.04]],[[-98.74,-54.76],[-98.3,-54.77],[-98.48,-55],[-98.74,-54.76]],[[-98.95,-54.84],[-98.86,-55.06],[-99.22,-55.1],[-99.22,-54.89],[-98.95,-54.84]],[[-136.07,-56.86],[-136.46,-56.78],[-136.46,-56.61],[-135.89,-56.67],[-136.07,-56.86]],[[-132.97,-55.8],[-133.14,-55.6],[-132.93,-55.47],[-132.48,-55.51],[-132.47,-55.64],[-132.97,-55.8]],[[-125.49,-54.82],[-125.92,-54.91],[-126.06,-54.75],[-126.49,-54.85],[-126.47,-54.52],[-125.99,-54.54],[-125.56,-54.7],[-125.49,-54.82]],[[-138.49,-52.61],[-139.42,-52.51],[-139.7,-52.37],[-139.49,-52.22],[-138.73,-52.33],[-138.49,-52.61]],[[-120.23,-49.04],[-120.35,-49.08],[-121.04,-48.92],[-120.84,-48.75],[-120.3,-48.89],[-120.23,-49.04]],[[-116.33,-48.98],[-115.84,-49.06],[-115.85,-49.2],[-116.28,-49.16],[-116.33,-48.98]],[[-116.76,-47.68],[-116.92,-47.48],[-116.79,-47.29],[-116.52,-47.33],[-116.76,-47.68]],[[-118.24,-45.74],[-118.47,-45.79],[-118.55,-45.52],[-118.34,-45.43],[-118.24,-45.74]],[[-114.81,-46.02],[-114.56,-46.27],[-115.23,-46.2],[-115.21,-46.08],[-114.81,-46.02]],[[-114.05,-43.56],[-114.05,-43.34],[-113.74,-43.06],[-113.87,-42.82],[-113.38,-42.82],[-113.27,-43.02],[-113.6,-43.08],[-114.05,-43.56]],[[-114.02,-42.66],[-114.21,-42.41],[-114.05,-42.25],[-113.79,-42.53],[-114.02,-42.66]],[[-114.37,-42.27],[-114.44,-42.36],[-114.93,-42.33],[-114.94,-42.19],[-114.44,-42.17],[-114.37,-42.27]],[[-114.24,-41.14],[-114.51,-41.09],[-114.45,-40.89],[-114.15,-40.99],[-114.24,-41.14]],[[-114.47,-38.11],[-114.56,-37.81],[-114.24,-37.83],[-114.25,-37.98],[-114.47,-38.11]],[[-122.5,-37.25],[-122.88,-37.21],[-123.52,-36.95],[-123.54,-36.77],[-123.29,-36.74],[-122.44,-37.03],[-121.92,-36.88],[-122,-37.1],[-122.25,-37.09],[-122.5,-37.25]],[[-125.02,-36.31],[-125.23,-36.34],[-125.5,-36.09],[-125.87,-35.99],[-126.31,-35.77],[-126.32,-35.64],[-125.99,-35.63],[-125.84,-35.8],[-125.06,-35.88],[-125.02,-36.31]],[[-118.25,-35.59],[-118.34,-35.47],[-118.2,-35.28],[-117.94,-35.4],[-118.25,-35.59]],[[-125.24,-35.27],[-125.45,-35.3],[-125.66,-35.11],[-125.55,-34.91],[-125.24,-35.27]],[[-125.86,-35.19],[-126.09,-35.32],[-126.33,-35.05],[-126.23,-34.84],[-125.88,-34.69],[-125.72,-34.84],[-125.86,-35.19]],[[-132.48,-35.17],[-133,-34.91],[-133.01,-34.67],[-132.84,-34.62],[-132.58,-34.78],[-132.27,-34.84],[-132.3,-35.09],[-132.48,-35.17]],[[-131.74,-34.43],[-131.47,-34.3],[-130.24,-34.13],[-130.06,-34.28],[-130.37,-34.44],[-130.87,-34.46],[-131.52,-34.61],[-131.83,-34.85],[-132.08,-34.9],[-132.11,-34.62],[-131.74,-34.43]],[[-129.73,-34.2],[-129.29,-34.13],[-128.71,-33.94],[-127.87,-33.88],[-127.73,-34.01],[-128.16,-34.13],[-128.76,-34.2],[-129.37,-34.4],[-129.85,-34.45],[-129.73,-34.2]],[[-124.97,-33.34],[-125.07,-32.83],[-124.91,-32.61],[-124.74,-32.65],[-124.84,-32.91],[-124.73,-33.25],[-124.42,-33.24],[-124.63,-33.53],[-124.66,-33.77],[-124.81,-34.05],[-124.95,-34.06],[-125.27,-33.71],[-125.29,-33.5],[-124.97,-33.34]],[[-130.94,-33.24],[-131.21,-33.22],[-131.21,-33.04],[-130.94,-33.02],[-130.94,-33.24]],[[-129.88,-32.97],[-130.34,-32.91],[-130.36,-32.75],[-130.03,-32.62],[-129.58,-32.83],[-129.09,-32.62],[-128.98,-32.81],[-129.39,-33.03],[-129.88,-32.97]],[[-130.55,-32.64],[-130.75,-32.93],[-131.1,-32.78],[-131.03,-32.63],[-130.55,-32.64]],[[-127.67,-32.59],[-127.41,-32.5],[-127.27,-32.3],[-127.03,-32.3],[-126.89,-32.52],[-126.71,-32.31],[-126.52,-32.41],[-126.8,-32.78],[-127.2,-32.96],[-127.45,-32.9],[-127.67,-32.59]],[[-127.04,-32.29],[-126.83,-32.02],[-126.9,-31.84],[-126.68,-31.72],[-126.55,-31.88],[-126.31,-31.87],[-125.98,-32.06],[-125.63,-32.11],[-125.81,-32.33],[-125.98,-32.32],[-126.04,-32.53],[-126.29,-32.54],[-126.31,-32.37],[-126.14,-32.21],[-126.43,-32.06],[-126.59,-32.23],[-126.86,-32.33],[-127.04,-32.29]],[[-132.16,-32.13],[-132.69,-32.13],[-132.61,-31.97],[-132.17,-32.02],[-132.11,-31.89],[-131.3,-31.79],[-131.39,-31.99],[-132.16,-32.13]],[[-130.04,-31.62],[-129.87,-31.43],[-129.58,-31.42],[-129.53,-31.57],[-129.82,-31.68],[-130.04,-31.62]],[[-117.64,-31.36],[-117.24,-31.32],[-117.22,-31.44],[-117.96,-31.63],[-118.1,-31.52],[-117.64,-31.36]],[[-114.65,-31.56],[-114.5,-32.05],[-114.86,-32.22],[-114.91,-32.02],[-114.79,-31.81],[-114.84,-31.63],[-114.65,-31.56]],[[-117.14,-32.96],[-116.88,-33.34],[-117.39,-33.28],[-117.27,-32.99],[-117.14,-32.96]],[[-122.54,-33.46],[-121.43,-33.74],[-121.42,-33.86],[-122.18,-33.77],[-122.57,-33.57],[-122.54,-33.46]],[[-121.75,-34.17],[-121.66,-34.35],[-121.83,-34.51],[-121.97,-34.33],[-121.75,-34.17]],[[-121.53,-34.46],[-121.38,-34.56],[-121.32,-34.97],[-121.43,-35.06],[-121.73,-34.82],[-121.74,-34.57],[-121.53,-34.46]],[[-119.33,-34.82],[-119.12,-34.73],[-118.96,-34.82],[-119.04,-35.06],[-119.3,-34.99],[-119.33,-34.82]],[[-117.2,-35.18],[-117.07,-35.68],[-117.34,-35.86],[-117.55,-35.8],[-117.63,-35.54],[-117.36,-35.22],[-117.2,-35.18]],[[-119.38,-35.2],[-119.66,-35.45],[-119.71,-35.18],[-119.38,-35.2]],[[-118.86,-35.07],[-118.84,-34.9],[-118.36,-34.83],[-118.33,-35],[-118.54,-35.16],[-118.86,-35.07]],[[-125.36,-34.66],[-125.48,-34.53],[-125.05,-34.29],[-124.94,-34.38],[-125.22,-34.64],[-125.36,-34.66]],[[-128.26,-34.65],[-128.25,-34.82],[-128.53,-34.86],[-128.63,-34.7],[-128.26,-34.65]],[[-128.06,-34.84],[-127.58,-34.75],[-127.25,-34.82],[-127.63,-35.04],[-128.06,-34.84]],[[-127.01,-34.9],[-126.77,-34.78],[-126.47,-34.87],[-126.45,-35.01],[-126.93,-34.98],[-127.01,-34.9]],[[-131.05,-34.8],[-131.34,-34.88],[-131.33,-34.61],[-131.06,-34.66],[-131.05,-34.8]],[[-122.67,-34.16],[-122.68,-34.4],[-122.94,-34.34],[-122.94,-34.19],[-122.67,-34.16]],[[-123.84,-33.6],[-124.15,-33.61],[-124.14,-33.28],[-123.95,-33.24],[-123.72,-33.38],[-123.84,-33.6]],[[-119.09,-33.31],[-119.21,-33.1],[-118.62,-32.85],[-118.56,-32.96],[-118.82,-33.19],[-119.09,-33.31]],[[-119.4,-33.01],[-119.79,-33.14],[-120.11,-33.08],[-120.41,-33.14],[-120.44,-32.94],[-119.99,-32.86],[-119.61,-32.85],[-119.4,-33.01]],[[-121.16,-33.16],[-121.19,-32.91],[-121.47,-32.67],[-121.92,-32.68],[-122.21,-32.59],[-121.75,-32.4],[-121.62,-32.18],[-121.62,-31.93],[-121.49,-31.89],[-121.28,-32.57],[-120.94,-32.71],[-120.88,-32.95],[-121.16,-33.16]],[[-122.21,-32.19],[-122.16,-32.31],[-122.41,-32.6],[-122.79,-32.64],[-122.66,-32.42],[-122.21,-32.19]],[[-123.92,-32.55],[-124.3,-32.57],[-124.51,-32.34],[-124.29,-32.12],[-124.03,-32.35],[-123.85,-32.26],[-123.43,-32.28],[-123.15,-32.21],[-123.02,-32.4],[-123.46,-32.52],[-123.92,-32.55]],[[-125.2,-32.54],[-125.38,-32.75],[-125.31,-33.14],[-125.49,-33.16],[-125.57,-32.95],[-125.81,-33.1],[-125.82,-32.82],[-125.56,-32.83],[-125.59,-32.52],[-125.47,-32.3],[-124.87,-32.33],[-124.93,-32.52],[-125.2,-32.54]],[[-127.47,-31.64],[-127.23,-31.82],[-127.39,-31.94],[-127.6,-31.76],[-127.47,-31.64]],[[-128.29,-31.47],[-128.33,-31.64],[-128.61,-31.56],[-128.52,-31.41],[-128.29,-31.47]],[[-112.62,-35.61],[-112.22,-35.64],[-112.47,-35.91],[-112.7,-35.79],[-112.62,-35.61]],[[-115.58,-30.58],[-115.91,-30.41],[-115.76,-30.13],[-115.38,-29.93],[-115.44,-30.21],[-115.3,-30.41],[-115.58,-30.58]],[[-117.66,-30.26],[-118.01,-30.13],[-118.03,-29.99],[-117.81,-29.9],[-117.52,-30.17],[-117.66,-30.26]],[[-118.08,-29.99],[-118.3,-29.9],[-118.17,-29.69],[-117.86,-29.71],[-118.08,-29.99]],[[-117.78,-29.82],[-117.73,-29.63],[-117.29,-29.62],[-117.03,-29.75],[-117.15,-29.9],[-117.62,-29.88],[-117.78,-29.82]],[[-114.28,-30.27],[-114.1,-30.48],[-114.43,-30.55],[-114.52,-30.79],[-114.69,-30.77],[-114.79,-30.55],[-115.1,-30.53],[-115.15,-30.38],[-114.54,-30.39],[-114.28,-30.27]],[[-116.27,-28.82],[-115.83,-28.74],[-115.83,-28.88],[-116.27,-28.82]],[[-119.69,-28.16],[-119.73,-28.3],[-120.16,-28.23],[-120.13,-28.05],[-119.69,-28.16]],[[-116.79,-27],[-117.2,-27.08],[-117.22,-26.93],[-116.88,-26.92],[-116.79,-27]],[[-113.89,-27.69],[-113.64,-27.66],[-113.5,-27.86],[-113.69,-28.15],[-113.99,-27.94],[-113.89,-27.69]],[[-113.73,-28.6],[-113.36,-28.67],[-113.26,-28.82],[-113.5,-28.9],[-113.73,-28.6]],[[-115.44,-28.88],[-115.61,-28.85],[-115.6,-28.55],[-115.32,-28.75],[-115.44,-28.88]],[[-120.61,-26.86],[-120.85,-26.7],[-120.58,-26.62],[-120.61,-26.86]],[[-121.13,-25.82],[-121.27,-25.97],[-121.7,-25.94],[-121.86,-25.78],[-121.23,-25.72],[-121.13,-25.82]],[[-129.94,-25.01],[-130.16,-25.21],[-130.29,-25.03],[-130.14,-24.9],[-129.94,-25.01]],[[-126.57,-24.68],[-126.8,-24.58],[-126.91,-24.38],[-127.15,-24.27],[-127.7,-24.41],[-127.87,-24.27],[-127.71,-24.04],[-127.32,-23.78],[-127.24,-23.95],[-126.95,-24.08],[-126.56,-24.49],[-126.18,-24.47],[-126.01,-24.38],[-125.9,-24.12],[-125.64,-24.1],[-125.43,-24.18],[-125.08,-24.13],[-124.65,-24.12],[-124.2,-24.46],[-123.86,-24.41],[-123.43,-24.42],[-123.18,-24.12],[-122.95,-24.29],[-122.98,-24.49],[-122.79,-24.69],[-123,-24.82],[-123.31,-24.66],[-123.43,-24.9],[-123.59,-24.84],[-123.94,-24.89],[-124.11,-24.82],[-124.88,-25.04],[-125.06,-24.96],[-125.49,-24.49],[-124.95,-24.54],[-125.11,-24.36],[-125.52,-24.34],[-125.62,-24.55],[-125.5,-24.77],[-125.82,-24.79],[-126.2,-24.7],[-126.57,-24.68]],[[-127.96,-24.42],[-128.12,-24.51],[-128.4,-24.5],[-128.96,-24.17],[-129.05,-23.82],[-128.9,-23.4],[-128.78,-23.35],[-128.55,-23.56],[-128.34,-23.48],[-128.35,-23.84],[-128.64,-24.02],[-128.41,-24.17],[-128.2,-24.14],[-127.96,-24.42]],[[-130.68,-24.07],[-131.07,-23.9],[-131.03,-23.69],[-130.8,-23.68],[-130.6,-23.83],[-130.68,-24.07]],[[-131.4,-23.83],[-131.54,-23.93],[-131.74,-23.88],[-131.72,-23.67],[-131.51,-23.69],[-131.4,-23.83]],[[-130.44,-23.57],[-130.49,-23.23],[-130.36,-23.15],[-130.15,-23.53],[-130.44,-23.57]],[[-130.63,-23.17],[-130.57,-23.43],[-130.72,-23.46],[-130.83,-23.16],[-130.63,-23.17]],[[-132.14,-23.1],[-132.36,-22.99],[-132.17,-22.73],[-132.05,-22.81],[-132.14,-23.1]],[[-121.89,-22.21],[-122.01,-22.3],[-122.31,-22.2],[-122.36,-22.04],[-121.99,-22.09],[-121.89,-22.21]],[[-114.38,-22.08],[-114.4,-21.69],[-114.29,-21.19],[-114.14,-21.48],[-114.38,-22.08]],[[-119.38,-21.7],[-119.48,-21.58],[-118.9,-21.46],[-118.72,-21.64],[-119.09,-21.72],[-119.38,-21.7]],[[-114.57,-21.12],[-114.72,-20.81],[-114.41,-20.84],[-114.43,-21.05],[-114.57,-21.12]],[[-81.6,-20.35],[-81.24,-20.16],[-80.93,-20.23],[-81.03,-19.9],[-80.74,-20.03],[-80.64,-19.77],[-80.5,-19.74],[-80.34,-19.43],[-80,-19.29],[-79.71,-19.37],[-79.91,-19.66],[-79.93,-19.86],[-80.26,-20.18],[-80.4,-20.54],[-80.64,-20.79],[-80.7,-21.08],[-81.01,-21.33],[-81.08,-21.68],[-81,-22],[-81.23,-22.4],[-81.67,-22.27],[-81.66,-22.09],[-82.06,-21.99],[-82.18,-22.46],[-82.39,-22.7],[-82.45,-22.91],[-82.61,-23.01],[-82.78,-23.3],[-83.11,-23.33],[-83.4,-22.84],[-83.26,-22.73],[-83.04,-22.85],[-82.87,-22.63],[-83.02,-22.52],[-83.4,-22.56],[-83.54,-22.73],[-83.76,-22.73],[-84.16,-22.54],[-83.78,-22.39],[-83.38,-22.39],[-83.26,-22.2],[-83.38,-21.94],[-83.16,-21.94],[-82.75,-21.68],[-82.89,-21.48],[-82.87,-21.31],[-82.44,-21.24],[-82.64,-20.96],[-82.58,-20.86],[-82.16,-21.04],[-82.08,-20.78],[-81.67,-20.71],[-81.44,-20.5],[-81.6,-20.35]],[[-81.5,-22.61],[-81.46,-22.86],[-81.78,-23.09],[-81.94,-22.9],[-81.91,-22.49],[-81.68,-22.34],[-81.5,-22.61]],[[-82.03,-23.1],[-81.82,-23.21],[-81.84,-23.52],[-82.2,-23.67],[-82.42,-23.35],[-82.27,-23.11],[-82.03,-23.1]],[[-74.83,-23.66],[-74.56,-23.58],[-74.54,-23.76],[-74.83,-23.84],[-74.83,-23.66]],[[-82.2,-23.71],[-82.2,-23.84],[-82.49,-23.98],[-82.8,-23.86],[-82.79,-23.72],[-82.2,-23.71]],[[-87.05,-25.91],[-87.01,-25.68],[-87.25,-25.7],[-87.48,-25.58],[-87.52,-25.41],[-87.35,-25.24],[-87.1,-25.31],[-86.95,-25.46],[-86.59,-25.49],[-86.3,-25.65],[-86.02,-25.63],[-85.69,-25.46],[-85.74,-25.23],[-85.51,-25.16],[-85.26,-24.95],[-84.79,-25.16],[-84.56,-25.16],[-84.25,-25.32],[-84,-25.35],[-83.9,-25.54],[-83.33,-25.5],[-83.08,-25.57],[-82.85,-25.49],[-82.6,-25.52],[-82.51,-25.38],[-82.54,-25.03],[-82.77,-24.76],[-82.72,-24.33],[-82.87,-24.13],[-82.78,-23.98],[-82.49,-24.36],[-82.34,-24.77],[-82.07,-24.77],[-81.8,-24.9],[-81.8,-25.15],[-81.61,-25.36],[-81.64,-25.5],[-81.86,-25.6],[-82.02,-25.54],[-82.43,-25.8],[-82.6,-25.8],[-82.97,-25.93],[-83.36,-25.94],[-83.65,-25.83],[-83.94,-26],[-84.23,-26.11],[-84.96,-25.93],[-85.06,-25.75],[-84.6,-25.61],[-84.66,-25.36],[-84.91,-25.3],[-84.97,-25.51],[-85.15,-25.63],[-85.18,-25.8],[-85.37,-25.92],[-85.74,-25.69],[-85.87,-26.15],[-86.46,-26.41],[-86.62,-26.58],[-86.82,-26.42],[-86.64,-26.18],[-86.36,-26.09],[-86.7,-25.93],[-87.05,-25.91]],[[-90.35,-25.9],[-90.33,-26.03],[-91,-26],[-91.51,-25.73],[-91.42,-25.59],[-91.18,-25.66],[-90.82,-25.66],[-90.35,-25.9]],[[-90.38,-26.23],[-90.36,-26.41],[-90.56,-26.47],[-90.66,-26.31],[-90.38,-26.23]],[[-91.99,-26.35],[-92.06,-26.5],[-92.46,-26.51],[-92.59,-26.74],[-92.9,-26.71],[-93.17,-26.52],[-92.95,-26.18],[-92.4,-26.1],[-91.99,-26.35]],[[-79.95,-26.62],[-80.3,-26.33],[-80.3,-26.12],[-79.8,-26.13],[-79.61,-26.36],[-79.75,-26.64],[-79.95,-26.62]],[[-87.25,-27.24],[-87.4,-27.23],[-87.32,-26.9],[-87.12,-26.9],[-87.25,-27.24]],[[-87.65,-26.68],[-87.58,-26.93],[-87.66,-27.08],[-87.46,-27.26],[-87.48,-27.63],[-87.72,-27.62],[-87.61,-28.03],[-87.92,-27.97],[-88.04,-27.58],[-88.24,-27.32],[-88.08,-27.19],[-87.94,-26.81],[-87.65,-26.68]],[[-87.94,-28.18],[-88.04,-28.4],[-88.19,-28.42],[-88.22,-27.94],[-88.37,-27.78],[-88.19,-27.67],[-88.04,-27.88],[-87.94,-28.18]],[[-88.39,-28.13],[-88.33,-28.2],[-88.31,-28.81],[-88.53,-28.64],[-88.56,-28.49],[-88.39,-28.13]],[[-92.67,-29.27],[-92.98,-29.31],[-93.14,-29.12],[-93.17,-28.89],[-92.92,-28.78],[-92.68,-28.95],[-92.67,-29.27]],[[-101.78,-29.62],[-101.73,-29.9],[-101.91,-29.96],[-102.17,-29.88],[-102.07,-29.59],[-102.2,-29.48],[-102,-29.3],[-101.71,-29.43],[-101.78,-29.62]],[[-90.44,-30.22],[-90.33,-30.36],[-90.47,-30.53],[-90.61,-30.27],[-90.44,-30.22]],[[-90.89,-31.01],[-90.53,-31.19],[-90.36,-31.15],[-90.26,-31.37],[-90.63,-31.52],[-90.26,-31.78],[-90.6,-31.97],[-90.83,-31.87],[-91.14,-31.89],[-91.21,-32.05],[-91.49,-32.11],[-91.68,-31.9],[-91.75,-31.59],[-91.47,-31.28],[-91.22,-31.25],[-92.02,-30.89],[-91.74,-30.82],[-91.46,-30.95],[-90.89,-31.01]],[[-89.81,-31.36],[-89.93,-31.64],[-90.24,-31.61],[-90.14,-31.37],[-89.81,-31.36]],[[-88.87,-31.65],[-88.87,-31.78],[-89.19,-31.96],[-89.33,-31.89],[-89.04,-31.66],[-88.87,-31.65]],[[-93.46,-32.08],[-93.33,-32.33],[-93.58,-32.38],[-93.46,-32.08]],[[-74.08,-32.83],[-73.72,-32.71],[-73.53,-32.87],[-73.76,-33.03],[-74.07,-32.98],[-74.08,-32.83]],[[-77.46,-33.22],[-77.18,-33.26],[-77.25,-33.64],[-77.78,-33.75],[-77.99,-33.62],[-78.24,-33.67],[-78.38,-33.89],[-78.62,-33.91],[-78.86,-34.04],[-79.34,-33.82],[-79.33,-33.67],[-78.88,-33.32],[-78.65,-33.43],[-78.06,-33.38],[-77.82,-33.45],[-77.71,-33.31],[-77.46,-33.22]],[[-77.1,-33.52],[-77.01,-33.32],[-76.79,-33.26],[-76.66,-33.46],[-76.95,-33.6],[-77.1,-33.52]],[[-93.75,-35.26],[-93.53,-35.47],[-93.02,-35.47],[-92.73,-35.59],[-92.81,-35.71],[-93.31,-35.71],[-94.1,-35.57],[-94.06,-35.4],[-93.75,-35.26]],[[-100.15,-35.76],[-100.42,-35.97],[-101.11,-35.93],[-101.4,-35.99],[-102.08,-35.91],[-102.05,-35.75],[-101.02,-35.74],[-100.71,-35.67],[-100.27,-35.68],[-100.15,-35.76]],[[-102.72,-36.09],[-102.55,-36],[-102.36,-36.27],[-102.71,-36.41],[-103.22,-36.35],[-103.3,-36.17],[-102.72,-36.09]],[[-86.14,-36.25],[-86.24,-36.42],[-86.88,-36.34],[-86.88,-36.23],[-86.14,-36.25]],[[-92.4,-36.36],[-92.03,-36.74],[-92.46,-36.79],[-92.65,-36.53],[-92.4,-36.36]],[[-93.64,-36.71],[-93.75,-36.91],[-94.68,-36.91],[-94.78,-37.01],[-95.94,-37.02],[-96.1,-36.94],[-96.65,-36.96],[-96.92,-36.91],[-97.01,-36.53],[-96.63,-36.34],[-96.26,-36.43],[-95.95,-36.36],[-95.7,-36.46],[-95.89,-36.66],[-95.54,-36.77],[-95.02,-36.63],[-94.85,-36.7],[-94.23,-36.62],[-93.86,-36.72],[-93.64,-36.71]],[[-92.67,-37.7],[-92.81,-37.97],[-93.03,-37.86],[-92.67,-37.7]],[[-93.86,-38.33],[-94.32,-38.31],[-94.54,-38.19],[-94.54,-37.85],[-94.78,-37.84],[-94.87,-37.66],[-95.3,-37.68],[-95.46,-37.61],[-95.73,-37.7],[-95.9,-37.54],[-96.27,-37.54],[-96.3,-37.35],[-95.52,-37.33],[-95.1,-37.39],[-94.99,-37.32],[-94.57,-37.38],[-94.39,-37.3],[-93.8,-37.26],[-93.52,-37.36],[-92.86,-37.44],[-92.86,-37.66],[-93.34,-37.8],[-93.29,-38.05],[-92.61,-38.03],[-92.47,-38.28],[-93.14,-38.32],[-93.86,-38.33]],[[-92.84,-38.39],[-92.71,-38.36],[-92.59,-38.83],[-92.81,-38.9],[-92.95,-38.65],[-92.84,-38.39]],[[-91.74,-38.41],[-91.32,-38.33],[-91.08,-38.41],[-90.48,-38.35],[-90.44,-38.6],[-90.73,-38.56],[-90.94,-38.73],[-91.57,-38.77],[-91.74,-38.41]],[[-90.32,-38.7],[-89.87,-38.65],[-89.77,-38.85],[-90.16,-38.87],[-90.32,-38.7]],[[-90.76,-39.53],[-90.76,-39.67],[-91.07,-39.84],[-90.87,-40.09],[-91.18,-40.1],[-91.39,-40.25],[-91.41,-40.71],[-91.07,-40.72],[-91.15,-41.04],[-91.75,-41.09],[-91.86,-40.56],[-91.84,-40.32],[-92.14,-40.1],[-92.14,-39.89],[-91.88,-39.63],[-92.07,-39.54],[-92.06,-39.36],[-92.28,-39.26],[-92.18,-39.1],[-91.89,-38.94],[-91.14,-39.06],[-91.07,-39.44],[-90.76,-39.53]],[[-84.64,-40.53],[-84.22,-40.48],[-84.15,-40.61],[-84.55,-40.71],[-84.64,-40.53]],[[-84.2,-41.2],[-84.17,-41.37],[-84.99,-41.42],[-85,-41.27],[-84.2,-41.2]],[[-84.51,-41.44],[-84.3,-41.69],[-84.98,-41.8],[-84.8,-41.62],[-84.51,-41.59],[-84.51,-41.44]],[[-83.41,-41.51],[-83.14,-42.3],[-83.15,-42.65],[-83.01,-42.77],[-83.01,-43.06],[-82.53,-43],[-82.12,-42.87],[-81.84,-43.01],[-82.05,-43.25],[-81.96,-43.39],[-81.7,-43.42],[-81.74,-44.26],[-81.58,-44.44],[-81.61,-44.66],[-81.49,-44.87],[-81.66,-44.94],[-82.03,-44.87],[-82.33,-44.97],[-82.68,-44.95],[-82.54,-44.76],[-82.78,-44.59],[-82.99,-44.31],[-82.97,-44.1],[-83.14,-43.97],[-83.02,-43.66],[-83.14,-43.4],[-83.44,-43.24],[-83.65,-42.99],[-83.9,-42.94],[-83.93,-42.74],[-84.15,-42.29],[-84.67,-42.05],[-84.68,-41.88],[-84.2,-41.79],[-84.23,-41.63],[-83.41,-41.51]],[[-82.45,-42.48],[-81.76,-42.5],[-81.88,-42.8],[-82.32,-42.8],[-82.68,-42.7],[-82.45,-42.48]],[[-81.69,-43.32],[-81.49,-43.14],[-81.32,-43.3],[-81.52,-43.43],[-81.69,-43.32]],[[-81.41,-43.8],[-81.4,-43.54],[-81.12,-43.56],[-81.12,-43.73],[-81.41,-43.8]],[[-79.69,-44.37],[-79.46,-44.33],[-79.31,-44.53],[-79.71,-44.58],[-79.69,-44.37]],[[-80.01,-44.44],[-79.96,-44.7],[-80.31,-44.67],[-80.69,-44.78],[-80.69,-44.58],[-80.51,-44.41],[-80.01,-44.44]],[[-82.86,-44.98],[-83.27,-44.97],[-83.18,-44.81],[-82.93,-44.82],[-82.86,-44.98]],[[-93.68,-45.13],[-93.52,-45.42],[-93.79,-45.6],[-93.94,-45.41],[-93.68,-45.13]],[[-89.2,-45.77],[-88.74,-45.78],[-88.74,-45.93],[-89.1,-45.93],[-89.2,-45.77]],[[-87.1,-45.77],[-87.06,-45.9],[-87.47,-45.92],[-87.55,-45.78],[-87.1,-45.77]],[[-84.05,-45.95],[-83.67,-45.96],[-83.61,-46.15],[-84.01,-46.25],[-84.05,-45.95]],[[-81.07,-46.43],[-81.38,-46.73],[-81.59,-46.52],[-81.07,-46.43]],[[-110.77,-46.72],[-111.09,-46.92],[-111.14,-46.66],[-110.77,-46.72]],[[-110.88,-46.92],[-110.46,-47.01],[-110.75,-47.19],[-110.88,-46.92]],[[-111.09,-46.52],[-111.45,-46.42],[-111.44,-46.26],[-110.94,-46.32],[-111.09,-46.52]],[[-111.24,-45.89],[-111.48,-45.63],[-111.19,-45.48],[-111.04,-45.7],[-111.24,-45.89]],[[-110.98,-45.55],[-111.4,-45.28],[-110.93,-45.31],[-110.98,-45.55]],[[-108.02,-44.56],[-108.43,-44.62],[-108.58,-44.45],[-108.23,-44.41],[-108.02,-44.56]],[[-109.27,-44.38],[-109.72,-44.45],[-109.83,-43.77],[-109.62,-43.77],[-109.3,-43.6],[-109.55,-44.25],[-109.27,-44.38]],[[-108.53,-43.32],[-108.36,-43.39],[-108.2,-43.73],[-108.34,-44.04],[-108.13,-44.26],[-108.36,-44.32],[-108.98,-44.1],[-109.14,-43.78],[-108.82,-43.69],[-108.7,-43.87],[-108.46,-43.71],[-108.53,-43.32]],[[-98.19,-43.16],[-97.83,-43.12],[-97.54,-42.88],[-97.42,-43.01],[-97.59,-43.27],[-97.32,-43.64],[-96.72,-44],[-96.83,-44.1],[-97.43,-43.92],[-97.76,-43.53],[-98.17,-43.52],[-98.19,-43.16]],[[-89.59,-41.84],[-89.62,-41.71],[-89,-41.68],[-89.01,-41.82],[-89.59,-41.84]],[[-98.75,-41.44],[-98.73,-41.25],[-97.78,-41.18],[-97.59,-41.35],[-98.33,-41.46],[-98.75,-41.44]],[[-92.33,-40.49],[-92.21,-40.33],[-91.94,-40.34],[-91.91,-40.84],[-92.13,-41.09],[-92.28,-40.87],[-92.23,-40.63],[-92.33,-40.49]],[[-92.93,-40.75],[-93.05,-41.04],[-93.22,-41.02],[-93.1,-40.72],[-92.93,-40.75]],[[-107.89,-44.91],[-107.8,-45.14],[-108.03,-45.28],[-108.28,-45.21],[-108.09,-44.97],[-107.89,-44.91]],[[-96.78,-45.06],[-96.51,-45.23],[-96.56,-45.41],[-96.9,-45.29],[-96.78,-45.06]],[[-107.3,-45.85],[-107.27,-46.04],[-107.67,-46.04],[-107.69,-45.92],[-107.3,-45.85]],[[-89.12,-41.06],[-89.8,-41.09],[-89.65,-40.82],[-89.26,-40.82],[-88.92,-40.92],[-88.21,-40.87],[-88.28,-41.04],[-88.92,-41.02],[-89.12,-41.06]],[[-92.75,-39.52],[-92.73,-39.15],[-92.51,-39.21],[-92.75,-39.52]],[[-92.21,-38.97],[-92.45,-38.95],[-92.47,-38.5],[-92.21,-38.47],[-92.09,-38.86],[-92.21,-38.97]],[[-93.74,-38.96],[-93.97,-38.62],[-93.71,-38.48],[-93.31,-38.49],[-93.37,-38.82],[-93.74,-38.96]],[[-97.3,-37.32],[-97.66,-37.39],[-97.73,-37.24],[-97.32,-37.15],[-97.3,-37.32]],[[-101.96,-37.03],[-102.2,-37.01],[-102.24,-36.7],[-102.01,-36.36],[-101.5,-36.27],[-101.45,-36.44],[-101.98,-36.62],[-101.83,-36.83],[-101.96,-37.03]],[[-104.13,-36.33],[-104.05,-36.1],[-103.39,-36.23],[-103.43,-36.36],[-104.13,-36.33]],[[-95.47,-36.19],[-94.92,-36.17],[-94.66,-36.35],[-95.23,-36.34],[-95.42,-36.52],[-95.64,-36.43],[-95.47,-36.19]],[[-97.22,-36.29],[-97.06,-36.65],[-97.22,-36.97],[-97.84,-36.96],[-97.38,-36.69],[-97.42,-36.43],[-97.22,-36.29]],[[-106.64,-35.37],[-107.01,-35.41],[-106.97,-35.23],[-106.64,-35.37]],[[-106.7,-35.09],[-107.01,-34.85],[-106.84,-34.74],[-106.54,-34.81],[-106.54,-35.05],[-106.7,-35.09]],[[-101.27,-34.77],[-101.37,-34.51],[-101.02,-34.6],[-101.27,-34.77]],[[-105.76,-32.98],[-105.57,-32.91],[-105.48,-33.12],[-105.16,-33.03],[-105.28,-32.83],[-104.88,-32.76],[-104.18,-33.02],[-103.64,-32.97],[-103.6,-33.23],[-103.32,-33.22],[-103.1,-33.36],[-103.26,-33.6],[-103.45,-33.56],[-103.68,-33.7],[-103.85,-33.46],[-104.11,-33.46],[-104.21,-33.66],[-104.75,-33.73],[-104.92,-33.82],[-105.23,-33.82],[-105.29,-33.38],[-105.74,-33.22],[-105.76,-32.98]],[[-80.58,-33.53],[-80.37,-33.67],[-79.83,-33.55],[-79.55,-33.55],[-79.49,-33.84],[-79.9,-33.89],[-80.18,-33.79],[-80.3,-33.94],[-80.98,-33.96],[-81.14,-33.67],[-80.58,-33.53]],[[-104.59,-33.92],[-104.83,-34.02],[-104.93,-33.9],[-104.62,-33.74],[-104.59,-33.92]],[[-96.95,-35.07],[-96.85,-35.15],[-97.1,-35.47],[-97.29,-35.35],[-96.95,-35.07]],[[-94.47,-35.47],[-94.36,-35.63],[-94.7,-35.66],[-94.75,-35.5],[-94.47,-35.47]],[[-101.96,-35.55],[-102.14,-35.71],[-102.56,-35.57],[-102.84,-35.54],[-103.13,-35.69],[-103.19,-35.51],[-103.66,-35.42],[-104.03,-35.43],[-104.08,-35.25],[-103.25,-35.26],[-103.1,-35.33],[-102.48,-35.35],[-102.2,-35.24],[-101.97,-35.33],[-101.38,-35.33],[-101.32,-35.51],[-101.95,-35.46],[-101.96,-35.55]],[[-109.38,-31.17],[-109.55,-30.79],[-109.78,-30.58],[-109.27,-30.54],[-109.25,-30.76],[-109.38,-31.17]],[[-109.54,-30.17],[-109.92,-30.18],[-109.78,-30],[-109.91,-29.75],[-109.74,-29.32],[-109.78,-29.01],[-109.64,-29],[-109.41,-29.39],[-109.58,-29.54],[-109.35,-29.73],[-109.54,-30.17]],[[-108.28,-29.45],[-108.12,-29.29],[-107.9,-29.4],[-107.78,-29.86],[-108.05,-29.97],[-108.28,-29.45]],[[-105.31,-29.45],[-105.41,-29.3],[-105.14,-29.14],[-105.04,-29.37],[-105.31,-29.45]],[[-107.68,-29.28],[-107.76,-29.08],[-107.28,-28.9],[-107.21,-29.04],[-107.68,-29.28]],[[-105.41,-28.8],[-105.02,-28.96],[-105.05,-29.06],[-105.41,-29.18],[-105.41,-28.8]],[[-101.89,-28.49],[-102.12,-28],[-101.9,-27.94],[-101.69,-28.19],[-101.89,-28.49]],[[-100.5,-27.49],[-100.75,-27.47],[-100.8,-27.3],[-100.47,-27.07],[-100.34,-27.22],[-100.5,-27.49]],[[-100.06,-26.88],[-100.26,-26.91],[-100.44,-26.71],[-100.46,-26.42],[-100.17,-26.23],[-99.92,-26.28],[-100.2,-26.61],[-100.06,-26.88]],[[-99.38,-26.39],[-99.46,-26.22],[-99.38,-26.04],[-99.07,-26.01],[-99.12,-26.21],[-99.38,-26.39]],[[-92.07,-25.96],[-92.04,-25.81],[-91.61,-25.8],[-91.63,-25.94],[-91.49,-26.19],[-91.63,-26.34],[-91.8,-26.26],[-91.92,-25.94],[-92.07,-25.96]],[[-93.91,-25.88],[-94.07,-25.67],[-93.53,-25.5],[-93.88,-25.31],[-93.88,-25.17],[-93.63,-25.14],[-93.19,-25.32],[-92.77,-25.43],[-92.81,-25.2],[-92.45,-25.27],[-92.26,-25.2],[-91.9,-25.22],[-91.54,-25.08],[-91.42,-24.88],[-91.17,-24.86],[-90.58,-24.94],[-90.45,-24.72],[-90.49,-24.42],[-89.97,-24.76],[-89.92,-24.92],[-89.41,-25.03],[-88.99,-24.99],[-88.61,-24.77],[-88.23,-24.81],[-87.85,-24.97],[-87.62,-25.22],[-87.69,-25.33],[-87.98,-25.37],[-88.4,-25.27],[-88.56,-25.13],[-89.13,-25.15],[-89.27,-25.3],[-89.76,-25.25],[-89.95,-25.46],[-90.13,-25.34],[-90.53,-25.25],[-90.73,-25.31],[-90.77,-25.54],[-91.09,-25.44],[-91.31,-25.52],[-91.77,-25.47],[-91.72,-25.62],[-92.09,-25.61],[-92.37,-25.69],[-93,-25.74],[-93.3,-25.85],[-93.67,-25.78],[-93.91,-25.88]],[[-93.81,-25.52],[-93.95,-25.56],[-94.3,-25.46],[-94.2,-25.32],[-93.86,-25.37],[-93.81,-25.52]],[[-94.87,-25.16],[-95.05,-25.11],[-94.94,-24.77],[-94.68,-24.22],[-94.46,-24.24],[-94.58,-24.64],[-94.47,-24.94],[-94.87,-25.16]],[[-94.25,-24.1],[-94.28,-23.83],[-94.02,-23.73],[-93.93,-23.87],[-94.25,-24.1]],[[-85.28,-23.74],[-85.57,-23.71],[-85.73,-23.52],[-85.44,-23.44],[-85.04,-23.26],[-84.61,-23.37],[-84.51,-23.62],[-84.89,-23.57],[-85.05,-23.81],[-85.28,-23.74]],[[-111.56,-23.4],[-111.77,-23.5],[-111.84,-23.29],[-111.63,-23.21],[-111.56,-23.4]],[[-115.06,-23.32],[-114.94,-23.11],[-114.61,-23.02],[-114.12,-22.8],[-113.89,-22.95],[-113.4,-22.87],[-113.2,-23.07],[-113.75,-23.14],[-114.4,-23.11],[-114.59,-23.24],[-115.06,-23.32]],[[-116.2,-23.32],[-116.09,-23.34],[-116.02,-23.62],[-116.31,-23.74],[-116.45,-23.43],[-116.2,-23.32]],[[-116.53,-23.66],[-116.6,-24.08],[-116.83,-23.86],[-116.53,-23.66]],[[-120.14,-24.5],[-120.48,-24.75],[-120.38,-24.97],[-120.66,-25.05],[-120.88,-25.21],[-120.84,-25.38],[-121.1,-25.38],[-121.27,-25.6],[-121.4,-25.49],[-121.63,-25.51],[-121.88,-25.17],[-122.4,-25.05],[-122.49,-24.8],[-122.16,-24.83],[-121.65,-24.6],[-121.25,-24.7],[-121.39,-24.89],[-120.71,-24.9],[-120.66,-24.61],[-120.23,-24.35],[-120.14,-24.5]],[[-124.14,-24.11],[-123.8,-24.09],[-123.74,-24.25],[-124.15,-24.33],[-124.41,-24.27],[-124.43,-24.11],[-124.14,-24.11]],[[-126.47,-24.07],[-126.84,-24.12],[-126.8,-23.95],[-126.5,-23.96],[-126.47,-24.07]],[[-126.43,-23.86],[-126.6,-23.63],[-126.41,-23.51],[-126.27,-23.73],[-126.43,-23.86]],[[-120.12,-23.76],[-120.16,-23.97],[-120.44,-24],[-120.48,-23.89],[-120.12,-23.76]],[[-121.93,-23.77],[-121.95,-23.93],[-122.23,-24],[-122.26,-23.87],[-121.93,-23.77]],[[-129.64,-23.3],[-130.05,-23.22],[-129.94,-23.06],[-129.64,-23.3]],[[-130.92,-22.99],[-130.89,-23.45],[-131.3,-23.3],[-131.5,-23.07],[-131.45,-22.88],[-131.27,-22.85],[-131.16,-23.06],[-130.92,-22.99]],[[-114.5,-22.46],[-114.38,-22.78],[-114.56,-22.86],[-114.5,-22.46]],[[-113.81,-22.03],[-114.22,-21.89],[-113.94,-21.79],[-113.81,-22.03]],[[-111.98,-22.82],[-111.83,-22.69],[-111.29,-22.97],[-111.47,-23.35],[-111.62,-23.07],[-111.98,-22.82]],[[-83.73,-23.13],[-83.56,-23.09],[-83.44,-23.25],[-83.15,-23.34],[-83.27,-23.7],[-83.73,-23.13]],[[-83.59,-23.78],[-83.41,-23.86],[-83.49,-24.06],[-83.72,-23.97],[-83.59,-23.78]],[[-84.64,-23.79],[-84.46,-23.97],[-84.53,-24.25],[-84.43,-24.43],[-84.56,-24.78],[-84.91,-24.83],[-84.99,-24.6],[-84.76,-24.45],[-84.95,-24.27],[-84.89,-23.81],[-84.64,-23.79]],[[-83.38,-24.67],[-84.12,-24.24],[-83.98,-24.14],[-83.28,-24.42],[-83.38,-24.67]],[[-86.32,-24.89],[-86.48,-25.04],[-86.79,-24.94],[-86.79,-24.81],[-86.44,-24.78],[-86.32,-24.89]],[[-85.44,-24.86],[-85.66,-24.72],[-85.67,-24.55],[-85.34,-24.5],[-85.25,-24.8],[-85.44,-24.86]],[[-87.31,-24.48],[-87.28,-24.74],[-87.7,-24.7],[-88.21,-24.5],[-88.23,-24.37],[-87.88,-24.35],[-87.68,-24.47],[-87.31,-24.48]],[[-87.09,-24.43],[-87.19,-24.33],[-87.03,-24.03],[-86.88,-24.07],[-86.54,-24],[-86.36,-24.03],[-86.28,-23.78],[-85.81,-23.77],[-85.78,-23.96],[-86.11,-24.04],[-86.15,-24.16],[-86.68,-24.24],[-86.9,-24.42],[-87.09,-24.43]],[[-92.4,-24.53],[-92.22,-24.47],[-92.09,-24.59],[-92.17,-24.76],[-92.4,-24.53]],[[-93.48,-24.7],[-92.99,-24.93],[-93.08,-25.1],[-93.31,-24.94],[-93.48,-24.94],[-93.48,-24.7]],[[-89.14,-25.32],[-88.75,-25.45],[-88.99,-25.7],[-89.46,-25.67],[-89.74,-25.87],[-90.19,-25.81],[-90.28,-25.66],[-90.54,-25.74],[-90.58,-25.43],[-90.51,-25.32],[-90.23,-25.36],[-90.09,-25.61],[-89.83,-25.61],[-89.76,-25.38],[-89.57,-25.44],[-89.14,-25.32]],[[-93.51,-26.42],[-93.19,-26.27],[-93.26,-26.59],[-92.92,-26.76],[-93.03,-26.95],[-93.27,-26.85],[-93.47,-26.63],[-93.51,-26.42]],[[-92.95,-27.25],[-92.94,-27.43],[-93.23,-27.36],[-93.48,-27.49],[-93.48,-27.12],[-93.22,-26.98],[-92.95,-27.25]],[[-96.78,-27.65],[-97.03,-27.77],[-97.42,-27.72],[-97.32,-27.55],[-96.78,-27.65]],[[-94,-27.37],[-94.03,-27.14],[-93.75,-27.2],[-93.53,-27.37],[-93.84,-27.5],[-94,-27.37]],[[-94.9,-27.18],[-95.02,-27.1],[-94.81,-26.87],[-94.7,-27.07],[-94.9,-27.18]],[[-95.38,-26.23],[-94.94,-26.26],[-94.94,-26.58],[-95.11,-26.74],[-95.26,-26.69],[-95.48,-26.84],[-95.62,-26.79],[-95.62,-26.58],[-95.38,-26.23]],[[-89.53,-28.24],[-89.28,-28.2],[-89.32,-28.6],[-89.44,-28.62],[-89.53,-28.24]],[[-89.85,-28.24],[-89.74,-28.39],[-89.81,-28.78],[-90.07,-28.59],[-89.97,-28.28],[-89.85,-28.24]],[[-92.71,-28.72],[-92.8,-28.78],[-93.22,-28.54],[-93.02,-28.43],[-92.79,-28.47],[-92.71,-28.72]],[[-98.98,-28.72],[-98.9,-28.89],[-99.1,-29.01],[-99.21,-28.77],[-98.98,-28.72]],[[-102.24,-29.23],[-102.38,-29.4],[-102.57,-29.36],[-102.84,-28.9],[-102.55,-28.94],[-102.24,-29.23]],[[-102.78,-29.51],[-102.32,-29.51],[-102.23,-29.87],[-102.63,-29.95],[-102.78,-29.51]],[[-103.07,-30.02],[-103.19,-30.09],[-103.61,-30.01],[-103.69,-29.82],[-103.21,-29.86],[-103.26,-29.66],[-103.03,-29.64],[-102.94,-29.76],[-103.07,-30.02]],[[-91.6,-30.78],[-91.65,-30.63],[-91.27,-30.58],[-91.24,-30.76],[-91.6,-30.78]],[[-94.18,-31.9],[-93.98,-31.82],[-93.67,-31.95],[-93.73,-32.06],[-94.05,-32.07],[-94.18,-31.9]],[[-108.68,-31.18],[-108.86,-31.09],[-108.79,-30.86],[-108.54,-30.97],[-108.68,-31.18]],[[-108.19,-30.01],[-108.53,-29.93],[-108.24,-29.66],[-108.19,-30.01]],[[-106.9,-29.93],[-107.05,-29.65],[-106.53,-29.57],[-106.9,-29.93]],[[-107.45,-29.81],[-107.57,-29.65],[-107.18,-29.59],[-107.2,-29.79],[-107.45,-29.81]],[[-107.46,-29.56],[-107.77,-29.55],[-107.79,-29.36],[-107.38,-29.37],[-107.46,-29.56]],[[-104.45,-29.33],[-104.33,-29.54],[-104.55,-29.62],[-104.64,-29.44],[-104.45,-29.33]],[[-101.56,-28.9],[-101.47,-29.02],[-101.78,-29.19],[-101.93,-29.01],[-101.56,-28.9]],[[-94.14,-28.05],[-93.9,-27.9],[-93.85,-28.09],[-94.14,-28.05]],[[-92.25,-28.08],[-91.92,-28.23],[-92.1,-28.37],[-92.25,-28.08]],[[-90.81,-28.27],[-90.66,-28.29],[-90.62,-28.59],[-90.85,-28.63],[-91.12,-28.53],[-91.06,-28.36],[-90.81,-28.27]],[[-106.99,-29.11],[-107,-28.98],[-106.77,-28.84],[-106.73,-29.06],[-106.99,-29.11]],[[-75.38,-25.61],[-75.6,-25.8],[-75.83,-25.52],[-75.45,-25.25],[-75.31,-25.33],[-75.38,-25.61]],[[-130.12,-24.07],[-129.85,-24.01],[-129.55,-24.24],[-129.61,-24.38],[-130.12,-24.07]],[[-114.08,-25.32],[-113.74,-25.48],[-113.76,-25.58],[-114.15,-25.58],[-114.26,-25.44],[-114.08,-25.32]],[[-103.12,-25.67],[-102.94,-25.52],[-102.77,-25.65],[-103.01,-25.77],[-103.12,-25.67]],[[-104.45,-25.7],[-104.52,-25.91],[-104.76,-25.63],[-104.78,-25.42],[-104.44,-25.53],[-104.45,-25.7]],[[-105.37,-25.82],[-105.45,-26.07],[-105.76,-25.89],[-105.63,-25.8],[-105.37,-25.82]],[[-108.33,-26.16],[-108.4,-26.39],[-108.67,-26.42],[-108.7,-26.24],[-108.33,-26.16]],[[-97.15,-25.52],[-97.33,-25.63],[-97.73,-25.61],[-97.83,-25.46],[-97.59,-25.34],[-97.15,-25.52]],[[-104.11,-27.15],[-104.64,-27.06],[-104.58,-26.89],[-104.21,-26.88],[-104.11,-27.15]],[[-137.68,-53.51],[-137.66,-53.65],[-138.06,-53.71],[-138.27,-53.49],[-137.68,-53.51]],[[-94.87,-58.39],[-94.81,-58.85],[-95.18,-58.84],[-95.49,-58.57],[-94.87,-58.39]],[[-79.32,-18.79],[-79.37,-18.53],[-79.59,-18.28],[-79.49,-18.19],[-79.3,-18.47],[-79.13,-18.58],[-79.32,-18.79]],[[-94.23,-18.19],[-94.21,-18.54],[-94.44,-18.45],[-94.39,-18.19],[-94.23,-18.19]],[[-79.33,-18.16],[-79.37,-17.97],[-79.13,-17.88],[-79.06,-17.64],[-78.67,-17.97],[-78.83,-18.21],[-79.33,-18.16]],[[-79.12,-17.75],[-79.27,-17.74],[-79.16,-17.45],[-79.02,-17.52],[-79.12,-17.75]],[[-78.59,-17.51],[-78.59,-17.36],[-78.37,-16.94],[-78.02,-16.8],[-77.97,-16.36],[-77.83,-16.27],[-77.84,-15.94],[-77.5,-15.78],[-77.57,-15.56],[-77.35,-15.52],[-77.23,-15.34],[-77.01,-15.41],[-76.8,-15.29],[-76.47,-15.73],[-76.54,-16.18],[-76.71,-16.28],[-76.78,-16.49],[-76.95,-16.57],[-77.04,-16.74],[-77.47,-16.99],[-77.78,-16.99],[-77.83,-17.28],[-78.12,-17.19],[-78.13,-17.56],[-78.32,-17.6],[-78.8,-17.81],[-78.79,-17.57],[-78.59,-17.51]],[[-78.5,-18.22],[-78.31,-18],[-78.1,-18.13],[-78.34,-18.26],[-78.5,-18.22]],[[-149.21,-56.5],[-149,-56.62],[-149.45,-56.79],[-149.87,-56.68],[-149.69,-56.54],[-149.21,-56.5]],[[-150.14,-56.76],[-150.6,-56.87],[-150.65,-56.64],[-150.14,-56.76]],[[-157.81,-60.47],[-157.7,-60.36],[-156.88,-60.59],[-157.12,-60.66],[-157.81,-60.47]],[[-155.5,-60.67],[-155.24,-60.63],[-155.1,-60.89],[-155.83,-61.1],[-155.93,-60.96],[-155.5,-60.67]],[[-163.6,-61.21],[-163.69,-61.4],[-164.29,-61.24],[-164.29,-61.09],[-163.6,-61.21]],[[-174.65,-63.79],[-175.31,-63.77],[-175.18,-63.6],[-174.6,-63.65],[-174.65,-63.79]],[[-178.04,-63.82],[-177.77,-64.39],[-178.1,-64.38],[-178.36,-64.01],[-178.04,-63.82]],[[-177.7,-64.39],[-177.25,-64.23],[-176.56,-64.37],[-176.53,-64.78],[-176.79,-64.85],[-177.14,-64.61],[-177.7,-64.39]]]},"properties":{"scalerank":0,"featurecla":"Bathymetry","depth":3000}},
{"type":"Feature","geometry":{"type":"Polygon","coordinates":[[[-154.28,36.93],[-152.41,36.5],[-151.47,36.28],[-149.48,36.19],[-147.48,36.1],[-145.48,36.01],[-143.49,35.92],[-141.49,35.83],[-139.49,35.74],[-137.49,35.65],[-135.5,35.56],[-133.5,35.47],[-131.5,35.37],[-129.51,35.28],[-127.51,35.19],[-125.51,35.1],[-123.51,35.01],[-122.02,34.94],[-121.97,35.09],[-122.23,35.52],[-122.29,35.75],[-122.54,36.09],[-122.64,36.38],[-122.94,36.5],[-122.98,36.74],[-123.12,36.91],[-123.45,36.96],[-123.42,37.16],[-123.59,37.25],[-123.54,37.64],[-123.67,37.78],[-123.86,38.23],[-124.17,38.53],[-124.2,38.72],[-124.45,39.18],[-124.75,39.2],[-125.1,39.45],[-125.2,39.77],[-125.46,39.92],[-125.62,40.16],[-125.93,40.34],[-126.13,40.37],[-127.3,40.29],[-128.21,40.34],[-128.65,40.33],[-128.84,40.83],[-128.5,40.8],[-128.46,40.47],[-126.54,40.49],[-126.33,40.54],[-125.9,40.48],[-125.45,40.91],[-124.98,40.96],[-125.2,41.6],[-125.3,42.21],[-125.19,42.4],[-125.27,43.08],[-125.44,43.66],[-125.42,44.18],[-126.03,44.06],[-126.1,43.8],[-126.27,43.82],[-126.41,43.54],[-126.23,43.42],[-126.22,43.18],[-125.59,42.74],[-125.52,42.55],[-125.6,42.25],[-125.45,42.11],[-125.61,41.65],[-125.81,41.45],[-126.4,41.3],[-126.68,41.46],[-126.86,40.93],[-127.15,40.65],[-127.61,40.77],[-128.17,40.76],[-128.02,41.01],[-128.1,41.37],[-127.87,41.53],[-127.8,41.8],[-127.86,42.09],[-127.62,42.1],[-128.02,42.7],[-128.26,42.84],[-128.26,43.08],[-127.88,43.2],[-128.16,43.46],[-128.53,43.58],[-128.65,43.83],[-129.17,43.79],[-129.81,44.1],[-130.14,44.01],[-130.3,43.83],[-130.52,44.02],[-130.51,44.21],[-130.8,44.33],[-131.08,44.65],[-131.16,44.94],[-131.31,45.13],[-131.43,45.52],[-131.42,46.06],[-131.5,46.35],[-131.69,46.39],[-131.95,46.63],[-131.74,46.68],[-131.34,46.93],[-131.55,47.04],[-131.61,47.24],[-131.88,47.4],[-131.74,47.72],[-132,47.84],[-132.65,47.93],[-132.93,47.91],[-133.04,48.1],[-133.34,48.23],[-133.31,48.5],[-133.49,48.7],[-133.95,48.81],[-134.35,49.14],[-133.94,49.15],[-133.41,48.96],[-133.25,48.77],[-132.92,48.66],[-132.94,48.35],[-132.05,48.28],[-131.72,47.93],[-131.35,48.1],[-131.25,48.36],[-131.49,48.48],[-131.21,48.78],[-131.47,48.92],[-131.31,49.2],[-131.52,49.47],[-131.37,49.75],[-131.77,50.1],[-132.48,50.42],[-132.89,50.74],[-133.08,51],[-133.48,51.12],[-133.32,51.51],[-133.63,51.72],[-134.01,51.81],[-134.72,52.57],[-134.72,52.73],[-135.11,52.79],[-135.48,53.21],[-135.91,53.18],[-135.97,53.34],[-136.58,53.48],[-136.86,53.71],[-136.73,53.88],[-136.27,53.72],[-135.72,53.62],[-135.81,53.83],[-136.29,53.94],[-136.86,54.38],[-137.2,54.35],[-137.42,54.69],[-137.43,54.9],[-138.15,54.87],[-138.3,54.74],[-138.7,54.84],[-138.08,55.23],[-138.14,55.51],[-138.81,55.93],[-138.36,56.18],[-137.98,56.49],[-138.35,56.88],[-138.25,57.05],[-138.72,57.36],[-138.46,57.73],[-139.24,57.91],[-139.66,58.1],[-140,58.4],[-140.34,58.43],[-142.32,58.94],[-142.45,59.07],[-143.53,59.35],[-143.86,59.26],[-145.42,59.21],[-146.05,59.09],[-146.11,58.92],[-146.66,58.63],[-146.86,58.61],[-146.94,58.31],[-147.84,57.84],[-148.09,57.82],[-148.76,57.56],[-149.4,57.08],[-149.88,56.98],[-150.32,56.77],[-150.53,56.78],[-151.37,56.47],[-152.49,56.2],[-152.91,55.92],[-153.52,55.64],[-153.7,55.66],[-155.04,54.99],[-155.42,55.01],[-155.65,54.86],[-156.37,54.74],[-157.09,54.46],[-157.69,54.3],[-157.97,54.38],[-158.4,54.17],[-158.76,54.17],[-159.31,54],[-160.07,54.02],[-160.37,53.9],[-160.89,53.81],[-162.15,53.81],[-162.34,53.66],[-163.41,53.54],[-163.57,53.44],[-164.16,53.47],[-164.74,53.38],[-165.52,53.31],[-166.1,53.03],[-166.8,52.95],[-167.32,52.77],[-167.88,52.75],[-168.3,52.55],[-168.77,52.42],[-169.24,52.12],[-170.06,52.17],[-170.23,52.04],[-171.23,52],[-171.8,51.7],[-171.98,51.77],[-173.52,51.74],[-173.85,51.66],[-174.3,51.68],[-175.78,51.49],[-176.33,51.31],[-177.05,51.24],[-177.23,51.32],[-177.7,51.1],[-178.51,51.14],[-178.83,50.98],[-179.45,51.1],[-179.77,51.25],[-180,51.19],[-180,50],[-180,49],[-180,47],[-180,45],[-180,42.89],[-178.06,42.44],[-176.12,41.99],[-174.18,41.54],[-172.24,41.09],[-170.29,40.64],[-168.35,40.19],[-166.41,39.74],[-164.47,39.29],[-162.53,38.84],[-160.59,38.39],[-158.65,37.94],[-156.71,37.49],[-155.74,37.27],[-154.28,36.93]],[[-142.55,50.18],[-142.92,50.5],[-142.82,50.68],[-142.36,50.43],[-142.55,50.18]],[[-143.65,50.81],[-143.42,51.07],[-143.18,51.08],[-143.18,50.77],[-143.65,50.81]],[[-139.72,51.07],[-139.58,51.29],[-138.88,51.28],[-138.52,51.18],[-138.43,51.04],[-139.31,51.12],[-139.72,51.07]],[[-143.69,51.61],[-143.93,51.66],[-143.76,52.03],[-143.58,52.01],[-143.69,51.61]],[[-148.64,51.97],[-149,52.24],[-148.84,52.52],[-148.41,52.28],[-148.45,52.03],[-148.64,51.97]],[[-141.38,50.28],[-141.63,50.5],[-141.39,50.59],[-141.09,50.46],[-141.38,50.28]],[[-132.15,49.98],[-131.66,49.9],[-131.85,49.7],[-132.21,49.89],[-132.15,49.98]],[[-132.58,49.72],[-132.53,49.49],[-132.81,49.43],[-132.83,49.68],[-132.58,49.72]],[[-132.48,49.21],[-132.08,49.3],[-132.02,48.94],[-132.19,48.88],[-132.48,49.21]],[[-131.97,48.85],[-131.69,48.89],[-131.58,48.63],[-131.85,48.61],[-131.97,48.85]],[[-144.2,53.45],[-144.55,53.56],[-144.45,53.71],[-144.09,53.67],[-144.2,53.45]],[[-148.53,54.37],[-148.22,54.28],[-148.18,54.1],[-148.36,53.89],[-148.72,54.01],[-148.53,54.37]],[[-137.64,54.24],[-137.4,54.28],[-137.08,54.09],[-137.29,53.89],[-137.67,54.01],[-137.64,54.24]],[[-149.1,54.35],[-149.07,54.1],[-149.45,54.02],[-150.03,54.36],[-150.38,54.32],[-150.68,54.5],[-150.62,54.79],[-150.32,54.86],[-150.11,54.63],[-149.62,54.71],[-149.4,54.31],[-149.1,54.35]],[[-140.58,55.11],[-140.36,55.32],[-140.06,55.2],[-140.23,54.93],[-140.58,55.11]],[[-141.8,55.62],[-142.18,55.87],[-141.98,56.01],[-141.56,55.96],[-141.6,55.74],[-141.8,55.62]],[[-144.41,55.87],[-144.6,56.09],[-144.29,56.23],[-144.09,55.98],[-144.41,55.87]],[[-145.06,56.2],[-145.38,56.2],[-145.4,56.4],[-145.01,56.42],[-145.06,56.2]],[[-146.03,56.51],[-146.12,56.37],[-146.53,56.37],[-146.4,56.66],[-146.03,56.51]],[[-143.07,56.54],[-142.88,56.38],[-142.34,56.39],[-142.44,56.09],[-142.84,56.13],[-143.12,56.29],[-143.07,56.54]],[[-128.42,43.16],[-128.43,43.42],[-128.09,43.37],[-128.12,43.24],[-128.42,43.16]],[[-129.79,41.57],[-129.7,41.38],[-130.03,41.09],[-130.19,41.47],[-129.79,41.57]],[[-129.53,41.36],[-129.52,41.03],[-129.41,40.9],[-129.36,40.28],[-129.67,40.4],[-129.56,40.66],[-129.67,40.91],[-129.93,40.97],[-129.65,41.34],[-129.53,41.36]],[[-129.98,40.92],[-129.96,40.66],[-130.35,40.68],[-130.5,40.95],[-129.98,40.92]],[[-134.03,40.12],[-133.54,40.12],[-133.53,39.99],[-133.94,39.96],[-134.32,39.86],[-134.59,39.94],[-134.51,40.11],[-134.03,40.12]],[[-135.42,40.01],[-135.37,39.87],[-135.75,39.83],[-135.76,40.05],[-135.42,40.01]]]},"properties":{"scalerank":0,"featurecla":"Bathymetry","depth":3000}},
{"type":"Feature","geometry":{"type":"Polygon","coordinates":[[[158.31,86.64],[158.38,86.4],[160.3,86.16],[160.89,85.7],[159.08,85.44],[158.8,84.83],[159.56,84.14],[158.91,83.85],[160.18,83.69],[164.59,83.57],[164.87,83.37],[168.98,83.47],[172.68,83.45],[173.13,83.77],[172.98,84.15],[174.01,84.54],[173.87,84.77],[170.56,85.13],[167.82,85.5],[167.69,85.75],[170.9,85.9],[171.02,86.02],[180,85.99],[180,86.43],[180,86.86],[180,87.3],[180,87.74],[180,88.17],[180,88.61],[167.65,88.47],[152.9,88.22],[150.41,87.98],[152.7,87.65],[152.59,87.35],[157.64,87.18],[158.31,86.64]],[[170.52,84.63],[172.4,84.63],[171.94,84.32],[170.49,84.3],[170.52,84.63]]]},"properties":{"scalerank":0,"featurecla":"Bathymetry","depth":3000}},
{"type":"Feature","geometry":{"type":"Polygon","coordinates":[[[178.77,60.1],[178.92,60.24],[178.82,60.31],[178.72,60.18],[178.77,60.1]]]},"properties":{"scalerank":0,"featurecla":"Bathymetry","depth":3000}},
{"type":"Feature","geometry":{"type":"Polygon","coordinates":[[[180,-11.16],[179.79,-11.07],[179.75,-11.17],[180,-11.35],[180,-11.16]]]},"properties":{"scalerank":0,"featurecla":"Bathymetry","depth":3000}},
{"type":"Feature","geometry":{"type":"Polygon","coordinates":[[[179.33,-11.21],[178.99,-11.21],[178.79,-11.54],[178.98,-11.74],[179.19,-11.69],[179.17,-11.44],[179.33,-11.21]]]},"properties":{"scalerank":0,"featurecla":"Bathymetry","depth":3000}},
{"type":"Feature","geometry":{"type":"Polygon","coordinates":[[[177.9,-16.33],[177.97,-16.17],[177.82,-16.2],[177.9,-16.33]]]},"properties":{"scalerank":0,"featurecla":"Bathymetry","depth":3000}},
{"type":"Feature","geometry":{"type":"Polygon","coordinates":[[[179.89,-18.93],[179.68,-18.7],[179.52,-18.79],[179.53,-19.04],[179.89,-18.93]]]},"properties":{"scalerank":0,"featurecla":"Bathymetry","depth":3000}},
{"type":"Feature","geometry":{"type":"Polygon","coordinates":[[[180,-31.49],[180,-31.05],[179.86,-31.27],[179.96,-31.31],[180,-31.7],[180,-31.49]]]},"properties":{"scalerank":0,"featurecla":"Bathymetry","depth":3000}},
{"type":"Feature","geometry":{"type":"Polygon","coordinates":[[[179.04,-33.77],[179.01,-33.35],[178.75,-33.28],[178.62,-33.45],[178.67,-33.61],[179.04,-33.77]]]},"properties":{"scalerank":0,"featurecla":"Bathymetry","depth":3000}},
{"type":"Feature","geometry":{"type":"Polygon","coordinates":[[[179.47,-34.2],[179.27,-33.92],[179.23,-34.1],[179.47,-34.2]]]},"properties":{"scalerank":0,"featurecla":"Bathymetry","depth":3000}},
{"type":"Feature","geometry":{"type":"Polygon","coordinates":[[[178.8,-34.36],[178.89,-34.26],[178.8,-34.2],[178.74,-34.3],[178.8,-34.36]]]},"properties":{"scalerank":0,"featurecla":"Bathymetry","depth":3000}},
{"type":"Feature","geometry":{"type":"Polygon","coordinates":[[[177.87,-35.21],[178.06,-35.11],[178.12,-34.93],[177.92,-34.88],[177.87,-35.21]]]},"properties":{"scalerank":0,"featurecla":"Bathymetry","depth":3000}},
{"type":"Feature","geometry":{"type":"Polygon","coordinates":[[[179.94,-65.36],[179.84,-65.14],[179.61,-65.25],[180,-65.47],[180,-65.42],[179.94,-65.36]]]},"properties":{"scalerank":0,"featurecla":"Bathymetry","depth":3000}},
{"type":"Feature","geometry":{"type":"Polygon","coordinates":[[[179.75,-31.88],[179.62,-31.8],[179.3,-31.99],[179.32,-32.38],[180,-33],[180,-32.74],[179.76,-32.39],[180,-32.16],[180,-31.9],[179.75,-31.88]]]},"properties":{"scalerank":0,"featurecla":"Bathymetry","depth":3000}},
{"type":"Feature","geometry":{"type":"Polygon","coordinates":[[[180,-36.67],[179.92,-36.78],[179.88,-37.32],[179.77,-37.68],[179.59,-37.88],[179.72,-38.18],[179.52,-38.3],[179.28,-38.25],[178.99,-38.71],[179,-39.01],[178.76,-39.18],[178.82,-39.44],[178.68,-39.69],[178.52,-40.31],[178.58,-40.43],[178.47,-40.7],[178.29,-40.83],[178.39,-41.05],[178.3,-41.25],[178.46,-41.41],[178.92,-41.06],[179.25,-41.02],[179.3,-40.6],[179.48,-40.39],[179.45,-40.16],[179.74,-40.17],[180,-39.96],[180,-39.49],[180,-39.02],[180,-38.55],[180,-38.08],[180,-37.61],[180,-37.14],[180,-36.67]],[[179.2,-40.03],[179.25,-39.82],[179.19,-39.52],[179.38,-39.52],[179.52,-39.96],[179.2,-40.03]],[[178.75,-40.76],[178.72,-40.44],[178.89,-40.42],[178.95,-40.68],[178.75,-40.76]]]},"properties":{"scalerank":0,"featurecla":"Bathymetry","depth":3000}},
{"type":"Feature","geometry":{"type":"Polygon","coordinates":[[[179.25,-33.03],[179.22,-32.86],[179.02,-32.73],[178.92,-32.86],[179.25,-33.03]]]},"properties":{"scalerank":0,"featurecla":"Bathymetry","depth":3000}},
{"type":"Feature","geometry":{"type":"Polygon","coordinates":[[[179.7,-33.78],[179.52,-33.72],[179.5,-33.84],[179.7,-33.78]]]},"properties":{"scalerank":0,"featurecla":"Bathymetry","depth":3000}},
{"type":"Feature","geometry":{"type":"Polygon","coordinates":[[[178.06,-41.5],[178.05,-41.35],[177.74,-41.42],[177.8,-41.53],[178.06,-41.5]]]},"properties":{"scalerank":0,"featurecla":"Bathymetry","depth":3000}},
{"type":"Feature","geometry":{"type":"Polygon","coordinates":[[[169.52,-67.68],[169.89,-67.86],[169.83,-68.21],[169.24,-68.31],[168.74,-68.62],[169.25,-68.72],[169.63,-68.27],[170.1,-68.21],[170.31,-68.41],[170.83,-68.57],[170.99,-69],[171.39,-68.95],[172.16,-68.69],[172.9,-68.78],[173.27,-68.97],[173.22,-69.19],[173.73,-69.35],[174.23,-69.67],[174.57,-69.62],[175.09,-69.91],[174.77,-70],[175.34,-70.26],[176.11,-70.34],[177.2,-70.37],[177.67,-70.76],[178.24,-70.8],[178.71,-70.7],[178.86,-70.47],[179.39,-70.54],[180,-70.46],[180,-70.06],[180,-69.66],[180,-69.25],[180,-68.85],[180,-68.45],[179.89,-68.2],[179.55,-67.94],[179.8,-67.64],[179.76,-67.39],[180,-67.13],[180,-66.73],[180,-66.33],[180,-65.93],[178.92,-65.62],[178.63,-65.62],[177.99,-65.36],[177.45,-65.3],[176.63,-65.11],[176.11,-65.14],[176.57,-65.4],[177.39,-65.67],[177.19,-65.81],[176.74,-65.71],[176.09,-65.45],[175.57,-65.41],[175.51,-65.24],[174.79,-65.21],[174.19,-65.06],[173.58,-65.09],[173.44,-64.96],[172.56,-64.86],[172.57,-65.08],[171.94,-65.27],[171.7,-65.09],[171.13,-65.04],[171.1,-64.69],[172.16,-64.68],[170.64,-64.24],[170.23,-64.3],[169.7,-64.67],[170.19,-65.01],[169.89,-65.16],[169.79,-65.49],[169.22,-65.67],[169.1,-65.35],[168.28,-64.93],[167.97,-64.62],[166.16,-64.23],[166.13,-64.03],[165.68,-64.02],[164.76,-63.84],[164.4,-64],[164.98,-64.19],[164.93,-64.34],[164.45,-64.39],[164.27,-64.11],[163.9,-64.1],[163.77,-63.77],[164.2,-63.65],[164.03,-63.5],[164.56,-63.07],[163.97,-62.83],[163.92,-63.09],[163.44,-63.43],[163.53,-63.74],[163.22,-63.82],[163.7,-64.23],[164.21,-64.37],[164.04,-64.66],[162.96,-64.28],[162.34,-64.71],[162.85,-64.97],[162.86,-65.27],[163.39,-65.09],[164.37,-65.55],[165.24,-65.76],[165.72,-65.75],[166.29,-66.11],[167.36,-65.85],[167.43,-65.56],[168.05,-65.57],[168.48,-65.81],[168.6,-66.17],[169.05,-66.16],[169.04,-66.43],[169.45,-66.47],[170.04,-67.19],[169.92,-67.49],[169.52,-67.68]],[[171.53,-67.81],[171.7,-67.47],[170.64,-67.2],[170.55,-66.97],[170.78,-66.73],[171.81,-67.13],[172.2,-67.46],[172.89,-67.76],[172.77,-68.02],[171.53,-67.81]],[[170.97,-66.33],[170.21,-66],[170.06,-65.71],[170.66,-65.64],[171.02,-65.76],[171.12,-66.19],[170.97,-66.33]],[[173.87,-68.19],[174.17,-68.31],[173.69,-68.52],[173.04,-68.29],[173.16,-68.06],[173.58,-68],[173.87,-68.19]],[[168.66,-65.32],[168.68,-65.6],[168.21,-65.54],[168.23,-65.38],[168.66,-65.32]],[[165,-65.54],[164.81,-65.27],[165.65,-65.41],[165,-65.54]],[[166.06,-64.64],[165.52,-64.55],[165.62,-64.26],[165.85,-64.23],[166.35,-64.47],[166.06,-64.64]]]},"properties":{"scalerank":0,"featurecla":"Bathymetry","depth":3000}},
{"type":"Feature","geometry":{"type":"Polygon","coordinates":[[[180,-45.72],[179.42,-45.74],[179.38,-45.89],[179.09,-46.03],[178.5,-45.94],[178.6,-46.27],[179.11,-46.19],[179.12,-46.47],[179.44,-46.75],[179.79,-46.62],[180,-46.63],[180,-46.18],[180,-45.72]]]},"properties":{"scalerank":0,"featurecla":"Bathymetry","depth":3000}},
{"type":"Feature","geometry":{"type":"Polygon","coordinates":[[[179.65,-65.65],[178.91,-65.24],[178.47,-65.28],[179.65,-65.65]]]},"properties":{"scalerank":0,"featurecla":"Bathymetry","depth":3000}},
{"type":"Feature","geometry":{"type":"Polygon","coordinates":[[[180,-34.44],[179.88,-34.62],[179.85,-35.05],[180,-35.33],[180,-34.88],[180,-34.44]]]},"properties":{"scalerank":0,"featurecla":"Bathymetry","depth":3000}},
{"type":"Feature","geometry":{"type":"Polygon","coordinates":[[[180,-64.63],[179.96,-64.65],[179.96,-64.73],[180,-64.75],[180,-64.63]]]},"properties":{"scalerank":0,"featurecla":"Bathymetry","depth":3000}},
{"type":"Feature","geometry":{"type":"Polygon","coordinates":[[[180,24.31],[180,24.81],[180,25.31],[180,25.8],[180,26.3],[180,26.8],[180,27.3],[180,27.8],[180,28.29],[180,28.79],[180,29.29],[180,29.79],[180,30.28],[180,30.78],[180,31.28],[180,31.78],[180,32.28],[180,32.77],[180,33.27],[180,33.77],[180,34.27],[180,34.76],[180,35.26],[180,35.76],[180,36.26],[180,36.76],[180,37.25],[180,37.75],[180,38.25],[180,38.75],[180,39.25],[180,39.74],[180,40.24],[180,40.74],[180,41.24],[180,41.73],[180,42.23],[180,42.73],[180,43.23],[180,43.73],[180,44.22],[180,44.72],[180,45.22],[180,45.72],[180,46.21],[180,46.71],[180,47.21],[180,47.71],[180,48.21],[180,48.7],[180,49.2],[180,49.7],[180,50.2],[180,50.69],[180,51.19],[179.09,50.97],[178.64,51.12],[177.91,51.24],[177.6,51.41],[177.1,51.38],[176.88,51.5],[176.83,51.75],[176.21,51.71],[175.73,51.44],[175.13,51.46],[174.52,51.67],[174.59,51.83],[174.47,52.05],[173.67,51.96],[173.3,52.08],[172.97,52.05],[172.63,52.35],[172.2,52.32],[172.16,52.59],[171.69,52.68],[171.42,52.6],[171.19,52.8],[170.95,52.73],[170.41,52.81],[169.91,53.06],[169.66,53.4],[169.16,53.39],[169.28,53.8],[168.81,53.86],[168.61,54.02],[168.27,53.79],[168.02,53.86],[168.01,54.28],[167.15,54.16],[166.63,54.39],[165.92,54.93],[165.25,55.23],[164.67,55.62],[165.04,55.75],[165.2,55.93],[165.58,55.75],[167.02,55.43],[167.09,55.6],[167.64,55.56],[167.91,55.41],[168.24,55.38],[168.97,55.07],[169.17,54.82],[168.67,54.79],[167.69,55.25],[167.38,55.18],[168.64,54.57],[168.89,54.38],[169.56,54.19],[170.45,53.63],[170.89,53.56],[171.25,53.64],[170.93,53.83],[171.32,53.95],[171.6,53.72],[171.58,53.42],[172.41,53.21],[172.8,53.32],[174.84,52.78],[175.25,52.63],[175.99,52.61],[176.37,52.67],[176.94,52.54],[177.25,52.35],[177.43,52.52],[178.69,52.67],[178.56,52.82],[178.71,53.19],[178.9,53.39],[178.8,53.64],[178.51,53.69],[178.18,53.95],[178.13,54.21],[178.27,54.36],[177.41,54.41],[176.93,54.5],[176.23,54.43],[175.71,54.48],[175.34,54.39],[175.24,54.55],[175.67,54.69],[176.11,55.01],[176.68,55.24],[177.27,55.3],[178.24,55.29],[178.37,55.22],[179.23,55.08],[180,54.55],[180,55.01],[180,55.47],[180,55.93],[180,56.39],[180,56.85],[180,57.31],[180,57.77],[180,58.23],[180,58.7],[180,59.16],[180,59.62],[179.54,59.63],[179.45,59.82],[178.75,59.89],[178.36,60.02],[178.37,60.22],[177.71,60.15],[177.6,60.41],[177.66,60.79],[176.99,60.88],[176.52,60.72],[175.61,60.64],[174.31,60.24],[173.23,60.05],[173,59.82],[172.21,59.95],[171.91,59.76],[172,59.32],[172.22,59.02],[171.96,58.86],[172.14,58.48],[171.96,58.04],[172.12,57.75],[171.92,57.4],[172.2,57.12],[171.71,56.75],[171.48,56.7],[171.48,56.38],[171.34,56.11],[170.74,55.73],[170.52,55.33],[170.32,55.27],[170.09,55.95],[169.77,56.17],[169.73,56.53],[168.97,57.49],[168.99,57.75],[169.54,58.15],[169.09,58.46],[169.14,58.7],[168.91,58.77],[168.96,59.38],[168.36,59.51],[168.22,59.69],[167.88,59.76],[167.71,59.54],[167.14,59.52],[167.49,59.31],[167.19,59.03],[166.56,59.05],[165.99,58.94],[165.13,58.95],[164.3,58.41],[164.05,57.7],[164.18,57.44],[164.51,57.16],[164.49,57.02],[163.97,57.07],[163.8,56.66],[163.86,56.51],[164.23,56.26],[163.91,56.05],[163.96,55.74],[163.34,55.55],[162.97,55.63],[162.53,55.42],[162.49,55.24],[162.7,55.06],[162.71,54.37],[162.63,53.98],[162.46,53.81],[161.86,53.71],[162.12,54.02],[161.59,54.12],[161.41,53.9],[160.91,53.79],[161.13,53.5],[161.01,53.35],[160.63,53.4],[160.58,53.11],[161.03,52.89],[161.04,52.64],[160.73,52.57],[160.39,52.09],[160.09,52.03],[160.27,51.76],[159.91,51.58],[159.91,51.91],[159.7,52.06],[159.76,52.34],[159.13,52.27],[159.31,51.86],[159.2,51.71],[159.36,51.55],[159.24,51.4],[158.84,51.35],[158.91,51.05],[158.38,50.52],[158.38,50.4],[157.34,49.67],[156.67,49.35],[156.28,49.12],[155.89,48.66],[155.35,48.17],[155.02,48.01],[154.92,47.78],[154.19,47.04],[153.83,47.05],[153.54,46.91],[153.4,46.64],[152.94,46.44],[152.93,46.16],[152.5,46.1],[151.78,46.35],[151.73,46.23],[152.28,46.03],[152.27,45.79],[151.03,45.3],[149.42,44.59],[148.12,43.81],[148.06,43.56],[147.82,43.37],[149.45,42.23],[151.08,41.1],[152.71,39.96],[154.35,38.83],[155.98,37.69],[157.61,36.55],[159.25,35.42],[160.88,34.28],[162.51,33.15],[164.15,32.01],[165.78,30.88],[166.6,30.31],[168.38,29.51],[170.17,28.71],[171.96,27.91],[173.74,27.11],[175.53,26.31],[177.32,25.51],[179.11,24.71],[180,24.31]],[[173.52,29.51],[173.24,29.44],[173.13,29.61],[173.6,29.72],[173.52,29.51]],[[179,29.73],[179.15,29.95],[179.53,29.78],[179.45,29.58],[179.12,29.59],[179,29.73]],[[173.72,29.95],[173.63,30.32],[173.8,30.4],[173.95,30.2],[173.88,30],[173.72,29.95]],[[176.01,31.16],[176.07,31],[175.71,30.84],[175.63,31.01],[176.01,31.16]],[[173.22,31.73],[173.09,31.75],[172.82,32.08],[172.57,32.28],[172.81,32.49],[173.06,32.45],[173.43,32.09],[173.22,31.73]],[[172.49,32.24],[172.54,32.11],[172.2,31.97],[172.22,32.24],[172.49,32.24]],[[172.48,32.46],[172.3,32.46],[172.1,32.65],[172.19,32.93],[172.54,32.8],[172.48,32.46]],[[176.03,33.04],[175.84,33.04],[175.38,33.46],[175.32,33.66],[175.74,33.7],[176.04,33.2],[176.03,33.04]],[[171.82,33.08],[171.49,33.25],[171.74,33.43],[171.82,33.08]],[[174.6,33.58],[174.42,33.89],[174.57,33.96],[174.42,34.23],[174.66,34.38],[174.77,34.1],[174.7,33.87],[174.79,33.72],[175.14,33.6],[174.73,33.2],[174.6,33.58]],[[172.06,33.86],[172.13,33.67],[171.65,33.53],[171.21,33.75],[171.34,33.91],[171.55,33.85],[172.06,33.86]],[[171.77,34.02],[171.64,34.12],[171.59,34.49],[171.12,35.18],[170.88,35.47],[170.88,35.81],[171.4,35.89],[171.69,36],[171.79,35.81],[172.37,35.47],[172.37,35.08],[171.96,34.43],[171.77,34.02]],[[178.73,34.76],[179.1,34.67],[179.4,34.49],[179.66,34.46],[179.62,34.21],[179.77,34.05],[179.86,33.72],[179.74,33.26],[179.47,33.16],[179.16,33.45],[178.94,33.46],[178.66,33.21],[178.37,33.05],[178.23,33.24],[178.51,33.34],[178.39,33.53],[178.11,33.48],[177.87,33.6],[177.92,34.23],[178.29,34.34],[178.54,34.16],[178.75,34.54],[178.73,34.76]],[[176.77,33.25],[176.62,33.09],[176.36,33.33],[176.57,33.38],[176.77,33.25]],[[176.84,33.28],[176.77,33.42],[176.08,33.53],[176.02,33.72],[176.4,33.86],[176.57,33.77],[176.79,33.98],[176.96,33.94],[176.89,33.6],[177.03,33.34],[176.84,33.28]],[[177.27,33.38],[177.08,33.67],[177.41,33.59],[177.27,33.38]],[[171.82,36.31],[171.59,36.33],[171.43,36.62],[171.24,36.73],[171.39,37],[171.73,36.72],[171.82,36.31]],[[171.31,38.96],[171.37,38.59],[171.1,38.43],[171.08,38.14],[171.4,37.7],[171.1,37.62],[170.85,37.87],[170.66,37.73],[170.28,37.69],[170,38.47],[170.15,38.48],[170.54,38.19],[170.69,38.24],[170.96,38.56],[170.98,38.8],[171.31,38.96]],[[170.77,41.63],[171.13,41.3],[170.9,41.14],[170.84,40.83],[170.62,40.43],[170.08,39.78],[169.99,40.22],[170.11,40.58],[170.35,40.9],[170.22,41.52],[170.59,41.62],[170.45,41.93],[170.13,42.2],[170.09,42.72],[170.29,43.19],[170.67,43.39],[170.81,43.28],[170.4,42.7],[170.67,42.59],[170.8,42.34],[170.57,42.08],[170.76,41.97],[170.87,41.73],[170.77,41.63]],[[170.04,43.26],[169.85,43.27],[169.89,43.58],[170.23,43.79],[170.55,43.57],[170.28,43.48],[170.04,43.26]],[[170.11,45.9],[170.35,45.29],[170.35,44.98],[170.55,44.74],[170.62,44.06],[170.4,44.02],[170.18,44.14],[170.14,44.31],[169.58,44.8],[169.96,45.09],[169.93,45.38],[169.76,45.64],[169.79,45.78],[170.11,45.9]],[[169.8,45.9],[169.38,45.85],[169.1,45.69],[169.02,45.93],[169.27,46.34],[169.13,46.76],[169.76,46.67],[169.69,46.37],[169.9,46.02],[169.8,45.9]],[[169.64,46.83],[169.23,46.97],[169.11,47.17],[168.79,47.41],[168.84,47.81],[168.27,48.15],[168.33,48.32],[169.06,48.17],[169.49,47.64],[169.85,47.5],[169.73,47.31],[169.87,47.2],[169.78,46.9],[169.64,46.83]],[[169.38,48.53],[169.17,48.36],[168.98,48.55],[169.05,48.87],[169.27,48.89],[169.38,48.53]],[[168.77,48.82],[168.46,48.65],[168.14,48.67],[168,48.86],[168.12,49.19],[168.82,49.13],[168.94,48.92],[168.77,48.82]],[[172.54,48.57],[172.45,48.81],[173.08,48.73],[172.96,48.58],[172.54,48.57]],[[168.39,49.55],[167.8,49.62],[167.68,49.81],[168.45,49.9],[168.6,49.7],[168.39,49.55]],[[168.02,49.96],[167.53,50.05],[167.66,50.28],[168.23,50.52],[168.4,50.27],[168.02,49.96]],[[167.45,50.5],[167.27,50.42],[167.06,50.74],[167.09,51.24],[166.91,51.53],[167.02,51.79],[167.71,51.94],[168.09,51.41],[167.95,50.99],[168.02,50.79],[167.62,50.75],[167.45,50.5]],[[168.99,51],[168.95,50.9],[168.45,50.87],[168.77,51.13],[168.99,51]],[[165.07,53.34],[164.93,53.21],[164.31,53.3],[164.32,53.44],[164.66,53.57],[165.07,53.34]],[[170.21,55.09],[171.2,54.34],[170.74,54.43],[170.54,54.62],[170.04,54.74],[169.96,55.01],[170.21,55.09]],[[174.24,54.29],[174.75,54.41],[174.83,54.24],[174.4,54.13],[174.24,54.29]],[[164.89,57.82],[164.53,57.65],[164.21,57.77],[164.26,58.1],[164.7,58.22],[164.98,57.98],[164.89,57.82]]]},"properties":{"scalerank":0,"featurecla":"Bathymetry","depth":3000}},
{"type":"Feature","geometry":{"type":"Polygon","coordinates":[[[147.82,43.37],[147.15,43.11],[146.92,42.94],[146.38,42.82],[146.16,42.58],[145.86,42.52],[145.16,42.23],[145.18,42.1],[144.53,41.64],[144.38,41.43],[144.15,41.38],[143.93,41.09],[143.78,40.46],[143.82,40.3],[143.76,39.6],[143.56,39.45],[143.55,39.16],[143.69,38.94],[143.59,38.49],[143.38,38.26],[143.36,37.92],[143.14,37.62],[142.93,37.47],[142.45,36.84],[142.47,36.62],[142.06,36.42],[142.18,36.18],[142.01,35.91],[142.01,35.64],[141.78,35.32],[141.58,35.3],[141.22,34.84],[140.69,34.56],[140.33,34.49],[140.69,34.32],[140.97,33.83],[141.12,33.71],[141.1,33.38],[141.27,33.22],[141.38,32.84],[141.37,32.44],[140.96,32.43],[140.92,32.14],[141.23,31.97],[141.23,31.82],[141.01,31.6],[141.22,31.47],[141.14,31.08],[141.36,31.04],[141.37,30.88],[141.57,30.73],[141.11,30.66],[140.88,30.24],[140.7,29.71],[140.92,29.42],[140.93,29.2],[140.68,29.09],[140.52,28.91],[140.81,28.86],[140.97,28.64],[140.81,28.24],[140.93,28.12],[140.86,27.94],[140.97,27.76],[140.93,27.55],[141.12,27.46],[141.19,26.98],[141.35,26.71],[141.29,26.48],[141.43,26.33],[141.32,25.88],[141.56,25.79],[141.71,25.41],[142.07,25.47],[142.03,25.73],[142.09,26.16],[141.93,26.4],[141.87,26.69],[141.83,27.23],[141.92,27.55],[141.74,27.77],[141.77,28.73],[141.59,29.29],[141.78,29.43],[142.1,29.37],[142.08,29.04],[142.27,28.92],[142.6,28.52],[142.79,28.13],[142.82,27.89],[142.75,27.53],[142.85,27.33],[142.77,27.16],[142.81,26.85],[143.05,26.67],[143.27,26.34],[143.3,26.09],[142.88,25.84],[142.92,25.53],[142.83,25.44],[142.92,25.15],[142.76,25],[142.82,24.73],[142.76,24.31],[142.57,24.27],[142.54,23.88],[142.3,23.79],[142.36,23.52],[142.54,23.42],[142.77,23.43],[142.78,23.26],[143.04,22.82],[143.24,22.72],[143.81,22.18],[144.23,22.11],[144.58,21.86],[144.95,21.49],[145.22,21.49],[145.75,20.98],[146.25,20.87],[146.66,20.5],[146.76,20.23],[146.7,19.9],[146.5,19.86],[146.37,20.14],[146.37,20.31],[146.23,20.59],[146.06,20.51],[146.33,20.3],[146.26,20.06],[146.03,19.92],[146.14,19.58],[146.28,19.43],[145.94,18.77],[145.87,18.5],[146.1,18.34],[146.35,17.93],[146.45,17.42],[146.52,17.31],[146.5,16.63],[146.33,15.96],[146.25,15.39],[145.85,14.62],[145.67,14.18],[145.61,13.51],[145.3,13.11],[145.08,13.1],[144.65,12.84],[144.53,12.55],[144.25,12.51],[144.19,12.79],[144.29,13.23],[144.4,13.45],[144.31,13.67],[144.58,13.94],[144.74,14.51],[144.73,14.71],[144.91,14.83],[144.96,15.12],[145.15,15.29],[145.23,15.49],[145.43,15.59],[145.46,15.82],[145.32,16],[145.49,16.25],[145.42,16.39],[145.48,16.63],[145.45,16.97],[145.49,17.34],[145.63,17.46],[145.58,17.76],[145.43,17.93],[145.58,18.46],[145.44,18.74],[145.61,19.04],[145.34,19.33],[145.2,19.73],[145.02,19.85],[144.89,20.31],[144.67,20.35],[144.45,20.58],[144.3,20.84],[144.09,21.02],[143.9,20.91],[143.73,20.99],[143.74,21.15],[143.95,21.29],[144.09,21.6],[143.84,21.7],[143.77,21.42],[143.58,21.23],[143.53,21.7],[143.1,21.9],[143.29,22.01],[143.2,22.21],[142.87,22.36],[142.25,21.97],[142.51,21.26],[142.82,20.71],[142.99,20.57],[143.2,20.19],[143.11,19.95],[143.16,19.39],[143.33,19.23],[143.4,18.91],[143.3,18.72],[143.41,18.54],[143.39,18.28],[143.61,18.11],[143.42,17.87],[143.45,17.3],[143.64,17.34],[143.62,17.04],[143.52,16.9],[143.64,16.63],[143.47,16.39],[143.54,16.25],[143.5,15.86],[143.52,15.6],[143.29,15.4],[143.4,15.14],[143.26,14.87],[143.2,14.41],[143.06,14.28],[142.79,13.71],[142.66,13.53],[142.81,13.34],[142.56,13.28],[142.39,12.94],[142.1,12.6],[142.3,12.58],[142.45,12.41],[142.47,12.07],[142.59,11.86],[142.3,11.81],[142.24,12.05],[142.08,12.1],[141.6,11.79],[141.27,11.72],[141.27,11.85],[141.44,12.16],[141.77,12.38],[141.7,12.6],[141.35,12.35],[140.86,12.26],[140.67,12.52],[140.98,12.48],[141.01,12.63],[141.21,12.69],[141.37,12.87],[141.58,12.87],[142.03,13.09],[141.92,13.55],[142.07,13.61],[142.3,13.43],[142.48,13.68],[142.37,13.81],[142.33,14.05],[142.51,14.2],[142.77,14.59],[142.88,14.87],[142.7,14.95],[142.92,15.25],[142.68,15.63],[142.87,15.9],[142.69,16.16],[142.68,16.54],[142.6,16.65],[142.75,16.87],[142.76,17.21],[142.94,17.59],[142.69,17.69],[142.78,17.98],[142.85,18.48],[142.92,18.71],[142.7,18.78],[142.65,18.98],[142.75,19.19],[142.7,19.34],[142.49,19.4],[142.58,19.8],[142.51,20.14],[142.33,20.22],[142.37,20.56],[142.27,20.83],[142.32,21.19],[142.21,21.45],[141.96,21.6],[141.74,21.61],[141.68,21.84],[141.5,22.06],[141.62,22.37],[141.44,22.73],[141.15,23],[140.99,23.03],[140.89,23.29],[141.02,23.58],[140.85,23.73],[140.94,23.99],[140.64,24.07],[140.41,24.31],[140.52,24.6],[140.45,24.86],[140,24.9],[140.04,26.18],[140.16,26.35],[140.62,26.3],[140.54,26.47],[140.59,26.95],[140.35,27.1],[140.42,27.43],[140.23,27.62],[140.39,28.12],[140.14,28.01],[139.81,28.01],[139.8,28.83],[139.46,28.56],[139.42,28.78],[139.53,29.17],[139.27,29.13],[139.2,28.8],[138.98,28.63],[139.08,28.45],[138.96,28.32],[139.14,28.09],[139.09,27.81],[138.94,27.84],[138.9,28.11],[138.7,28.18],[138.68,28.47],[138.89,28.77],[138.58,28.9],[138.49,29.4],[138.76,29.56],[138.46,29.89],[138.5,30.29],[138.72,30.35],[138.6,30.67],[138.27,30.71],[138.25,30.86],[138.54,31.13],[138.34,31.29],[138.44,31.45],[138.74,31.54],[138.55,31.69],[138.5,31.94],[138.37,32.03],[138.43,32.26],[138.59,32.34],[138.65,33.02],[138.49,33.25],[138.66,33.45],[138.54,33.57],[138.14,33.4],[137.97,33.49],[138.23,33.68],[138.32,33.97],[138.01,33.84],[137.82,33.66],[137.55,33.63],[137.17,33.32],[136.9,33.26],[136.62,33.11],[135.93,32.93],[135.74,32.95],[135.48,32.81],[134.9,32.78],[134.58,32.51],[134.51,32.33],[134.22,32.28],[134.11,32.13],[133.43,31.85],[132.99,31.51],[132.86,31.46],[132.49,31.12],[132.64,30.75],[132.43,30.7],[131.88,30.1],[131.57,29.9],[131.33,29.85],[130.82,29.38],[130.74,29.14],[130.95,29],[130.98,28.74],[131.21,28.51],[130.87,28.45],[130.74,28.27],[130.39,27.98],[130.36,27.66],[130.04,27.41],[129.91,27.23],[129.96,27.02],[129.48,27.05],[129.41,26.75],[129.22,26.8],[129.03,26.64],[129.02,26.42],[128.71,26.02],[128.26,25.7],[127.67,25.19],[127.45,25.16],[127.28,24.78],[127.04,24.63],[126.48,24.05],[126.12,23.8],[125.95,23.81],[125.79,23.66],[125.63,23.76],[125.47,23.66],[125.28,23.78],[124.99,23.79],[124.92,23.64],[124.49,23.65],[124.15,23.45],[123.96,23.47],[123.91,23.64],[124.05,23.84],[123.67,23.9],[123.47,23.82],[122.99,23.89],[122.68,24.08],[122.25,23.97],[122.39,23.78],[122.26,23.67],[121.81,23.79],[121.85,23.26],[121.68,22.9],[121.59,22.5],[121.84,21.96],[121.99,21.41],[122.16,21.17],[122.37,20.26],[122.32,19.94],[122.48,19.79],[122.57,20.02],[122.74,19.89],[122.67,19.35],[122.76,19.19],[122.78,18.74],[122.69,18.5],[122.62,17.93],[122.48,17.74],[122.71,17.69],[122.88,17.36],[122.73,17.22],[122.69,16.77],[122.52,16.57],[122.42,16.2],[122.21,15.89],[122.29,15.6],[122.5,15.41],[122.79,15.32],[123.05,15.41],[123.6,15.48],[123.85,15.35],[124.04,15.1],[124.34,14.98],[124.61,14.64],[124.73,14.23],[124.94,13.81],[125.11,13.63],[125.16,13.27],[124.92,13.03],[125.08,12.89],[125.31,12.86],[125.52,12.5],[125.82,12.1],[125.93,11.57],[125.93,11.3],[126.16,10.73],[126.19,10.32],[126.46,9.77],[126.46,9.48],[126.55,9.07],[126.79,8.5],[126.91,7.97],[126.88,7.31],[126.73,6.94],[126.79,6.71],[126.71,6.41],[126.58,6.24],[126.66,5.97],[126.79,5.78],[126.8,5.45],[127.01,5.42],[127.1,5.22],[127.44,4.76],[127.72,4.74],[127.95,4.57],[128.42,3.88],[128.44,3.66],[128.7,3.26],[128.73,3.07],[128.89,2.91],[128.97,2.39],[129.17,2.33],[129.26,2.09],[129.1,1.87],[129.05,1.57],[129.1,1.28],[129.42,1.41],[129.84,1.37],[130.06,1.2],[130.23,1.49],[130.43,1.51],[130.49,1.27],[130.26,0.87],[130.66,0.77],[130.49,1.18],[130.57,1.32],[130.8,1.44],[131.17,1.35],[131.18,1.78],[131.55,1.91],[131.67,1.57],[131.45,1.32],[131.65,0.93],[131.6,0.66],[131.86,0.65],[131.86,0.22],[131.76,0.14],[131.42,0.11],[131.6,-0.06],[132.12,-0.17],[132.57,-0.12],[132.86,-0.19],[133.29,-0.21],[133.71,-0.33],[133.9,-0.02],[134.08,0.16],[134.93,0.24],[135.15,0],[135.38,-0.05],[135.67,-0.23],[136.09,-0.32],[136.49,-0.48],[136.76,-0.52],[137.02,-0.7],[137.31,-0.79],[137.49,-0.73],[137.93,-0.91],[138.09,-1.06],[138.35,-1.13],[138.69,-1.08],[138.78,-1.25],[139.04,-1.42],[139.2,-1.63],[139.39,-1.73],[139.54,-1.68],[140.06,-1.73],[140.21,-1.64],[140.38,-1.77],[140.46,-2.01],[140.79,-1.99],[141.32,-2.25],[141.77,-2.38],[141.82,-2.57],[142,-2.69],[142.3,-2.69],[142.47,-2.76],[142.64,-2.52],[142.75,-2.15],[143.06,-2.06],[142.61,-1.92],[142.51,-2.06],[142.28,-2.09],[142.18,-1.96],[141.9,-2.08],[141.69,-2.05],[141.62,-1.84],[141.84,-1.46],[142.28,-1.39],[142.44,-1.65],[142.85,-1.34],[143.3,-1.18],[143.54,-1.15],[144,-0.91],[144.2,-0.91],[144.41,-0.79],[144.82,-0.74],[145.19,-0.59],[145.7,-0.52],[146.14,-0.41],[146.64,-0.5],[146.99,-0.39],[147.45,-0.46],[147.83,-0.46],[148.68,-0.55],[149.06,-0.78],[149.36,-0.78],[149.99,-1.16],[150.48,-1.24],[150.8,-1.36],[150.86,-1.47],[151.24,-1.53],[151.3,-1.66],[151.84,-1.66],[151.82,-1.85],[152.17,-1.96],[152.45,-2.13],[152.56,-2.28],[152.8,-2.17],[153.02,-2.18],[153.15,-2.4],[153.33,-2.44],[153.49,-2.75],[153.74,-2.85],[153.97,-3.25],[154.15,-2.98],[154.01,-2.71],[154.09,-2.51],[154.3,-2.3],[154.41,-1.86],[154.43,-1.48],[154.58,-1.32],[154.5,-1.09],[154.69,-1.06],[154.68,-0.65],[154.51,-0.59],[154.2,-0.67],[153.98,-0.45],[154.1,-0.17],[154.11,0.06],[154.29,0.39],[154.51,0.52],[154.71,0.5],[154.9,0.7],[154.44,0.9],[154.08,0.88],[154.01,1.26],[154.1,1.52],[154.35,1.54],[154.51,1.44],[154.72,1.54],[154.23,1.88],[154.27,2.09],[154.18,2.22],[154.34,2.69],[154.48,2.72],[154.43,3.01],[154.57,3.29],[154.34,3.48],[154.43,3.75],[154.65,3.78],[154.77,4.03],[155.21,4.03],[155.38,3.77],[155.7,3.76],[155.64,3.58],[155.9,3.49],[156,3.31],[156.26,3.37],[156.46,3.82],[156.72,3.91],[157.31,3.78],[157.22,4.04],[157.49,4.39],[157.38,4.66],[157.48,4.78],[157.73,4.73],[158,5.05],[157.91,5.34],[158.04,5.46],[158.35,5.46],[158.41,5.34],[158.23,5.11],[158.52,4.9],[158.47,4.5],[158.56,4.12],[158.76,3.94],[158.59,3.74],[158.58,3.55],[158.44,3.43],[158.57,3.29],[158.69,3.48],[158.82,3.42],[158.72,2.91],[158.75,2.68],[159.11,2.51],[159.26,2.81],[159.46,2.9],[159.75,2.81],[159.81,2.62],[159.65,2.34],[159.73,2.25],[160.13,2.18],[160.25,1.71],[160.18,1.51],[160.37,1.27],[160.38,0.99],[160.58,0.93],[160.73,0.52],[160.7,0.27],[160.58,0.02],[160.27,-0.2],[160.33,-0.34],[160.75,-0.14],[160.97,-0.47],[160.9,-0.72],[160.95,-1.1],[160.7,-1.25],[160.58,-1.42],[160.34,-1.54],[160.46,-1.79],[160.36,-2.12],[160.52,-2.29],[160.63,-1.92],[160.94,-1.75],[161.17,-1.93],[161.18,-1.66],[161.5,-1.49],[161.64,-1.66],[161.84,-1.64],[161.95,-1.76],[162.08,-2.31],[162.03,-2.59],[162.13,-2.77],[162.14,-3.02],[162.26,-3.09],[162.33,-3.42],[162.5,-3.56],[162.4,-3.75],[162.13,-3.86],[162.35,-4.14],[162.55,-4.08],[162.96,-3.7],[163.13,-3.78],[163.81,-3.8],[163.9,-3.6],[164.15,-3.58],[164.2,-3.46],[164.42,-3.49],[164.5,-3.77],[164.68,-3.84],[165,-3.79],[165.17,-3.58],[165.29,-3.8],[165.08,-3.85],[164.92,-4.13],[165.17,-4.22],[165.19,-4.41],[165.71,-4.2],[166.19,-3.85],[166.29,-3.99],[165.74,-4.54],[165.94,-4.63],[165.97,-5.1],[166.29,-5.14],[166.5,-5.02],[166.67,-5.17],[166.72,-5.41],[166.89,-5.34],[167.14,-5.4],[167.44,-5.32],[167.3,-5.14],[167.47,-4.9],[167.71,-4.94],[168.07,-4.89],[168.25,-5.05],[168.4,-4.86],[168.84,-5.08],[168.78,-5.43],[169.29,-5.4],[169.34,-5.63],[169.52,-5.5],[169.64,-5.6],[169.38,-6.08],[169.15,-6.07],[168.91,-6.16],[168.79,-6.1],[168.38,-6.17],[167.66,-6.18],[167.25,-5.87],[167.07,-6.06],[166.74,-5.96],[166.51,-6.06],[165.93,-5.96],[165.72,-5.86],[165.46,-5.83],[165.34,-5.74],[164.45,-5.57],[164.23,-5.48],[163.93,-5.25],[163.73,-5.36],[163.46,-5.09],[163.32,-5.16],[162.87,-5.02],[162.53,-5.15],[162.46,-5.39],[162.53,-5.58],[162.28,-5.63],[162.13,-5.93],[162.37,-6.08],[162.45,-6.32],[162.41,-6.52],[162.65,-6.69],[162.56,-6.99],[162.71,-7.08],[162.84,-7.5],[162.97,-7.52],[163.27,-7.97],[163.1,-8.26],[163.15,-8.52],[163.7,-8.29],[164.02,-8.04],[164.15,-8.16],[164.45,-8.23],[164.62,-8.16],[165.1,-8.08],[165.29,-8.13],[165.18,-8.37],[164.76,-8.54],[164.06,-8.98],[163.73,-8.95],[163.42,-9.07],[162.82,-9.2],[162.72,-9.36],[162.48,-9.46],[162.43,-9.12],[162.58,-8.76],[162.14,-8.62],[161.91,-8.48],[161.75,-8.3],[161.4,-8.14],[161.34,-8],[160.78,-7.61],[160.72,-7.5],[160.38,-7.35],[160.15,-7.15],[159.98,-6.91],[159.65,-6.72],[159.32,-6.66],[158.51,-6.29],[158.31,-6.27],[158.14,-6.09],[157.94,-6.06],[157.88,-6.28],[157.43,-6.19],[157.22,-6.26],[157.01,-6.53],[157.42,-6.79],[157.63,-6.73],[157.8,-6.79],[158.11,-6.78],[158.2,-6.65],[158.39,-6.76],[158.51,-6.62],[158.67,-6.74],[158.95,-6.76],[159.22,-6.9],[159.41,-7.09],[159.6,-7.12],[159.77,-7.42],[160.13,-7.49],[160.69,-7.54],[160.95,-7.77],[161.18,-8.26],[161.17,-8.41],[161.3,-8.64],[161.51,-8.74],[161.73,-8.75],[161.75,-8.9],[162.09,-9.08],[162.05,-9.28],[162.18,-9.77],[162.14,-10.15],[162.49,-10.35],[162.42,-10.51],[162.69,-10.66],[162.91,-10.37],[163.12,-10.62],[163.35,-10.77],[163.28,-10.93],[162.77,-10.94],[162.51,-11.15],[162.05,-11.14],[161.47,-10.85],[161.17,-10.48],[160.46,-10.27],[160.32,-10.03],[159.77,-9.98],[159.6,-9.85],[159.37,-9.8],[159.23,-9.62],[158.85,-9.46],[158.74,-9.53],[158.45,-9.35],[158.22,-9.33],[157.81,-9.1],[157.61,-9.08],[157.38,-8.86],[157.15,-8.92],[156.94,-8.81],[156.47,-8.97],[156.41,-8.68],[156.41,-8.2],[156.27,-7.85],[155.66,-7.7],[155.57,-7.58],[155.34,-7.52],[155.21,-7.11],[154.82,-6.79],[154.58,-6.39],[154.37,-6.14],[154.13,-6.08],[153.75,-5.7],[153.66,-5.52],[153.63,-5.21],[153.72,-5.09],[154.11,-5.07],[154.1,-4.75],[153.81,-4.27],[153.41,-4.17],[153.24,-4.58],[153.38,-5.05],[153.36,-5.45],[153.05,-5.49],[152.81,-5.34],[152.55,-5.32],[152.1,-5.67],[151.72,-5.77],[151.22,-6.11],[151.01,-6.3],[150.19,-6.53],[149.74,-6.55],[149.42,-6.5],[149.23,-6.38],[148.73,-6.36],[148.22,-6.39],[148.13,-6.55],[148.42,-6.65],[148.57,-6.82],[148.13,-7.2],[147.82,-7.27],[148.08,-7.56],[148.2,-7.6],[148.37,-7.44],[148.51,-7.47],[148.66,-7.85],[148.99,-8.07],[149.46,-7.93],[149.78,-7.91],[150.06,-8.08],[150.28,-7.91],[150.59,-7.84],[151.09,-7.91],[151.29,-8.07],[151.5,-8.07],[151.8,-8.18],[152.49,-8.58],[152.71,-8.5],[152.95,-8.54],[153.19,-8.78],[153.27,-9],[153.93,-8.67],[154.29,-8.32],[154.56,-8.11],[154.63,-7.97],[154.91,-7.74],[155.34,-7.72],[155.27,-8.05],[155.1,-8.08],[155.07,-8.33],[154.91,-8.41],[155.09,-8.68],[154.77,-8.85],[154.54,-9.05],[154.23,-9.4],[154.25,-9.82],[154.13,-10.03],[154.41,-10.1],[154.55,-10.49],[154.96,-10.39],[155.11,-10.58],[155.33,-10.4],[155.76,-10.49],[155.95,-10.33],[156.19,-10.39],[156.61,-10.35],[156.72,-10.52],[156.32,-10.78],[156.1,-11.04],[155.88,-11.19],[155.46,-11.37],[155.29,-11.38],[155.04,-11.66],[154.79,-11.62],[154.59,-11.94],[154.34,-12.06],[153.58,-12.05],[153.27,-12.01],[152.88,-11.76],[152.34,-11.53],[152.04,-11.49],[151.7,-11.57],[151.33,-11.6],[150.94,-11.57],[150.55,-11.47],[150.29,-11.57],[150,-11.59],[149.59,-11.7],[149.39,-11.83],[148.62,-11.67],[148.05,-11.73],[147.65,-11.67],[147.32,-11.75],[146.88,-11.74],[146.6,-11.85],[146.41,-12.08],[146.2,-12.13],[145.69,-12.01],[145.51,-12.19],[145.23,-12.31],[144.89,-12.15],[144.73,-12.28],[145.34,-13.05],[145.35,-13.27],[145.62,-13.39],[145.73,-13.66],[146.06,-13.8],[146.21,-13.54],[145.92,-13.49],[145.94,-13.25],[146.23,-13.22],[146.59,-12.99],[146.86,-12.98],[147.34,-13.22],[147.67,-13.51],[148.08,-13.97],[148.32,-13.99],[148.7,-14.3],[148.91,-14.29],[149.3,-14.41],[149.53,-14.65],[150.53,-14.78],[150.69,-14.93],[150.89,-14.95],[151.42,-15.26],[151.61,-15.29],[151.97,-15.44],[152.27,-15.41],[152.41,-15.61],[152.57,-15.68],[152.62,-15.88],[152.78,-15.98],[152.92,-16.24],[153.4,-16.57],[154.13,-16.61],[154.59,-16.59],[154.69,-16.87],[154.94,-16.66],[155.21,-16.79],[155.49,-16.52],[155.83,-16.42],[156.02,-16.63],[156.24,-16.44],[156.38,-15.99],[156.33,-15.82],[156.48,-15.6],[156.49,-15.37],[156.94,-15.35],[157.06,-15.46],[157.5,-15.54],[157.69,-15.74],[157.9,-15.69],[158.11,-16.12],[158.32,-16.17],[158.3,-16.33],[158.1,-16.53],[158.07,-16.82],[158.33,-17.1],[157.9,-17.4],[157.6,-17.41],[157.45,-17.79],[157.1,-18],[157.46,-18.22],[157.44,-18.43],[157.79,-18.8],[157.98,-19.09],[158.26,-18.96],[158.3,-18.68],[158.41,-18.56],[158.48,-18.18],[158.68,-18.07],[158.73,-17.82],[158.52,-17.78],[158.47,-17.53],[158.78,-17.32],[158.93,-17.34],[159.1,-17.65],[159.02,-17.9],[159.04,-18.28],[158.95,-18.67],[159.15,-18.83],[159.7,-18.82],[160.08,-18.65],[160.59,-18.64],[160.57,-18.9],[160.71,-19.31],[160.56,-19.56],[160.66,-19.87],[160.79,-19.84],[160.77,-19.52],[161.01,-19.32],[161.19,-19.59],[161.37,-19.6],[161.55,-20.02],[161.7,-20.21],[161.92,-20.25],[162.01,-20.45],[162.23,-20.54],[162.44,-20.49],[162.55,-20.63],[162.44,-20.77],[162.79,-21.01],[162.9,-21.27],[163.12,-21.42],[163.3,-21.67],[163.61,-21.96],[163.72,-22.16],[164.11,-22.54],[164.42,-22.73],[164.76,-23.18],[164.62,-23.39],[164.71,-24.19],[164.83,-24.27],[165.02,-24.92],[164.98,-25.12],[165.1,-25.22],[165.19,-25.66],[165.17,-26.11],[164.74,-26.26],[164.93,-26.45],[165.22,-26.45],[165.07,-26.69],[164.8,-26.64],[164.74,-26.91],[164.35,-27.14],[164.28,-27.31],[164.49,-27.47],[164.38,-27.74],[164.24,-27.74],[164.16,-28.02],[164.17,-28.31],[164.26,-28.66],[164.28,-29.17],[164.14,-29.62],[164.4,-30.22],[164.91,-30.75],[165,-30.89],[165,-31.46],[165.1,-31.82],[165.02,-32.18],[165.14,-32.45],[164.93,-32.47],[164.57,-32.29],[164.24,-31.98],[164.09,-32.45],[163.95,-32.49],[164.18,-32.88],[164.23,-32.62],[164.5,-32.74],[164.43,-32.91],[164.66,-33.07],[164.9,-33.38],[164.57,-33.35],[164.33,-33.42],[164.54,-33.66],[164.8,-33.77],[164.9,-33.96],[165.11,-34.1],[165.49,-33.91],[165.89,-34.04],[165.84,-33.72],[165.67,-33.65],[165.56,-33.31],[165.73,-33.1],[165.49,-32.93],[165.53,-32.73],[165.79,-32.76],[165.89,-32.95],[166.25,-33.28],[166.4,-33.59],[166.66,-33.65],[166.49,-33.31],[166.2,-33.11],[166.19,-32.96],[165.98,-32.77],[165.84,-32.47],[165.87,-32.18],[165.73,-31.73],[165.91,-31.46],[165.89,-31.2],[165.77,-31.09],[165.8,-30.7],[165.72,-30.28],[165.5,-30.02],[165.29,-29.65],[165.46,-29.48],[165.89,-29.25],[166.13,-29.48],[166.25,-29.74],[166.41,-29.81],[166.44,-30.22],[166.84,-30],[166.82,-29.59],[167.09,-29.52],[167.08,-28.93],[166.98,-28.74],[166.76,-28.59],[166.92,-28.39],[167,-28.13],[166.74,-28.01],[166.73,-27.77],[166.89,-27.64],[166.92,-27.26],[166.82,-26.78],[166.89,-26.59],[166.78,-26.11],[166.64,-25.74],[166.42,-25.67],[166.57,-25.46],[166.66,-25.18],[166.42,-25.22],[166.34,-24.98],[166.51,-24.82],[166.45,-24.59],[166.3,-24.43],[166.2,-23.95],[166.11,-23.76],[166.16,-23.58],[165.95,-23.51],[165.96,-23.3],[165.82,-23.14],[165.73,-22.86],[165.79,-22.59],[165.64,-22.34],[165.61,-22.02],[165.2,-21.84],[165,-21.83],[164.69,-21.43],[164.03,-20.75],[163.87,-20.66],[163.52,-20.18],[162.83,-19.1],[162.82,-18.93],[162.59,-18.43],[162.59,-18.15],[162.67,-17.77],[162.91,-17.59],[163.22,-17.78],[163.51,-18.11],[163.69,-18.55],[163.88,-18.68],[163.93,-18.98],[164.18,-19],[164.17,-19.23],[164.41,-19.62],[164.66,-19.86],[165.43,-19.99],[165.35,-19.81],[164.99,-19.45],[164.8,-19.36],[164.74,-19.14],[164.56,-19.07],[164.36,-18.8],[164.1,-18.64],[164.07,-18.25],[164.56,-18.29],[164.69,-18.56],[164.85,-18.64],[165.21,-18.56],[165.56,-18.74],[165.32,-18.94],[165.54,-19.11],[165.75,-19.12],[165.91,-19.3],[165.91,-19.46],[166.37,-19.75],[166.58,-19.8],[166.56,-19.99],[166.9,-20.24],[167.16,-20.3],[167.35,-20.55],[167.82,-20.74],[167.92,-20.94],[168.24,-21.1],[168.64,-21.35],[168.79,-21.39],[169.02,-21.75],[169.41,-22.03],[169.69,-22.44],[169.61,-22.71],[169.75,-22.95],[169.71,-23.07],[169.8,-23.42],[169.97,-23.58],[170.21,-23.42],[170.45,-23.57],[170.52,-23.74],[170.3,-23.99],[170.06,-24.1],[170.35,-24.5],[170.31,-24.9],[170.61,-25.23],[170.67,-25.6],[170.88,-25.78],[170.91,-26.1],[170.33,-26.18],[170.15,-26.02],[169.99,-26.2],[169.82,-26.18],[170.01,-26.68],[169.56,-26.81],[169.57,-27.09],[169.33,-27.12],[169.18,-27.36],[169.25,-27.65],[169.06,-27.68],[169.05,-27.42],[168.82,-27.4],[168.67,-27.22],[168.7,-27.05],[168.46,-26.98],[168.36,-26.74],[168.06,-27.06],[168,-27.46],[168.1,-27.76],[168.18,-28.46],[168.55,-28.73],[168.63,-29.12],[168.82,-29.34],[169.03,-29.4],[169.08,-28.96],[169.23,-28.79],[169.32,-28.34],[169.32,-28.07],[169.48,-27.98],[169.64,-28.11],[169.77,-27.98],[170.18,-27.95],[170.26,-27.46],[170.91,-27.2],[171.06,-27.36],[171.47,-27.07],[171.62,-27.24],[171.84,-27.22],[171.86,-27.5],[171.66,-27.75],[171.53,-27.66],[171.14,-28.15],[171.08,-28.34],[170.76,-28.63],[170.77,-28.96],[171.12,-28.94],[171.22,-28.75],[171.54,-28.61],[171.98,-28.9],[171.98,-27.86],[172.07,-27.76],[171.98,-27.34],[172.59,-27.18],[172.99,-27.34],[173.02,-27.51],[173.48,-27.93],[173.4,-28.08],[173.77,-28.56],[173.74,-28.8],[173.57,-28.95],[173.91,-29.3],[173.98,-29.7],[174.25,-29.83],[174.12,-30.08],[173.87,-29.85],[173.81,-30.16],[173.85,-30.54],[174.04,-30.65],[174.02,-30.83],[173.77,-31.16],[173.67,-31.6],[173.95,-31.77],[173.78,-31.97],[173.55,-32.06],[173.6,-32.36],[173.83,-32.57],[174,-32.88],[174.04,-33.14],[174.53,-33.38],[174.78,-33.41],[175.54,-33.26],[175.67,-33.68],[175.9,-33.52],[176.21,-33.49],[176.13,-33.14],[176.57,-33.34],[176.76,-33.24],[176.83,-33.53],[177.27,-33.7],[177.12,-33.88],[177.08,-34.14],[177.29,-34.27],[177.59,-34.21],[177.38,-33.88],[177.68,-33.95],[177.8,-34.08],[178.01,-33.82],[177.75,-33.52],[177.46,-33.5],[177.32,-33.3],[177.62,-33.1],[177.72,-32.81],[177.89,-32.79],[177.8,-33.15],[177.88,-33.37],[178.19,-33.37],[177.97,-32.98],[178.14,-32.47],[178.44,-32.31],[178.56,-32.14],[178.94,-31.9],[178.78,-31.49],[178.91,-31.39],[178.86,-31.06],[178.99,-30.86],[179.19,-30.2],[179.45,-30.17],[179.35,-29.95],[179.34,-29.62],[179.21,-29.5],[179.19,-29.15],[179.07,-28.95],[179.61,-28.68],[179.95,-28.62],[179.85,-28.35],[179.65,-28.16],[179.82,-27.86],[179.64,-27.7],[179.66,-27.53],[179.93,-27.37],[179.8,-27.2],[179.87,-27.06],[179.22,-26.98],[179.28,-26.6],[179.16,-26.27],[179.21,-26.05],[179.04,-25.92],[179.24,-25.68],[178.85,-25.22],[179.22,-25.21],[179.3,-24.87],[179.22,-24.58],[179.41,-24.46],[179.28,-24.11],[179.48,-24],[179.24,-23.46],[179.59,-23.23],[179.66,-22.97],[179.54,-22.78],[179.57,-22.49],[179.89,-22.51],[179.97,-22.4],[179.96,-21.86],[179.89,-21.53],[180,-21.5],[180,-21.14],[180,-20.78],[180,-20.42],[179.92,-20.28],[180,-20.06],[180,-19.75],[179.59,-19.52],[179.34,-19.66],[179.28,-19.83],[179.02,-19.82],[178.97,-19.46],[178.82,-19.34],[178.96,-19.02],[178.47,-19.35],[178.37,-19.56],[178.66,-19.59],[178.62,-19.76],[178.18,-20.05],[177.83,-19.95],[177.78,-20.24],[177.48,-20.25],[177.66,-20.57],[177.32,-20.82],[176.96,-20.92],[176.74,-21.09],[176.5,-21.38],[175.89,-21.8],[175.8,-22.22],[175.51,-21.98],[175.39,-22.16],[175.21,-22.17],[175.08,-22.35],[174.42,-22.42],[174.45,-22.18],[174.27,-22.15],[173.54,-22.37],[173.25,-22.52],[172.75,-22.5],[172.59,-22.68],[172.63,-22.92],[172.46,-22.97],[172.28,-22.82],[172.32,-22.62],[171.88,-22.62],[171.65,-22.75],[171.27,-22.8],[171.22,-22.46],[170.95,-22.32],[170.61,-22.33],[170.36,-21.94],[170.18,-21.87],[169.95,-21.56],[169.69,-21.67],[169.45,-21.5],[169.31,-21.18],[169.25,-20.9],[169.08,-20.71],[168.87,-19.86],[168.7,-19.75],[168.55,-19.51],[168.37,-19.48],[168.13,-19.18],[168.26,-18.97],[168.14,-18.76],[168.16,-18.28],[167.86,-18.07],[167.7,-17.59],[167.91,-17.47],[167.9,-17.14],[167.81,-16.99],[167.53,-17],[167.29,-16.72],[166.99,-16.13],[166.63,-16.15],[166.49,-15.87],[166.56,-15.66],[166.4,-15.44],[165.9,-15.51],[165.86,-15.36],[166.31,-15.22],[166.42,-14.94],[166.36,-14.51],[166.66,-14.14],[166.68,-13.77],[166.38,-13.27],[166.42,-12.67],[166.35,-12.28],[166.16,-11.9],[166.03,-11.36],[165.91,-11.16],[165.72,-11.18],[165.14,-10.9],[165.17,-10.6],[164.74,-10.61],[164.69,-10.33],[164.73,-10.14],[165.18,-9.91],[164.91,-9.61],[164.85,-9.39],[165.41,-9.19],[165.53,-9.36],[165.84,-9.43],[165.93,-9.22],[166.22,-9.34],[166.66,-9.31],[167.33,-9.5],[167.74,-9.47],[167.8,-9.66],[167.62,-9.82],[167.26,-9.68],[168.02,-10.43],[168.26,-10.87],[168.31,-11.14],[168.55,-11.13],[168.61,-11.32],[168.45,-11.45],[168.61,-11.76],[168.61,-12.1],[168.82,-12],[169.15,-12.06],[169.04,-12.26],[169.13,-12.43],[168.94,-12.57],[168.85,-12.76],[168.46,-12.59],[168.22,-12.81],[168.43,-13.26],[168.59,-13.35],[168.75,-13.86],[168.57,-14.07],[168.91,-14.43],[168.67,-14.54],[168.73,-14.73],[168.6,-14.83],[168.39,-14.61],[168.27,-14.86],[168.41,-15.22],[168.38,-15.34],[168.56,-15.69],[168.84,-15.74],[169.04,-15.68],[169.15,-15.92],[169.31,-16.02],[169.25,-16.22],[169.4,-16.46],[169.59,-16.55],[169.62,-16.73],[169.9,-16.97],[170.1,-17.25],[170.19,-17.07],[170.53,-17.33],[170.8,-17.3],[171.14,-17.43],[171.26,-17.2],[171.36,-16.61],[171.57,-16.79],[171.94,-16.66],[172.32,-16.59],[172.32,-16.39],[172.8,-16.27],[172.58,-16.01],[172.43,-15.63],[172.51,-15.42],[172.76,-15.78],[173,-15.64],[172.97,-15.33],[173.23,-15.46],[173.54,-15.4],[173.38,-15.01],[173.37,-14.75],[173.11,-14.56],[173.16,-14.42],[173.1,-14.12],[173.38,-13.99],[173.3,-13.73],[173.11,-13.83],[173.22,-14.05],[172.88,-14.04],[172.93,-14.25],[172.52,-14.35],[172.05,-14.29],[171.67,-14.15],[171.62,-14.32],[171.75,-14.46],[171.51,-14.64],[171.29,-14.46],[171.15,-14.58],[170.98,-14.4],[170.52,-14.25],[170.28,-14.25],[170.14,-13.9],[169.96,-13.88],[169.86,-13.64],[170.24,-13.63],[170.45,-13.7],[170.9,-13.75],[171.27,-13.72],[171.5,-13.48],[171.38,-13.25],[171.42,-13.01],[171.56,-12.85],[171.52,-12.49],[171.21,-12.66],[171.1,-12.62],[171.16,-12.28],[171.35,-12.2],[171.28,-11.9],[171.49,-11.74],[171.1,-11.47],[170.74,-11.35],[170.6,-11.42],[170.42,-11.76],[170.62,-11.9],[171.12,-11.62],[171.14,-11.83],[171,-12.05],[170.8,-12.2],[170.84,-12.6],[170.68,-12.58],[170.55,-12.33],[170.35,-12.36],[170.16,-12.62],[169.97,-12.52],[170.19,-12.13],[170,-11.82],[169.6,-11.79],[169.6,-11.58],[169.44,-11.37],[169.76,-11.17],[169.8,-10.97],[170.09,-10.94],[170.21,-11.27],[170.38,-11.23],[170.39,-11],[170.3,-10.86],[170.48,-10.74],[170.83,-11.16],[171.33,-11.33],[171.92,-11.37],[172.09,-11.59],[172.32,-11.61],[172.49,-11.79],[172.58,-12.05],[172.73,-12.11],[172.92,-11.95],[173.06,-12.12],[173.09,-12.58],[172.82,-13.06],[173.45,-13.24],[173.36,-12.97],[173.44,-12.83],[173.81,-12.77],[173.91,-12.57],[174.09,-12.48],[174.17,-12.19],[174.54,-12.43],[174.75,-12.46],[175.22,-12.24],[175.68,-12.26],[175.85,-12.19],[176.13,-12.22],[176.2,-12.44],[176.43,-12.63],[176.84,-12.34],[177.19,-12.26],[177.36,-12.4],[177.58,-12.38],[177.72,-12.55],[177.65,-12.71],[177.77,-13.1],[177.91,-13.06],[178.14,-13.21],[178.5,-13.33],[178.79,-13.35],[179.05,-13.47],[179.52,-13.42],[179.76,-13.47],[180,-13.18],[180,-12.77],[179.81,-12.88],[179.62,-12.84],[179.35,-12.56],[179.78,-12.22],[179.46,-11.93],[179.32,-11.95],[179.23,-12.17],[179.3,-12.35],[179.18,-12.62],[179.54,-12.95],[179.71,-13.04],[179.49,-13.21],[179.04,-13.32],[178.85,-13.23],[178.78,-13.06],[178.58,-12.89],[178.53,-12.72],[178.61,-12.49],[178.24,-12.41],[178.09,-12.26],[177.83,-12.29],[177.37,-12.15],[177.02,-12.17],[176.8,-12.29],[176.38,-12.39],[176.18,-12.22],[176.18,-12.07],[175.97,-11.95],[175.52,-12.08],[175.24,-11.73],[175.13,-11.74],[174.62,-11.59],[174.26,-11.64],[174.44,-11.8],[174.36,-11.97],[174.4,-12.19],[174.03,-12.07],[173.84,-12.12],[173.65,-12],[173.54,-12.14],[173.31,-12.09],[173.21,-11.66],[173.02,-11.47],[172.39,-11.18],[172.33,-11.06],[172.41,-10.84],[172.94,-10.9],[173.39,-11.25],[173.77,-11.28],[174.13,-11.23],[174.3,-11.07],[174.5,-11.21],[174.89,-11],[175.2,-11.09],[175.66,-10.97],[175.97,-11.07],[176.11,-11.3],[176.37,-11.51],[176.64,-11.46],[177.12,-11.6],[177.3,-11.88],[177.48,-11.78],[177.53,-11.49],[177.7,-11.27],[177.94,-11.22],[178.01,-11.03],[178.28,-11.09],[178.96,-11.06],[179.25,-10.81],[179.33,-10.62],[179.28,-10.37],[179.73,-10.23],[180,-10.42],[180,-10.01],[180,-9.84],[180,-9.5],[180,-9.35],[180,-9.01],[180,-8.51],[180,-8.02],[180,-7.53],[180,-7.03],[180,-6.54],[180,-6.04],[180,-5.55],[180,-5.06],[180,-4.56],[180,-4.07],[180,-3.57],[180,-3.08],[180,-2.59],[180,-2.09],[180,-1.6],[180,-1.1],[180,-0.61],[180,-0.12],[180,0.38],[180,0.87],[180,1.36],[180,1.86],[180,2.35],[180,2.85],[180,3.34],[180,3.83],[180,4.33],[180,4.82],[180,5.32],[180,5.81],[180,6.3],[180,6.8],[180,7.29],[180,7.79],[180,8.28],[180,8.77],[180,9.27],[180,9.76],[180,10.25],[180,10.75],[180,11.24],[180,11.74],[180,12.23],[180,12.72],[180,13.22],[180,13.71],[180,14.21],[180,14.7],[180,15.19],[180,15.69],[180,16.18],[180,16.68],[180,17.17],[180,17.66],[180,18.16],[180,18.65],[180,19.14],[180,19.64],[180,20.13],[180,20.63],[180,21.12],[180,21.19],[180,21.4],[180,21.88],[180,22.37],[180,22.85],[180,23.34],[180,23.83],[180,24.31],[179.11,24.71],[177.32,25.51],[175.53,26.31],[173.74,27.11],[171.96,27.91],[170.17,28.71],[168.38,29.51],[166.6,30.31],[165.78,30.88],[164.15,32.01],[162.51,33.15],[160.88,34.28],[159.25,35.42],[157.61,36.55],[155.98,37.69],[154.35,38.83],[152.71,39.96],[151.08,41.1],[149.45,42.23],[147.82,43.37]],[[180,-9.35],[179.91,-9.49],[179.68,-9.46],[179.86,-9.19],[180,-9.35]],[[159.08,33.72],[159.32,33.46],[158.82,33.55],[159.08,33.72]],[[158.79,33.39],[159.06,33.25],[159.25,33],[159.17,32.53],[158.98,32.25],[158.73,32.23],[158.42,31.84],[157.69,32],[157.68,32.14],[157.44,32.2],[157.53,32.55],[157.77,32.77],[158.07,32.82],[158.31,33.26],[158.5,33.22],[158.79,33.39]],[[148.32,31.86],[148.14,32.01],[148.29,32.15],[148.44,31.97],[148.32,31.86]],[[148.91,31.76],[149.15,31.62],[148.98,31.49],[148.83,31.59],[148.91,31.76]],[[153.33,29.56],[153.62,29.64],[153.67,29.41],[153.44,29.37],[153.33,29.56]],[[153.48,28.14],[153.68,27.98],[153.53,27.77],[153.28,28],[153.48,28.14]],[[168.62,27.81],[168.8,27.96],[168.94,27.84],[168.79,27.64],[168.62,27.81]],[[152.05,27.46],[152.04,27.32],[151.69,27.13],[151.64,27.29],[151.8,27.42],[152.05,27.46]],[[148.82,27.12],[148.8,26.93],[148.55,26.96],[148.63,27.17],[148.82,27.12]],[[145.38,27.08],[145.09,27.1],[145.14,27.39],[145.43,27.33],[145.38,27.08]],[[145.96,27.67],[145.65,27.67],[145.56,27.89],[145.87,28.08],[146.05,27.75],[145.96,27.67]],[[145.34,26.42],[145.52,26.24],[145.76,26.15],[145.88,25.95],[146.15,25.91],[146.25,25.79],[145.69,25.76],[145.54,25.84],[145.24,25.81],[145.17,26.07],[144.74,26.14],[144.33,25.88],[144.36,25.69],[144.2,25.31],[143.88,25.13],[143.52,25.22],[143.32,25.61],[143.51,25.66],[143.34,26.17],[143.98,26.4],[144.16,26.37],[144.33,26.52],[144.64,26.53],[144.76,26.36],[144.96,26.33],[145.34,26.42]],[[146.67,25.79],[147.06,26.09],[147.32,25.71],[147.24,25.61],[146.67,25.79]],[[147.55,25.66],[147.46,25.86],[147.97,25.98],[148.36,25.75],[147.78,25.56],[147.55,25.66]],[[148.39,25.35],[148.55,25.43],[148.73,25.18],[148.66,24.95],[148.47,25.02],[148.39,25.35]],[[160.66,23.94],[160.81,24.04],[160.96,23.83],[160.83,23.73],[160.66,23.94]],[[162.09,23.75],[162.37,23.78],[162.3,23.38],[162.46,23.16],[162.21,23.06],[162.15,23.19],[162.09,23.75]],[[175.58,23.11],[175.82,23.11],[175.8,22.78],[175.46,22.61],[175.24,22.27],[175.61,22.32],[175.81,22.19],[175.68,21.81],[175.39,21.74],[175.08,21.53],[175.25,21.14],[175.04,21],[175.04,20.78],[175.24,20.58],[174.96,20.49],[174.83,20.74],[174.62,20.9],[174.31,20.83],[174.15,21],[173.68,21.08],[173.75,21.39],[173.94,21.46],[174.42,22],[174.6,22.03],[174.77,21.92],[175.02,22.11],[174.99,22.45],[175.3,22.87],[175.58,23.11]],[[176.39,22.5],[176.38,22.74],[176.63,22.77],[176.66,22.56],[176.39,22.5]],[[178.18,22.23],[178.46,22.17],[178.08,21.86],[177.97,21.43],[177.65,21.43],[177.5,21.35],[177.59,21.13],[178.49,21.36],[178.79,21.5],[178.81,21.71],[179.09,21.66],[179.05,21.39],[179.18,21.29],[179.07,20.89],[178.7,20.74],[178.51,20.9],[178.14,21.04],[177.77,20.98],[177.46,20.74],[177.41,20.59],[177.2,20.5],[177.14,20.69],[176.95,20.85],[176.83,20.78],[176.59,20.93],[176.23,20.78],[176.18,20.58],[175.89,20.66],[175.87,21.1],[176.09,21.29],[175.84,21.48],[176.23,21.84],[176.47,21.88],[176.66,21.59],[176.83,21.57],[176.76,21.89],[177.09,22.01],[177.42,22.05],[177.71,21.99],[178.18,22.23]],[[178.23,21.4],[178.19,21.51],[178.39,21.79],[178.64,21.76],[178.58,21.59],[178.23,21.4]],[[174.24,20.5],[174.4,20.29],[174.27,20.21],[174.05,20.38],[174.24,20.5]],[[179.01,20.46],[179.17,20.36],[179.25,20.03],[179.08,19.95],[178.93,20.3],[179.01,20.46]],[[177.59,19.84],[177.41,19.7],[177.3,19.84],[177.08,19.87],[176.95,19.99],[176.7,19.83],[176.43,19.96],[176.33,20.28],[176.75,20.11],[176.9,20.23],[177.29,20.07],[177.59,19.84]],[[172.27,18.94],[172.39,18.82],[172.34,18.55],[172.13,18.52],[172.26,18.16],[172.54,18],[172.78,18.02],[173,17.93],[173.28,18.14],[173.7,18.29],[173.83,18.1],[173.63,17.94],[173.13,17.88],[172.9,17.59],[172.71,17.56],[172.25,17.78],[171.94,17.86],[171.64,17.72],[171.49,17.78],[171.05,17.74],[170.93,17.63],[170.71,17.73],[170.76,17.88],[170.59,18.28],[170.73,18.64],[171,18.73],[171.12,19.01],[171.04,19.24],[171.63,19.22],[171.84,19.34],[172.01,19.08],[172.27,18.94]],[[176.66,18.89],[176.94,18.84],[176.9,18.65],[176.69,18.7],[176.66,18.89]],[[177.4,18.52],[177.39,18.35],[177.13,18.31],[177.02,18.39],[177.13,18.65],[177.4,18.52]],[[179.73,18.24],[179.76,18.11],[179.41,17.96],[179.31,18.12],[179.73,18.24]],[[178.82,17.88],[178.71,17.68],[178.2,17.66],[178.07,17.73],[177.93,18.04],[178.19,18.19],[178.37,18.14],[178.59,18.21],[178.88,18.09],[178.82,17.88]],[[174.26,18.15],[174.04,18.13],[173.91,18.28],[174.01,18.41],[174.31,18.36],[174.54,18.49],[174.93,18.51],[175.07,18.58],[175.6,18.62],[175.64,18.48],[175.25,18.41],[175,18.3],[174.77,18.31],[174.26,18.15]],[[173.83,17.47],[174.07,17.49],[174.08,17.2],[173.94,17.15],[173.83,17.47]],[[154.54,16.79],[154.36,16.69],[154.07,16.79],[154,17.4],[154.55,17.16],[154.54,16.79]],[[165.22,16.66],[165.44,16.74],[165.44,16.46],[165.25,16.48],[165.22,16.66]],[[167.02,16.59],[167.26,16.68],[167.4,16.39],[167.19,16.36],[167.02,16.59]],[[163.37,16.32],[163.22,15.95],[163.25,15.66],[163.13,15.06],[162.87,15.06],[162.75,15.18],[162.98,15.49],[162.97,15.84],[162.81,16],[162.9,16.2],[163.28,16.39],[163.37,16.32]],[[172.5,16.24],[172.72,16.08],[172.51,15.97],[172.5,16.24]],[[160.49,15.19],[160.74,14.88],[160.65,14.66],[160.36,14.7],[160.18,14.96],[160.49,15.19]],[[175.96,14.37],[175.96,14.16],[175.6,14.02],[175.51,14.21],[175.61,14.46],[175.96,14.37]],[[175.35,13.87],[175.61,13.9],[175.58,13.64],[175.74,13.44],[175.74,13.29],[175.5,13.18],[175.48,13.46],[175.26,13.66],[175.35,13.87]],[[178.95,13.15],[178.92,13.31],[179.04,13.49],[179.27,13.43],[179.27,13.19],[179.06,13.02],[178.95,13.15]],[[148.04,12.48],[147.96,12.26],[147.74,12.38],[147.95,12.76],[148.14,12.73],[148.04,12.48]],[[156.27,12.26],[156.46,12.39],[156.57,12.28],[156.36,12.1],[156.27,12.26]],[[158.57,12.22],[158.61,12.5],[158.77,12.47],[158.74,12.23],[158.57,12.22]],[[170,12.44],[170.3,12.39],[170.33,11.98],[170.06,11.91],[169.95,12.29],[170,12.44]],[[167.33,11.81],[167.75,11.7],[167.93,11.34],[167.78,11.04],[167.62,11],[167.21,11.08],[166.96,10.97],[166.71,10.77],[166.69,10.55],[166.48,10.39],[166.2,10.37],[166.16,10.7],[166.52,10.76],[166.44,10.92],[166.13,11.02],[166.15,11.42],[166.38,11.5],[166.54,11.75],[166.7,11.83],[166.78,12.14],[167.15,12.03],[167.33,11.81]],[[169.58,11.42],[169.78,11.52],[170,11.45],[170.06,11.24],[170.26,11.15],[170.17,10.89],[169.94,11.01],[170.21,10.39],[170.1,10.1],[169.74,10.15],[169.5,9.97],[169.48,10.21],[169.68,10.22],[169.82,10.54],[169.85,10.78],[169.6,10.87],[169.32,11.25],[169.4,11.41],[169.58,11.42]],[[170.81,10.66],[171.04,10.38],[170.98,10.18],[170.74,10.24],[170.81,10.66]],[[169.55,9.88],[169.62,9.75],[170.15,9.76],[170.42,9.59],[170.42,9.36],[170.29,8.95],[169.93,8.74],[169.61,9.22],[169.35,9.44],[169.39,9.64],[169.05,9.69],[168.88,9.88],[168.76,10.23],[169.18,10.22],[169.32,10.15],[169.55,9.88]],[[171.32,9.03],[171.43,8.79],[171.36,8.5],[171.33,8.01],[171.24,7.97],[170.99,7.56],[170.92,7.86],[170.74,7.98],[170.94,8.44],[170.78,8.68],[170.72,8.98],[170.95,9.08],[171.32,9.03]],[[169.83,7.65],[169.92,7.39],[169.61,7.23],[169.44,7.24],[169.4,7.5],[169.83,7.65]],[[170.9,7.24],[171.07,7.52],[171.32,7.28],[171.51,7.29],[171.59,7.45],[171.78,7.46],[171.82,7.27],[172.08,7.25],[172.11,6.9],[172.23,6.83],[172.16,6.62],[171.9,6.69],[171.7,6.83],[171.37,6.87],[171.02,6.98],[170.9,7.24]],[[159.94,6.61],[159.76,6.52],[159.66,6.76],[159.92,6.79],[159.94,6.61]],[[158.55,6.76],[158.42,6.59],[158.13,6.47],[157.73,6.63],[157.6,7.2],[157.85,7.25],[158,7.16],[158.2,7.24],[158.51,7.16],[158.59,7],[158.55,6.76]],[[157.45,6.54],[157.45,6.33],[157.58,6.22],[157.57,5.85],[157.71,5.55],[157.59,5.48],[157.42,5.64],[157.04,5.68],[156.96,5.97],[156.78,6.16],[156.82,6.32],[157.03,6.57],[157.45,6.54]],[[169.32,6.4],[169.66,6.43],[169.88,6.14],[169.9,5.99],[169.72,5.7],[169.3,5.76],[169.27,5.57],[169.05,5.55],[169.01,5.71],[169.25,6.02],[169.32,6.4]],[[171.6,5.83],[171.48,5.96],[171.57,6.13],[171.53,6.34],[171.67,6.41],[172.12,6.38],[172.25,6.3],[172.33,5.89],[172.56,5.74],[172.47,5.4],[172.61,5.11],[172.47,5.06],[172.22,5.36],[172.12,5.75],[171.99,5.89],[171.6,5.83]],[[172.37,4.97],[172.46,5.02],[172.68,4.8],[172.88,4.86],[173.02,4.68],[173.02,4.44],[173.19,4.37],[173.17,4.05],[172.98,3.97],[172.65,4.31],[172.39,4.31],[172.43,4.64],[172.37,4.97]],[[168.73,4.41],[168.56,4.59],[168.65,4.83],[168.92,4.74],[168.9,4.46],[168.73,4.41]],[[163.11,5.12],[162.89,5.07],[162.76,5.2],[162.78,5.45],[162.96,5.53],[163.2,5.45],[163.11,5.12]],[[154.25,5.45],[154.17,5.22],[153.93,5.14],[153.89,4.93],[153.64,4.95],[153.33,5.15],[153.08,5.4],[152.95,5.84],[153.01,6.04],[153.18,6.09],[153.71,5.91],[154.04,5.67],[154.25,5.45]],[[142.9,4.72],[142.99,4.49],[142.75,4.27],[142.58,4.2],[142.49,3.75],[142.35,3.43],[142.45,3.19],[142.39,2.93],[142.49,2.74],[142.43,2.58],[142.51,2.32],[142.34,1.92],[142.61,1.72],[142.62,1.41],[142.81,1.32],[142.9,1.03],[142.55,0.93],[142.27,0.58],[142.06,0.86],[142.09,1.04],[141.97,1.24],[141.82,1.03],[141.72,1.26],[141.34,1.27],[141.22,1.5],[141.3,1.73],[141.3,2.05],[141.41,2.28],[141.4,2.7],[141.26,2.86],[141.34,3.14],[140.98,3.24],[141.3,3.49],[141.1,3.56],[141.07,3.72],[141.29,4.3],[141.46,4.41],[141.43,4.63],[141.67,4.8],[141.69,5.06],[141.86,5.14],[141.89,5.3],[142.16,5.62],[141.89,5.93],[141.82,6.28],[141.54,6.15],[141.41,6.19],[141.54,6.48],[141.9,6.52],[141.97,6.63],[142.42,6.82],[142.66,6.84],[142.87,6.98],[143.05,6.98],[143.28,6.82],[143.47,6.84],[143.62,6.51],[143.72,6.69],[143.94,6.55],[144.15,6.56],[144.29,6.46],[144.63,6.49],[144.77,6.41],[145.11,6.41],[145.24,6.17],[145.53,6.18],[145.7,5.98],[145.56,5.69],[145.3,5.59],[145.13,5.69],[145.01,5.89],[144.73,5.97],[144.59,6.2],[144.38,6.1],[144.16,6.2],[143.62,6.19],[143.35,6.36],[143.25,6.3],[143.23,5.75],[143.48,5.73],[143.43,5.21],[143.37,5.12],[142.97,5.09],[143.09,4.95],[142.9,4.72]],[[148.28,4.64],[148.66,4.55],[148.59,4.36],[148.26,4.38],[148.28,4.64]],[[150,4.43],[150.21,4.51],[150.25,4.31],[150.08,4.25],[150,4.43]],[[148.01,4.34],[147.78,4.32],[147.94,4.63],[148.1,4.58],[148.01,4.34]],[[149.08,1.39],[148.99,1.66],[149.02,1.85],[148.94,2.52],[148.82,2.7],[149.02,2.84],[149.23,1.99],[149.28,1.26],[149.35,1.01],[149.12,1.04],[149.08,1.39]],[[143.09,0.77],[143.09,0.58],[143.32,0.3],[143.3,0.17],[142.97,0.12],[142.7,0.7],[143.09,0.77]],[[149.48,0.15],[149.57,0.03],[149.61,-0.45],[149.46,-0.44],[149.41,0.12],[149.48,0.15]],[[143.02,-0.14],[143.07,0.05],[143.38,0.09],[143.45,-0.08],[143.02,-0.14]],[[141.32,0.56],[141.21,0.65],[141.27,0.9],[141.43,0.82],[141.32,0.56]],[[134.69,0.9],[134.52,0.83],[134.49,0.64],[134.26,0.63],[134.17,1.11],[134.41,1.13],[134.71,1.07],[134.69,0.9]],[[134.05,1.28],[134.19,0.76],[133.97,0.76],[133.91,1.18],[134.05,1.28]],[[132.75,1.94],[132.57,1.84],[132.51,2.1],[132.67,2.16],[132.75,1.94]],[[129.61,2.15],[129.45,2.09],[129.35,2.37],[129.47,2.58],[129.39,2.79],[129.51,3.19],[129.64,3.3],[130.02,3.09],[129.97,2.89],[130.26,2.73],[129.94,2.62],[129.84,2.4],[129.61,2.15]],[[131.7,3.18],[131.68,3.51],[131.84,3.62],[132.06,3.35],[132.03,3.15],[132.15,3.04],[131.78,2.5],[131.54,2.49],[131.5,2.63],[131.7,3.18]],[[131.34,3.63],[131.4,3.44],[131.11,3.46],[131.1,3.69],[131.34,3.63]],[[132.24,3.77],[132.13,3.94],[132.19,4.33],[131.91,4.34],[131.84,4.64],[131.94,4.99],[132.19,5.02],[132.2,4.65],[132.37,4.63],[132.46,4.81],[132.71,4.68],[132.52,4.47],[132.44,3.96],[132.24,3.77]],[[131.41,4.07],[131.52,3.88],[131.37,3.79],[131.23,4],[131.41,4.07]],[[132.63,4.95],[132.55,5.45],[132.73,5.82],[133.04,6.01],[133.06,5.69],[132.82,5.53],[132.7,5.28],[132.75,5.12],[132.63,4.95]],[[132.3,5.56],[132.4,5.48],[132.33,5.22],[132.14,5.18],[132.18,5.53],[132.3,5.56]],[[132.55,5.78],[132.33,5.72],[132.36,6.12],[132.53,6.1],[132.55,5.78]],[[133.19,6.12],[133.39,6.31],[133.57,6.58],[133.89,6.82],[133.83,7.28],[133.97,7.23],[134.07,7.61],[134.25,7.72],[134.43,8.18],[134.4,8.38],[134.48,8.91],[134.42,9.33],[134.6,9.41],[134.67,9.67],[134.55,9.91],[134.72,10.19],[134.83,10.13],[134.77,9.86],[135.04,9.85],[135.27,9.65],[135.1,9.49],[134.86,9.4],[134.79,9.06],[134.76,8.64],[134.82,8.41],[135.07,8.42],[135.26,8.33],[134.86,8.01],[134.82,7.43],[134.61,7.13],[134.23,6.77],[133.95,6.38],[133.7,6.31],[133.52,6.09],[133.38,5.75],[133.19,6.12]],[[133.34,6.94],[133.28,7.07],[133.56,7.23],[133.54,6.96],[133.34,6.94]],[[137.42,9.17],[137.78,9.21],[137.88,9.62],[138.15,9.93],[138.29,10.3],[138.41,10.23],[138.33,9.4],[138.14,9.29],[138.05,8.98],[137.75,8.62],[137.65,8.25],[137.5,7.96],[136.87,7.49],[136.56,7.46],[136.54,7.77],[136.35,7.71],[136.24,7.82],[136.56,8.3],[136.93,8.37],[137.06,8.8],[137.3,8.99],[137.42,9.17]],[[139.16,9.04],[139.1,9.17],[139.3,9.53],[139.46,10.36],[139.58,10.56],[139.91,10.76],[140.17,10.69],[140.46,10.72],[140.69,10.34],[140.71,10.17],[140.88,9.95],[141.42,9.93],[141.86,9.84],[142.36,9.58],[142.78,9.26],[142.86,8.99],[143.06,8.96],[143.36,8.75],[143.57,8.69],[143.89,8.39],[143.98,7.99],[144.17,7.78],[144.57,7.64],[144.55,7.91],[144.74,8.34],[145.34,8.79],[145.62,8.76],[145.83,8.61],[146.27,8.43],[146.41,8.24],[146.69,8.26],[146.65,8.45],[146.34,8.93],[145.44,9],[145.26,9.28],[145.45,9.39],[145.59,9.16],[145.74,9.13],[145.9,9.48],[146.16,9.49],[146.65,9.13],[146.88,8.83],[147.1,8.69],[147.45,8.58],[147.54,8.93],[147.7,8.93],[147.78,9.24],[147.65,9.43],[147.64,9.64],[148.11,9.63],[148.07,9.89],[148.2,10.27],[148.45,10.3],[148.46,9.98],[148.63,9.79],[148.27,9.53],[148.52,9.14],[149.08,8.98],[149.18,8.61],[149.21,8.12],[149.42,7.99],[149.81,7.88],[149.93,7.46],[149.63,7.23],[149.57,6.86],[149.7,6.46],[150.06,6.32],[150.38,6.32],[150.58,6.05],[150,6.05],[149.98,5.68],[149.78,5.65],[149.47,5.9],[149.34,6.07],[149.33,6.4],[149.16,6.5],[149.01,6.02],[148.78,6.13],[148.87,6.46],[148.75,6.67],[148.46,6.85],[148.32,7.1],[148.13,7.06],[147.97,7.25],[147.86,7.06],[147.9,6.87],[147.59,6.94],[147.47,7.08],[146.9,6.98],[146.69,6.7],[146.46,6.63],[146.35,6.42],[146.13,6.51],[146.4,6.86],[145.98,7.02],[145.92,7.2],[145.63,7.22],[145.44,7.15],[145.28,7.51],[145.03,7.39],[145.15,7.19],[145.06,7.07],[145.32,6.69],[144.73,6.72],[144.17,6.84],[143.82,6.86],[143.74,6.97],[143.09,7.15],[142.96,7.36],[142.58,7.4],[142.52,7.86],[142.24,8.13],[141.93,8.27],[141.92,8.38],[141.51,8.59],[141.34,8.57],[140.97,8.9],[140.87,8.6],[140.73,8.59],[140.68,8.97],[140.27,9.03],[140.28,9.34],[139.9,9.32],[139.8,9.14],[139.6,9.02],[139.43,9.14],[139.16,9.04]],[[134.78,10.59],[134.68,10.6],[134.59,10.94],[134.77,11.05],[134.88,10.87],[134.78,10.59]],[[137.95,11.04],[138.07,11.28],[138.35,11.19],[138.16,11.05],[137.95,11.04]],[[138.38,11.09],[138.39,11.31],[138.59,11.66],[138.76,11.32],[138.74,11.07],[138.6,10.88],[138.39,10.77],[138.28,10.89],[138.38,11.09]],[[139.68,11.51],[139.91,11.83],[140.35,11.66],[140.38,11.45],[140.25,11.22],[139.97,11.21],[139.68,11.51]],[[156.46,11.78],[156.73,11.81],[156.86,11.49],[156.86,11.29],[157.07,11.14],[157.02,10.93],[156.86,10.87],[156.64,11.03],[156.5,11.29],[156.43,11.65],[156.46,11.78]],[[143.36,11.84],[143.22,12.03],[143.33,12.14],[143.5,11.96],[143.36,11.84]],[[161.39,12.11],[161.62,11.87],[161.83,11.81],[162.07,11.9],[162.45,11.75],[162.55,11.59],[162.46,10.98],[162.04,11.17],[161.87,11.55],[161.69,11.53],[161.45,11.62],[161.29,11.95],[161.39,12.11]],[[166.09,12.32],[166.37,12.36],[166.36,12.08],[166.13,12.07],[166.09,12.32]],[[168.77,12.38],[169,12.37],[169.08,12.03],[168.82,11.93],[168.67,12.09],[168.77,12.38]],[[165.1,12.17],[165.09,12.06],[165.32,11.87],[165.62,11.83],[165.75,11.64],[165.79,11.38],[165.5,11.33],[165.23,11.39],[165.02,11.63],[164.76,11.66],[164.56,12.09],[164.7,12.26],[165.1,12.17]],[[161.53,11.12],[161.63,11.03],[161.62,10.76],[161.36,10.74],[161.34,11.07],[161.53,11.12]],[[162.42,10.69],[162.45,10.92],[162.86,10.61],[163.14,10.15],[162.97,9.77],[162.6,10],[162.49,9.81],[162.01,9.75],[161.9,9.89],[161.99,10.07],[161.86,10.26],[162.06,10.43],[162.22,10.42],[162.48,10.19],[162.59,10.37],[162.58,10.58],[162.42,10.69]],[[165.8,10.17],[165.89,10.35],[166.17,10.23],[166.22,10.06],[166.02,9.88],[165.8,10.17]],[[160.85,10.06],[161.06,9.98],[161.35,9.77],[161.21,9.51],[160.81,9.66],[160.48,9.58],[160.25,9.76],[160.43,10.2],[160.3,10.86],[160.4,10.94],[160.67,10.81],[160.76,10.63],[160.98,10.55],[160.85,10.34],[160.85,10.06]],[[166.67,9.3],[166.74,9.5],[167.51,9.55],[167.78,9.32],[168.01,9.25],[167.95,8.81],[167.81,8.52],[167.69,8.52],[167.24,8.99],[166.99,9.07],[166.67,9.3]],[[167.27,8.35],[167.37,8.49],[167.56,8.36],[167.5,8.12],[167.27,8.35]],[[167.82,8.17],[167.9,8.34],[168.31,8.27],[168.47,7.83],[168.62,7.68],[168.86,7.73],[168.84,7.92],[169.13,7.82],[169.13,7.54],[169,7.18],[168.87,7.11],[168.47,7.13],[168.35,7.29],[168.36,7.46],[168.12,7.68],[168.03,7.92],[167.82,8.17]],[[155.45,7.26],[155.26,7.19],[155,7.5],[155.1,7.78],[155.4,7.81],[155.65,7.65],[155.63,7.34],[155.45,7.26]],[[152.87,7.18],[153.15,7.03],[153.24,6.84],[153.46,6.76],[153.34,6.53],[153.13,6.52],[152.96,6.73],[152.75,6.59],[152.48,6.64],[152.39,6.8],[152.5,7.18],[152.87,7.18]],[[151.59,6.86],[151.43,6.93],[151.34,7.47],[151.49,7.64],[151.55,7.87],[151.89,7.84],[152.06,7.74],[152.4,7.31],[152.23,7.1],[152.23,6.94],[152.03,6.87],[151.75,6.94],[151.59,6.86]],[[149.45,8.16],[149.32,8.31],[149.36,8.56],[149.56,8.78],[149.71,9.16],[150.09,9.22],[150.33,9.14],[150.37,9.01],[150.62,8.66],[150.63,8.43],[150.28,8.38],[150.14,8.25],[149.64,8.32],[149.45,8.16]],[[165.38,9.27],[165.47,9.4],[165.72,9.32],[165.98,8.97],[165.87,8.75],[165.54,8.9],[165.38,9.27]],[[166.27,8.77],[166.09,8.87],[166.06,9.11],[166.23,9.18],[166.52,8.95],[166.46,8.81],[166.27,8.77]],[[163.24,8.97],[163.41,8.8],[163.19,8.64],[163.02,8.83],[163.24,8.97]],[[161.1,8.76],[160.96,8.64],[160.92,8.34],[160.72,8.17],[160.46,8.1],[160.61,8.52],[160.83,8.69],[160.82,8.91],[161.13,8.99],[161.1,8.76]],[[161.68,8.22],[161.63,8.47],[161.84,8.52],[161.91,8.39],[161.68,8.22]],[[154.49,8.03],[154.2,7.95],[154.21,8.27],[154.43,8.29],[154.49,8.03]],[[151.87,8.2],[151.51,8.4],[151.22,8.43],[151.21,8.67],[152.26,8.97],[152.47,8.89],[152.61,8.64],[152.47,8.41],[152.26,8.39],[151.87,8.2]],[[161.98,8.9],[162,9.02],[162.27,9.08],[162.35,8.82],[161.98,8.9]],[[145.63,10.34],[145.8,10.22],[145.79,10.02],[145.6,10.02],[145.45,10.26],[145.63,10.34]],[[145.32,9.96],[145.02,9.65],[144.78,9.68],[144.65,9.97],[144.75,10.42],[145.05,10.55],[145.28,10.39],[145.21,10.22],[145.32,9.96]],[[144.96,10.83],[144.68,10.83],[144.89,11.21],[145.26,11.05],[144.96,10.83]],[[139.46,11.19],[139.24,11.26],[139.3,11.5],[139.57,11.48],[139.59,11.28],[139.46,11.19]],[[161.24,11.12],[161.09,11.04],[160.94,11.16],[161.01,11.51],[161.27,11.48],[161.15,11.3],[161.24,11.12]],[[144.46,8.43],[144.35,8.54],[144.45,8.82],[144.59,8.88],[144.72,8.54],[144.46,8.43]],[[149.34,5.76],[149.6,5.4],[149.49,5.2],[149.31,5.33],[149,5.37],[148.82,5.5],[149.04,5.74],[149.34,5.76]],[[148.52,5.6],[148.59,5.49],[148.32,5.35],[148.27,5.57],[148.52,5.6]],[[148.28,6.36],[148.05,6.6],[148.32,6.86],[148.49,6.78],[148.55,6.59],[148.28,6.36]],[[142.31,6.97],[141.96,6.79],[141.53,6.77],[141.03,6.86],[140.74,7.25],[140.49,7.28],[140.35,7.08],[139.84,7.14],[139.9,6.89],[139.71,6.84],[139.32,6.96],[139.25,7.11],[138.98,7.18],[138.88,7.59],[138.55,7.6],[138.26,7.89],[138.04,7.96],[138.26,8.36],[138.71,8.78],[139.22,8.75],[139.48,8.56],[139.69,8.53],[139.98,8.35],[140.38,8.31],[140.66,8.16],[140.95,7.9],[141.31,7.85],[141.53,7.7],[141.82,7.61],[142.03,7.61],[142.05,7.4],[142.21,7.31],[142.31,6.97]],[[140.51,8.48],[140.71,8.59],[140.81,8.4],[140.65,8.32],[140.51,8.48]],[[136.37,7.6],[136.3,7.47],[135.88,7.51],[135.84,7.62],[136.15,7.77],[136.37,7.6]],[[136.18,8.26],[135.97,8.37],[135.67,8.31],[135.35,8.42],[135.41,8.6],[135.97,8.61],[136.13,8.88],[136.44,9.02],[136.49,8.85],[136.25,8.61],[136.47,8.43],[136.18,8.26]],[[140.9,6.63],[141.25,6.61],[141.39,6.4],[140.87,6.33],[140.75,6.42],[140.9,6.63]],[[141.15,6.22],[141.32,6.03],[140.83,5.79],[140.8,5.99],[141.15,6.22]],[[140.34,5.96],[140.35,5.83],[140.11,5.58],[139.8,5.51],[139.85,5.72],[140.05,5.75],[140.34,5.96]],[[134.12,5.95],[134.17,5.84],[134.04,5.56],[133.92,5.54],[133.68,5.76],[133.74,5.89],[134.12,5.95]],[[133.56,4.96],[133.7,5.02],[133.91,4.8],[133.95,4.2],[133.69,4.25],[133.7,4.5],[133.5,4.5],[133.6,4.81],[133.56,4.96]],[[133.58,3.74],[133.79,3.58],[133.68,3.47],[133.51,3.62],[133.58,3.74]],[[132.59,3.99],[132.53,4.17],[132.7,4.32],[132.85,4.29],[132.75,4],[132.59,3.99]],[[131.23,3.16],[131.4,2.89],[131.24,2.79],[131.07,2.94],[131.23,3.16]],[[148.37,5.15],[148.51,5.02],[148.31,4.73],[148.15,4.97],[148.37,5.15]],[[168.07,5.45],[167.87,5.69],[168.05,5.88],[168.25,5.78],[168.31,5.54],[168.07,5.45]],[[160.8,6.38],[160.85,6.1],[160.59,6.13],[160.56,6.32],[160.8,6.38]],[[170.47,10.65],[170.57,10.41],[170.4,10.37],[170.29,10.51],[170.47,10.65]],[[147.72,12.8],[147.62,12.98],[147.87,13.07],[147.9,12.89],[147.72,12.8]],[[161.17,13.36],[161.04,13.5],[161.23,13.66],[161.3,13.45],[161.17,13.36]],[[163.61,13.43],[163.49,13.64],[163.57,13.97],[163.94,14.14],[164.17,14.15],[164.26,14.05],[164.14,13.73],[163.88,13.53],[163.61,13.43]],[[157.72,13.77],[157.43,13.81],[157.53,14.11],[157.77,14.1],[157.72,13.77]],[[148,14.1],[147.82,14.09],[147.84,14.36],[148.08,14.32],[148,14.1]],[[155.79,14.3],[155.98,14.48],[156.14,14.32],[156.41,14.25],[156.76,14.48],[156.96,14.41],[156.96,14.24],[156.79,14.13],[156.55,14.1],[156.35,13.95],[156.12,13.92],[155.94,13.99],[155.79,14.3]],[[168.75,14.66],[168.85,14.89],[169.04,14.9],[169.21,14.71],[169.13,14.48],[168.91,14.35],[168.69,14.48],[168.75,14.66]],[[167.62,14.18],[167.83,13.92],[167.68,13.66],[167.52,13.56],[167.23,13.62],[167.16,14.02],[167.21,14.38],[167.49,14.38],[167.62,14.18]],[[164.41,13.74],[164.64,13.67],[164.66,13.44],[164.34,13.43],[164.19,13.57],[164.41,13.74]],[[163.32,14.19],[163.29,14],[163.14,13.89],[162.95,13.92],[162.99,14.11],[163.32,14.19]],[[161.03,14.24],[160.86,14.43],[160.97,14.57],[161.21,14.5],[161.2,14.28],[161.03,14.24]],[[165.75,14.26],[165.77,14.62],[165.96,14.65],[166.08,14.52],[166.08,14.28],[165.75,14.26]],[[162.78,13.33],[162.96,13.25],[162.87,12.93],[162.74,12.91],[162.66,13.15],[162.78,13.33]],[[156.99,12.67],[156.71,12.7],[156.43,12.59],[156.55,12.95],[156.9,13.13],[157.13,12.95],[156.99,12.67]],[[155.02,15.2],[154.9,15.26],[154.86,15.68],[154.95,15.87],[155.32,16.02],[155.5,16.01],[155.61,15.85],[155.4,15.48],[155.21,15.47],[155.02,15.2]],[[152.24,15.43],[151.94,15.3],[151.84,15.42],[152,15.84],[152.29,15.79],[152.24,15.43]],[[148.66,15.46],[148.37,15.31],[148.28,15.41],[148.41,15.6],[148.66,15.46]],[[149.11,15.83],[148.81,15.7],[148.54,15.91],[148.29,15.92],[148.28,16.11],[148.45,16.19],[148.71,15.98],[149.1,15.98],[149.11,15.83]],[[151.84,16.04],[151.78,16.19],[152.05,16.24],[152.07,16.07],[151.84,16.04]],[[160.01,15.55],[159.94,15.78],[160.22,15.83],[160.47,15.71],[160.01,15.55]],[[151.97,16.63],[151.81,16.77],[151.78,17.15],[151.89,17.26],[152.31,17.23],[152.43,16.92],[152.35,16.8],[151.97,16.63]],[[150.14,16.82],[149.85,16.76],[149.74,17],[150.02,17.32],[150.18,17.16],[150.14,16.82]],[[150.33,17.29],[150.23,17.41],[150.42,17.69],[150.39,18.01],[150.79,18],[151.03,18.22],[151.27,18.11],[151.37,17.91],[151.21,17.66],[151.23,17.4],[150.66,17.5],[150.53,17.3],[150.33,17.29]],[[147.23,18.01],[146.99,18.08],[147,18.35],[147.33,18.54],[147.36,18.14],[147.23,18.01]],[[147.09,18.63],[146.9,18.82],[147.01,19.14],[147.17,19.06],[147.09,18.63]],[[152.66,19.12],[152.54,19.31],[152.72,19.4],[152.86,19.23],[152.66,19.12]],[[150.68,19.29],[150.58,19.32],[150.37,19.69],[150,19.92],[149.95,20.32],[150.14,20.76],[150.2,21.08],[150.33,21.07],[150.29,20.72],[150.39,20.19],[150.66,20.12],[150.72,19.9],[150.97,19.75],[150.94,19.59],[150.72,19.51],[150.68,19.29]],[[149.25,20],[149.23,19.87],[149.42,19.58],[149.2,19.42],[148.73,19.68],[148.46,19.73],[148.44,19.9],[148.66,19.93],[148.81,20.21],[149.02,20.3],[149.25,20]],[[148.37,20.27],[148.18,20.4],[147.72,20.38],[147.85,20.76],[148.22,20.78],[148.37,20.66],[148.46,20.3],[148.37,20.27]],[[149.52,20.37],[149.77,20.58],[149.93,20.14],[149.83,20.04],[149.41,20.13],[149.52,20.37]],[[154.9,20.81],[154.74,21.01],[154.57,21.04],[154.48,21.23],[154.81,21.37],[155.13,21.15],[155.17,20.95],[154.9,20.81]],[[153.41,21.33],[153.12,21.18],[153.08,21.45],[153.21,21.49],[153.41,21.33]],[[159.46,21.41],[159.22,21.53],[159.27,21.71],[159.56,21.7],[159.87,21.49],[160.18,21.42],[160.11,21.18],[159.82,21.17],[159.46,21.41]],[[156.58,21.57],[156.6,21.77],[156.86,21.77],[156.82,21.58],[156.58,21.57]],[[160.45,21.73],[160.8,21.85],[160.85,21.72],[160.63,21.5],[160.45,21.73]],[[159.31,21.94],[159.14,22.08],[159.19,22.22],[159.43,22.2],[159.64,21.95],[159.31,21.94]],[[148.56,22.79],[148.44,23.02],[148.62,23.14],[148.68,22.87],[148.56,22.79]],[[153.17,22.8],[153.21,23],[153.04,23.17],[152.78,23.29],[152.89,23.58],[153.19,23.56],[153.37,23.39],[153.67,23.43],[153.67,22.86],[153.37,22.69],[153.17,22.8]],[[151.79,23.54],[151.78,23.79],[152.1,23.78],[152.12,23.56],[151.79,23.54]],[[150.1,23.96],[149.87,24.12],[149.85,24.26],[150.22,24.35],[150.26,24.14],[150.1,23.96]],[[153.84,24.33],[154.07,24.47],[154.19,24.23],[153.91,24.18],[153.84,24.33]],[[159.15,23.96],[159.29,24.07],[159.61,23.78],[159.43,23.51],[159.24,23.59],[159.15,23.96]],[[157.56,23.59],[157.28,23.4],[157.18,23.44],[157.13,23.78],[157.39,23.78],[157.56,23.59]],[[157.95,23.4],[158.19,23.36],[158.07,23.05],[157.9,23.16],[157.95,23.4]],[[156.97,23.15],[156.99,22.88],[156.79,22.95],[156.97,23.15]],[[160.93,22.84],[161.08,22.57],[160.77,22.61],[160.93,22.84]],[[161.4,22.51],[161.57,22.53],[161.68,22.18],[161.46,22.1],[161.34,22.33],[161.4,22.51]],[[169.05,22.49],[169.07,22.35],[168.87,22.21],[168.73,22.36],[169.05,22.49]],[[161.96,21.83],[162.13,21.61],[161.92,21.52],[161.8,21.74],[161.96,21.83]],[[162.86,21.48],[163.06,21.42],[162.99,21.17],[162.67,21.14],[162.66,21.32],[162.86,21.48]],[[163.11,21.11],[163.13,21.32],[163.39,21.37],[163.52,21.08],[163.2,20.98],[163.11,21.11]],[[166.5,20.98],[166.39,21.13],[166.52,21.3],[166.68,21.12],[166.5,20.98]],[[173.28,20.97],[173.58,20.83],[173.47,20.65],[173.22,20.83],[173.28,20.97]],[[163.94,20.64],[164.15,20.32],[163.76,20.33],[163.64,20.48],[163.78,20.64],[163.94,20.64]],[[172.07,20.38],[172.26,20.26],[172.15,19.94],[172.13,19.54],[171.79,19.54],[171.84,20.13],[172.07,20.38]],[[175.71,20.22],[175.8,20.45],[176.24,20.37],[176.25,20.13],[175.97,20.22],[175.71,20.22]],[[173.35,19.85],[173.28,19.74],[172.87,19.83],[172.91,20.03],[173.26,20.05],[173.35,19.85]],[[175.85,19.76],[176.21,19.87],[176.33,19.71],[176.21,19.48],[175.95,19.55],[175.85,19.76]],[[176.36,19.5],[176.68,19.55],[176.83,19.42],[176.68,19.2],[176.53,19.43],[176.36,19.5]],[[173.23,19.4],[173.55,19.26],[173.48,19.06],[173.21,19.03],[172.67,19.12],[172.63,19.28],[173.23,19.4]],[[167.67,19.41],[167.58,19.21],[167.38,19.19],[167.23,19.45],[167.57,19.55],[167.67,19.41]],[[166.83,19.33],[166.78,19.12],[166.6,19.14],[166.47,19.32],[166.54,19.46],[166.83,19.33]],[[165.19,19.26],[165.07,18.91],[164.55,19.02],[164.52,19.2],[164.75,19.51],[165.06,19.51],[165.19,19.26]],[[165.07,18.65],[165.26,18.55],[165.21,18.31],[164.9,18.36],[164.9,18.53],[165.07,18.65]],[[166,18.51],[166.23,18.27],[165.91,18.23],[165.71,18.41],[166,18.51]],[[161,18.44],[161.11,18.84],[161.33,18.8],[161.24,18.54],[161,18.44]],[[162.24,19.02],[162.09,19.03],[161.88,19.35],[161.98,19.73],[162.31,19.84],[162.62,19.54],[162.34,19.25],[162.24,19.02]],[[153.56,19.42],[153.34,19.52],[153.33,19.79],[153.79,19.77],[153.69,19.49],[153.56,19.42]],[[151.67,19.51],[151.48,19.59],[151.54,19.82],[151.8,19.93],[151.88,19.78],[151.67,19.51]],[[156.48,19.93],[156.31,20.3],[156.41,20.59],[156.7,20.46],[156.77,20.17],[156.71,19.94],[156.48,19.93]],[[161.02,20.74],[161.11,20.35],[160.79,20.09],[160.53,20.3],[160.61,20.52],[161.02,20.74]],[[157.46,20.81],[157.09,20.87],[157.03,21.09],[157.38,21.12],[157.49,21.05],[157.46,20.81]],[[156.62,21.08],[156.62,20.93],[156.2,20.63],[156.11,20.79],[156.21,21.02],[156.62,21.08]],[[158.17,21.1],[158.24,21.3],[158.58,21.24],[158.67,21.08],[158.38,20.98],[158.17,21.1]],[[163,20.19],[162.9,20.37],[163.09,20.48],[163.44,20.47],[163.53,20.1],[163.25,20.07],[163,20.19]],[[166.84,19.82],[167.04,19.77],[167.13,19.62],[167.07,19.42],[166.82,19.61],[166.84,19.82]],[[157.57,19.95],[157.51,19.73],[157.29,19.81],[157.39,20.12],[157.57,19.95]],[[160,19.81],[160.25,19.9],[160.45,19.84],[160.58,19.46],[160.43,19.42],[160.02,19.54],[160,19.81]],[[157.75,19.8],[158.13,19.63],[158.08,19.43],[157.75,19.44],[157.66,19.7],[157.75,19.8]],[[155.87,20.43],[156.14,20.52],[156.11,20.31],[155.87,20.43]],[[173.48,19.92],[173.39,20.04],[173.54,20.2],[173.68,19.97],[173.48,19.92]],[[150.85,23.89],[150.52,23.75],[150.6,24.07],[150.85,23.89]],[[167.31,18.21],[167.6,18.16],[167.71,17.92],[167.55,17.88],[167.23,17.98],[167.31,18.21]],[[152.86,17.6],[152.93,17.45],[152.84,17.29],[152.53,17.33],[152.53,17.54],[152.86,17.6]],[[151.78,17.62],[151.71,17.46],[151.47,17.53],[151.5,17.74],[151.78,17.62]],[[152.26,18.03],[151.99,17.91],[151.96,18.1],[152.26,18.03]],[[150.51,16.86],[150.3,17],[150.48,17.24],[150.79,17.16],[150.98,17.03],[150.83,16.85],[150.51,16.86]],[[165.86,17.3],[166.05,17.4],[166.17,17.29],[166.04,17.08],[165.86,17.3]],[[167.19,17.07],[167.32,17.32],[167.49,17.2],[167.37,17],[167.19,17.07]],[[162.85,16.95],[162.67,16.86],[162.53,17.09],[162.7,17.28],[162.91,17.25],[162.85,16.95]],[[145.05,16.24],[145.06,15.89],[144.9,15.81],[144.89,16.21],[145.05,16.24]],[[134.78,12.44],[134.71,12.34],[134.42,12.4],[134.4,12.56],[134.69,12.59],[134.78,12.44]],[[134.51,13.22],[134.36,13.33],[134.33,13.56],[134.67,13.55],[134.75,13.4],[134.51,13.22]],[[134.44,14.51],[134.3,14.39],[134.11,14.61],[134.25,14.68],[134.44,14.51]],[[124.52,15.66],[124.09,15.73],[124.19,15.97],[124.49,15.92],[124.52,15.66]],[[124.77,15.99],[124.39,16.25],[124.18,16.22],[124.06,16.53],[124.07,16.72],[124.3,16.94],[124.61,17.11],[124.92,17.35],[125.13,17.6],[125.27,17.53],[125.44,17.03],[125.27,16.97],[125.16,16.79],[125.1,16.26],[124.77,15.99]],[[123.36,17.62],[123.2,17.62],[123.18,17.94],[123.42,17.9],[123.36,17.62]],[[136.13,19.76],[136.09,19.53],[135.91,19.59],[135.85,19.76],[136.13,19.76]],[[136.06,20.26],[136.03,20.54],[136.25,20.53],[136.34,20.35],[136.06,20.26]],[[123.02,21.87],[122.85,21.92],[122.88,22.44],[123.04,22.42],[123.02,21.87]],[[134.66,22.68],[134.58,22.83],[134.29,22.98],[134.34,23.23],[134.87,23.1],[135.07,22.83],[134.92,22.68],[134.66,22.68]],[[133.89,23.36],[133.28,23.59],[133.08,23.74],[132.81,23.75],[132.53,23.94],[132.2,24.07],[131.71,24.12],[131.57,24.05],[131.35,24.17],[131.19,24.15],[130.93,24.3],[130.87,24.81],[130.71,24.94],[130.81,25.3],[131.02,25.33],[131.45,25.23],[131.74,24.82],[132.1,24.68],[132.22,24.34],[132.43,24.22],[132.78,24.26],[132.93,24.02],[133.13,24.01],[133.29,23.82],[133.65,23.84],[133.59,23.64],[133.89,23.36]],[[133.08,25.1],[132.96,25.25],[132.6,25.44],[132.05,25.46],[131.69,25.54],[131.37,25.73],[131.15,25.74],[130.83,26.03],[130.44,26.26],[130.66,26.52],[130.92,26.57],[131.18,26.47],[131.54,26.5],[131.57,26.34],[131.83,25.97],[132.17,26.14],[132.55,25.87],[132.86,26.11],[133.05,25.58],[133.53,25.51],[133.71,25.66],[133.99,25.54],[133.74,25.31],[133.49,25.28],[133.08,25.1]],[[135.64,26.36],[135.81,26.4],[135.99,26.01],[136.27,25.7],[135.9,25.65],[135.95,25.49],[135.51,25.44],[135.17,25.71],[134.94,25.73],[134.9,25.92],[135.37,26.15],[135.63,26.19],[135.64,26.36]],[[136.07,25.44],[136.2,25.43],[136.22,25.08],[135.94,25.03],[135.63,25.11],[136.07,25.44]],[[133.59,25.76],[133.56,25.57],[133.12,25.62],[133.18,25.85],[133.59,25.76]],[[136.77,23.9],[136.89,23.94],[136.97,23.61],[136.73,23.5],[136.77,23.9]],[[134.84,26.62],[134.81,26.75],[135.52,26.98],[135.68,26.92],[135.71,26.67],[134.84,26.62]],[[139.57,26.9],[139.5,27.13],[139.32,27.16],[139.02,27.49],[139.4,27.58],[139.52,27.38],[139.8,27.27],[139.74,26.96],[139.57,26.9]],[[132.77,28.06],[132.49,27.9],[132.19,27.86],[131.89,27.96],[131.71,27.9],[131.3,28.02],[131.32,28.19],[131.77,28.27],[131.89,28.22],[132.62,28.49],[133.1,28.49],[132.98,28.27],[132.77,28.06]],[[132.36,28.44],[132.19,28.47],[132.12,28.72],[132.41,28.64],[132.36,28.44]],[[133.86,28.73],[133.54,29.22],[133.27,29.43],[133.17,29.69],[133.08,30.19],[133.37,30.12],[133.57,29.77],[133.83,29.49],[134.03,29.43],[134.09,28.99],[134.22,28.77],[134.44,28.69],[134.39,28.4],[134.15,28.38],[134.08,28.56],[133.86,28.73]],[[136.71,30.08],[136.58,30.16],[136.75,30.36],[136.9,30.1],[136.71,30.08]],[[134.61,28.36],[134.81,28.18],[134.9,27.79],[134.56,27.77],[134.57,28.03],[134.39,28.13],[134.61,28.36]],[[135.57,31.49],[135.89,31.66],[135.92,31.47],[135.57,31.49]],[[123.05,23.73],[123.09,23.56],[122.88,23.46],[122.82,23.68],[123.05,23.73]],[[141.64,-0.75],[141.68,-0.96],[141.46,-1.06],[141.48,-0.77],[141.64,-0.75]],[[143.49,-0.82],[143.61,-1.05],[143.31,-1.13],[143.16,-1.01],[143.49,-0.82]],[[140.49,-1.14],[140.64,-1.44],[140.36,-1.57],[140.14,-1.58],[140.11,-1.06],[140.49,-1.14]],[[141.17,-1.98],[141.34,-1.86],[141.61,-1.94],[141.6,-2.06],[141.28,-2.08],[141.17,-1.98]],[[152.78,-1.49],[153.64,-1.45],[153.87,-1.71],[153.83,-2.03],[153.72,-2.17],[153.31,-2.31],[153.04,-2.04],[152.98,-1.81],[152.77,-1.61],[152.78,-1.49]],[[172.8,3.5],[172.9,3.67],[173.18,3.53],[173.2,2.99],[173.15,2.86],[172.73,2.78],[172.52,3.28],[172.58,3.48],[172.8,3.5]],[[174.24,2.44],[174.52,2.24],[174.44,1.96],[174.06,2.29],[174.24,2.44]],[[173.44,2.18],[173.46,1.94],[173.2,1.85],[173.21,1.59],[173.39,1.29],[173.2,1.16],[173.23,0.91],[173.36,0.73],[173.33,0.5],[173.63,0.39],[173.84,0.65],[174.12,0.42],[174.07,0.22],[173.85,0.2],[173.69,0],[173.74,-0.27],[173.64,-0.34],[173.5,-0.01],[173.29,0.09],[173.03,0.46],[173.01,0.66],[172.77,0.82],[172.83,1.24],[172.73,1.36],[172.66,2.03],[172.82,2.19],[173.07,2.08],[173.3,2.26],[173.44,2.18]],[[174.19,-0.35],[174.57,-0.48],[174.62,-0.76],[174.8,-1],[174.94,-1.07],[175.24,-1.43],[175.2,-1.66],[174.85,-1.68],[174.7,-1.56],[174.49,-1.09],[174,-0.74],[174.09,-0.42],[174.19,-0.35]],[[175.95,-1.47],[175.76,-1.2],[175.83,-1.06],[176.14,-1.17],[176.45,-1.15],[176.64,-1.28],[176.71,-1.63],[176.6,-1.65],[176.28,-1.46],[175.95,-1.47]],[[175.66,-1.68],[175.79,-1.9],[175.66,-2.19],[175.49,-2.23],[175.36,-1.77],[175.44,-1.62],[175.66,-1.68]],[[175.98,-2.31],[176.11,-2.57],[175.91,-2.56],[175.98,-2.31]],[[176.58,-2.51],[176.67,-2.38],[176.9,-2.46],[177.03,-2.69],[176.79,-2.78],[176.58,-2.51]],[[163.54,-3.19],[163.48,-3.44],[163.25,-3.5],[163.15,-3.28],[163.21,-3],[163.44,-2.92],[163.54,-3.19]],[[169.62,-0.71],[169.68,-0.92],[169.51,-0.96],[169.43,-0.8],[169.62,-0.71]],[[167.09,-0.72],[166.87,-0.77],[166.79,-0.51],[166.91,-0.36],[167.12,-0.44],[167.09,-0.72]],[[175.58,-3.84],[175.77,-3.82],[175.93,-3.92],[175.79,-4.14],[175.56,-3.98],[175.58,-3.84]],[[166.78,-4.65],[166.84,-4.93],[166.66,-4.92],[166.63,-4.72],[166.78,-4.65]],[[169.15,-5.35],[169.05,-5.25],[169.19,-5.06],[169.45,-5.16],[169.15,-5.35]],[[179.47,-5.42],[179.6,-5.42],[179.66,-5.7],[179.43,-5.6],[179.47,-5.42]],[[176.08,-5.47],[176.3,-5.61],[176.5,-6.07],[176.49,-6.32],[176.37,-6.44],[176.19,-6.35],[176.21,-5.94],[175.96,-5.7],[176.08,-5.47]],[[177.41,-5.95],[177.55,-6.19],[177.36,-6.36],[177.22,-6.14],[177.41,-5.95]],[[167.83,-7.06],[167.77,-6.91],[167.98,-6.81],[168.05,-7.05],[167.83,-7.06]],[[177.11,-7.04],[177.28,-7.1],[177.41,-7.54],[177.19,-7.63],[177.01,-7.2],[177.11,-7.04]],[[178.49,-7.65],[178.41,-7.56],[178.49,-7.27],[178.6,-7.2],[178.87,-7.39],[179.31,-7.36],[179.27,-7.59],[178.92,-7.54],[178.8,-7.63],[178.49,-7.65]],[[165.94,-7.57],[166.22,-8.04],[165.82,-7.99],[165.63,-7.88],[165.26,-7.9],[165.33,-7.7],[165.65,-7.75],[165.77,-7.58],[165.94,-7.57]],[[178.37,-7.77],[178.56,-7.85],[178.53,-8.13],[178.34,-8.22],[178.15,-8.07],[178.16,-7.93],[178.37,-7.77]],[[178.94,-8.4],[179.09,-8.27],[179.34,-8.35],[179.37,-8.57],[179.08,-8.77],[178.93,-8.64],[178.94,-8.4]],[[166.55,-8.77],[166.49,-8.85],[166.11,-8.72],[166.12,-8.53],[166.37,-8.61],[166.55,-8.77]],[[165.95,-8.61],[165.98,-8.72],[165.68,-8.87],[165.53,-8.83],[165.27,-8.93],[165.22,-8.83],[165.48,-8.59],[165.95,-8.61]],[[168.52,-8.63],[168.4,-8.37],[168.55,-8.28],[168.7,-8.52],[168.52,-8.63]],[[163.21,-7.28],[163.34,-7.07],[163.63,-7.22],[163.59,-7.43],[163.21,-7.28]],[[163.89,-9.44],[164.03,-9.3],[164.18,-9.5],[164.2,-9.74],[163.97,-9.74],[163.89,-9.44]],[[164.2,-9.85],[164.21,-10.34],[164.53,-10.39],[164.62,-10.52],[164.24,-10.77],[163.71,-10.9],[163.54,-10.72],[163.23,-10.51],[163.51,-10.25],[163.41,-10.06],[163.8,-10.08],[163.91,-10.17],[164.2,-9.85]],[[159.86,-10.48],[160.2,-10.95],[160.18,-11.22],[160.41,-11.42],[160.87,-11.61],[161.21,-12.07],[160.94,-12.17],[160.94,-12.48],[160.87,-12.72],[161.21,-13.23],[161.16,-13.35],[160.49,-13.12],[160.37,-13.24],[160.28,-13.53],[160.6,-13.72],[160.36,-14.12],[159.99,-14.47],[159.99,-14.8],[159.78,-15.33],[159.46,-15.66],[159.29,-15.91],[159.38,-16.04],[159.31,-16.32],[159.05,-16.45],[158.91,-16.82],[158.74,-16.63],[158.85,-16.29],[158.98,-16.1],[159.1,-15.67],[159.39,-15.41],[159.47,-15.17],[159.34,-15],[159.31,-14.71],[159.38,-14.39],[159.62,-13.94],[159.65,-13.43],[160.25,-12.89],[159.91,-12.68],[159.89,-12.36],[159.74,-12.3],[159.51,-11.67],[159.11,-11.12],[159.23,-10.94],[158.83,-10.64],[158.82,-10.81],[158.54,-10.86],[158.3,-11.02],[158.17,-11.01],[158.14,-11.41],[158.45,-11.4],[158.48,-11.78],[158.66,-12],[158.93,-12.03],[158.94,-12.21],[159.21,-12.26],[159.29,-12.39],[159.2,-12.6],[159.43,-12.67],[159.43,-12.98],[159.53,-13.27],[159.31,-13.66],[159.01,-13.85],[159.18,-14],[159.05,-14.26],[159.07,-14.69],[158.9,-15.2],[158.62,-15.34],[158.15,-15.29],[158.06,-15.19],[157.55,-14.98],[157.73,-14.61],[157.97,-14.45],[158.11,-14.21],[158.64,-13.94],[158.7,-13.56],[158.85,-13.47],[158.9,-13.26],[158.66,-13.16],[158.81,-13.01],[158.69,-12.72],[158.5,-12.73],[158.32,-12.62],[158.17,-12.7],[158.31,-13],[157.98,-13.28],[157.63,-13.22],[157.59,-13.45],[157.31,-13.59],[157.25,-13.75],[156.98,-13.96],[156.82,-13.97],[156.46,-14.23],[156.33,-14.48],[156.05,-14.47],[156.19,-15.3],[155.99,-15.45],[155.95,-15.67],[155.7,-15.73],[155.52,-15.68],[155.86,-15.16],[155.5,-15.14],[155.31,-14.93],[155.38,-14.38],[155.31,-14.22],[155.37,-14.02],[155.27,-13.86],[155.23,-13.56],[154.79,-13.36],[154.8,-12.95],[154.97,-12.62],[154.98,-12.38],[155.15,-12.12],[155.71,-11.83],[156.1,-11.5],[156.24,-11.28],[156.62,-11.05],[156.88,-10.78],[157.01,-10.49],[157.3,-10.21],[158.22,-10.13],[158.33,-10.08],[158.83,-10.1],[158.96,-9.99],[159.11,-10.19],[159.38,-10.31],[159.54,-10.27],[159.86,-10.48]],[[164.86,-12.87],[165.43,-12.89],[165.59,-13.05],[165.77,-13.08],[165.89,-13.25],[165.98,-13.56],[166.1,-14.21],[166.25,-14.5],[166.19,-14.72],[165.79,-14.72],[165.64,-14.59],[165.54,-14.81],[165.25,-14.69],[164.81,-14.28],[164.45,-14.02],[164.09,-13.94],[163.49,-13.97],[163.34,-13.9],[163.32,-13.64],[163.57,-13.46],[163.94,-13.39],[164.15,-13.18],[164.21,-13],[164.7,-12.97],[164.86,-12.87]],[[160.58,-14.88],[160.64,-15.25],[160.27,-15.1],[160.15,-15.34],[160.17,-15.7],[160.02,-15.84],[159.74,-15.78],[160.12,-14.97],[160.29,-14.76],[160.58,-14.88]],[[165.07,-15.3],[165.05,-15.45],[164.78,-15.51],[164.76,-15.33],[165.07,-15.3]],[[165.47,-15.47],[165.54,-15.66],[165.19,-15.78],[165.1,-15.48],[165.47,-15.47]],[[165.93,-15.78],[166.03,-15.73],[166.37,-15.8],[166.43,-15.94],[166.12,-16.08],[165.99,-16.03],[165.93,-15.78]],[[164.5,-15.53],[164.21,-15.51],[164.16,-15.36],[164.48,-15.35],[164.5,-15.53]],[[160.6,-14.76],[160.34,-14.37],[160.52,-14.19],[160.68,-14.21],[160.96,-13.87],[161.26,-14.04],[161.52,-13.68],[161.82,-13.92],[161.22,-14.43],[161.04,-14.7],[160.6,-14.76]],[[162.06,-13.67],[161.83,-13.49],[161.59,-13.54],[161.57,-13.34],[161.93,-13.15],[162.24,-13.3],[162.66,-13.7],[162.63,-13.87],[162.13,-14.03],[162.01,-13.97],[162.06,-13.67]],[[159.49,-16.33],[159.68,-16.44],[159.57,-16.69],[159.26,-16.76],[159.29,-16.49],[159.49,-16.33]],[[163.16,-17.07],[163.2,-16.92],[163.47,-16.98],[163.46,-17.11],[163.22,-17.21],[163.16,-17.07]],[[157.13,-14.64],[156.97,-14.82],[156.7,-14.82],[156.58,-14.61],[156.98,-14.54],[157.13,-14.64]],[[146.27,-13.01],[145.98,-13.22],[145.66,-13.21],[145.44,-12.89],[145.5,-12.75],[145.83,-12.65],[146.11,-12.71],[146.27,-13.01]],[[155.02,-9.76],[154.97,-9.5],[155.18,-9.52],[155.19,-9.71],[155.02,-9.76]],[[154.15,-16.38],[154.1,-16.17],[154.46,-16.14],[154.46,-16.27],[154.15,-16.38]],[[163.78,-17.28],[164.19,-17.49],[164.13,-17.93],[163.93,-18.04],[163.83,-17.68],[163.6,-17.6],[163.54,-17.3],[163.78,-17.28]],[[160.65,-17.72],[160.82,-17.6],[161.26,-17.6],[161.5,-17.79],[161.76,-18.36],[162.27,-18.1],[162.41,-18.14],[162.7,-18.98],[162.5,-19.15],[162.23,-19.12],[161.89,-18.81],[161.53,-18.69],[161.34,-18.79],[161.08,-18.72],[160.78,-18.77],[160.75,-18.46],[160.98,-18.43],[160.89,-18.17],[160.7,-18.14],[160.47,-17.89],[160.65,-17.72]],[[160.54,-18.45],[160.33,-18.46],[160.34,-18.11],[160.49,-18.07],[160.61,-18.34],[160.54,-18.45]],[[165.5,-24.18],[165.58,-23.92],[165.81,-24.03],[165.78,-24.18],[165.5,-24.18]],[[165.34,-29.08],[165.18,-28.65],[165.24,-28.42],[165.61,-28.41],[165.69,-28.92],[165.34,-29.08]],[[165.14,-30.82],[164.93,-30.45],[165.14,-30.29],[165.35,-30.6],[165.14,-30.82]],[[164.31,-32.21],[164.42,-32.5],[164.14,-32.5],[164.31,-32.21]],[[170.9,-24.47],[170.62,-24.47],[170.62,-24.26],[170.9,-24.2],[170.9,-24.47]],[[171.86,-25.97],[171.88,-25.67],[172.1,-25.7],[171.98,-25.96],[171.86,-25.97]],[[173.49,-26.84],[173.68,-26.82],[173.85,-26.97],[173.59,-27.07],[173.49,-26.84]],[[170.15,-27.08],[170.15,-27.29],[169.9,-27.31],[169.86,-27.02],[170.15,-27.08]],[[168.36,-27.74],[168.45,-28.03],[168.29,-28.13],[168.16,-27.92],[168.36,-27.74]],[[175.64,-27.98],[175.65,-28.23],[174.68,-28.51],[174.6,-28.36],[174.94,-28.3],[175.42,-28.03],[175.64,-27.98]],[[173.93,-28.19],[173.73,-28.3],[173.59,-28.09],[173.62,-27.94],[173.86,-27.9],[173.93,-28.19]],[[178.82,-29.41],[178.88,-29.54],[178.19,-29.81],[178.08,-29.59],[178.82,-29.41]],[[174.19,-30.99],[174.07,-30.7],[174.27,-30.66],[174.36,-30.89],[174.19,-30.99]],[[174.65,-31.14],[175.29,-31.21],[175.32,-31.34],[174.91,-31.32],[174.44,-31.36],[174.45,-31.17],[174.65,-31.14]],[[174.12,-31.32],[174.2,-31.49],[173.94,-31.55],[173.93,-31.34],[174.12,-31.32]],[[168.14,-9.72],[168.31,-9.84],[168.14,-10.02],[167.94,-9.86],[168.14,-9.72]],[[169.39,-11.98],[169.66,-12.07],[169.65,-12.36],[169.36,-12.28],[169.21,-12.07],[169.39,-11.98]],[[169.37,-12.35],[169.57,-12.45],[169.53,-12.59],[169.32,-12.6],[169.37,-12.35]],[[170.64,-12.93],[171.06,-12.85],[171.01,-13],[170.77,-13.02],[170.64,-12.93]],[[169.15,-13.3],[169.23,-13.45],[168.91,-13.54],[168.88,-13.31],[169.15,-13.3]],[[169.47,-13.55],[169.6,-13.68],[169.52,-13.85],[169.31,-13.83],[169.26,-13.56],[169.47,-13.55]],[[169.37,-13.86],[169.48,-14.06],[169.3,-14.14],[169.13,-13.99],[168.87,-13.96],[168.88,-13.82],[169.37,-13.86]],[[178.1,-12.83],[178.01,-12.5],[178.28,-12.6],[178.3,-12.81],[178.49,-13.08],[178.43,-13.2],[178.1,-12.83]]]},"properties":{"scalerank":0,"featurecla":"Bathymetry","depth":3000}},
{"type":"Feature","geometry":{"type":"Polygon","coordinates":[[[128.52,-64.2],[129.07,-64.15],[129.63,-64.23],[129.98,-64.03],[130.77,-64.2],[131.02,-63.94],[132.34,-63.98],[132.7,-64.08],[133.53,-63.97],[133.8,-64.11],[134.54,-64.1],[134.87,-64.24],[135.41,-64.2],[135.68,-64.41],[136.03,-64.17],[137.1,-64.07],[137.18,-64.43],[137.83,-64.39],[138.11,-64.67],[138.74,-64.48],[139.25,-64.7],[140.07,-64.58],[140.38,-64.9],[140.9,-64.59],[141.07,-64.9],[141.62,-64.73],[142.04,-64.88],[142.58,-64.94],[143.28,-64.83],[143.4,-65.02],[144.11,-64.97],[144.6,-65.26],[145.25,-65.1],[145.31,-65.27],[145.92,-65.3],[146.11,-65.11],[146.58,-65.15],[147.65,-65.36],[148.09,-65.1],[148.53,-65.33],[149.06,-65.23],[149.35,-65.38],[149.83,-65.39],[150.33,-65.25],[150.44,-65.08],[151.05,-65.14],[151.29,-65.04],[151.92,-65.14],[152.3,-65.08],[152.62,-65.51],[153.19,-65.61],[153.53,-65.37],[153.82,-65.52],[154.51,-65.58],[155.04,-65.74],[155.21,-65.5],[155.62,-65.5],[155.95,-65.68],[156.59,-65.6],[157.09,-65.66],[157.25,-65.98],[157.93,-65.78],[158.14,-65.44],[158.03,-65.22],[157.57,-64.96],[157.13,-64.83],[157.12,-64.6],[156.7,-64.45],[156.3,-63.85],[156.63,-63.87],[157.04,-64.33],[157.61,-64.48],[157.64,-64.71],[157.96,-64.78],[158.5,-65.17],[158.72,-65.44],[159.32,-65.3],[158.89,-65.05],[158.57,-64.73],[158.28,-64.61],[157.97,-64.23],[157,-63.73],[156.83,-63.48],[156.54,-63.4],[156.02,-62.71],[155.66,-62.47],[155.38,-62.12],[154.97,-61.86],[154.85,-61.64],[154.47,-61.48],[154.39,-61.77],[153.79,-61.66],[153.26,-61.7],[153.2,-61.94],[152.83,-61.86],[152.76,-62.19],[152.32,-62.17],[151.97,-61.85],[151.78,-61.54],[151.48,-61.28],[151.15,-60.7],[150.89,-60.87],[150.59,-60.81],[150.3,-60.35],[150.02,-60.15],[149.69,-59.72],[149.58,-59.36],[149.26,-59.13],[148.46,-59.15],[148.25,-58.84],[148.58,-58.75],[148.37,-58.54],[148.23,-58.16],[147.97,-58.17],[148.02,-58.7],[147.67,-58.48],[147.14,-57.53],[146.92,-57.25],[146.93,-56.81],[146.72,-56.4],[146.43,-56.56],[146.65,-56.71],[146.58,-56.87],[146.16,-56.86],[146.47,-57.19],[145.92,-57.36],[145.38,-57.31],[145.37,-57.12],[144.8,-57.3],[144.58,-56.92],[144.67,-56.59],[144.53,-56.51],[144.27,-55.89],[144.33,-55.67],[144.14,-55.39],[144.04,-54.79],[143.78,-54.84],[143.64,-55.17],[143.4,-55.42],[143.06,-55.59],[142.86,-55.22],[141.99,-55.03],[141.63,-54.67],[141.28,-54.62],[140.98,-54.73],[140.86,-54.43],[140.87,-54.07],[140.66,-53.66],[141.06,-53.65],[141.18,-53.43],[141.07,-53.25],[141.18,-52.95],[141.71,-53.52],[142.06,-53.5],[142.27,-53.21],[142.7,-53.2],[143.16,-53.09],[143.21,-52.78],[144.08,-52.74],[144.12,-53.31],[144.23,-53.55],[144.21,-53.94],[144.46,-53.88],[144.38,-53.54],[144.98,-53.47],[145.21,-53.33],[145.71,-53.46],[145.82,-53.21],[146.11,-53.02],[146.33,-53.5],[146.5,-54.48],[147.06,-54.77],[147.14,-55.3],[147.26,-55.56],[147.51,-55.6],[147.95,-55.5],[148.2,-55.94],[148.25,-56.28],[148.47,-56.66],[148.77,-57.54],[149.16,-58.08],[149.45,-58.66],[149.79,-58.68],[149.9,-58.9],[150.63,-58.42],[150.76,-58.66],[151.23,-58.78],[151.81,-58.57],[151.89,-58.32],[151.68,-58.03],[152.3,-57.95],[152.57,-58.58],[153.07,-59.23],[153.53,-59.9],[153.74,-60.07],[153.93,-60.46],[154.08,-60.53],[154.63,-61.1],[155.32,-61.4],[155.25,-61],[155.4,-60.43],[156.08,-60.53],[156.58,-60.5],[156.97,-60.37],[157.2,-59.95],[157.01,-59.62],[156.96,-59.3],[157.12,-58.87],[157.68,-58.86],[158.16,-59.21],[158.33,-59.23],[159.08,-59.84],[159.47,-59.91],[159.83,-60.32],[159.86,-60.48],[159.51,-60.55],[159.66,-60.92],[160.21,-61],[160.08,-60.64],[160.8,-60.38],[161.48,-60.36],[161.59,-60.7],[161.81,-60.84],[162.47,-60.91],[162.71,-60.71],[163.52,-60.93],[163.92,-60.93],[164.87,-61.22],[165.82,-61.42],[166.35,-61.45],[166.69,-61.61],[167.3,-61.74],[168.12,-61.82],[168.5,-61.73],[169.06,-61.99],[170.16,-62.3],[170.28,-62.4],[171.07,-62.5],[171.74,-62.74],[172.27,-62.78],[172.7,-62.93],[173.33,-63.35],[173.74,-63.5],[174.17,-63.92],[174.41,-63.95],[174.98,-64.3],[175.43,-64.33],[175.69,-64.22],[175.26,-63.96],[175.15,-63.55],[174.77,-63.5],[173.81,-63.14],[172.54,-62.81],[172.61,-62.59],[173.44,-62.83],[174.05,-62.83],[174.84,-63.26],[175.5,-63.35],[176.27,-63.56],[176.71,-63.84],[176.9,-63.66],[176.78,-63.41],[177.66,-63.57],[177.89,-64.03],[178.44,-63.98],[178.7,-64.1],[179.33,-64.11],[179.52,-63.77],[180,-63.98],[180,-63.49],[180,-63],[180,-62.51],[180,-62.01],[180,-61.52],[180,-61.03],[180,-60.54],[180,-60.04],[180,-59.55],[180,-59.06],[180,-58.57],[180,-58.07],[180,-57.58],[180,-57.09],[180,-56.6],[180,-56.11],[180,-55.61],[180,-55.12],[180,-54.63],[180,-54.14],[180,-53.64],[180,-53.15],[180,-52.66],[180,-52.17],[180,-51.67],[180,-51.18],[180,-50.69],[180,-50.2],[180,-49.7],[179.91,-49.86],[179.58,-50],[179.37,-49.84],[179.01,-49.95],[177.98,-50.11],[177.53,-50.3],[177.41,-50.46],[176.72,-50.57],[176.54,-50.48],[176.17,-50.61],[175.94,-51.22],[175.5,-51.67],[175.22,-51.82],[175.1,-52.01],[174.67,-52.19],[174.55,-52.54],[174.36,-52.78],[174.36,-53.06],[173.9,-53.49],[173.18,-53.71],[172.41,-54.02],[171.31,-54.38],[170.09,-54.95],[169.63,-55.12],[168.98,-55.17],[168.72,-55.41],[167.95,-55.48],[167.65,-55.68],[165.7,-55.73],[165.4,-55.81],[165.29,-55.59],[164.98,-55.49],[165.01,-55.34],[165.39,-55.21],[165.14,-54.97],[164.71,-54.92],[164.16,-55.06],[164.04,-54.75],[164.29,-54.48],[164.3,-54.19],[164.52,-53.72],[164.47,-53.47],[164.74,-53.37],[164.7,-52.96],[164.87,-52.41],[165.05,-52.24],[165.13,-51.75],[165.31,-51.55],[165.14,-51.34],[165.43,-51.05],[165.53,-50.59],[165.2,-50.55],[165.26,-50.21],[165.78,-50.07],[165.73,-49.76],[165.27,-49.76],[165.22,-49.6],[165.41,-49.27],[165.84,-49.25],[165.83,-49],[165.6,-49.01],[165.57,-48.79],[165.02,-49.06],[164.59,-49.59],[164.39,-49.72],[164.51,-50.12],[164.47,-50.35],[164.23,-50.38],[164.24,-50.6],[163.82,-50.88],[163.08,-51.1],[162.83,-51.1],[162.63,-51.35],[162.34,-51.44],[162.43,-50.98],[161.95,-51.29],[161.59,-51.6],[161.28,-52],[160.92,-52.25],[160.82,-52.49],[160.37,-52.78],[160.22,-53.02],[159.76,-53.31],[159.65,-53.23],[159.76,-52.93],[159.94,-52.79],[160.07,-52.49],[160.92,-51.93],[160.87,-51.7],[161.25,-51.49],[161.41,-51.24],[161.76,-50.93],[162.43,-50.51],[162.72,-50.4],[162.86,-50.21],[163.23,-49.92],[163.77,-49.69],[164.07,-49.2],[164.52,-48.69],[164.72,-48.56],[164.83,-48.23],[164.73,-47.74],[165.04,-47.27],[165.23,-46.6],[165.51,-46.42],[165.73,-46.04],[165.74,-45.78],[165.98,-45.72],[166.4,-45.5],[166.58,-45.27],[166.82,-44.71],[167.09,-44.47],[167.35,-44.5],[167.57,-44.16],[167.34,-44.05],[167.17,-43.67],[167.35,-43.53],[167.21,-43.33],[167.21,-42.86],[167.04,-42.6],[167,-42.37],[167.11,-42],[166.8,-41.77],[166.39,-41.14],[166.4,-40.94],[166.56,-40.75],[166.51,-40.32],[166.61,-40.2],[166.59,-39.7],[166.4,-39.56],[166.51,-39.2],[166.15,-38.89],[165.79,-38.76],[165.71,-39.49],[165.55,-39.97],[165.15,-40.34],[164.72,-40.19],[164.42,-39.75],[164.23,-39.72],[164.11,-39.43],[164.32,-39.1],[164.15,-38.85],[164.18,-38.64],[163.97,-38.33],[163.78,-38.26],[163.42,-37.6],[162.84,-37.29],[162.58,-37.3],[162.45,-37.08],[162.12,-37.04],[161.79,-36.44],[161.65,-36.34],[161.68,-36.11],[161.55,-35.97],[161.66,-35.54],[161.2,-35.79],[161.09,-35.52],[160.74,-35.18],[160.68,-35.33],[160.38,-35.38],[160.2,-35.25],[160.02,-34.43],[159.85,-34.28],[159.8,-33.93],[159.53,-33.45],[159.57,-33.09],[159.5,-32.9],[159.62,-32.72],[159.59,-32.36],[159.31,-32.02],[158.87,-31.81],[158.77,-31.58],[158.98,-31.26],[159.02,-30.94],[158.78,-30.43],[158.91,-30.17],[158.82,-29.92],[158.64,-30.05],[158.64,-30.2],[158.3,-30.5],[157.89,-30.65],[157.74,-30.83],[157.82,-31.23],[157.79,-31.42],[157.92,-31.63],[157.94,-31.94],[157.83,-32.21],[158.04,-32.42],[158.16,-33.21],[157.94,-33.37],[157.65,-33.17],[157.69,-32.87],[157.51,-32.33],[157.26,-32.31],[157.37,-32.01],[157.27,-31.81],[157.36,-31.69],[157.36,-31.38],[157.58,-31.2],[157.53,-30.62],[157.25,-30.37],[157.39,-29.92],[157.25,-29.78],[157.64,-29.4],[157.89,-29.23],[157.76,-29],[158.27,-28.74],[158.58,-28.78],[158.9,-28.46],[159.12,-28.37],[159.42,-28.41],[159.43,-28.58],[159.97,-28.68],[159.94,-28.22],[160.09,-27.79],[159.88,-27.51],[159.72,-27.08],[159.45,-27.17],[159.19,-27.03],[159.16,-26.64],[159.37,-26.32],[158.95,-26.28],[158.86,-26.1],[158.98,-25.91],[158.81,-25.7],[158.44,-25.93],[158.38,-26.16],[158.06,-26.19],[157.77,-25.91],[157.49,-25.3],[157.56,-25.03],[157.4,-24.89],[157.2,-24.98],[156.76,-24.94],[156.54,-25],[156.22,-24.62],[156.08,-24.2],[155.44,-23.87],[155.4,-23.74],[155.16,-23.61],[155.04,-23.4],[155.11,-23.1],[155.32,-22.7],[155.33,-22.41],[155.04,-22.27],[155.12,-21.99],[155.54,-21.98],[155.8,-22.04],[155.76,-21.53],[155.54,-21.64],[155.51,-20.79],[155.83,-20.4],[156.07,-20.22],[155.92,-19.98],[155.9,-19.51],[155.74,-19.49],[155.61,-18.94],[155.3,-18.89],[155.28,-19.18],[154.97,-19.25],[154.7,-19.19],[154.68,-19.36],[154.93,-19.62],[154.88,-19.86],[154.76,-19.91],[154.68,-20.17],[154.46,-20.28],[154.74,-20.59],[154.73,-20.87],[154.63,-21.05],[154.76,-21.34],[154.74,-21.82],[154.68,-22.02],[154.98,-22.83],[154.99,-23.13],[154.87,-23.64],[154.73,-23.83],[153.73,-24.35],[153.9,-24.99],[154.06,-25.08],[154.2,-25.44],[154.15,-25.61],[154.19,-26.28],[154.06,-26.47],[154.03,-26.78],[154.19,-27.32],[154.48,-27.51],[154.72,-27.95],[154.73,-28.2],[154.51,-28.22],[154.47,-28.43],[154.3,-28.54],[154.37,-28.7],[154.18,-28.8],[154.34,-29.19],[154.25,-29.66],[153.8,-30.23],[153.56,-30.61],[153.56,-31.18],[153.47,-31.46],[153.52,-31.86],[153.28,-32.4],[153.29,-32.58],[153.12,-32.89],[152.9,-33.03],[152.84,-33.22],[152.56,-33.39],[152.26,-33.94],[152.19,-34.14],[151.99,-34.25],[151.55,-34.84],[151.33,-35.45],[151.12,-35.47],[151.13,-35.69],[150.98,-35.95],[150.83,-36.03],[150.78,-36.33],[150.54,-36.53],[150.54,-37.43],[150.62,-37.71],[150.36,-38.02],[150.13,-38.53],[149.92,-38.59],[149.62,-39.14],[149.47,-39.17],[149.41,-39.5],[149.28,-39.62],[149.4,-39.95],[149.4,-40.26],[149.07,-41.05],[149.18,-41.5],[149.34,-41.63],[149.23,-41.91],[149.17,-42.61],[149.29,-42.78],[148.74,-43.03],[148.32,-43.8],[148.16,-44.23],[147.98,-44.35],[147.85,-44.83],[147.3,-44.91],[146.9,-44.84],[146.52,-44.95],[146.29,-44.84],[146.33,-44.69],[145.59,-44.54],[145.53,-44.34],[145.06,-44],[144.91,-43.64],[144.75,-43.51],[144.62,-43.11],[144.21,-42.64],[144.25,-42.23],[143.9,-41.7],[142.97,-40.97],[142.73,-40.44],[142.27,-40.16],[142.13,-39.8],[141.68,-39.69],[141.65,-39.51],[140.92,-39.04],[140.71,-39.07],[140.3,-38.78],[139.96,-38.67],[139.44,-38.33],[139.28,-38.35],[138.88,-38.23],[138.67,-38.07],[138.37,-37.62],[137.64,-37.32],[136.84,-36.89],[136.35,-36.67],[136.09,-36.63],[135.84,-36.41],[135.55,-36.33],[135.43,-36.07],[134.62,-35.88],[134.12,-35.9],[133.77,-36],[133.33,-35.88],[132.74,-35.85],[131.9,-35.69],[131.67,-37.65],[131.44,-39.62],[131.2,-41.59],[130.97,-43.55],[130.74,-45.52],[130.5,-47.49],[130.27,-49.45],[130.04,-51.42],[129.8,-53.39],[129.57,-55.35],[129.34,-57.32],[129.1,-59.28],[128.87,-61.25],[128.64,-63.22],[128.52,-64.2]],[[158.96,-55.09],[158.83,-55.43],[158.51,-55.63],[158.34,-56.07],[158.03,-56.14],[158.07,-55.74],[158.23,-55.26],[158.71,-54.19],[158.82,-53.79],[159.07,-53.51],[159.4,-53.43],[159.15,-54.68],[158.96,-55.09]]]},"properties":{"scalerank":0,"featurecla":"Bathymetry","depth":3000}},
{"type":"Feature","geometry":{"type":"Polygon","coordinates":[[[8.61,85.18],[8.61,85.29],[7.8,85.39],[7.69,85.23],[8.61,85.18]]]},"properties":{"scalerank":0,"featurecla":"Bathymetry","depth":3000}},
{"type":"Feature","geometry":{"type":"Polygon","coordinates":[[[9.15,84.55],[9.19,84.67],[9.05,84.67],[9.15,84.55]]]},"properties":{"scalerank":0,"featurecla":"Bathymetry","depth":3000}},
{"type":"Feature","geometry":{"type":"Polygon","coordinates":[[[11.13,84.56],[11.14,84.67],[10.92,84.67],[10.91,84.59],[11.13,84.56]]]},"properties":{"scalerank":0,"featurecla":"Bathymetry","depth":3000}},
{"type":"Feature","geometry":{"type":"Polygon","coordinates":[[[9.58,85.34],[9.44,85.5],[9,85.44],[9.03,85.35],[9.58,85.34]]]},"properties":{"scalerank":0,"featurecla":"Bathymetry","depth":3000}},
{"type":"Feature","geometry":{"type":"Polygon","coordinates":[[[26.58,86.28],[26.63,86.42],[24.88,86.39],[24.81,86.26],[26.58,86.28]]]},"properties":{"scalerank":0,"featurecla":"Bathymetry","depth":3000}},
{"type":"Feature","geometry":{"type":"Polygon","coordinates":[[[5.85,83.88],[5.92,83.94],[5.68,83.95],[5.74,83.89],[5.85,83.88]]]},"properties":{"scalerank":0,"featurecla":"Bathymetry","depth":3000}},
{"type":"Feature","geometry":{"type":"Polygon","coordinates":[[[5.91,83.7],[5.91,83.8],[5.69,83.76],[5.69,83.65],[5.91,83.7]]]},"properties":{"scalerank":0,"featurecla":"Bathymetry","depth":3000}},
{"type":"Feature","geometry":{"type":"Polygon","coordinates":[[[6.01,84.79],[4.28,84.64],[5.95,84.53],[6.01,84.79]]]},"properties":{"scalerank":0,"featurecla":"Bathymetry","depth":3000}},
{"type":"Feature","geometry":{"type":"Polygon","coordinates":[[[7.51,85.1],[7.51,85.22],[6.45,85.22],[6.24,85.09],[7.51,85.1]]]},"properties":{"scalerank":0,"featurecla":"Bathymetry","depth":3000}},
{"type":"Feature","geometry":{"type":"Polygon","coordinates":[[[7.61,83.7],[7.63,83.83],[7.46,83.83],[7.48,83.72],[7.61,83.7]]]},"properties":{"scalerank":0,"featurecla":"Bathymetry","depth":3000}},
{"type":"Feature","geometry":{"type":"Polygon","coordinates":[[[15.02,85.16],[13.2,85.2],[13.14,84.92],[14.24,84.94],[15.02,85.16]]]},"properties":{"scalerank":0,"featurecla":"Bathymetry","depth":3000}},
{"type":"Feature","geometry":{"type":"Polygon","coordinates":[[[19.6,86],[17.4,86.16],[14.53,86.1],[16.6,85.8],[19.6,86]]]},"properties":{"scalerank":0,"featurecla":"Bathymetry","depth":3000}},
{"type":"Feature","geometry":{"type":"Polygon","coordinates":[[[18.97,85.51],[18.24,85.48],[18.44,85.32],[19.08,85.31],[18.97,85.51]]]},"properties":{"scalerank":0,"featurecla":"Bathymetry","depth":3000}},
{"type":"Feature","geometry":{"type":"Polygon","coordinates":[[[24.72,85.73],[22.66,85.64],[19.89,85.76],[19.51,85.52],[20.75,85.35],[24.6,85.42],[24.72,85.73]]]},"properties":{"scalerank":0,"featurecla":"Bathymetry","depth":3000}},
{"type":"Feature","geometry":{"type":"Polygon","coordinates":[[[11.96,84.5],[12,84.63],[11.71,84.65],[11.67,84.53],[11.96,84.5]]]},"properties":{"scalerank":0,"featurecla":"Bathymetry","depth":3000}},
{"type":"Feature","geometry":{"type":"Polygon","coordinates":[[[14.33,84.48],[14.35,84.7],[13.97,84.7],[13.8,84.48],[14.33,84.48]]]},"properties":{"scalerank":0,"featurecla":"Bathymetry","depth":3000}},
{"type":"Feature","geometry":{"type":"Polygon","coordinates":[[[22.37,85.68],[22.64,85.82],[22.05,85.82],[22.37,85.68]]]},"properties":{"scalerank":0,"featurecla":"Bathymetry","depth":3000}},
{"type":"Feature","geometry":{"type":"Polygon","coordinates":[[[14.21,85.61],[11.71,85.69],[11.64,85.52],[14.21,85.61]]]},"properties":{"scalerank":0,"featurecla":"Bathymetry","depth":3000}},
{"type":"Feature","geometry":{"type":"Polygon","coordinates":[[[-62.71,89.18],[-62.9,89.34],[-64.65,89.35],[-64.61,89.24],[-62.71,89.18]]]},"properties":{"scalerank":0,"featurecla":"Bathymetry","depth":3000}},
{"type":"Feature","geometry":{"type":"Polygon","coordinates":[[[-3.7,81.51],[-3.58,81.69],[-3.98,81.7],[-3.7,81.51]]]},"properties":{"scalerank":0,"featurecla":"Bathymetry","depth":3000}},
{"type":"Feature","geometry":{"type":"Polygon","coordinates":[[[-3.44,80.8],[-3.5,80.93],[-3.93,80.95],[-4.22,80.81],[-3.44,80.8]]]},"properties":{"scalerank":0,"featurecla":"Bathymetry","depth":3000}},
{"type":"Feature","geometry":{"type":"Polygon","coordinates":[[[-8.64,82.54],[-8.59,82.66],[-8.74,82.66],[-8.78,82.6],[-8.64,82.54]]]},"properties":{"scalerank":0,"featurecla":"Bathymetry","depth":3000}},
{"type":"Feature","geometry":{"type":"Polygon","coordinates":[[[-5.2,81.79],[-5.73,81.87],[-5.64,81.7],[-5.2,81.79]]]},"properties":{"scalerank":0,"featurecla":"Bathymetry","depth":3000}},
{"type":"Feature","geometry":{"type":"Polygon","coordinates":[[[-5.46,81.37],[-5.42,81.5],[-5.77,81.53],[-5.72,81.42],[-5.46,81.37]]]},"properties":{"scalerank":0,"featurecla":"Bathymetry","depth":3000}},
{"type":"Feature","geometry":{"type":"Polygon","coordinates":[[[25.37,85.06],[25.38,85.17],[24.17,85.24],[24.08,85.06],[25.37,85.06]]]},"properties":{"scalerank":0,"featurecla":"Bathymetry","depth":3000}},
{"type":"Feature","geometry":{"type":"Polygon","coordinates":[[[-57.62,89.12],[-57.58,89.22],[-60.11,89.25],[-60.04,89.14],[-57.62,89.12]]]},"properties":{"scalerank":0,"featurecla":"Bathymetry","depth":3000}},
{"type":"Feature","geometry":{"type":"Polygon","coordinates":[[[-11.34,83.31],[-11.27,83.38],[-11.3,83.45],[-11.5,83.45],[-11.5,83.34],[-11.34,83.31]]]},"properties":{"scalerank":0,"featurecla":"Bathymetry","depth":3000}},
{"type":"Feature","geometry":{"type":"Polygon","coordinates":[[[-12.05,83.73],[-13.45,83.75],[-13.5,83.55],[-12.37,83.55],[-12.05,83.73]]]},"properties":{"scalerank":0,"featurecla":"Bathymetry","depth":3000}},
{"type":"Feature","geometry":{"type":"Polygon","coordinates":[[[4.65,83.11],[4.22,83.33],[3.06,83.35],[3.4,83.18],[4.65,83.11]]]},"properties":{"scalerank":0,"featurecla":"Bathymetry","depth":3000}},
{"type":"Feature","geometry":{"type":"Polygon","coordinates":[[[6.46,85.42],[6.33,85.56],[5.56,85.55],[5.4,85.39],[6.46,85.42]]]},"properties":{"scalerank":0,"featurecla":"Bathymetry","depth":3000}},
{"type":"Feature","geometry":{"type":"Polygon","coordinates":[[[4.17,83.48],[4.21,83.58],[3.79,83.6],[3.79,83.48],[4.17,83.48]]]},"properties":{"scalerank":0,"featurecla":"Bathymetry","depth":3000}},
{"type":"Feature","geometry":{"type":"Polygon","coordinates":[[[-5.98,81.96],[-5.96,82.07],[-6.28,82.08],[-6.24,81.97],[-5.98,81.96]]]},"properties":{"scalerank":0,"featurecla":"Bathymetry","depth":3000}},
{"type":"Feature","geometry":{"type":"Polygon","coordinates":[[[2.74,85.15],[1.89,84.99],[3.3,84.99],[2.74,85.15]]]},"properties":{"scalerank":0,"featurecla":"Bathymetry","depth":3000}},
{"type":"Feature","geometry":{"type":"Polygon","coordinates":[[[5.11,83.45],[5.37,83.58],[4.79,83.58],[5.11,83.45]]]},"properties":{"scalerank":0,"featurecla":"Bathymetry","depth":3000}},
{"type":"Feature","geometry":{"type":"Polygon","coordinates":[[[-7.09,82.14],[-7.06,82.22],[-7.34,82.25],[-7.36,82.16],[-7.09,82.14]]]},"properties":{"scalerank":0,"featurecla":"Bathymetry","depth":3000}},
{"type":"Feature","geometry":{"type":"Polygon","coordinates":[[[-0.88,84.57],[-0.8,84.62],[-0.96,84.67],[-0.96,84.58],[-0.88,84.57]]]},"properties":{"scalerank":0,"featurecla":"Bathymetry","depth":3000}},
{"type":"Feature","geometry":{"type":"Polygon","coordinates":[[[1.87,84.65],[1.48,84.65],[1.44,84.55],[1.82,84.55],[1.87,84.65]]]},"properties":{"scalerank":0,"featurecla":"Bathymetry","depth":3000}},
{"type":"Feature","geometry":{"type":"Polygon","coordinates":[[[-0.94,85.01],[-0.74,85.1],[-1.15,85.1],[-0.94,85.01]]]},"properties":{"scalerank":0,"featurecla":"Bathymetry","depth":3000}},
{"type":"Feature","geometry":{"type":"Polygon","coordinates":[[[15.8,85.19],[15.85,85.32],[15.41,85.3],[15.43,85.18],[15.8,85.19]]]},"properties":{"scalerank":0,"featurecla":"Bathymetry","depth":3000}},
{"type":"Feature","geometry":{"type":"Polygon","coordinates":[[[114.07,84.46],[114.05,84.58],[113.24,84.56],[113.25,84.46],[114.07,84.46]]]},"properties":{"scalerank":0,"featurecla":"Bathymetry","depth":3000}},
{"type":"Feature","geometry":{"type":"Polygon","coordinates":[[[113.19,83.59],[111.27,83.46],[114.06,83.22],[113.19,83.59]]]},"properties":{"scalerank":0,"featurecla":"Bathymetry","depth":3000}},
{"type":"Feature","geometry":{"type":"Polygon","coordinates":[[[112.18,84.41],[112.24,84.49],[111.89,84.53],[111.93,84.41],[112.18,84.41]]]},"properties":{"scalerank":0,"featurecla":"Bathymetry","depth":3000}},
{"type":"Feature","geometry":{"type":"Polygon","coordinates":[[[120.47,87.75],[120.7,87.91],[116.74,87.88],[120.47,87.75]]]},"properties":{"scalerank":0,"featurecla":"Bathymetry","depth":3000}},
{"type":"Feature","geometry":{"type":"Polygon","coordinates":[[[99.97,85.16],[99.96,85.29],[99.14,85.29],[99.26,85.15],[99.97,85.16]]]},"properties":{"scalerank":0,"featurecla":"Bathymetry","depth":3000}},
{"type":"Feature","geometry":{"type":"Polygon","coordinates":[[[100.43,85.32],[100.38,85.46],[99.5,85.47],[99.48,85.35],[100.43,85.32]]]},"properties":{"scalerank":0,"featurecla":"Bathymetry","depth":3000}},
{"type":"Feature","geometry":{"type":"Polygon","coordinates":[[[106.76,84.06],[106.06,84.17],[104.85,84.05],[104.84,83.92],[106.76,84.06]]]},"properties":{"scalerank":0,"featurecla":"Bathymetry","depth":3000}},
{"type":"Feature","geometry":{"type":"Polygon","coordinates":[[[109.56,83.29],[109.55,83.41],[108.52,83.43],[108.49,83.28],[109.56,83.29]]]},"properties":{"scalerank":0,"featurecla":"Bathymetry","depth":3000}},
{"type":"Feature","geometry":{"type":"Polygon","coordinates":[[[117.72,83.55],[117.73,83.68],[117.46,83.66],[117.42,83.6],[117.72,83.55]]]},"properties":{"scalerank":0,"featurecla":"Bathymetry","depth":3000}},
{"type":"Feature","geometry":{"type":"Polygon","coordinates":[[[124.03,79.98],[124.13,80.09],[123.82,80.09],[123.82,80.02],[124.03,79.98]]]},"properties":{"scalerank":0,"featurecla":"Bathymetry","depth":3000}},
{"type":"Feature","geometry":{"type":"Polygon","coordinates":[[[26.34,85.42],[26.37,85.57],[25.41,85.56],[25.44,85.42],[26.34,85.42]]]},"properties":{"scalerank":0,"featurecla":"Bathymetry","depth":3000}},
{"type":"Feature","geometry":{"type":"Polygon","coordinates":[[[121.85,81.25],[121.43,81.23],[121.43,81.12],[121.83,81.12],[121.85,81.25]]]},"properties":{"scalerank":0,"featurecla":"Bathymetry","depth":3000}},
{"type":"Feature","geometry":{"type":"Polygon","coordinates":[[[123.78,79.29],[123.69,79.22],[124.01,79.21],[123.98,79.27],[123.78,79.29]]]},"properties":{"scalerank":0,"featurecla":"Bathymetry","depth":3000}},
{"type":"Feature","geometry":{"type":"Polygon","coordinates":[[[119.96,83.97],[119.85,83.82],[120.6,83.81],[120.63,83.95],[119.96,83.97]]]},"properties":{"scalerank":0,"featurecla":"Bathymetry","depth":3000}},
{"type":"Feature","geometry":{"type":"Polygon","coordinates":[[[120.69,81.06],[120.73,81.19],[119.92,81.21],[119.93,81.09],[120.69,81.06]]]},"properties":{"scalerank":0,"featurecla":"Bathymetry","depth":3000}},
{"type":"Feature","geometry":{"type":"Polygon","coordinates":[[[120.92,81.85],[120.91,81.96],[120.49,81.91],[120.92,81.85]]]},"properties":{"scalerank":0,"featurecla":"Bathymetry","depth":3000}},
{"type":"Feature","geometry":{"type":"Polygon","coordinates":[[[118.21,81.73],[118.03,81.91],[117.44,81.88],[117.43,81.74],[118.21,81.73]]]},"properties":{"scalerank":0,"featurecla":"Bathymetry","depth":3000}},
{"type":"Feature","geometry":{"type":"Polygon","coordinates":[[[45.74,87.1],[45.72,87.22],[44.77,87.21],[44.79,87.1],[45.74,87.1]]]},"properties":{"scalerank":0,"featurecla":"Bathymetry","depth":3000}},
{"type":"Feature","geometry":{"type":"Polygon","coordinates":[[[43.59,87.05],[43.65,87.19],[42.3,87.16],[42.27,87.02],[43.59,87.05]]]},"properties":{"scalerank":0,"featurecla":"Bathymetry","depth":3000}},
{"type":"Feature","geometry":{"type":"Polygon","coordinates":[[[36.99,86.88],[36.98,87],[35.73,86.99],[35.76,86.88],[36.99,86.88]]]},"properties":{"scalerank":0,"featurecla":"Bathymetry","depth":3000}},
{"type":"Feature","geometry":{"type":"Polygon","coordinates":[[[44.54,87.12],[44.73,87.15],[44.69,87.23],[44.33,87.24],[44.32,87.15],[44.54,87.12]]]},"properties":{"scalerank":0,"featurecla":"Bathymetry","depth":3000}},
{"type":"Feature","geometry":{"type":"Polygon","coordinates":[[[36.1,86.6],[36.09,86.71],[35.56,86.71],[35.56,86.59],[36.1,86.6]]]},"properties":{"scalerank":0,"featurecla":"Bathymetry","depth":3000}},
{"type":"Feature","geometry":{"type":"Polygon","coordinates":[[[97.02,84.82],[94.98,84.93],[94.85,84.67],[97.02,84.82]]]},"properties":{"scalerank":0,"featurecla":"Bathymetry","depth":3000}},
{"type":"Feature","geometry":{"type":"Polygon","coordinates":[[[29.31,86.66],[28.05,86.69],[27.67,86.11],[31.08,86.09],[33,86.42],[29.4,86.5],[29.31,86.66]]]},"properties":{"scalerank":0,"featurecla":"Bathymetry","depth":3000}},
{"type":"Feature","geometry":{"type":"Polygon","coordinates":[[[28.8,85.66],[28.76,85.8],[27.95,85.79],[27.84,85.65],[28.8,85.66]]]},"properties":{"scalerank":0,"featurecla":"Bathymetry","depth":3000}},
{"type":"Feature","geometry":{"type":"Polygon","coordinates":[[[26.73,85.78],[25.63,85.72],[27.21,85.65],[26.73,85.78]]]},"properties":{"scalerank":0,"featurecla":"Bathymetry","depth":3000}},
{"type":"Feature","geometry":{"type":"Polygon","coordinates":[[[72.85,86.63],[72.65,86.83],[71.3,86.88],[71.22,86.7],[72.85,86.63]]]},"properties":{"scalerank":0,"featurecla":"Bathymetry","depth":3000}},
{"type":"Feature","geometry":{"type":"Polygon","coordinates":[[[64.22,87.12],[65.05,87.41],[63.07,87.41],[61.75,87.11],[64.22,87.12]]]},"properties":{"scalerank":0,"featurecla":"Bathymetry","depth":3000}},
{"type":"Feature","geometry":{"type":"Polygon","coordinates":[[[89.32,83.11],[89.39,83.15],[89.38,83.23],[89.23,83.21],[89.23,83.12],[89.32,83.11]]]},"properties":{"scalerank":0,"featurecla":"Bathymetry","depth":3000}},
{"type":"Feature","geometry":{"type":"Polygon","coordinates":[[[93.9,85.62],[93.83,85.73],[90.93,85.73],[90.97,85.6],[93.9,85.62]]]},"properties":{"scalerank":0,"featurecla":"Bathymetry","depth":3000}},
{"type":"Feature","geometry":{"type":"Polygon","coordinates":[[[41.98,86.78],[40.12,86.6],[42.45,86.43],[41.98,86.78]]]},"properties":{"scalerank":0,"featurecla":"Bathymetry","depth":3000}},
{"type":"Feature","geometry":{"type":"Polygon","coordinates":[[[46.13,86.33],[43.01,86.43],[42.94,86.29],[46.13,86.33]]]},"properties":{"scalerank":0,"featurecla":"Bathymetry","depth":3000}},
{"type":"Feature","geometry":{"type":"Polygon","coordinates":[[[51.39,87.25],[51.44,87.38],[50.79,87.37],[50.76,87.29],[51.39,87.25]]]},"properties":{"scalerank":0,"featurecla":"Bathymetry","depth":3000}},
{"type":"Feature","geometry":{"type":"Polygon","coordinates":[[[62.33,86.95],[58.75,86.73],[54.87,86.75],[57.02,86.35],[61.68,86.45],[63.26,86.62],[62.33,86.95]]]},"properties":{"scalerank":0,"featurecla":"Bathymetry","depth":3000}},
{"type":"Feature","geometry":{"type":"Polygon","coordinates":[[[-50.22,88.77],[-49.06,88.49],[-42.22,88.3],[-45.46,88.06],[-47.47,87.59],[-45.91,86.93],[-43.47,86.76],[-44.02,86.28],[-47.76,86.14],[-48.92,85.96],[-46.07,85.9],[-38.21,85.78],[-35.33,85.9],[-30.48,85.73],[-26.47,85.68],[-12.43,85.68],[-11.56,85.38],[-13.44,85.07],[-16.03,84.98],[-16.56,84.62],[-19.3,84.46],[-19.14,84.18],[-18.09,83.85],[-19.61,83.43],[-17.24,83.42],[-16.79,83.59],[-13.13,83.06],[-12.59,82.9],[-11.22,82.88],[-8.6,82.5],[-7.5,82.24],[-7.37,82.01],[-6.91,81.94],[-6.89,81.58],[-4.87,80.99],[-4.75,80.82],[-2.7,80.28],[-1.9,80.28],[-0.88,80.48],[-1.34,80.86],[-1.65,81.41],[-2.62,81.9],[-2.71,82.1],[-3.72,82.52],[-6.54,83.17],[-7.95,83.37],[-7.73,83.69],[-6.85,84.02],[-3.52,84.43],[2.64,84.36],[3.44,84.16],[2.36,83.96],[2.08,83.7],[-1.15,83.25],[-2.98,83.5],[-5.98,83.5],[-6.25,83.25],[-5.16,83.02],[-2.71,82.73],[-1.36,82.44],[-0.7,82.15],[1.33,81.91],[2.07,81.93],[2.16,82.32],[4.1,82.51],[6.53,82.54],[8.26,82.85],[14.88,83.06],[16.97,83.15],[18.25,82.79],[18.71,82.43],[17.64,81.79],[22.03,81.76],[28.9,81.88],[31.37,82.15],[34.68,82.66],[36.24,82.75],[42.66,82.93],[50.57,83.16],[54.79,83.16],[59.42,83.23],[62.69,83.38],[65.04,83.54],[67.99,83.64],[72.9,83.68],[74.25,83.45],[78.6,83.4],[80.74,83.28],[84.24,83.33],[87.07,83.28],[88.01,83.05],[90.55,82.97],[90.77,82.86],[97.44,82.58],[97.46,82.31],[99.85,82.3],[100.32,82.16],[102.91,81.91],[103.61,81.65],[105.41,81.58],[106.04,81.42],[106.42,80.86],[108.94,80.69],[112.03,79.87],[112.73,79.85],[113.9,79.56],[115.8,79.61],[120.1,79.32],[120.96,79.06],[123.96,78.96],[124.42,78.84],[125.7,78.84],[125.68,79.17],[127.97,79.15],[128.83,79.19],[130.22,79.08],[131.42,79.2],[131.88,79.06],[132.82,79.15],[135.12,79.56],[136.18,79.49],[137.08,79.62],[136.67,79.76],[137.85,80.21],[137.99,80.5],[136.08,80.81],[136.01,81.22],[138.08,81.47],[138.44,81.96],[139.16,82.29],[138.39,82.71],[138.4,82.92],[139.66,82.93],[139.99,83.34],[139.58,83.55],[140.13,84.04],[142.52,84.31],[142.39,84.56],[144.03,84.78],[142.14,85.16],[141.21,85.68],[141.27,85.94],[140.06,86.1],[138.17,86.62],[135.36,86.81],[133.01,87.19],[123.75,87.56],[123.65,87.71],[129.53,87.84],[131.28,88.08],[125.01,88.19],[128.29,88.4],[128.6,88.72],[173.01,89.28],[180,89.28],[180,89.64],[180,90],[179.89,90],[-138.5,89.4],[-110.22,89.33],[-80.35,89.22],[-58.18,89.06],[-53.02,89.06],[-50.06,88.9],[-50.22,88.77]],[[8.61,85.18],[7.69,85.23],[7.8,85.39],[8.61,85.29],[8.61,85.18]],[[9.15,84.55],[9.05,84.67],[9.19,84.67],[9.15,84.55]],[[11.13,84.56],[10.91,84.59],[10.92,84.67],[11.14,84.67],[11.13,84.56]],[[9.58,85.34],[9.03,85.35],[9,85.44],[9.44,85.5],[9.58,85.34]],[[26.58,86.28],[24.81,86.26],[24.88,86.39],[26.63,86.42],[26.58,86.28]],[[5.85,83.88],[5.74,83.89],[5.68,83.95],[5.92,83.94],[5.85,83.88]],[[5.91,83.7],[5.69,83.65],[5.69,83.76],[5.91,83.8],[5.91,83.7]],[[6.01,84.79],[5.95,84.53],[4.28,84.64],[6.01,84.79]],[[7.51,85.1],[6.24,85.09],[6.45,85.22],[7.51,85.22],[7.51,85.1]],[[7.61,83.7],[7.48,83.72],[7.46,83.83],[7.63,83.83],[7.61,83.7]],[[15.02,85.16],[14.24,84.94],[13.14,84.92],[13.2,85.2],[15.02,85.16]],[[19.6,86],[16.6,85.8],[14.53,86.1],[17.4,86.16],[19.6,86]],[[18.97,85.51],[19.08,85.31],[18.44,85.32],[18.24,85.48],[18.97,85.51]],[[24.72,85.73],[24.6,85.42],[20.75,85.35],[19.51,85.52],[19.89,85.76],[22.66,85.64],[24.72,85.73]],[[11.96,84.5],[11.67,84.53],[11.71,84.65],[12,84.63],[11.96,84.5]],[[14.33,84.48],[13.8,84.48],[13.97,84.7],[14.35,84.7],[14.33,84.48]],[[22.37,85.68],[22.05,85.82],[22.64,85.82],[22.37,85.68]],[[14.21,85.61],[11.64,85.52],[11.71,85.69],[14.21,85.61]],[[-62.71,89.18],[-64.61,89.24],[-64.65,89.35],[-62.9,89.34],[-62.71,89.18]],[[-3.7,81.51],[-3.98,81.7],[-3.58,81.69],[-3.7,81.51]],[[-3.44,80.8],[-4.22,80.81],[-3.93,80.95],[-3.5,80.93],[-3.44,80.8]],[[-8.64,82.54],[-8.78,82.6],[-8.74,82.66],[-8.59,82.66],[-8.64,82.54]],[[-5.2,81.79],[-5.64,81.7],[-5.73,81.87],[-5.2,81.79]],[[-5.46,81.37],[-5.72,81.42],[-5.77,81.53],[-5.42,81.5],[-5.46,81.37]],[[25.37,85.06],[24.08,85.06],[24.17,85.24],[25.38,85.17],[25.37,85.06]],[[-57.62,89.12],[-60.04,89.14],[-60.11,89.25],[-57.58,89.22],[-57.62,89.12]],[[-11.34,83.31],[-11.5,83.34],[-11.5,83.45],[-11.3,83.45],[-11.27,83.38],[-11.34,83.31]],[[-12.05,83.73],[-12.37,83.55],[-13.5,83.55],[-13.45,83.75],[-12.05,83.73]],[[4.65,83.11],[3.4,83.18],[3.06,83.35],[4.22,83.33],[4.65,83.11]],[[6.46,85.42],[5.4,85.39],[5.56,85.55],[6.33,85.56],[6.46,85.42]],[[4.17,83.48],[3.79,83.48],[3.79,83.6],[4.21,83.58],[4.17,83.48]],[[-5.98,81.96],[-6.24,81.97],[-6.28,82.08],[-5.96,82.07],[-5.98,81.96]],[[2.74,85.15],[3.3,84.99],[1.89,84.99],[2.74,85.15]],[[5.11,83.45],[4.79,83.58],[5.37,83.58],[5.11,83.45]],[[-7.09,82.14],[-7.36,82.16],[-7.34,82.25],[-7.06,82.22],[-7.09,82.14]],[[-0.88,84.57],[-0.96,84.58],[-0.96,84.67],[-0.8,84.62],[-0.88,84.57]],[[1.87,84.65],[1.82,84.55],[1.44,84.55],[1.48,84.65],[1.87,84.65]],[[-0.94,85.01],[-1.15,85.1],[-0.74,85.1],[-0.94,85.01]],[[15.8,85.19],[15.43,85.18],[15.41,85.3],[15.85,85.32],[15.8,85.19]],[[114.07,84.46],[113.25,84.46],[113.24,84.56],[114.05,84.58],[114.07,84.46]],[[113.19,83.59],[114.06,83.22],[111.27,83.46],[113.19,83.59]],[[112.18,84.41],[111.93,84.41],[111.89,84.53],[112.24,84.49],[112.18,84.41]],[[120.47,87.75],[116.74,87.88],[120.7,87.91],[120.47,87.75]],[[99.97,85.16],[99.26,85.15],[99.14,85.29],[99.96,85.29],[99.97,85.16]],[[100.43,85.32],[99.48,85.35],[99.5,85.47],[100.38,85.46],[100.43,85.32]],[[106.76,84.06],[104.84,83.92],[104.85,84.05],[106.06,84.17],[106.76,84.06]],[[109.56,83.29],[108.49,83.28],[108.52,83.43],[109.55,83.41],[109.56,83.29]],[[117.72,83.55],[117.42,83.6],[117.46,83.66],[117.73,83.68],[117.72,83.55]],[[124.03,79.98],[123.82,80.02],[123.82,80.09],[124.13,80.09],[124.03,79.98]],[[26.34,85.42],[25.44,85.42],[25.41,85.56],[26.37,85.57],[26.34,85.42]],[[121.85,81.25],[121.83,81.12],[121.43,81.12],[121.43,81.23],[121.85,81.25]],[[123.78,79.29],[123.98,79.27],[124.01,79.21],[123.69,79.22],[123.78,79.29]],[[119.96,83.97],[120.63,83.95],[120.6,83.81],[119.85,83.82],[119.96,83.97]],[[120.69,81.06],[119.93,81.09],[119.92,81.21],[120.73,81.19],[120.69,81.06]],[[120.92,81.85],[120.49,81.91],[120.91,81.96],[120.92,81.85]],[[118.21,81.73],[117.43,81.74],[117.44,81.88],[118.03,81.91],[118.21,81.73]],[[45.74,87.1],[44.79,87.1],[44.77,87.21],[45.72,87.22],[45.74,87.1]],[[43.59,87.05],[42.27,87.02],[42.3,87.16],[43.65,87.19],[43.59,87.05]],[[36.99,86.88],[35.76,86.88],[35.73,86.99],[36.98,87],[36.99,86.88]],[[44.54,87.12],[44.32,87.15],[44.33,87.24],[44.69,87.23],[44.73,87.15],[44.54,87.12]],[[36.1,86.6],[35.56,86.59],[35.56,86.71],[36.09,86.71],[36.1,86.6]],[[97.02,84.82],[94.85,84.67],[94.98,84.93],[97.02,84.82]],[[29.31,86.66],[29.4,86.5],[33,86.42],[31.08,86.09],[27.67,86.11],[28.05,86.69],[29.31,86.66]],[[28.8,85.66],[27.84,85.65],[27.95,85.79],[28.76,85.8],[28.8,85.66]],[[26.73,85.78],[27.21,85.65],[25.63,85.72],[26.73,85.78]],[[72.85,86.63],[71.22,86.7],[71.3,86.88],[72.65,86.83],[72.85,86.63]],[[64.22,87.12],[61.75,87.11],[63.07,87.41],[65.05,87.41],[64.22,87.12]],[[89.32,83.11],[89.23,83.12],[89.23,83.21],[89.38,83.23],[89.39,83.15],[89.32,83.11]],[[93.9,85.62],[90.97,85.6],[90.93,85.73],[93.83,85.73],[93.9,85.62]],[[41.98,86.78],[42.45,86.43],[40.12,86.6],[41.98,86.78]],[[46.13,86.33],[42.94,86.29],[43.01,86.43],[46.13,86.33]],[[51.39,87.25],[50.76,87.29],[50.79,87.37],[51.44,87.38],[51.39,87.25]],[[62.33,86.95],[63.26,86.62],[61.68,86.45],[57.02,86.35],[54.87,86.75],[58.75,86.73],[62.33,86.95]]]},"properties":{"scalerank":0,"featurecla":"Bathymetry","depth":3000}}
]}