{"type":"FeatureCollection", "features": [
{"type":"Feature","geometry":null,"properties":{"scalerank":0,"featurecla":"Bathymetry","depth":2000}},
{"type":"Feature","geometry":{"type":"Polygon","coordinates":[[[-180,44.45],[-180,42.5],[-180,41],[-180,39.5],[-180,38.5],[-180,36.5],[-180,35.5],[-180,33.5],[-180,32],[-180,30],[-180,28.5],[-180,27.5],[-180,25.5],[-180,23.5],[-180,22.25],[-180,21],[-180,19],[-180,17.5],[-180,15.5],[-180,14],[-180,13],[-180,11.5],[-180,10.5],[-180,9],[-180,7.5],[-180,5.5],[-180,4],[-180,2.5],[-180,0.5],[-180,-1.5],[-180,-2.5],[-180,-3.02],[-180,-3.5],[-180,-3.98],[-180,-4],[-180,-6],[-180,-7.5],[-180,-9.5],[-180,-11.37],[-179.71,-11.53],[-179.65,-11.17],[-179.44,-11.07],[-179.08,-11.05],[-178.84,-11.16],[-178.57,-11.53],[-178.09,-11.61],[-177.94,-11.52],[-177.56,-11.58],[-177.54,-11.71],[-177.82,-11.88],[-178.23,-11.97],[-178.5,-12.12],[-178.39,-12.31],[-178.09,-12.28],[-177.88,-12.44],[-177.74,-12.19],[-177.44,-12.06],[-177.23,-12.27],[-177.32,-12.69],[-177.58,-12.74],[-177.82,-12.67],[-177.96,-12.76],[-178.44,-12.7],[-178.76,-12.15],[-178.73,-11.93],[-178.94,-11.83],[-179.12,-11.46],[-179.41,-11.44],[-179.59,-11.63],[-179.09,-12.07],[-178.92,-12.29],[-179.25,-12.44],[-179.4,-12.67],[-179.7,-12.61],[-179.74,-12.34],[-179.93,-12.31],[-180,-13.27],[-179.74,-13.34],[-179.58,-13.64],[-179.35,-13.49],[-179.57,-13.33],[-179.64,-13.03],[-179.02,-13.15],[-178.83,-13.04],[-178.63,-13.5],[-178.64,-13.81],[-178.08,-13.82],[-177.6,-13.57],[-177.27,-13.66],[-177.16,-13.81],[-177.18,-14.07],[-176.83,-14.13],[-176.3,-14.4],[-176.25,-14.19],[-176.52,-14.06],[-176.57,-13.85],[-176.28,-13.83],[-176,-14.24],[-175.57,-14.32],[-175.49,-14.45],[-175.6,-14.66],[-175.4,-14.74],[-174.96,-14.47],[-174.7,-14.43],[-174.73,-14.68],[-174.59,-14.86],[-174.58,-15.26],[-174.79,-15.51],[-175.18,-15.58],[-175.4,-15.33],[-175.47,-15.82],[-175.55,-15.86],[-175.92,-15.5],[-176.15,-15.58],[-176.24,-15.45],[-176.84,-15.77],[-176.96,-15.53],[-177.29,-15.38],[-177.64,-15.78],[-177.82,-15.55],[-178.15,-15.53],[-177.67,-16.08],[-176.48,-17.05],[-176.54,-17.26],[-176.86,-16.92],[-177.02,-16.99],[-177.34,-16.69],[-177.48,-16.46],[-177.63,-16.48],[-178.03,-15.96],[-178.31,-15.83],[-178.62,-15.55],[-178.56,-15.23],[-178.2,-14.85],[-178.15,-14.4],[-178.36,-14.42],[-178.4,-14.17],[-178.63,-14.16],[-179.02,-13.72],[-179.24,-13.74],[-179.53,-13.95],[-179.78,-13.68],[-180,-13.8],[-180,-15.6],[-179.67,-15.61],[-179.16,-15.73],[-178.96,-16.06],[-178.59,-16.21],[-178.3,-16.52],[-177.76,-16.76],[-177.59,-17],[-178.12,-16.95],[-178.36,-17.14],[-178.2,-17.42],[-178.32,-17.59],[-178.06,-17.9],[-177.96,-18.36],[-178.01,-19.46],[-177.84,-19.59],[-178.01,-19.78],[-177.86,-19.99],[-178.01,-20.16],[-177.82,-20.48],[-177.86,-20.95],[-178.03,-21.11],[-177.97,-21.34],[-178.2,-21.6],[-178.09,-21.94],[-178.06,-22.32],[-178.24,-22.42],[-178.24,-23.07],[-178.39,-23.26],[-178.39,-23.72],[-178.29,-24.35],[-178.46,-24.67],[-178.27,-25.01],[-178.33,-25.26],[-178.76,-25.36],[-178.87,-25.49],[-178.73,-25.77],[-178.67,-26.15],[-178.8,-27.07],[-179,-27.93],[-178.9,-28.42],[-179.09,-28.65],[-179.31,-28.62],[-179.42,-28.94],[-179.33,-29.13],[-179.66,-29.5],[-179.66,-29.83],[-180,-30.74],[-180,-32],[-180,-33],[-179.86,-33.22],[-179.64,-33.08],[-179.48,-32.75],[-179.43,-32.44],[-179.25,-32.26],[-179.19,-31.97],[-179.29,-31.74],[-179.03,-31.71],[-179.05,-31.43],[-179.25,-31.38],[-179.33,-30.79],[-178.94,-30.49],[-178.91,-30.19],[-179.22,-29.76],[-178.46,-29.8],[-178.42,-29.63],[-178.69,-29.4],[-178.85,-28.97],[-178.54,-28.78],[-178.73,-28.59],[-178.46,-27.89],[-178.2,-27.97],[-177.99,-27.9],[-177.85,-27.42],[-178.06,-27.23],[-178.17,-26.98],[-177.87,-26.92],[-177.74,-26.62],[-177.5,-26.43],[-177.43,-26.2],[-177.62,-26.11],[-178.01,-25.78],[-178.26,-25.78],[-178.36,-25.58],[-178.08,-25.39],[-178.26,-25.04],[-178.05,-24.89],[-178.03,-24.67],[-178.24,-24.43],[-177.82,-24.24],[-177.95,-23.95],[-177.8,-23.51],[-177.55,-23.54],[-177.27,-23.42],[-177.14,-23.51],[-177.02,-23.84],[-176.84,-23.39],[-176.51,-23.09],[-176.52,-22.49],[-176.33,-22.24],[-176.36,-21.93],[-176.1,-21.85],[-176.23,-21.61],[-176.15,-21.48],[-175.82,-21.45],[-175.91,-21.12],[-175.7,-20.89],[-175.7,-20.46],[-175.44,-20.09],[-175.39,-19.7],[-175.21,-19.3],[-175.27,-19.03],[-175.25,-18.65],[-175.04,-18.62],[-174.91,-18.41],[-174.96,-18.05],[-174.85,-17.94],[-174.82,-17.66],[-174.89,-17.36],[-174.84,-17.01],[-174.98,-16.7],[-174.81,-16.66],[-174.62,-16.97],[-174.68,-17.39],[-174.41,-17.28],[-174.59,-16.93],[-174.35,-16.91],[-174.43,-16.42],[-174.29,-16.2],[-174.76,-15.95],[-174.74,-15.6],[-174.48,-15.65],[-174.02,-15.53],[-173.64,-15.16],[-173.6,-14.87],[-173.35,-14.87],[-173.13,-15.15],[-173.17,-15.28],[-172.87,-15.49],[-172.94,-15.98],[-173.26,-16.25],[-173.28,-16.58],[-173.11,-16.81],[-173.04,-17.06],[-173.07,-17.42],[-173.2,-17.68],[-173.11,-18.07],[-173.56,-18.25],[-173.64,-18.5],[-173.76,-19.25],[-173.9,-19.51],[-174,-19.96],[-174.14,-20.17],[-174.1,-20.59],[-174.35,-21],[-174.34,-21.19],[-174.7,-21.48],[-174.87,-21.7],[-174.91,-22.1],[-175.25,-22.56],[-175.37,-22.98],[-175.57,-23.34],[-175.77,-23.5],[-175.75,-23.77],[-175.88,-23.94],[-175.95,-24.68],[-176.14,-25.02],[-176.1,-25.52],[-176.35,-25.85],[-176.61,-25.98],[-176.69,-26.24],[-176.58,-26.6],[-176.77,-26.77],[-176.84,-27.05],[-176.72,-27.36],[-176.88,-27.48],[-177.08,-27.39],[-177.24,-27.64],[-177.24,-27.87],[-177.41,-28.19],[-177.4,-28.82],[-177.67,-29.26],[-177.82,-29.71],[-178,-29.94],[-178.02,-30.23],[-178.13,-30.41],[-178.36,-31.19],[-178.63,-31.61],[-178.7,-32.09],[-178.92,-32.69],[-179.13,-32.86],[-179.19,-33.07],[-179.39,-33.2],[-179.43,-33.56],[-179.87,-33.88],[-180,-34.06],[-180,-36.05],[-178.45,-34.87],[-176.91,-33.69],[-175.36,-32.52],[-173.82,-31.34],[-172.27,-30.16],[-170.73,-28.99],[-169.57,-28.1],[-168.14,-28.52],[-166.23,-29.07],[-164.32,-29.62],[-162.41,-30.17],[-160.5,-30.72],[-158.59,-31.27],[-156.69,-31.82],[-154.78,-32.37],[-152.87,-32.92],[-150.96,-33.48],[-149.53,-33.89],[-148.1,-34.3],[-147.14,-34.58],[-145.71,-34.99],[-144.28,-35.4],[-143.32,-35.68],[-142.85,-35.82],[-141.89,-36.09],[-141.42,-36.23],[-140.46,-36.51],[-139.98,-36.64],[-139.03,-36.92],[-138.07,-37.2],[-136.17,-37.75],[-134.18,-37.82],[-132.2,-37.9],[-130.21,-37.98],[-128.23,-38.05],[-126.24,-38.13],[-124.26,-38.21],[-122.28,-38.28],[-120.29,-38.36],[-118.31,-38.44],[-116.32,-38.52],[-114.34,-38.59],[-112.36,-38.67],[-110.37,-38.75],[-108.39,-38.82],[-106.4,-38.9],[-104.42,-38.98],[-102.43,-39.05],[-100.45,-39.13],[-98.47,-39.21],[-96.48,-39.28],[-94.5,-39.36],[-92.51,-39.44],[-90.53,-39.52],[-88.55,-39.59],[-86.56,-39.67],[-84.58,-39.75],[-82.59,-39.82],[-80.61,-39.9],[-78.62,-39.98],[-76.64,-40.05],[-74.66,-40.13],[-74.64,-39.67],[-74.55,-39.52],[-74.54,-38.66],[-74.21,-38.42],[-74.4,-38.21],[-74.33,-37.75],[-74.37,-37.51],[-74.1,-37.37],[-74.2,-37.18],[-73.98,-36.74],[-74.03,-36.54],[-73.8,-36.22],[-73.75,-35.93],[-73.57,-35.77],[-73.43,-35.4],[-73.18,-35.35],[-73.09,-34.97],[-72.85,-34.66],[-72.87,-34.38],[-72.6,-34.18],[-72.55,-33.71],[-72.22,-33.33],[-72.16,-32.95],[-71.92,-32.82],[-71.83,-32.53],[-72.09,-32.25],[-71.91,-32.03],[-71.88,-31.54],[-71.98,-31.32],[-72,-30.94],[-71.74,-29.81],[-71.75,-29.39],[-71.82,-29.2],[-71.57,-28.44],[-71.4,-28.1],[-71.27,-27.67],[-71.31,-27.43],[-71.17,-27.2],[-71.12,-26.43],[-71.04,-25.9],[-70.87,-25.25],[-70.95,-24.89],[-70.78,-24.63],[-70.95,-24.53],[-70.7,-24.05],[-70.8,-23.26],[-70.7,-22.73],[-70.72,-22.37],[-70.56,-22.01],[-70.68,-21.68],[-70.58,-21.43],[-70.73,-20.93],[-70.87,-19.95],[-70.82,-19.75],[-70.94,-19.46],[-71.18,-19.17],[-71.04,-18.91],[-71.28,-18.89],[-71.55,-18.44],[-71.84,-18.37],[-72.07,-17.81],[-72.25,-17.81],[-72.55,-17.64],[-72.72,-17.4],[-73.03,-17.12],[-73.03,-16.99],[-73.48,-16.72],[-74.18,-16.39],[-74.27,-16.28],[-74.79,-15.96],[-75.22,-15.85],[-75.41,-15.65],[-75.77,-15.41],[-75.82,-15.26],[-76.38,-14.75],[-76.59,-14.71],[-76.63,-14.39],[-77.14,-13.63],[-77.47,-13.34],[-77.65,-12.96],[-78.04,-12.43],[-78.1,-12.12],[-78.49,-11.82],[-78.67,-11.49],[-78.61,-11.28],[-78.73,-11.16],[-78.83,-10.84],[-79.09,-10.67],[-79.25,-10.44],[-79.43,-10.37],[-79.46,-10.13],[-79.93,-9.8],[-79.98,-9.48],[-80.13,-9.32],[-80.4,-8.76],[-80.54,-8.62],[-80.79,-8.16],[-80.81,-7.73],[-81,-7.46],[-82.89,-6.83],[-84.78,-6.19],[-86.67,-5.56],[-88.57,-4.92],[-90.46,-4.29],[-92.35,-3.65],[-94.24,-3.02],[-96.13,-2.38],[-98.02,-1.75],[-99.91,-1.11],[-101.8,-0.48],[-103.22,0],[-105.11,0.63],[-107,1.27],[-108.9,1.91],[-110.79,2.54],[-112.68,3.18],[-114.57,3.81],[-116.46,4.45],[-118.35,5.08],[-120.24,5.72],[-122.13,6.35],[-124.03,6.99],[-125.92,7.62],[-127.81,8.26],[-129.7,8.89],[-131.59,9.53],[-133.48,10.16],[-135.37,10.8],[-137.26,11.43],[-139.16,12.07],[-141.05,12.7],[-141.96,13.86],[-142.57,14.64],[-143.79,16.18],[-145.01,17.73],[-146.23,19.28],[-147.45,20.83],[-148.67,22.37],[-149.88,23.92],[-151.1,25.47],[-152.32,27.02],[-153.54,28.56],[-154.76,30.11],[-155.98,31.66],[-157.2,33.2],[-158.42,34.75],[-159.64,36.3],[-161.49,37.04],[-163.34,37.78],[-165.19,38.52],[-167.04,39.26],[-168.89,40],[-170.74,40.74],[-172.6,41.48],[-174.45,42.23],[-176.3,42.97],[-178.15,43.71],[-180,44.45]],[[-99.17,-25.51],[-99.07,-25.43],[-98.85,-25.41],[-98.78,-25.57],[-99.15,-25.73],[-99.17,-25.51]],[[-175.86,33.73],[-175.8,33.55],[-175.9,33.26],[-176.1,33.41],[-176.02,33.68],[-175.86,33.73]],[[-175.27,33.12],[-174.97,32.68],[-175.01,32.4],[-175.2,32.42],[-175.36,33],[-175.27,33.12]],[[-174.17,31.93],[-174.12,31.79],[-174.41,31.68],[-174.43,31.9],[-174.17,31.93]],[[-174.19,29.06],[-174.06,29.35],[-173.79,29.26],[-173.97,28.98],[-174.19,29.06]],[[-177.51,28.06],[-177.58,28.37],[-177.31,28.43],[-177.11,28.26],[-177.15,28.12],[-177.51,28.06]],[[-175.46,27.82],[-175.56,27.6],[-176.02,27.68],[-176.11,27.92],[-175.88,28.11],[-175.66,28.14],[-175.46,27.82]],[[-177.8,28.04],[-177.81,27.85],[-178.11,27.92],[-178.04,28.09],[-177.8,28.04]],[[-178.12,28.41],[-178.17,28.26],[-178.49,28.27],[-178.51,28.56],[-178.22,28.63],[-178.12,28.41]],[[-176.34,26.8],[-176.53,26.84],[-176.59,27.09],[-176.4,27.13],[-176.34,26.8]],[[-173.4,25.68],[-173.64,25.88],[-173.89,25.79],[-174.14,25.87],[-174.23,26.25],[-174.05,26.35],[-173.65,26.22],[-173.26,26.26],[-173.14,26.14],[-173.4,25.68]],[[-170.04,25.25],[-170.11,25.03],[-170.45,25.04],[-170.92,25.29],[-171.07,25.27],[-171.34,25.49],[-171.32,25.64],[-171.78,25.61],[-172.04,25.84],[-172.03,25.99],[-171.59,26.03],[-171.39,25.81],[-171.17,25.8],[-170.86,25.96],[-170.4,25.73],[-170.1,25.43],[-170.04,25.25]],[[-169.29,25.87],[-169.2,25.76],[-169.31,25.42],[-169.56,25.28],[-169.77,25.56],[-169.52,25.85],[-169.29,25.87]],[[-167.9,24.13],[-168.19,24.31],[-168.38,24.53],[-168.42,24.85],[-168.66,25.26],[-168.89,25.3],[-168.94,25.67],[-168.68,25.83],[-168.41,25.61],[-168.12,25.62],[-167.83,25.84],[-167.65,25.81],[-167.58,25.27],[-167.73,24.91],[-167.66,24.6],[-167.67,24.2],[-167.9,24.13]],[[-165.93,23.59],[-166.32,23.53],[-166.45,23.72],[-167.46,24.3],[-167.47,24.65],[-167.3,25.03],[-167.31,25.48],[-167.16,25.56],[-167.02,24.79],[-166.43,24.13],[-165.95,24.05],[-165.73,24.2],[-165.28,24.07],[-165.24,23.86],[-165.6,23.66],[-165.93,23.59]],[[-164.07,23.18],[-164.25,23.13],[-164.68,23.23],[-164.77,23.4],[-165.02,23.52],[-164.98,23.77],[-164.71,23.81],[-164.56,24.01],[-164.37,24.04],[-164.15,23.62],[-164.07,23.18]],[[-162.13,22.83],[-162.41,22.9],[-162.57,23.14],[-162.94,23.14],[-163.2,23.05],[-163.35,23.19],[-163.28,23.37],[-162.6,23.47],[-162.41,23.28],[-162.19,23.21],[-161.88,23.37],[-161.61,23.26],[-161.69,22.93],[-161.99,22.93],[-162.13,22.83]],[[-160.9,22.9],[-160.8,22.68],[-161.09,22.57],[-161.22,22.72],[-160.9,22.9]],[[-172.3,25.22],[-172.54,25.18],[-172.54,25.46],[-172.63,25.77],[-172.12,25.75],[-172.04,25.66],[-172.31,25.41],[-172.3,25.22]],[[-159.99,22.3],[-159.62,22.41],[-159.24,22.41],[-159.14,22.08],[-159.32,21.8],[-159.55,21.75],[-159.75,21.86],[-160.16,21.65],[-160.53,21.59],[-160.49,21.81],[-160.23,22.24],[-159.99,22.3]],[[-156.18,19.79],[-156.49,20.16],[-156.46,20.38],[-156.91,20.3],[-157.25,20.39],[-157.25,20.81],[-157.49,20.83],[-157.69,20.72],[-157.92,20.75],[-158.32,21.31],[-158.35,21.46],[-158.71,21.62],[-158.88,21.94],[-158.62,22.08],[-158.41,21.87],[-157.94,21.91],[-157.76,21.85],[-157.51,21.59],[-157.3,21.57],[-157.03,21.4],[-156.32,21.38],[-156.12,21.29],[-155.94,21.01],[-155.67,20.94],[-155.33,20.7],[-155.27,20.21],[-154.78,19.98],[-154.84,19.69],[-154.56,19.59],[-154.85,19.3],[-155.04,19.2],[-155.21,18.94],[-155.47,18.95],[-155.63,18.77],[-155.9,18.9],[-155.98,19.29],[-156.18,19.79]],[[-175.66,17.9],[-175.95,17.73],[-176.08,17.89],[-175.86,18.12],[-175.49,18.12],[-175.44,18.27],[-174.98,18.26],[-174.48,18.45],[-174.24,18.41],[-174.02,18.63],[-174.14,18.96],[-173.67,19.12],[-173.63,18.9],[-173.86,18.83],[-173.74,18.63],[-173.84,18.34],[-174.48,18.08],[-174.66,18.14],[-175.11,17.92],[-175.39,17.97],[-175.66,17.9]],[[-179.42,18.34],[-179.71,18.48],[-179.68,18.73],[-179.37,18.62],[-178.95,18.58],[-178.97,18.43],[-179.42,18.34]],[[-171.03,19.51],[-170.73,19.74],[-170.56,19.68],[-170.94,19.27],[-171.03,19.51]],[[-169.27,19.1],[-169.34,19.33],[-168.88,19.6],[-168.22,19.77],[-168.41,19.54],[-168.84,19.2],[-169.27,19.1]],[[-167.87,21.51],[-167.84,21.76],[-167.35,22.08],[-167.31,21.87],[-167.87,21.51]],[[-168.65,17.14],[-168.75,17.36],[-168.36,17.28],[-168.37,16.97],[-168.65,17.14]],[[-169.26,16.7],[-169.47,16.6],[-169.67,16.65],[-169.61,16.92],[-169.28,16.85],[-169.26,16.7]],[[-169.36,15.64],[-169.19,15.82],[-168.91,15.5],[-169.1,15.42],[-169.36,15.64]],[[-164.74,9.15],[-164.94,9.15],[-165.07,9.45],[-165.31,9.62],[-165.35,9.95],[-165.56,9.98],[-165.53,10.25],[-165.37,10.3],[-165.14,10.13],[-165.01,9.86],[-164.82,9.69],[-164.93,9.52],[-164.74,9.15]],[[-164.11,8.16],[-164.43,8.31],[-164.22,8.49],[-164.01,8.47],[-164.11,8.16]],[[-160.22,8.2],[-160.02,8.4],[-159.74,8.34],[-160,8.13],[-160.22,8.2]],[[-161.38,7.15],[-161.47,7.44],[-161.42,7.61],[-161.2,7.61],[-161.11,7.29],[-161.38,7.15]],[[-161.2,5.98],[-161.16,6.28],[-161.46,6.5],[-161.69,6.52],[-161.81,6.79],[-161.46,6.91],[-161.12,6.77],[-160.99,6.41],[-160.82,6.27],[-160.54,5.75],[-160.64,5.64],[-160.91,5.8],[-161.02,6],[-161.2,5.98]],[[-160.6,5.01],[-160.92,5.14],[-161.1,5.42],[-161.39,5.56],[-161.34,5.72],[-161.07,5.7],[-160.9,5.36],[-160.6,5.2],[-160.6,5.01]],[[-160.02,4.66],[-160.21,4.47],[-160.4,4.62],[-160.71,4.6],[-160.87,4.82],[-160.28,4.84],[-160.02,4.66]],[[-161.78,5.49],[-162.02,5.76],[-162.28,5.84],[-162.23,6],[-161.9,6.02],[-161.5,5.73],[-161.52,5.56],[-161.78,5.49]],[[-162.69,6.18],[-162.93,6.31],[-162.39,6.54],[-162.25,6.51],[-162.18,6.25],[-162.55,6.26],[-162.69,6.18]],[[-159.38,4.1],[-158.84,3.78],[-158.5,3.37],[-158.73,3.33],[-159.03,3.66],[-159.42,3.72],[-159.68,3.88],[-159.38,4.1]],[[-158.6,2.98],[-158.56,2.66],[-158.86,2.88],[-158.85,3.19],[-158.6,2.98]],[[-157.25,1.39],[-157.47,1.5],[-157.45,1.65],[-157.75,1.73],[-157.68,2.04],[-157.33,2.16],[-156.99,2.01],[-156.89,1.66],[-157.18,1.58],[-157.25,1.39]],[[-174.6,-0.67],[-174.6,-1.01],[-174.78,-0.95],[-174.82,-0.74],[-174.6,-0.67]],[[-174.75,-1.97],[-175.08,-1.56],[-174.83,-1.49],[-174.74,-1.67],[-174.47,-1.67],[-174.39,-1.91],[-174.75,-1.97]],[[-171.52,-3],[-171.76,-2.98],[-171.83,-2.67],[-171.52,-2.75],[-171.52,-3]],[[-172.16,-4.65],[-172.37,-4.43],[-172.16,-4.35],[-172,-4.49],[-172.16,-4.65]],[[-140.42,-7.72],[-140.18,-7.61],[-139.86,-7.8],[-139.91,-8.02],[-140.41,-7.98],[-140.64,-8.18],[-140.82,-7.99],[-140.67,-7.75],[-140.42,-7.72]],[[-140.5,-8.91],[-140.86,-8.76],[-140.83,-8.55],[-140.51,-8.58],[-140.5,-8.91]],[[-139.78,-8.65],[-139.38,-8.77],[-139.34,-9.02],[-140.06,-9.13],[-140.3,-9.05],[-140.38,-8.77],[-140.28,-8.66],[-139.78,-8.65]],[[-140.18,-9.21],[-139.91,-9.27],[-139.92,-9.48],[-140.09,-9.62],[-140.26,-9.38],[-140.18,-9.21]],[[-139.25,-9.65],[-139.02,-9.56],[-138.67,-9.72],[-138.72,-10.09],[-139.08,-10.15],[-139.25,-10.01],[-139.25,-9.65]],[[-138.52,-10.62],[-138.81,-10.57],[-138.76,-10.33],[-138.55,-10.32],[-138.52,-10.62]],[[-179.06,-10.74],[-179.35,-10.7],[-179.24,-10.5],[-179.06,-10.74]],[[-171.67,-9.22],[-171.87,-9.34],[-172.01,-9.17],[-171.78,-9],[-171.67,-9.22]],[[-157.95,-9.2],[-158.12,-9.07],[-158.09,-8.81],[-157.8,-8.83],[-157.84,-9.2],[-157.95,-9.2]],[[-161.83,-7.94],[-161.95,-7.92],[-161.96,-7.61],[-161.75,-7.58],[-161.83,-7.94]],[[-173.98,-12.13],[-173.78,-12.25],[-173.89,-12.41],[-174.13,-12.26],[-173.98,-12.13]],[[-174.24,-12.23],[-174.2,-12.57],[-174.45,-12.62],[-174.54,-12.32],[-174.86,-12.38],[-174.89,-12.19],[-174.67,-12.15],[-174.24,-12.23]],[[-176.58,-12.4],[-176.56,-12.61],[-176.81,-12.7],[-176.98,-12.48],[-176.81,-12.34],[-176.58,-12.4]],[[-175.36,-12.69],[-175.57,-12.99],[-175.7,-12.79],[-175.36,-12.69]],[[-116.3,-13.35],[-115.83,-13.36],[-115.75,-13.58],[-116.3,-13.35]],[[-171.37,-13.83],[-171.16,-14.17],[-171.5,-14.14],[-172.34,-14.14],[-172.36,-13.88],[-172.62,-13.89],[-172.95,-13.47],[-172.99,-13.32],[-173.37,-13.2],[-173.32,-13.06],[-172.93,-13.17],[-172.75,-13.37],[-172.48,-13.07],[-172.11,-13.14],[-171.98,-13.45],[-171.37,-13.83]],[[-149.31,-13.99],[-149.18,-14.21],[-149.52,-14.32],[-149.61,-14.15],[-149.31,-13.99]],[[-144.51,-14.23],[-144.72,-14.47],[-145.29,-14.82],[-145.35,-14.62],[-145.04,-14.22],[-144.51,-14.23]],[[-141.38,-14.98],[-141.23,-15.09],[-141.17,-15.41],[-141.38,-15.55],[-141.46,-15.34],[-141.38,-14.98]],[[-140.97,-15.44],[-140.67,-15.41],[-140.57,-15.55],[-140.32,-15.53],[-140.22,-15.81],[-139.94,-15.79],[-139.87,-15.94],[-140.02,-16.27],[-140.41,-16.24],[-140.55,-16.34],[-140.84,-16.2],[-140.9,-16.52],[-141.33,-16.49],[-141.59,-16.14],[-141.37,-15.78],[-141.37,-15.6],[-140.97,-15.44]],[[-104.59,-16.6],[-104.24,-16.56],[-104.31,-16.77],[-104.76,-16.8],[-104.59,-16.6]],[[-142.73,-17.09],[-142.41,-17.26],[-142.18,-17.26],[-142.02,-17.4],[-142.15,-17.73],[-141.99,-18.28],[-142.06,-18.42],[-141.68,-18.64],[-141.53,-18.96],[-141.81,-18.95],[-141.94,-18.62],[-142.19,-18.57],[-142.37,-18.22],[-142.51,-18.11],[-142.47,-17.71],[-142.73,-17.71],[-142.84,-17.49],[-143.28,-17.16],[-143.36,-17.58],[-143.56,-17.57],[-143.58,-17.34],[-143.81,-17.3],[-143.89,-17.08],[-144.29,-17.25],[-144.87,-16.98],[-145.68,-16.79],[-145.8,-16.56],[-146.04,-16.54],[-146.34,-16.66],[-147.13,-16.37],[-147.26,-16.2],[-147.51,-15.46],[-147.9,-15.49],[-148.42,-15.29],[-148.45,-15.18],[-148.93,-14.94],[-148.78,-14.69],[-148.4,-14.84],[-148.42,-14.62],[-148.13,-14.43],[-147.99,-14.21],[-147.85,-14.54],[-147.23,-14.74],[-146.78,-15.07],[-146.42,-15.19],[-146.13,-15.21],[-146,-15.46],[-145.64,-15.22],[-145.47,-15.22],[-145.27,-15],[-145.1,-15.25],[-144.84,-15.38],[-144.5,-15.67],[-144.48,-15.82],[-143.94,-16.15],[-143.63,-15.97],[-143.41,-16.14],[-143.54,-16.44],[-143.23,-16.58],[-143.06,-16.82],[-142.92,-16.54],[-142.65,-16.59],[-142.57,-16.96],[-142.73,-17.09]],[[-138.25,-17.16],[-138.04,-17.27],[-138.31,-17.47],[-138.64,-17.42],[-138.6,-17.25],[-138.25,-17.16]],[[-140.88,-17.69],[-140.64,-17.54],[-140.51,-17.77],[-140.79,-17.98],[-140.78,-18.08],[-140.43,-18.5],[-140.96,-18.53],[-141.16,-18.17],[-140.88,-17.69]],[[-136.96,-18.13],[-136.82,-18.22],[-136.92,-18.52],[-137.14,-18.38],[-137.2,-18.2],[-136.96,-18.13]],[[-136.46,-18.34],[-136.19,-18.42],[-136.17,-18.67],[-136.41,-18.69],[-136.63,-18.54],[-136.46,-18.34]],[[-139.37,-20.23],[-139.18,-20.44],[-139.34,-20.62],[-139.75,-20.25],[-139.37,-20.23]],[[-138.95,-20.58],[-138.7,-20.69],[-138.47,-20.66],[-138.37,-20.83],[-138.5,-21],[-138.95,-20.58]],[[-80.76,-20.61],[-80.67,-20.68],[-80.73,-20.98],[-80.9,-21.24],[-81.05,-21.25],[-81.23,-21.55],[-81.03,-21.97],[-81.19,-22.3],[-81.56,-22.28],[-81.58,-22.06],[-81.38,-21.68],[-81.67,-21.74],[-81.84,-21.66],[-81.8,-21.23],[-81.41,-21.1],[-81.09,-20.87],[-80.95,-20.62],[-80.76,-20.61]],[[-81.7,-22.44],[-81.5,-22.7],[-81.78,-22.89],[-81.92,-22.78],[-81.7,-22.44]],[[-82.76,-22.91],[-82.77,-23.14],[-83.03,-23.23],[-83.19,-23.03],[-82.76,-22.91]],[[-82.36,-23.23],[-82.03,-23.14],[-81.86,-23.25],[-81.9,-23.52],[-82.22,-23.62],[-82.36,-23.23]],[[-128.22,-24.2],[-128.34,-24.48],[-128.72,-24.28],[-128.22,-24.2]],[[-94.7,-24.35],[-94.59,-24.45],[-94.59,-24.81],[-94.82,-25.09],[-94.96,-25.05],[-94.7,-24.35]],[[-87.69,-24.52],[-87.36,-24.53],[-87.36,-24.7],[-87.67,-24.66],[-87.69,-24.52]],[[-82.12,-24.81],[-81.87,-24.96],[-81.79,-25.53],[-82.05,-25.45],[-82.4,-25.73],[-82.61,-25.69],[-82.37,-25.4],[-82.45,-24.99],[-82.12,-24.81]],[[-82.82,-25.79],[-83.27,-25.89],[-83.74,-25.78],[-83.86,-25.94],[-84.06,-25.79],[-83.65,-25.57],[-83.41,-25.67],[-83.28,-25.56],[-82.79,-25.53],[-82.82,-25.79]],[[-84.6,-25.69],[-84.2,-25.84],[-84.24,-26.01],[-84.87,-25.91],[-84.88,-25.72],[-84.6,-25.69]],[[-80.17,-26.13],[-79.81,-26.19],[-79.71,-26.38],[-79.79,-26.59],[-80.12,-26.46],[-80.17,-26.13]],[[-100.59,-26.8],[-100.63,-27.04],[-100.84,-27.07],[-100.8,-26.76],[-100.59,-26.8]],[[-143.24,-28.1],[-143.36,-28.28],[-143.61,-28.15],[-143.55,-27.39],[-143.36,-27.38],[-143.18,-27.54],[-143.17,-27.76],[-143.36,-27.98],[-143.24,-28.1]],[[-144.84,-27.53],[-144.84,-27.38],[-144.57,-27.17],[-144.34,-27.42],[-144.07,-27.29],[-143.74,-27.36],[-143.77,-27.52],[-144.04,-27.57],[-143.79,-27.85],[-143.73,-28.08],[-143.93,-28.15],[-144.29,-27.78],[-144.84,-27.53]],[[-174.07,-27.74],[-174.38,-27.67],[-174.31,-27.44],[-174.02,-27.57],[-174.07,-27.74]],[[-146.67,-27.13],[-146.9,-26.86],[-146.75,-26.74],[-146.58,-26.95],[-146.67,-27.13]],[[-147.14,-26.3],[-147.1,-25.88],[-146.91,-25.69],[-146.63,-25.84],[-146.44,-25.73],[-146.22,-25.91],[-146.31,-26.22],[-146.6,-26.18],[-147.02,-26.6],[-147.14,-26.3]],[[-148.24,-25.25],[-148.44,-25.27],[-148.51,-24.98],[-148.28,-24.87],[-148.15,-25.02],[-148.24,-25.25]],[[-125.04,-24.9],[-125.16,-24.56],[-124.43,-24.53],[-124.5,-24.75],[-124.73,-24.75],[-124.73,-24.96],[-125.04,-24.9]],[[-145.74,-24.75],[-145.9,-24.82],[-146.13,-24.72],[-146.06,-24.5],[-145.73,-24.53],[-145.74,-24.75]],[[-148.37,-24.5],[-148.69,-24.54],[-148.69,-24.32],[-148.36,-24.22],[-148.37,-24.5]],[[-147.69,-24.02],[-147.92,-23.88],[-147.94,-23.74],[-147.51,-23.72],[-147.48,-24],[-147.69,-24.02]],[[-149.26,-23.42],[-149.4,-23.54],[-149.64,-23.4],[-149.54,-23.23],[-149.26,-23.42]],[[-151.13,-22.86],[-151.42,-22.73],[-151.5,-22.4],[-151.18,-22.39],[-151.25,-22.63],[-151.13,-22.86]],[[-136.28,-22.1],[-136.37,-21.84],[-136.08,-21.87],[-136.1,-22.11],[-136.28,-22.1]],[[-140.69,-21.84],[-140.8,-21.61],[-140.47,-21.55],[-140.5,-21.81],[-140.69,-21.84]],[[-137.04,-21.46],[-137.04,-21.04],[-136.82,-20.99],[-136.68,-21.16],[-136.32,-21.19],[-136.12,-21.46],[-135.89,-21.36],[-135.49,-21.36],[-135.31,-21.59],[-135.54,-21.76],[-135.73,-21.59],[-136.12,-21.72],[-136.4,-21.71],[-136.85,-21.41],[-137.04,-21.46]],[[-137.54,-21.02],[-137.43,-20.91],[-137.18,-21.09],[-137.37,-21.24],[-137.54,-21.02]],[[-138.37,-21.73],[-138.77,-21.97],[-139.08,-22],[-139.18,-21.82],[-138.95,-21.68],[-138.53,-21.61],[-138.37,-21.73]],[[-133.43,-22.51],[-133.58,-22.79],[-134.02,-22.8],[-133.97,-22.65],[-133.43,-22.51]],[[-135.07,-22.95],[-134.79,-22.97],[-134.75,-23.23],[-134.88,-23.46],[-135.12,-23.28],[-135.4,-23.19],[-135.07,-22.95]],[[-96.56,-24.95],[-96.44,-25.17],[-96.86,-25.22],[-97.41,-25.21],[-97.91,-24.96],[-98.65,-25.24],[-99.14,-25.06],[-99.04,-24.93],[-98.47,-24.98],[-98.11,-24.82],[-97.61,-24.78],[-97.17,-25.03],[-96.93,-25.08],[-96.56,-24.95]],[[-91.44,-25.15],[-91.43,-24.95],[-91.14,-24.91],[-90.74,-25.03],[-91.08,-25.18],[-91.44,-25.15]],[[-88.77,-24.93],[-88.54,-24.82],[-88.24,-24.86],[-87.82,-25.12],[-87.85,-25.29],[-88.18,-25.25],[-88.72,-25.07],[-88.77,-24.93]],[[-85.25,-25.28],[-85.13,-25.46],[-85.25,-25.82],[-85.42,-25.85],[-85.64,-25.68],[-85.66,-25.49],[-85.25,-25.28]],[[-86.08,-25.7],[-86.11,-25.89],[-86.94,-25.95],[-86.99,-25.82],[-86.78,-25.56],[-86.58,-25.51],[-86.38,-25.69],[-86.08,-25.7]],[[-90.5,-25.87],[-91.02,-25.95],[-90.85,-25.72],[-90.5,-25.87]],[[-95.83,-25.99],[-95.81,-25.8],[-95.53,-25.67],[-95.23,-25.7],[-95.39,-25.95],[-95.83,-25.99]],[[-102.13,-26.76],[-101.97,-26.77],[-101.96,-27.15],[-102.14,-27.13],[-102.3,-26.92],[-102.13,-26.76]],[[-146.26,-26.59],[-146.53,-26.8],[-146.72,-26.68],[-146.54,-26.45],[-146.26,-26.59]],[[-120.34,-25.81],[-120.58,-25.51],[-120.32,-25.49],[-120.34,-25.81]],[[-101.01,-25.28],[-101.03,-25.06],[-100.54,-24.98],[-99.77,-25.03],[-99.26,-25.01],[-99.17,-25.27],[-99.33,-25.4],[-99.53,-25.27],[-99.91,-25.2],[-100.56,-25.18],[-101.01,-25.28]],[[-121.9,-24.96],[-121.94,-24.79],[-121.71,-24.66],[-121.48,-24.8],[-121.9,-24.96]],[[-90.41,-25.25],[-90.39,-24.96],[-90.14,-25.03],[-90.13,-25.28],[-90.41,-25.25]],[[-87.41,-25.34],[-87.22,-25.31],[-87.07,-25.54],[-87.43,-25.55],[-87.41,-25.34]],[[-89.03,-25.4],[-89.02,-25.68],[-89.47,-25.61],[-89.52,-25.49],[-89.03,-25.4]],[[-92.64,-25.66],[-93.07,-25.62],[-93,-25.41],[-92.68,-25.5],[-92.64,-25.66]],[[-94.91,-25.79],[-95.01,-25.6],[-94.58,-25.54],[-94.5,-25.78],[-94.91,-25.79]],[[-100.3,-25.81],[-100.63,-26.13],[-101.02,-25.98],[-101.09,-25.82],[-100.85,-25.7],[-100.4,-25.64],[-100.3,-25.81]],[[-101.2,-25.93],[-101.13,-26.08],[-101.48,-26.22],[-101.47,-26.02],[-101.2,-25.93]],[[-105.12,-26.5],[-105.25,-26.6],[-105.77,-26.5],[-106.04,-26.56],[-106.19,-26.77],[-106.74,-26.48],[-106.78,-26.34],[-106.45,-26.23],[-106.23,-26.34],[-105.61,-26.26],[-105.08,-26.31],[-105.12,-26.5]],[[-109.27,-27.3],[-109.67,-27.39],[-109.76,-27.02],[-109.44,-26.94],[-109.08,-26.98],[-108.99,-27.22],[-109.27,-27.3]],[[-113.48,-26.85],[-113.66,-26.95],[-114.12,-26.86],[-114.09,-26.6],[-113.48,-26.85]],[[-114.65,-26.52],[-115.07,-26.25],[-114.77,-26.18],[-114.65,-26.52]],[[-116.59,-26.02],[-116.54,-25.87],[-116.23,-25.84],[-116.06,-26.02],[-116.59,-26.02]],[[-99.88,-25.54],[-99.88,-25.39],[-99.62,-25.32],[-99.57,-25.55],[-99.88,-25.54]],[[-102.03,-25.81],[-102.05,-25.95],[-102.39,-26.28],[-102.51,-25.96],[-102.03,-25.81]],[[-92.63,-25.45],[-92.3,-25.27],[-91.99,-25.3],[-91.94,-25.56],[-92.32,-25.57],[-92.63,-25.45]],[[-143.08,-20.83],[-143.41,-20.69],[-143.26,-20.47],[-142.97,-20.6],[-143.08,-20.83]],[[-158.4,-19.97],[-158.38,-19.72],[-158.22,-19.7],[-158.02,-20.05],[-158.4,-19.97]],[[-169.77,-19.2],[-170.05,-19.09],[-169.98,-18.92],[-169.69,-18.98],[-169.77,-19.2]],[[-159.92,-18.99],[-159.73,-18.68],[-159.62,-18.94],[-159.92,-18.99]],[[-149.68,-17.75],[-150.04,-17.56],[-149.9,-17.36],[-149.28,-17.33],[-149.02,-17.76],[-149.03,-17.94],[-149.44,-18.05],[-149.68,-17.75]],[[-145.3,-17.7],[-146.02,-17.12],[-145.74,-17],[-145.33,-17.3],[-145.15,-17.57],[-144.87,-17.8],[-144.9,-17.97],[-145.3,-17.7]],[[-151.22,-16.93],[-151.45,-17.03],[-151.66,-16.72],[-151.92,-16.56],[-151.93,-16.16],[-151.7,-16.14],[-151.6,-16.38],[-151.37,-16.44],[-151.25,-16.62],[-151.22,-16.93]],[[-154.58,-16.68],[-154.86,-16.52],[-154.68,-16.34],[-154.54,-16.42],[-154.58,-16.68]],[[-151.03,-16.9],[-151.11,-16.6],[-150.91,-16.6],[-150.83,-16.82],[-151.03,-16.9]],[[-140.22,-19.72],[-140.5,-19.74],[-140.54,-19.52],[-140.24,-19.54],[-140.22,-19.72]],[[-144.89,-19.72],[-144.91,-20.03],[-145.24,-19.87],[-144.89,-19.72]],[[-150.75,-19.13],[-150.94,-19.38],[-151.13,-19.21],[-150.75,-19.13]],[[-151.73,-19.24],[-151.68,-19.08],[-151.39,-19.08],[-151.49,-19.37],[-151.73,-19.24]],[[-170.1,-14.58],[-170.2,-14.44],[-170.52,-14.37],[-170.85,-14.46],[-171,-14.24],[-170.75,-14.12],[-170.48,-14.12],[-170.13,-14.25],[-169.71,-14.54],[-169.8,-14.66],[-170.1,-14.58]],[[-169.59,-14.35],[-169.91,-14.1],[-169.68,-14.03],[-169.32,-14.12],[-169.32,-14.33],[-169.59,-14.35]],[[-150.22,-14.16],[-149.93,-14.11],[-149.83,-14.49],[-150.05,-14.52],[-150.07,-14.3],[-150.22,-14.16]],[[-149.18,-14.55],[-149.08,-14.42],[-148.85,-14.58],[-149.14,-14.91],[-149.18,-14.55]],[[-146.51,-14.41],[-146.4,-14.3],[-145.74,-14.23],[-145.6,-14.32],[-145.86,-14.54],[-146.36,-14.68],[-146.51,-14.41]],[[-144.58,-14.83],[-144.45,-15.04],[-144.82,-15.09],[-144.85,-14.86],[-144.58,-14.83]],[[-142.27,-15.68],[-142.03,-15.84],[-142.44,-16.36],[-142.63,-16.26],[-142.57,-15.98],[-142.27,-15.68]],[[-143.11,-16.2],[-142.87,-16.32],[-143.13,-16.57],[-143.36,-16.43],[-143.38,-16.25],[-143.11,-16.2]],[[-142.06,-16.78],[-141.93,-16.69],[-141.71,-16.89],[-141.99,-16.99],[-142.06,-16.78]],[[-175.96,-13.36],[-176.07,-13.58],[-176.41,-13.39],[-176.35,-13.06],[-176.22,-12.98],[-175.96,-13.19],[-175.96,-13.36]],[[-176.9,-13.47],[-176.86,-13.69],[-177.11,-13.81],[-177.1,-13.49],[-176.9,-13.47]],[[-179.01,-12.95],[-179.3,-12.96],[-179.4,-12.7],[-179.02,-12.69],[-179.01,-12.95]],[[-174.63,-13.15],[-174.68,-12.96],[-174.25,-12.92],[-174.18,-13.19],[-174.63,-13.15]],[[-176.17,-12.28],[-175.84,-12.08],[-175.73,-12.34],[-176.17,-12.28]],[[-175.39,-16.04],[-174.99,-16.52],[-175.31,-16.64],[-175.4,-16.42],[-175.6,-16.42],[-175.64,-16.62],[-176,-16.74],[-175.92,-16.34],[-175.6,-16.1],[-175.39,-16.04]],[[-176.53,-16],[-176.24,-16.02],[-176.23,-16.26],[-177.09,-16.07],[-176.99,-15.93],[-176.53,-16]],[[-175.78,-17.77],[-175.74,-18.02],[-175.99,-18.08],[-175.98,-17.79],[-175.78,-17.77]],[[-177.48,-19.28],[-177.6,-19.08],[-177.58,-18.42],[-177.47,-18.28],[-177.17,-18.41],[-177.17,-18.87],[-177.26,-19.11],[-177.48,-19.28]],[[-176.89,-20.8],[-176.72,-21.05],[-176.59,-21.55],[-176.98,-21.7],[-176.99,-21.96],[-177.33,-21.77],[-177.38,-21.57],[-177.07,-21.55],[-177.19,-21.23],[-177.22,-20.84],[-176.89,-20.8]],[[-177.83,-26.6],[-178.08,-26.3],[-177.74,-26.28],[-177.83,-26.6]],[[-77.55,-33.35],[-77.65,-33.73],[-77.86,-33.58],[-77.55,-33.35]],[[-78.25,-33.46],[-78.41,-33.87],[-78.99,-33.89],[-79.25,-33.7],[-78.91,-33.39],[-78.61,-33.5],[-78.25,-33.46]],[[-80.59,-33.87],[-80.85,-33.93],[-81.09,-33.8],[-81.01,-33.65],[-80.59,-33.59],[-80.59,-33.87]],[[-124.8,-33.95],[-125.06,-33.89],[-125.22,-33.64],[-124.83,-33.38],[-124.62,-33.4],[-124.8,-33.95]],[[-79.9,-33.79],[-79.86,-33.63],[-79.53,-33.61],[-79.58,-33.82],[-79.9,-33.79]],[[-121.7,-34.58],[-121.43,-34.55],[-121.44,-35.02],[-121.67,-34.81],[-121.7,-34.58]],[[-114.48,-35.79],[-114.48,-35.96],[-114.72,-36.05],[-114.7,-36.25],[-114.96,-36.55],[-115.26,-36.51],[-115.09,-36.27],[-115.13,-36],[-114.48,-35.79]],[[-114.33,-36.25],[-114,-36.13],[-113.83,-36.34],[-114.17,-36.42],[-114.33,-36.25]],[[-125.03,-36.12],[-125.33,-36.25],[-125.5,-35.9],[-125.24,-35.87],[-125.03,-36.12]],[[-116.23,-35.85],[-116.02,-35.73],[-115.82,-35.81],[-115.63,-35.66],[-115.39,-35.74],[-115.62,-36],[-116.11,-36.02],[-116.23,-35.85]],[[-125.89,-35.18],[-126.21,-35.16],[-126.21,-34.95],[-125.88,-34.8],[-125.89,-35.18]],[[-132.33,-35],[-132.45,-35.12],[-133,-34.81],[-132.8,-34.68],[-132.4,-34.85],[-132.33,-35]],[[-112.95,-36.62],[-113.23,-36.93],[-113.46,-36.89],[-113.65,-37.06],[-114.13,-37.02],[-113.98,-36.79],[-113.76,-36.88],[-113.38,-36.64],[-112.95,-36.62]],[[-122.42,-37.17],[-122.74,-37.21],[-123.12,-37.05],[-123.12,-36.86],[-122.45,-37.05],[-122.42,-37.17]],[[-114.26,-37.41],[-115.03,-37.51],[-114.88,-37.3],[-114.53,-37.25],[-114.26,-37.41]]]},"properties":{"scalerank":0,"featurecla":"Bathymetry","depth":2000}},
{"type":"Feature","geometry":{"type":"Polygon","coordinates":[[[139.9,88.37],[139.98,88.44],[139.52,88.42],[139.51,88.38],[139.9,88.37]]]},"properties":{"scalerank":0,"featurecla":"Bathymetry","depth":2000}},
{"type":"Feature","geometry":{"type":"Polygon","coordinates":[[[-49.02,87.03],[-49.12,87.06],[-49.92,87.04],[-49.02,87.03]]]},"properties":{"scalerank":0,"featurecla":"Bathymetry","depth":2000}},
{"type":"Feature","geometry":{"type":"Polygon","coordinates":[[[146.86,85.35],[146.2,85.36],[146.15,85.29],[146.86,85.35]]]},"properties":{"scalerank":0,"featurecla":"Bathymetry","depth":2000}},
{"type":"Feature","geometry":{"type":"Polygon","coordinates":[[[-170.8,84.8],[-172.15,84.79],[-171.95,84.7],[-170.51,84.69],[-170.8,84.8]]]},"properties":{"scalerank":0,"featurecla":"Bathymetry","depth":2000}},
{"type":"Feature","geometry":{"type":"Polygon","coordinates":[[[-115.19,84.75],[-115.49,84.78],[-115.77,84.73],[-115.71,84.7],[-115.19,84.75]]]},"properties":{"scalerank":0,"featurecla":"Bathymetry","depth":2000}},
{"type":"Feature","geometry":{"type":"Polygon","coordinates":[[[-93.02,83.95],[-92.16,83.78],[-91.25,83.9],[-93.02,83.95]]]},"properties":{"scalerank":0,"featurecla":"Bathymetry","depth":2000}},
{"type":"Feature","geometry":{"type":"Polygon","coordinates":[[[-119.76,79.33],[-119.83,79.37],[-120.01,79.29],[-119.76,79.33]]]},"properties":{"scalerank":0,"featurecla":"Bathymetry","depth":2000}},
{"type":"Feature","geometry":{"type":"Polygon","coordinates":[[[176.45,78.63],[176.28,78.61],[176.5,78.48],[176.69,78.51],[176.45,78.63]]]},"properties":{"scalerank":0,"featurecla":"Bathymetry","depth":2000}},
{"type":"Feature","geometry":{"type":"Polygon","coordinates":[[[-161.54,77.68],[-161.44,78.01],[-162.21,78.01],[-162.44,77.59],[-162.96,77.18],[-162.37,77.12],[-161.54,77.68]]]},"properties":{"scalerank":0,"featurecla":"Bathymetry","depth":2000}},
{"type":"Feature","geometry":{"type":"Polygon","coordinates":[[[-155.54,78.05],[-155.5,78.17],[-156.34,78],[-155.71,77.98],[-155.54,78.05]]]},"properties":{"scalerank":0,"featurecla":"Bathymetry","depth":2000}},
{"type":"Feature","geometry":{"type":"Polygon","coordinates":[[[-174.67,77.62],[-174.91,77.61],[-175.06,77.52],[-174.99,77.5],[-174.67,77.62]]]},"properties":{"scalerank":0,"featurecla":"Bathymetry","depth":2000}},
{"type":"Feature","geometry":{"type":"Polygon","coordinates":[[[-158.66,77.21],[-158.76,77.27],[-158.96,77.2],[-158.66,77.21]]]},"properties":{"scalerank":0,"featurecla":"Bathymetry","depth":2000}},
{"type":"Feature","geometry":{"type":"Polygon","coordinates":[[[-3.74,77.12],[-4.02,77.09],[-3.93,77.06],[-3.64,77.07],[-3.74,77.12]]]},"properties":{"scalerank":0,"featurecla":"Bathymetry","depth":2000}},
{"type":"Feature","geometry":{"type":"Polygon","coordinates":[[[-160.19,77.04],[-160.49,77.09],[-160.51,77.01],[-160.19,77.04]]]},"properties":{"scalerank":0,"featurecla":"Bathymetry","depth":2000}},
{"type":"Feature","geometry":{"type":"Polygon","coordinates":[[[-169.84,76.76],[-169.68,76.85],[-170.06,76.85],[-169.84,76.76]]]},"properties":{"scalerank":0,"featurecla":"Bathymetry","depth":2000}},
{"type":"Feature","geometry":{"type":"Polygon","coordinates":[[[-175.73,76.72],[-175.41,76.79],[-175.73,76.78],[-175.73,76.72]]]},"properties":{"scalerank":0,"featurecla":"Bathymetry","depth":2000}},
{"type":"Feature","geometry":{"type":"Polygon","coordinates":[[[-162.48,76.35],[-162.78,76.08],[-163.36,76.07],[-163.52,75.75],[-162.52,76.02],[-162.48,76.35]]]},"properties":{"scalerank":0,"featurecla":"Bathymetry","depth":2000}},
{"type":"Feature","geometry":{"type":"Polygon","coordinates":[[[-160.37,75.74],[-160.12,75.98],[-160.83,75.93],[-160.37,75.74]]]},"properties":{"scalerank":0,"featurecla":"Bathymetry","depth":2000}},
{"type":"Feature","geometry":{"type":"Polygon","coordinates":[[[-162.34,75.5],[-162.46,75.59],[-162.75,75.55],[-162.62,75.49],[-162.34,75.5]]]},"properties":{"scalerank":0,"featurecla":"Bathymetry","depth":2000}},
{"type":"Feature","geometry":{"type":"Polygon","coordinates":[[[-160.54,75.35],[-160.26,75.61],[-161.5,75.58],[-161.96,75.28],[-160.23,75.1],[-160.54,75.35]]]},"properties":{"scalerank":0,"featurecla":"Bathymetry","depth":2000}},
{"type":"Feature","geometry":{"type":"Polygon","coordinates":[[[-162.41,75.15],[-162.38,75.22],[-162.71,75.17],[-162.41,75.15]]]},"properties":{"scalerank":0,"featurecla":"Bathymetry","depth":2000}},
{"type":"Feature","geometry":{"type":"Polygon","coordinates":[[[-7.13,71.14],[-7.35,71.15],[-7.58,71.14],[-7.1,71.06],[-7.13,71.14]]]},"properties":{"scalerank":0,"featurecla":"Bathymetry","depth":2000}},
{"type":"Feature","geometry":{"type":"Polygon","coordinates":[[[-5.95,70.88],[-5.98,71.12],[-6.57,70.98],[-5.95,70.88]]]},"properties":{"scalerank":0,"featurecla":"Bathymetry","depth":2000}},
{"type":"Feature","geometry":{"type":"Polygon","coordinates":[[[-14.48,70.8],[-14.64,70.8],[-14.86,70.72],[-14.78,70.66],[-14.48,70.8]]]},"properties":{"scalerank":0,"featurecla":"Bathymetry","depth":2000}},
{"type":"Feature","geometry":{"type":"Polygon","coordinates":[[[-9.85,70.02],[-10.3,69.87],[-10.3,69.56],[-10.83,68.69],[-10.75,68.4],[-9.95,68.54],[-9.53,68.5],[-9.67,69.21],[-9.05,69.2],[-8.62,69.34],[-8.74,69.57],[-9.53,69.98],[-9.85,70.02]]]},"properties":{"scalerank":0,"featurecla":"Bathymetry","depth":2000}},
{"type":"Feature","geometry":{"type":"Polygon","coordinates":[[[-62.98,69.89],[-62.5,69.62],[-62.08,69.81],[-62.98,69.89]]]},"properties":{"scalerank":0,"featurecla":"Bathymetry","depth":2000}},
{"type":"Feature","geometry":{"type":"Polygon","coordinates":[[[-60.89,69.43],[-61.01,69.49],[-61.2,69.46],[-61.28,69.42],[-60.89,69.43]]]},"properties":{"scalerank":0,"featurecla":"Bathymetry","depth":2000}},
{"type":"Feature","geometry":{"type":"Polygon","coordinates":[[[-8.24,68.69],[-8.51,68.74],[-8.62,68.59],[-8.82,68.58],[-8.91,68.44],[-8.61,68.48],[-8.24,68.69]]]},"properties":{"scalerank":0,"featurecla":"Bathymetry","depth":2000}},
{"type":"Feature","geometry":{"type":"Polygon","coordinates":[[[-9.96,68.02],[-9.86,68.06],[-9.96,68.11],[-10.15,68.04],[-9.96,68.02]]]},"properties":{"scalerank":0,"featurecla":"Bathymetry","depth":2000}},
{"type":"Feature","geometry":{"type":"Polygon","coordinates":[[[-38.92,62.96],[-38.89,63.04],[-39.05,63.02],[-39.06,62.95],[-38.92,62.96]]]},"properties":{"scalerank":0,"featurecla":"Bathymetry","depth":2000}},
{"type":"Feature","geometry":{"type":"Polygon","coordinates":[[[-29.67,62.25],[-29.54,62.27],[-29.35,62.33],[-29.67,62.25]]]},"properties":{"scalerank":0,"featurecla":"Bathymetry","depth":2000}},
{"type":"Feature","geometry":{"type":"Polygon","coordinates":[[[139.1,45.7],[139.12,45.79],[138.98,45.86],[139.01,45.71],[139.1,45.7]]]},"properties":{"scalerank":0,"featurecla":"Bathymetry","depth":2000}},
{"type":"Feature","geometry":{"type":"Polygon","coordinates":[[[138.82,44.88],[138.83,45.07],[139.06,45.29],[139.32,45.38],[139.1,45.48],[138.98,45.29],[138.74,45.19],[138.65,44.97],[138.82,44.88]]]},"properties":{"scalerank":0,"featurecla":"Bathymetry","depth":2000}},
{"type":"Feature","geometry":{"type":"Polygon","coordinates":[[[138.55,45.17],[138.34,45.19],[138.2,45.08],[138.45,44.98],[138.55,45.17]]]},"properties":{"scalerank":0,"featurecla":"Bathymetry","depth":2000}},
{"type":"Feature","geometry":{"type":"Polygon","coordinates":[[[29.23,42.79],[29.3,42.91],[29.09,42.99],[29.23,42.79]]]},"properties":{"scalerank":0,"featurecla":"Bathymetry","depth":2000}},
{"type":"Feature","geometry":{"type":"Polygon","coordinates":[[[39.77,41.58],[39.65,41.71],[39.48,41.35],[39.79,41.38],[39.77,41.58]]]},"properties":{"scalerank":0,"featurecla":"Bathymetry","depth":2000}},
{"type":"Feature","geometry":{"type":"Polygon","coordinates":[[[129.26,39.24],[129.05,39.39],[129.02,39.25],[129.26,39.24]]]},"properties":{"scalerank":0,"featurecla":"Bathymetry","depth":2000}},
{"type":"Feature","geometry":{"type":"Polygon","coordinates":[[[-27.64,38.84],[-27.56,38.97],[-27.74,39],[-27.76,38.89],[-27.64,38.84]]]},"properties":{"scalerank":0,"featurecla":"Bathymetry","depth":2000}},
{"type":"Feature","geometry":{"type":"Polygon","coordinates":[[[-29.73,38.41],[-29.85,38.33],[-29.71,38.18],[-29.52,38.14],[-29.73,38.41]]]},"properties":{"scalerank":0,"featurecla":"Bathymetry","depth":2000}},
{"type":"Feature","geometry":{"type":"Polygon","coordinates":[[[-25.94,38.01],[-26.4,38.24],[-26.43,38.02],[-25.94,38.01]]]},"properties":{"scalerank":0,"featurecla":"Bathymetry","depth":2000}},
{"type":"Feature","geometry":{"type":"Polygon","coordinates":[[[-31.15,38.05],[-31.3,38.18],[-31.39,38.05],[-31.15,38.05]]]},"properties":{"scalerank":0,"featurecla":"Bathymetry","depth":2000}},
{"type":"Feature","geometry":{"type":"Polygon","coordinates":[[[-32.23,37.61],[-31.73,37.51],[-31.69,37.65],[-32.23,37.61]]]},"properties":{"scalerank":0,"featurecla":"Bathymetry","depth":2000}},
{"type":"Feature","geometry":{"type":"Polygon","coordinates":[[[-24.72,37.45],[-24.62,37.62],[-24.94,37.7],[-25.03,37.63],[-24.72,37.45]]]},"properties":{"scalerank":0,"featurecla":"Bathymetry","depth":2000}},
{"type":"Feature","geometry":{"type":"Polygon","coordinates":[[[-31.27,37.48],[-31.14,37.57],[-31.17,37.6],[-31.33,37.54],[-31.27,37.48]]]},"properties":{"scalerank":0,"featurecla":"Bathymetry","depth":2000}},
{"type":"Feature","geometry":{"type":"Polygon","coordinates":[[[-31.86,37.13],[-32.18,37.18],[-32.38,37.11],[-32.59,37.2],[-32.83,37.06],[-32.45,37.01],[-31.86,37.13]]]},"properties":{"scalerank":0,"featurecla":"Bathymetry","depth":2000}},
{"type":"Feature","geometry":{"type":"Polygon","coordinates":[[[26.79,35.57],[27.01,35.68],[26.87,35.7],[26.79,35.57]]]},"properties":{"scalerank":0,"featurecla":"Bathymetry","depth":2000}},
{"type":"Feature","geometry":{"type":"Polygon","coordinates":[[[26.33,35.72],[26.05,35.72],[26.14,35.6],[26.33,35.72]]]},"properties":{"scalerank":0,"featurecla":"Bathymetry","depth":2000}},
{"type":"Feature","geometry":{"type":"Polygon","coordinates":[[[24.61,34.75],[24.73,34.86],[24.58,34.89],[24.61,34.75]]]},"properties":{"scalerank":0,"featurecla":"Bathymetry","depth":2000}},
{"type":"Feature","geometry":{"type":"Polygon","coordinates":[[[136.78,33.72],[136.47,33.78],[136.39,33.46],[136.7,33.41],[137.06,33.55],[137.02,33.79],[136.78,33.72]]]},"properties":{"scalerank":0,"featurecla":"Bathymetry","depth":2000}},
{"type":"Feature","geometry":{"type":"Polygon","coordinates":[[[139.92,30.97],[139.7,30.93],[139.95,30.61],[140.05,30.67],[139.92,30.97]]]},"properties":{"scalerank":0,"featurecla":"Bathymetry","depth":2000}},
{"type":"Feature","geometry":{"type":"Polygon","coordinates":[[[-110.54,26.22],[-110.68,26.4],[-110.74,26.34],[-110.54,26.22]]]},"properties":{"scalerank":0,"featurecla":"Bathymetry","depth":2000}},
{"type":"Feature","geometry":{"type":"Polygon","coordinates":[[[126.01,26.23],[125.91,26.4],[125.52,26.22],[125.53,26.01],[124.74,25.63],[124.36,25.56],[123.96,25.27],[123.9,25.14],[124.68,25.1],[125.28,25.37],[125.26,25.75],[125.59,25.63],[125.93,26.03],[126.01,26.23]]]},"properties":{"scalerank":0,"featurecla":"Bathymetry","depth":2000}},
{"type":"Feature","geometry":{"type":"Polygon","coordinates":[[[-109.92,25.63],[-110.12,25.71],[-110.33,25.55],[-110.23,25.27],[-109.92,25.32],[-109.68,25.22],[-109.45,25.27],[-109.82,25.63],[-109.92,25.63]]]},"properties":{"scalerank":0,"featurecla":"Bathymetry","depth":2000}},
{"type":"Feature","geometry":{"type":"Polygon","coordinates":[[[-75.16,22.79],[-75.1,22.92],[-75.28,22.88],[-75.16,22.79]]]},"properties":{"scalerank":0,"featurecla":"Bathymetry","depth":2000}},
{"type":"Feature","geometry":{"type":"Polygon","coordinates":[[[-75.37,22.47],[-75.39,22.57],[-75.66,22.64],[-75.6,22.52],[-75.47,22.45],[-75.37,22.47]]]},"properties":{"scalerank":0,"featurecla":"Bathymetry","depth":2000}},
{"type":"Feature","geometry":{"type":"Polygon","coordinates":[[[-64.05,18.08],[-64.25,18.17],[-64.25,17.95],[-64.05,18.08]]]},"properties":{"scalerank":0,"featurecla":"Bathymetry","depth":2000}},
{"type":"Feature","geometry":{"type":"Polygon","coordinates":[[[-75.58,18.1],[-75.12,18],[-75.04,18.17],[-75.58,18.1]]]},"properties":{"scalerank":0,"featurecla":"Bathymetry","depth":2000}},
{"type":"Feature","geometry":{"type":"Polygon","coordinates":[[[-64.58,18.11],[-64.98,18.09],[-65.46,17.98],[-65.33,17.84],[-65.04,17.83],[-64.63,17.93],[-64.58,18.11]]]},"properties":{"scalerank":0,"featurecla":"Bathymetry","depth":2000}},
{"type":"Feature","geometry":{"type":"Polygon","coordinates":[[[-76.49,17.28],[-76.53,16.78],[-76.24,16.76],[-76.08,16.9],[-76.12,17.17],[-76.49,17.28]]]},"properties":{"scalerank":0,"featurecla":"Bathymetry","depth":2000}},
{"type":"Feature","geometry":{"type":"Polygon","coordinates":[[[-60.43,12],[-60.32,12.15],[-60.06,12.2],[-59.94,12.61],[-60.02,13.03],[-60.19,13.47],[-60.48,13.41],[-60.56,13.1],[-60.7,13.05],[-60.75,12.64],[-60.86,12.38],[-60.58,12.29],[-60.82,11.94],[-60.43,12]]]},"properties":{"scalerank":0,"featurecla":"Bathymetry","depth":2000}},
{"type":"Feature","geometry":{"type":"Polygon","coordinates":[[[-81.62,12.82],[-81.59,12.85],[-81.6,13.2],[-81.69,12.89],[-81.62,12.82]]]},"properties":{"scalerank":0,"featurecla":"Bathymetry","depth":2000}},
{"type":"Feature","geometry":{"type":"Polygon","coordinates":[[[93.95,12.87],[93.73,13.09],[93.54,13.03],[93.46,12.68],[93.65,12.67],[93.86,12.86],[93.89,12.46],[94.24,12.55],[93.95,12.87]]]},"properties":{"scalerank":0,"featurecla":"Bathymetry","depth":2000}},
{"type":"Feature","geometry":{"type":"Polygon","coordinates":[[[47.73,11.88],[47.63,12.08],[47.31,11.81],[47.51,11.67],[47.73,11.88]]]},"properties":{"scalerank":0,"featurecla":"Bathymetry","depth":2000}},
{"type":"Feature","geometry":{"type":"Polygon","coordinates":[[[46.92,12.24],[47.06,12.33],[46.98,12.49],[46.9,12.38],[46.92,12.24]]]},"properties":{"scalerank":0,"featurecla":"Bathymetry","depth":2000}},
{"type":"Feature","geometry":{"type":"Polygon","coordinates":[[[-59.31,12.01],[-58.99,12.34],[-59.21,12.41],[-59.39,12.33],[-59.49,12.1],[-59.31,12.01]]]},"properties":{"scalerank":0,"featurecla":"Bathymetry","depth":2000}},
{"type":"Feature","geometry":{"type":"Polygon","coordinates":[[[46.62,12.37],[46.43,12.34],[46.43,12.16],[46.59,12.25],[46.62,12.37]]]},"properties":{"scalerank":0,"featurecla":"Bathymetry","depth":2000}},
{"type":"Feature","geometry":{"type":"Polygon","coordinates":[[[46.69,11.33],[47.11,11.74],[46.84,11.78],[46.85,11.62],[46.65,11.51],[46.69,11.33]]]},"properties":{"scalerank":0,"featurecla":"Bathymetry","depth":2000}},
{"type":"Feature","geometry":{"type":"Polygon","coordinates":[[[114.73,10.6],[114.85,10.72],[114.77,10.81],[114.73,10.6]]]},"properties":{"scalerank":0,"featurecla":"Bathymetry","depth":2000}},
{"type":"Feature","geometry":{"type":"Polygon","coordinates":[[[114.94,10.15],[114.98,10.34],[114.85,10.29],[114.94,10.15]]]},"properties":{"scalerank":0,"featurecla":"Bathymetry","depth":2000}},
{"type":"Feature","geometry":{"type":"Polygon","coordinates":[[[116.09,9.77],[116.23,9.85],[116.18,9.98],[116.07,9.82],[116.09,9.77]]]},"properties":{"scalerank":0,"featurecla":"Bathymetry","depth":2000}},
{"type":"Feature","geometry":{"type":"Polygon","coordinates":[[[93.11,7.28],[93.12,7.44],[92.99,7.65],[92.9,7.58],[92.99,7.48],[93.03,7.29],[93.11,7.28]]]},"properties":{"scalerank":0,"featurecla":"Bathymetry","depth":2000}},
{"type":"Feature","geometry":{"type":"Polygon","coordinates":[[[112.78,7.56],[112.52,7.54],[112.63,7.37],[112.78,7.56]]]},"properties":{"scalerank":0,"featurecla":"Bathymetry","depth":2000}},
{"type":"Feature","geometry":{"type":"Polygon","coordinates":[[[146.78,7.3],[146.87,7.42],[146.73,7.43],[146.78,7.3]]]},"properties":{"scalerank":0,"featurecla":"Bathymetry","depth":2000}},
{"type":"Feature","geometry":{"type":"Polygon","coordinates":[[[94.97,4.45],[94.95,4.85],[94.77,5.01],[94.75,5.19],[94.52,5.5],[94.49,5.67],[94.18,5.78],[94.31,5.36],[94.33,5.09],[94.64,4.44],[94.67,4.25],[94.97,4.45]]]},"properties":{"scalerank":0,"featurecla":"Bathymetry","depth":2000}},
{"type":"Feature","geometry":{"type":"Polygon","coordinates":[[[126.07,1.25],[126.17,1.32],[126.14,1.5],[126.02,1.41],[126.07,1.25]]]},"properties":{"scalerank":0,"featurecla":"Bathymetry","depth":2000}},
{"type":"Feature","geometry":{"type":"Polygon","coordinates":[[[-90.52,0.85],[-90.48,0.75],[-90.3,0.79],[-90.29,0.84],[-90.52,0.85]]]},"properties":{"scalerank":0,"featurecla":"Bathymetry","depth":2000}},
{"type":"Feature","geometry":{"type":"Polygon","coordinates":[[[129.06,-0.29],[129.07,-0.56],[129.4,-0.59],[129.26,-0.34],[129.06,-0.29]]]},"properties":{"scalerank":0,"featurecla":"Bathymetry","depth":2000}},
{"type":"Feature","geometry":{"type":"Polygon","coordinates":[[[148.85,-1.51],[148.99,-1.37],[148.83,-1.26],[148.85,-1.51]]]},"properties":{"scalerank":0,"featurecla":"Bathymetry","depth":2000}},
{"type":"Feature","geometry":{"type":"Polygon","coordinates":[[[148.53,-1.26],[148.42,-1.27],[148.43,-1.42],[148.48,-1.44],[148.53,-1.26]]]},"properties":{"scalerank":0,"featurecla":"Bathymetry","depth":2000}},
{"type":"Feature","geometry":{"type":"Polygon","coordinates":[[[151.3,-2.23],[151.28,-2.07],[151.17,-2.14],[151.3,-2.23]]]},"properties":{"scalerank":0,"featurecla":"Bathymetry","depth":2000}},
{"type":"Feature","geometry":{"type":"Polygon","coordinates":[[[132.43,-3.86],[132.45,-3.8],[132.29,-3.59],[132.21,-3.57],[132.37,-3.85],[132.43,-3.86]]]},"properties":{"scalerank":0,"featurecla":"Bathymetry","depth":2000}},
{"type":"Feature","geometry":{"type":"Polygon","coordinates":[[[152.11,-3.62],[151.97,-3.65],[151.99,-3.72],[152.11,-3.62]]]},"properties":{"scalerank":0,"featurecla":"Bathymetry","depth":2000}},
{"type":"Feature","geometry":{"type":"Polygon","coordinates":[[[118.58,-4.7],[118.54,-4.46],[118.43,-4.46],[118.51,-4.66],[118.58,-4.7]]]},"properties":{"scalerank":0,"featurecla":"Bathymetry","depth":2000}},
{"type":"Feature","geometry":{"type":"Polygon","coordinates":[[[118.06,-4.7],[118.17,-4.56],[118.05,-4.54],[118.06,-4.7]]]},"properties":{"scalerank":0,"featurecla":"Bathymetry","depth":2000}},
{"type":"Feature","geometry":{"type":"Polygon","coordinates":[[[147.98,-4.47],[147.76,-4.47],[147.68,-4.54],[147.92,-4.54],[147.98,-4.47]]]},"properties":{"scalerank":0,"featurecla":"Bathymetry","depth":2000}},
{"type":"Feature","geometry":{"type":"Polygon","coordinates":[[[104.11,-6.02],[103.7,-5.59],[103.34,-5.39],[103.11,-5.52],[103.4,-5.89],[103.4,-6.11],[103.87,-6.19],[104.06,-6.48],[104.42,-6.56],[104.11,-6.02]]]},"properties":{"scalerank":0,"featurecla":"Bathymetry","depth":2000}},
{"type":"Feature","geometry":{"type":"Polygon","coordinates":[[[127.12,-7.81],[127.04,-7.76],[126.52,-8.05],[126.07,-8.02],[125.77,-8.21],[126.02,-8.38],[126.66,-8.19],[127.08,-8.18],[127.12,-7.81]]]},"properties":{"scalerank":0,"featurecla":"Bathymetry","depth":2000}},
{"type":"Feature","geometry":{"type":"Polygon","coordinates":[[[160.51,-8.15],[160.45,-8.02],[160.33,-8.1],[160.51,-8.15]]]},"properties":{"scalerank":0,"featurecla":"Bathymetry","depth":2000}},
{"type":"Feature","geometry":{"type":"Polygon","coordinates":[[[127.91,-8.69],[128.1,-8.58],[128.18,-8.4],[127.79,-8.36],[127.91,-8.69]]]},"properties":{"scalerank":0,"featurecla":"Bathymetry","depth":2000}},
{"type":"Feature","geometry":{"type":"Polygon","coordinates":[[[125.26,-8.48],[124.46,-8.54],[124.17,-8.66],[123.76,-8.57],[123.53,-8.66],[123.07,-8.69],[122.49,-8.85],[122.15,-8.87],[121.39,-9.1],[121.26,-9.07],[121.09,-9.39],[121.32,-9.6],[121.58,-9.66],[121.69,-9.95],[122.11,-10.1],[122.45,-10.3],[123.08,-10.14],[123.14,-9.98],[123.43,-9.74],[123.51,-9.49],[124.01,-9.14],[124.44,-9.04],[124.94,-8.74],[125.04,-8.57],[125.26,-8.48]]]},"properties":{"scalerank":0,"featurecla":"Bathymetry","depth":2000}},
{"type":"Feature","geometry":{"type":"Polygon","coordinates":[[[129.88,-8.77],[129.8,-8.71],[129.61,-8.83],[129.64,-8.88],[129.88,-8.77]]]},"properties":{"scalerank":0,"featurecla":"Bathymetry","depth":2000}},
{"type":"Feature","geometry":{"type":"Polygon","coordinates":[[[128.88,-8.88],[128.21,-8.83],[128.06,-8.93],[127.58,-8.99],[127.3,-9.18],[126.79,-9.36],[126.46,-9.2],[126.45,-9.4],[126.16,-9.35],[126.1,-9.6],[125.83,-9.79],[125.51,-9.82],[125.59,-10.06],[125.98,-9.86],[126.19,-9.84],[127.71,-9.23],[128.11,-9.22],[128.59,-9.1],[128.88,-8.88]]]},"properties":{"scalerank":0,"featurecla":"Bathymetry","depth":2000}},
{"type":"Feature","geometry":{"type":"Polygon","coordinates":[[[161.91,-9.52],[161.86,-9.34],[161.64,-9.36],[161.74,-9.53],[161.91,-9.52]]]},"properties":{"scalerank":0,"featurecla":"Bathymetry","depth":2000}},
{"type":"Feature","geometry":{"type":"Polygon","coordinates":[[[123.93,-10.91],[124.3,-10.73],[124.87,-10.34],[124.84,-10.14],[124.51,-10.49],[124.13,-10.64],[123.93,-10.91]]]},"properties":{"scalerank":0,"featurecla":"Bathymetry","depth":2000}},
{"type":"Feature","geometry":{"type":"Polygon","coordinates":[[[-177.31,-13.94],[-177.48,-13.85],[-177.49,-13.95],[-177.31,-13.94]]]},"properties":{"scalerank":0,"featurecla":"Bathymetry","depth":2000}},
{"type":"Feature","geometry":{"type":"Polygon","coordinates":[[[167.58,-15.37],[167.88,-15.19],[167.96,-15.02],[167.87,-14.65],[167.75,-14.44],[167.33,-14.56],[167.58,-15.37]]]},"properties":{"scalerank":0,"featurecla":"Bathymetry","depth":2000}},
{"type":"Feature","geometry":{"type":"Polygon","coordinates":[[[-176.1,-15.02],[-175.98,-14.91],[-176.09,-14.83],[-176.14,-14.93],[-176.1,-15.02]]]},"properties":{"scalerank":0,"featurecla":"Bathymetry","depth":2000}},
{"type":"Feature","geometry":{"type":"Polygon","coordinates":[[[167.73,-15.59],[167.77,-15.91],[168.01,-15.85],[168.01,-15.63],[167.73,-15.59]]]},"properties":{"scalerank":0,"featurecla":"Bathymetry","depth":2000}},
{"type":"Feature","geometry":{"type":"Polygon","coordinates":[[[169.51,-18.07],[169.49,-17.8],[169.32,-17.93],[169.51,-18.07]]]},"properties":{"scalerank":0,"featurecla":"Bathymetry","depth":2000}},
{"type":"Feature","geometry":{"type":"Polygon","coordinates":[[[170.2,-20.14],[170.31,-19.8],[170.13,-19.57],[170.09,-19.13],[169.97,-18.94],[169.66,-18.93],[170.01,-19.31],[169.95,-19.58],[170.11,-19.82],[170.2,-20.14]]]},"properties":{"scalerank":0,"featurecla":"Bathymetry","depth":2000}},
{"type":"Feature","geometry":{"type":"Polygon","coordinates":[[[-37.58,-20.23],[-37.64,-20.07],[-37.79,-20.11],[-37.72,-20.24],[-37.58,-20.23]]]},"properties":{"scalerank":0,"featurecla":"Bathymetry","depth":2000}},
{"type":"Feature","geometry":{"type":"Polygon","coordinates":[[[-37.55,-20.42],[-37.67,-20.36],[-37.78,-20.4],[-37.79,-20.47],[-37.55,-20.42]]]},"properties":{"scalerank":0,"featurecla":"Bathymetry","depth":2000}},
{"type":"Feature","geometry":{"type":"Polygon","coordinates":[[[36.07,-29.3],[35.86,-29.22],[35.63,-29.33],[35.68,-29.46],[36.07,-29.3]]]},"properties":{"scalerank":0,"featurecla":"Bathymetry","depth":2000}},
{"type":"Feature","geometry":{"type":"Polygon","coordinates":[[[45.53,-31.68],[45.32,-31.96],[45.75,-31.93],[45.53,-31.68]]]},"properties":{"scalerank":0,"featurecla":"Bathymetry","depth":2000}},
{"type":"Feature","geometry":{"type":"Polygon","coordinates":[[[35.89,-32.72],[35.74,-32.64],[35.73,-32.73],[35.89,-32.72]]]},"properties":{"scalerank":0,"featurecla":"Bathymetry","depth":2000}},
{"type":"Feature","geometry":{"type":"Polygon","coordinates":[[[170.91,-35.54],[170.98,-35.39],[170.78,-35.39],[170.91,-35.54]]]},"properties":{"scalerank":0,"featurecla":"Bathymetry","depth":2000}},
{"type":"Feature","geometry":{"type":"Polygon","coordinates":[[[43.17,-45.51],[43.28,-45.31],[43.18,-45.32],[43.05,-45.45],[43.17,-45.51]]]},"properties":{"scalerank":0,"featurecla":"Bathymetry","depth":2000}},
{"type":"Feature","geometry":{"type":"Polygon","coordinates":[[[149.82,-48.79],[149.66,-48.66],[149.55,-48.67],[149.66,-48.79],[149.82,-48.79]]]},"properties":{"scalerank":0,"featurecla":"Bathymetry","depth":2000}},
{"type":"Feature","geometry":{"type":"Polygon","coordinates":[[[165.18,-54.17],[165.27,-54.04],[165.1,-53.95],[165,-54],[165.18,-54.17]]]},"properties":{"scalerank":0,"featurecla":"Bathymetry","depth":2000}},
{"type":"Feature","geometry":{"type":"Polygon","coordinates":[[[77.42,-54.65],[77.19,-54.58],[77,-54.88],[77.17,-54.88],[77.42,-54.65]]]},"properties":{"scalerank":0,"featurecla":"Bathymetry","depth":2000}},
{"type":"Feature","geometry":{"type":"Polygon","coordinates":[[[-54.8,-61.62],[-55.19,-61.68],[-55.08,-61.75],[-54.8,-61.62]]]},"properties":{"scalerank":0,"featurecla":"Bathymetry","depth":2000}},
{"type":"Feature","geometry":{"type":"Polygon","coordinates":[[[99.76,-63.66],[100.22,-63.84],[100.38,-63.78],[99.76,-63.66]]]},"properties":{"scalerank":0,"featurecla":"Bathymetry","depth":2000}},
{"type":"Feature","geometry":{"type":"Polygon","coordinates":[[[114.7,-65.16],[114.91,-65.04],[114.72,-65.01],[114.58,-65.09],[114.7,-65.16]]]},"properties":{"scalerank":0,"featurecla":"Bathymetry","depth":2000}},
{"type":"Feature","geometry":{"type":"Polygon","coordinates":[[[176.26,-72.01],[176.33,-71.93],[176.26,-71.81],[176.01,-71.88],[176.05,-71.99],[176.26,-72.01]]]},"properties":{"scalerank":0,"featurecla":"Bathymetry","depth":2000}},
{"type":"Feature","geometry":{"type":"Polygon","coordinates":[[[-137.55,-73.88],[-137.81,-73.96],[-137.57,-73.99],[-137.55,-73.88]]]},"properties":{"scalerank":0,"featurecla":"Bathymetry","depth":2000}},
{"type":"Feature","geometry":{"type":"Polygon","coordinates":[[[-69,72.94],[-69.59,72.38],[-69.35,72.05],[-68.5,71.81],[-67.74,71.76],[-67.05,71.59],[-66.55,71.34],[-66.04,71.36],[-65.2,71.04],[-64.56,71.04],[-64.28,70.77],[-63.17,70.82],[-63.02,70.6],[-62.42,70.48],[-62.16,70.73],[-62.32,70.9],[-62.14,71.56],[-62.16,72.12],[-62.76,72.38],[-63.19,72.92],[-64.08,73.34],[-65.19,73.5],[-65.35,73.91],[-65.69,74.22],[-66.29,74.44],[-67.01,74.47],[-67.79,74.66],[-68.5,74.59],[-68.55,73.66],[-69.3,73.51],[-68.97,73.21],[-69,72.94]]]},"properties":{"scalerank":0,"featurecla":"Bathymetry","depth":2000}},
{"type":"Feature","geometry":{"type":"Polygon","coordinates":[[[-11.4,59.18],[-11.26,59.11],[-11.09,59.09],[-11.09,59.18],[-11.4,59.18]]]},"properties":{"scalerank":0,"featurecla":"Bathymetry","depth":2000}},
{"type":"Feature","geometry":{"type":"Polygon","coordinates":[[[138.19,44.87],[137.84,45.05],[137.62,44.81],[137.61,44.57],[137.35,44.52],[137.18,44.33],[137.32,44.12],[137.02,43.96],[136.76,44.02],[136.04,43.69],[135.21,43.17],[135.03,42.71],[133.82,42.43],[132.93,42.45],[132.6,42.34],[131.18,42.22],[130.76,42.09],[130.08,41.42],[130.22,40.73],[129.96,40.68],[129.86,40.46],[129.3,40.09],[129.27,39.8],[129.63,39.36],[129.86,39.42],[130.08,39.74],[130.38,39.72],[131.02,39.88],[131.17,39.71],[130.86,39.61],[130.81,39.42],[130.28,38.92],[130.39,38.55],[130.34,38.1],[130.54,38.15],[130.84,37.96],[130.78,38.45],[131.65,38.69],[131.78,38.5],[132.15,38.23],[132.17,38.05],[131.82,37.79],[131.1,37.62],[131.11,37.44],[130.66,37.45],[130.14,37.14],[130.08,36.87],[130.2,36.58],[130.51,36.67],[130.75,36.5],[131.26,36.48],[131.54,36.87],[131.83,37.01],[131.74,37.36],[132.07,37.47],[132.44,37.8],[132.61,37.71],[133.1,37.81],[133.21,38.35],[133.39,38.64],[133.08,38.9],[133.11,39.69],[133.28,40.04],[133.78,40.29],[134.28,40.42],[134.87,40.49],[135.48,40.49],[136.17,40.39],[136.3,40.25],[136.74,40.05],[136.76,39.84],[136.4,39.67],[135.73,39.13],[135.23,39.14],[134.64,38.86],[134.3,38.76],[134.37,38.36],[134.59,38.11],[134.22,37.78],[134.07,37.36],[134.24,37.01],[134.42,37.03],[134.77,37.36],[135.2,37.47],[135.33,37.37],[135.7,37.41],[136.05,37.68],[135.97,37.94],[136.37,38.11],[136.4,38.25],[136.86,38.65],[137.46,38.87],[137.68,38.75],[138.68,39.97],[139.01,40.22],[139.3,40.2],[139.39,40.47],[139.41,41.04],[139.56,41.15],[139.44,41.39],[138.86,41.25],[138.77,41.44],[138.98,41.84],[139.34,41.72],[139.29,42.04],[139.43,42.44],[139.66,42.54],[139.89,43.19],[139.63,43.75],[139.18,44.16],[138.98,44.45],[138.5,44.54],[138.53,44.76],[138.19,44.87]],[[137.98,44.11],[138.3,44.5],[138.62,44.35],[138.43,43.97],[138.05,43.94],[137.98,44.11]],[[137.16,40.47],[137.12,40.24],[137.43,40.23],[137.48,40.08],[136.92,39.92],[136.9,40.18],[137.16,40.47]]]},"properties":{"scalerank":0,"featurecla":"Bathymetry","depth":2000}},
{"type":"Feature","geometry":{"type":"Polygon","coordinates":[[[35.11,44.17],[35.11,44.45],[34.67,44.5],[34.26,44.11],[33.93,43.93],[33.31,44.04],[33.14,44.33],[32.62,44.38],[32.4,44.23],[32.52,43.96],[32.41,43.28],[31.68,43.13],[31.11,43.1],[30.58,43.2],[30.56,42.98],[30.19,42.55],[29.87,42.4],[29.45,42.36],[29.38,42.05],[29.68,41.87],[30.38,41.98],[30.82,42.15],[31.52,41.93],[32.62,42.06],[33.18,42.34],[33.42,42.29],[33.87,42.51],[34.46,42.41],[34.66,42.46],[35.38,42.27],[35.56,42.5],[35.51,42.7],[35.78,42.83],[35.94,42.62],[36.91,42.22],[37.02,42.06],[37.42,41.93],[37.66,42.16],[38.04,42.01],[38.21,41.76],[38.16,41.59],[38.42,41.5],[38.78,41.64],[39.46,42.16],[38.9,42.24],[38.27,42.71],[37.63,42.88],[37.32,43.08],[37.34,43.28],[37.68,43.27],[38.69,42.84],[39.29,42.77],[39.82,42.62],[39.72,43],[39.37,43.47],[39.07,43.6],[38.38,43.59],[38,43.72],[37.31,44.1],[37.05,44.17],[36.53,43.87],[36.67,43.73],[36.35,43.27],[35.72,43.6],[35.35,43.59],[35.14,43.72],[35.11,44.17]],[[33.44,43.87],[33.56,43.63],[33.17,43.49],[33.1,43.74],[33.44,43.87]]]},"properties":{"scalerank":0,"featurecla":"Bathymetry","depth":2000}},
{"type":"Feature","geometry":{"type":"Polygon","coordinates":[[[8.98,43.34],[8.98,43.62],[8.48,43.8],[7.98,43.64],[7.57,43.58],[6.86,42.98],[6.16,42.86],[5.64,42.91],[5.09,42.46],[5.1,42.28],[4.73,42.31],[4.41,42.1],[4.06,42.07],[3.78,41.82],[3.87,41.7],[3.7,41.35],[3.19,41.3],[2.96,41.21],[2.79,40.65],[3,40.68],[3.6,40.44],[4.08,40.42],[4.54,40.24],[4.75,39.84],[4.61,39.15],[4.08,39.19],[3.29,39.1],[2.95,38.88],[2.13,38.13],[1.78,37.95],[1.56,38.06],[0.72,38.02],[0.52,37.73],[0.28,37.56],[-0.46,37.44],[-0.69,37.36],[-1.08,37.36],[-1.33,37.09],[-1.46,36.72],[-1.32,36.58],[-1.57,36.43],[-1.54,35.96],[-1.16,35.91],[-0.56,36.04],[0.19,36.46],[0.94,36.72],[1.85,36.74],[2.4,37.01],[2.98,36.96],[4.01,37.15],[4.68,37.15],[5.47,37.01],[5.88,37.08],[6.31,37.25],[7.13,37.25],[7.35,37.32],[7.68,37.25],[8.32,37.42],[8.51,37.59],[8.49,37.85],[8.91,38.3],[8.45,38.3],[7.65,38.88],[7.44,39.36],[7.66,39.61],[7.74,39.88],[7.63,40.03],[7.62,40.56],[7.96,41],[8.1,41.29],[8.34,41.36],[8.33,42.02],[8.54,42.79],[9.05,43.12],[8.98,43.34]]]},"properties":{"scalerank":0,"featurecla":"Bathymetry","depth":2000}},
{"type":"Feature","geometry":{"type":"Polygon","coordinates":[[[134.45,39.53],[134.14,39.41],[134.2,39.33],[134.31,39.39],[134.45,39.53]]]},"properties":{"scalerank":0,"featurecla":"Bathymetry","depth":2000}},
{"type":"Feature","geometry":{"type":"Polygon","coordinates":[[[17.79,39.53],[17.89,39.27],[17.9,38.85],[18.02,38.68],[17.73,38.52],[17.67,38.16],[17.53,37.97],[17.15,37.8],[16.9,37.83],[16.61,37.66],[15.97,37.54],[15.78,37.59],[15.41,37.49],[15.52,36.93],[15.48,36.73],[15.64,36.56],[15.7,36.24],[15.99,35.55],[16.22,35.36],[16.78,35.2],[16.6,35.07],[16.68,34.8],[17.02,34.62],[16.81,34.46],[16.96,33.95],[17.16,33.91],[17.3,33.7],[17.13,33.47],[16.77,33.29],[17.07,32.88],[17.56,32.79],[17.85,32.97],[18.15,32.67],[18.33,32.79],[18.62,32.79],[18.69,33.03],[19.49,33.14],[20.21,33.17],[20.38,33.02],[20.65,32.98],[20.82,33.21],[21.37,33.23],[21.52,33.15],[21.98,33.29],[22.32,33.31],[22.47,33.22],[22.73,33.3],[23.11,33.3],[23.74,33.15],[23.93,32.79],[24.67,32.52],[25.07,32.53],[25.22,32.3],[25.91,32.05],[26.24,32.04],[26.65,31.92],[26.93,31.74],[27.48,31.61],[27.89,31.66],[28.2,31.53],[28.58,31.69],[29.37,32.2],[29.78,32.59],[29.98,32.69],[30.86,32.79],[31.3,32.94],[31.75,33.48],[32.32,33.52],[32.31,33.77],[32.56,33.99],[32.91,34.08],[33.13,33.95],[33.13,33.58],[33.53,33.53],[34.06,33.53],[34.37,33.63],[34.34,33.8],[34.61,34.04],[34.6,34.36],[34.15,34.39],[33.7,34.18],[33.3,34.24],[33.13,34.4],[32.69,34.44],[32.27,34.55],[32.06,34.99],[32.12,35.43],[32.48,35.56],[32.63,35.77],[32.21,35.9],[31.92,36.35],[31.63,36.44],[31.37,36.34],[30.94,36.35],[30.5,36],[30.29,36.12],[29.45,35.98],[29.18,36.02],[28.82,36.43],[28.59,36.44],[28.13,35.9],[28.11,35.57],[28.39,35.33],[28.17,35.13],[27.55,34.8],[27.36,34.89],[26.72,34.82],[26.51,34.91],[26.24,34.7],[25.97,34.69],[25.89,34.43],[25.72,34.37],[24.81,34.34],[24.37,34.53],[24.4,34.72],[23.93,34.62],[23.6,34.98],[23.6,35.15],[23.07,35.39],[23.03,35.73],[22.78,35.62],[22.63,35.79],[22.68,36.07],[22.17,36.28],[22.22,36.54],[21.94,36.51],[21.61,36.7],[21.39,36.91],[20.68,37.05],[20.68,37.28],[20.85,37.47],[20.59,37.57],[20.45,37.77],[20.06,37.85],[20.1,38.13],[20.39,38.55],[20.17,38.81],[20.02,38.61],[19.78,38.51],[19.09,38.56],[18.87,38.8],[18.58,38.88],[17.79,39.53]],[[23.76,34.26],[23.99,34.34],[24.34,34.3],[24.37,33.96],[24.6,33.98],[24.7,33.65],[24.57,33.44],[24.35,33.4],[24.22,33.18],[23.88,33.29],[21.99,33.4],[21.95,33.75],[22.18,33.97],[23.47,33.98],[23.76,34.26]],[[19.76,33.26],[19.79,33.76],[20.01,33.73],[20.08,33.48],[19.76,33.26]],[[30.2,35.28],[29.92,35.32],[30.3,35.74],[30.62,35.81],[30.88,35.51],[30.78,35.33],[30.48,35.42],[30.2,35.28]],[[29.96,35.68],[29.96,35.54],[29.58,35.43],[29.6,35.63],[29.96,35.68]]]},"properties":{"scalerank":0,"featurecla":"Bathymetry","depth":2000}},
{"type":"Feature","geometry":{"type":"Polygon","coordinates":[[[-33.02,36.6],[-33.33,36.74],[-33.35,36.54],[-33.02,36.6]]]},"properties":{"scalerank":0,"featurecla":"Bathymetry","depth":2000}},
{"type":"Feature","geometry":{"type":"Polygon","coordinates":[[[-118.48,31.71],[-118.58,31.61],[-118.39,31.51],[-118.48,31.71]]]},"properties":{"scalerank":0,"featurecla":"Bathymetry","depth":2000}},
{"type":"Feature","geometry":{"type":"Polygon","coordinates":[[[-116.82,30.92],[-116.96,30.95],[-117.09,30.91],[-116.88,30.79],[-116.82,30.92]]]},"properties":{"scalerank":0,"featurecla":"Bathymetry","depth":2000}},
{"type":"Feature","geometry":{"type":"Polygon","coordinates":[[[-85.56,27.58],[-85.98,27.87],[-86.52,28.02],[-86.83,28.19],[-87.26,28.27],[-87.48,28.48],[-87.57,28.83],[-87.89,28.8],[-88.21,28.54],[-88.24,28.28],[-88.53,28.04],[-88.58,27.9],[-88.46,27.63],[-88.87,27.29],[-89.27,27.33],[-89.4,27.42],[-89.64,27.29],[-90.39,27.06],[-90.55,26.72],[-90.96,26.69],[-91.06,26.53],[-91.43,26.6],[-91.7,26.54],[-92.15,26.24],[-92.3,26.36],[-92.54,26.19],[-93.04,26.13],[-93.38,26.37],[-93.51,26.17],[-94.41,26.3],[-95.03,26.28],[-95.06,26],[-95.31,25.83],[-95.34,25.43],[-95.8,25.11],[-95.81,24.93],[-96.2,24.36],[-96.18,24.19],[-96.37,23.97],[-96.46,23.52],[-96.59,23.26],[-96.55,22.87],[-96.65,22.47],[-96.62,22.21],[-96.44,21.81],[-96.22,21.78],[-96.12,21.26],[-95.88,20.85],[-95.93,20.71],[-95.92,20.13],[-95.58,19.78],[-95.4,19.72],[-95.37,19.5],[-95.04,19.34],[-94.71,19.57],[-94.67,19.9],[-94.42,20.45],[-94.25,20.6],[-93.93,20.52],[-93.11,20.79],[-92.81,20.73],[-92.69,20.5],[-92.48,20.41],[-92.59,20.84],[-92.62,21.81],[-92.57,22.03],[-92.33,22.21],[-92.04,22.3],[-91.59,22.7],[-91.44,22.69],[-90.4,23.25],[-90.25,23.55],[-89.63,23.75],[-89.35,23.77],[-89.09,23.93],[-88.78,24.24],[-88.42,24.28],[-88.53,24.56],[-88.25,24.84],[-87.99,24.76],[-87.73,24.86],[-87.56,24.76],[-86.98,24.7],[-86.81,24.52],[-86.6,24.5],[-86.07,24.06],[-86.17,23.76],[-86.22,23.3],[-85.97,23.27],[-85.76,23.52],[-85.41,23.71],[-85.26,23.54],[-85.22,23.28],[-85.56,22.74],[-85.44,22.32],[-85.63,22.03],[-85.34,22.01],[-84.79,22.58],[-84.43,22.7],[-84.23,22.9],[-83.56,23.19],[-83.11,23.23],[-83.35,23.42],[-84.19,24.31],[-84.09,24.42],[-84.19,24.65],[-84.36,24.69],[-84.44,24.94],[-84.65,25.14],[-84.88,25.7],[-84.91,26.07],[-85.02,26.55],[-84.98,26.74],[-85.41,27.24],[-85.56,27.58]],[[-84.75,23.31],[-84.68,23.04],[-84.91,22.95],[-85.03,23.12],[-84.75,23.31]]]},"properties":{"scalerank":0,"featurecla":"Bathymetry","depth":2000}},
{"type":"Feature","geometry":{"type":"Polygon","coordinates":[[[-75.27,23.9],[-75.34,23.98],[-75.47,23.98],[-75.45,23.88],[-75.27,23.9]]]},"properties":{"scalerank":0,"featurecla":"Bathymetry","depth":2000}},
{"type":"Feature","geometry":{"type":"Polygon","coordinates":[[[-73.44,22.18],[-73.72,22.31],[-73.7,22.15],[-73.44,22.18]]]},"properties":{"scalerank":0,"featurecla":"Bathymetry","depth":2000}},
{"type":"Feature","geometry":{"type":"Polygon","coordinates":[[[-87.24,18.17],[-87.33,17.6],[-87.48,17.07],[-87.46,16.94],[-87.64,16.58],[-87.87,16.36],[-87.45,16.31],[-87.18,16.42],[-87.06,16.31],[-86.78,16.32],[-86.48,16.54],[-85.93,16.75],[-85.37,16.9],[-85,16.92],[-84.17,17.23],[-84.22,17.46],[-83.82,17.56],[-83.3,17.28],[-83.14,17.43],[-82.78,17.31],[-82.25,17.5],[-81.53,17.54],[-81.26,17.73],[-80.8,17.85],[-80.47,17.83],[-80.26,17.65],[-79.91,17.81],[-79.7,17.8],[-79.55,18.07],[-78.96,18.1],[-78.89,18.24],[-78.58,18.21],[-78.39,18.54],[-77.83,18.67],[-77.02,18.62],[-76.66,18.44],[-76.24,18.3],[-75.68,18.84],[-75.37,18.78],[-75.16,18.83],[-75.01,19.01],[-74.66,19.13],[-74.54,19],[-74.54,18.74],[-74.19,18.81],[-73.91,18.74],[-73.6,18.83],[-73.78,19.1],[-74.35,19.08],[-74.48,19.23],[-74.22,19.55],[-73.63,19.75],[-73.66,19.92],[-73.87,20.09],[-74.06,19.89],[-74.4,19.83],[-74.71,19.92],[-74.93,19.79],[-75.49,19.79],[-76.13,19.9],[-76.79,19.86],[-76.94,19.8],[-77.82,19.72],[-78.1,19.74],[-78.47,19.62],[-79.05,19.65],[-79.46,19.58],[-79.78,19.61],[-80.15,19.49],[-80.5,19.52],[-80.9,19.27],[-81.57,19.1],[-81.86,19.33],[-81.46,19.51],[-81.13,19.44],[-80.84,19.58],[-80.79,19.72],[-80.37,19.72],[-80.16,19.88],[-79.59,19.93],[-79.37,20.06],[-78.68,20.15],[-78.57,20.36],[-79.32,20.96],[-79.8,21.1],[-80.02,21.41],[-80.38,21.55],[-80.73,21.53],[-80.83,21.41],[-81.24,21.54],[-81.92,21.48],[-82.19,21.39],[-82.39,21.48],[-82.79,21.39],[-83.14,21.4],[-83.52,21.79],[-83.82,21.89],[-84.2,21.83],[-84.67,21.62],[-84.75,21.74],[-85.15,21.53],[-85.39,21.34],[-85.56,21.38],[-86.14,20.32],[-86.19,20.1],[-86.51,19.89],[-86.54,19.58],[-86.78,19.47],[-86.82,19.12],[-86.95,18.91],[-86.85,18.58],[-87.24,18.17]],[[-80.06,20.3],[-80.53,20.29],[-80.6,20.39],[-80.36,20.69],[-80.14,20.66],[-80.06,20.3]],[[-84.13,18.31],[-84.44,18.26],[-84.44,18.43],[-84.23,18.53],[-84.24,18.74],[-83.86,19.06],[-82.94,19],[-82.84,18.93],[-83.27,18.53],[-83.52,18.48],[-83.69,18.34],[-84.13,18.31]]]},"properties":{"scalerank":0,"featurecla":"Bathymetry","depth":2000}},
{"type":"Feature","geometry":{"type":"Polygon","coordinates":[[[-70.69,18.07],[-70.96,18.09],[-71.47,17.16],[-71.81,17.16],[-71.77,17.54],[-71.95,18.02],[-72.31,18.14],[-72.76,18],[-73.01,18.02],[-73.18,17.92],[-73.49,17.98],[-73.97,17.92],[-74.22,18.13],[-74.42,17.9],[-74.41,17.66],[-74.69,17.44],[-74.93,17.45],[-74.93,17.08],[-74.78,17.03],[-75.05,16.49],[-75.2,16.52],[-75.22,16.79],[-75.47,16.62],[-75.44,16.41],[-75.73,16.1],[-75.96,16.15],[-76.01,16.32],[-76.28,16.19],[-76.85,16.22],[-77.01,16.44],[-77.34,16.45],[-77.4,16.18],[-77.67,16.1],[-77.79,15.8],[-78.03,15.48],[-78.3,15.57],[-78.07,15.89],[-77.72,16.15],[-77.65,16.42],[-77.88,16.46],[-78.23,16.11],[-78.26,15.9],[-78.62,15.67],[-78.86,15.65],[-79.14,15.76],[-79.51,15.65],[-79.61,15.41],[-79.39,15.13],[-79.65,15.03],[-79.77,14.81],[-80.08,14.86],[-80,14.55],[-79.79,14.43],[-79.99,14.16],[-79.82,13.35],[-80.1,13.28],[-80.63,13.26],[-81,12.98],[-81.14,12.77],[-80.95,12.7],[-80.62,12.89],[-80.43,12.82],[-80.51,12.56],[-80.87,12.54],[-80.9,12.39],[-81.18,12.18],[-80.98,11.73],[-81.26,11.59],[-81.58,11.93],[-81.89,11.86],[-82.89,11.28],[-82.8,11.06],[-82.49,10.7],[-82.41,10.47],[-82.12,10.22],[-82.09,9.98],[-81.91,9.89],[-81.81,9.49],[-81.3,9.56],[-80.97,9.88],[-80.42,9.98],[-79.9,10.02],[-79.63,9.94],[-79.15,9.98],[-78.94,10.25],[-78.23,10.27],[-77.64,10.08],[-77.5,9.79],[-77.02,9.24],[-76.77,9.35],[-76.65,9.91],[-76.42,10.33],[-75.95,10.68],[-76.01,10.82],[-75.84,11.03],[-75.78,11.29],[-75.55,11.4],[-75.05,11.5],[-74.49,11.9],[-73.95,12.23],[-73.71,12.17],[-73.58,11.93],[-73.19,12.1],[-73.17,12.45],[-72.71,12.76],[-72.44,12.8],[-72.21,13.01],[-72.25,13.18],[-71.96,13.34],[-71.51,13.32],[-71.28,13.18],[-70.95,13.32],[-70.37,13.18],[-70.11,13.25],[-69.48,13.1],[-69.21,13.1],[-69.26,12.82],[-69.19,12.65],[-68.79,12.43],[-68.57,12.38],[-68.11,12.48],[-67.87,12.27],[-67.43,12.39],[-67.28,12.2],[-67.06,12.36],[-66.79,12.24],[-66.51,12.22],[-66.3,12.07],[-65.96,12.19],[-65.77,12.08],[-65.54,11.71],[-65.35,11.69],[-65.12,11.48],[-64.96,11.56],[-65.08,11.85],[-64.58,12.22],[-64.06,12.14],[-63.79,12.43],[-63.81,12.91],[-63.75,13.04],[-63.91,13.6],[-63.75,14.19],[-63.83,14.6],[-63.8,14.89],[-64.1,15.33],[-64.1,15.65],[-63.94,16.25],[-64.13,17.16],[-64.08,17.47],[-64.23,17.67],[-64.54,17.52],[-64.87,17.47],[-65.43,17.51],[-65.85,17.61],[-66.19,17.62],[-66.54,17.71],[-66.97,17.71],[-67.2,17.78],[-67.75,17.78],[-68.02,17.84],[-68.14,18.08],[-68.55,17.76],[-69.32,17.88],[-69.48,17.64],[-69.98,17.81],[-70.38,17.84],[-70.69,18.07]],[[-78.07,15.31],[-77.8,14.95],[-77.69,14.98],[-77.4,14.62],[-77.45,14.27],[-77.85,14.48],[-78.05,14.38],[-78,14.18],[-78.19,14.04],[-78.13,13.83],[-78.23,13.69],[-78.58,14.11],[-78.62,14.49],[-78.41,14.71],[-78.54,15.1],[-78.29,15.15],[-78.07,15.31]]]},"properties":{"scalerank":0,"featurecla":"Bathymetry","depth":2000}},
{"type":"Feature","geometry":{"type":"Polygon","coordinates":[[[-63.04,15.74],[-63.33,15.73],[-63.34,15.47],[-63.15,15.34],[-62.9,15.33],[-62.87,15.12],[-62.69,14.82],[-62.57,14.16],[-62.61,13.92],[-62.77,13.85],[-62.76,13.28],[-62.83,13.06],[-63.1,12.82],[-63.32,12.5],[-63.48,12.11],[-62.83,11.98],[-62.23,11.96],[-62.02,12.07],[-61.65,12.44],[-61.56,12.72],[-61.67,12.89],[-61.18,13.6],[-61.2,13.82],[-61.08,14.27],[-61.46,15.14],[-61.7,15.6],[-61.99,15.5],[-62.36,15.49],[-62.39,15.73],[-63.04,15.74]]]},"properties":{"scalerank":0,"featurecla":"Bathymetry","depth":2000}},
{"type":"Feature","geometry":{"type":"Polygon","coordinates":[[[116.12,10.41],[116.11,10.29],[116.24,10.37],[116.12,10.41]]]},"properties":{"scalerank":0,"featurecla":"Bathymetry","depth":2000}},
{"type":"Feature","geometry":{"type":"Polygon","coordinates":[[[122.13,10.11],[121.81,9.98],[121.7,10.15],[121.47,9.56],[121.14,9.42],[120.59,8.89],[120.38,9.02],[119.96,8.72],[119.66,8.35],[119.46,8.3],[119.35,8.48],[119.1,8.62],[119.47,9.24],[119.59,9.34],[119.52,9.58],[119.24,9.53],[119.16,9.29],[119.21,8.95],[119.02,8.95],[118.63,8.7],[118.9,8.59],[119.05,8.17],[119.26,8.26],[119.38,8.14],[119.06,7.9],[118.93,7.94],[118.8,7.62],[118.88,7.35],[118.71,7.21],[118.89,6.74],[119.38,6.36],[119.46,6.22],[119.94,6.32],[120.04,6.14],[120.76,6.69],[120.88,6.72],[121.22,7.09],[121.68,7.36],[121.98,7.74],[122.05,8.02],[122.38,8.38],[122.75,8.37],[122.76,8.57],[122.97,8.86],[122.45,9.29],[122.16,9.81],[122.13,10.11]]]},"properties":{"scalerank":0,"featurecla":"Bathymetry","depth":2000}},
{"type":"Feature","geometry":{"type":"Polygon","coordinates":[[[115.01,9.65],[114.54,9.69],[114.18,9.54],[114.29,9.36],[114.67,9.39],[115.02,9.15],[115.15,8.8],[115.08,8.58],[115.47,8.64],[115.25,8.83],[115.15,9.05],[115.18,9.31],[115.01,9.65]]]},"properties":{"scalerank":0,"featurecla":"Bathymetry","depth":2000}},
{"type":"Feature","geometry":{"type":"Polygon","coordinates":[[[117.39,9.84],[117.32,9.95],[117.01,9.82],[116.75,9.79],[116.79,9.54],[116.54,9.41],[116.8,9.15],[116.62,8.74],[116.41,8.62],[116.11,8.76],[115.62,8.43],[115.47,8.19],[115.01,7.94],[114.83,7.55],[114.51,7.17],[114.29,7.18],[114.11,6.95],[113.58,6.57],[113.45,6.19],[113.29,5.98],[113.03,5.86],[112.97,5.64],[113.26,5.48],[113.65,5.51],[113.9,5.69],[114.07,6.02],[114.66,6.42],[114.98,6.89],[115.41,7.35],[115.42,7.47],[116.05,7.76],[116.16,7.87],[116.33,8.29],[116.5,8.43],[116.99,9.13],[117.19,9.31],[117.38,9.67],[117.39,9.84]]]},"properties":{"scalerank":0,"featurecla":"Bathymetry","depth":2000}},
{"type":"Feature","geometry":{"type":"Polygon","coordinates":[[[115.66,9.64],[115.76,9.73],[115.8,9.88],[115.7,9.86],[115.63,9.74],[115.66,9.64]]]},"properties":{"scalerank":0,"featurecla":"Bathymetry","depth":2000}},
{"type":"Feature","geometry":{"type":"Polygon","coordinates":[[[128.52,-1.94],[127.85,-1.92],[127.44,-1.99],[127.24,-1.89],[127.19,-2.14],[126.55,-2.21],[126.25,-2.11],[126.14,-2.24],[126.18,-2.55],[126.1,-2.68],[125.68,-2.09],[125.21,-2.07],[125,-2.15],[124.84,-2.09],[124.57,-2.21],[124.3,-2.18],[123.33,-2.33],[122.9,-2.52],[122.73,-2.43],[122.38,-2.5],[122.49,-2.71],[123.11,-3.11],[123.38,-3.58],[123.44,-4.14],[123.24,-4.39],[123.61,-4.81],[123.44,-5.07],[123.86,-4.98],[124.34,-5.11],[124.78,-5.42],[125.28,-5.48],[125.08,-5.68],[125.16,-5.9],[125.38,-6.03],[124.6,-6.24],[124.15,-6.22],[123.89,-6.05],[123.67,-6.01],[123.41,-5.74],[123.08,-5.53],[122.94,-5.7],[123.05,-6],[123.23,-6.14],[123.24,-6.39],[123.04,-6.55],[123,-6.84],[122.71,-6.86],[122.54,-7.06],[122.18,-7.03],[122.05,-6.38],[122.39,-6.15],[122,-6.05],[121.88,-6.62],[121.66,-6.57],[121.78,-5.9],[121.36,-5.26],[121.16,-5.29],[121.04,-5.66],[121.16,-5.86],[121.18,-6.1],[121.45,-6.4],[121.42,-6.69],[121.51,-6.96],[122.21,-7.07],[122.42,-7.25],[122.63,-7.29],[122.48,-7.54],[122.47,-7.85],[122.19,-7.86],[122.18,-7.66],[122.04,-7.53],[121.56,-7.51],[121.12,-7.64],[120.91,-7.46],[120.44,-7.36],[120.29,-7.05],[120.31,-6.81],[119.66,-7.07],[119.4,-7.06],[118.98,-7.28],[119.03,-7.45],[118.62,-7.62],[118.52,-7.92],[119.15,-7.99],[119.33,-8.17],[119.9,-8.16],[120.3,-8.02],[120.82,-8.18],[121.3,-8.18],[121.44,-8.26],[121.92,-8.16],[122.12,-7.92],[122.46,-8.19],[122.67,-8.05],[122.78,-7.84],[122.95,-7.99],[123.22,-8.06],[123.72,-8.06],[123.85,-7.9],[124.15,-8.02],[124.58,-7.94],[124.94,-8.04],[125.49,-8.12],[125.93,-7.55],[126.18,-7.57],[126.62,-7.42],[126.99,-7.64],[127.05,-7.41],[127.37,-7.36],[127.9,-7.4],[127.72,-7.68],[127.67,-7.96],[128.33,-8.05],[128.52,-7.94],[128.88,-7.9],[129.15,-7.95],[129.24,-7.66],[129.47,-7.72],[129.7,-7.45],[130.14,-7.27],[130.36,-7.29],[130.96,-7.17],[131.28,-6.94],[131.56,-6.49],[131.89,-5.84],[131.88,-5.2],[131.42,-4.46],[131.04,-4.08],[130.61,-4.03],[130.18,-3.84],[130.16,-3.75],[129.77,-3.47],[129.58,-3.56],[129.2,-3.47],[129.12,-3.84],[128.8,-3.86],[128.75,-4.05],[128.54,-4.07],[128.48,-3.76],[128.25,-3.84],[128.21,-4.07],[127.94,-4.08],[127.77,-3.57],[127.47,-3.41],[127.36,-3.48],[127.28,-4.1],[127.05,-3.88],[126.68,-3.94],[126.33,-3.83],[125.99,-3.53],[125.95,-3.07],[126.13,-2.95],[126.5,-2.94],[126.68,-2.8],[127.4,-2.7],[127.55,-2.94],[128,-2.79],[128.16,-2.58],[128.37,-2.57],[128.68,-2.26],[128.52,-1.94]],[[128.77,-4.34],[129,-4.11],[129.25,-4.21],[128.93,-4.5],[128.77,-4.34]],[[129.84,-4.04],[130.16,-4.11],[130.06,-4.36],[130.3,-4.5],[130.27,-4.77],[130.03,-4.77],[129.62,-4.64],[129.54,-4.17],[129.84,-4.04]],[[127.08,-4.57],[126.82,-4.75],[126.48,-4.7],[126.49,-4.46],[127.08,-4.57]],[[130.28,-5.43],[130.49,-5.47],[130.44,-5.75],[130.2,-5.62],[130.28,-5.43]],[[127.98,-5.47],[127.59,-5.69],[127.39,-5.64],[127.47,-5.38],[127.73,-5.26],[128.05,-5.29],[127.98,-5.47]],[[129.77,-6.33],[129.89,-6.67],[129.59,-6.84],[129.16,-6.75],[129.24,-6.54],[129.57,-6.55],[129.55,-6.38],[129.77,-6.33]],[[129.26,-6.84],[129.3,-7.06],[129.09,-7.09],[129.03,-6.88],[129.26,-6.84]],[[128.8,-6.97],[128.89,-7.12],[128.73,-7.42],[128.59,-7.49],[128.33,-7.29],[128.29,-7.15],[128.52,-6.99],[128.8,-6.97]],[[125.25,-6.55],[125.02,-6.5],[125.1,-6.31],[125.39,-6.34],[125.25,-6.55]]]},"properties":{"scalerank":0,"featurecla":"Bathymetry","depth":2000}},
{"type":"Feature","geometry":{"type":"Polygon","coordinates":[[[151.22,-4.28],[151.46,-3.79],[151.66,-3.75],[151.7,-3.55],[151.4,-3.38],[151.21,-3.6],[151.04,-3.4],[150.67,-3.2],[150.55,-2.87],[150.13,-2.98],[149.74,-2.88],[149.41,-2.48],[148.91,-2.41],[148.73,-2.26],[148.27,-2.46],[147.73,-2.52],[147.9,-2.73],[148.43,-3.06],[148.72,-3.06],[148.8,-3.21],[149.33,-3.53],[149.6,-3.93],[149.5,-4.13],[149.98,-4.15],[149.85,-4.4],[149.97,-4.57],[150.17,-4.55],[150.24,-4.77],[150.49,-4.73],[150.81,-4.47],[151.1,-4.46],[151.22,-4.28]]]},"properties":{"scalerank":0,"featurecla":"Bathymetry","depth":2000}},
{"type":"Feature","geometry":{"type":"Polygon","coordinates":[[[133.77,-4.84],[133.71,-4.59],[133.39,-4.46],[133.22,-4.54],[133.32,-4.82],[133.3,-5.07],[133.57,-5.26],[133.55,-5.55],[133.33,-5.89],[132.99,-6.04],[132.72,-6.46],[133.1,-6.55],[133.25,-6.31],[133.74,-6.11],[133.93,-5.85],[134.09,-5.38],[134.29,-5.22],[134.33,-5.03],[134.11,-4.68],[133.77,-4.84]]]},"properties":{"scalerank":0,"featurecla":"Bathymetry","depth":2000}},
{"type":"Feature","geometry":{"type":"Polygon","coordinates":[[[120.62,-6.75],[120.82,-6.57],[120.62,-6.5],[120.62,-6.75]]]},"properties":{"scalerank":0,"featurecla":"Bathymetry","depth":2000}},
{"type":"Feature","geometry":{"type":"Polygon","coordinates":[[[-174.96,-14.76],[-175.09,-14.99],[-175.3,-15.14],[-175.09,-15.37],[-174.94,-15.41],[-174.8,-15.21],[-175.1,-15.22],[-174.96,-14.76]]]},"properties":{"scalerank":0,"featurecla":"Bathymetry","depth":2000}},
{"type":"Feature","geometry":{"type":"Polygon","coordinates":[[[-178.15,-28.91],[-178.33,-28.78],[-178.41,-28.94],[-178.15,-28.91]]]},"properties":{"scalerank":0,"featurecla":"Bathymetry","depth":2000}},
{"type":"Feature","geometry":{"type":"Polygon","coordinates":[[[168.75,-33.64],[168.27,-33.51],[168.12,-33.67],[168.47,-34.01],[168.67,-33.91],[168.75,-33.64]]]},"properties":{"scalerank":0,"featurecla":"Bathymetry","depth":2000}},
{"type":"Feature","geometry":{"type":"Polygon","coordinates":[[[170.69,-35.13],[170.5,-34.9],[170.37,-34.99],[170.69,-35.13]]]},"properties":{"scalerank":0,"featurecla":"Bathymetry","depth":2000}},
{"type":"Feature","geometry":{"type":"Polygon","coordinates":[[[78.74,-38.45],[78.72,-38.35],[78.56,-38.21],[78.53,-38.4],[78.74,-38.45]]]},"properties":{"scalerank":0,"featurecla":"Bathymetry","depth":2000}},
{"type":"Feature","geometry":{"type":"Polygon","coordinates":[[[-173.11,-42.6],[-172.99,-42.42],[-173.21,-42.48],[-173.11,-42.6]]]},"properties":{"scalerank":0,"featurecla":"Bathymetry","depth":2000}},
{"type":"Feature","geometry":{"type":"Polygon","coordinates":[[[149.57,-48.32],[149.46,-48.4],[149.61,-48.44],[149.74,-48.43],[149.57,-48.32]]]},"properties":{"scalerank":0,"featurecla":"Bathymetry","depth":2000}},
{"type":"Feature","geometry":{"type":"Polygon","coordinates":[[[10.89,40.68],[10.78,40.49],[10.7,40.02],[10.3,40.21],[10.3,39.93],[10.49,39.84],[10.44,39.33],[10.18,38.81],[10.24,38.56],[10.6,38.7],[11.26,39.17],[12.12,38.88],[13.38,38.85],[14,38.89],[14.23,38.69],[14.51,38.81],[14.9,38.75],[15.23,38.95],[15.35,39.18],[15.12,39.43],[14.81,39.41],[14.42,39.59],[14.12,39.9],[13.46,40.07],[13.12,40.67],[12.38,40.91],[11.64,40.65],[11.66,40.88],[11.44,40.99],[10.89,40.68]]]},"properties":{"scalerank":0,"featurecla":"Bathymetry","depth":2000}},
{"type":"Feature","geometry":{"type":"Polygon","coordinates":[[[95.83,13.23],[95.65,13.33],[95.27,13.1],[95.09,12.4],[95.05,12],[94.88,11.67],[94.54,11.64],[94.13,11.2],[93.83,11.19],[93.69,11.03],[93.66,10.09],[93.48,10.34],[93.31,10.19],[93.28,9.95],[93.63,9.53],[93.65,9.1],[93.79,8.26],[94.11,8.18],[94.46,7.73],[94.27,7.33],[94.54,6.89],[94.87,6.48],[95.06,6.48],[95.04,6.85],[95.28,7.15],[95.4,8.03],[95.57,8.09],[95.78,8.86],[95.86,9.59],[95.98,9.84],[95.98,10.2],[96.17,10.58],[96.12,11.03],[96.24,11.2],[96.29,11.53],[96.2,11.83],[96.32,11.9],[96.35,12.52],[96.21,12.85],[95.91,13.04],[95.83,13.23]],[[94.78,9.98],[94.91,10.14],[95.14,10.06],[95.15,9.89],[94.95,9.53],[94.98,9.3],[95.16,9.07],[94.94,8.72],[94.91,8.39],[94.81,8.31],[94.32,8.68],[94.46,8.98],[94.36,9.51],[94.42,9.72],[94.78,9.98]]]},"properties":{"scalerank":0,"featurecla":"Bathymetry","depth":2000}},
{"type":"Feature","geometry":{"type":"Polygon","coordinates":[[[112.1,7.27],[112.51,6.78],[112.6,7.06],[112.5,7.28],[112.1,7.27]]]},"properties":{"scalerank":0,"featurecla":"Bathymetry","depth":2000}},
{"type":"Feature","geometry":{"type":"Polygon","coordinates":[[[123.85,7.06],[123.4,7.17],[123.1,7.08],[122.81,6.79],[122.5,6.58],[122.47,6.43],[122.2,6.28],[122.08,6.04],[121.54,5.66],[121.34,5.74],[121.18,5.61],[121.16,5.34],[121.01,5.31],[120.74,5.08],[120.53,5.06],[120.16,4.87],[119.99,4.68],[119.78,4.63],[119.57,4.42],[119.16,4.25],[119.18,4.03],[118.68,3.9],[118.76,3.6],[118.39,2.6],[118.7,2.42],[119.27,1.63],[119.29,1.39],[119.15,0.98],[119.31,0.41],[119.23,0.3],[118.78,0.26],[118.43,0.45],[118.25,0.41],[118.27,0],[118.2,-0.31],[118.27,-0.45],[118.26,-0.85],[118.13,-1.06],[118.07,-1.78],[118,-2.13],[118.27,-2.44],[118.49,-2.54],[118.53,-1.78],[118.73,-1.6],[118.82,-1.2],[118.94,-0.98],[119.16,-0.86],[119.08,-0.53],[119.11,-0.05],[119.5,0.18],[119.68,0.45],[119.7,0.63],[120.04,0.94],[120.16,1.25],[120.51,1.25],[121.03,1.84],[121.43,1.5],[121.73,1.6],[121.92,1.44],[122.42,1.34],[122.62,1.23],[122.85,1.38],[123.3,1.4],[123.5,1.2],[123.75,1.25],[124.49,1.58],[124.64,1.83],[125.06,2.15],[125.11,2.35],[125.07,2.93],[125.38,3.01],[125.31,3.22],[125.4,3.43],[125.21,4.3],[125.39,4.43],[125.28,4.66],[125.39,4.84],[125.43,5.18],[125.22,5.4],[125.21,5.57],[124.3,6.02],[124.07,6.08],[123.9,6.41],[123.85,7.06]]]},"properties":{"scalerank":0,"featurecla":"Bathymetry","depth":2000}},
{"type":"Feature","geometry":{"type":"Polygon","coordinates":[[[99.24,-63.63],[99.26,-63.77],[99.4,-63.75],[99.24,-63.63]]]},"properties":{"scalerank":0,"featurecla":"Bathymetry","depth":2000}},
{"type":"Feature","geometry":null,"properties":{"scalerank":0,"featurecla":"Bathymetry","depth":2000}},
{"type":"Feature","geometry":{"type":"Polygon","coordinates":[[[128.57,-33.67],[128.14,-33.86],[127.59,-33.95],[127.12,-33.93],[126.94,-34.03],[126.22,-34.03],[125.31,-34.3],[124.79,-34.28],[124.34,-34.42],[123.88,-34.72],[123.44,-34.84],[122.86,-34.75],[122.4,-34.8],[121.64,-34.69],[120.88,-34.66],[120.55,-34.79],[119.99,-34.7],[119.77,-34.76],[119.76,-34.97],[119.28,-35.16],[119.17,-35.32],[118.59,-35.4],[118.37,-35.51],[117.83,-35.59],[117.49,-35.51],[117.34,-35.74],[116.95,-35.71],[116.86,-35.54],[116.3,-35.52],[115.85,-35.38],[115.7,-35.44],[115.34,-35.28],[114.56,-35.27],[114.2,-34.97],[114.18,-34.76],[113.69,-34.51],[113.81,-34.12],[113.74,-33.63],[113.81,-33.24],[113.78,-32.98],[113.98,-32.88],[114.32,-32.51],[114.6,-31.65],[114.58,-31.11],[114.36,-30.89],[114.22,-30.26],[114.06,-30.18],[113.9,-29.88],[113.62,-29.59],[113.45,-29.14],[113.26,-28.92],[113.06,-28.86],[112.63,-28.56],[112.32,-27.89],[111.84,-27.19],[111.54,-26.93],[111.22,-25.67],[110.93,-25.24],[110.96,-24.62],[110.92,-24.23],[111.24,-24.03],[111.43,-24.03],[111.8,-23.68],[112.13,-23.13],[112.61,-22.51],[112.85,-22.3],[112.84,-21.98],[113.02,-21.89],[112.86,-21.65],[112.8,-21.33],[112.51,-21.26],[112.23,-21.33],[112.01,-21.12],[111.75,-21.01],[111.08,-20.36],[110.95,-20.1],[111.14,-19.93],[111.38,-20.04],[111.7,-19.77],[111.91,-19.46],[112.08,-19.44],[112.39,-19.07],[112.71,-19.03],[112.9,-18.84],[113.08,-18.19],[113.29,-17.81],[113.11,-17.64],[113.21,-17.42],[113.46,-17.5],[113.33,-17.78],[113.75,-17.83],[113.89,-17.93],[114.25,-17.86],[114.57,-17.6],[114.76,-17.61],[114.78,-18.03],[114.98,-17.98],[115.13,-17.66],[115.46,-17.7],[115.69,-17.6],[116.05,-17.66],[116.28,-17.6],[116.5,-17.66],[117,-17.7],[117.49,-17.83],[117.65,-17.67],[117.9,-17.6],[117.98,-17.18],[118.19,-17.13],[118.21,-16.74],[118.64,-16.47],[118.7,-16.3],[118.99,-15.98],[119.3,-15.76],[119.47,-15.74],[119.71,-15.88],[119.83,-15.6],[119.68,-15.31],[119.83,-15.2],[119.81,-14.9],[120.14,-14.73],[120.38,-14.42],[120.89,-14.3],[121.2,-14.35],[121.52,-14.12],[121.13,-13.79],[121.37,-13.56],[121.56,-13.2],[121.56,-12.82],[121.96,-12.44],[122.03,-12.17],[121.99,-11.88],[122.59,-11.41],[121.94,-11.5],[121.57,-11.18],[121.19,-11.33],[120.91,-11.23],[120.62,-11.26],[120.22,-11.16],[120.04,-11.04],[119.9,-10.77],[119.7,-10.71],[119.57,-10.3],[119.09,-10.1],[118.64,-10.01],[118.42,-9.7],[117.93,-9.6],[117.93,-9.33],[117.69,-9.29],[117.5,-9.38],[117.03,-9.37],[116.71,-9.22],[115.63,-9.17],[115.3,-9.1],[115.1,-9.19],[114.9,-9.05],[113.95,-8.91],[113.76,-8.95],[113.65,-9.14],[113.29,-8.96],[113.16,-9.17],[112.34,-9.26],[112,-9.05],[111.52,-9.11],[111.29,-8.96],[110.87,-8.95],[110.39,-9.07],[110.31,-8.85],[110.06,-8.64],[109.22,-8.5],[108.8,-8.31],[108.35,-8.24],[108.17,-8.1],[107.6,-8.02],[107.19,-7.86],[106.95,-7.65],[106.44,-7.73],[106.04,-7.44],[105.91,-7.2],[105.43,-7.32],[105.15,-7.24],[104.83,-7.03],[104.6,-6.79],[104.47,-7.08],[104.03,-6.96],[103.87,-6.98],[103.54,-6.85],[103.4,-6.7],[103.18,-6.68],[103.06,-6.53],[102.6,-6.27],[102.62,-6.14],[102.29,-5.96],[101.95,-5.61],[101.82,-5.37],[101.65,-5.27],[101.15,-4.77],[100.51,-3.8],[100,-3.28],[99.75,-3.14],[99.74,-2.86],[99.6,-2.69],[99.28,-2.52],[99.2,-2.24],[99,-2.26],[98.54,-1.85],[98.57,-1.73],[98.34,-1.28],[98.18,-1.32],[97.96,-1.06],[97.98,-0.46],[97.77,-0.55],[97.69,-0.34],[97.49,-0.23],[97.55,0.08],[97.37,0.48],[97.05,0.65],[96.79,1.34],[96.82,1.49],[96.41,1.75],[95.96,2.17],[95.56,2.22],[95.07,2.41],[94.54,2.81],[93.11,1.43],[91.68,0.06],[90.61,-0.98],[89.9,-1.67],[88.47,-3.05],[87.04,-4.42],[85.61,-5.8],[84.18,-7.18],[82.75,-8.56],[81.32,-9.94],[80.54,-11.77],[79.75,-13.6],[78.97,-15.43],[78.19,-17.27],[77.41,-19.1],[76.63,-20.93],[75.84,-22.76],[75.06,-24.6],[74.28,-26.43],[73.5,-28.26],[72.72,-30.09],[71.93,-31.92],[71.15,-33.76],[70.37,-35.59],[69.59,-37.42],[68.81,-39.25],[69.75,-39.58],[71.63,-40.23],[73.51,-40.88],[75.39,-41.54],[77.27,-42.19],[79.15,-42.84],[81.04,-43.49],[82.92,-44.14],[84.8,-44.8],[86.68,-45.45],[86.88,-47.43],[87.08,-49.41],[87.28,-51.39],[87.48,-53.36],[87.68,-55.34],[87.88,-57.32],[88.08,-59.3],[88.28,-61.28],[88.48,-63.26],[88.58,-64.25],[88.73,-65.73],[89.46,-65.73],[90.67,-65.42],[91.51,-64.99],[92.52,-64.82],[93.6,-64.73],[94.01,-64.56],[94.82,-64.46],[95.34,-64.2],[95.2,-63.91],[95.49,-63.87],[95.91,-64.11],[96.65,-64.1],[97.5,-63.92],[97.92,-63.94],[97.88,-63.46],[98.46,-63.34],[99.24,-63.63],[99.07,-63.24],[99.31,-63.1],[99.79,-63.1],[100.3,-62.95],[101.24,-63.07],[102.34,-63.11],[102.78,-63.61],[102.11,-63.76],[101.85,-64.03],[102.33,-64.16],[102.52,-63.91],[103.26,-63.95],[103.7,-64.2],[104.79,-64.47],[105.44,-64.54],[105.48,-64.3],[106.07,-64.3],[106.21,-64.55],[105.96,-64.71],[106.12,-64.89],[107.18,-64.97],[108.18,-64.92],[109.52,-65.14],[110.13,-65.3],[110.98,-65.14],[111.5,-65.17],[112.29,-64.98],[112.06,-64.52],[112.82,-64.73],[113.29,-64.56],[114.05,-64.61],[115.06,-64.15],[115.55,-64.23],[115.32,-64.71],[115.97,-64.66],[116.67,-64.51],[117.48,-65.04],[120.71,-65.46],[120.86,-65.42],[123.34,-65.42],[124.1,-65.23],[124.46,-65.37],[125.04,-65.16],[125.88,-65.06],[127.4,-65.02],[128.15,-64.93],[128.41,-64.74],[128.89,-64.74],[129.91,-64.54],[130.03,-64.38],[130.61,-64.37],[131.42,-64.73],[131.74,-64.48],[131.77,-64.24],[132.21,-64.27],[133.46,-64.51],[133.92,-64.46],[133.66,-63],[133.32,-61.04],[132.99,-59.09],[132.65,-57.13],[132.31,-55.18],[131.97,-53.22],[131.63,-51.27],[131.29,-49.31],[130.95,-47.36],[130.61,-45.4],[130.27,-43.45],[129.93,-41.49],[129.59,-39.54],[129.25,-37.58],[128.91,-35.63],[128.57,-33.67]],[[84.12,-32.98],[83.89,-32.93],[83.94,-32.66],[84.2,-32.66],[84.12,-32.98]],[[83.74,-32.55],[83.73,-32.33],[84,-32.28],[84.48,-32.41],[84.36,-32.54],[83.74,-32.55]],[[87.06,-32.38],[86.95,-31.97],[87.16,-31.75],[87.2,-31.29],[87.15,-31.01],[87.46,-30.53],[87.88,-30.64],[88.18,-30.46],[88.66,-30.43],[88.79,-30.66],[88.77,-31.25],[88.15,-31.7],[88.13,-31.91],[87.85,-32.31],[87.61,-32.48],[87.27,-32.55],[87.06,-32.38]],[[88.78,-30.4],[88.61,-30.21],[88.68,-29.97],[88.98,-29.75],[89.26,-29.74],[89.67,-30.31],[89.66,-30.53],[89.22,-30.72],[89,-30.71],[88.78,-30.4]],[[87.55,-30.22],[87.35,-30.35],[87.19,-30.16],[87.51,-30.03],[87.55,-30.22]],[[87.6,-30.02],[87.14,-29.86],[87.29,-29.57],[87.86,-29.25],[88.31,-29.49],[88.35,-29.67],[88.13,-30.02],[87.67,-30.19],[87.6,-30.02]],[[87.62,-29.26],[87.24,-29.36],[87.41,-29.05],[87.62,-29.26]],[[98.96,-28.92],[98.81,-28.99],[98.38,-29.46],[98.19,-29.24],[98.1,-28.97],[97.88,-28.87],[97.92,-28.01],[98.44,-27.59],[98.71,-27.7],[98.97,-28.09],[98.91,-28.61],[99.22,-28.55],[99.14,-28.97],[99.05,-28.99],[98.96,-28.92]],[[88.87,-29.35],[89,-29.55],[88.62,-29.97],[88.43,-29.92],[88.58,-29.63],[88.87,-29.35]],[[88.27,-27.55],[87.9,-27.39],[87.55,-27.57],[87.28,-27.5],[87.24,-27.05],[87.33,-26.72],[87.64,-26.35],[87.88,-26.47],[87.91,-26.88],[88.01,-27.15],[88.28,-27.29],[88.27,-27.55]],[[87.15,-26.46],[87.03,-26.39],[87.18,-26.11],[87.09,-25.8],[87.35,-25.58],[87.31,-25.1],[87.65,-25.13],[87.9,-24.99],[88.05,-25.03],[87.96,-25.39],[88.08,-25.67],[87.71,-25.93],[87.59,-26.19],[87.15,-26.46]],[[87.38,-25.03],[87.34,-24.8],[87.85,-24.71],[87.76,-24.99],[87.38,-25.03]],[[100.56,-25.56],[100.71,-25.62],[100.54,-26.03],[100.3,-26.05],[100.3,-25.83],[100.12,-25.71],[100.56,-25.56]],[[90.52,-30.16],[90.78,-30.02],[90.95,-30.14],[90.71,-30.41],[90.7,-30.66],[90.45,-30.58],[89.74,-30.91],[89.51,-30.77],[90.15,-30.44],[90.2,-30.21],[90.52,-30.16]],[[96.01,-31.94],[95.56,-32.02],[94.85,-31.61],[94.54,-31.39],[94.18,-31.27],[93.81,-31.24],[93.17,-30.96],[92.62,-30.89],[92.32,-30.94],[91.69,-30.79],[91.27,-30.79],[90.97,-30.63],[90.97,-30.36],[91.13,-30.31],[91.49,-30.65],[92.18,-30.58],[92.42,-30.49],[92.71,-30.61],[93.56,-30.53],[93.8,-30.57],[94.01,-30.27],[94.39,-30.38],[94.72,-30.18],[95.05,-30.11],[95.15,-30.39],[95.53,-30.53],[95.47,-30.99],[95.74,-31.12],[95.88,-31.37],[96.29,-31.78],[96.68,-31.76],[97.06,-31.9],[97.61,-31.76],[97.78,-31.81],[98.1,-31.65],[98.19,-31.45],[97.91,-31.2],[98.05,-30.46],[98.21,-30.41],[98.19,-30.92],[98.35,-31.03],[98.52,-31.39],[98.4,-31.54],[98.49,-31.74],[98.91,-32.01],[99.72,-32.12],[100.07,-32.02],[100.47,-32.16],[100.32,-32.33],[99.82,-32.23],[99.65,-32.33],[99.29,-32.3],[99.05,-32.16],[98.8,-32.16],[98.64,-32.39],[98.2,-32.44],[97.4,-32.42],[96.77,-32.35],[96.6,-32.16],[96.01,-31.94]],[[101.07,-31.23],[101.21,-30.84],[101.47,-30.76],[101.41,-31.13],[101.07,-31.23]],[[101.04,-31.94],[101.33,-31.82],[101.82,-32.31],[101.75,-32.43],[101.39,-32.36],[101.34,-32.2],[101.04,-31.94]],[[104.79,-21.94],[104.82,-22.24],[104.52,-22.2],[104.48,-22.07],[104.79,-21.94]],[[88.17,-19.93],[88.1,-20.21],[87.78,-20.13],[87.38,-20.1],[87.46,-19.77],[87.33,-19.63],[87.37,-18.95],[87.55,-18.89],[87.53,-18.64],[87.88,-17.97],[87.72,-17.62],[87.85,-17.49],[88,-17.13],[88.04,-16.23],[88.28,-16.21],[88.26,-16.47],[88.51,-16.48],[88.49,-16.9],[88.3,-17.14],[88.45,-17.27],[88.29,-17.72],[88.45,-17.87],[88.26,-18.5],[87.98,-18.75],[88.16,-18.99],[87.82,-19.37],[87.89,-19.54],[88.24,-19.49],[88.17,-19.93]],[[114.53,-16.7],[114.88,-16.56],[115.07,-16.66],[115.43,-16.7],[115.6,-16.85],[115.54,-17.05],[115.16,-17.16],[114.62,-17.06],[114.53,-16.7]],[[117.14,-17.02],[117.37,-17.18],[117.12,-17.52],[116.76,-17.48],[116.76,-17.36],[117.14,-17.02]],[[113.93,-17.23],[113.98,-17.56],[113.78,-17.66],[113.53,-17.56],[113.62,-17.28],[113.93,-17.23]],[[113.61,-17.24],[113.4,-17.26],[113.35,-16.95],[113.7,-16.95],[113.61,-17.24]],[[88.17,-15.73],[87.98,-15.46],[88.03,-15.31],[88.33,-15.3],[88.34,-15.62],[88.17,-15.73]],[[87.39,-15.34],[86.57,-15.19],[86.52,-15.02],[86.61,-14.78],[86.59,-14.42],[86.93,-14.38],[87.2,-14.63],[87.39,-15.34]],[[88.19,-14.51],[88.19,-14.29],[88.58,-14.21],[88.62,-14.56],[88.32,-14.85],[88.11,-14.72],[88.19,-14.51]],[[88.5,-14.03],[88.29,-14.02],[88.37,-13.71],[88.57,-13.68],[88.5,-14.03]],[[96.31,-13.34],[96.06,-13.29],[96.12,-13.04],[96.45,-13.09],[96.31,-13.34]],[[88.84,-13.05],[88.63,-13.3],[88.33,-13.13],[88.42,-12.68],[88.83,-12.69],[88.84,-13.05]],[[88.94,-12.36],[88.55,-12.43],[88.47,-12.05],[88.96,-12.05],[88.94,-12.36]],[[96.62,-11.92],[96.73,-11.73],[96.96,-11.72],[97.09,-12.14],[96.95,-12.32],[96.76,-12.28],[96.62,-11.92]],[[88.96,-11.64],[88.7,-11.9],[88.46,-11.69],[88.46,-11.21],[88.62,-10.82],[89.03,-11.07],[88.92,-11.46],[88.96,-11.64]],[[104.81,-11.28],[105.09,-11.29],[105.11,-11.5],[104.86,-11.51],[104.81,-11.28]],[[104.42,-11.64],[104.18,-11.62],[104.29,-11.39],[104.54,-11.42],[104.42,-11.64]],[[120.88,-12.87],[121.08,-12.79],[121.24,-12.97],[120.92,-13.14],[120.88,-12.87]],[[120.2,-13.23],[120.18,-13.44],[120,-13.49],[119.8,-13.3],[119.83,-12.95],[119.98,-12.9],[120.2,-13.23]],[[105.73,-10.65],[105.49,-10.61],[105.46,-10.42],[105.69,-10.28],[105.86,-10.36],[105.73,-10.65]],[[113.16,-10.45],[113.12,-10.25],[112.93,-10.15],[112.84,-9.84],[112.93,-9.72],[113.26,-9.74],[113.65,-10.06],[113.69,-10.34],[113.55,-10.55],[113.16,-10.45]],[[110.18,-9.96],[109.96,-10],[109.74,-9.78],[109.55,-9.74],[109.54,-9.46],[109.21,-9.54],[108.96,-9.42],[108.93,-9.27],[109.31,-9.21],[109.69,-9.36],[110.09,-9.29],[110.33,-9.37],[110.62,-9.29],[110.85,-9.49],[110.87,-9.66],[110.62,-9.9],[110.44,-9.91],[110.4,-9.68],[110.14,-9.69],[110.18,-9.96]],[[111.46,-9.74],[111.51,-9.55],[112,-9.7],[111.95,-9.89],[111.46,-9.74]],[[114.34,-10.25],[114.48,-10.12],[114.88,-10.26],[114.97,-10.41],[114.86,-10.6],[114.49,-10.51],[114.34,-10.25]],[[107.5,-8.66],[107.45,-8.83],[107.11,-8.74],[107.16,-8.59],[107.5,-8.66]],[[107.06,-8.59],[106.62,-8.52],[106.64,-8.36],[106.91,-8.39],[107.06,-8.59]],[[78.7,-36.77],[78.82,-37.03],[79.1,-37.15],[79.39,-37.13],[79.52,-37.47],[79.7,-37.66],[79.65,-37.84],[79.34,-37.93],[79.61,-38.13],[79.06,-38.62],[78.95,-38.9],[78.74,-38.91],[78.65,-39.19],[78.01,-39.33],[77.85,-39.5],[77.62,-39.49],[77.28,-39.63],[76.9,-39.94],[76.68,-39.82],[77.02,-39.55],[77.12,-39.22],[77.47,-39.11],[77.28,-38.64],[77.46,-38.01],[77.36,-37.78],[77.75,-37.56],[77.81,-37.28],[78.2,-37],[78.7,-36.77]]]},"properties":{"scalerank":0,"featurecla":"Bathymetry","depth":2000}},
{"type":"Feature","geometry":null,"properties":{"scalerank":0,"featurecla":"Bathymetry","depth":2000}},
{"type":"Feature","geometry":null,"properties":{"scalerank":0,"featurecla":"Bathymetry","depth":2000}},
{"type":"Feature","geometry":null,"properties":{"scalerank":0,"featurecla":"Bathymetry","depth":2000}},
{"type":"Feature","geometry":null,"properties":{"scalerank":0,"featurecla":"Bathymetry","depth":2000}},
{"type":"Feature","geometry":{"type":"Polygon","coordinates":[[[94.54,2.81],[93.96,3.17],[93.73,3.49],[93.56,3.95],[93.38,4.17],[93.24,4.68],[92.95,5.23],[92.9,6.02],[93,6.21],[92.83,6.85],[92.93,7.06],[92.8,7.32],[92.49,7.4],[92.26,7.8],[92.21,8.16],[91.92,8.43],[92,9.05],[91.87,9.21],[91.88,9.54],[91.55,9.89],[91.58,10.32],[91.7,10.54],[91.66,10.78],[91.75,11.16],[91.67,11.3],[91.78,11.51],[91.87,12.13],[92.04,12.62],[91.95,13.18],[92.32,13.93],[92.55,14.2],[92.58,14.41],[92.9,14.61],[92.84,14.84],[93.01,14.89],[93.53,15.7],[93.51,16.38],[93.91,17.04],[93.81,17.16],[93.9,17.59],[93.69,17.8],[93.49,17.81],[93.35,17.98],[93.19,18.5],[93.05,18.72],[92.85,18.75],[92.4,19.1],[92.06,18.93],[91.9,19.12],[91.73,18.87],[91.56,18.87],[91.35,18.54],[90.5,18.51],[90.32,18.38],[89.9,18.41],[89.69,18.65],[89.34,18.7],[89.08,18.62],[89.16,18.36],[88.87,18.41],[88.64,18.25],[88.49,18.63],[88.59,18.86],[88.17,19.17],[87.84,19.35],[87.41,19.28],[87.2,18.86],[86.96,18.75],[86.58,18.98],[86.16,18.79],[85.76,18.78],[85.39,18.46],[85,18.29],[84.23,17.63],[83.99,17.53],[83.44,16.91],[83.1,16.78],[82.58,16.03],[82.08,15.65],[81.76,15.6],[81.32,15.35],[80.95,15.24],[80.74,15.1],[80.62,14.83],[80.6,14.52],[80.68,14.35],[80.66,13.81],[80.87,13.12],[80.88,12.83],[80.75,12.38],[80.42,12],[80.43,11.66],[80.64,11.3],[80.83,10.85],[80.81,10.7],[81.02,9.96],[81.07,9.54],[81.23,9.12],[81.41,8.95],[81.75,8.31],[81.94,8.07],[82.14,7.45],[82.14,6.68],[81.82,6.11],[81.27,5.69],[81.05,5.64],[80.72,5.71],[80.34,5.67],[80.03,5.71],[79.77,5.9],[79.71,6.14],[79.54,6.3],[79.41,6.6],[79.32,7.42],[79.2,7.62],[78.92,7.84],[78.71,7.58],[78.26,7.43],[78.1,7.13],[77.84,6.95],[77.47,6.86],[76.87,6.91],[76.76,6.61],[76.56,6.54],[76.49,6.29],[76.28,6.28],[76.11,6.45],[75.74,6.61],[75.43,6.93],[75.41,7.82],[75.45,8.08],[75.4,8.37],[75.22,8.51],[75.32,8.67],[75.15,8.98],[75.31,9.31],[75.26,9.63],[75.33,9.75],[75.27,10.03],[75.09,10.15],[74.91,10.54],[74.22,11.03],[73.96,11.08],[73.84,11.4],[73.44,11.62],[73.49,11.86],[73.89,11.5],[74.06,11.71],[73.75,12.02],[73.72,12.21],[73.42,12.27],[73.36,12.57],[73.02,12.57],[72.81,12.37],[72.7,11.96],[72.89,11.81],[73.18,11.78],[73.13,11.59],[73.37,11.38],[73.52,11.38],[73.85,11.02],[73.9,10.88],[73.68,10.68],[73.54,10.32],[73.53,10.09],[73.29,9.95],[73.3,9.69],[73.15,9.45],[72.82,9.23],[72.62,9.19],[72.38,9.4],[72.38,9.75],[72.2,9.77],[72.14,10.14],[72.35,10.32],[72.16,10.58],[71.99,10.47],[71.82,10.2],[71.66,10.2],[71.57,10.5],[71.67,10.75],[71.42,10.99],[71.43,11.32],[71.11,11.47],[71.2,11.91],[71.33,12.12],[71.21,12.45],[71.31,12.76],[71.19,13.01],[71.23,13.54],[71.08,13.94],[71.34,14.17],[71.26,14.62],[71.69,14.65],[71.86,14.4],[72.1,14.51],[72.13,14.23],[72.61,14.42],[72.57,14.6],[72.22,15.05],[72.32,15.4],[72.02,15.41],[71.85,15.57],[71.77,15.82],[71.4,15.92],[71.54,16.23],[71.38,16.53],[71.42,16.71],[71.27,16.99],[71.07,17.05],[70.87,17.45],[69.97,18.44],[69.9,18.64],[69.34,19.25],[69.02,19.76],[69,20.25],[68.83,20.81],[68.66,20.95],[68.28,21.1],[67.72,21.06],[67.57,21.34],[67.55,21.66],[67.27,21.64],[67.23,21.44],[66.89,21.31],[66.59,21.58],[66.62,21.91],[66.47,22.17],[66.03,22.49],[66.04,22.68],[65.58,22.67],[65.5,22.94],[65.2,22.96],[64.51,22.7],[64.15,22.39],[63.4,22.11],[63.24,21.97],[62.93,22.06],[63.03,22.33],[63.38,22.51],[63.62,22.54],[63.62,22.79],[63.83,23.15],[64,23.19],[64.33,22.9],[64.5,23.1],[64.71,23.08],[64.99,23.28],[65.41,23.77],[65.2,24.15],[65.58,24.54],[65.23,24.58],[64.04,24.5],[63.83,24.4],[63.57,24.5],[62.96,24.5],[62.77,24.39],[61.97,24.44],[61.68,24.36],[61.29,24.35],[61.1,24.48],[60.75,24.51],[60.53,24.61],[59.74,24.6],[59.51,24.45],[58.94,24.58],[58.75,24.48],[57.99,24.55],[58.02,24.24],[58.45,24.14],[58.77,23.97],[59.2,23.37],[59.5,23.17],[59.61,22.99],[59.96,22.85],[60.14,22.63],[60.07,22.15],[60.07,21.77],[59.95,21.61],[59.76,20.97],[59.19,20.35],[59.01,20.1],[58.91,19.67],[58.74,19.54],[58.64,19.24],[58.45,19.11],[58.18,18.77],[58.16,18.54],[58,18.35],[57.88,17.89],[58.1,17.74],[57.88,17.46],[57.56,17.5],[57.06,17.33],[56.81,17.42],[55.93,17.38],[55.46,17.42],[55.45,16.99],[55.25,16.89],[55.14,16.69],[54.76,16.59],[54.8,16.83],[54.58,16.82],[54.22,16.56],[53.73,16.62],[53.48,16.44],[53.37,16.14],[53.01,15.93],[52.78,15.89],[52.75,15.73],[52.54,15.48],[52.32,15.01],[51.57,13.8],[51.55,13.66],[51.31,13.3],[51.01,13.32],[51.39,13.93],[51.34,14.2],[50.95,14.47],[50.69,14.47],[50.47,14.35],[50.28,14.42],[50.02,14.21],[49.73,14.09],[49.32,13.67],[49,13.5],[48.89,13.09],[48.52,12.95],[48.35,12.7],[48.18,12.88],[48.48,13.28],[47.9,13.37],[47.64,13.13],[47.69,12.98],[47.49,12.73],[47.59,12.55],[48.06,12.99],[48.1,12.75],[48.31,12.59],[47.95,12.26],[47.93,11.97],[48.07,11.74],[48.43,11.88],[49.1,11.9],[49.56,11.98],[50.08,11.96],[50.4,12.07],[50.77,12.29],[50.83,12.5],[51.1,12.78],[51.31,12.9],[51.64,12.85],[51.89,12.67],[52.51,12.72],[52.91,12.56],[53.11,12.75],[53.61,12.84],[53.97,13.07],[54.19,13.06],[54.26,12.79],[54.69,12.79],[54.86,12.64],[55.07,12.63],[55.03,12.34],[54.9,12.23],[54.84,11.79],[54.65,11.72],[54.42,11.97],[53.72,11.68],[53.59,11.5],[53.39,11.51],[53.27,11.25],[53.03,11.12],[52.77,11.16],[52.64,11.34],[52.36,11.4],[52.15,11.2],[51.94,11.2],[51.89,10.96],[52.14,10.94],[52.28,10.37],[52.11,10.24],[52.18,10.04],[51.9,9.81],[51.62,9.26],[51.2,8.77],[50.8,8.67],[50.83,8.2],[50.34,7.55],[50.34,7.22],[50.19,6.75],[50.4,6.42],[50.34,6.27],[49.92,6.47],[49.76,6.25],[49.85,5.86],[49.57,5.66],[49.3,5.64],[49.11,5.39],[49.1,5.11],[48.98,4.73],[49.06,4.54],[49.01,4.1],[48.84,3.93],[48.11,3.78],[47.76,3.55],[47.41,3.15],[47.35,3],[47.08,2.89],[46.87,2.65],[46.87,2.46],[46.57,2.46],[45.86,1.8],[45.27,1.37],[44.66,1.03],[44.47,0.84],[44.41,0.63],[44.04,0.36],[43.53,0.13],[43.11,-0.64],[42.96,-0.74],[42.6,-1.25],[42.19,-1.61],[41.52,-2.41],[41.29,-3.01],[41.3,-3.9],[41.25,-4.62],[41.14,-4.8],[40.83,-4.91],[40.87,-5.18],[40.73,-5.5],[40.53,-5.68],[40.78,-5.81],[40.79,-6.52],[40.7,-6.7],[40.76,-7.22],[40.58,-7.56],[40.6,-7.91],[40.45,-8.18],[40.28,-8.75],[40.1,-8.84],[39.97,-9.17],[40.37,-9.65],[40.8,-9.84],[41.28,-10.85],[41.26,-11.23],[41.11,-11.52],[41.09,-12.08],[41.39,-12.01],[41.59,-12.1],[41.47,-12.42],[41.21,-12.43],[41.02,-12.55],[40.95,-12.97],[41.35,-13.17],[41.43,-13.3],[41.5,-13.92],[41.66,-13.92],[41.63,-14.24],[41.33,-14.16],[41.16,-13.83],[41.02,-14.06],[41.16,-14.84],[41.11,-15],[41.14,-15.84],[40.75,-16.31],[40.78,-16.63],[40.46,-17.16],[40.08,-17.41],[39.74,-17.5],[39.27,-17.53],[39.12,-17.66],[39.08,-17.97],[38.86,-18.12],[38.72,-18.39],[38.64,-18.79],[38.71,-18.99],[38.54,-19.25],[38.4,-19.2],[38.07,-19.55],[37.11,-20.49],[37.19,-20.73],[36.9,-20.83],[36.82,-21.06],[36.88,-21.44],[36.61,-21.84],[36.63,-22.43],[36.5,-22.63],[36.54,-22.94],[36.45,-23.15],[36.46,-23.49],[36.33,-23.79],[36.38,-24.17],[36.19,-24.94],[36.19,-25.27],[36.31,-25.64],[36.44,-25.81],[36.31,-25.99],[36.22,-26.44],[36.62,-26.38],[36.81,-26.47],[36.9,-26.93],[37.05,-27.08],[37.03,-27.63],[36.82,-27.96],[36.42,-28.18],[36.26,-28.36],[35.8,-28.26],[35.64,-28.05],[35.14,-28.07],[35.05,-28.36],[34.74,-28.67],[34.26,-29.03],[33.79,-28.97],[33.64,-28.77],[33.36,-28.78],[33.19,-28.99],[33.15,-29.26],[33.63,-29.19],[33.62,-29.43],[33.32,-29.42],[33.09,-29.7],[32.98,-30.26],[32.72,-30.28],[32.34,-30.15],[32.14,-30.27],[31.85,-30.24],[31.48,-30.36],[31.16,-30.62],[30.84,-30.79],[30.53,-31.13],[30.46,-31.3],[29.99,-31.72],[29.86,-31.72],[29.71,-32.04],[28.87,-32.89],[28.72,-33.08],[28.48,-33.18],[28.32,-33.47],[28,-33.71],[27.62,-33.77],[27.07,-34.27],[26.63,-34.41],[26.16,-34.65],[25.92,-34.64],[24.82,-35.18],[24.38,-35.59],[24.03,-35.5],[23.65,-35.59],[22.97,-36.18],[22.63,-36.36],[22.61,-36.5],[21.62,-36.79],[20.93,-37.03],[21.84,-38.8],[22.3,-39.68],[22.99,-41],[23.67,-42.32],[24.36,-43.65],[24.82,-44.53],[25.51,-45.85],[26.19,-47.18],[26.65,-48.06],[27.34,-49.38],[28.02,-50.7],[28.48,-51.59],[28.5,-53.04],[28.51,-54.02],[28.53,-55.48],[28.55,-57.42],[28.57,-59.37],[28.59,-60.83],[28.61,-62.77],[28.63,-64.72],[28.65,-66.18],[28.67,-68.12],[28.68,-69.1],[29.73,-68.98],[30.87,-68.38],[31.06,-68.35],[31.66,-67.63],[32.21,-67.05],[32.9,-66.55],[32.75,-65.7],[32.95,-65.54],[33.86,-65.6],[34.18,-65.72],[34.42,-66.25],[34.21,-66.37],[34.09,-67.16],[34.38,-67.37],[34.53,-67.8],[34.85,-67.99],[35.28,-67.96],[36.02,-68.15],[36.52,-68.17],[37.02,-67.82],[37.66,-68.29],[39.19,-68.04],[39.96,-68.02],[42.81,-67.34],[43.8,-67.19],[43.96,-66.88],[44.53,-66.9],[45.08,-66.58],[46.02,-66.77],[46.22,-66.63],[47.08,-66.41],[47.28,-66.19],[47.86,-66.29],[47.88,-65.94],[48.36,-65.43],[48.79,-65.62],[48.61,-66.11],[49.15,-66.22],[49.4,-66],[49.86,-65.94],[49.94,-65.76],[50.5,-65.66],[51.42,-65.35],[51.85,-65.31],[52.2,-65.11],[52.55,-65.34],[53.45,-65.11],[54.64,-65.4],[55.51,-65.5],[55.97,-65.63],[57.22,-65.76],[57.79,-66.02],[58.68,-66.17],[58.5,-65.89],[59.25,-65.96],[59.36,-66.22],[60.43,-66.07],[60.44,-66.43],[60.72,-66.68],[61.2,-66.69],[61.19,-66.36],[61.94,-66.34],[62.62,-66.5],[63.46,-66.53],[63.96,-66.42],[64.09,-66.66],[65.74,-66.68],[66.68,-66.57],[67.81,-66.83],[68.2,-66.83],[68.51,-66.61],[68.51,-66.3],[69.16,-66.1],[69.77,-66.41],[70.58,-66.48],[70.63,-66.34],[72.58,-66.22],[73.25,-66.29],[73.48,-66.42],[74.43,-66.41],[74.49,-66.75],[76.46,-66.57],[76.94,-66.7],[77.33,-66.46],[77.82,-66.54],[78.27,-66.3],[79.13,-66.29],[79.26,-66.05],[80.73,-65.57],[81.51,-65.42],[85.03,-65.69],[85.59,-65.77],[86.25,-65.5],[86.42,-65.67],[88.6,-65.69],[88.73,-65.73],[88.58,-64.25],[88.48,-63.26],[88.28,-61.28],[88.08,-59.3],[87.88,-57.32],[87.68,-55.34],[87.48,-53.36],[87.28,-51.39],[87.08,-49.41],[86.88,-47.43],[86.68,-45.45],[84.8,-44.8],[82.92,-44.14],[81.04,-43.49],[79.15,-42.84],[77.27,-42.19],[75.39,-41.54],[73.51,-40.88],[71.63,-40.23],[69.75,-39.58],[68.81,-39.25],[69.59,-37.42],[70.37,-35.59],[71.15,-33.76],[71.93,-31.92],[72.72,-30.09],[73.5,-28.26],[74.28,-26.43],[75.06,-24.6],[75.84,-22.76],[76.63,-20.93],[77.41,-19.1],[78.19,-17.27],[78.97,-15.43],[79.75,-13.6],[80.54,-11.77],[81.32,-9.94],[82.75,-8.56],[84.18,-7.18],[85.61,-5.8],[87.04,-4.42],[88.47,-3.05],[89.9,-1.67],[90.61,-0.98],[91.68,0.06],[93.11,1.43],[94.54,2.81]],[[63.9,23.37],[63.62,23.37],[63.82,23.68],[64.13,23.81],[64.7,23.83],[64.49,23.56],[64.21,23.55],[63.9,23.37]],[[61.82,21.1],[61.48,21.16],[61.56,21.55],[61.74,21.59],[61.71,21.85],[61.97,22.14],[62.26,22.03],[62.23,21.79],[62.04,21.58],[62.05,21.32],[61.82,21.1]],[[71.57,15.05],[71.41,15.32],[71.51,15.57],[71.69,15.54],[71.66,15.12],[71.57,15.05]],[[52.36,13.79],[52.25,14.04],[52.43,14.11],[52.63,14.44],[52.6,14.66],[52.87,14.87],[53.29,14.9],[53.42,14.73],[53.4,14.45],[53.14,14.49],[52.95,14.36],[52.99,14.16],[52.75,14.02],[52.58,14.03],[52.36,13.79]],[[53.57,14.34],[53.58,14.17],[53.36,13.98],[53.19,14.01],[53.35,14.3],[53.57,14.34]],[[51.7,13.21],[51.54,12.98],[51.34,13.01],[51.65,13.56],[51.84,13.54],[51.7,13.21]],[[50.96,13.24],[51.1,12.92],[50.83,12.82],[50.65,12.85],[50.54,13.05],[50.7,13.24],[50.96,13.24]],[[49.02,12.9],[48.96,12.59],[48.78,12.3],[48.59,12.17],[48.52,12.44],[48.85,12.93],[49.02,12.9]],[[49.61,12.94],[49.62,13.31],[49.97,13.25],[49.96,13.08],[49.61,12.94]],[[49.56,13.37],[49.52,13.23],[49.22,13.01],[49.01,13.07],[49.1,13.29],[49.25,13.32],[49.31,13.57],[49.5,13.57],[49.58,13.75],[49.8,13.57],[49.56,13.37]],[[50.12,13.64],[50.46,13.38],[50.08,13.3],[50.12,13.64]],[[50.08,12.94],[50.06,13.07],[50.44,13.2],[50.47,13.02],[50.08,12.94]],[[52.16,14.29],[52.04,14.46],[52.21,14.59],[52.45,14.34],[52.16,14.29]],[[56.06,10.13],[56,10.41],[56.44,10.47],[56.4,10.27],[56.06,10.13]],[[72.86,8.52],[72.69,8.66],[72.63,9.01],[72.91,9.17],[73.02,9.1],[73.32,9.3],[73.34,9.62],[73.63,9.51],[73.67,9.18],[73.13,8.86],[73.07,8.63],[72.86,8.52]],[[73.55,9.59],[73.51,9.79],[73.58,10.25],[73.71,10.49],[73.92,10.49],[73.76,9.99],[73.75,9.65],[73.55,9.59]],[[73.8,5.51],[73.87,5.13],[73.61,4.87],[73.9,4.55],[73.87,4.34],[73.69,4.12],[73.68,3.72],[73.87,3.63],[73.9,3.4],[73.69,2.81],[73.63,2.51],[73.78,2.26],[73.74,1.93],[73.49,1.53],[73.15,1.63],[72.84,2.06],[72.7,2.8],[72.71,3.21],[72.41,3.67],[72.54,3.86],[72.59,4.28],[72.73,4.91],[72.69,5.34],[72.38,5.57],[72.17,6],[72.24,6.37],[72.19,6.62],[72.31,7.16],[72.15,7.55],[72.22,7.73],[72.41,7.78],[72.6,8.32],[73.18,8.53],[73.27,8.74],[73.73,8.45],[73.61,8.16],[73.32,8.17],[73.44,7.86],[73.45,7.42],[73.32,7.28],[73.51,7.06],[73.56,6.74],[73.91,6.35],[73.97,6.07],[73.87,5.78],[73.64,5.69],[73.8,5.51]],[[90.31,3.42],[90.13,3.74],[90.45,3.86],[90.53,3.48],[90.31,3.42]],[[66.86,2.83],[66.72,2.54],[66.52,2.76],[66.86,2.83]],[[50.7,6.72],[50.49,6.59],[50.41,6.87],[50.64,6.92],[50.7,6.72]],[[73.13,1.37],[73.23,1.48],[73.73,1.42],[73.99,1.26],[73.85,0.93],[73.93,0.54],[73.85,0.34],[73.65,0.26],[73.45,-0.07],[73.6,-0.23],[73.6,-0.68],[73.72,-0.91],[72.91,-0.98],[72.91,-0.44],[73.1,-0.34],[72.82,0.24],[72.87,1.05],[72.78,1.31],[73.13,1.37]],[[54.91,-3.37],[54.95,-3.56],[55.55,-3.59],[55.97,-3.55],[56.31,-3.8],[56.44,-3.99],[56.67,-4.09],[56.85,-4.43],[56.8,-4.59],[57.33,-4.95],[57.62,-5.26],[57.69,-5.43],[58.1,-5.66],[58.45,-5.96],[58.58,-6.34],[58.48,-6.49],[58.79,-7],[59.12,-7.14],[59.29,-7.34],[59.42,-7.66],[59.54,-7.63],[60.03,-8.07],[60.23,-8.15],[60.46,-8.07],[60.96,-8.35],[61.18,-8.66],[61.29,-9.01],[61.22,-9.19],[61.42,-9.44],[61.8,-9.38],[62.04,-9.66],[62.21,-9.67],[62.41,-9.88],[62.53,-10.19],[62.7,-10.29],[62.9,-10.68],[62.9,-10.92],[62.56,-11.3],[62.36,-11.73],[62.58,-11.79],[62.44,-12.01],[62.09,-12.01],[61.73,-12.24],[61.25,-12.76],[61.11,-13.02],[61.27,-13.17],[61.34,-13.42],[61.32,-14.02],[61.41,-14.19],[61.3,-14.66],[61.49,-15.3],[61.62,-15.46],[61.43,-15.88],[61.55,-16.23],[61.5,-16.34],[61.17,-16.22],[60.86,-16.46],[60.66,-16.87],[60.26,-17.45],[59.85,-17.94],[59.64,-17.86],[59.43,-17.95],[59,-17.98],[58.87,-17.45],[58.37,-17.28],[58.45,-17.07],[58.73,-17.05],[58.94,-16.83],[59.06,-16.42],[59.09,-15.98],[59.3,-15.74],[59.9,-15.56],[59.75,-15.18],[59.93,-14.71],[59.9,-14.36],[60.23,-13.72],[60.41,-13.15],[60.59,-12.87],[60.5,-12.61],[60.69,-12.2],[60.61,-12.05],[60.65,-11.79],[60.56,-11.48],[59.93,-10.62],[59.67,-10.06],[59.4,-9.94],[59.45,-9.71],[59.26,-9.24],[58.95,-8.84],[58.78,-8.28],[58.72,-7.86],[58.47,-7.71],[58.21,-7.68],[57.71,-7.1],[57.67,-6.89],[57.38,-6.82],[57.07,-6.54],[57.02,-6.29],[57.1,-6.1],[56.94,-5.9],[56.63,-5.95],[56.55,-6.13],[56.61,-6.42],[56.5,-6.58],[56.23,-6.7],[56.09,-6.61],[56.05,-6.27],[56.16,-6.12],[56.19,-5.62],[56.11,-5.5],[55.53,-5.4],[55.22,-5.2],[54.79,-5.11],[54.41,-4.92],[53.81,-4.77],[53.77,-4.61],[53.95,-4.32],[54.12,-4.22],[54.35,-3.92],[54.37,-3.65],[54.73,-3.64],[54.91,-3.37]],[[72.52,-4.33],[72.68,-4.26],[73.07,-4.33],[72.92,-4.55],[72.74,-5.02],[72.84,-5.13],[72.79,-5.38],[72.63,-5.51],[73.05,-5.62],[73.06,-5.88],[72.85,-6.43],[73.06,-6.6],[72.96,-7.01],[72.66,-7.26],[72.5,-7.7],[72.5,-8.08],[72.03,-8.11],[72.01,-8.31],[71.51,-8.25],[71.44,-8.43],[71.14,-8.4],[71.11,-8.27],[70.79,-8.05],[70.78,-7.78],[70.65,-7.57],[70.84,-6.69],[71.07,-6.07],[71.21,-5.79],[71.47,-5.1],[71.79,-4.98],[71.9,-4.79],[72.1,-4.82],[72.52,-4.33]],[[71,-8.37],[71.15,-8.55],[71.08,-8.86],[70.87,-8.54],[70.5,-8.22],[70.58,-8.02],[70.93,-8.2],[71,-8.37]],[[70.61,-8.55],[70.81,-8.69],[70.84,-9.03],[70.63,-9.28],[70.49,-9.18],[70.07,-9.27],[70,-9.13],[70.23,-8.62],[70.61,-8.55]],[[68.11,-7.35],[68.11,-7.55],[67.9,-7.61],[67.81,-7.45],[68.11,-7.35]],[[58.9,-18.35],[59.11,-18.64],[59.45,-18.49],[59.26,-18.91],[58.98,-19.11],[58.92,-18.86],[58.61,-18.79],[58.38,-18.83],[58.12,-18.75],[57.82,-18.51],[57.88,-18.34],[58.09,-18.18],[58.27,-18.21],[58.47,-18.42],[58.9,-18.35]],[[60.21,-18.71],[60.33,-18.85],[59.91,-18.99],[59.8,-18.73],[60.21,-18.71]],[[58.24,-19.14],[58.4,-19.33],[58.22,-19.66],[58.27,-19.85],[57.98,-20.01],[58.01,-20.37],[57.73,-20.61],[57.22,-20.62],[57.16,-20.35],[57.41,-19.98],[57.44,-19.78],[57.13,-19.21],[57.3,-18.88],[57.5,-18.72],[58.06,-18.81],[58.25,-18.96],[58.24,-19.14]],[[62.08,-19.78],[61.42,-19.51],[61,-19.39],[61.54,-19.25],[61.9,-19.32],[62.48,-19.57],[62.86,-19.56],[63.1,-19.46],[63.57,-19.48],[63.77,-19.61],[64.36,-19.51],[64.49,-19.75],[64.1,-19.74],[63.86,-19.86],[63.21,-19.98],[62.08,-19.78]],[[55.73,-20.63],[55.88,-20.95],[56.16,-21.2],[56.11,-21.34],[55.7,-21.57],[55.38,-21.53],[55.23,-21.33],[55.01,-21.26],[54.94,-20.83],[55.16,-20.68],[55.45,-20.71],[55.73,-20.63]],[[42.72,-19.49],[43.1,-19.31],[43.08,-19.06],[42.85,-18.7],[42.84,-18.07],[42.67,-17.77],[42.7,-17.5],[42.43,-16.87],[42.62,-16.73],[42.83,-16.79],[43.01,-16.63],[43.13,-16.3],[43.29,-16.07],[44.22,-15.56],[44.64,-15.43],[45.42,-15.49],[46.01,-14.99],[46.27,-14.94],[46.58,-14.6],[46.64,-14.36],[46.81,-14.26],[46.86,-14.06],[47.31,-13.73],[47.42,-13.8],[47.81,-13.09],[47.54,-13.06],[47.45,-12.86],[47.41,-12.43],[47.56,-12.06],[47.98,-11.77],[48.35,-12],[48.72,-11.9],[48.89,-11.7],[49.07,-11.76],[49.23,-11.53],[49.61,-11.23],[49.73,-11.43],[49.83,-12.11],[50.07,-12.28],[50,-12.47],[50.13,-12.63],[50.41,-12.76],[50.22,-13.05],[50.42,-13.35],[50.38,-13.56],[50.51,-14.04],[50.52,-14.4],[50.67,-14.54],[50.64,-14.88],[50.77,-15.02],[50.81,-15.34],[50.75,-15.69],[50.6,-16.06],[50.59,-16.55],[50.43,-17.16],[49.99,-17.57],[49.87,-17.83],[49.92,-18.09],[49.67,-18.48],[49.68,-18.63],[49.39,-19.13],[49.39,-19.27],[49.2,-19.7],[49.18,-20.06],[48.98,-20.46],[48.88,-21.09],[48.74,-21.28],[48.62,-21.79],[48.65,-21.94],[48.51,-22.26],[48.38,-22.34],[48.19,-22.7],[48.21,-22.97],[48.11,-23.28],[48.17,-23.52],[48.1,-24.03],[47.79,-24.09],[47.79,-24.52],[47.45,-25.34],[47.08,-25.69],[46.98,-25.99],[46.52,-26.04],[46.16,-26.3],[46.45,-26.46],[46.6,-26.77],[46.9,-26.88],[47.02,-27.1],[47.27,-26.92],[47.51,-27.1],[47.86,-27.19],[47.85,-27.32],[47.42,-27.37],[47.28,-27.55],[47.36,-27.82],[46.88,-27.59],[46.74,-27.84],[46.51,-27.88],[46.24,-28.08],[45.85,-28.01],[45.86,-27.56],[45.22,-27.84],[44.9,-27.55],[44.83,-27.91],[44.71,-28.07],[44.34,-28.26],[44.29,-28.09],[44.47,-27.79],[44.36,-27.54],[44.34,-27.22],[44.46,-26.9],[44.78,-26.71],[44.64,-26.38],[44.29,-26.16],[44.29,-25.93],[44.14,-25.68],[44.12,-25.44],[43.89,-25.16],[43.75,-24.67],[43.45,-24.42],[43.49,-23.9],[43.36,-23.49],[43.19,-23.29],[43.13,-22.89],[42.83,-22.68],[42.65,-22.29],[42.83,-21.8],[42.75,-21.33],[42.59,-21.23],[42.41,-20.14],[42.6,-19.86],[42.59,-19.64],[42.72,-19.49]],[[45.4,-28.26],[45.34,-28.49],[45.06,-28.41],[45.21,-28.12],[45.4,-28.26]],[[35.66,-28.68],[35.82,-28.81],[36.25,-28.95],[36.46,-29.26],[36.34,-29.78],[36.03,-29.73],[35.78,-29.83],[35.55,-29.62],[35.26,-29.62],[35.23,-29.4],[35.54,-28.72],[35.66,-28.68]],[[45.74,-29.35],[46.05,-29.46],[46.04,-29.64],[45.74,-29.57],[45.74,-29.35]],[[45.36,-30.41],[45.32,-30.28],[45.77,-30.17],[45.79,-29.88],[46.19,-29.77],[46.37,-30.26],[46.42,-30.74],[46.27,-30.97],[46.03,-30.77],[45.89,-31],[45.38,-30.8],[45.19,-30.56],[45.36,-30.41]],[[43.73,-30.24],[43.82,-30.59],[43.55,-30.96],[43.32,-31.57],[43.15,-31.56],[42.96,-31.34],[42.94,-31.1],[43.12,-30.66],[43.58,-30.07],[43.73,-30.24]],[[45.89,-31.19],[45.99,-31.24],[45.85,-32.71],[45.98,-32.94],[46.05,-33.39],[45.97,-33.57],[46.15,-33.77],[46.14,-34.01],[46.36,-34.24],[45.77,-34.47],[45.78,-34.67],[45.22,-34.9],[44.81,-34.82],[44.38,-34.67],[44,-34.73],[44.04,-34.18],[43.91,-33.97],[43.62,-33.88],[43.4,-33.64],[43.37,-33.43],[43.15,-33.14],[43.22,-32.78],[43.16,-32.02],[43.49,-31.79],[43.75,-31.7],[44.06,-31.73],[44.3,-31.58],[44.62,-31.56],[44.82,-31.67],[45.09,-31.44],[45.18,-31.19],[45.89,-31.19]],[[55.45,-33.51],[55.41,-34.03],[55.18,-33.89],[55.45,-33.51]],[[55.94,-34.22],[56.2,-34.16],[56.18,-34.46],[55.97,-34.47],[55.94,-34.22]],[[53.33,-35.41],[53.3,-35.63],[53.02,-35.61],[53.16,-35.16],[53.33,-35.41]],[[52.2,-36.17],[52.24,-36.87],[52,-36.89],[51.94,-36.31],[52.2,-36.17]],[[52.66,-36.57],[52.89,-36.73],[52.7,-37.08],[52.54,-36.93],[52.66,-36.57]],[[49.65,-37.79],[50.06,-37.73],[50.26,-37.25],[50.7,-37.3],[50.62,-37.63],[50.64,-37.98],[50.28,-38.21],[50.17,-38.05],[49.88,-38.29],[49.22,-38.55],[49.18,-38],[49.65,-37.79]],[[47.97,-37.91],[47.98,-38.31],[47.6,-38.67],[47.3,-38.64],[47.36,-38.15],[47.76,-38.09],[47.97,-37.91]],[[49.04,-38.11],[48.96,-38.52],[48.59,-38.78],[48.22,-38.77],[48.18,-38.63],[48.53,-38.16],[48.68,-38.3],[49.04,-38.11]],[[47.66,-38.81],[47.78,-39.16],[47.09,-39.14],[47.16,-38.83],[47.47,-38.74],[47.66,-38.81]],[[46.34,-39.45],[46.36,-39.16],[46.5,-38.96],[46.76,-39.13],[46.34,-39.45]],[[43.19,-39.68],[43.22,-39.89],[42.93,-40.36],[42.72,-40.43],[42.47,-40.29],[42.42,-40.05],[42.53,-39.8],[42.78,-39.92],[42.89,-39.7],[43.19,-39.68]],[[45.73,-40.2],[45.71,-40.54],[45.45,-40.47],[45.73,-40.2]],[[43.05,-41.02],[43.2,-41.17],[42.94,-41.63],[42.91,-42.22],[42.82,-42.67],[42.51,-42.87],[42.68,-42.22],[42.86,-41.15],[43.05,-41.02]],[[42.04,-42.82],[42.15,-42.94],[42.07,-43.5],[41.75,-43.53],[41.86,-42.88],[42.04,-42.82]],[[41.57,-42.92],[41.63,-43.12],[41.45,-43.56],[41.19,-43.82],[40.87,-43.98],[40.92,-44.21],[41.19,-44.31],[40.91,-44.56],[40.66,-44.54],[40.44,-44.26],[40.72,-43.83],[40.56,-43.27],[40.84,-43.16],[41.16,-43.39],[41.57,-42.92]],[[45.73,-43.96],[46.27,-44.29],[46.85,-44.9],[47.38,-45.12],[47.54,-45.36],[47.56,-45.73],[47.19,-46.02],[46.85,-46.07],[46.22,-46.72],[45.86,-46.52],[45.14,-46.46],[45,-46.27],[44.99,-45.95],[44.48,-46.04],[43.89,-45.41],[43.48,-45.4],[43.02,-45.78],[42.36,-45.53],[42.38,-45.79],[43.03,-46.01],[43.14,-46.31],[42.89,-46.72],[42.71,-46.78],[42.3,-46.32],[41.78,-46.37],[41.73,-46.15],[42.05,-45.65],[41.84,-45.54],[41.73,-45.91],[40.85,-46.01],[40.75,-45.74],[40.87,-45.56],[40.79,-45.32],[41.43,-45.2],[41.71,-44.97],[41.94,-45.19],[42.15,-44.9],[41.95,-44.4],[42.29,-44.39],[42.62,-44.81],[43.46,-44.86],[43.52,-44.68],[43.87,-44.59],[44.11,-44.42],[44.59,-44.4],[44.46,-44.06],[45.15,-44.09],[45.5,-44.2],[45.73,-43.96]],[[49.81,-45.19],[50.27,-45.22],[50.6,-45.36],[51.05,-45.36],[51.74,-45.74],[51.91,-46.09],[52.42,-46.22],[52.66,-46.5],[52.95,-46.54],[53.05,-46.82],[52.72,-46.93],[52.44,-46.7],[52.08,-46.71],[51.99,-47.02],[51.47,-46.93],[51.16,-47.06],[50.93,-46.87],[50.49,-46.81],[50.09,-46.94],[49.87,-46.8],[49.2,-46.69],[48.76,-46.19],[48.92,-45.86],[49.17,-45.81],[49.14,-45.56],[49.55,-45.28],[49.81,-45.19]],[[67.18,-45.86],[67.61,-45.72],[67.96,-45.78],[68.22,-46.12],[68.59,-46.44],[69,-46.61],[69.52,-46.63],[69.96,-46.97],[70.16,-46.92],[70.73,-46.54],[70.93,-46.56],[71.21,-46.98],[71.63,-46.62],[71.93,-46.7],[71.83,-46.97],[72.18,-46.93],[72.42,-46.8],[72.55,-47.11],[72.82,-47.36],[72.46,-47.66],[72.79,-47.83],[73.91,-47.49],[74.68,-47.45],[74.47,-47.66],[73.9,-47.83],[73.94,-48.17],[73.79,-48.33],[73.39,-48.19],[71.97,-48.2],[72.15,-48.54],[72.47,-48.53],[72.76,-49.26],[73.34,-49.37],[73.54,-49.61],[73.92,-49.58],[74.84,-50.05],[74.81,-50.2],[75.15,-50.35],[75.32,-50.24],[75.88,-50.58],[76.02,-51.17],[76.22,-51.46],[76.68,-51.55],[77.81,-51.91],[77.96,-52.21],[78.58,-52.56],[80.05,-52.86],[80.29,-52.82],[80.74,-52.99],[81.6,-53.47],[81.19,-53.57],[79.54,-53.07],[79.03,-53.06],[78.43,-53.14],[78.35,-53.5],[78.62,-53.62],[78.81,-54.06],[78.31,-54.18],[78.02,-53.88],[77.57,-54.11],[77.81,-54.52],[77.71,-54.84],[77.5,-55.03],[77.38,-55.59],[76.82,-55.66],[76.12,-55.56],[75.99,-55.23],[75.09,-55.21],[75.07,-54.99],[73.53,-55.19],[73.44,-54.95],[73.56,-54.73],[73.33,-54.51],[73.86,-53.98],[72.83,-53.98],[72.4,-54.22],[71.94,-54.29],[71.43,-54.12],[71.86,-53.93],[71.51,-53.78],[71.25,-53.43],[71.56,-53.02],[71.49,-52.51],[71.18,-52.6],[70.91,-52.4],[70.99,-51.71],[70.55,-51.78],[69.98,-51.75],[69.65,-51.94],[69.3,-51.99],[69.23,-51.73],[69.62,-51.38],[69.74,-51.1],[69.46,-50.78],[68.74,-50.7],[68.67,-50.87],[67.95,-51.36],[67.61,-51.2],[67.42,-50.88],[66.98,-50.49],[67.13,-50.38],[66.86,-50.02],[66.54,-49.98],[65.86,-50.38],[65.31,-50.3],[65.27,-50.58],[64.83,-50.62],[64.44,-50.53],[64.31,-50.37],[63.79,-50.32],[63.57,-50.2],[63.59,-49.88],[63.26,-49.8],[63.31,-49.63],[62.18,-48.8],[62.47,-48.62],[62.97,-48.73],[63.8,-49.16],[64.03,-49.42],[64.66,-49.4],[64.83,-49.49],[65.31,-49.41],[65.38,-49.25],[65.18,-48.93],[64.9,-49.02],[64.67,-48.76],[64.9,-48.4],[64.87,-48.05],[65.1,-47.99],[65.24,-47.68],[65.33,-47.18],[65.76,-46.95],[66.02,-46.56],[66.53,-46.3],[67.18,-45.86]],[[76.87,-46.78],[76.96,-46.85],[76.36,-47.19],[76.29,-47.05],[76.87,-46.78]],[[51.82,-54.46],[51.72,-54.79],[51.43,-54.79],[51,-54.61],[50.32,-54.74],[50.03,-54.58],[49.64,-54.58],[49.61,-54.33],[50,-54.39],[51.24,-53.9],[51.58,-53.9],[52.1,-53.76],[52.56,-53.52],[52.68,-53.68],[52.39,-53.87],[52.2,-54.31],[51.82,-54.46]],[[48.49,-53.77],[48.38,-53.91],[47.79,-53.91],[47.69,-53.76],[47.82,-53.44],[47.69,-52.98],[48.12,-52.83],[48.47,-52.83],[48.85,-52.97],[48.64,-53.21],[48.26,-53.14],[48.1,-53.46],[48.49,-53.77]],[[44.57,-53.63],[44.22,-53.61],[44.08,-53.24],[43.2,-53.13],[43.13,-52.64],[43.64,-52.65],[43.92,-52.54],[44.56,-52.46],[45,-52.66],[45.49,-52.98],[45.51,-53.14],[45.89,-53.38],[45.65,-53.61],[45.37,-53.51],[44.57,-53.63]],[[41.67,-52.6],[41.29,-52.59],[40.78,-52.38],[40.71,-52.21],[41,-52.06],[41.86,-52.12],[41.89,-52.41],[41.67,-52.6]],[[50.58,-52.39],[50.95,-52.3],[51.23,-52.5],[51.05,-52.77],[50.7,-52.79],[50.5,-52.55],[50.58,-52.39]],[[46.64,-53.28],[47.03,-53.17],[47.21,-53.26],[47.11,-53.54],[46.73,-53.46],[46.64,-53.28]],[[32.5,-47.76],[32.31,-47.73],[32.54,-47.26],[32.87,-47.39],[32.5,-47.76]],[[33.78,-47.16],[33.9,-46.32],[34.25,-46.2],[34.01,-47.1],[33.78,-47.16]],[[34.73,-46.94],[34.8,-46.67],[35.34,-45.38],[35.43,-44.93],[35.95,-44.74],[36.17,-44.5],[36.68,-44.27],[36.99,-44.28],[36.85,-44.63],[36.43,-44.91],[36.71,-45],[36.4,-45.32],[36.07,-45.16],[35.81,-45.15],[35.5,-45.58],[35.47,-45.84],[35.28,-46.13],[35.07,-46.73],[34.73,-46.94]],[[34.55,-45.6],[34.62,-45.91],[34.36,-45.97],[34.27,-45.74],[34.55,-45.6]],[[36.29,-44.25],[36.14,-43.99],[36.49,-43.84],[36.53,-44.09],[36.29,-44.25]],[[37.68,-44.06],[37.94,-43.95],[38.16,-43.49],[38.35,-43.63],[38.05,-44.26],[37.7,-44.57],[37.46,-44.57],[37.38,-44.17],[37.68,-44.06]],[[39.72,-43.31],[39.6,-43.17],[39.67,-42.83],[39.93,-42.8],[40.37,-43.1],[40.06,-43.34],[39.72,-43.31]],[[41.55,-42.86],[41.53,-42.48],[41.79,-42.46],[41.55,-42.86]],[[42.22,-42.74],[42.14,-42.19],[42.27,-41.75],[42.51,-41.5],[42.38,-42.26],[42.26,-42.38],[42.39,-42.65],[42.22,-42.74]],[[41.97,-41.86],[41.88,-42.22],[41.61,-42.33],[41.53,-41.98],[41.97,-41.86]],[[41.74,-41.71],[41.55,-41.59],[41.7,-41.33],[41.96,-41.55],[41.74,-41.71]],[[39.44,-43.48],[40.22,-43.46],[40.28,-44.03],[39.84,-44.02],[39.8,-43.78],[39.39,-43.71],[39.44,-43.48]],[[38.84,-44.37],[38.79,-44.69],[38.47,-45.03],[38.48,-45.44],[38.06,-45.73],[38.07,-45.09],[38.47,-44.52],[38.46,-44.24],[38.75,-43.7],[39.01,-43.52],[39.23,-43.57],[39.1,-44.02],[38.84,-44.37]],[[40.32,-45.22],[40.66,-45.3],[40.61,-45.55],[40.31,-45.44],[40.32,-45.22]],[[39.69,-45.28],[39.98,-45.43],[39.77,-45.65],[39.42,-45.47],[39.69,-45.28]],[[37.42,-44.89],[37.53,-45.05],[37.1,-45.33],[36.99,-45.06],[37.18,-44.67],[37.51,-44.63],[37.79,-44.83],[38.02,-44.64],[38.37,-44.63],[38.11,-44.93],[37.68,-44.97],[37.42,-44.89]],[[38.56,-46.07],[38.75,-46.41],[38.43,-46.53],[38.24,-46.32],[38.56,-46.07]],[[39.41,-46.51],[39.59,-46.29],[39.87,-46.28],[40.12,-46.6],[39.6,-46.7],[39.41,-46.51]],[[38.29,-46.61],[38.31,-46.8],[38.11,-47.04],[37.8,-47.14],[37.52,-47.02],[37.49,-46.81],[37.72,-46.52],[37.99,-46.47],[38.29,-46.61]],[[43.42,-39.2],[43.18,-39.25],[43.49,-38.73],[43.73,-38.81],[43.42,-39.2]],[[46.63,-38.46],[46.94,-38.3],[47.11,-38.59],[46.66,-38.73],[46.63,-38.46]],[[49.22,-37.52],[49.16,-37.42],[49.68,-37.31],[49.53,-37.53],[49.22,-37.52]],[[51.49,-37.5],[51.37,-37.7],[51.03,-37.75],[51.04,-37.51],[51.49,-37.5]],[[44.39,-35.14],[44,-35.04],[44.22,-34.84],[44.39,-35.14]],[[43.32,-34.69],[43.03,-34.58],[43.1,-34.39],[43.49,-34.42],[43.32,-34.69]],[[33.53,-34.39],[33.01,-34.25],[32.99,-34.04],[33.61,-33.89],[33.89,-34.2],[33.53,-34.39]],[[34.93,-33.88],[34.54,-33.7],[34.41,-33.44],[34.19,-33.52],[34.2,-33.13],[34.31,-32.61],[34.78,-32.03],[35.3,-31.9],[35.72,-32.04],[35.9,-31.89],[36.18,-32.02],[36.24,-32.4],[36.06,-32.78],[36.09,-33.12],[35.52,-33.84],[34.93,-33.88]],[[42.99,-31.73],[42.67,-31.62],[42.83,-31.44],[42.99,-31.73]],[[43.86,-31.21],[43.87,-31.42],[43.68,-31.49],[43.62,-31.12],[43.86,-31.21]],[[35.44,-30.91],[35.16,-30.79],[35.15,-30.35],[35.45,-30.22],[35.92,-29.9],[36.54,-30.23],[36.63,-30.41],[36.43,-30.58],[36,-30.65],[35.81,-30.83],[35.44,-30.91]],[[36.58,-24.7],[36.66,-24.96],[36.56,-25.34],[36.28,-25.3],[36.31,-24.95],[36.58,-24.7]],[[42.73,-22.72],[42.86,-22.97],[42.6,-22.98],[42.73,-22.72]],[[39.53,-22.07],[39.3,-21.89],[39.56,-21.29],[39.84,-21.31],[39.91,-21.69],[39.71,-21.65],[39.53,-22.07]],[[42.05,-18.63],[41.94,-19.02],[41.63,-18.98],[41.74,-18.71],[41.37,-18.59],[41.59,-18.32],[41.64,-17.93],[41.78,-17.74],[42.03,-17.97],[42.05,-18.63]],[[42.26,-17.98],[41.93,-17.81],[41.93,-17.23],[42.36,-17.26],[42.44,-17.79],[42.26,-17.98]],[[42.25,-16.75],[42.2,-17.09],[41.97,-17.08],[41.9,-16.89],[42.25,-16.75]],[[41.81,-16.13],[41.8,-16.53],[41.54,-16.44],[41.62,-16.08],[41.81,-16.13]],[[45.17,-13.21],[44.78,-12.99],[44.84,-12.43],[45.04,-12.38],[45.38,-12.46],[45.52,-12.68],[45.48,-13],[45.17,-13.21]],[[44.03,-12.5],[43.69,-12.67],[43.43,-12.5],[43.5,-12.15],[43.38,-12],[42.99,-11.94],[42.91,-11.84],[43.13,-11.51],[43.15,-11.27],[43.36,-11.17],[43.67,-11.35],[43.63,-11.73],[43.7,-12.02],[44.05,-12.27],[44.03,-12.5]],[[41.75,-11.23],[41.81,-11.71],[41.68,-11.94],[41.47,-11.85],[41.46,-11.42],[41.54,-11.18],[41.51,-10.82],[41.71,-10.63],[41.82,-10.98],[41.75,-11.23]],[[50.4,-10.8],[50.41,-10.26],[50.15,-9.99],[50.19,-9.74],[50.33,-9.46],[50.67,-9.78],[50.89,-9.73],[50.57,-9.3],[50.59,-9.1],[50.83,-9.12],[50.96,-8.7],[51.24,-8.76],[51.21,-9.06],[51.29,-9.24],[51.26,-9.57],[51.47,-9.68],[51.29,-10.29],[50.79,-10.45],[50.76,-10.63],[50.4,-10.8]],[[47.64,-9.55],[47.76,-9.84],[47.62,-9.89],[47.42,-9.7],[47.64,-9.55]],[[46.42,-9.57],[46.1,-9.45],[46.18,-9.25],[46.42,-9.23],[46.66,-9.33],[46.42,-9.57]],[[47.12,-9.15],[46.93,-9.15],[46.79,-8.81],[46.87,-8.43],[47.26,-8.3],[47.53,-8.63],[47.53,-8.79],[47.31,-8.86],[47.12,-9.15]],[[47.19,-8.02],[46.88,-7.92],[47.04,-7.58],[47.26,-7.68],[47.19,-8.02]],[[56.82,-7.5],[56.71,-7.15],[56.75,-6.93],[56.93,-6.87],[57.11,-7.2],[57.13,-7.74],[56.82,-7.5]],[[56.4,-6.92],[56.44,-7.19],[56.12,-7.32],[56.12,-6.95],[56.4,-6.92]],[[52.91,-7.2],[52.65,-7.16],[52.61,-6.1],[52.93,-5.77],[52.93,-5.56],[53.12,-5.32],[53.26,-4.73],[53.57,-4.54],[53.47,-5.21],[53.64,-5.4],[53.83,-5.43],[53.88,-5.69],[53.42,-5.89],[53.36,-6.16],[52.99,-6.52],[52.91,-7.2]],[[55.16,-5.85],[55.29,-5.57],[55.58,-5.57],[55.59,-5.86],[55.5,-6.04],[55.21,-6.09],[55.16,-5.85]],[[51.67,-8.54],[51.97,-8.84],[51.52,-8.93],[51.37,-8.81],[51.49,-8.58],[51.67,-8.54]],[[56.3,-9.92],[56.52,-9.94],[56.83,-10.41],[56.66,-10.62],[56.46,-10.48],[56.42,-10.18],[56.3,-9.92]],[[49.93,-10.91],[50.11,-11.04],[50.07,-11.27],[49.91,-11.29],[49.78,-11.09],[49.93,-10.91]],[[47.25,-11.71],[47.18,-11.38],[47.25,-11.25],[47.52,-11.36],[47.53,-11.58],[47.25,-11.71]],[[44.54,-11.93],[44.69,-12.24],[44.65,-12.46],[44.33,-12.41],[44.05,-12.14],[44.18,-12.01],[44.54,-11.93]],[[46.01,-12.37],[46.22,-12.1],[46.7,-12.14],[46.74,-12.45],[46.57,-12.55],[46.1,-12.52],[46.01,-12.37]],[[66.83,-56.32],[66.96,-56.23],[67.73,-56.18],[68.36,-56.22],[68.68,-56.38],[69.11,-56.44],[69.49,-56.77],[69.86,-56.86],[70.43,-56.68],[71.5,-56.52],[71.77,-56.3],[72.25,-56.29],[72.79,-56.41],[72.81,-56.71],[72.22,-57.02],[72.21,-57.2],[71.61,-57.29],[70.88,-57.55],[69.86,-57.34],[69.46,-57.17],[68.7,-57.22],[67.75,-57.21],[66.79,-57.14],[67,-56.9],[66.85,-56.63],[66.4,-56.73],[66.4,-56.39],[66.83,-56.32]],[[78.1,-56.25],[79.21,-56.53],[79.94,-57.12],[80.35,-57.29],[80.87,-57.26],[81.16,-57.6],[81.79,-57.74],[82.08,-57.94],[82.38,-58.57],[83.68,-59],[83.67,-59.22],[83.95,-59.37],[84.91,-59.6],[84.95,-59.91],[84.52,-60.08],[84.45,-60.46],[84.1,-60.66],[84.23,-60.88],[83.73,-61.03],[83.16,-60.87],[83.1,-61.1],[83.34,-61.29],[83,-61.52],[82.12,-61.32],[82.06,-61.12],[81.5,-61.06],[80.56,-60.8],[80.4,-60.55],[80.04,-60.36],[80.06,-60.07],[80.69,-59.59],[80.09,-59.49],[79.34,-59.66],[78.62,-59.67],[78.07,-59.93],[77.38,-60.07],[76.37,-60.07],[75.46,-59.9],[75.16,-60],[74.37,-59.95],[73.75,-59.68],[73.74,-59.36],[73.5,-59.29],[73.45,-58.97],[73.97,-58.96],[74.07,-58.59],[74.76,-58.39],[75.75,-58.33],[75.89,-57.95],[76.63,-57.43],[77.04,-57.43],[76.86,-57.72],[77.07,-58.04],[77.59,-58.03],[77.77,-57.72],[77.63,-57.46],[77.62,-57.02],[78.15,-56.79],[77.93,-56.63],[78.2,-56.42],[78.1,-56.25]],[[81.45,-61.89],[82.18,-62.48],[81.65,-62.67],[81.12,-62.57],[80.47,-62.13],[80.86,-61.93],[81.45,-61.89]],[[34.03,-65.38],[33.68,-65.18],[33.73,-65.01],[34.49,-64.81],[34.8,-64.97],[34.55,-65.39],[34.03,-65.38]]]},"properties":{"scalerank":0,"featurecla":"Bathymetry","depth":2000}},
{"type":"Feature","geometry":{"type":"Polygon","coordinates":[[[45.36,-30.41],[45.37,-30.42],[45.37,-30.41],[45.36,-30.41]]]},"properties":{"scalerank":0,"featurecla":"Bathymetry","depth":2000}},
{"type":"Feature","geometry":{"type":"Polygon","coordinates":[[[37.42,-44.89],[37.42,-44.88],[37.41,-44.89],[37.42,-44.89]]]},"properties":{"scalerank":0,"featurecla":"Bathymetry","depth":2000}},
{"type":"Feature","geometry":{"type":"Polygon","coordinates":[[[-58.39,-53.45],[-58.33,-53.43],[-58.42,-53.45],[-58.39,-53.45]]]},"properties":{"scalerank":0,"featurecla":"Bathymetry","depth":2000}},
{"type":"Feature","geometry":{"type":"Polygon","coordinates":[[[20.93,-37.03],[20.62,-37.18],[20.17,-37.22],[19.99,-37.12],[19.9,-36.6],[19.58,-36.25],[19.21,-36.1],[18.82,-35.66],[18.6,-35.62],[18.24,-35.13],[18,-35.12],[17.9,-34.9],[17.32,-34.47],[17.37,-34.31],[17.19,-33.95],[16.93,-33.76],[16.68,-33.74],[16.43,-33.26],[16.48,-33.13],[16.22,-32.74],[15.73,-32.46],[15.39,-31.91],[14.96,-31.71],[15.02,-31.46],[14.96,-30.9],[14.59,-30.79],[14.18,-30.36],[14.01,-30.28],[13.92,-30.01],[13.99,-29.51],[13.78,-29.06],[13.76,-28.53],[13.65,-27.99],[12.68,-28.09],[10.73,-28.27],[8.79,-28.46],[6.84,-28.65],[4.98,-27.97],[3.12,-27.29],[1.25,-26.6],[-0.61,-25.92],[-1.54,-25.58],[-2.93,-25.07],[-4.41,-25.08],[-5.89,-25.09],[-7.37,-25.1],[-8.85,-25.12],[-10.33,-25.13],[-11.81,-25.14],[-13.78,-25.15],[-15.26,-25.16],[-16.73,-25.17],[-18.21,-25.18],[-19.69,-25.19],[-21.17,-25.21],[-22.65,-25.22],[-24.13,-25.23],[-25.61,-25.24],[-26.59,-25.25],[-28.07,-25.26],[-29.55,-25.27],[-31.03,-25.28],[-32.51,-25.29],[-33.99,-25.3],[-35.47,-25.31],[-37.17,-24.43],[-38.87,-23.54],[-40.15,-22.88],[-40.66,-23.23],[-40.9,-23.81],[-41.16,-24.09],[-41.53,-24.34],[-42.24,-24.65],[-42.61,-24.65],[-42.84,-24.88],[-43.08,-24.98],[-43.87,-25.11],[-44.1,-25.53],[-44.32,-25.5],[-44.38,-25.7],[-44.57,-25.74],[-44.88,-26.14],[-45.29,-26.35],[-45.62,-26.81],[-45.72,-27.12],[-46.24,-27.71],[-46.37,-27.96],[-46.51,-28.59],[-46.49,-28.87],[-46.66,-29.09],[-47,-29.73],[-47,-30.05],[-47.27,-30.52],[-47.9,-30.7],[-48.91,-31.17],[-49.03,-31.39],[-49.3,-31.62],[-49.49,-32.02],[-49.46,-32.35],[-49.27,-32.58],[-49.23,-32.85],[-49.34,-33.25],[-49.58,-33.52],[-50.41,-34.02],[-50.9,-34.09],[-51.12,-34.39],[-51.24,-34.7],[-51.4,-34.79],[-51.65,-35.23],[-51.95,-35.43],[-52.1,-35.74],[-52.63,-36.14],[-52.9,-36.6],[-53.33,-36.95],[-53.28,-37.3],[-53.57,-37.63],[-53.81,-38.02],[-53.8,-38.17],[-53.95,-38.81],[-54.46,-39.46],[-55.04,-40.37],[-55.8,-41.06],[-56.29,-41.55],[-56.47,-41.85],[-56.82,-42.09],[-57.01,-42.32],[-57.62,-42.74],[-57.67,-42.96],[-58.04,-43.02],[-58.78,-43.87],[-58.71,-44.35],[-58.77,-44.65],[-58.39,-44.95],[-58.46,-45.22],[-58.79,-45.84],[-58.87,-46.36],[-58.87,-47.11],[-58.82,-47.52],[-58.56,-47.98],[-58.26,-48.11],[-57.82,-48.17],[-57.07,-47.98],[-56.06,-48.24],[-55.27,-48.55],[-54.77,-48.65],[-54.38,-48.89],[-54.16,-48.9],[-53.28,-49.43],[-53,-49.45],[-52.79,-49.84],[-52.79,-50.16],[-52.53,-50.52],[-52.86,-50.87],[-52.68,-51.14],[-52.79,-51.37],[-53.16,-51.61],[-53.28,-51.8],[-53.93,-52.31],[-54.77,-52.73],[-54.91,-52.73],[-55.7,-53.04],[-57.34,-53.35],[-58.39,-53.45],[-58.18,-53.57],[-57.02,-53.71],[-55.75,-53.81],[-55.7,-53.95],[-55.25,-54.07],[-54.34,-53.83],[-53.67,-53.55],[-53.47,-53.55],[-52.6,-53.15],[-51.78,-53.15],[-51.35,-53.33],[-50.99,-53.12],[-49.75,-53.06],[-49.41,-53.28],[-49.42,-53.53],[-49.64,-53.72],[-49.97,-53.74],[-50.38,-53.6],[-50.52,-53.44],[-50.94,-53.58],[-50.96,-54.05],[-51.13,-54.17],[-51.79,-54.1],[-52.14,-54.24],[-52.61,-54.26],[-53.11,-54.09],[-53.4,-54.29],[-54.34,-54.26],[-54.48,-54.43],[-55.08,-54.6],[-56.12,-55.03],[-57.36,-55.2],[-57.63,-55.11],[-58.47,-55.09],[-58.96,-54.92],[-59.52,-55.11],[-60.37,-55.09],[-61.03,-54.91],[-61.93,-54.84],[-62.7,-54.87],[-62.14,-56.72],[-61.58,-58.57],[-61.01,-60.42],[-60.59,-61.8],[-59.56,-61.64],[-58.63,-61.32],[-57.96,-61.25],[-57.28,-61.31],[-57.07,-61.11],[-56.5,-61.03],[-56.37,-60.77],[-55.8,-60.72],[-54.96,-60.77],[-53.67,-60.68],[-53.06,-60.29],[-52.3,-60.36],[-52,-60.2],[-51.16,-60.12],[-49.93,-60.07],[-48.31,-60.07],[-48.61,-60.27],[-50.46,-60.31],[-50.75,-60.25],[-51.58,-60.43],[-52.08,-60.65],[-51.53,-60.87],[-51.1,-60.55],[-50.71,-60.45],[-48.02,-60.42],[-48.48,-60.7],[-48.61,-60.99],[-49.06,-61.03],[-49.32,-60.73],[-49.97,-60.76],[-50.09,-61.03],[-50.36,-61.19],[-50.94,-61.26],[-51.38,-61.54],[-52.73,-61.87],[-53.24,-62.06],[-53.21,-62.34],[-52.95,-62.46],[-52.97,-62.74],[-52.39,-62.76],[-51.54,-63.02],[-51.01,-63.08],[-50.71,-63],[-49.65,-63.32],[-50.09,-63.43],[-51.19,-63.4],[-51.49,-63.67],[-51.45,-63.9],[-52.09,-63.93],[-52.4,-64.08],[-53.24,-64.24],[-53.54,-64.7],[-53.3,-65.03],[-53.35,-65.33],[-52.66,-65.81],[-52.65,-65.93],[-53.38,-66.1],[-53.5,-66.32],[-54.41,-66.58],[-54.41,-66.97],[-54.73,-67.16],[-54.9,-67.58],[-54.48,-67.61],[-54.61,-68.19],[-54.33,-68.57],[-54.66,-69.03],[-54.39,-69.34],[-54.83,-69.69],[-55.01,-70.31],[-54.56,-70.39],[-54.44,-70.78],[-53.43,-71.1],[-52.75,-71.1],[-52.56,-71.29],[-51.6,-71.3],[-51.42,-71.44],[-50.02,-71.64],[-48.24,-71.59],[-47.43,-71.87],[-47.18,-71.69],[-46.37,-72.02],[-44.96,-72.11],[-44.69,-72.24],[-43.68,-72.34],[-42.19,-72.74],[-42.13,-72.92],[-40.97,-73.1],[-39.79,-73.42],[-37.18,-73.87],[-36.74,-74.09],[-35.77,-74.12],[-33.91,-73.99],[-33.58,-73.9],[-32.09,-73.85],[-31.88,-73.93],[-30.27,-74.03],[-28.83,-74.17],[-27.82,-74.42],[-26.9,-74.47],[-26.5,-74.3],[-25.8,-74.26],[-25.58,-74.04],[-25.03,-73.96],[-23.3,-73.41],[-22.2,-73.37],[-21.66,-73.12],[-20.59,-73.03],[-19.23,-72.56],[-18.32,-72.49],[-18.25,-72.31],[-17.55,-72.19],[-16.1,-71.5],[-15.24,-71.46],[-14.09,-71.21],[-13.03,-70.85],[-12.58,-70.87],[-12.12,-70.47],[-11.42,-70.06],[-10.04,-70.25],[-10.03,-69.89],[-9.58,-69.67],[-9.1,-69.94],[-7.23,-69.81],[-6.44,-70.01],[-4.05,-69.83],[-2.47,-69.86],[-1.24,-69.66],[-0.37,-69.34],[0.84,-69.5],[1.39,-69.72],[2.1,-69.77],[3.26,-69.71],[3.93,-69.57],[4.34,-69.81],[5.28,-69.72],[5.88,-69.54],[5.93,-69.24],[6.36,-69.2],[6.94,-69.38],[8.3,-69.53],[8.59,-69.32],[9.12,-69.34],[9.7,-69.6],[11.21,-68.52],[11.18,-68.04],[10.95,-67.92],[10.91,-67.31],[11.84,-67.62],[12.1,-67.82],[12.12,-68.28],[12.43,-68.42],[12.45,-68.82],[12.75,-69.07],[13.58,-69.1],[16.56,-68.97],[17.46,-69.11],[18.88,-69.56],[19.72,-69.49],[20.56,-69.26],[20.89,-69.36],[21.53,-69.25],[22.55,-69.55],[22.73,-69.86],[24.02,-69.96],[25.09,-69.75],[26.03,-69.75],[26.23,-69.54],[27.38,-69.26],[28.68,-69.1],[28.67,-68.12],[28.65,-66.18],[28.63,-64.72],[28.61,-62.77],[28.59,-60.83],[28.57,-59.37],[28.55,-57.42],[28.53,-55.48],[28.51,-54.02],[28.5,-53.04],[28.48,-51.59],[28.02,-50.7],[27.34,-49.38],[26.65,-48.06],[26.19,-47.18],[25.51,-45.85],[24.82,-44.53],[24.36,-43.65],[23.67,-42.32],[22.99,-41],[22.3,-39.68],[21.84,-38.8],[20.93,-37.03]],[[-30.45,-28.62],[-30.46,-28.87],[-30.6,-29.03],[-31.05,-28.89],[-31.44,-28.85],[-31.32,-28.63],[-31.07,-28.46],[-30.84,-28.43],[-30.45,-28.62]],[[2.64,-29.78],[3.03,-29.83],[3.55,-29.98],[3.42,-30.45],[3.57,-30.74],[3.08,-30.9],[3.06,-31.08],[2.81,-31.52],[2.45,-31.78],[2.43,-32.02],[2.17,-32.37],[2.08,-32.84],[1.78,-33.05],[1.45,-32.96],[1.6,-32.55],[2.01,-32.32],[1.88,-32.01],[1.89,-31.58],[2.23,-31.45],[2.59,-31.1],[2.38,-30.92],[2.21,-30.6],[2.52,-30.6],[2.66,-30.36],[2.47,-30.2],[2.64,-29.78]],[[-0.33,-33.06],[-0.31,-33.34],[-0.53,-33.58],[-0.94,-33.64],[-1.14,-33.78],[-1.18,-34.01],[-1.62,-34.06],[-1.82,-33.74],[-1.99,-33.31],[-1.76,-33.21],[-1.64,-33.6],[-1.42,-33.68],[-1.16,-33.56],[-0.57,-33.09],[-0.33,-33.06]],[[-3.39,-34.38],[-3.99,-34.91],[-4.42,-35.06],[-4.73,-34.94],[-5.37,-34.94],[-5.17,-34.72],[-5.15,-34.37],[-4.99,-34.3],[-4.58,-34.66],[-4.14,-34.66],[-3.97,-34.34],[-3.39,-34.38]],[[-3.75,-34.22],[-3.86,-33.94],[-3.78,-33.72],[-3.53,-33.53],[-3.28,-33.5],[-3.1,-33.68],[-3.29,-34.02],[-3.55,-34.03],[-3.75,-34.22]],[[-30.36,-33.91],[-31.48,-33.49],[-31.37,-33.34],[-31.01,-33.29],[-30.82,-33.53],[-30.6,-33.58],[-30.36,-33.91]],[[-3.06,-33.15],[-3.09,-33],[-2.86,-32.71],[-2.5,-32.76],[-2.24,-32.92],[-2.12,-33.28],[-2.31,-33.4],[-2.89,-33.28],[-3.06,-33.15]],[[-0.74,-32.94],[-0.76,-32.68],[-0.45,-32.65],[-0.26,-32.42],[0.08,-32.43],[0.19,-32.58],[-0.02,-32.92],[-0.16,-32.86],[-0.74,-32.94]],[[-3.46,-32.17],[-3.77,-32.2],[-3.77,-31.99],[-3.46,-32.02],[-3.46,-32.17]],[[-35.51,-31.67],[-36,-31.58],[-36.38,-31.37],[-36.77,-31.06],[-36.96,-31.05],[-37.17,-30.78],[-37.17,-30.63],[-36.8,-30.52],[-37.04,-30.33],[-37.27,-30.41],[-37.37,-30.22],[-37.05,-30.15],[-37,-29.97],[-36.65,-29.86],[-36.46,-29.62],[-35.99,-29.89],[-35.45,-30.02],[-35.01,-29.95],[-34.81,-29.61],[-34.42,-29.55],[-34.03,-29.86],[-33.5,-30.43],[-33.32,-30.49],[-33.16,-30.74],[-32.51,-30.93],[-32.42,-31.28],[-32.78,-31.47],[-33.03,-31.47],[-33.43,-31.7],[-34.02,-31.45],[-34.18,-31.22],[-34.54,-31.18],[-33.94,-31.68],[-34.63,-31.7],[-35.28,-31.57],[-35.51,-31.67]],[[0.96,-30.19],[1.32,-30.25],[1.36,-30.43],[1.2,-30.58],[0.96,-30.19]],[[-29.43,-30.43],[-29.67,-30.41],[-29.66,-30.17],[-29.38,-30.22],[-29.43,-30.43]],[[3.35,-28.39],[3.37,-28.24],[3.68,-28.22],[3.7,-28.49],[3.35,-28.39]],[[-7.2,-35.95],[-7.13,-36.25],[-7.32,-36.29],[-7.63,-36.52],[-7.88,-36.43],[-7.2,-35.95]],[[-7.25,-36.88],[-7.53,-37.23],[-7.91,-37.44],[-8.15,-37.3],[-7.88,-37.09],[-7.54,-37.04],[-7.25,-36.88]],[[-3.92,-37.07],[-3.74,-37.06],[-3.63,-37.33],[-3.93,-37.34],[-3.92,-37.07]],[[-2.81,-37.3],[-2.47,-37.13],[-2.33,-37.43],[-2.77,-37.42],[-2.81,-37.3]],[[-12.63,-37.45],[-12.87,-37.4],[-12.75,-37.15],[-12.5,-37.2],[-12.24,-37.44],[-12.63,-37.45]],[[-10.54,-38.56],[-10.22,-38.65],[-10.39,-38.9],[-10.68,-38.87],[-10.54,-38.56]],[[13.35,-38.57],[13.83,-38.79],[13.95,-39.13],[13.71,-39.28],[13.34,-38.75],[13.35,-38.57]],[[-6.45,-39.29],[-6.26,-39.41],[-5.85,-39.4],[-5.62,-39.88],[-6.36,-39.72],[-6.83,-39.75],[-6.95,-39.47],[-6.45,-39.29]],[[14.57,-40.17],[14.95,-40.13],[15.27,-40.25],[15.23,-40.4],[14.88,-40.43],[14.82,-40.7],[14.54,-40.86],[14.17,-40.3],[14.57,-40.17]],[[-9.98,-40.49],[-10.13,-40.23],[-9.74,-40.27],[-9.98,-40.49]],[[-16,-39.18],[-16.31,-39.15],[-16.34,-38.81],[-16.13,-38.81],[-16,-39.18]],[[-11.8,-38.82],[-11.85,-38.64],[-11.08,-38.57],[-11.21,-38.77],[-11.8,-38.82]],[[-8.29,-39.17],[-8.15,-39.08],[-7.59,-39.37],[-7.71,-39.6],[-8.1,-39.46],[-8.29,-39.17]],[[0.92,-41.37],[1.08,-41.24],[1.33,-41.37],[1.15,-41.55],[0.92,-41.37]],[[-0.04,-41.63],[0.17,-41.62],[0.89,-42],[0.9,-42.36],[-0.34,-42.65],[-0.79,-42.39],[-0.78,-42.25],[-0.5,-41.96],[-0.04,-41.63]],[[1.97,-41.62],[2.17,-41.74],[1.42,-42.26],[1.15,-42.14],[0.98,-41.81],[1.18,-41.65],[1.63,-41.69],[1.97,-41.62]],[[-1.25,-42.12],[-1.1,-42.46],[-1.44,-42.74],[-1.92,-42.67],[-1.75,-42.26],[-1.25,-42.12]],[[1.4,-42.87],[1.53,-43.07],[1.23,-43.19],[1.08,-43.03],[1.4,-42.87]],[[-2.54,-42.7],[-2.26,-42.86],[-2.48,-43.09],[-2.66,-42.86],[-2.54,-42.7]],[[-1.48,-43.46],[-0.99,-43.46],[-1.08,-43.84],[-1.45,-43.77],[-1.48,-44.06],[-1.82,-44.1],[-1.93,-43.86],[-1.66,-43.71],[-1.48,-43.46]],[[-4.32,-43.48],[-4.68,-43.78],[-4.84,-43.68],[-4.58,-43.3],[-4.32,-43.48]],[[7.12,-46.64],[6.87,-46.38],[7.15,-46.12],[7.37,-46.37],[7.14,-46.66],[7.12,-46.64]],[[-7.1,-46.52],[-7.68,-47.03],[-7.87,-46.75],[-7.66,-46.54],[-7.1,-46.52]],[[7.81,-47.03],[7.73,-46.78],[8.17,-46.85],[8.19,-46.98],[8.64,-47.41],[8.17,-47.31],[7.33,-47.62],[6.95,-47.34],[7.25,-47.23],[7.78,-47.23],[7.81,-47.03]],[[8.27,-46.74],[7.94,-46.38],[8.19,-46.31],[8.4,-46.62],[8.27,-46.74]],[[9.97,-47.56],[10.09,-47.78],[9.77,-47.83],[9.68,-47.5],[9.97,-47.56]],[[8.94,-47.83],[8.95,-48.01],[8.66,-48.08],[8.09,-48.59],[8.03,-48.85],[8.28,-49.08],[7.93,-49.17],[7.9,-49.37],[7.44,-49.51],[7.32,-49.87],[6.86,-49.82],[6.53,-50.33],[6.32,-50.2],[6.5,-49.93],[6.41,-49.68],[6.55,-49.48],[7.11,-49.45],[7.33,-49.06],[7.56,-48.88],[7.8,-48.9],[7.92,-48.64],[7.54,-48.55],[7.45,-48.27],[8.03,-48.2],[8.16,-47.98],[8.94,-47.83]],[[5.27,-50.31],[5.57,-50.54],[5.14,-50.59],[5.27,-50.31]],[[4.06,-50.65],[3.87,-50.89],[3.38,-50.8],[3.29,-50.68],[3.53,-50.35],[4.06,-50.65]],[[12.97,-51.04],[13.37,-50.64],[13.61,-50.86],[13.27,-51.2],[13.03,-51.25],[12.52,-51.56],[12.16,-51.65],[11.16,-52.18],[10.93,-52.08],[12.2,-51.43],[12.36,-51.29],[12.97,-51.04]],[[14.85,-51.84],[15.07,-51.98],[14.86,-52.18],[14.59,-52.01],[14.85,-51.84]],[[6.72,-53.48],[6.65,-53.76],[6.02,-54.14],[5.15,-54.28],[5.26,-54.08],[5.85,-53.96],[6.05,-53.76],[6.72,-53.48]],[[4.96,-54.36],[4.67,-54.85],[4.18,-54.88],[4.56,-54.4],[4.96,-54.36]],[[5.76,-55.46],[6.43,-55.3],[6.51,-55.45],[5.95,-55.7],[5.76,-55.46]],[[-26.47,-56.74],[-26.47,-57.23],[-27.05,-57.17],[-27.19,-56.9],[-27.92,-56.37],[-27.94,-56.13],[-28.34,-56.09],[-28.77,-55.81],[-28.61,-55.54],[-28.18,-55.54],[-26.88,-55.76],[-26.99,-55.89],[-26.7,-56.51],[-26.47,-56.74]],[[-6.03,-57.43],[-6.69,-57.66],[-6.79,-57.51],[-6.14,-57.35],[-6.03,-57.43]],[[-26.14,-57.67],[-26.19,-57.96],[-27.16,-57.76],[-27.23,-57.57],[-26.74,-57.53],[-26.45,-57.35],[-26.14,-57.67]],[[-26.44,-58.22],[-25.73,-58.2],[-24.91,-58.51],[-24.98,-58.78],[-25.26,-59.03],[-25.78,-58.92],[-25.89,-59.1],[-26.3,-59.3],[-26.54,-59.54],[-27.04,-59.78],[-26.52,-59.95],[-26.53,-60.26],[-26.9,-60.5],[-28.52,-60.82],[-28.7,-60.58],[-28.4,-60.34],[-28.38,-60],[-28.65,-59.65],[-27.7,-59.42],[-27.13,-58.94],[-26.77,-58.76],[-26.87,-58.39],[-26.44,-58.22]],[[-29.74,-60.81],[-30.4,-60.84],[-32.35,-60.77],[-32.88,-60.34],[-33.15,-60.21],[-33.17,-59.99],[-32.4,-59.75],[-31.99,-59.75],[-31.68,-59.59],[-31.08,-59.62],[-31.13,-59.81],[-31.77,-60.21],[-31.89,-60.52],[-31.36,-60.48],[-30.68,-60.64],[-30.19,-60.46],[-30.08,-60.28],[-29.57,-60.38],[-28.99,-60.62],[-29.74,-60.81]],[[-36.25,-61.59],[-36.38,-61.93],[-36.81,-61.62],[-36.25,-61.59]],[[-38.71,-62.06],[-39.24,-62.14],[-38.91,-61.48],[-38.61,-61.47],[-38.71,-62.06]],[[-42.09,-62.12],[-42.25,-62.33],[-43.2,-62.54],[-43.9,-62.57],[-44.15,-62.46],[-44.77,-62.44],[-45.2,-62.29],[-45.94,-62.32],[-46.42,-62.21],[-47.14,-62.21],[-47.11,-61.92],[-47.54,-61.8],[-47.54,-61.43],[-47.26,-61.08],[-47.99,-60.81],[-47.79,-60.62],[-47.59,-60.07],[-47.12,-60],[-46.51,-60.05],[-46.33,-60.27],[-45.86,-60.25],[-44.96,-60.35],[-44.65,-60.33],[-43.65,-60.5],[-42.48,-60.53],[-42.15,-60.62],[-42.12,-60.97],[-41.57,-61.06],[-41.06,-61.02],[-40.94,-61.2],[-41.12,-61.68],[-41.54,-61.83],[-41.75,-62.08],[-42.09,-62.12]],[[-40.63,-59.83],[-40.37,-59.5],[-39.72,-59.42],[-39.29,-59.29],[-38.73,-60.03],[-38.91,-60.27],[-39.37,-60.54],[-40.13,-60.53],[-41.43,-60.68],[-41.39,-60.33],[-41.12,-60.28],[-40.97,-60.02],[-40.63,-59.83]],[[-44.99,-59.55],[-45.59,-59.53],[-45.51,-58.97],[-44.59,-58.73],[-43.86,-58.76],[-44.31,-59.52],[-44.99,-59.55]],[[-36.32,-59.2],[-36.69,-58.74],[-36.53,-58.46],[-35.98,-58.49],[-35.76,-58.78],[-36.32,-59.2]],[[-35.77,-59.21],[-35.16,-59.16],[-35.03,-59.57],[-34.63,-59.82],[-33.82,-59.69],[-33.01,-59.7],[-33.01,-59.84],[-33.54,-60],[-34.71,-60.23],[-35.61,-60.5],[-35.64,-60.7],[-37.16,-61.34],[-37.83,-61.45],[-38.17,-60.92],[-37.03,-60.18],[-36.45,-59.86],[-35.98,-59.78],[-35.77,-59.21]],[[-35.9,-55.75],[-36.79,-55.15],[-37.67,-55.13],[-38.19,-55.04],[-38.36,-54.91],[-39.12,-54.75],[-39.47,-54.54],[-39.88,-54.59],[-40.32,-54.43],[-40.59,-54.51],[-41.1,-54.34],[-40.54,-54.1],[-40.75,-53.95],[-41.8,-54.07],[-42.08,-53.86],[-42.5,-53.87],[-42.69,-53.68],[-43.32,-53.59],[-43.9,-53.58],[-44.12,-53.7],[-45.11,-53.33],[-45.58,-53.39],[-45.99,-53.55],[-46,-53.28],[-46.36,-53.32],[-47.42,-53.29],[-47.36,-52.97],[-46.53,-52.92],[-46.01,-52.97],[-45.41,-53.14],[-44.04,-53.16],[-43.64,-52.92],[-43.23,-53],[-42.59,-52.94],[-42.03,-52.95],[-41.13,-53.27],[-40.87,-53.5],[-40.01,-53.5],[-39.56,-53.65],[-38.99,-53.5],[-38.63,-53.58],[-37.49,-53.26],[-36.85,-53.23],[-36.05,-53.43],[-35.69,-53.57],[-35.16,-54.07],[-34.49,-54.54],[-34.15,-54.59],[-33.8,-54.85],[-34.25,-55.2],[-34.4,-55.44],[-34.13,-55.56],[-34.2,-55.74],[-35.58,-55.68],[-35.9,-55.75]],[[-50.74,-54.08],[-50.78,-53.71],[-50.45,-53.82],[-50.74,-54.08]],[[-37.27,-52.8],[-37.08,-52.49],[-36.79,-52.68],[-37.27,-52.8]],[[-24.1,-52.72],[-24.28,-52.39],[-23.93,-52.42],[-24.1,-52.72]],[[-33.17,-52.39],[-33.73,-51.97],[-33.68,-51.24],[-33.23,-51.18],[-33.12,-51.51],[-32.71,-51.73],[-32.69,-51.89],[-33.07,-52.2],[-33.17,-52.39]],[[-42.02,-51.22],[-42.13,-51.54],[-42.42,-51.81],[-43.06,-51.62],[-43.74,-51.19],[-44.62,-50.95],[-46.38,-50.88],[-46.49,-50.52],[-46.19,-50.34],[-45.45,-50.37],[-45.01,-50.22],[-44.18,-50.02],[-43.96,-50.11],[-43.1,-49.96],[-43.07,-49.56],[-42.43,-49.75],[-42.14,-49.73],[-41.98,-49.51],[-41.45,-49.58],[-41.36,-49.49],[-40.54,-49.63],[-40.73,-50.33],[-41.11,-50.67],[-41.78,-50.68],[-42.05,-51],[-42.02,-51.22]],[[-9.73,-49.19],[-9.74,-48.96],[-8.88,-48.9],[-8.92,-49.05],[-9.73,-49.19]],[[-0.15,-50.71],[-0.07,-50.57],[0.35,-50.65],[0.6,-50.88],[1.1,-50.87],[1.37,-51.22],[1.31,-51.62],[0.9,-51.75],[0.76,-51.6],[0.34,-51.5],[0.13,-51.27],[0.5,-51.11],[0.36,-50.94],[-0.15,-50.71]],[[3.58,-51.72],[3.58,-51.55],[3.97,-51.3],[4.25,-51.38],[4.24,-51.63],[3.58,-51.72]],[[-1.47,-52.71],[-1.9,-52.97],[-2.55,-53.03],[-2.71,-52.8],[-1.53,-52.59],[-1.47,-52.71]],[[-3.79,-52.93],[-3.15,-53.47],[-3.59,-53.55],[-3.89,-53.38],[-4.66,-53.35],[-4.7,-53.09],[-4.47,-52.89],[-3.79,-52.93]],[[4.86,-53.5],[5.25,-53.65],[5.17,-53.81],[4.79,-53.94],[4.64,-54.13],[4.14,-54.21],[3.39,-54.84],[2.9,-54.82],[2.64,-54.7],[2.76,-54.34],[2.38,-54.33],[2.33,-54.16],[2.59,-54.02],[3.19,-53.9],[3.71,-53.92],[3.9,-53.6],[4.43,-53.71],[4.86,-53.5]],[[0.87,-54.82],[0.58,-55.01],[-0.16,-55.04],[-0.43,-54.75],[-1.02,-54.91],[-1.25,-54.77],[-1.07,-54.56],[-1.16,-54.3],[-0.89,-54.26],[0.14,-54.43],[0.87,-54.82]],[[-4.6,-54.51],[-4.75,-54.36],[-4.61,-54.05],[-4.32,-54.14],[-4.38,-54.43],[-4.6,-54.51]],[[-5.78,-53.94],[-5.09,-53.7],[-5.04,-53.86],[-5.4,-54.05],[-5.78,-53.94]],[[-3.8,-53.68],[-3.4,-53.8],[-3.56,-54.08],[-3.93,-54.22],[-4.07,-53.92],[-3.8,-53.68]],[[-6.5,-51.38],[-6.45,-51.06],[-6,-51.09],[-6.5,-51.38]],[[-5.86,-51.67],[-6.01,-51.57],[-5.96,-51.26],[-5.39,-51.3],[-5.29,-51.55],[-5.47,-51.78],[-5.86,-51.67]],[[-7.65,-50.46],[-7.81,-50.28],[-7.31,-50.19],[-7.27,-50.38],[-7.65,-50.46]],[[-4.84,-56.09],[-4.82,-56.26],[-5.62,-56.26],[-5.74,-56.09],[-4.84,-56.09]],[[6.87,-48.41],[7.35,-48.29],[7.32,-48.51],[6.87,-48.41]],[[-9.86,-47.91],[-10.02,-47.85],[-10.06,-47.49],[-9.66,-47.39],[-9.86,-47.91]],[[-10.38,-47.23],[-10.24,-47.34],[-10.22,-47.73],[-10.54,-47.7],[-10.54,-47.27],[-10.38,-47.23]],[[-8.83,-47.08],[-8.1,-46.72],[-8,-47.09],[-8.27,-47.13],[-8.5,-47.32],[-8.83,-47.08]],[[-13.61,-46.57],[-13.99,-46.38],[-13.68,-46.24],[-13.61,-46.57]],[[-14.72,-46.2],[-14.84,-46.04],[-14.32,-45.94],[-14.26,-46.08],[-14.72,-46.2]],[[-15.25,-45.69],[-15.34,-45.5],[-14.86,-45.44],[-14.94,-45.64],[-15.25,-45.69]],[[-45.01,-62.62],[-44.88,-62.81],[-45.63,-62.79],[-45.54,-62.62],[-45.01,-62.62]],[[2.63,-64.79],[2.9,-65.09],[2.89,-65.31],[2.4,-65.33],[2.43,-64.86],[2.63,-64.79]],[[-5.05,-69.29],[-5.23,-69.65],[-5.83,-69.48],[-5.72,-69.21],[-5.05,-69.29]]]},"properties":{"scalerank":0,"featurecla":"Bathymetry","depth":2000}},
{"type":"Feature","geometry":{"type":"Polygon","coordinates":[[[13.65,-27.99],[13.59,-27.65],[13.37,-27.1],[13.2,-26.8],[13.25,-26.64],[13.04,-26.37],[12.94,-25.78],[13.03,-25.62],[13.02,-25.14],[12.84,-24.91],[12.73,-24.57],[12.69,-24.09],[12.41,-23.64],[12.34,-23.09],[12.38,-22.73],[11.66,-21.65],[11.47,-21.17],[11.45,-20.94],[11.19,-20.84],[10.82,-20.85],[10.46,-20.74],[10.13,-20.52],[10.12,-20.17],[10,-19.84],[9.76,-19.94],[9.56,-19.79],[9.53,-19.59],[9.88,-19.52],[9.95,-19.23],[10.3,-19.18],[10.87,-18.67],[11.14,-18.26],[11.04,-17.88],[11.07,-17.66],[10.93,-17.38],[11.02,-17.09],[11.05,-16.53],[11.3,-16.37],[11.3,-16.03],[11.2,-15.76],[11.47,-15.25],[11.47,-14.95],[11.94,-14.68],[12.05,-14.3],[12.01,-13.83],[12.3,-13.37],[12.39,-12.81],[12.14,-12.67],[11.98,-12.44],[12.28,-12.23],[12.24,-11.92],[12.5,-11.47],[12.29,-11.21],[12.05,-11.19],[12.05,-10.85],[11.87,-10.88],[11.71,-10.22],[11.83,-10.03],[11.76,-9.84],[11.84,-9.27],[12.08,-8.93],[12.08,-8.68],[11.86,-8.71],[11.86,-8.28],[11.5,-7.93],[11.37,-7.69],[10.97,-7.25],[10.7,-6.71],[10.59,-6.21],[10.7,-6],[10.68,-5.66],[10.58,-5.4],[10.72,-5.27],[10.66,-5.05],[10.74,-4.89],[10.47,-4.45],[10.01,-4.2],[9.57,-3.73],[8.85,-3.33],[8.74,-3.1],[8.57,-2.98],[8.41,-2.71],[8.47,-2.2],[7.97,-1.32],[7.97,-0.69],[8.16,-0.39],[8.14,-0.06],[8.31,0.35],[8.47,0.58],[8.47,0.77],[8.61,0.96],[8.39,1.17],[8.44,1.45],[8.65,1.52],[8.78,1.81],[8.62,2.04],[8.63,2.55],[8.5,2.67],[8.29,2.4],[8.09,2.42],[7.89,2.87],[7.38,2.92],[7.17,2.78],[6.69,2.73],[6.51,2.79],[6.18,2.73],[6.06,2.96],[5.87,3.01],[5.52,3.23],[5.27,3.46],[4.96,3.66],[4.54,3.82],[4.46,4.02],[4.13,4.32],[4.04,4.73],[3.77,5.06],[3.48,5.3],[3.34,5.52],[3.47,5.86],[3.13,6],[2.76,5.85],[1.92,5.93],[1.33,5.67],[1.12,5.43],[0.86,5.31],[0.43,5.38],[0.06,5.11],[-0.07,5.09],[-0.88,4.38],[-1.3,4.19],[-2.02,3.98],[-2.57,3.88],[-2.71,4.19],[-3.01,4.37],[-3.6,4.5],[-3.85,4.68],[-4.25,4.82],[-4.63,4.82],[-5.25,4.63],[-6.14,4.51],[-6.38,4.37],[-6.82,4.26],[-7.2,4.09],[-7.39,3.91],[-7.54,4.06],[-7.87,3.94],[-8.12,3.92],[-8.35,4.18],[-8.69,4.18],[-9.55,4.1],[-9.79,4.44],[-9.81,4.63],[-10.35,5.28],[-10.58,5.33],[-10.94,5.8],[-11.12,5.84],[-11.33,6.14],[-11.74,6.46],[-11.92,6.49],[-12.2,6.69],[-12.29,6.91],[-12.84,6.98],[-13.18,7.12],[-13.62,7.13],[-13.87,7.25],[-13.91,7.4],[-14.34,7.64],[-14.33,7.82],[-14.52,8.28],[-14.95,8.74],[-15.12,8.76],[-15.57,8.98],[-16.04,9.02],[-16.38,8.93],[-16.82,8.93],[-17.23,9.15],[-17.47,9.2],[-17.81,9.53],[-17.93,9.82],[-17.88,10.27],[-17.91,10.52],[-17.71,10.74],[-17.54,11.18],[-17.68,12],[-17.62,12.19],[-17.86,12.57],[-17.83,12.7],[-19.79,12.32],[-21.74,11.94],[-23.7,11.56],[-25.65,11.19],[-27.61,10.81],[-29.56,10.43],[-31.51,10.06],[-33.47,9.68],[-35.42,9.3],[-37.38,8.92],[-39.33,8.55],[-41.29,8.17],[-43.24,7.79],[-45.2,7.42],[-47.15,7.04],[-49.11,6.66],[-50.08,6.47],[-51.55,6.19],[-51.26,6.02],[-50.91,5.72],[-50.45,5.48],[-50.13,5.15],[-49.85,4.73],[-49.19,4.63],[-48.81,4.69],[-48.58,4.66],[-48.28,4.46],[-48.1,4.44],[-47.78,4.1],[-47.54,4.04],[-47.3,3.62],[-47.16,3.55],[-47.02,3.14],[-46.97,2.71],[-47.03,2.38],[-46.89,2.17],[-46.68,2.11],[-46.63,1.91],[-46.42,1.63],[-46.08,1.34],[-46.02,1.19],[-45.35,0.75],[-44.3,0.22],[-44.15,0.22],[-44.07,-0.03],[-43.7,-0.37],[-43.37,-0.89],[-43.01,-1.27],[-42.94,-1.42],[-42.48,-1.8],[-41.9,-1.92],[-41.5,-1.92],[-41.33,-1.99],[-40.93,-1.78],[-40.59,-1.97],[-40.33,-1.94],[-39.58,-2.06],[-39.26,-2.21],[-38.95,-2.45],[-38.69,-2.74],[-38.26,-2.95],[-37.87,-3.26],[-37.59,-3.01],[-37.32,-3.1],[-37.18,-3.44],[-37.33,-3.62],[-36.87,-4.08],[-36.77,-4.27],[-36.41,-4.34],[-35.95,-4.63],[-35.76,-4.56],[-35.26,-4.51],[-34.81,-4.7],[-34.61,-5.15],[-34.82,-5.57],[-34.8,-5.81],[-34.49,-5.93],[-34.65,-6.15],[-34.49,-6.62],[-34.34,-6.82],[-34.36,-7],[-34.18,-7.73],[-33.83,-8.1],[-33.85,-8.53],[-34.25,-8.53],[-34.28,-8.78],[-34.61,-8.88],[-34.66,-9.34],[-34.87,-9.45],[-35.21,-9.77],[-35.34,-10.05],[-35.54,-10.08],[-35.81,-10.61],[-36.07,-10.9],[-36.83,-11.42],[-37.04,-11.76],[-37.03,-11.98],[-37.27,-12.11],[-37.42,-12.36],[-37.77,-12.63],[-37.82,-12.84],[-38.14,-13.13],[-38.13,-13.51],[-38.58,-13.87],[-38.5,-14.52],[-38.54,-14.93],[-38.35,-15.38],[-38.38,-15.63],[-38.2,-15.76],[-37.91,-15.71],[-37.7,-16.31],[-38.31,-16.5],[-38.35,-17.02],[-37.99,-17.23],[-37.9,-17.42],[-37.63,-17.57],[-37.37,-17.52],[-37.14,-17.81],[-37.23,-18.17],[-37.53,-18.28],[-37.69,-18.52],[-37.73,-19.15],[-37.85,-19.41],[-37.76,-19.6],[-37.47,-19.55],[-37.45,-19.92],[-37.23,-20.34],[-36.98,-20.23],[-36.54,-20.18],[-35.81,-20.28],[-35.58,-20.53],[-35.21,-20.7],[-35.54,-20.84],[-35.68,-20.68],[-35.92,-20.7],[-36.33,-20.5],[-36.68,-20.58],[-36.82,-20.44],[-37.12,-20.7],[-37.33,-20.72],[-37.56,-20.89],[-37.9,-20.96],[-38.21,-20.69],[-38.26,-20.28],[-38.73,-20.35],[-38.94,-20.23],[-39.26,-20.29],[-39.35,-20.67],[-39.51,-20.78],[-39.43,-21.57],[-39.63,-21.84],[-39.62,-22.37],[-40.15,-22.88],[-38.87,-23.54],[-37.17,-24.43],[-35.47,-25.31],[-33.99,-25.3],[-32.51,-25.29],[-31.03,-25.28],[-29.55,-25.27],[-28.07,-25.26],[-26.59,-25.25],[-25.61,-25.24],[-24.13,-25.23],[-22.65,-25.22],[-21.17,-25.21],[-19.69,-25.19],[-18.21,-25.18],[-16.73,-25.17],[-15.26,-25.16],[-13.78,-25.15],[-11.81,-25.14],[-10.33,-25.13],[-8.85,-25.12],[-7.37,-25.1],[-5.89,-25.09],[-4.41,-25.08],[-2.93,-25.07],[-1.54,-25.58],[-0.61,-25.92],[1.25,-26.6],[3.12,-27.29],[4.98,-27.97],[6.84,-28.65],[8.79,-28.46],[10.73,-28.27],[12.68,-28.09],[13.65,-27.99]],[[-20.89,7.59],[-20.94,7.88],[-20.72,7.92],[-20.64,7.77],[-20.89,7.59]],[[-21.94,7.06],[-21.76,6.99],[-21.47,7.03],[-21.54,6.78],[-22.32,6.81],[-22.37,7.03],[-21.94,7.06]],[[7.22,1.01],[7.01,1.37],[7.01,1.64],[7.23,1.91],[7.57,1.95],[7.84,1.62],[7.75,1.27],[7.48,1.04],[7.22,1.01]],[[-29.6,0.76],[-29.42,1.01],[-29.26,0.82],[-29.6,0.76]],[[-39.81,0.39],[-39.98,0.48],[-39.9,0.77],[-39.73,0.63],[-39.81,0.39]],[[6.44,-0.11],[6.34,0.02],[6.34,0.36],[6.53,0.52],[6.82,0.53],[6.98,0.34],[6.66,-0.08],[6.44,-0.11]],[[5.77,-0.34],[5.61,-0.34],[5.24,-0.17],[5.25,-0.01],[5.64,-0.03],[6.07,-0.15],[5.77,-0.34]],[[-16.7,0.63],[-16.69,0.51],[-17,0.38],[-17.33,0.36],[-17.38,0.5],[-16.7,0.63]],[[-38.06,-1.78],[-38.23,-1.66],[-38.37,-1.32],[-38.26,-1.24],[-38.01,-1.55],[-38.06,-1.78]],[[5.71,-1.25],[5.74,-1.58],[5.52,-1.53],[5.56,-1.31],[5.71,-1.25]],[[-38.28,-2.54],[-38.47,-2.2],[-38.44,-2.04],[-38.16,-2.04],[-38.14,-2.45],[-38.28,-2.54]],[[-38.67,-1.28],[-38.52,-1.56],[-38.78,-1.65],[-38.83,-1.49],[-38.67,-1.28]],[[-32.24,-3.77],[-32.34,-3.99],[-32.61,-4],[-32.68,-3.79],[-32.42,-3.68],[-32.24,-3.77]],[[-33.56,-3.91],[-33.72,-4.01],[-33.99,-3.81],[-33.85,-3.68],[-33.59,-3.7],[-33.56,-3.91]],[[-35.41,-4.13],[-35.56,-3.99],[-35.45,-3.72],[-35.18,-3.67],[-35.15,-3.92],[-35.23,-4.13],[-35.41,-4.13]],[[-35.69,-4.15],[-35.97,-4.25],[-36.36,-3.98],[-36.24,-3.8],[-36.06,-3.86],[-35.9,-3.71],[-35.69,-3.72],[-35.69,-4.15]],[[1.12,-5.57],[1.22,-5.36],[1.43,-5.65],[1.28,-5.76],[1.12,-5.57]],[[1.16,-6.68],[1.08,-6.52],[1.16,-6.29],[1.36,-6.29],[1.41,-6.67],[1.16,-6.68]],[[0.41,-6.22],[0.36,-6.47],[0.05,-6.59],[-0.06,-6.51],[0.22,-6.22],[0.41,-6.22]],[[-14.26,-8.12],[-14.45,-8.13],[-14.58,-7.97],[-14.42,-7.74],[-14.21,-7.81],[-14.26,-8.12]],[[-13.31,-10.14],[-13.41,-9.98],[-13.25,-9.77],[-13.34,-9.59],[-13.17,-9.37],[-12.98,-9.62],[-12.68,-9.64],[-12.7,-9.84],[-12.96,-9.77],[-13.31,-10.14]],[[-6.3,-12.88],[-6.34,-12.73],[-5.77,-12.63],[-5.56,-13],[-6.03,-13.13],[-6.3,-12.88]],[[-6.83,-15.74],[-7.01,-15.79],[-7.1,-15.59],[-6.81,-15.55],[-6.83,-15.74]],[[-5.68,-15.74],[-5.51,-16.02],[-5.66,-16.18],[-5.9,-15.99],[-5.68,-15.74]],[[-36.77,-17.31],[-36.9,-17.35],[-37.3,-17.14],[-37.58,-17.35],[-37.85,-17.11],[-37.85,-16.92],[-37.57,-16.75],[-37.06,-16.99],[-36.74,-16.92],[-36.62,-17.04],[-36.77,-17.31]],[[-35.65,-17.66],[-35.63,-17.85],[-35.97,-18.13],[-36.28,-18.03],[-36.1,-17.69],[-35.65,-17.66]],[[9.48,-20.05],[9.65,-20.07],[9.69,-20.45],[9.39,-20.43],[9.25,-20.23],[9.48,-20.05]],[[9.36,-20.49],[9.12,-20.7],[8.78,-20.47],[8.8,-20.24],[9.13,-20.33],[9.36,-20.49]],[[8.78,-20.57],[8.97,-20.72],[8.78,-20.93],[8.52,-20.9],[8.39,-20.62],[8.78,-20.57]],[[-33.89,-21],[-34.2,-21.1],[-34.25,-20.88],[-33.89,-20.8],[-33.89,-21]],[[-34.57,-20.88],[-34.94,-20.81],[-35.03,-20.57],[-34.72,-20.38],[-34.47,-20.65],[-34.57,-20.88]],[[-31.9,-20.85],[-32.16,-20.8],[-32.19,-20.62],[-31.82,-20.59],[-31.9,-20.85]],[[-33.36,-20.87],[-33.47,-20.99],[-33.73,-20.96],[-33.66,-20.72],[-33.36,-20.87]],[[7.18,-22.74],[6.91,-22.92],[6.75,-22.74],[6.79,-22.44],[7.08,-22.46],[7.18,-22.74]],[[8.17,-23.32],[8.09,-23.11],[8.45,-23.14],[8.35,-23.34],[8.17,-23.32]],[[5.51,-25.56],[5.53,-25.23],[5.64,-25.06],[5.44,-24.9],[5.32,-24.58],[5.51,-24.33],[5.24,-23.74],[5.71,-23.43],[5.95,-23.42],[6.34,-23.71],[6.44,-23.86],[6.44,-24.17],[6.75,-24.37],[6.68,-24.72],[6.84,-24.79],[6.79,-25.18],[6.66,-25.63],[6.51,-25.67],[6.61,-26.28],[6.18,-26.46],[5.94,-26.43],[5.62,-26.52],[5.52,-26.68],[5.16,-26.8],[4.71,-26.63],[4.67,-26.43],[4.98,-26.17],[5.29,-26.08],[5.23,-25.92],[5.4,-25.53],[5.51,-25.56]]]},"properties":{"scalerank":0,"featurecla":"Bathymetry","depth":2000}},
{"type":"Feature","geometry":null,"properties":{"scalerank":0,"featurecla":"Bathymetry","depth":2000}},
{"type":"Feature","geometry":{"type":"Polygon","coordinates":[[[-17.83,12.7],[-17.79,13.76],[-17.94,14.16],[-17.9,14.44],[-18.01,14.52],[-18.05,15.05],[-17.88,15.34],[-17.81,15.83],[-17.43,15.83],[-17.28,16.03],[-17.33,16.61],[-17.21,17.18],[-17.21,17.71],[-17.11,18.26],[-17.15,18.59],[-17.36,19.01],[-18.12,19.92],[-18.1,20.21],[-18.58,20.45],[-18.52,20.81],[-18.29,20.88],[-18.05,21.08],[-18.26,21.37],[-18.15,21.88],[-18.01,22.03],[-18.07,22.23],[-17.69,22.44],[-17.83,22.77],[-17.49,24.17],[-17.2,24.39],[-17.07,24.67],[-16.93,24.7],[-16.8,25.17],[-16.26,25.73],[-16.14,25.93],[-15.78,26.24],[-14.98,26.72],[-14.72,26.8],[-14.19,27.28],[-14.19,27.59],[-14.3,27.8],[-14.82,27.8],[-14.98,27.86],[-15.26,27.65],[-15.7,27.51],[-15.87,27.56],[-16.09,28.04],[-15.91,28.26],[-15.62,28.34],[-14.93,28.2],[-14.85,28.42],[-14.43,28.44],[-14.38,28.66],[-14.2,28.82],[-13.52,29.7],[-13.16,29.75],[-13.09,30.06],[-12.95,30.24],[-12.25,30.64],[-12.05,30.94],[-11.74,30.82],[-11.79,30.6],[-12.01,30.45],[-12.17,30.15],[-11.98,29.93],[-11.71,29.81],[-11.18,30.13],[-10.97,30.51],[-10.66,30.47],[-10.63,30.73],[-10.99,30.82],[-11.08,31.01],[-11.37,31.26],[-11.09,31.68],[-10.88,31.79],[-10.57,31.68],[-10.44,32.04],[-10.09,32.23],[-10.04,32.54],[-9.69,32.92],[-9.57,33.17],[-9.59,33.47],[-9.16,33.85],[-8.98,33.82],[-8.81,34.01],[-8.62,33.98],[-8.28,34.28],[-7.47,34.69],[-7.83,34.89],[-7.84,35.21],[-8.24,35.46],[-8.17,35.92],[-8.33,36.1],[-8.57,36.13],[-8.66,36.44],[-9.05,36.44],[-9.05,36.58],[-9.56,36.69],[-9.68,36.94],[-9.72,37.66],[-9.67,38.35],[-10.11,38.67],[-10.41,38.77],[-10.7,39.19],[-10.41,39.42],[-9.94,39.46],[-9.8,39.79],[-10,40.14],[-9.82,40.5],[-9.44,40.8],[-9.62,41.2],[-9.48,41.44],[-9.54,41.78],[-9.87,42.68],[-9.86,42.95],[-9.71,43.22],[-9.9,43.28],[-9.87,43.53],[-9.54,43.78],[-9.27,43.86],[-9.05,44.35],[-8.29,44.32],[-7.99,44.21],[-7.19,44.24],[-6.26,44.03],[-5.26,44.21],[-4.48,44.22],[-4.26,44.06],[-4.42,43.85],[-4.19,43.73],[-3.86,43.94],[-3.45,43.74],[-3.07,43.87],[-3.24,44.52],[-3.02,44.65],[-2.63,44.59],[-2.36,44.78],[-2.91,45.03],[-3.39,45.08],[-3.42,45.4],[-3.65,45.6],[-3.99,45.68],[-4.19,45.98],[-4.74,46.15],[-4.92,46.39],[-5.15,46.45],[-5.88,47.08],[-6.26,47.11],[-6.5,47.28],[-7.32,47.4],[-7.78,47.58],[-8.51,47.57],[-8.54,47.91],[-8.84,47.89],[-9.06,48.07],[-9.73,47.99],[-10.01,48.26],[-10.37,48.42],[-10.56,48.34],[-10.9,48.53],[-11.79,48.74],[-12.09,48.54],[-12.52,48.63],[-12.5,48.89],[-12.77,48.93],[-13.08,49.34],[-13.54,49.64],[-13.25,49.78],[-12.82,49.7],[-12.34,49.87],[-11.89,50.16],[-11.77,50.51],[-12.03,50.83],[-12.76,51.15],[-13.4,50.97],[-13.83,50.48],[-14.35,50.47],[-14.79,50.74],[-15.05,51.02],[-15.28,51.77],[-15.16,51.96],[-15.47,52.1],[-15.35,52.72],[-15.1,53.2],[-14.78,53.62],[-14.01,54.1],[-12.81,54.26],[-12.57,54.21],[-11.75,54.4],[-11.26,54.72],[-10.81,54.85],[-10.46,55.28],[-10.01,55.61],[-9.94,56.02],[-10.28,56.29],[-10.65,56.39],[-10.59,56.57],[-9.94,56.71],[-10.01,56.93],[-9.83,57.25],[-10.38,57.74],[-10.08,57.91],[-10.04,58.11],[-10.75,58.15],[-11.18,57.81],[-10.88,57.71],[-10.62,57.38],[-10.92,57.17],[-11.57,57.23],[-11.67,57.12],[-12.77,57.05],[-14.18,55.94],[-14.62,55.66],[-15.48,55.27],[-16.1,55.15],[-16.7,54.94],[-17.21,54.55],[-17.62,54.49],[-17.79,54.3],[-18.52,54.18],[-19.2,53.81],[-19.82,53.67],[-20.12,53.72],[-20.23,54.02],[-20.23,54.97],[-20.05,55.23],[-20.42,55.24],[-20.81,55.46],[-20.78,55.67],[-21.78,55.42],[-22.54,55.44],[-23.23,55.78],[-23.81,55.58],[-23.91,55.68],[-22.97,56.06],[-22.74,56.3],[-22.06,56.47],[-21.05,57.1],[-20.45,57.7],[-20.04,58.37],[-19.57,58.82],[-18.79,59.21],[-18.14,59.45],[-17.86,59.45],[-17.12,59.77],[-16.28,59.89],[-15.84,60.01],[-15.24,60.02],[-15,60.25],[-15.35,60.5],[-15.03,60.62],[-14.96,60.89],[-14.46,61.43],[-14.89,61.6],[-14.94,62.24],[-15.5,62.64],[-15.98,62.47],[-16.94,62.55],[-17.46,62.29],[-18.06,61.83],[-18.84,61.87],[-18.85,61.67],[-19.63,61.72],[-20.24,61.6],[-20.66,61.72],[-21.12,61.61],[-21.16,61.27],[-22.63,60.89],[-23.66,60.38],[-23.77,60.68],[-24.15,60.63],[-24.86,60.72],[-25.78,60.41],[-26.39,60.4],[-26.47,59.98],[-26.81,59.59],[-27.08,59.47],[-27.38,59.09],[-27.58,59.02],[-28.29,59.33],[-28.6,59.11],[-28.95,59.03],[-29.67,58.56],[-30.02,58.43],[-30.17,58.2],[-30.82,57.96],[-31.08,57.7],[-32.23,57.36],[-32.27,57.07],[-32.81,56.94],[-32.85,56.74],[-33.54,56.74],[-33.29,56.47],[-33.98,55.92],[-33.53,55.78],[-33.68,55.61],[-34.35,55.56],[-34.76,55.35],[-34.22,55.34],[-33.99,55.16],[-34.12,54.99],[-34.52,54.96],[-34.12,54.5],[-34.75,54.29],[-34.48,54.11],[-34.46,53.83],[-34.75,53.66],[-34.85,53.28],[-35.18,53.3],[-35.17,54.09],[-35.4,53.9],[-35.33,53.7],[-35.62,53.28],[-35.38,53.2],[-35.5,52.94],[-35.94,53.18],[-35.83,53.48],[-36.03,53.77],[-35.95,54.22],[-36.22,54.46],[-35.79,54.72],[-36.65,54.89],[-36.63,55.06],[-35.86,55.15],[-35.55,55.06],[-34.94,55.36],[-35.76,55.32],[-36.26,55.69],[-35.89,55.89],[-35.36,55.95],[-35.49,56.19],[-35.43,56.71],[-34.79,56.68],[-34,56.79],[-33.56,56.99],[-33.38,57.27],[-33.77,56.98],[-34.42,56.81],[-34.9,57.06],[-35.06,57.33],[-34.42,57.29],[-34.3,57.49],[-34.51,57.88],[-34.01,57.75],[-33.75,57.83],[-33.91,58.06],[-33.65,58.48],[-33.18,58.53],[-33.03,58.79],[-32.59,59.16],[-32.07,59.76],[-31.13,60.6],[-30.31,61.4],[-29.77,61.72],[-29.61,62.01],[-30.13,62.05],[-30.3,62.25],[-29.69,62.86],[-29.62,63.15],[-29.71,63.58],[-29.95,63.74],[-29.83,64.22],[-29.55,64.73],[-29.99,64.92],[-30.84,64.87],[-31.32,65.02],[-32.15,64.97],[-32.7,64.73],[-32.8,64.5],[-33.94,64.24],[-34.45,64.27],[-34.75,63.97],[-35.72,63.9],[-36.02,63.49],[-37,63.35],[-37.24,62.75],[-37.94,63.1],[-38.74,62.91],[-39.31,62.63],[-38.99,62.57],[-38.76,62.11],[-39.38,62.1],[-39.15,61.88],[-39.64,61.66],[-40.16,61.67],[-40.37,61.48],[-40.16,61.2],[-40.78,60.98],[-41.18,60.69],[-41.14,60.56],[-40.58,60.42],[-40.56,60.29],[-41.12,59.9],[-42.42,59.17],[-42.76,59.12],[-42.88,58.82],[-44.4,58.39],[-44.96,58.15],[-45.03,58.52],[-44.6,58.92],[-44.57,59.09],[-45.16,59.27],[-46.01,59.38],[-46.88,59.69],[-46.97,60.03],[-47.23,60],[-47.84,60.21],[-48.88,60.43],[-48.97,60.56],[-49.61,60.89],[-49.73,61.08],[-50.81,61.51],[-51.07,61.93],[-51.68,62.14],[-52.3,62.74],[-52.82,62.94],[-52.91,63.23],[-53.2,63.24],[-53.18,62.88],[-53.91,62.74],[-54.42,62.88],[-54.74,62.79],[-55.24,62.96],[-55.45,63.22],[-56.23,63.16],[-56.56,63.23],[-57.28,63.18],[-57.74,62.78],[-58.92,62.3],[-59.39,62],[-59.94,61.34],[-60.24,61.28],[-60.02,60.82],[-59.69,60.55],[-60.17,60.46],[-59.87,60.19],[-59.78,59.85],[-59.38,59.49],[-59.44,59.09],[-59.01,58.65],[-58.97,58.2],[-58.83,57.88],[-58.47,57.47],[-58.03,57.31],[-57.48,56.81],[-57.26,56.83],[-57.1,56.41],[-56.94,56.32],[-56.88,55.97],[-56.31,55.61],[-55.81,55.6],[-54.96,55.49],[-54.48,55.36],[-53.61,55.24],[-53.28,55.06],[-52.5,54.95],[-52.3,54.78],[-52.56,54.38],[-52.23,53.96],[-51.73,53.56],[-51.63,53.3],[-51.31,52.92],[-50.56,52.43],[-50.32,52.05],[-49.97,51.8],[-49.4,51.26],[-49.04,51.06],[-49.13,50.48],[-48.77,50],[-48.72,49.39],[-48.75,48.94],[-48.28,48.74],[-47.93,48.46],[-46.95,48.39],[-46.4,48.55],[-45.57,48.97],[-45.28,49.16],[-44.93,49.13],[-44.31,48.97],[-44.27,48.72],[-43.5,47.83],[-43.37,47.2],[-43.15,46.99],[-43.37,46.8],[-43.7,46.77],[-44.3,46.51],[-44.55,46.28],[-45.12,46.32],[-45.54,46.1],[-46.05,46.02],[-46.09,45.84],[-46.56,45.71],[-47.33,45.74],[-47.36,45.54],[-48.1,45.22],[-48.29,44.95],[-48.75,44.7],[-48.63,44.24],[-48.78,43.85],[-48.74,43.15],[-49.28,42.76],[-49.57,42.79],[-49.79,42.67],[-50.65,42.51],[-51.15,42.63],[-51.21,42.82],[-51.52,42.75],[-51.76,42.84],[-51.83,43.05],[-52.2,43.21],[-52.54,43.51],[-52.92,43.43],[-53,43.77],[-53.62,44.16],[-53.76,44.14],[-54.19,44.46],[-54.81,44.48],[-54.85,44.73],[-55.24,44.8],[-55.41,44.56],[-55.87,44.57],[-56.13,44.36],[-57.03,44.14],[-57.66,44.09],[-58.54,43.82],[-58.9,43.52],[-59.15,43.42],[-59.72,43.36],[-60.17,43.08],[-60.44,43.15],[-60.59,43],[-61.2,42.94],[-61.39,42.73],[-61.81,42.58],[-62.57,42.41],[-62.8,42.45],[-63.56,42.26],[-63.86,42.26],[-64.78,42.08],[-65.3,41.79],[-66.79,40.44],[-67.48,40.09],[-67.91,40.12],[-69.51,39.71],[-70.76,39.72],[-71.4,39.6],[-71.86,39.14],[-72.41,38.93],[-73.17,38.32],[-73.38,37.83],[-73.54,37.82],[-73.72,37.46],[-74.28,36.94],[-74.25,36.65],[-74.42,35.73],[-74.7,35.31],[-75.29,34.74],[-75.56,34.39],[-75.63,34.03],[-75.88,33.59],[-76.13,32.76],[-76.78,32.04],[-77.05,31.44],[-77.03,31.14],[-77.16,31.02],[-77.25,30.71],[-76.78,30.15],[-76.46,30.14],[-76.39,30.02],[-76.51,29.74],[-76.76,29.48],[-76.66,28.31],[-76.61,28.15],[-76.57,27.3],[-76.7,27.13],[-76.59,26.79],[-77.02,26.17],[-77,25.82],[-77.12,25.74],[-77.6,25.92],[-77.45,25.49],[-77.83,25.3],[-77.76,25.12],[-77.02,25.42],[-76.8,25.73],[-76.48,25.7],[-75.96,25.11],[-76.01,24.75],[-75.71,24.83],[-75.2,24.33],[-75.11,24.09],[-74.88,23.9],[-74.7,23.95],[-74.51,24.43],[-74.36,24.42],[-74.3,24.05],[-74.39,23.83],[-74.61,23.79],[-74.74,23.24],[-74.69,22.83],[-74.97,22.76],[-75.15,22.56],[-75.02,22.33],[-75.1,22.01],[-75.45,21.83],[-75.64,21.67],[-75.84,21.7],[-75.91,21.89],[-76.18,21.7],[-76.66,21.68],[-76.49,21.46],[-76.03,21.31],[-75.69,21.29],[-75.63,21.46],[-75.34,21.3],[-75.07,21.28],[-75.04,21.09],[-74.76,21.01],[-74.2,20.56],[-73.77,20.51],[-73.49,20.36],[-72.77,20.35],[-72.08,20.1],[-71.84,20.22],[-71.41,20.2],[-70.66,20.01],[-70.27,19.94],[-69.84,19.79],[-69.41,19.52],[-68.83,19.42],[-68.6,19.14],[-68.26,19.01],[-67.75,18.98],[-67.55,18.7],[-67.09,18.84],[-66.74,18.76],[-65.43,18.84],[-64.9,18.98],[-63.88,18.96],[-63.88,18.58],[-63.48,18.73],[-62.8,18.69],[-62.59,18.55],[-62.39,18.55],[-62.26,18.07],[-61.7,17.97],[-61.44,17.72],[-61.51,17.41],[-61.21,17.38],[-61.15,17.22],[-61.18,16.65],[-61.08,16.44],[-60.75,16.53],[-60.51,15.94],[-60.56,15.7],[-60.81,15.52],[-60.46,15.04],[-60.41,14.71],[-60.48,14.43],[-60.28,14.23],[-59.75,14.21],[-59.59,13.94],[-59.14,13.83],[-58.85,13.47],[-59.03,13.23],[-58.76,13.15],[-58.39,12.74],[-58.44,12.54],[-58.13,12.18],[-58.21,11.5],[-58.34,11.36],[-58.46,10.76],[-58.73,10.63],[-58.7,9.83],[-58.82,9.62],[-58.7,9.4],[-58.12,8.86],[-57.44,8.58],[-56.96,8.27],[-56.62,8.29],[-56.36,7.92],[-55.68,7.92],[-55.37,8.03],[-55.01,7.98],[-54.59,8.74],[-54.46,9.07],[-54.34,9.17],[-53.98,9.23],[-53.52,8.71],[-53.11,8.52],[-52.81,8.21],[-52.6,8.15],[-52.47,7.94],[-52.51,7.76],[-52.25,7.2],[-52.24,6.79],[-51.97,6.45],[-51.71,6.21],[-51.55,6.19],[-50.08,6.47],[-49.11,6.66],[-47.15,7.04],[-45.2,7.42],[-43.24,7.79],[-41.29,8.17],[-39.33,8.55],[-37.38,8.92],[-35.42,9.3],[-33.47,9.68],[-31.51,10.06],[-29.56,10.43],[-27.61,10.81],[-25.65,11.19],[-23.7,11.56],[-21.74,11.94],[-19.79,12.32],[-17.83,12.7]],[[-31.45,52.49],[-30.73,52.34],[-30.74,52.21],[-31.6,52.37],[-31.45,52.49]],[[-30.13,51.63],[-30.37,51.4],[-30.67,51.67],[-30.13,51.63]],[[-46.65,50.27],[-46.78,50.44],[-46.71,50.81],[-46.24,50.78],[-45.94,50.58],[-46.03,50.31],[-46.65,50.27]],[[-27.72,48.53],[-27.36,48.51],[-27.32,48.27],[-27.55,48.22],[-27.72,48.53]],[[-28.12,45.79],[-27.92,45.71],[-28.01,45.38],[-28.16,45.23],[-28.08,45.04],[-28.32,44.83],[-28.5,44.93],[-28.37,45.38],[-28.13,45.59],[-28.12,45.79]],[[-27.56,45.72],[-27.45,45.6],[-27.68,45.12],[-27.48,44.89],[-27.87,44.57],[-28,45.1],[-27.8,45.29],[-27.75,45.61],[-27.56,45.72]],[[-28.71,44.57],[-28.58,44.81],[-28.31,44.72],[-28.36,44.54],[-28.71,44.57]],[[-11.72,43.33],[-11.67,43.05],[-11.46,42.85],[-11.03,42.88],[-10.52,42.51],[-10.61,42.34],[-11.4,42.22],[-11.62,42.38],[-12.05,42.44],[-12.16,42.67],[-12.08,42.85],[-12.17,43.2],[-11.72,43.33]],[[-28.67,42.4],[-28.81,41.92],[-28.59,41.48],[-28.45,41.35],[-28.59,41.11],[-28.4,41.04],[-28.38,40.79],[-28.63,40.8],[-29.11,40.68],[-29.22,40.73],[-29.25,41.26],[-29.09,41.78],[-29.2,42.59],[-29.2,43.01],[-28.89,42.93],[-28.58,42.7],[-28.67,42.4]],[[-31.72,40.01],[-31.31,39.94],[-30.82,39.96],[-30.58,40.34],[-30.53,40.66],[-30.08,40.65],[-29.49,40.51],[-28.85,40.7],[-28.54,40.53],[-28.58,40.39],[-28.92,40.15],[-28.72,39.75],[-28.39,39.65],[-28.45,39.99],[-28.37,40.14],[-27.86,39.93],[-27.52,40.05],[-27.36,40.3],[-27.11,40.13],[-26.67,40.01],[-26.69,39.72],[-26.82,39.49],[-26.64,39.02],[-26.06,38.75],[-25.71,38.79],[-25.78,38.54],[-25.99,38.38],[-25.58,38.14],[-25.3,38.14],[-24.69,37.99],[-24.57,37.78],[-24.25,37.6],[-24.17,37.33],[-24.94,36.84],[-25.44,36.94],[-25.56,37.32],[-25.75,37.08],[-26.06,37.63],[-26.5,37.68],[-26.69,37.61],[-26.65,37.76],[-26.87,38.04],[-27.6,37.68],[-27.86,37.69],[-28.27,37.87],[-28.44,37.79],[-28.54,37.46],[-28.71,37.49],[-29.3,37.19],[-30.03,37.13],[-30.13,37.43],[-31.12,37.24],[-31.23,37.07],[-31.77,36.78],[-32.4,36.58],[-32.57,36.38],[-32.95,36.29],[-33.49,35.85],[-33.83,35.7],[-33.91,35.45],[-34.29,35.76],[-34.76,35.71],[-35.01,35.74],[-34.58,36.22],[-34.52,36.4],[-34.13,36.53],[-34.31,36.77],[-34.22,37.04],[-33.89,37.2],[-33.97,37.46],[-32.8,38.13],[-32.38,38.41],[-32.19,38.99],[-32.26,39.57],[-32.5,39.4],[-32.67,39.55],[-32.5,39.92],[-32.11,40.08],[-31.72,40.01]],[[-27.1,40.68],[-26.57,40.42],[-26.45,40.13],[-26.91,40.23],[-27.2,40.51],[-27.1,40.68]],[[-14.44,37.14],[-13.82,37.16],[-13.72,37.04],[-14.04,36.82],[-14.16,36.53],[-14.66,36.64],[-14.84,36.54],[-15.07,36.7],[-14.58,36.98],[-14.44,37.14]],[[-11.32,36.82],[-11.17,36.95],[-10.75,37.04],[-10.79,36.83],[-11,36.6],[-11.21,36.56],[-11.55,36.3],[-11.77,36.3],[-11.95,36.5],[-11.32,36.82]],[[-15.02,36.31],[-14.96,35.99],[-15.38,36.03],[-15.36,36.21],[-15.02,36.31]],[[-27.34,36.91],[-27.62,36.96],[-27.8,37.2],[-27.61,37.28],[-27.29,37.22],[-27.08,37.05],[-27.34,36.91]],[[-34.28,35.57],[-34.35,35.15],[-35.34,35.2],[-35.46,35.36],[-35.09,35.48],[-34.83,35.43],[-34.71,35.56],[-34.28,35.57]],[[-15.74,35.12],[-15.67,35.42],[-15.26,35.42],[-15.34,35.13],[-15.74,35.12]],[[-11.44,35.21],[-11.87,34.84],[-12.12,34.87],[-11.86,35.16],[-11.44,35.21]],[[-14.43,34.95],[-14.3,34.84],[-14.35,34.5],[-14.66,34.58],[-14.63,34.92],[-14.43,34.95]],[[-30.01,34.57],[-29.89,34.43],[-30.18,33.79],[-30.45,34.24],[-30.81,34.17],[-30.99,34.35],[-31.26,34.29],[-31.37,34.51],[-31.06,34.58],[-30.77,34.8],[-30.43,34.58],[-30.37,34.38],[-30.01,34.57]],[[-28.29,34.14],[-28.22,33.79],[-28.51,33.83],[-28.51,34.06],[-28.29,34.14]],[[-14.5,33.68],[-14.36,33.98],[-14.14,33.73],[-14.5,33.68]],[[-38.85,33.66],[-38.48,33.54],[-38.81,33.18],[-39.07,33.26],[-38.98,33.6],[-38.85,33.66]],[[-29.46,33.39],[-29.19,33.29],[-28.99,33.36],[-28.68,33.31],[-28.82,33.07],[-29.2,33.15],[-29.61,33.08],[-30.15,33.17],[-30.19,33.37],[-29.46,33.39]],[[-16.46,32.93],[-16.31,32.4],[-16.6,32.37],[-16.67,32.52],[-17.37,32.61],[-17.42,32.82],[-17.2,33.02],[-16.46,32.93]],[[-16.46,32.93],[-16.63,33.19],[-16.54,33.36],[-16.3,33.31],[-16.13,33.04],[-16.46,32.93]],[[-40.1,32.67],[-40.27,33.07],[-40.03,33.07],[-40.1,32.67]],[[-27.65,32.54],[-27.36,32.4],[-27.28,32.06],[-27.61,31.79],[-28.21,31.84],[-28.37,31.63],[-28.08,31.46],[-28.07,31.25],[-28.35,31.09],[-28.76,31.08],[-29.08,31.46],[-28.77,31.47],[-28.47,31.61],[-28.42,31.91],[-28.46,32.33],[-28.3,32.5],[-27.85,32.47],[-27.65,32.54]],[[-13.8,31.09],[-13.76,31.28],[-13.49,31.3],[-13.46,31.05],[-13.8,31.09]],[[-12.94,31.01],[-12.53,31.18],[-12.48,30.91],[-12.75,30.89],[-12.94,31.01]],[[-13.24,30.76],[-13,30.83],[-13.01,30.54],[-13.24,30.32],[-13.53,30.23],[-13.6,30.49],[-13.24,30.76]],[[-15.79,30.29],[-15.93,29.97],[-16.1,30.19],[-15.79,30.29]],[[-28.31,30.27],[-28.17,30],[-28.25,29.52],[-28.41,29.53],[-28.8,29.89],[-28.8,30.19],[-28.43,30.33],[-28.31,30.27]],[[-65.12,31.87],[-65.27,32.07],[-64.92,32.6],[-64.61,32.64],[-64.4,32.41],[-64.56,32.23],[-64.83,32.14],[-65.12,31.87]],[[-40.08,32.25],[-39.76,32.14],[-39.88,31.97],[-40.32,31.96],[-40.33,32.12],[-40.08,32.25]],[[-39.29,33.46],[-39.38,33.24],[-39.6,33.22],[-39.76,33.49],[-39.29,33.46]],[[-37.59,33.8],[-37.58,34.03],[-36.94,33.94],[-36.84,33.83],[-37.59,33.8]],[[-37.33,34.11],[-37.66,34.46],[-37.16,34.47],[-37.19,34.18],[-37.33,34.11]],[[-49.6,34.65],[-49.82,34.61],[-50.05,34.77],[-50.44,34.69],[-50.54,34.94],[-50.02,34.9],[-49.61,34.78],[-49.6,34.65]],[[-36.29,35.14],[-36.06,35.22],[-35.54,35.14],[-35.57,34.9],[-36,34.7],[-36.4,34.72],[-36.82,34.63],[-37,34.96],[-36.57,35.12],[-36.29,35.14]],[[-27.32,34.97],[-27.43,34.75],[-27.72,34.77],[-27.47,35.05],[-27.32,34.97]],[[-36.93,34.47],[-36.54,34.4],[-36.5,34.21],[-37.02,34.19],[-36.93,34.47]],[[-33.15,38.65],[-33.15,39.11],[-32.85,39.79],[-32.69,39.23],[-32.99,38.65],[-33.15,38.65]],[[-31.22,40.67],[-31.43,40.98],[-31.09,41.06],[-31.22,40.67]],[[-30.39,41.05],[-29.88,41.31],[-29.82,42.06],[-29.66,42.23],[-29.76,42.66],[-29.67,43.13],[-29.37,43.13],[-29.36,42.7],[-29.49,42.36],[-29.26,42.25],[-29.33,42.03],[-29.23,41.77],[-29.41,41.5],[-29.26,40.95],[-29.36,40.67],[-29.82,40.64],[-29.9,40.83],[-30.39,41.05]],[[-31.1,41.47],[-30.91,41.74],[-30.54,41.61],[-30.56,41.47],[-31.1,41.47]],[[-29.88,42.68],[-30.15,42.93],[-29.8,43.07],[-29.88,42.68]],[[-29.14,43.21],[-29.67,43.48],[-29.12,43.52],[-29.14,43.21]],[[-28.58,43.22],[-28.88,43.49],[-28.52,43.54],[-28.58,43.22]],[[-17.8,28.28],[-18.1,28.57],[-18.1,28.9],[-17.8,29.02],[-17.58,28.79],[-17.59,28.55],[-17.8,28.28]],[[-17.09,28.49],[-16.92,28.58],[-16.26,28.74],[-15.97,28.71],[-16.18,28.1],[-16.56,27.86],[-16.8,27.96],[-17.23,27.91],[-17.5,28.04],[-17.54,28.39],[-17.09,28.49]],[[-17.76,27.89],[-17.9,27.5],[-18.05,27.5],[-18.27,27.74],[-18.24,27.87],[-17.84,27.96],[-17.76,27.89]],[[-73.92,23.03],[-73.88,23.21],[-73.54,23.19],[-73.66,22.97],[-73.92,23.03]],[[-74.23,23.02],[-74.03,22.88],[-73.8,22.88],[-73.22,22.59],[-72.61,22.46],[-72.6,22.27],[-72.96,22.1],[-73.09,21.91],[-73.5,21.66],[-74.3,21.53],[-74.49,21.92],[-74.75,22.05],[-74.57,22.43],[-74.86,22.45],[-74.81,22.75],[-74.6,22.69],[-74.48,22.97],[-74.23,23.02]],[[-72.19,22.02],[-71.84,22.11],[-71.7,21.98],[-71.3,21.86],[-71.21,21.7],[-70.99,21.7],[-70.68,21.14],[-70.47,21.31],[-70.37,21.1],[-70.39,20.51],[-70.7,20.68],[-71.11,20.55],[-71.33,20.65],[-71.67,20.62],[-71.96,20.89],[-72.03,21.06],[-72.28,21.25],[-72.36,21.49],[-72.55,21.54],[-72.81,21.39],[-72.94,20.95],[-72.78,20.71],[-72.99,20.59],[-73.17,20.68],[-73.39,20.61],[-74.05,20.71],[-74.08,20.96],[-73.8,21.01],[-73.75,21.27],[-73.35,21.43],[-73.12,21.66],[-72.69,21.66],[-72.52,21.92],[-72.19,22.02]],[[-70.12,20.44],[-70.06,20.99],[-69.75,20.96],[-69.32,20.74],[-69.36,20.27],[-69.64,19.99],[-69.91,19.98],[-69.85,20.23],[-70.12,20.44]],[[-69.4,19.98],[-69.23,20.49],[-68.98,20.45],[-69.28,20],[-69.4,19.98]],[[-68.96,20.25],[-68.71,20.4],[-68.58,19.92],[-68.71,19.75],[-69.07,19.78],[-68.96,20.25]],[[-25.63,17.33],[-25.03,17.35],[-24.47,16.84],[-23.97,16.73],[-23.92,16.51],[-24.13,16.46],[-24.29,16.28],[-24.52,16.49],[-24.84,16.61],[-25.17,16.62],[-25.69,17.13],[-25.63,17.33]],[[-23.06,16.99],[-22.75,17.06],[-22.66,16.49],[-22.29,16.24],[-22.27,15.86],[-22.4,15.7],[-22.73,15.73],[-22.9,15.53],[-22.86,15.26],[-23.03,15.05],[-23.07,14.85],[-23.34,14.93],[-23.47,14.81],[-23.9,14.93],[-23.98,15.09],[-23.83,15.43],[-23.39,15.61],[-23.23,16.03],[-23.2,16.31],[-23.06,16.49],[-23.21,16.71],[-23.06,16.99]],[[-24.32,15.19],[-24.13,14.98],[-24.19,14.74],[-24.8,14.71],[-24.87,14.9],[-24.67,15.11],[-24.32,15.19]],[[-33.46,55.92],[-33.63,55.99],[-33.44,56.33],[-33.14,56.11],[-33.46,55.92]],[[-32.09,56.74],[-32.57,56.74],[-32.62,56.88],[-31.56,56.92],[-31.58,56.75],[-32.09,56.74]]]},"properties":{"scalerank":0,"featurecla":"Bathymetry","depth":2000}},
{"type":"Feature","geometry":null,"properties":{"scalerank":0,"featurecla":"Bathymetry","depth":2000}},
{"type":"Feature","geometry":null,"properties":{"scalerank":0,"featurecla":"Bathymetry","depth":2000}},
{"type":"Feature","geometry":null,"properties":{"scalerank":0,"featurecla":"Bathymetry","depth":2000}},
{"type":"Feature","geometry":null,"properties":{"scalerank":0,"featurecla":"Bathymetry","depth":2000}},
{"type":"Feature","geometry":null,"properties":{"scalerank":0,"featurecla":"Bathymetry","depth":2000}},
{"type":"Feature","geometry":null,"properties":{"scalerank":0,"featurecla":"Bathymetry","depth":2000}},
{"type":"Feature","geometry":{"type":"Polygon","coordinates":[[[-179.62,-17.78],[-179.85,-17.41],[-180,-17.38],[-180,-17.9],[-179.77,-18.03],[-180,-18.22],[-180,-18.41],[-179.76,-18.51],[-179.48,-18.43],[-179.68,-18.22],[-179.62,-17.78]]]},"properties":{"scalerank":0,"featurecla":"Bathymetry","depth":2000}},
{"type":"Feature","geometry":{"type":"Polygon","coordinates":[[[-179.98,-28.71],[-179.83,-28.53],[-179.81,-28.25],[-180,-27.86],[-179.98,-28.71]]]},"properties":{"scalerank":0,"featurecla":"Bathymetry","depth":2000}},
{"type":"Feature","geometry":null,"properties":{"scalerank":0,"featurecla":"Bathymetry","depth":2000}},
{"type":"Feature","geometry":{"type":"Polygon","coordinates":[[[-179.52,-72],[-179.62,-71.71],[-180,-71.71],[-180,-72.17],[-179.52,-72]]]},"properties":{"scalerank":0,"featurecla":"Bathymetry","depth":2000}},
{"type":"Feature","geometry":{"type":"Polygon","coordinates":[[[-179.82,60.32],[-180,60.29],[-180,58.5],[-180,57],[-180,55.5],[-180,54.38],[-179.49,54.01],[-179.19,53.29],[-179.13,52.89],[-179.23,52.56],[-179.52,52.03],[-178.99,52.03],[-178.42,51.9],[-178.18,52.06],[-177.6,52.03],[-176.4,52.15],[-176.22,52.25],[-175.35,52.33],[-174.63,52.54],[-174.12,52.59],[-173.76,52.73],[-173.15,53.09],[-172.88,52.97],[-172.42,53.07],[-172.41,53.22],[-171.93,53.44],[-171.75,53.21],[-171.34,53.21],[-171.18,53.34],[-170.71,53.24],[-170.66,53.42],[-170.22,53.41],[-170.22,53.65],[-171.02,53.64],[-171.09,53.84],[-170.88,54.22],[-170.3,54.94],[-169.93,54.82],[-169.66,54.36],[-169.18,54.07],[-168.74,54.1],[-169.29,54.44],[-169.33,54.8],[-168.53,54.74],[-168.74,55.01],[-168.78,55.4],[-169.2,55.51],[-169.5,55.87],[-170.03,55.87],[-170.58,55.74],[-170.88,56.02],[-171.59,56.34],[-172.77,56.26],[-173.11,56.53],[-173.64,56.76],[-173.85,56.65],[-174.23,57.04],[-174.47,57.81],[-174.77,57.84],[-175.19,58.14],[-175.35,57.93],[-175.69,58],[-176.06,58.44],[-176.81,58.37],[-177.42,58.58],[-177.97,58.43],[-178.78,59.17],[-178.7,59.4],[-178.94,59.69],[-179.81,60.13],[-179.82,60.32]]]},"properties":{"scalerank":0,"featurecla":"Bathymetry","depth":2000}},
{"type":"Feature","geometry":{"type":"Polygon","coordinates":[[[-175.09,75.74],[-175.21,75.75],[-175.12,75.74],[-175.09,75.74]]]},"properties":{"scalerank":0,"featurecla":"Bathymetry","depth":2000}},
{"type":"Feature","geometry":{"type":"Polygon","coordinates":[[[-175.09,75.74],[-174.25,75.82],[-173.26,76.03],[-171.55,76.1],[-171.34,76.03],[-169.34,76.22],[-170.12,76.42],[-171.89,76.34],[-172.76,76.43],[-172.38,76.85],[-171.17,76.94],[-171.43,77.16],[-170.56,77.36],[-170.31,77.85],[-169.8,78.27],[-168.74,78.55],[-166.34,78.94],[-165.77,79.15],[-164.67,79.13],[-163.25,79.29],[-162.74,79.18],[-159.42,79.05],[-159.75,78.54],[-160.21,78.32],[-160.23,77.79],[-159.05,77.9],[-158.21,78.1],[-157.4,78.44],[-155.55,78.45],[-154.63,78.7],[-153.39,78.52],[-153.65,78.02],[-153.22,77.86],[-153.22,77.52],[-153.96,77.24],[-154.05,76.76],[-155.39,76.08],[-156.25,75.77],[-156.11,75.41],[-157.04,74.97],[-157.79,74.49],[-158.52,74.2],[-159.46,73.94],[-160.39,73.94],[-160.7,73.8],[-159.67,73.52],[-159.17,73.49],[-157.93,73.16],[-157.73,72.99],[-156.47,72.7],[-155.49,72.65],[-155.24,72.48],[-154.15,72.22],[-152.45,72.12],[-151.37,71.78],[-149.88,71.55],[-149.35,71.55],[-146.7,71.21],[-145.53,71.25],[-144.91,71.14],[-143.86,71.21],[-143.02,71.09],[-140.53,70.89],[-140.2,71.04],[-139.3,71.02],[-138.96,71.22],[-137.98,71.58],[-137.6,71.48],[-136.9,71.6],[-136.98,71.91],[-135.7,71.95],[-134.4,72.32],[-133.85,72.26],[-132.94,72.61],[-131.02,73.13],[-130.71,73.48],[-130.89,73.7],[-130.58,73.88],[-130.6,74.24],[-130.87,74.66],[-130.95,75.4],[-130.77,75.78],[-129.35,76.31],[-127.25,77.44],[-126.77,78],[-124.26,78.47],[-124.19,78.7],[-122.83,78.76],[-122.8,79.21],[-122.09,79.25],[-119.59,79.61],[-118.99,79.58],[-118.19,79.92],[-117.9,80.31],[-114.16,80.81],[-112.75,81.12],[-109.8,81.38],[-107.81,81.72],[-104.9,81.89],[-103.15,82.6],[-101.29,82.81],[-95.68,83.2],[-95.47,83.45],[-98.59,83.38],[-97.21,83.9],[-95.22,83.94],[-94.95,84.13],[-96.36,84.31],[-97.84,83.88],[-99.58,83.85],[-99.65,83.65],[-104.78,83.45],[-106.59,83.92],[-114,84.18],[-117.96,84.32],[-116.29,84.75],[-119.02,84.86],[-127.22,84.91],[-126.98,85.13],[-129.23,85.15],[-131.6,84.89],[-135.96,84.83],[-137.35,84.7],[-140.08,84.72],[-139.02,85.08],[-138.64,85.46],[-139.75,85.8],[-137.9,86.02],[-134.62,86.1],[-124.97,86.09],[-124.5,85.92],[-117.12,85.82],[-110.3,85.8],[-118.26,86.07],[-126.22,86.35],[-123.82,86.69],[-115.95,86.56],[-97.58,86.16],[-86.81,85.82],[-87.19,85.58],[-89.6,85.36],[-87.5,84.74],[-81.17,85.16],[-83.81,85.27],[-83.87,85.42],[-80.15,85.56],[-77.98,85.49],[-74.44,85.85],[-73.73,86.14],[-71.63,86.25],[-70.06,86.52],[-67,86.37],[-64.59,86.84],[-67.12,87.27],[-74.77,87.72],[-74.96,88],[-88.78,88.49],[-111.21,88.54],[-127.16,88.58],[-149.59,88.63],[-165.54,88.67],[-180,88.7],[-180,87.5],[-180,85.5],[-180,83.5],[-180,82.25],[-178.57,82.35],[-177.84,82.19],[-180,82.01],[-180,81.14],[-178.83,80.88],[-179.05,80.59],[-177.67,80.49],[-177.02,80.1],[-176.39,80.12],[-175.55,79.58],[-174.63,79.4],[-175.26,79.14],[-174.2,78.99],[-173.93,79.38],[-172.15,79.2],[-171.93,78.84],[-172.25,78.65],[-174.22,78.72],[-174.28,78.48],[-173.02,78.48],[-172.81,77.97],[-173.39,77.95],[-172.85,77.35],[-174.25,77.2],[-174.22,76.88],[-175.9,76.22],[-175.76,75.79],[-175.21,75.75],[-175.09,75.74]],[[-173.92,83.21],[-173.57,83.4],[-170.74,83.5],[-170.63,83.31],[-173.92,83.21]],[[-169.85,83.92],[-169.18,84.22],[-164.66,84.22],[-162.36,84.53],[-158.23,84.37],[-158.59,84.12],[-161.42,84.05],[-163.75,84.17],[-165.43,83.98],[-169.85,83.92]],[[-172.75,84.08],[-173.35,84.35],[-179.38,84.32],[-177.94,84.7],[-173.75,84.62],[-173.69,84.78],[-178.76,84.93],[-178.97,85.05],[-171.03,85.41],[-160.8,85.32],[-160.64,85.14],[-162.9,85.07],[-165.72,84.63],[-168.66,84.61],[-170.08,84.23],[-172.75,84.08]],[[-158.68,85.04],[-155.11,85.35],[-153.96,85.25],[-154.66,84.91],[-156.91,84.77],[-158.68,85.04]],[[-146.99,84.91],[-146.79,84.56],[-149.74,84.11],[-149.67,84.56],[-146.99,84.91]],[[-128.02,86.33],[-136.17,86.21],[-136.23,86.34],[-128.5,86.52],[-128.02,86.33]],[[-112.13,87.06],[-119.72,87.19],[-119.28,87.36],[-112.15,87.25],[-112.13,87.06]],[[-82.39,87.87],[-79.29,87.5],[-93.3,87.63],[-93.94,88.2],[-82.39,87.87]]]},"properties":{"scalerank":0,"featurecla":"Bathymetry","depth":2000}},
{"type":"Feature","geometry":null,"properties":{"scalerank":0,"featurecla":"Bathymetry","depth":2000}},
{"type":"Feature","geometry":null,"properties":{"scalerank":0,"featurecla":"Bathymetry","depth":2000}},
{"type":"Feature","geometry":{"type":"Polygon","coordinates":[[[-81,-7.46],[-81,-7.15],[-81.12,-6.85],[-81.36,-6.5],[-81.34,-6.27],[-81.46,-6.13],[-81.54,-5.35],[-81.62,-5.14],[-81.65,-4.43],[-81.55,-4.13],[-81.55,-3.5],[-81.43,-3.38],[-81.43,-3.02],[-81.32,-2.55],[-81.41,-2.02],[-81.31,-1.69],[-81.34,-1.3],[-81.22,-0.99],[-81.07,-0.25],[-80.86,0.07],[-80.72,0.42],[-80.59,0.5],[-80.47,0.84],[-80.17,1.25],[-80.25,1.44],[-79.77,1.84],[-79.63,2.2],[-79.5,2.23],[-79.32,2.5],[-78.59,3.36],[-78.49,3.72],[-78.21,4.01],[-78.01,4.14],[-78.02,4.38],[-77.88,5],[-77.75,5.18],[-77.65,5.7],[-77.55,5.9],[-77.62,6.17],[-77.88,6.72],[-77.88,6.91],[-78.09,7.2],[-78.42,7.28],[-78.72,7.51],[-79.3,7.44],[-79.62,7.15],[-79.85,7.17],[-80.59,6.92],[-80.76,7.01],[-81.33,6.81],[-81.22,6.61],[-81.26,5.71],[-81.73,5.4],[-82.01,5.45],[-82.18,5.78],[-81.98,6.11],[-82.03,6.81],[-81.89,7.04],[-81.96,7.18],[-82.25,7.26],[-82.52,7.52],[-82.86,7.57],[-83.01,7.03],[-83.18,7.06],[-83.35,6.84],[-83.28,6.7],[-84.04,6.41],[-84.18,6.08],[-84.91,5.98],[-85.15,5.81],[-85.36,5.41],[-85.42,4.82],[-85.64,4.72],[-85.83,4.78],[-85.87,4.21],[-86.07,4.2],[-86.35,3.94],[-86.34,3.69],[-86.71,3.53],[-86.91,3.55],[-87.36,3.34],[-87.68,2.91],[-87.91,2.86],[-87.93,2.62],[-88.22,2.51],[-88.7,2.81],[-88.96,2.56],[-88.99,2.38],[-89.21,2.29],[-89.45,2.35],[-90.07,2.27],[-90.42,2.85],[-90.03,2.72],[-89.71,2.99],[-89.42,3.04],[-89.43,3.45],[-89.24,3.48],[-88.61,3.4],[-88.59,3.57],[-88.76,3.86],[-88.58,4.25],[-88.13,4.38],[-87.7,4.58],[-87.26,4.7],[-87.18,4.8],[-87.26,5.18],[-87.49,5.31],[-87.96,5.51],[-87.38,5.54],[-86.9,5.88],[-86.66,5.81],[-86.21,5.93],[-86.64,6.27],[-86.04,6.5],[-85.96,6.65],[-85.53,6.72],[-85.3,6.89],[-85.09,7.19],[-85.6,7.48],[-85.37,7.73],[-84.98,7.93],[-84.66,8.24],[-84.17,8.49],[-84.53,8.89],[-85.06,9.18],[-85.3,9.19],[-85.55,9.36],[-85.59,9.53],[-85.85,9.6],[-86.5,10.43],[-87.12,11.09],[-87.67,11.52],[-88,11.87],[-88.31,12.02],[-88.45,12.22],[-88.9,12.26],[-89.3,12.41],[-89.69,12.67],[-90.46,12.86],[-90.69,13.07],[-90.95,13.05],[-91.28,13.18],[-92.21,13.68],[-92.95,13.99],[-93.24,14.16],[-93.48,14.4],[-93.76,14.49],[-94.24,14.83],[-94.77,15.11],[-94.95,15.09],[-95.13,15.35],[-95.68,15.39],[-96.07,15.55],[-96.31,15.5],[-96.94,15.5],[-98.33,15.86],[-98.5,15.86],[-99.55,16.34],[-100.06,16.49],[-100.13,16.61],[-100.71,16.68],[-101.02,17.01],[-101.26,16.97],[-101.8,17.17],[-101.93,17.39],[-102.19,17.42],[-103.06,17.81],[-103.56,18.11],[-103.67,18.09],[-104.11,18.29],[-104.47,18.56],[-104.58,18.51],[-104.98,18.91],[-105.43,19.14],[-105.83,19.69],[-105.87,19.93],[-106.14,20.01],[-105.92,20.22],[-105.94,20.52],[-106.18,20.85],[-106.39,21.32],[-106.63,21.42],[-106.88,21.79],[-107.06,22.39],[-107.34,22.5],[-107.79,22.83],[-107.64,23.28],[-107.85,23.45],[-108.04,23.43],[-108.31,23.62],[-108.86,24.12],[-109.11,24.43],[-108.96,24.6],[-109.22,24.84],[-109.49,24.71],[-109.25,24.34],[-109.05,24.15],[-109.03,23.97],[-109.37,23.83],[-109.15,23.49],[-109.22,23.18],[-109.17,22.83],[-109.66,22.66],[-110.14,22.68],[-110.69,22.78],[-111.1,23.05],[-111.46,23.11],[-111.71,23.32],[-112.44,24.05],[-112.67,24.17],[-113.21,24.94],[-113.3,25.15],[-113.64,25.54],[-113.81,25.93],[-114,26.06],[-114.23,26.39],[-114.08,26.51],[-114.27,26.82],[-114.6,26.9],[-114.98,27.19],[-115.77,27.95],[-115.84,28.5],[-116.17,28.7],[-116.44,29.03],[-116.52,29.3],[-116.9,29.49],[-117.01,29.85],[-117.19,30.14],[-117.04,30.24],[-116.88,29.99],[-116.68,29.92],[-116.23,29.49],[-116.04,29.6],[-116.33,30.06],[-116.54,30.07],[-116.78,30.4],[-117.24,30.5],[-117.51,30.5],[-117.98,30.63],[-118.17,30.85],[-118.67,30.98],[-118.91,31.26],[-119.09,31.29],[-119.52,31.79],[-120.18,32.42],[-120.23,32.67],[-120.43,32.87],[-120.9,33.69],[-120.74,33.88],[-121.18,34.05],[-121.1,34.18],[-121.42,34.5],[-121.59,34.52],[-121.84,34.8],[-121.81,35.09],[-122.28,35.81],[-122.26,35.95],[-122.53,36.27],[-122.48,36.79],[-122.9,36.91],[-123.48,37.34],[-123.38,37.66],[-123.57,37.83],[-123.89,38.4],[-123.91,38.57],[-124.42,39.25],[-124.6,39.66],[-124.99,39.72],[-125.39,40.08],[-125.64,40.45],[-124.88,40.42],[-124.8,40.5],[-124.86,40.92],[-125.04,41.23],[-125.18,41.82],[-125.18,42.14],[-125.07,42.4],[-125.31,43.43],[-125.26,44.66],[-125.41,45.21],[-125.39,45.42],[-125.51,45.85],[-125.53,46.38],[-125.86,46.77],[-125.94,47.14],[-126.44,47.89],[-126.43,48.24],[-126.82,48.53],[-127.07,48.62],[-127.66,49.11],[-127.68,49.3],[-128.04,49.6],[-128.49,49.73],[-129.21,49.73],[-129.63,50.09],[-129.61,50.26],[-129.96,50.98],[-130.35,51.09],[-130.93,51.54],[-131.06,51.79],[-131.43,51.58],[-131.69,51.82],[-131.81,52.27],[-132.36,52.46],[-133.06,52.94],[-133.56,53.45],[-133.47,53.54],[-134.17,54.01],[-134.5,54.5],[-134.3,54.67],[-134.74,54.91],[-135.77,55.94],[-136.15,56.45],[-136.43,56.54],[-136.74,57.2],[-137.45,57.72],[-138.1,57.86],[-139.54,58.27],[-139.96,58.44],[-140.7,58.59],[-141.2,58.82],[-141.6,58.87],[-142.54,59.32],[-144.46,59.45],[-145.02,59.29],[-146.03,59.22],[-147.12,59.03],[-147.62,58.73],[-147.82,58.03],[-148.9,57.72],[-149.68,57.34],[-149.82,57.14],[-150.52,56.95],[-150.75,56.78],[-152.47,56.23],[-152.93,56.21],[-152.99,56.02],[-153.5,55.7],[-153.79,55.7],[-154.5,55.33],[-155.41,55.24],[-155.66,54.94],[-156.02,55.02],[-156.56,54.75],[-157.57,54.4],[-158.02,54.5],[-158.45,54.41],[-158.47,54.24],[-159.22,54.29],[-160.28,54.07],[-161.14,54.07],[-161.38,53.9],[-162.05,53.87],[-162.74,53.65],[-162.96,53.78],[-163.85,53.58],[-164.83,53.47],[-165,53.38],[-165.55,53.42],[-165.89,53.16],[-167.04,52.97],[-167.57,52.8],[-168.12,52.78],[-169.45,52.27],[-170.1,52.25],[-170.65,52.1],[-171.07,52.13],[-171.77,51.8],[-173.52,51.82],[-173.9,51.72],[-175.18,51.65],[-176.76,51.29],[-177.14,51.43],[-177.56,51.39],[-177.76,51.26],[-178.46,51.24],[-178.64,51.14],[-179.29,51.03],[-179.79,51.31],[-180,51.26],[-180,50],[-180,48.5],[-180,47.5],[-180,46],[-180,44.45],[-178.15,43.71],[-176.3,42.97],[-174.45,42.23],[-172.6,41.48],[-170.74,40.74],[-168.89,40],[-167.04,39.26],[-165.19,38.52],[-163.34,37.78],[-161.49,37.04],[-159.64,36.3],[-158.42,34.75],[-157.2,33.2],[-155.98,31.66],[-154.76,30.11],[-153.54,28.56],[-152.32,27.02],[-151.1,25.47],[-149.88,23.92],[-148.67,22.37],[-147.45,20.83],[-146.23,19.28],[-145.01,17.73],[-143.79,16.18],[-142.57,14.64],[-141.96,13.86],[-141.05,12.7],[-139.16,12.07],[-137.26,11.43],[-135.37,10.8],[-133.48,10.16],[-131.59,9.53],[-129.7,8.89],[-127.81,8.26],[-125.92,7.62],[-124.03,6.99],[-122.13,6.35],[-120.24,5.72],[-118.35,5.08],[-116.46,4.45],[-114.57,3.81],[-112.68,3.18],[-110.79,2.54],[-108.9,1.91],[-107,1.27],[-105.11,0.63],[-103.22,0],[-101.8,-0.48],[-99.91,-1.11],[-98.02,-1.75],[-96.13,-2.38],[-94.24,-3.02],[-92.35,-3.65],[-90.46,-4.29],[-88.57,-4.92],[-86.67,-5.56],[-84.78,-6.19],[-82.89,-6.83],[-81,-7.46]],[[-87.87,5.11],[-87.64,5.23],[-87.42,5.17],[-87.27,4.89],[-87.56,4.89],[-87.86,4.99],[-87.87,5.11]],[[-85.24,8.11],[-85.34,8.23],[-84.81,8.67],[-84.53,8.59],[-84.91,8.36],[-84.98,8.18],[-85.24,8.11]],[[-110.09,10.2],[-110.03,10.42],[-109.61,10.38],[-109.6,10.21],[-110.09,10.2]],[[-108.25,10.35],[-108.15,10.44],[-107.72,10.39],[-107.78,10.2],[-108.25,10.35]],[[-109.13,10.24],[-109.32,10.25],[-109.34,10.46],[-109.13,10.46],[-109.13,10.24]],[[-114.55,18.29],[-114.74,18.22],[-114.81,18.48],[-114.54,18.48],[-114.55,18.29]],[[-110.8,18.65],[-111.01,18.62],[-111.18,18.87],[-110.98,19.01],[-110.77,18.85],[-110.8,18.65]],[[-110.74,19.1],[-110.95,19.2],[-110.88,19.66],[-110.66,19.48],[-110.74,19.1]],[[-115.69,25.08],[-115.62,24.94],[-115.93,24.7],[-116.08,24.95],[-115.69,25.08]],[[-118.21,29.33],[-118.13,28.82],[-118.4,28.81],[-118.48,29.24],[-118.21,29.33]],[[-117.31,30.19],[-117.47,29.94],[-117.71,30.19],[-117.7,30.38],[-117.31,30.19]],[[-129.87,46.05],[-129.76,45.91],[-129.98,45.73],[-130.22,45.89],[-130.54,45.91],[-130.7,46.35],[-130.61,46.46],[-129.99,46.2],[-129.87,46.05]],[[-130.83,46.46],[-131.01,46.63],[-130.92,46.9],[-130.62,46.88],[-130.83,46.46]],[[-130.24,49.68],[-130.28,49.85],[-129.7,49.84],[-129.68,49.71],[-130.24,49.68]],[[-150.15,54.41],[-150.66,54.51],[-150.45,54.79],[-150.21,54.71],[-150.15,54.41]],[[-90.67,3.44],[-90.63,3.52],[-90.5,3.48],[-90.55,3.38],[-90.65,3.4],[-90.67,3.26],[-91.03,3.1],[-91.19,3.24],[-90.82,3.45],[-90.67,3.44]],[[-88.21,-0.21],[-87.98,-0.43],[-87.82,-0.28],[-87.62,-0.29],[-87.56,-0.45],[-87.1,-0.79],[-86.5,-0.74],[-86.3,-0.86],[-86.29,-1.16],[-86.6,-1.17],[-86.68,-1.29],[-87.26,-1.2],[-87.46,-1.37],[-87.77,-1.47],[-87.97,-1.44],[-88.76,-1.6],[-88.98,-1.56],[-89.25,-1.63],[-89.71,-1.58],[-89.88,-1.71],[-90.2,-1.76],[-90.38,-1.54],[-90.9,-1.2],[-91.18,-1.2],[-91.44,-1.09],[-91.6,-0.92],[-91.56,-0.67],[-91.7,-0.53],[-91.78,-0.22],[-91.53,0.27],[-91.26,0.29],[-91.1,-0.05],[-90.65,0.1],[-90.94,0.58],[-90.93,1.06],[-91.24,1.23],[-90.89,1.49],[-90.69,2.22],[-90.45,2.16],[-89.7,2.21],[-89.75,2.01],[-89.56,1.91],[-89.63,1.57],[-89.95,1.26],[-90.09,1.02],[-89.33,0.89],[-89.22,0.7],[-90.05,0.79],[-90.12,0.55],[-89.74,0.5],[-89.71,0.17],[-89.38,0.12],[-88.95,0.2],[-89.06,-0.07],[-88.9,-0.22],[-88.57,0.04],[-88.21,-0.21]],[[-83.25,-0.28],[-83,-0.18],[-82.89,-0.27],[-82.62,0],[-82.03,0.16],[-81.84,0.31],[-81.25,0.29],[-81.22,-0.26],[-81.51,-0.89],[-81.5,-1.08],[-81.81,-1.82],[-82.08,-1.66],[-82.26,-1.83],[-82.73,-1.68],[-82.96,-1.79],[-83.02,-1.94],[-83.45,-2.23],[-83.7,-2.31],[-84.01,-2.25],[-83.54,-1.94],[-83.52,-1.69],[-84.34,-1.8],[-84.79,-1.61],[-84.94,-1.18],[-84.91,-0.87],[-84.6,-0.78],[-84.43,-0.9],[-84.22,-0.73],[-83.75,-0.77],[-83.6,-0.61],[-83.3,-0.49],[-83.25,-0.28]],[[-91.94,1.51],[-92.18,1.72],[-92.08,1.95],[-91.88,1.76],[-91.94,1.51]],[[-91.94,1.51],[-91.7,1.51],[-91.58,1.22],[-91.15,0.9],[-91.19,0.67],[-91.41,0.74],[-91.65,1.02],[-91.94,1.51]],[[-91.78,1.92],[-92.16,2.18],[-91.8,2.2],[-91.13,1.99],[-91.41,1.91],[-91.78,1.92]],[[-81.85,2.76],[-81.95,2.49],[-82.21,2.65],[-81.85,2.76]],[[-82.35,2.77],[-82.57,2.8],[-82.61,3],[-82.56,3.45],[-82.39,3.45],[-81.95,3.73],[-82.01,3.9],[-81.85,4.29],[-81.65,4.22],[-81.21,4.58],[-80.98,4.57],[-80.9,4.78],[-80.62,4.87],[-80.33,4.86],[-79.91,4.71],[-79.59,4.81],[-79.51,5.09],[-79.27,4.85],[-79.37,4.56],[-79.74,4.6],[-80.04,4.47],[-80.1,4.1],[-80.42,4.07],[-80.89,3.81],[-81.23,3.36],[-81.68,3.36],[-81.8,3.45],[-82.12,3.28],[-82.22,2.88],[-82.35,2.77]],[[-81.66,4.77],[-81.66,5.01],[-81.35,5.16],[-81.26,5],[-81.54,4.92],[-81.66,4.77]],[[-80.21,3.34],[-80.18,3.61],[-79.92,3.45],[-80,3.25],[-80.21,3.34]]]},"properties":{"scalerank":0,"featurecla":"Bathymetry","depth":2000}},
{"type":"Feature","geometry":null,"properties":{"scalerank":0,"featurecla":"Bathymetry","depth":2000}},
{"type":"Feature","geometry":null,"properties":{"scalerank":0,"featurecla":"Bathymetry","depth":2000}},
{"type":"Feature","geometry":{"type":"Polygon","coordinates":[[[-180,-36.05],[-180,-38],[-180,-40],[-180,-41],[-180,-42.46],[-179.27,-42.46],[-178.73,-42.36],[-177.5,-42.34],[-177.17,-42.46],[-176.71,-42.5],[-176.5,-42.6],[-175.94,-42.62],[-175.44,-42.55],[-175.29,-42.69],[-174.88,-42.6],[-173.71,-42.63],[-173.22,-42.18],[-172.94,-42.38],[-172.41,-42.16],[-172.35,-42.31],[-171.89,-42.25],[-170.59,-42.55],[-170.64,-43.04],[-171,-43.03],[-171.1,-42.84],[-171.54,-43.13],[-171.78,-42.88],[-172.01,-42.94],[-172.46,-43.32],[-172.81,-43.44],[-173.23,-43.95],[-174.29,-44.35],[-174.79,-44.66],[-175.22,-44.81],[-176.02,-44.84],[-176.41,-44.91],[-176.62,-45.15],[-177.13,-45.13],[-177.97,-45.03],[-178.43,-45.02],[-179.57,-45.1],[-180,-45],[-180,-47.06],[-179.54,-47.09],[-179.36,-47.25],[-178.72,-47.37],[-178.62,-47.57],[-178.92,-48.12],[-178.87,-48.4],[-179.02,-48.86],[-180,-49.42],[-180,-51],[-180,-53],[-180,-54.5],[-180,-56.5],[-180,-57.5],[-180,-59.5],[-180,-61.5],[-180,-62.5],[-180,-64],[-180,-65],[-180,-67.25],[-179.65,-67.4],[-179.85,-67.61],[-179.3,-67.7],[-179.34,-67.92],[-179.9,-68.17],[-180,-68.4],[-180,-70],[-180,-70.78],[-179.18,-70.65],[-178.51,-70.44],[-177.57,-70.76],[-177.38,-71.06],[-176.23,-71.5],[-175.42,-71.64],[-175.51,-71.85],[-174.6,-72.49],[-174.9,-72.83],[-175.51,-73.07],[-176.57,-73.25],[-176.4,-73.66],[-175.53,-74.24],[-175.92,-74.77],[-175.34,-74.88],[-174.26,-74.9],[-173.23,-74.81],[-172.75,-74.98],[-171.32,-75.08],[-170.91,-75.22],[-169.98,-75.19],[-169.39,-75.32],[-168.67,-75.7],[-167.56,-75.64],[-164.02,-75.77],[-161.81,-76.18],[-158.16,-76.22],[-156.03,-76.4],[-154.52,-76.19],[-152.71,-76.05],[-152.42,-75.86],[-151.27,-75.62],[-150.48,-75.6],[-148.66,-75.3],[-147.88,-75.32],[-145.42,-74.83],[-144.61,-74.71],[-144.77,-74.54],[-142.81,-74.38],[-142.32,-74.42],[-141.67,-74.23],[-140.55,-74.11],[-138.19,-73.94],[-138.18,-73.64],[-137.76,-73.53],[-137.04,-73.64],[-135.43,-73.71],[-133.58,-73.54],[-131.62,-73.1],[-130.46,-72.94],[-128.34,-72.84],[-127.65,-72.68],[-127.67,-72.48],[-126.73,-72.36],[-126.63,-72.08],[-126,-72.04],[-124.61,-72.36],[-123.58,-72.4],[-122.3,-72.07],[-121.48,-72.08],[-121.24,-71.75],[-120.77,-71.64],[-119.62,-71.64],[-118.73,-71.45],[-116.58,-71.2],[-115.7,-71.16],[-113.95,-71.23],[-111.21,-71.16],[-110.88,-71.09],[-107.45,-70.96],[-107.27,-70.91],[-104.51,-70.87],[-104.28,-70.8],[-102.34,-70.82],[-101.89,-71.04],[-99.54,-70.82],[-98.93,-70.66],[-97.34,-70.56],[-95.54,-70.36],[-95.36,-70.23],[-94.25,-70.18],[-93.14,-70.44],[-91.83,-70.54],[-90.19,-70.46],[-89.33,-70.34],[-88.13,-70.08],[-87.15,-69.73],[-84.91,-69.6],[-83.74,-69.68],[-82.42,-69.36],[-79.75,-69],[-77.47,-68.83],[-75.63,-68.2],[-74.35,-67.78],[-74.14,-67.52],[-73.13,-66.96],[-72.05,-66.62],[-70.35,-65.67],[-69.78,-65.52],[-68.46,-64.72],[-67.78,-64.37],[-66.99,-64.2],[-65.79,-63.61],[-65.01,-63.45],[-64.92,-63.28],[-63.17,-62.66],[-62.87,-62.43],[-62.17,-62.16],[-61.79,-62.16],[-61.32,-61.92],[-60.59,-61.8],[-61.01,-60.42],[-61.58,-58.57],[-62.14,-56.72],[-62.7,-54.87],[-63.48,-55.18],[-63.89,-55.2],[-64.99,-55.39],[-65.93,-55.59],[-65.96,-55.99],[-65.79,-56.11],[-66.54,-56.53],[-66.87,-56.85],[-67.36,-57],[-66.84,-57.14],[-66.54,-57.4],[-66.95,-57.46],[-67.42,-57.25],[-67.57,-57.06],[-67.92,-57.05],[-68.57,-56.81],[-70.64,-56.34],[-70.91,-56.19],[-70.88,-56.01],[-71.17,-55.64],[-72.06,-55.71],[-72.55,-55.45],[-72.96,-54.96],[-73.43,-54.97],[-74.27,-54.64],[-74.41,-54.41],[-74.1,-54.28],[-74.66,-53.56],[-75.13,-53.41],[-75.45,-53.52],[-75.78,-53.32],[-75.94,-53.09],[-75.84,-52.91],[-76.06,-52.18],[-76.2,-51.92],[-76.11,-51.69],[-76.36,-51.35],[-76.15,-51.19],[-76.46,-50.89],[-76.67,-50.14],[-76.88,-49.87],[-76.85,-49.69],[-76.47,-49.66],[-76.42,-49.37],[-76.71,-49.21],[-76.67,-48.45],[-76.38,-48.16],[-76.28,-47.71],[-75.98,-47.4],[-75.81,-46.86],[-75.92,-46.47],[-75.74,-46.27],[-75.82,-44.98],[-75.63,-44.26],[-75.67,-44.06],[-75.39,-43.4],[-75.32,-42.6],[-75.08,-41.83],[-75.07,-41.14],[-74.86,-40.83],[-74.81,-40.49],[-74.66,-40.13],[-76.64,-40.05],[-78.62,-39.98],[-80.61,-39.9],[-82.59,-39.82],[-84.58,-39.75],[-86.56,-39.67],[-88.55,-39.59],[-90.53,-39.52],[-92.51,-39.44],[-94.5,-39.36],[-96.48,-39.28],[-98.47,-39.21],[-100.45,-39.13],[-102.43,-39.05],[-104.42,-38.98],[-106.4,-38.9],[-108.39,-38.82],[-110.37,-38.75],[-112.36,-38.67],[-114.34,-38.59],[-116.32,-38.52],[-118.31,-38.44],[-120.29,-38.36],[-122.28,-38.28],[-124.26,-38.21],[-126.24,-38.13],[-128.23,-38.05],[-130.21,-37.98],[-132.2,-37.9],[-134.18,-37.82],[-136.17,-37.75],[-138.07,-37.2],[-139.03,-36.92],[-139.98,-36.64],[-140.46,-36.51],[-141.42,-36.23],[-141.89,-36.09],[-142.85,-35.82],[-143.32,-35.68],[-144.28,-35.4],[-145.71,-34.99],[-147.14,-34.58],[-148.1,-34.3],[-149.53,-33.89],[-150.96,-33.48],[-152.87,-32.92],[-154.78,-32.37],[-156.69,-31.82],[-158.59,-31.27],[-160.5,-30.72],[-162.41,-30.17],[-164.32,-29.62],[-166.23,-29.07],[-168.14,-28.52],[-169.57,-28.1],[-170.73,-28.99],[-172.27,-30.16],[-173.82,-31.34],[-175.36,-32.52],[-176.91,-33.69],[-178.45,-34.87],[-180,-36.05]],[[-172.22,-31.55],[-172.42,-31.36],[-172.18,-31.22],[-172.04,-31.49],[-172.22,-31.55]],[[-169.46,-37.48],[-169.38,-37.35],[-168.91,-37.56],[-169.06,-37.77],[-169.46,-37.48]],[[-168.21,-38.24],[-167.72,-38.2],[-167.57,-38.53],[-167.85,-38.7],[-168.19,-38.66],[-168.21,-38.24]],[[-167.65,-39.25],[-167.56,-39],[-167.29,-39],[-167.18,-39.27],[-167.65,-39.25]],[[-165.36,-40.56],[-164.95,-40.8],[-165.49,-40.84],[-165.36,-40.56]],[[-164.52,-41.16],[-164.23,-41.2],[-164.08,-41.44],[-164.42,-41.52],[-164.52,-41.16]],[[-97.61,-43.03],[-97.53,-43.37],[-97.11,-43.94],[-97.47,-43.84],[-97.81,-43.45],[-98.15,-43.45],[-98.11,-43.13],[-97.61,-43.03]],[[-172.3,-43.85],[-172.42,-43.94],[-172.85,-43.93],[-172.51,-43.66],[-172.3,-43.85]],[[-157.68,-45.64],[-157.89,-45.53],[-157.65,-45.23],[-157.32,-45.34],[-157.68,-45.64]],[[-113.9,-47.11],[-113.93,-46.98],[-113.36,-46.89],[-113.35,-47.07],[-113.9,-47.11]],[[-176.34,-49.4],[-176.09,-49.71],[-176.18,-50.27],[-176.62,-50.45],[-177,-50.44],[-177.3,-50.27],[-177.36,-50.07],[-177.26,-49.63],[-177.09,-49.47],[-176.34,-49.4]],[[-139.61,-54.24],[-140.38,-53.83],[-140.74,-53.71],[-140.92,-53.52],[-140.74,-53.35],[-139.9,-53.78],[-139.45,-54.16],[-139.61,-54.24]],[[-128.93,-54.94],[-128.14,-55.15],[-128.21,-55.24],[-129.08,-55],[-130.37,-54.73],[-130.34,-54.62],[-129.07,-54.86],[-128.93,-54.94]],[[-93.26,-64.99],[-92.84,-64.93],[-92.73,-65.2],[-93.14,-65.22],[-93.26,-64.99]],[[-90.74,-65.26],[-90.12,-65.31],[-90.2,-65.61],[-90.89,-65.69],[-90.74,-65.26]],[[-175.99,-65.4],[-175.08,-65.87],[-175.65,-65.88],[-175.99,-65.4]],[[-176.99,-66.63],[-176.02,-66.86],[-175.87,-67.1],[-177.26,-66.79],[-176.99,-66.63]],[[-90.58,-68.55],[-90.07,-68.76],[-90.23,-69],[-90.95,-68.95],[-91.05,-68.75],[-90.58,-68.55]],[[-119.26,-68.9],[-119.2,-69.53],[-119.74,-69.43],[-119.76,-69.14],[-119.26,-68.9]],[[-120.06,-69.61],[-120.74,-69.74],[-120.98,-69.54],[-121.81,-69.34],[-121.79,-69.07],[-121.39,-69.04],[-120.06,-69.61]],[[-124.3,-69.59],[-124.37,-69.77],[-125.14,-69.69],[-125.13,-69.51],[-124.3,-69.59]],[[-128.66,-69.91],[-129.63,-70.04],[-129.86,-69.77],[-128.77,-69.8],[-128.66,-69.91]]]},"properties":{"scalerank":0,"featurecla":"Bathymetry","depth":2000}},
{"type":"Feature","geometry":{"type":"Polygon","coordinates":[[[179.55,-44.74],[179.06,-44.83],[177.98,-44.9],[177.7,-45.01],[177.22,-45.04],[177.22,-45.29],[176.5,-45.89],[176.01,-46.04],[175.68,-46.22],[175.66,-46.42],[175.86,-46.78],[176.14,-46.8],[176.24,-47],[176.86,-46.99],[178.27,-47.04],[178.78,-46.93],[179.5,-46.94],[180,-47.06],[180,-46.65],[180,-46.24],[180,-45.83],[180,-45.41],[180,-45],[179.55,-44.74]]]},"properties":{"scalerank":0,"featurecla":"Bathymetry","depth":2000}},
{"type":"Feature","geometry":null,"properties":{"scalerank":0,"featurecla":"Bathymetry","depth":2000}},
{"type":"Feature","geometry":null,"properties":{"scalerank":0,"featurecla":"Bathymetry","depth":2000}},
{"type":"Feature","geometry":null,"properties":{"scalerank":0,"featurecla":"Bathymetry","depth":2000}},
{"type":"Feature","geometry":{"type":"Polygon","coordinates":[[[170.52,53.11],[170.12,53.1],[170.06,53.26],[169.41,53.62],[169.51,53.76],[168.87,53.91],[168.64,54.09],[168.22,54.05],[168.27,54.3],[167.17,54.24],[166.64,54.42],[166.02,54.94],[164.79,55.58],[164.78,55.71],[165.3,55.76],[167.16,55.27],[168.6,54.53],[170.05,53.83],[170.11,53.55],[170.4,53.45],[170.73,53.52],[171.15,53.28],[171.7,53.25],[172.26,53.14],[172.7,53.26],[173.33,53.15],[173.67,53.01],[175.04,52.68],[175.33,52.56],[175.87,52.58],[176.09,52.49],[176.96,52.38],[177.16,52.26],[177.67,52.46],[178.37,52.56],[178.95,52.49],[179.23,52.68],[179.21,52.85],[179.54,53.02],[179.81,52.99],[179.78,53.46],[179.59,53.74],[178.73,54.38],[177.82,54.76],[177.66,54.51],[176.84,54.6],[176.23,54.5],[175.99,54.6],[175.98,54.84],[176.7,55.14],[177.62,55.28],[179.09,55.02],[179.84,54.58],[180,54.38],[180,54.88],[180,55.37],[180,55.86],[180,56.35],[180,56.84],[180,57.34],[180,57.83],[180,58.32],[180,58.81],[180,59.3],[180,59.8],[180,60.29],[179.87,60.14],[179.25,60.36],[178.58,60.94],[178.15,61.18],[177.32,61.46],[176.97,61.16],[176.42,60.94],[175.54,60.83],[175.06,60.85],[174.62,60.75],[173.86,60.34],[172.76,60.29],[172.41,60.38],[171.84,60.11],[171.69,60.28],[170.92,59.76],[171.49,59.28],[171.81,58.47],[171.65,58.05],[171.87,57.84],[171.74,57.22],[171.48,57.04],[171.12,57.02],[170.8,56.85],[170.52,56.17],[170.01,56.64],[169.9,57.14],[169.54,57.41],[169.56,57.63],[170.02,57.81],[169.5,58.23],[169.83,58.72],[169.78,59.22],[169.65,59.37],[169.82,59.75],[169.39,59.87],[168.71,59.9],[167.51,59.74],[166.96,59.51],[167.22,59.38],[166.66,59.11],[165.75,58.98],[165.12,58.97],[164.51,58.57],[164.23,58.47],[163.85,57.55],[163.51,56.97],[163.72,56.56],[164.01,56.28],[163.79,56.09],[163.44,56.04],[163.34,55.66],[162.78,55.75],[162.32,55.34],[162.58,54.97],[162.34,54.03],[162.07,54.27],[161.66,54.24],[161.21,53.93],[160.8,53.76],[160.89,53.46],[160.48,53.46],[160.49,53.11],[160.89,52.89],[160.89,52.64],[160.42,52.51],[160.03,52.58],[159.7,52.45],[158.98,52.54],[158.95,52.06],[159.05,51.82],[158.95,51.53],[158.72,51.35],[158.78,51.11],[158.11,50.54],[158.01,50.33],[156.63,49.47],[156.22,49.25],[155.51,48.42],[155.01,48.11],[154.82,47.78],[154.15,47.15],[153.96,47.34],[153.99,47.62],[153.84,47.83],[154.15,47.97],[153.75,48.14],[153.67,47.98],[153.13,47.47],[153.14,47.25],[152.86,46.99],[152.74,46.72],[152.17,46.68],[151.94,46.46],[151.57,46.73],[151.61,46.96],[152.03,47.24],[151.86,47.41],[152.15,47.68],[152.54,47.57],[153.03,48.08],[153.07,48.45],[153.48,48.55],[153.31,49.07],[153.58,49.35],[153.74,49.13],[154.06,49.32],[154.15,49.56],[153.95,49.74],[153.12,49.34],[152.74,49.38],[152.41,49],[151.94,49],[151.42,48.87],[151.25,49.06],[150.48,48.7],[150.24,48.5],[149.93,48.48],[149.63,48.25],[149.28,48.12],[148.77,48.18],[148.31,48.01],[148,48.12],[147.24,48],[146.38,48],[145.72,47.83],[145.58,47.33],[144.74,47.45],[144.49,47.18],[144.14,47.1],[144.16,46.79],[144.03,46.52],[144.2,46.34],[144.28,45.93],[144.55,45.77],[144.91,45.71],[144.9,45.34],[145.13,45.02],[145.32,45],[145.36,44.65],[145.92,44.69],[146.15,44.9],[146.84,45.21],[147.32,45.18],[147.36,45.36],[147.67,45.42],[148.07,45.66],[148.16,45.87],[148.68,46.08],[149.1,45.88],[149.34,46.06],[150.14,46.45],[150.5,46.43],[150.71,46.55],[150.48,47.03],[150.86,46.87],[151.21,46.56],[151.01,46.18],[151.2,46.01],[151.82,46.13],[152.17,46.02],[152.21,45.85],[151.46,45.52],[150.89,45.35],[150.63,45.16],[150.16,45.03],[149.3,44.64],[147.79,43.67],[146.64,43.18],[146.14,42.98],[145.15,42.46],[144.9,42.44],[144.7,41.93],[144.25,41.68],[144.1,41.46],[143.71,41.45],[143.21,41.3],[143.22,41.17],[143.62,40.99],[143.46,40.42],[143.63,40.18],[143.6,39.92],[143.29,39.78],[143.25,39.29],[143.14,39.17],[143.26,38.83],[143.12,38.45],[143.2,38.24],[143.03,37.76],[142.79,37.64],[142.76,37.38],[142.61,37.2],[141.96,36.84],[141.73,36.54],[141.87,36.28],[141.62,36.1],[141.48,35.78],[141.82,35.62],[141.8,35.46],[141.02,34.99],[140.63,34.66],[140.31,34.77],[140.07,34.62],[140.13,34.42],[140.66,34.02],[140.71,33.74],[140.86,33.6],[140.97,33.05],[140.74,32.69],[140.52,32.5],[140.52,32.18],[140.32,31.84],[140.54,31.74],[140.59,31.39],[140.42,31.22],[140.42,30.94],[140.66,30.72],[140.87,30.33],[140.49,30.25],[140.18,29.96],[140.04,30.22],[139.79,30.08],[139.32,30.22],[139.04,30.06],[139.04,29.84],[138.58,29.91],[138.53,30.07],[139,30.37],[138.8,30.71],[138.39,30.76],[138.51,30.93],[139.01,31.17],[138.82,31.3],[138.97,31.67],[138.55,31.74],[138.64,32.06],[138.69,32.63],[138.79,32.79],[138.74,33.08],[138.56,33.24],[138.89,33.5],[138.92,33.7],[138.43,33.66],[138.68,34.19],[138.52,34.35],[138.31,34.09],[137.31,33.65],[137.14,33.4],[136.72,33.36],[136.24,33.18],[135.77,33.18],[135.61,33.07],[135.17,33],[135.06,32.89],[134.58,32.74],[134.44,32.58],[134.21,32.64],[134.15,32.37],[133.32,31.94],[133.08,31.96],[132.77,31.8],[132.6,31.82],[132.26,31.5],[132.39,31.16],[132.04,30.93],[131.92,30.66],[131.95,30.46],[131.63,30.39],[131.38,30.01],[131.02,29.76],[130.9,29.57],[130.45,29.1],[130.55,28.94],[130.58,28.3],[130.34,28.13],[130.23,27.83],[130,27.82],[129.76,27.5],[129.51,27.39],[129.31,27.11],[129.12,27.08],[128.69,26.59],[128.7,26.39],[128.47,26.09],[128.06,25.85],[127.51,25.71],[127.27,25.44],[127.2,24.89],[126.87,24.63],[126.81,24.46],[126.51,24.41],[126.5,24.15],[126.08,23.85],[125.69,23.85],[125.48,23.99],[125.33,23.9],[125.06,24.2],[124.32,24],[123.46,23.86],[122.98,23.93],[122.81,24.07],[122.43,24.11],[122.07,24.41],[121.77,23.88],[121.8,23.28],[121.59,22.94],[121.63,22.36],[121.8,21.91],[121.83,21.51],[121.63,21.03],[121.39,21.1],[121.39,21.4],[121.09,21.25],[121.15,20.75],[121.13,20.45],[120.96,20.41],[120.68,20.68],[120.46,21],[120.48,21.38],[120.31,21.65],[119.94,21.78],[119.64,22],[119.4,22.01],[118.89,21.83],[118.61,21.83],[118.45,21.53],[118.18,21.5],[118.27,21.19],[118.15,20.9],[118.12,20.44],[117.75,20.46],[117.56,20.1],[117.24,20.02],[117.15,19.89],[116.75,19.64],[116.29,19.65],[116.3,19.29],[115.97,19.56],[115.58,19.66],[115.27,19.57],[115.34,19.26],[115.1,19.06],[114.67,18.9],[114.4,18.91],[114.25,18.68],[113.75,18.38],[113.22,18.45],[112.52,18.24],[112.01,18.28],[111.88,18.08],[111.95,17.85],[112.13,17.86],[112.42,17.69],[112.65,17.86],[112.92,17.88],[113.27,18.19],[113.5,18.1],[113.7,17.86],[113.7,17.64],[113.25,17.45],[113.28,16.92],[113.55,16.96],[113.55,16.47],[113.26,16.34],[113.14,15.91],[112.94,15.91],[112.73,15.67],[112.73,15.4],[112.38,15.22],[112.5,14.78],[112.24,14.42],[112.19,14.21],[111.9,14.11],[111.67,14.44],[111.5,14.28],[111.34,14.35],[110.58,13.9],[110.17,13.77],[110.08,13.56],[110.11,13.32],[110.26,13.1],[110.56,12.97],[110.59,12.81],[110.28,12.54],[110.26,11.99],[110.52,11.61],[110.49,11.38],[110.86,11.19],[110.82,10.89],[110.67,10.76],[110.85,10.54],[110.81,10.15],[110.58,10.15],[110.34,9.9],[110.13,9.82],[109.94,9.34],[109.98,9.12],[110.41,8.84],[110.93,9.14],[111.02,9.12],[111.33,9.47],[111.51,9.46],[111.72,9.77],[111.98,9.76],[112.12,9.57],[112.55,9.84],[112.44,9.98],[112.79,10.21],[113.28,10.23],[113.11,9.84],[113.17,9.62],[112.9,9.44],[113.02,8.92],[113.22,8.93],[113.23,9.16],[113.53,9.51],[113.75,9.38],[114.02,9.62],[114,9.78],[113.68,10.1],[113.32,10.19],[113.53,10.59],[113.99,10.53],[113.94,10.92],[114.21,11.28],[114.17,11.42],[114.43,11.62],[115.02,11.61],[115.21,11.07],[115.03,10.76],[115.18,10.7],[115.37,10.7],[115.58,10.56],[115.78,10.9],[116.04,11.04],[115.89,11.27],[116.03,11.5],[116.03,11.73],[116.93,12.11],[117.22,12.1],[117.56,11.8],[117.66,11.5],[117.94,11.78],[118.24,11.8],[118.62,12.06],[118.59,12.43],[118.68,12.67],[118.94,12.85],[119.07,12.74],[119.33,12.09],[119.54,12.45],[119.32,12.55],[119.33,12.87],[119.77,12.96],[120.21,12.94],[120.43,12.98],[120.23,13.39],[120.19,13.61],[119.79,13.84],[120,14.06],[120,14.6],[119.85,14.84],[119.72,15.29],[119.74,15.5],[119.51,15.63],[119.33,16],[119.47,16.56],[119.38,16.89],[119.74,16.92],[119.88,17.16],[119.85,17.41],[120.12,17.82],[120.12,18.2],[120.52,18.77],[120.93,18.85],[121.02,19.03],[121,19.35],[121.34,19.61],[121.32,19.82],[121.49,19.95],[121.58,20.3],[121.49,20.53],[121.73,20.95],[121.83,21.3],[122.04,21.29],[122.11,21.12],[122.19,20.17],[122.3,19.92],[122.13,19.34],[122.4,19.03],[122.75,18.91],[122.67,18.52],[122.4,17.93],[122.42,17.64],[122.71,17.12],[122.68,16.83],[122.42,16.46],[122.39,16.24],[121.94,15.81],[122.19,15.76],[122.17,15.4],[121.87,15.54],[121.86,15.35],[123,15.14],[123.18,15.3],[123.51,15.4],[123.72,15.35],[123.82,15.17],[124.34,14.79],[124.32,14.47],[124.62,14.49],[124.58,14.28],[124.83,13.75],[125,13.5],[124.92,13.24],[124.76,13.13],[124.87,12.91],[125.27,12.82],[125.4,12.58],[125.74,12.14],[125.78,11.6],[126.13,10.67],[126.14,10.37],[126.38,9.79],[126.38,9.5],[126.68,8.61],[126.82,7.97],[126.84,7.56],[126.8,7.2],[126.46,6.7],[126.65,6.46],[126.53,6.26],[126.7,5.81],[126.75,5.32],[126.6,5.21],[126.45,5.69],[126.21,5.71],[126.13,6.16],[126,6.32],[125.7,5.73],[125.74,5.5],[126,5.05],[125.98,4.81],[126.09,4.52],[126.12,3.89],[126.02,3.65],[126.02,3.29],[125.88,2.84],[125.81,2.38],[125.52,2.02],[125.6,1.74],[125.42,1.03],[125.26,0.77],[124.61,0.26],[123.94,0.24],[123.82,0.17],[123.13,0.16],[122.88,0.1],[123.24,-0.15],[123.54,-0.26],[123.6,-0.46],[123.97,-0.85],[124.43,-0.87],[124.41,-1.2],[124.87,-1.44],[125.09,-1.41],[125.45,-1.57],[125.74,-1.56],[126.77,-1.68],[126.92,-1.5],[127.11,-1.49],[127.27,-1.15],[127.18,-0.91],[126.94,-0.79],[126.75,-0.05],[126.74,0.53],[126.94,0.64],[127.07,1.2],[127.2,1.32],[127.39,1.99],[127.7,2.46],[128.24,2.7],[128.34,2.88],[128.72,2.96],[128.83,2.84],[128.9,2.4],[129.17,2.02],[128.93,1.78],[128.99,1.18],[129.29,1.32],[129.6,1.18],[129.71,0.9],[130.06,0.91],[130.53,0.61],[130.68,0.71],[130.91,0.68],[131.11,0.94],[131.28,1.32],[131.45,1.2],[131.38,0.86],[131.45,0.6],[131.79,0.41],[131.32,0.14],[131.8,-0.44],[131.92,-0.21],[132.62,-0.17],[133.08,-0.29],[133.37,-0.3],[133.66,-0.57],[133.99,-0.53],[134.29,-0.68],[134.5,-0.65],[134.52,-0.24],[134.67,0.09],[134.89,0.21],[135.18,-0.1],[135.42,-0.13],[136.17,-0.62],[136.23,-0.46],[136.73,-0.61],[136.82,-0.79],[137.06,-0.79],[137.24,-0.91],[137.51,-0.82],[137.69,-1.06],[137.85,-0.96],[138.09,-1.2],[138.25,-1.15],[138.67,-1.23],[139.14,-1.66],[139.51,-1.87],[139.68,-1.82],[139.85,-1.96],[140.23,-2.06],[140.49,-2.26],[140.73,-2.3],[140.92,-2.11],[141.09,-2.32],[141.43,-2.52],[141.84,-2.64],[141.96,-2.74],[142.27,-2.74],[142.82,-2.98],[143.52,-3.02],[143.68,-2.84],[143.87,-2.86],[143.99,-3.04],[144.19,-3.04],[144.39,-3.2],[144.74,-3.32],[144.89,-3.22],[145.13,-3.29],[145.15,-3.46],[145.39,-3.93],[145.64,-4.13],[145.97,-4.02],[146.26,-3.73],[146.7,-3.84],[146.78,-3.4],[146.54,-3.41],[146.03,-3.15],[145.9,-2.87],[145.78,-2.85],[145.33,-3.22],[144.89,-3.02],[144.66,-3.07],[144.4,-2.94],[144.41,-2.56],[144.02,-2.57],[143.86,-2.64],[143.44,-2.62],[143.45,-2.46],[143.66,-2.22],[143.46,-1.9],[143.42,-1.61],[143.52,-1.39],[143.33,-1.24],[143.9,-1.13],[144.33,-0.9],[144.62,-0.82],[144.78,-0.97],[144.8,-1.17],[145.02,-1.22],[145.43,-1.17],[145.44,-1.41],[145.76,-1.63],[146.11,-1.33],[146.12,-1.1],[146.56,-0.89],[146.87,-1.08],[147.34,-1.1],[147.61,-1.02],[147.79,-0.74],[148.16,-0.86],[148.28,-1.04],[148.63,-1.16],[148.87,-0.91],[149.43,-0.88],[149.6,-1.06],[150.3,-1.34],[150.34,-1.48],[150.76,-1.52],[151.13,-1.77],[151.33,-1.73],[152.66,-0.41],[153.32,0.26],[154.65,1.58],[155.98,2.91],[157.63,1.88],[159.28,0.85],[160.93,-0.18],[161.76,-0.69],[163.41,-1.72],[164.39,-1.82],[166.34,-2.03],[168.29,-2.24],[170.24,-2.44],[172.19,-2.65],[174.15,-2.85],[176.1,-3.06],[178.05,-3.27],[180,-3.47],[180,-3.02],[180,-2.52],[180,-2.02],[180,-1.53],[180,-1.03],[180,-0.53],[180,-0.03],[180,0.47],[180,0.96],[180,1.46],[180,1.96],[180,2.46],[180,2.96],[180,3.45],[180,3.95],[180,4.45],[180,4.95],[180,5.45],[180,5.94],[180,6.44],[180,6.94],[180,7.44],[180,7.94],[180,8.43],[180,8.93],[180,9.43],[180,9.93],[180,10.43],[180,10.92],[180,11.42],[180,11.92],[180,12.42],[180,12.92],[180,13.41],[180,13.91],[180,14.41],[180,14.91],[180,15.41],[180,15.9],[180,16.4],[180,16.9],[180,17.4],[180,17.9],[180,18.39],[180,18.89],[180,19.39],[180,19.89],[180,20.39],[180,20.88],[180,21.38],[180,21.88],[180,22.38],[180,22.88],[180,23.37],[180,23.87],[180,24.37],[180,24.87],[180,25.37],[180,25.86],[180,26.36],[180,26.86],[180,27.36],[180,27.86],[180,28.36],[180,28.85],[180,29.35],[180,29.85],[180,30.35],[180,30.85],[180,31.34],[180,31.84],[180,32.34],[180,32.84],[180,33.34],[180,33.83],[180,34.33],[180,34.83],[180,35.33],[180,35.83],[180,36.32],[180,36.82],[180,37.32],[180,37.82],[180,38.32],[180,38.81],[180,39.31],[180,39.81],[180,40.31],[180,40.81],[180,41.3],[180,41.8],[180,42.3],[180,42.8],[180,43.3],[180,43.79],[180,44.29],[180,44.79],[180,45.29],[180,45.79],[180,46.28],[180,46.78],[180,47.28],[180,47.78],[180,48.28],[180,48.77],[180,49.27],[180,49.77],[180,50.27],[180,50.77],[180,51.26],[179.75,51.16],[179.09,51.08],[178.7,51.22],[177.87,51.32],[177.74,51.48],[176.92,51.61],[176.64,51.77],[176.24,51.78],[175.96,51.58],[175.58,51.5],[175.13,51.79],[174.84,51.77],[174.31,52.08],[173.86,52.01],[173.65,52.11],[172.9,52.21],[172.72,52.42],[172.41,52.44],[171.94,52.76],[171.48,52.68],[171.46,52.93],[171.06,52.81],[170.43,52.86],[170.52,53.11]],[[168.91,47.42],[168.93,47.72],[169.2,47.65],[168.91,47.42]],[[169.42,46.42],[169.61,46.37],[169.82,45.98],[169.06,45.88],[169.42,46.42]],[[169.89,45.78],[170.14,45.75],[170.16,45.45],[169.94,45.42],[169.89,45.78]],[[170.42,44.06],[169.75,44.74],[170.07,44.99],[170.53,44.69],[170.52,44.07],[170.42,44.06]],[[169.9,43.3],[169.87,43.43],[170.2,43.71],[170.39,43.59],[169.9,43.3]],[[170.13,42.65],[170.25,42.72],[170.8,42.43],[170.58,42.16],[170.36,42.08],[170.14,42.44],[170.13,42.65]],[[170.21,40.1],[170.39,40.59],[170.42,40.94],[170.29,41.41],[170.62,41.59],[171.04,41.3],[170.89,41.2],[170.76,40.82],[170.31,40.11],[170.21,40.1]],[[171.07,38.5],[171.02,38.76],[171.31,38.86],[171.29,38.57],[171.07,38.5]],[[170.8,38.36],[171.01,38.41],[171.15,37.93],[171,37.8],[170.68,37.94],[170.57,37.76],[170.33,37.73],[170.18,38.23],[170.59,38.16],[170.8,38.36]],[[171.35,36.95],[171.72,36.65],[171.62,36.51],[171.24,36.84],[171.35,36.95]],[[171.42,35.86],[171.65,35.92],[171.83,35.71],[172.25,35.42],[172.3,35.13],[172.2,34.87],[171.71,34.14],[171.54,34.75],[171.25,35.02],[171.18,35.24],[170.94,35.48],[170.9,35.76],[171.42,35.86]],[[179.25,34.05],[179.7,33.98],[179.64,33.82],[179.25,34.05]],[[172.17,32.87],[172.46,32.74],[172.42,32.52],[172.15,32.65],[172.17,32.87]],[[172.91,32.48],[173.35,32.07],[173.12,31.8],[172.83,32.14],[172.63,32.25],[172.91,32.48]],[[140.15,29.4],[139.87,29.25],[139.82,29.53],[140.15,29.4]],[[141.82,28.87],[142.03,28.75],[141.96,28.34],[142.18,28.34],[142.35,28.55],[142.58,28.09],[142.67,27.62],[142.59,27.42],[142.69,27.08],[142.54,26.85],[142.69,26.53],[142.52,26.11],[142.17,26.16],[142.01,26.4],[141.91,27.14],[142.01,27.58],[141.84,27.73],[141.82,28.87]],[[145.97,27.79],[145.61,27.82],[145.75,28.02],[145.97,27.79]],[[142.85,26.46],[143.05,26.56],[143.24,26.21],[143.06,26.11],[142.85,26.46]],[[144.99,26.29],[145.26,26.37],[145.48,26.17],[145.69,26.12],[145.81,25.86],[145.29,25.89],[144.99,26.29]],[[146.9,25.91],[147.06,26.02],[147.22,25.77],[146.86,25.73],[146.9,25.91]],[[147.53,25.75],[147.84,25.95],[148.19,25.73],[147.74,25.61],[147.53,25.75]],[[142.82,25.67],[142.72,25.36],[142.5,25.39],[142.63,25.67],[142.82,25.67]],[[143.62,25.27],[143.61,25.58],[143.87,25.5],[144.03,25.3],[143.77,25.2],[143.62,25.27]],[[142.13,21.93],[142.22,21.89],[142.2,21.6],[142.02,21.67],[141.98,21.93],[141.6,21.97],[141.56,22.14],[141.7,22.37],[141.67,22.92],[141.44,22.97],[141.03,23.32],[141.17,23.76],[141.07,24.38],[140.81,24.59],[140.95,25.27],[140.88,25.56],[141.17,25.75],[141.43,25.54],[141.43,25.03],[141.58,24.89],[141.69,24.45],[141.73,24.01],[142,23.76],[142.14,23.51],[141.91,23.35],[141.82,22.92],[141.94,22.61],[142.19,22.31],[142.13,21.93]],[[150.16,24.02],[149.94,24.1],[150.16,24.32],[150.32,24.2],[150.16,24.02]],[[159.2,23.85],[159.36,23.98],[159.55,23.74],[159.33,23.59],[159.2,23.85]],[[152.88,23.22],[152.85,23.42],[153.06,23.57],[153.3,23.32],[153.58,23.34],[153.63,22.89],[153.34,22.73],[153.26,23.08],[152.88,23.22]],[[143.4,22.09],[143.11,22.38],[142.95,22.37],[142.66,22.71],[142.46,23.23],[142.87,22.87],[142.9,22.73],[143.25,22.58],[143.47,22.18],[143.4,22.09]],[[175.24,22.15],[175.68,22.1],[175.58,21.82],[175.22,21.89],[175.24,22.15]],[[176.49,21.84],[176.56,21.64],[176.31,21.57],[176.27,21.79],[176.49,21.84]],[[159.7,21.53],[160.14,21.38],[159.94,21.19],[159.51,21.44],[159.7,21.53]],[[174.19,21.36],[174.42,21.41],[174.52,21.17],[174.32,21.07],[174.19,21.36]],[[176.06,21.09],[176.35,21.33],[176.69,21.34],[176.81,21.15],[176.43,20.95],[176.06,21.09]],[[177.61,20.98],[177.32,20.73],[177.13,21.02],[177.34,21.18],[177.61,20.98]],[[148.27,20.73],[148.32,20.4],[147.87,20.5],[147.84,20.66],[148.27,20.73]],[[160.93,20.66],[161.09,20.57],[160.97,20.25],[160.75,20.14],[160.59,20.28],[160.61,20.47],[160.93,20.66]],[[175.97,19.78],[176.27,19.78],[176.26,19.56],[175.96,19.65],[175.97,19.78]],[[171.17,19.27],[171.31,18.95],[171.73,18.52],[171.72,18.31],[171.53,18.08],[171.08,17.87],[171.06,18.05],[170.78,18.18],[170.69,18.35],[170.88,18.56],[171.13,18.59],[171.17,19.27]],[[178.09,18.04],[178.52,18.14],[178.75,17.95],[178.56,17.79],[178.1,17.8],[178.09,18.04]],[[172.78,17.97],[172.81,17.68],[172.59,17.68],[172.52,17.94],[172.78,17.97]],[[152.56,17.51],[152.84,17.57],[152.87,17.37],[152.63,17.29],[152.56,17.51]],[[162.89,17.14],[162.74,16.9],[162.56,17.04],[162.71,17.23],[162.89,17.14]],[[154.45,17.22],[154.47,16.78],[154.13,16.86],[154.15,17.14],[154.45,17.22]],[[152.25,17.22],[152.35,17.03],[152.27,16.81],[152.02,16.68],[151.86,16.76],[151.82,17.11],[151.94,17.23],[152.25,17.22]],[[146.26,16.03],[146.09,15.26],[145.96,15.1],[145.75,14.63],[145.37,13.94],[145.3,13.44],[144.79,13.01],[144.6,12.96],[144.58,12.76],[144.43,12.53],[144.25,12.72],[144.38,13.34],[144.62,13.65],[144.73,14.36],[145.05,14.49],[145.1,15.02],[145.37,15.21],[145.35,15.35],[145.58,15.5],[145.52,15.95],[145.61,16.25],[145.57,16.72],[145.65,17.05],[146.23,17.07],[146.28,16.66],[146.26,16.03]],[[162.91,16.01],[163.18,16.04],[163.2,15.7],[163.13,15.13],[162.84,15.25],[163.09,15.62],[162.91,16.01]],[[160.52,15.11],[160.72,14.82],[160.56,14.69],[160.27,14.92],[160.52,15.11]],[[168.79,14.76],[169.04,14.86],[169.17,14.76],[169.01,14.44],[168.73,14.49],[168.79,14.76]],[[167.41,14.38],[167.72,13.93],[167.57,13.68],[167.33,13.8],[167.24,14.01],[167.29,14.3],[167.41,14.38]],[[156.9,13.08],[157.1,12.89],[156.99,12.73],[156.53,12.87],[156.9,13.08]],[[163.91,13.73],[163.7,13.92],[163.94,14.08],[164.18,14],[163.91,13.73]],[[156.43,14.1],[156.09,14],[155.8,14.38],[155.92,14.46],[156.43,14.1]],[[165.78,14.29],[165.78,14.55],[166.05,14.47],[165.98,14.28],[165.78,14.29]],[[156.93,14.27],[156.57,14.15],[156.6,14.35],[156.87,14.44],[156.93,14.27]],[[152.04,15.41],[151.97,15.77],[152.25,15.75],[152.25,15.54],[152.04,15.41]],[[155.22,15.91],[155.51,15.85],[155.31,15.54],[155.1,15.5],[154.92,15.67],[155.22,15.91]],[[169.99,12.36],[170.3,12.3],[170.29,11.99],[170.15,11.91],[169.99,12.36]],[[167.12,11.98],[167.39,11.56],[167.72,11.47],[167.67,11.18],[167.38,11.14],[167.23,11.3],[167.03,11.06],[166.8,10.93],[166.21,11.05],[166.27,11.36],[166.49,11.4],[166.58,11.6],[166.91,11.65],[166.81,11.99],[167.12,11.98]],[[169.7,11.43],[169.93,11.42],[170.01,11.2],[169.82,10.95],[169.6,10.94],[169.36,11.27],[169.7,11.43]],[[160.45,10.86],[160.62,10.76],[160.68,10.52],[160.43,10.43],[160.36,10.78],[160.45,10.86]],[[169.91,10.71],[170.14,10.47],[170.13,10.2],[169.98,10.1],[169.74,10.33],[169.91,10.71]],[[169.07,10.19],[169.49,9.89],[169.59,9.71],[170.18,9.73],[170.41,9.44],[170.21,9.27],[170.26,9],[169.99,8.9],[169.54,9.34],[169.34,9.72],[169.12,9.71],[168.92,9.88],[168.91,10.15],[169.07,10.19]],[[171.09,9.02],[171.36,8.78],[171.27,8.09],[170.95,8.22],[170.98,8.52],[170.82,8.7],[170.76,8.98],[171.09,9.02]],[[169.01,7.9],[169.1,7.58],[168.96,7.2],[168.44,7.24],[168.38,7.68],[168.82,7.65],[169.01,7.9]],[[171.75,7.39],[171.82,7.22],[172.05,7.23],[172.08,7.05],[171.68,6.88],[171.01,7.03],[171.02,7.33],[171.48,7.22],[171.75,7.39]],[[158.43,7.12],[158.52,6.86],[158.31,6.61],[157.95,6.62],[157.8,6.76],[157.98,7.05],[158.25,7.17],[158.43,7.12]],[[149.52,6.58],[149.73,6.32],[149.93,6.29],[149.86,6.04],[149.95,5.85],[149.8,5.72],[149.47,5.96],[149.35,6.19],[149.28,6.59],[149,6.84],[148.78,7.25],[149.21,7.25],[148.63,7.56],[148.43,7.22],[148.25,7.2],[147.83,7.52],[147.86,7.2],[147.61,7.12],[147.23,7.52],[147.19,7.3],[147,7.1],[146.68,7.15],[146.45,7.28],[146.17,7.12],[145.54,7.29],[145.72,7.8],[146.04,7.87],[146.19,7.65],[146.62,7.66],[146.92,7.73],[147.05,7.88],[147.37,7.85],[147.48,8.05],[147.02,8],[146.22,7.97],[146.42,8.14],[146.98,8.3],[147.25,8.46],[147.59,8.38],[148.21,8.79],[148.65,8.89],[149.08,8.8],[149.14,8.46],[149.12,7.66],[149.36,7.89],[149.74,7.87],[149.83,7.65],[149.62,7.55],[149.57,7.13],[149.48,7.02],[149.52,6.58]],[[169.38,6.38],[169.53,6.43],[169.84,6.13],[169.87,5.99],[169.7,5.74],[169.55,5.73],[169.22,5.92],[169.38,6.38]],[[171.58,5.9],[171.55,6],[171.7,6.37],[172.14,6.34],[172.27,6.1],[172.27,5.88],[172.5,5.72],[172.53,5.53],[172.31,5.47],[172.05,5.88],[171.84,5.95],[171.58,5.9]],[[163.1,5.47],[163.16,5.22],[162.99,5.12],[162.8,5.2],[162.82,5.41],[163.1,5.47]],[[168.91,4.6],[168.73,4.45],[168.59,4.7],[168.76,4.82],[168.91,4.6]],[[172.47,4.48],[172.61,4.6],[173.13,4.4],[173.1,4.1],[172.94,4.06],[172.72,4.43],[172.47,4.48]],[[132.44,4.3],[132.37,3.98],[132.25,3.99],[132.24,4.45],[132.44,4.3]],[[128.2,3.98],[128.36,3.86],[128.4,3.65],[128.3,3.41],[127.85,3.5],[127.61,3.68],[127.54,4],[127.62,4.26],[127.46,4.33],[127.59,4.67],[127.8,4.58],[127.89,4.29],[128.05,4.32],[128.2,3.98]],[[172.91,3.61],[173.11,3.56],[173.13,3.15],[172.82,2.87],[172.72,2.89],[172.59,3.27],[172.91,3.61]],[[131.99,3.1],[131.87,2.7],[131.69,2.69],[131.65,2.91],[131.86,3.24],[131.99,3.1]],[[129.64,2.7],[129.71,2.34],[129.51,2.23],[129.42,2.4],[129.64,2.7]],[[127.04,2.97],[126.68,2.4],[126.61,2.01],[126.72,1.9],[126.62,1.69],[126.62,1.44],[126.38,1.2],[126.43,0.97],[126.3,0.6],[126.12,0.49],[126.02,0.14],[125.79,0.04],[125.98,0.8],[125.83,0.82],[125.71,0.31],[125.49,0.44],[125.36,0.67],[125.48,1.19],[125.58,1.28],[125.81,1.84],[125.98,2.8],[126.04,2.97],[126.56,3.47],[126.6,3.73],[126.48,4.18],[126.67,4.68],[126.64,5.03],[126.89,5.2],[127.06,5.18],[127.34,4.78],[127.34,4.18],[127.23,3.92],[127.06,3.77],[127.08,3.41],[127,3.23],[127.04,2.97]],[[126.58,0.53],[126.59,1.23],[126.7,1.42],[126.96,1.39],[126.78,0.77],[126.58,0.53]],[[153.7,5.09],[153.43,5.26],[153.26,5.64],[153.73,5.78],[154.03,5.47],[153.7,5.09]],[[148.96,5.43],[149.08,5.69],[149.32,5.64],[149.34,5.41],[148.96,5.43]],[[145.27,5.89],[145.31,6.08],[145.6,6.08],[145.49,5.71],[145.27,5.89]],[[144.89,5.93],[144.68,6.09],[144.73,6.29],[145.06,6.33],[144.89,5.93]],[[144.71,6.36],[144.38,6.15],[144.22,6.36],[144.62,6.45],[144.71,6.36]],[[141.61,6.22],[141.57,6.41],[141.88,6.48],[141.98,6.35],[141.61,6.22]],[[133.94,6.43],[133.76,6.48],[134.11,7.15],[134.09,7.52],[134.25,7.57],[134.49,8.22],[134.49,8.5],[134.68,8.79],[134.86,8.18],[134.73,7.3],[134.23,6.82],[133.94,6.43]],[[137.4,8.78],[137.63,8.9],[137.85,9.26],[137.88,9.46],[138.14,9.82],[138.38,9.96],[138.27,9.4],[137.99,9.16],[137.92,8.84],[137.71,8.62],[137.63,8.28],[137.46,8],[137.07,7.68],[136.98,7.79],[137.08,8.06],[137.34,8.2],[137.23,8.48],[137.4,8.78]],[[139.48,9.48],[139.37,9.61],[139.47,10.16],[139.61,10.44],[139.78,10.53],[140.11,9.97],[140.09,9.72],[139.75,9.53],[139.48,9.48]],[[140.31,9.68],[140.18,9.86],[140.04,10.49],[140.25,10.64],[140.31,10.41],[140.56,10.29],[140.85,9.83],[140.98,9.23],[140.53,9.25],[140.31,9.68]],[[162.64,10.46],[162.74,10.66],[163.06,10.24],[162.93,9.89],[162.57,10.13],[162.74,10.34],[162.64,10.46]],[[165.84,10.23],[166.13,10.22],[166.13,9.94],[165.9,9.99],[165.84,10.23]],[[162.17,10.36],[162.47,9.94],[162.42,9.86],[162,9.8],[162.09,10.07],[161.94,10.28],[162.17,10.36]],[[160.84,10.01],[161.23,9.82],[161.15,9.53],[160.67,9.82],[160.84,10.01]],[[167.46,9.5],[167.8,9.25],[167.98,9.22],[167.88,8.74],[167.71,8.61],[167.4,8.97],[167.09,9.07],[166.76,9.25],[166.84,9.47],[167.46,9.5]],[[152.52,8.67],[152.38,8.5],[151.73,8.31],[151.55,8.44],[151.27,8.45],[151.28,8.69],[151.9,8.75],[152.37,8.91],[152.52,8.67]],[[167.87,8.25],[168.3,8.23],[168.43,7.9],[168.38,7.72],[168.19,7.69],[167.87,8.25]],[[155.44,7.75],[155.6,7.46],[155.41,7.3],[155.22,7.32],[155.08,7.49],[155.12,7.7],[155.44,7.75]],[[152.01,7.73],[152.19,7.42],[152.19,7.06],[152.08,6.93],[151.65,7.02],[151.37,7.39],[151.58,7.66],[151.62,7.84],[152.01,7.73]],[[152.46,6.94],[152.62,7.15],[152.91,6.92],[152.82,6.68],[152.55,6.76],[152.46,6.94]],[[149.52,8.3],[149.37,8.38],[149.79,8.96],[150.18,9.14],[150.26,9.1],[150.6,8.59],[150.21,8.42],[149.75,8.43],[149.52,8.3]],[[142.01,8.94],[142.26,8.69],[142.23,8.47],[141.92,8.81],[141.32,8.82],[141.17,9.04],[141.32,9.23],[141.86,9.18],[142.01,8.94]],[[144.39,8.57],[144.56,8.82],[144.68,8.66],[144.39,8.57]],[[145.67,8.69],[145.94,8.52],[145.93,8.06],[145.61,8.07],[145.64,7.82],[145.34,7.92],[144.97,7.88],[144.87,7.45],[144.26,6.9],[143.78,7.2],[143.58,7.2],[143.45,7.36],[143.77,7.53],[143.97,7.53],[144.32,7.19],[144.35,7.42],[144.82,7.79],[144.82,8.27],[145.13,8.56],[145.67,8.69]],[[145.25,7.85],[145.32,7.58],[145.07,7.51],[145.01,7.66],[145.25,7.85]],[[144.7,6.94],[144.91,7.15],[145.06,6.92],[144.93,6.82],[144.7,6.94]],[[143.29,6.71],[143.3,6.55],[142.89,6.56],[142.78,6.41],[142.42,6.6],[142.56,6.77],[142.74,6.73],[143.09,6.85],[143.29,6.71]],[[141.84,7.39],[141.4,7.45],[141.38,7.64],[141.77,7.6],[141.84,7.39]],[[140.91,7.7],[140.52,7.94],[139.94,8.13],[139.53,8.36],[139.6,8.51],[140.15,8.26],[140.43,8.28],[140.91,7.7]],[[139.15,8.51],[138.93,8.39],[138.74,8.54],[138.87,8.78],[139.15,8.51]],[[142.56,8.42],[142.58,8.52],[142.95,8.55],[143.12,8.33],[143.07,8.09],[142.56,8.42]],[[142.97,7.9],[142.64,7.77],[142.35,8.13],[142.27,8.33],[142.51,8.4],[142.65,8.04],[142.96,8.06],[142.97,7.9]],[[141.98,9.29],[141.74,9.43],[141.5,9.4],[141.05,9.59],[141.55,9.65],[142.1,9.41],[141.98,9.29]],[[148.22,9.6],[148.15,9.86],[148.47,9.9],[148.51,9.69],[148.22,9.6]],[[160.52,9.61],[160.3,9.75],[160.44,9.96],[160.69,9.69],[160.52,9.61]],[[148,9.32],[148.25,9.39],[148.4,9.08],[148.08,8.94],[147.88,9.03],[148,9.32]],[[165.56,9.36],[165.8,9.19],[165.93,8.96],[165.82,8.82],[165.5,9],[165.42,9.2],[165.56,9.36]],[[153.29,5.77],[153.05,5.76],[153.02,5.97],[153.3,5.99],[153.29,5.77]],[[157.32,6.03],[157.55,6.21],[157.5,5.74],[157.35,5.66],[157.08,5.74],[157.09,5.98],[157.32,6.03]],[[167.92,5.69],[167.98,5.86],[168.21,5.77],[168.23,5.51],[168.03,5.51],[167.92,5.69]],[[141.74,3.38],[142.01,3.45],[141.98,3.14],[141.74,3.38]],[[138.55,10.97],[138.44,11.24],[138.71,11.37],[138.69,11.03],[138.55,10.97]],[[156.52,11.44],[156.5,11.67],[156.65,11.78],[156.79,11.43],[156.52,11.44]],[[161.49,11.66],[161.33,11.9],[161.46,12.07],[161.64,11.8],[162.17,11.86],[162.43,11.71],[162.51,11.48],[162.41,11.08],[162.12,11.18],[161.84,11.62],[161.49,11.66]],[[141.5,12.59],[141.67,12.84],[141.87,12.68],[141.5,12.59]],[[168.74,12.08],[168.95,12.35],[169.06,12.1],[168.74,12.08]],[[165.15,11.92],[165.63,11.77],[165.72,11.45],[165.27,11.41],[165,11.71],[164.8,11.72],[164.65,12.02],[164.73,12.21],[165.03,12.08],[165.15,11.92]],[[142.67,13.74],[142.78,14.48],[143.11,14.43],[142.67,13.74]],[[143.43,17.07],[143.32,16.82],[143.13,16.83],[143.16,17.11],[143.43,17.07]],[[145.76,17.22],[145.81,17.44],[146.25,17.31],[146.08,17.14],[145.76,17.22]],[[143.21,17.64],[143.14,17.95],[142.97,17.95],[142.9,18.17],[143.16,18.62],[143.35,18.53],[143.26,18.31],[143.36,17.77],[143.21,17.64]],[[150.93,18.06],[151.17,18.12],[151.26,17.84],[150.94,17.61],[150.66,17.57],[150.48,17.33],[150.28,17.42],[150.48,17.66],[150.51,17.96],[150.79,17.91],[150.93,18.06]],[[145.69,17.97],[145.66,18.24],[145.98,18.18],[145.92,18.02],[145.69,17.97]],[[149.98,17.21],[150.11,16.88],[149.82,16.9],[149.98,17.21]],[[150.46,16.92],[150.53,17.16],[150.85,17.06],[150.82,16.88],[150.46,16.92]],[[145.84,18.75],[145.58,18.69],[145.55,18.91],[145.74,18.97],[145.84,18.75]],[[143.33,18.96],[143.1,18.72],[142.87,19.4],[142.99,19.53],[143.25,19.26],[143.33,18.96]],[[142.68,19.55],[142.59,19.65],[142.78,19.87],[142.75,20.11],[142.38,20.29],[142.6,21.01],[142.94,20.45],[143.04,19.86],[142.68,19.55]],[[144.65,20.56],[144.42,20.73],[144.48,21.11],[144.8,20.83],[144.65,20.56]],[[144.75,21.18],[144.9,21.34],[145.2,21.15],[145.31,20.8],[145.06,20.38],[144.75,20.57],[144.91,20.94],[144.75,21.18]],[[174.83,21.81],[175.07,21.93],[175.22,21.7],[174.91,21.6],[174.83,21.81]],[[154.61,21.24],[154.85,21.32],[155.06,21.14],[155.09,20.92],[154.61,21.12],[154.61,21.24]],[[158.23,21.07],[158.39,21.28],[158.6,21.19],[158.51,21],[158.23,21.07]],[[149.49,20.27],[149.77,20.42],[149.82,20.14],[149.49,20.27]],[[156.37,20.33],[156.63,20.47],[156.7,20.14],[156.53,20.08],[156.37,20.33]],[[163.32,20.11],[162.94,20.29],[163.01,20.42],[163.44,20.42],[163.48,20.12],[163.32,20.11]],[[167.5,19.51],[167.63,19.36],[167.47,19.2],[167.28,19.38],[167.5,19.51]],[[165.14,19.25],[164.95,18.98],[164.73,19.23],[164.76,19.46],[165.05,19.47],[165.14,19.25]],[[149.21,19.46],[149.04,19.61],[148.49,19.78],[149.03,20.01],[149.21,19.85],[149.34,19.54],[149.21,19.46]],[[145.29,19.9],[144.99,20.13],[145,20.26],[145.45,20.44],[145.65,20.1],[145.29,19.9]],[[150.02,20.1],[150.33,20.13],[150.34,19.85],[150.14,19.86],[150.02,20.1]],[[160,19.74],[160.37,19.83],[160.53,19.52],[160.01,19.6],[160,19.74]],[[162,19.51],[162.11,19.79],[162.31,19.79],[162.47,19.56],[162,19.51]],[[134.88,22.96],[134.43,22.96],[134.44,23.1],[134.88,22.96]],[[131.57,24.47],[131.41,24.4],[131.06,24.46],[131.12,24.64],[131.45,24.67],[131.57,24.47]],[[133.32,25.31],[132.85,25.33],[132.59,25.5],[131.73,25.58],[131.69,25.7],[131.15,25.77],[131.1,26.16],[131.36,26.07],[131.71,26.09],[131.84,25.86],[132.36,25.75],[132.58,25.78],[132.73,25.61],[133.27,25.51],[133.32,25.31]],[[140.76,26.02],[140.71,26.23],[140.82,26.42],[141.06,26.43],[141.27,26.16],[140.95,25.87],[140.76,26.02]],[[144.05,25.87],[143.93,26.06],[144.11,26.27],[144.3,26.26],[144.41,26.03],[144.05,25.87]],[[141.08,26.9],[141.2,26.66],[140.99,26.51],[140.74,26.71],[141.08,26.9]],[[135.67,26.71],[135.35,26.69],[135.37,26.93],[135.67,26.71]],[[140.82,27.11],[140.69,27.37],[140.96,27.39],[141.03,27.16],[140.82,27.11]],[[120.9,20.4],[121.15,20.21],[121.17,19.8],[120.97,19.55],[120.74,19.48],[120.72,19.73],[120.86,19.89],[120.78,20.29],[120.9,20.4]],[[114.45,16.45],[114.72,16.48],[115.15,16.25],[114.8,15.65],[114.48,15.53],[114.35,15.35],[113.98,15.36],[113.56,15.53],[113.61,15.75],[113.88,16.25],[114.45,16.45]],[[117.86,15.32],[117.97,15.08],[117.76,15.02],[117.6,15.18],[117.86,15.32]],[[112.76,14.43],[112.71,13.98],[112.82,13.65],[112.67,13.26],[112.31,13.25],[112,13.54],[112.6,14.1],[112.76,14.43]],[[125.87,-0.4],[126.13,-0.63],[126.12,-0.99],[125.86,-1.22],[125.47,-1.25],[125.54,-0.7],[125.87,-0.4]],[[124.59,-0.42],[124.62,-0.59],[124.37,-0.76],[124.3,-0.54],[124.59,-0.42]],[[134.21,0.89],[134.29,1.07],[134.52,1.07],[134.42,0.68],[134.21,0.89]],[[145.7,-0.57],[145.98,-0.53],[145.92,-0.76],[145.72,-0.78],[145.62,-1.07],[145.31,-0.9],[145.02,-0.93],[145.1,-0.65],[145.7,-0.57]],[[145.31,-3.46],[145.23,-3.33],[145.51,-3.19],[145.7,-3.38],[145.31,-3.46]],[[172.93,2.11],[173.16,1.89],[173.13,1.61],[173.29,1.44],[173.14,1.19],[173.16,0.79],[172.89,0.77],[172.8,0.9],[172.9,1.17],[172.79,1.4],[172.7,1.95],[172.93,2.11]],[[173.71,0.46],[173.98,0.57],[174.08,0.33],[173.78,0.26],[173.71,0.46]],[[173.69,0.33],[173.64,0.02],[173.34,0.1],[173.27,0.41],[173.69,0.33]],[[174.06,-0.71],[174.14,-0.43],[174.54,-0.54],[174.62,-0.87],[175.14,-1.35],[175.18,-1.61],[174.81,-1.61],[174.5,-1.01],[174.06,-0.71]],[[176,-1.45],[175.82,-1.31],[176,-1.14],[176.19,-1.38],[176,-1.45]],[[175.56,-2.08],[175.42,-1.81],[175.57,-1.69],[175.71,-1.95],[175.56,-2.08]]]},"properties":{"scalerank":0,"featurecla":"Bathymetry","depth":2000}},
{"type":"Feature","geometry":null,"properties":{"scalerank":0,"featurecla":"Bathymetry","depth":2000}},
{"type":"Feature","geometry":{"type":"Polygon","coordinates":[[[133.92,-64.46],[134.35,-64.46],[135.07,-64.61],[135.68,-64.81],[136.04,-64.73],[136.7,-64.97],[137.49,-65.01],[137.86,-65.23],[138.41,-65.06],[138.86,-65.25],[139.63,-65.4],[140.2,-65.42],[140.27,-65.25],[142.26,-65.43],[142.95,-65.68],[143.87,-65.62],[144.5,-65.8],[147.23,-65.8],[149.04,-65.81],[150,-65.69],[151.32,-65.78],[152.19,-65.77],[152.04,-66.17],[152.64,-66.43],[154.9,-66.43],[156.48,-66.79],[156.98,-66.98],[157.73,-67.54],[158.26,-67.71],[158.56,-68.04],[158.96,-67.96],[160.36,-68.22],[161.45,-68.73],[162.43,-68.82],[162.98,-69.12],[163.34,-69.07],[165.21,-69.29],[166.18,-69.6],[166.72,-69.64],[166.87,-69.96],[168.01,-70.11],[168.46,-70.3],[169.71,-70.31],[169.67,-70.57],[170.57,-70.7],[170.87,-70.94],[171.54,-71.12],[172.25,-71.17],[172.93,-71.51],[173.99,-71.52],[173.94,-71.68],[174.81,-71.8],[175.84,-71.77],[175.92,-71.58],[177.26,-71.42],[178.8,-71.47],[178.85,-71.76],[177.79,-72.01],[177.49,-72.33],[178.85,-72.28],[179.57,-72.32],[180,-72.17],[180,-71.71],[179.59,-71.18],[179.07,-71.16],[178.82,-70.88],[178.96,-70.64],[180,-70.78],[180,-70.3],[180,-69.83],[180,-69.35],[180,-68.88],[180,-68.4],[180,-68.23],[180,-68.16],[179.77,-67.89],[180,-67.73],[180,-67.63],[180,-67.25],[180,-66.75],[180,-66.26],[180,-65.76],[180,-65.27],[180,-64.77],[180,-64.28],[180,-63.78],[180,-63.29],[180,-62.79],[180,-62.29],[180,-61.8],[180,-61.3],[180,-60.81],[180,-60.31],[180,-59.82],[180,-59.32],[180,-58.83],[180,-58.33],[180,-57.84],[180,-57.34],[180,-56.85],[180,-56.35],[180,-55.86],[180,-55.36],[180,-54.86],[180,-54.37],[180,-53.87],[180,-53.38],[180,-52.88],[180,-52.39],[180,-51.89],[180,-51.4],[180,-50.9],[180,-50.41],[180,-49.91],[180,-49.42],[179.33,-49.78],[178.75,-49.85],[177.65,-50.19],[177.13,-50.18],[176.69,-50.28],[176.32,-50.11],[176.04,-50.54],[175.78,-50.66],[175.89,-50.92],[175.81,-51.27],[175.4,-51.65],[174.5,-52.22],[174.47,-52.4],[174.07,-52.73],[174.27,-52.95],[173.88,-53.42],[173.4,-53.64],[173.11,-53.66],[172.42,-53.98],[172.08,-54.02],[171.46,-54.28],[171.04,-54.31],[170.96,-54.5],[170.59,-54.7],[170.09,-54.82],[169.53,-55.08],[168.96,-55.09],[168.57,-55.2],[168.5,-55.39],[167.09,-55.42],[166.65,-55.67],[165.89,-55.47],[165.61,-55.62],[165.32,-55.45],[166.01,-55.03],[165.75,-54.86],[164.49,-54.72],[164.39,-54.24],[164.72,-53.91],[164.71,-53.64],[165.11,-53.48],[165.22,-53.3],[165.34,-52.13],[165.48,-51.79],[165.27,-51.25],[165.56,-51.02],[165.68,-50.36],[165.8,-50.32],[165.86,-49.77],[165.73,-49.44],[166.14,-49.14],[165.97,-48.9],[165.96,-48.56],[166.15,-48.15],[166.13,-47.87],[166.3,-47.72],[166.44,-47.31],[166.25,-47.09],[165.98,-47.28],[165.11,-47.28],[165.15,-46.91],[165.35,-46.59],[165.58,-46.46],[165.95,-45.85],[166.52,-45.45],[166.8,-44.96],[167.42,-44.6],[167.6,-44.32],[168.05,-43.98],[167.62,-44.02],[167.59,-43.82],[167.78,-43.65],[167.41,-43.23],[167.45,-42.67],[167.64,-42.45],[167.4,-42.24],[167.77,-42.06],[167.32,-41.71],[166.96,-41.51],[166.73,-41.23],[166.82,-41.05],[166.7,-40.69],[166.82,-40.25],[166.75,-39.77],[166.92,-39.2],[166.63,-38.56],[166.66,-38.09],[166.55,-37.85],[166.34,-37.76],[166.06,-37.94],[166.03,-38.26],[165.59,-38.22],[165.42,-38.46],[165.55,-39],[165.47,-39.16],[165.04,-39.1],[164.82,-38.9],[164.84,-38.63],[164.57,-38.44],[164.5,-38.26],[163.87,-37.99],[163.58,-37.74],[163.51,-37.28],[163.57,-37.13],[163.91,-36.89],[163.92,-36.3],[163.42,-36.1],[163.41,-35.95],[163.07,-35.82],[162.85,-35.51],[162.21,-35.34],[161.9,-34.6],[161.43,-34.47],[161.2,-34.01],[160.73,-33.58],[160.31,-33.96],[159.99,-33.48],[159.99,-33.28],[159.79,-33.08],[160,-32.55],[159.56,-31.8],[159.36,-31.96],[159.11,-31.87],[158.9,-31.62],[158.91,-31.42],[159.39,-31.12],[159.59,-30.74],[159.44,-30.52],[159.5,-30.26],[159.98,-29.88],[160.12,-29.6],[160.27,-29.04],[160.4,-28.89],[160.61,-28.95],[160.61,-28.6],[160.42,-28.4],[160.54,-27.97],[160.81,-27.69],[160.61,-27.64],[160.68,-27.38],[160.42,-27.1],[160.45,-26.79],[160.27,-26.51],[160.29,-26.29],[160.07,-26.19],[159.9,-25.89],[159.88,-25.68],[159.43,-25.82],[159.2,-25.47],[159.38,-24.88],[159.36,-24.58],[159.78,-24.47],[160.12,-24.15],[160.36,-24.17],[160.28,-23.87],[160.54,-23.86],[160.4,-23.59],[160.09,-23.42],[159.72,-23.47],[159.54,-23.58],[159.25,-22.93],[159.02,-22.57],[158.97,-22.16],[159.23,-22.02],[159.28,-21.86],[159.1,-21.67],[158.81,-21.58],[158.42,-21.79],[157.98,-21.89],[157.45,-22.14],[157.5,-22.36],[157.13,-22.44],[156.89,-22.63],[156.9,-22.81],[156.48,-22.98],[156.23,-22.65],[156.03,-22.64],[155.8,-22.44],[155.88,-22.04],[156.09,-22.02],[155.86,-21.46],[155.57,-21.33],[155.56,-20.83],[156.08,-20.47],[156.05,-20.78],[155.93,-20.92],[156.05,-21.36],[156.23,-21.27],[156.54,-21.33],[156.83,-21.26],[157.09,-21.33],[157.11,-21.09],[156.55,-21.19],[156.6,-20.94],[156.78,-20.79],[156.75,-20.43],[157.01,-20.3],[157.44,-20.18],[157.95,-20.17],[157.94,-20.41],[157.63,-20.48],[157.63,-20.85],[158.26,-20.62],[158.44,-20.3],[158.15,-19.95],[158.09,-19.48],[158.34,-18.93],[158.48,-18.5],[158.94,-17.86],[159,-18.25],[158.96,-18.73],[159.27,-19.15],[159.28,-19.95],[159.19,-20.18],[159.49,-20.47],[159.77,-20.97],[159.84,-21.48],[159.75,-21.93],[159.56,-22.04],[159.62,-22.44],[159.51,-22.89],[159.75,-23],[159.88,-23.21],[160.44,-23.19],[160.61,-23.01],[160.66,-22.56],[160.4,-22.49],[160.39,-22.31],[160.55,-21.96],[160.47,-21.55],[160.25,-21.25],[160.28,-21.01],[160.1,-20.77],[159.85,-20.61],[159.84,-19.92],[159.97,-19.77],[160.2,-19.73],[160.41,-19.89],[160.78,-20],[161.04,-19.73],[161.41,-19.96],[162.22,-20.84],[162.52,-20.98],[162.51,-21.13],[163.23,-21.72],[163.61,-22.15],[163.59,-22.41],[163.29,-22.67],[163.06,-22.56],[162.91,-22.37],[162.45,-22.43],[162.32,-22.61],[162.43,-22.81],[162.41,-23.05],[162.55,-23.52],[162.79,-23.74],[162.82,-23.88],[163.31,-24.36],[163.35,-24.74],[163.46,-25.07],[163.81,-25.59],[163.94,-25.87],[163.94,-26.35],[164.14,-26.83],[164.01,-27.27],[163.89,-27.42],[163.77,-27.99],[163.95,-28.19],[164.02,-28.46],[163.96,-29.06],[163.77,-29.13],[163.99,-29.85],[164.13,-30.68],[163.72,-31.79],[163.83,-32.19],[163.78,-32.46],[163.86,-32.97],[164.06,-33.1],[164.33,-33.67],[164.74,-33.94],[165.31,-34.54],[165.8,-34.76],[166.27,-35.18],[166.51,-35.57],[166.93,-36.03],[167.23,-36.19],[167.9,-36.36],[168.46,-36.67],[168.79,-36.69],[169.7,-37.01],[169.76,-37.16],[170.23,-37.37],[170.37,-37.17],[170.34,-36.96],[170.79,-36.81],[171.04,-36.93],[171.22,-36.82],[171.07,-36.6],[171.07,-36.29],[170.93,-35.71],[170.71,-35.9],[170.54,-35.84],[170.17,-35.94],[169.47,-35.65],[168.72,-35.14],[168.46,-35.09],[167.93,-34.72],[167.47,-34.76],[167.15,-34.34],[166.69,-33.51],[166.51,-33.07],[166.46,-32.74],[166.13,-32.47],[166.14,-31.77],[166.4,-31.72],[166.59,-31.13],[166.93,-31.12],[167.18,-31.25],[167.28,-31.46],[167.63,-31.68],[167.72,-31.51],[167.71,-31.2],[167.22,-30.47],[167.29,-30.08],[167.6,-29.89],[167.66,-29.19],[167.41,-28.93],[167.23,-28.87],[167.13,-28.4],[167.24,-28.06],[167.21,-27.48],[167.04,-27.26],[167.09,-27.01],[167.28,-26.7],[167.02,-26.62],[166.9,-26.39],[167.13,-26.21],[166.86,-25.97],[166.99,-25.58],[167.21,-25.48],[167.11,-25.13],[167.13,-24.77],[167.04,-24.39],[166.84,-24.16],[167.04,-23.9],[166.53,-23.47],[166.58,-23.34],[166.27,-23.04],[166.41,-22.84],[166.29,-22.58],[165.84,-22.14],[164.72,-21.38],[164.17,-20.88],[163.68,-20.21],[163.32,-19.84],[163.16,-19.59],[162.86,-18.91],[162.86,-18.69],[162.7,-18.58],[162.63,-18.24],[162.81,-17.75],[162.95,-17.7],[163.2,-17.83],[163.47,-18.13],[163.49,-18.5],[163.68,-18.69],[163.75,-18.92],[164.05,-19.35],[164.33,-19.62],[164.53,-19.93],[165.14,-20.38],[165.53,-20.52],[166.04,-21.11],[167.36,-21.99],[167.54,-22.08],[168.17,-22.66],[168.43,-22.63],[168.27,-22.27],[167.84,-21.99],[167.51,-21.71],[167.35,-21.36],[167.01,-21.16],[166.61,-21.05],[166.47,-20.86],[166.26,-20.9],[166.21,-20.71],[165.93,-20.39],[165.77,-19.98],[165.51,-19.98],[165.32,-19.59],[165.31,-19.33],[165.69,-19.17],[165.64,-19.46],[165.96,-19.68],[166.39,-19.81],[166.39,-20.01],[166.61,-20.09],[166.82,-20.29],[167.17,-20.36],[167.2,-20.51],[167.45,-20.71],[167.82,-20.84],[168.19,-21.22],[168.73,-21.42],[168.95,-21.89],[169.29,-22.16],[169.33,-22.46],[169.26,-22.71],[169.6,-22.79],[169.57,-23.1],[169.7,-23.4],[169.7,-23.61],[169.97,-23.63],[170.08,-24],[169.9,-24.17],[169.19,-24.28],[169.26,-24.62],[168.91,-24.61],[168.86,-24.12],[168.55,-24.22],[168.59,-24.51],[168.79,-24.59],[168.82,-24.92],[169.03,-25.13],[169.13,-25.66],[168.86,-25.68],[169.03,-26.11],[168.9,-26.15],[168.57,-25.71],[168.13,-25.84],[167.93,-25.8],[168.02,-26.5],[168.02,-26.97],[167.89,-27.11],[167.85,-27.55],[168,-27.84],[168.06,-28.34],[168.28,-28.68],[168.26,-28.86],[168.43,-29.2],[168.68,-29.29],[168.74,-29.57],[168.64,-29.75],[168.31,-29.93],[168.15,-30.36],[168.07,-30.84],[168.11,-31.43],[168.52,-32.06],[168.48,-32.25],[168.75,-32.46],[168.96,-32.9],[168.77,-33.27],[169.01,-33.25],[169.16,-33.42],[168.97,-33.71],[169.17,-34.09],[169.25,-34.43],[169.8,-34.5],[170.26,-34.76],[170.21,-34.44],[169.88,-34.44],[169.67,-34.33],[169.84,-33.77],[169.51,-33.34],[169.45,-33.06],[169.18,-32.84],[169.27,-32.66],[169.7,-32.94],[170.26,-33.12],[170.47,-33.34],[170.91,-33.09],[171.16,-33.29],[171.39,-33.22],[171.8,-33.55],[171.84,-33.34],[172.18,-33.05],[172.44,-32.98],[172.83,-33.16],[172.83,-33.46],[173.09,-33.88],[173.5,-34.03],[173.93,-33.96],[173.81,-33.61],[174.22,-33.62],[174.74,-33.91],[175.2,-34.04],[175.27,-34.22],[175.74,-34.22],[175.96,-34.52],[175.84,-34.77],[176.25,-34.99],[176.33,-35.13],[176.19,-35.47],[176.58,-35.66],[176.71,-36],[177.09,-36.3],[177.11,-36.6],[177.5,-36.65],[177.62,-36.9],[178.03,-36.98],[178.52,-37.27],[178.66,-37.01],[178.99,-36.87],[179.45,-37.15],[179.69,-37.03],[179.78,-37.25],[179.59,-37.72],[179.22,-38.03],[178.92,-38.72],[178.87,-39.07],[178.54,-39.19],[178.54,-39.94],[178.18,-40.2],[177.98,-40.22],[177.7,-40.64],[177.38,-40.93],[177.27,-41.22],[176.96,-41.34],[176.43,-41.69],[176.23,-41.59],[175.99,-41.71],[175.17,-41.9],[174.74,-42.12],[174.77,-42.48],[175.4,-42.46],[176.09,-42.36],[177.24,-42.46],[177.46,-42.53],[178.03,-42.45],[178.61,-42.56],[179.27,-42.46],[179.69,-42.52],[180,-42.46],[180,-41.96],[180,-41.47],[180,-40.97],[180,-40.48],[180,-39.99],[180,-39.49],[180,-39],[180,-38.5],[180,-38.01],[180,-37.51],[180,-37.02],[180,-36.53],[180,-36.03],[180,-35.54],[180,-35.04],[180,-34.55],[180,-34.06],[179.7,-34.74],[179.52,-34.85],[179.42,-35.09],[179.2,-35.25],[179.17,-35.42],[178.92,-35.7],[178.85,-35.13],[179.06,-34.8],[179.33,-34.78],[179.55,-34.38],[180,-33.72],[180,-33.22],[180,-32.73],[180,-32.23],[180,-31.74],[180,-31.24],[180,-30.74],[179.96,-30.93],[179.74,-31.06],[179.65,-31.45],[179.28,-31.58],[179.28,-31.12],[179.45,-30.97],[179.54,-30.45],[179.68,-30.3],[179.47,-29.93],[179.54,-29.74],[179.83,-29.5],[179.83,-29.24],[180,-28.7],[180,-28.28],[180,-27.86],[180,-27.58],[180,-27.09],[180,-26.6],[180,-26.11],[180,-25.62],[180,-25.14],[180,-24.65],[180,-24.16],[180,-23.67],[180,-23.18],[180,-22.7],[180,-22.21],[180,-21.72],[180,-21.23],[180,-20.74],[180,-20.26],[180,-19.77],[180,-19.28],[180,-18.79],[179.81,-18.76],[179.7,-18.56],[179.8,-18.44],[180,-18.41],[180,-18.22],[179.78,-18.12],[180,-17.9],[180,-17.64],[180,-17.38],[179.91,-17.18],[179.67,-17.1],[179.57,-17.46],[179.61,-17.77],[179.5,-18.17],[179.32,-18.32],[179.1,-18.25],[178.86,-18.52],[178.87,-18.89],[178.47,-19.2],[178.18,-19.31],[178.08,-19.58],[177.74,-19.66],[177.67,-19.52],[177.82,-19.32],[177.85,-18.95],[178.36,-18.7],[178.34,-18.43],[177.91,-18.82],[177.63,-18.86],[177.28,-18.51],[177.32,-18.27],[176.84,-17.75],[176.76,-17.17],[176.93,-16.95],[177.07,-16.51],[177.42,-16.55],[177.56,-16.37],[177.89,-16.42],[178.14,-16.23],[178.58,-16.08],[178.97,-15.83],[179.13,-15.6],[179.65,-15.73],[180,-15.6],[180,-15.15],[180,-14.7],[180,-14.25],[180,-13.8],[179.76,-13.9],[179.5,-13.8],[179.57,-13.58],[179.77,-13.63],[180,-13.27],[180,-12.87],[180,-12.47],[180,-12.07],[179.81,-11.35],[180,-11.37],[180,-10.87],[180,-10.73],[180,-10.32],[180,-9.91],[180,-9.5],[180,-9.01],[180,-8.55],[180,-8.09],[180,-7.64],[180,-7.18],[180,-6.72],[180,-6.26],[180,-5.81],[180,-5.35],[180,-4.89],[180,-4.43],[180,-3.98],[180,-3.47],[178.05,-3.27],[176.1,-3.06],[174.15,-2.85],[172.19,-2.65],[170.24,-2.44],[168.29,-2.24],[166.34,-2.03],[164.39,-1.82],[163.41,-1.72],[161.76,-0.69],[160.93,-0.18],[159.28,0.85],[157.63,1.88],[155.98,2.91],[154.65,1.58],[153.32,0.26],[152.66,-0.41],[151.33,-1.73],[151.78,-2.04],[152.09,-2.09],[152.4,-2.44],[152.26,-2.59],[152.46,-2.79],[152.78,-2.26],[153.02,-2.5],[153.12,-2.75],[152.96,-2.91],[152.76,-3.4],[153.01,-3.84],[153.29,-4.2],[153.21,-4.51],[153.31,-5.08],[153.22,-5.3],[152.7,-5.19],[152.62,-4.73],[152.27,-5.09],[152.33,-5.35],[152.02,-5.66],[151.71,-5.71],[150.93,-6.28],[150.51,-6.41],[149.66,-6.48],[149.29,-6.3],[148.25,-6.32],[148.04,-6.5],[148.27,-6.83],[147.92,-7.12],[147.62,-7.1],[147.92,-7.57],[148.2,-7.68],[148.33,-7.62],[148.56,-7.8],[148.72,-8.05],[148.93,-8.13],[149.65,-8.01],[149.94,-8.17],[150.49,-7.98],[151.04,-7.98],[151.66,-8.39],[151.9,-8.42],[152.18,-8.64],[152.82,-8.75],[153.12,-9],[153.31,-9.04],[154.04,-8.66],[154.41,-8.38],[154.68,-8.11],[154.71,-7.96],[154.98,-7.8],[155.07,-7.88],[154.98,-8.28],[154.68,-8.3],[154.61,-8.56],[154.75,-8.74],[154.32,-8.97],[154.14,-9.31],[153.91,-9.35],[154.21,-9.72],[153.89,-9.67],[153.51,-9.7],[152.88,-9.67],[152.44,-9.78],[152.22,-9.64],[151.88,-9.63],[151.64,-9.45],[151.33,-9.5],[151.44,-9.74],[151.6,-9.69],[151.79,-10.14],[152.13,-10.2],[152.32,-10.15],[152.66,-10.22],[152.92,-10.4],[153.04,-10.66],[153.77,-11.09],[154.18,-11.06],[154.61,-11.4],[154.72,-11.67],[154.27,-11.93],[153.97,-12.03],[153.19,-11.88],[152.31,-11.42],[151.1,-11.33],[150.75,-11.28],[150.61,-11.34],[149.88,-11.3],[149.54,-10.97],[149.27,-10.86],[148.9,-10.81],[148.68,-10.53],[148.48,-10.59],[147.59,-10.3],[147.11,-9.88],[146.93,-9.6],[146.75,-9.55],[146.36,-9.7],[146.12,-9.61],[145.95,-9.85],[146.14,-10.18],[146.31,-10.08],[146.58,-10.25],[146.82,-10.09],[147,-10.3],[147.1,-10.81],[146.68,-11.35],[146.28,-11.54],[145.91,-11.66],[145.68,-11.62],[145.21,-11.73],[144.89,-11.69],[144.69,-11.48],[144.47,-11.66],[144.47,-11.85],[144.15,-12.2],[144.05,-12.66],[144.06,-12.86],[144.23,-13.29],[144.53,-13.74],[144.79,-13.82],[145,-14.04],[145.51,-14.16],[145.85,-14.58],[145.99,-14.96],[145.92,-15.11],[146.03,-15.53],[146.38,-15.67],[146.56,-15.38],[146.41,-15.16],[146.22,-15.1],[146.14,-14.66],[146.19,-14.32],[146.45,-14.26],[146.43,-13.97],[146.51,-13.48],[147.05,-13.66],[147.22,-13.63],[147.69,-14.07],[148.39,-14.28],[148.59,-14.48],[149.08,-14.56],[149.33,-14.76],[149.56,-14.74],[149.7,-14.86],[150.27,-14.92],[150.75,-15.18],[151.25,-15.28],[151.61,-15.48],[152.34,-15.6],[152.38,-15.84],[152.57,-16.13],[152.76,-16.61],[152.95,-16.63],[153.24,-16.86],[153.31,-17.21],[153.47,-17.38],[153.28,-17.49],[153.16,-17.74],[152.86,-18.12],[152.5,-18.01],[152.21,-18.35],[152.41,-18.53],[152.77,-18.69],[152.98,-18.87],[153.17,-18.71],[153.33,-18.79],[153.42,-19.28],[153.5,-19.31],[153.64,-19.89],[153.86,-20.47],[153.74,-20.7],[153.97,-20.8],[154.07,-20.63],[154.63,-20.58],[154.71,-20.74],[154.52,-21.09],[154.18,-21.33],[154.49,-21.46],[154.51,-22.1],[154.8,-22.73],[154.89,-23.1],[154.8,-23.3],[154.78,-23.64],[154.34,-23.94],[154.08,-23.95],[153.92,-24.09],[153.66,-24.03],[153.58,-24.26],[153.89,-25.08],[154.12,-25.31],[154.05,-25.75],[154.11,-26.23],[153.94,-26.79],[154.08,-27.12],[154.07,-27.36],[154.4,-27.65],[154.43,-27.85],[154.26,-28.33],[154.01,-28.77],[154.03,-29.18],[154.22,-29.47],[153.89,-29.87],[153.9,-30.08],[153.48,-30.68],[153.52,-31.07],[153.42,-31.41],[153.43,-31.8],[152.98,-32.86],[152.78,-33.21],[152.44,-33.38],[152.1,-33.97],[151.68,-34.37],[151.48,-34.66],[151.49,-34.87],[151.03,-35.52],[150.88,-35.6],[150.75,-35.99],[150.5,-36.3],[150.46,-36.91],[150.5,-37.58],[150.32,-37.87],[150.24,-38.24],[149.79,-38.52],[149.69,-38.74],[149.3,-38.5],[148.99,-38.46],[148.72,-38.56],[148.73,-38.78],[149.21,-39.05],[149.18,-39.41],[149.01,-39.73],[149.32,-39.93],[149.09,-40.3],[149.05,-40.84],[148.97,-41.06],[149.1,-41.3],[149.08,-42.3],[148.96,-42.47],[148.63,-42.62],[148.56,-43.03],[148.38,-43.24],[148.33,-43.54],[147.88,-44.15],[147.11,-44.45],[146.83,-44.28],[146.56,-44.4],[146.19,-44.34],[145.73,-44.1],[145.14,-43.43],[145.14,-43.26],[144.78,-42.99],[144.51,-42.48],[144.47,-42.13],[144.12,-41.56],[143.88,-41.4],[143.62,-41.1],[143.31,-40.93],[143.14,-40.68],[142.84,-40.02],[142.5,-39.81],[142.3,-39.58],[141.99,-39.43],[141.94,-39.13],[141.5,-39.1],[141.36,-38.9],[140.83,-38.81],[140.35,-38.44],[140.11,-38.38],[139.7,-38.06],[139.13,-37.87],[138.04,-37.37],[137.76,-37.18],[137.21,-37.02],[137.01,-36.78],[136.73,-36.77],[136.11,-36.57],[135.84,-36.26],[135.65,-36.24],[135.47,-35.91],[135.19,-35.71],[134.88,-35.66],[134.66,-35.52],[133.69,-35.59],[133.27,-35.5],[132.78,-35.55],[132.16,-35.4],[131.98,-35.47],[131.35,-35.23],[131.15,-35.02],[130.5,-34.77],[130.31,-34.65],[130.2,-34.36],[129.55,-33.98],[129.12,-33.84],[128.79,-33.54],[128.57,-33.67],[128.91,-35.63],[129.25,-37.58],[129.59,-39.54],[129.93,-41.49],[130.27,-43.45],[130.61,-45.4],[130.95,-47.36],[131.29,-49.31],[131.63,-51.27],[131.97,-53.22],[132.31,-55.18],[132.65,-57.13],[132.99,-59.09],[133.32,-61.04],[133.66,-63],[133.92,-64.46]],[[156.25,0.37],[156.31,0],[156.5,-0.18],[156.48,-0.39],[156.14,-0.78],[155.98,-0.69],[155.73,-0.83],[155.3,0.05],[155.53,0.16],[155.81,0.15],[155.83,0.29],[156.25,0.37]],[[156.54,-0.18],[156.5,0.07],[156.7,0.1],[156.82,-0.11],[156.54,-0.18]],[[156.68,-0.43],[156.96,-0.45],[157.3,-0.38],[157.83,-0.9],[157.93,-1.06],[158.27,-0.93],[158.36,-1.11],[158.66,-1.22],[158.83,-1.43],[158.48,-1.58],[158.6,-1.8],[158.54,-2.14],[158.74,-2.42],[158.56,-2.64],[158.93,-2.77],[158.98,-3.14],[159.17,-3.11],[159.31,-3.33],[159.83,-3.35],[159.89,-3.72],[159.78,-4.32],[160.13,-4.3],[160.27,-4.39],[160.91,-4.38],[161.14,-4.51],[161.88,-4.51],[162.2,-5.24],[162.15,-5.33],[161.74,-5.45],[161.49,-5.33],[161.26,-5.37],[161.11,-5.62],[161.23,-6.14],[161.09,-6.33],[161.16,-6.58],[161.47,-6.68],[161.65,-6.87],[162.08,-7.04],[162.51,-7.4],[162.78,-7.74],[162.79,-8.04],[162.57,-8.2],[163.01,-8.29],[163.02,-8.52],[162.64,-8.48],[162.37,-8.23],[162.11,-8.1],[161.64,-7.97],[160.87,-7.27],[160.8,-7.12],[160.42,-6.91],[160.29,-6.62],[160.05,-6.62],[159.9,-6.34],[159.68,-6.21],[159.37,-6.4],[159.24,-6.29],[159.2,-5.98],[158.53,-5.62],[158.35,-5.45],[158.11,-5.47],[157.74,-5.33],[157.34,-5.5],[156.77,-5.45],[156.6,-5.69],[156.43,-5.72],[156.03,-5.48],[155.71,-4.92],[155.25,-4.91],[155.18,-4.64],[155.47,-4.22],[155.44,-3.92],[155.64,-3.79],[155.54,-3.44],[155.38,-3.41],[155.38,-2.84],[155.61,-2.75],[155.53,-2.26],[155.33,-1.9],[155.41,-1.74],[156.04,-1.29],[156.15,-1.08],[156.59,-0.66],[156.68,-0.43]],[[159.07,-2.58],[158.8,-2.47],[158.98,-2.23],[159.16,-2.44],[159.07,-2.58]],[[163.81,-4.14],[163.87,-4.38],[164.12,-4.6],[164.32,-4.65],[164.44,-4.87],[164.66,-4.92],[165.17,-5.18],[165.47,-5.17],[165.51,-5.42],[165.05,-5.45],[164.66,-5.3],[164.29,-5.27],[164.13,-5.09],[163.61,-4.87],[163.55,-4.62],[163.81,-4.14]],[[176.31,-6.4],[176.25,-5.99],[176.46,-6.06],[176.45,-6.29],[176.31,-6.4]],[[178.21,-8.08],[178.24,-7.88],[178.42,-7.81],[178.54,-8.05],[178.43,-8.17],[178.21,-8.08]],[[179.02,-8.36],[179.29,-8.35],[179.31,-8.59],[179.04,-8.74],[178.95,-8.52],[179.02,-8.36]],[[161.45,-8.77],[161.64,-8.86],[162,-9.22],[162.11,-9.54],[162.11,-10.16],[162.33,-10.52],[162.85,-10.82],[162.55,-11.08],[162.34,-11.13],[161.99,-11.08],[161.56,-10.85],[161.1,-10.31],[160.85,-10.35],[160.53,-10.23],[160.28,-9.93],[159.74,-9.89],[159.36,-9.56],[159.23,-9.58],[158.63,-9.25],[158.26,-9.28],[157.84,-9.03],[157.68,-9.04],[157.18,-8.73],[156.98,-8.41],[156.78,-8.25],[156.53,-8.45],[156.46,-8.11],[156.25,-7.75],[155.88,-7.69],[155.76,-7.55],[155.48,-7.51],[155.32,-7.14],[154.78,-6.67],[154.41,-6.12],[154.15,-6],[153.86,-5.74],[153.74,-5.36],[153.95,-5.21],[154.34,-5.43],[154.41,-5.33],[154.31,-4.96],[154.08,-4.66],[153.92,-4.24],[153.5,-4.13],[153.5,-3.75],[153.68,-3.65],[153.96,-3.82],[154.06,-4.06],[154.37,-4.27],[154.62,-4.17],[154.78,-4.58],[154.66,-4.67],[154.88,-5.12],[155.49,-5.76],[155.74,-5.86],[156.07,-6.12],[156.5,-6.29],[156.82,-6.48],[157.07,-6.72],[157.44,-6.89],[157.79,-6.82],[158.4,-6.96],[158.57,-6.89],[158.86,-7.03],[159.03,-7.37],[159.3,-7.36],[159.37,-7.13],[159.54,-7.15],[159.58,-7.46],[160.3,-7.78],[160.52,-7.76],[160.59,-7.58],[160.88,-7.76],[161.11,-8.17],[161.09,-8.34],[161.25,-8.72],[161.45,-8.77]],[[166.83,-9.41],[167.16,-9.55],[167.21,-9.69],[167.61,-10.08],[168.03,-10.57],[168.01,-10.76],[167.72,-10.74],[167.66,-10.49],[167.3,-10.34],[167.25,-10.06],[167.06,-9.9],[166.78,-9.82],[166.83,-9.41]],[[179.31,-10.79],[179.4,-10.63],[179.34,-10.39],[179.61,-10.29],[179.85,-10.39],[179.98,-10.98],[179.34,-10.92],[179.31,-10.79]],[[169.98,-10.92],[170.09,-11.02],[170.02,-11.36],[170.34,-11.33],[170.38,-11.52],[169.87,-11.74],[169.69,-11.64],[169.6,-11.35],[169.83,-11.21],[169.98,-10.92]],[[172.51,-11.06],[172.7,-11.05],[172.98,-11.18],[172.9,-11.32],[172.58,-11.23],[172.51,-11.06]],[[179.51,-11.07],[179.66,-11.35],[179.28,-11.6],[179.35,-11.23],[179.51,-11.07]],[[179.54,-11.9],[179.86,-11.83],[179.81,-12.08],[179.54,-11.9]],[[178.85,-12.02],[178.66,-12.24],[178.38,-12.02],[178.19,-12.01],[177.86,-11.72],[177.78,-11.51],[177.96,-11.32],[178.27,-11.13],[178.5,-11.13],[178.53,-11.49],[178.78,-11.66],[178.85,-12.02]],[[172.16,-12.3],[171.94,-12.29],[171.31,-12.54],[171.26,-12.37],[171.82,-11.81],[172.15,-11.7],[172.46,-11.85],[172.49,-12.21],[172.16,-12.3]],[[172.64,-12.31],[172.92,-12.31],[172.9,-12.6],[172.73,-12.64],[172.54,-12.49],[172.64,-12.31]],[[176.87,-12.39],[177.3,-12.39],[177.23,-12.62],[176.76,-12.7],[176,-12.94],[175.9,-12.81],[176.57,-12.59],[176.87,-12.39]],[[175.31,-13.01],[175.35,-13.33],[175.04,-13.27],[175.15,-13.03],[175.31,-13.01]],[[174.15,-13.17],[174.28,-13.35],[173.99,-13.42],[173.95,-13.23],[174.15,-13.17]],[[178.44,-13.58],[178.74,-13.63],[179.11,-13.85],[179.26,-14.21],[179.5,-14.29],[179.43,-14.68],[179.12,-14.65],[178.92,-14.39],[178.88,-14.15],[178.72,-14.12],[178.63,-13.77],[178.03,-13.8],[178.44,-13.58]],[[168.2,-14.78],[168.41,-15.58],[168.38,-15.7],[168.55,-16.34],[168.73,-16.51],[168.97,-16.92],[169.75,-17.66],[169.92,-18.02],[170.14,-18.26],[170.03,-18.74],[170.52,-19.33],[170.68,-19.38],[170.75,-20.09],[170.52,-20.14],[170.25,-20.33],[170.3,-20.5],[170.63,-20.58],[170.6,-21.03],[170.38,-21.2],[169.98,-21.19],[169.16,-20.5],[169.03,-20.32],[168.98,-19.86],[168.36,-19.24],[168.22,-18.84],[168.24,-18.43],[168.16,-18.15],[167.93,-17.97],[168.02,-17.18],[167.64,-16.77],[167.35,-16.71],[167.26,-16.42],[167.01,-16.09],[166.67,-16.12],[166.54,-15.9],[166.69,-15.75],[166.42,-15.28],[166.48,-15],[166.42,-14.57],[166.57,-14.43],[166.79,-14.46],[166.72,-14.14],[166.88,-13.94],[166.73,-13.63],[166.43,-13.32],[166.41,-12.97],[166.51,-12.65],[166.44,-12.17],[166.08,-11.47],[166.12,-11.31],[165.99,-11.1],[165.23,-10.93],[165.25,-10.71],[165.54,-10.5],[165.03,-10.29],[165.36,-10],[165.41,-9.84],[165.84,-9.72],[165.82,-9.48],[166.61,-9.71],[166.6,-9.93],[167.15,-10.2],[167.01,-10.51],[166.45,-10.51],[166.56,-10.84],[166.73,-10.76],[167.01,-10.96],[166.96,-11.21],[167.16,-11.3],[167.35,-11.94],[167.54,-11.89],[167.85,-12.13],[167.52,-12.35],[167.66,-12.63],[167.29,-12.88],[167.43,-13.04],[167.78,-13.13],[167.87,-13.31],[168.2,-13.22],[168.18,-13.56],[168.64,-13.76],[168.1,-13.99],[168.22,-14.12],[168.27,-14.45],[168.08,-14.61],[168.2,-14.78]],[[175.58,-16.27],[175.57,-15.91],[175.8,-15.55],[176.04,-15.66],[175.8,-15.94],[175.72,-16.21],[175.58,-16.27]],[[176.69,-15.96],[176.67,-15.85],[176.98,-15.62],[177.38,-15.69],[176.69,-15.96]],[[178.23,-15.66],[178.3,-15.83],[177.81,-15.97],[177.84,-15.71],[178.23,-15.66]],[[176.57,-16.35],[176.58,-16.52],[176.35,-16.56],[176.28,-16.34],[176.57,-16.35]],[[176.04,-16.4],[176.04,-16.62],[175.62,-16.7],[175.63,-16.54],[176.04,-16.4]],[[175.16,-16.85],[175.38,-16.94],[175.56,-17.17],[175.39,-17.36],[175.32,-17.71],[175.49,-17.95],[175.28,-18.05],[175.11,-17.13],[175.16,-16.85]],[[177.64,-19.73],[177.53,-20.13],[177.19,-20.22],[176.98,-20.19],[177.31,-19.85],[177.64,-19.73]],[[176.11,-21.17],[176.47,-20.99],[176.45,-21.26],[176.26,-21.3],[176.15,-21.52],[175.9,-21.46],[175.86,-21.32],[176.11,-21.17]],[[175.42,-21.46],[175.75,-21.83],[175.35,-21.91],[174.92,-21.8],[174.83,-21.96],[174.32,-22.04],[173.68,-22.33],[173.33,-22.39],[173.2,-22.23],[172.94,-22.27],[172.84,-22.4],[172.49,-22.51],[171.5,-22.51],[171.24,-22.38],[171.32,-22.14],[171.82,-22.2],[171.96,-22.31],[172.36,-22.29],[172.73,-22.18],[172.94,-22],[173.21,-21.9],[173.39,-21.73],[173.62,-21.85],[174.05,-21.9],[174.41,-21.69],[174.86,-21.55],[175.42,-21.46]],[[170.74,-22.06],[170.38,-21.71],[170.71,-21.5],[170.7,-21.77],[170.92,-21.8],[170.74,-22.06]],[[165.2,-19.02],[165.19,-19.34],[164.87,-19.34],[164.81,-19.1],[165.2,-19.02]],[[164.73,-18.98],[164.54,-18.72],[164.1,-18.57],[164.19,-18.37],[164.52,-18.37],[164.85,-18.83],[164.73,-18.98]],[[159,-17.61],[158.98,-17.71],[158.56,-17.71],[158.53,-17.58],[158.8,-17.45],[159,-17.61]],[[155.63,-17.04],[155.78,-16.89],[155.98,-16.97],[156.11,-17.2],[156.1,-17.65],[155.98,-17.83],[155.51,-17.86],[155.7,-17.58],[155.72,-17.35],[155.63,-17.06],[155.5,-17.48],[155.05,-17.38],[155.43,-16.83],[155.63,-17.04]],[[159.65,-14.93],[159.39,-15],[159.39,-14.64],[159.52,-14.28],[159.7,-14.3],[159.6,-14.71],[159.65,-14.93]],[[157.02,-14.74],[156.69,-14.76],[156.69,-14.62],[156.98,-14.6],[157.02,-14.74]],[[157.18,-12.77],[156.72,-13.06],[156.89,-13.27],[156.41,-13.58],[156.13,-13.57],[155.95,-13.29],[155.65,-13.26],[155.4,-12.85],[155.53,-12.32],[155.79,-12.17],[156,-12.37],[156.29,-12.36],[156.6,-12],[156.91,-11.99],[156.97,-12.21],[156.68,-12.26],[156.59,-12.52],[156.96,-12.52],[157.38,-12.4],[157.48,-12.85],[157.19,-12.75],[157.18,-12.76],[157.18,-12.77]],[[159.77,-12.19],[159.69,-11.88],[159.77,-11.74],[159.37,-11.38],[159.38,-11.11],[159.9,-11.18],[160.2,-11.28],[160.36,-11.53],[160.65,-11.65],[160.92,-11.96],[160.76,-12.16],[160.5,-12.32],[160.84,-12.88],[160.73,-13.13],[160.55,-13.1],[160.18,-12.74],[159.98,-12.64],[160.03,-12.41],[159.77,-12.19]],[[156.93,-11.33],[156.77,-11.24],[156.73,-11],[156.89,-10.88],[157.16,-10.43],[157.72,-10.18],[157.95,-10.18],[158.16,-10.45],[158.14,-10.78],[157.92,-10.8],[157.76,-10.95],[157.44,-11.06],[157.22,-11.26],[156.93,-11.33]],[[155.45,-11.1],[155.28,-11.21],[154.82,-11.31],[154.52,-11.24],[154.34,-11.01],[154.48,-10.65],[154.71,-10.67],[154.87,-10.8],[155.03,-10.68],[155.26,-10.73],[155.68,-10.56],[155.93,-10.62],[156.22,-10.83],[155.45,-11.1]],[[165.03,-13.2],[165.4,-13.22],[165.48,-13.39],[165.74,-13.58],[165.98,-14.14],[165.96,-14.32],[165.6,-14.3],[165.22,-13.99],[164.88,-13.9],[164.7,-14.06],[164.5,-13.99],[164.41,-13.72],[164.18,-13.52],[164.31,-13.21],[164.62,-13.29],[165.03,-13.2]],[[163.89,-13.83],[163.76,-13.58],[164.05,-13.5],[164.29,-13.81],[163.89,-13.83]],[[164.1,-10.54],[163.92,-10.66],[163.57,-10.52],[163.61,-10.4],[163.9,-10.37],[164.1,-10.54]],[[165.33,-9.79],[165.25,-9.5],[165.69,-9.46],[165.6,-9.7],[165.33,-9.79]],[[166.93,-10.72],[166.99,-10.54],[167.3,-10.52],[167.33,-10.7],[166.93,-10.72]],[[170.25,-11.77],[170.59,-11.95],[170.78,-12.32],[170.11,-11.92],[170.25,-11.77]],[[168.29,-12.16],[167.87,-12.29],[167.93,-11.9],[168.27,-11.83],[168.29,-12.16]],[[172.13,-12.78],[172.11,-12.44],[172.35,-12.43],[172.44,-12.72],[172.13,-12.78]],[[173.6,-12.87],[173.83,-13.04],[173.67,-13.35],[173.68,-13.63],[173.25,-13.62],[173.24,-13.36],[173.43,-13.35],[173.6,-12.87]],[[172.54,-12.94],[172.53,-12.76],[172.8,-12.74],[172.75,-12.95],[172.54,-12.94]],[[173.9,-12.07],[173.47,-11.95],[173.45,-11.71],[173.61,-11.61],[174.17,-11.66],[174.33,-11.81],[174.23,-12.01],[173.9,-12.07]],[[175.15,-11.69],[174.94,-11.45],[175.15,-11.3],[175.66,-11.24],[175.77,-11.11],[176.12,-11.5],[176.37,-11.67],[176.76,-11.61],[176.88,-11.82],[176.42,-12.14],[176.25,-11.96],[175.85,-11.89],[175.47,-11.91],[175.33,-11.72],[175.15,-11.69]],[[153.27,-3.67],[153.1,-3.62],[153.16,-3.32],[153.1,-3.11],[153.33,-2.96],[153.55,-3.19],[153.27,-3.67]],[[154.32,-3.02],[154.54,-2.98],[154.88,-3.13],[155,-3.47],[154.7,-3.72],[154.49,-3.73],[154.33,-3.24],[154.32,-3.02]],[[153.8,-1.76],[153.67,-2.13],[153.33,-2.24],[153,-1.72],[153.24,-1.53],[153.56,-1.5],[153.8,-1.76]],[[156.05,-17.91],[156.31,-18.1],[156.13,-18.23],[156.05,-17.91]],[[156.59,-18.62],[157.1,-18.81],[157.26,-19.19],[157.05,-19.2],[156.6,-18.81],[156.59,-18.62]],[[155.98,-18.75],[156.08,-18.95],[155.94,-19.06],[155.68,-18.8],[155.98,-18.75]],[[155.4,-18.62],[155.16,-18.77],[154.96,-18.34],[155.19,-18.24],[155.27,-18.06],[155.47,-18.07],[155.62,-18.34],[155.61,-18.58],[155.4,-18.62]],[[154.71,-18.26],[154.44,-18.14],[154.84,-17.95],[155.02,-18.16],[154.71,-18.26]],[[156.02,-19.5],[156.3,-19.43],[156.47,-19.7],[156.22,-19.85],[156.02,-19.5]],[[155.25,-22.33],[155.08,-22.07],[155.58,-22.04],[155.58,-22.27],[155.25,-22.33]],[[155.63,-23.68],[155.38,-23.49],[155.29,-23.25],[155.39,-22.85],[155.54,-22.76],[155.95,-22.87],[155.94,-23.12],[156.26,-23.38],[156.53,-23.4],[156.58,-23.74],[156.43,-23.95],[156.51,-24.2],[155.63,-23.68]],[[156.98,-23.02],[157.13,-22.75],[157.36,-22.73],[157.49,-22.9],[157.11,-23],[157.36,-23.3],[157.11,-23.59],[156.86,-23.59],[156.72,-23.45],[156.98,-23.02]],[[156.68,-23.26],[156.31,-23.3],[156.35,-23.11],[156.77,-23.06],[156.68,-23.26]],[[159.21,-24.12],[159.18,-23.98],[159.44,-23.79],[159.82,-23.91],[159.75,-24.24],[159.32,-24.25],[159.21,-24.12]],[[159.46,-26.5],[159.67,-26.65],[159.45,-27.08],[159.24,-27],[159.22,-26.69],[159.46,-26.5]],[[155.23,-27.77],[155.05,-27.64],[155.03,-27.37],[155.3,-27.45],[155.23,-27.77]],[[155.55,-28.77],[155.43,-28.58],[155.51,-28.41],[155.58,-27.81],[155.78,-27.93],[155.83,-28.3],[155.55,-28.77]],[[158.89,-29.14],[159.19,-29.1],[159.32,-29.46],[159.12,-29.61],[158.95,-29.53],[158.89,-29.14]],[[158.42,-29.18],[158.49,-29.78],[158.19,-29.89],[158.23,-29.45],[158.42,-29.18]],[[158.9,-29.94],[159.1,-29.75],[159.27,-30],[159.08,-30.1],[158.9,-29.94]],[[158.05,-29.96],[157.97,-30.17],[157.53,-30.23],[157.75,-29.76],[157.93,-29.74],[158.05,-29.96]],[[156.36,-31.04],[156.05,-30.84],[156.12,-30.51],[156.31,-30.51],[156.55,-30.85],[156.36,-31.04]],[[156.3,-32.74],[156.11,-32.58],[156.32,-32.43],[156.46,-32.64],[156.3,-32.74]],[[156.13,-33.43],[155.98,-33.32],[156.15,-32.87],[156.33,-32.91],[156.35,-33.35],[156.13,-33.43]],[[150.42,-44.1],[150.28,-43.99],[150.6,-43.73],[150.7,-44.01],[150.42,-44.1]],[[146.3,-45.55],[146.63,-45.93],[146.73,-46.29],[147.05,-46.21],[147.38,-46.34],[148.16,-46.49],[148.45,-46.63],[148.71,-46.6],[148.86,-46.89],[149.24,-47.15],[149.48,-47.18],[149.53,-47.62],[149.99,-48.09],[150.64,-48.4],[150.79,-48.77],[150.79,-49.53],[149.98,-49.46],[149.68,-48.98],[149.26,-48.91],[149.12,-48.78],[149.22,-48.53],[149.02,-48.17],[148.76,-48.45],[148.55,-48.32],[148.16,-48.35],[147.96,-48.1],[147.68,-48.18],[147.07,-48],[146.9,-47.69],[146.35,-46.9],[146.23,-46.55],[146.17,-45.87],[146.3,-45.55]],[[165.54,-47.57],[165.6,-47.65],[165.29,-48.26],[165.14,-48.7],[164.56,-49.18],[164.49,-49.5],[164.21,-49.83],[164.16,-50.09],[163.86,-50.29],[164.15,-50.62],[163.88,-50.81],[163.08,-50.87],[163.1,-50.58],[162.93,-50.45],[163.37,-49.94],[163.82,-49.75],[164.08,-49.26],[164.91,-48.48],[165.04,-48.21],[164.82,-48],[165,-47.66],[165.22,-47.86],[165.54,-47.57]],[[164.47,-50.73],[164.77,-50.6],[164.76,-51.16],[164.44,-51.19],[164.47,-50.73]],[[162.22,-50.96],[161.78,-51.47],[161.64,-51.51],[160.97,-52.14],[160.77,-52.47],[160.35,-52.75],[160.22,-52.96],[159.83,-52.95],[160.19,-52.5],[161,-51.96],[160.98,-51.78],[161.33,-51.5],[161.47,-51.26],[161.97,-50.9],[162.22,-50.96]],[[159.29,-53.48],[159.25,-54.01],[159.09,-54.67],[158.71,-55.51],[158.24,-55.64],[158.57,-54.59],[158.83,-54.17],[158.82,-53.89],[159.04,-53.58],[159.29,-53.48]],[[158.84,-55.97],[158.63,-56.41],[158.75,-56.52],[158.68,-56.9],[158.16,-56.9],[158.42,-56.2],[158.84,-55.97]],[[147.51,-56.45],[147.79,-56.92],[147.55,-56.97],[147.39,-56.62],[147.51,-56.45]],[[158.93,-60.31],[158.51,-60.19],[158.61,-59.89],[159.08,-59.99],[158.93,-60.31]],[[164.76,-61.86],[165.19,-61.92],[165.76,-62.14],[165.84,-62.3],[166.32,-62.54],[165.94,-62.63],[165.34,-62.18],[164.76,-61.86]],[[168.11,-61.93],[169.13,-62.09],[169.15,-62.38],[168.98,-62.74],[168.71,-62.92],[168.22,-62.55],[168.53,-62.22],[168.11,-61.93]],[[173.72,-63.02],[174.17,-63.02],[174.68,-63.22],[174.48,-63.36],[173.72,-63.02]],[[174.84,-63.36],[175.66,-63.46],[175.51,-63.64],[174.84,-63.36]],[[177.28,-64.14],[178.06,-64.53],[177.52,-64.51],[177.11,-64.25],[177.28,-64.14]],[[170.11,-63.58],[169.57,-63.47],[169.87,-63.16],[170.41,-63.09],[170.67,-63.54],[170.11,-63.58]],[[167.88,-62.75],[168.47,-63.12],[168.21,-63.22],[167.8,-62.92],[167.88,-62.75]],[[171.62,-63.09],[171.92,-63.02],[172.29,-63.23],[172.22,-63.72],[171.64,-63.76],[171.49,-63.37],[171.62,-63.09]],[[172.39,-63.51],[173.16,-63.65],[172.93,-63.86],[172.47,-63.76],[172.39,-63.51]],[[160.7,-65.29],[161.36,-65.41],[161.01,-65.65],[160.7,-65.29]],[[163.93,-65.98],[165.19,-66.46],[165.65,-66.77],[165.96,-66.79],[166.06,-67.15],[165.56,-67.08],[164.89,-66.72],[164.73,-66.49],[163.94,-66.17],[163.93,-65.98]],[[170.8,-66.84],[171.24,-66.94],[171.83,-67.31],[170.75,-67.15],[170.8,-66.84]],[[167.86,-67.34],[167.58,-67.48],[168,-67.89],[167.9,-68.01],[166.8,-67.94],[166.02,-67.7],[166.64,-67.47],[167.09,-67.53],[167.14,-67.2],[167.86,-67.34]],[[168.41,-67.9],[168.75,-67.82],[169.65,-67.93],[169.69,-68.14],[168.57,-68.13],[168.41,-67.9]],[[165.19,-67.75],[164.77,-67.78],[163.62,-67.48],[163.1,-67],[162.12,-66.52],[161.84,-66.05],[162.24,-66],[163.63,-66.7],[163.85,-66.93],[164.61,-67],[165.88,-67.52],[165.72,-67.72],[165.19,-67.75]],[[172.01,-69.91],[172.65,-70.48],[171.98,-70.51],[171.49,-70.04],[172.01,-69.91]],[[164.64,-31.34],[164.88,-31.63],[164.52,-31.83],[164.64,-31.34]],[[170.24,-24.45],[170.33,-24.58],[170.21,-24.86],[170,-24.97],[169.94,-24.55],[170.24,-24.45]],[[179.35,-24.92],[179.49,-24.79],[179.78,-25.03],[179.64,-25.27],[179.38,-25.15],[179.35,-24.92]],[[170.26,-24.94],[170.54,-25.23],[170.59,-25.43],[170.45,-25.8],[170.31,-25.67],[170.37,-25.41],[170.1,-25.17],[170.26,-24.94]],[[169.46,-25.01],[169.62,-25.22],[169.61,-25.56],[169.31,-25.47],[169.28,-25.27],[169.08,-25.16],[169.05,-24.93],[169.18,-24.72],[169.42,-24.83],[169.46,-25.01]],[[168.54,-25.77],[168.57,-25.97],[168.44,-26.34],[168.22,-26.34],[168.4,-25.82],[168.54,-25.77]],[[172.75,-29.02],[172.83,-28.78],[172.77,-28.51],[173.24,-28.28],[173.17,-28.66],[173.26,-29.14],[173.17,-29.35],[173.34,-29.73],[173.28,-29.97],[173.51,-30.12],[173.37,-30.34],[173.59,-30.81],[173.45,-31.04],[173.19,-31.13],[173.26,-31.49],[173.47,-31.93],[173.14,-31.95],[173.01,-32.22],[172.75,-32.38],[173.17,-32.53],[173.28,-32.86],[173.66,-32.92],[173.64,-33.14],[173.4,-33.32],[172.74,-32.88],[172.58,-32.95],[172.2,-32.8],[172.3,-32.3],[172.03,-31.92],[171.92,-31.59],[172.28,-31.22],[172.22,-30.58],[172.49,-30.33],[172.81,-29.74],[172.75,-29.02]],[[179.17,-31.9],[179.25,-32.02],[179.12,-32.47],[178.83,-32.77],[178.88,-33.09],[178.56,-33.28],[178.35,-33.17],[178.51,-32.86],[178.61,-32.45],[178.86,-32.24],[178.9,-32.09],[179.17,-31.9]],[[178.17,-33.71],[178.34,-33.7],[178.37,-34.08],[178.06,-34.06],[178.17,-33.71]],[[177.65,-34.46],[177.84,-34.68],[177.8,-35],[177.64,-35.05],[177.4,-35.56],[177.06,-35.82],[176.74,-35.84],[176.76,-35.64],[177.02,-35.5],[177.02,-35.29],[177.39,-34.97],[177.37,-34.74],[177.67,-34.66],[177.65,-34.46]],[[171.12,-30.25],[171.09,-29.97],[171.24,-29.86],[171.46,-30.04],[171.36,-30.27],[171.12,-30.25]],[[172.06,-29.83],[172.02,-29.59],[172.22,-29.55],[172.36,-29.73],[172.29,-29.98],[172.06,-29.83]],[[179.52,-36.62],[179.81,-36.55],[179.86,-36.86],[179.65,-36.97],[179.52,-36.62]]]},"properties":{"scalerank":0,"featurecla":"Bathymetry","depth":2000}},
{"type":"Feature","geometry":{"type":"MultiPolygon","coordinates":[]},"properties":{"scalerank":0,"featurecla":"Bathymetry","depth":2000}},
{"type":"Feature","geometry":null,"properties":{"scalerank":0,"featurecla":"Bathymetry","depth":2000}},
{"type":"Feature","geometry":{"type":"Polygon","coordinates":[[[-3.88,78.54],[-3.69,78.31],[-4.7,77.58],[-3.74,77.33],[-3.35,76.91],[-4.54,76.68],[-6.11,76.55],[-6.86,76.15],[-8.21,75.75],[-9.72,75.62],[-10.49,75.48],[-12.3,74.74],[-13.43,74.5],[-13.91,74.07],[-14.52,73.81],[-14.47,73.65],[-15.03,73.27],[-15.69,73.04],[-15.01,72.55],[-14.57,72.6],[-11.98,72.62],[-11.03,72.52],[-10.9,72.29],[-11.98,72.4],[-14.4,72.34],[-13.66,72.1],[-12.35,71.92],[-11.85,71.61],[-10.93,71.54],[-9.22,71.48],[-9.23,71.68],[-7.46,71.54],[-6.96,71.69],[-6.2,71.64],[-5.84,72.04],[-3.1,71.9],[-2.2,72.21],[-1.94,71.95],[-3.24,71.65],[-4.86,71.58],[-5.31,71.41],[-3.69,71.27],[-3.59,71.01],[-4.51,70.7],[-5.1,70.96],[-5.7,70.85],[-5.74,70.68],[-7.01,70.52],[-6.89,70.09],[-7.4,69.76],[-7.41,69.19],[-7.66,68.83],[-7.03,68.62],[-6.92,68.26],[-7.14,67.84],[-7.43,67.79],[-7.37,67.25],[-7.54,66.96],[-7.15,66.72],[-7.25,66.07],[-6.94,65.71],[-7.16,65.36],[-6.58,65.17],[-6.55,64.92],[-7.12,64.85],[-7.55,64.95],[-8.41,64.97],[-8.81,64.77],[-8.74,64.58],[-8.18,64.54],[-7.98,64.29],[-7.25,64.26],[-7.26,64.01],[-6.62,63.79],[-5.58,63.6],[-5.51,63.38],[-5.83,63.24],[-5.26,63.05],[-3.81,63.03],[-3.48,63.11],[-2.16,63.1],[-1.16,63.42],[-0.51,63.42],[-0.28,63.52],[1.15,63.76],[1.99,64.23],[3.23,64.37],[3.3,64.74],[2.76,64.93],[2.86,65.37],[2.26,65.94],[2.25,66.22],[1.94,66.33],[1.54,66.8],[1.37,67.63],[1.5,67.81],[1.99,67.92],[3.02,68.35],[4.2,68.43],[4.51,68.31],[5.49,68.43],[6,68.23],[7.15,68.33],[7.7,68.09],[7.98,67.77],[8.93,67.92],[9.77,68.35],[12.41,69.03],[13.19,69.06],[13.66,69.29],[14.8,69.58],[15.61,69.57],[15.98,69.82],[15.98,70.46],[15.63,70.86],[14.52,71.16],[14.14,71.14],[13.31,71.39],[12.74,71.71],[12.26,71.77],[10.86,72.63],[10.85,73.12],[11.23,73.5],[12.53,74.11],[13.98,74.42],[13.91,74.71],[11.73,75.56],[11.76,76.06],[11.57,76.52],[9.2,77.16],[9.23,77.49],[8.27,77.63],[8.5,78.39],[7.26,78.51],[6.12,78.96],[4.56,79.08],[4.32,79.28],[5.81,79.57],[3.18,80.1],[1.44,80.93],[0.64,81.09],[0.73,81.55],[-1.2,81.65],[-1.62,82.04],[2.1,81.74],[2.72,82.18],[5.25,82.13],[6.26,82.37],[9.73,82.76],[13.94,82.8],[16.36,83.06],[17.64,82.78],[18.14,82.49],[17.3,82.25],[15.07,82.32],[14.23,81.85],[12.46,81.52],[12.31,81.26],[13.06,81.05],[16.25,81.17],[16.5,81.42],[17.74,81.69],[20.36,81.71],[21.28,81.59],[22.91,81.74],[28.06,81.63],[29.79,81.68],[33.02,81.96],[35.14,82.3],[37.39,82.49],[42.91,82.53],[46,82.69],[46.36,82.79],[52.67,82.87],[61.88,82.99],[63.74,82.83],[67.68,82.91],[73.6,83.02],[74.07,82.87],[76.73,82.94],[78.36,82.63],[87.52,82.35],[92.98,82.15],[95.45,82.15],[98.14,81.82],[102.12,81.57],[102.36,81.29],[104.7,81.11],[104.53,80.74],[106.31,80.32],[108.21,80.08],[109.11,79.82],[110.46,79.61],[110.73,79.38],[112.51,79.06],[114.96,78.89],[116.66,78.96],[118.01,78.58],[118.8,78.53],[119.64,78.25],[121.56,78.07],[122.53,78.3],[123.36,78.1],[124.01,78.38],[125.78,78.02],[126.82,78.02],[127.99,78.19],[128.78,78.19],[130.63,78.5],[136.37,79.01],[136.73,79.21],[137.83,79.25],[138.51,79.52],[139.39,79.49],[140.58,80.09],[139.54,80.62],[139.69,80.82],[138.46,80.93],[138.11,81.22],[138.99,81.31],[138.96,81.68],[139.88,81.78],[140.94,82.09],[140.53,82.57],[141.18,82.75],[140.19,83.1],[141.26,83.53],[141.49,83.94],[144.48,84.12],[144.92,84.42],[147.34,84.65],[145.81,84.84],[144.89,85.27],[145.37,85.64],[140.04,86.49],[140.1,86.89],[142.18,87.05],[141.51,87.29],[133.08,87.74],[132.91,88.08],[130.24,88.21],[131.62,88.67],[140.09,88.94],[153.91,89.02],[153.75,88.79],[141.26,88.54],[149.79,88.38],[147.43,88.03],[150.22,87.81],[151.08,87.26],[154.99,87.12],[155.54,86.7],[160.21,85.99],[160.15,85.72],[158.65,85.6],[154.98,85.67],[154.18,84.84],[155.65,84.71],[153.89,83.97],[151.87,84.03],[147.64,83.74],[146.97,83.15],[145.71,82.78],[144.78,82.65],[145.37,81.43],[145.87,80.87],[148.56,80.71],[152.09,80.71],[153.96,80.48],[157.99,80.26],[158.93,80.04],[161.11,79.9],[163.22,79.61],[167.64,79.05],[168.78,79],[169.13,78.78],[170.83,78.65],[173.28,78.72],[174.96,78.67],[176.45,79.13],[176.13,79.71],[176.48,79.79],[176.31,80.3],[178.23,81.25],[180,81.14],[180,81.58],[180,82.01],[180,82.25],[180,82.66],[180,83.06],[180,83.47],[180,83.88],[180,84.29],[179.94,84.12],[178.07,84.26],[180,84.41],[180,84.89],[180,85.36],[180,85.84],[180,86.32],[180,86.79],[180,87.27],[180,87.75],[180,88.23],[180,88.7],[165.99,88.57],[150.63,88.56],[170.05,88.83],[180,88.97],[180,89.31],[180,89.66],[180,90],[179.72,90],[-176.5,89.1],[-148.61,89.15],[-115.74,89.2],[-58.86,88.72],[-58.64,88.31],[-55.46,88.14],[-53.39,87.6],[-48.36,87.28],[-46.99,86.95],[-50.89,86.76],[-49.79,86.11],[-51.08,85.65],[-49.51,85.56],[-50.26,85.22],[-52.58,85.01],[-56.63,84.78],[-56.95,84.55],[-50.2,84.6],[-45.2,84.63],[-36.72,84.7],[-34.83,85.49],[-28.44,85.56],[-19.82,85.42],[-13.05,85.63],[-11.98,85.51],[-13.63,85.11],[-16.59,84.99],[-16.87,84.65],[-19.99,84.45],[-19.82,84.02],[-19.71,83.87],[-20.28,83.86],[-20.81,83.98],[-21.69,84.32],[-23.8,83.95],[-20.58,83.9],[-20.9,83.5],[-20.14,83.28],[-16.04,83.25],[-13.55,82.63],[-10.18,82.19],[-10.15,81.98],[-8.69,81.7],[-7.41,81.57],[-7.28,81.28],[-5.49,81.07],[-5.43,80.79],[-4.08,80.5],[-3.48,79.73],[-4.29,79.31],[-3.54,78.61],[-3.88,78.54]],[[5.33,78.58],[6.47,78.49],[6.74,78.24],[6.38,78.07],[5.22,78.23],[5.33,78.58]],[[0.62,75.74],[1.54,75.38],[1.15,75.29],[0.27,75.69],[0.62,75.74]],[[7.01,74.74],[8.15,74.28],[7.15,74.34],[7.01,74.74]],[[7.46,74.08],[8.18,74.08],[8.14,73.8],[6.88,73.6],[6.93,73.81],[7.46,74.08]],[[3.43,72.96],[3.74,72.74],[2.74,72.65],[2.33,72.5],[1.54,72.48],[1.72,72.78],[2.55,72.75],[3.43,72.96]],[[-1.2,72.26],[-0.8,72.37],[0.24,72.38],[0.9,72.25],[-1.29,72.06],[-1.2,72.26]],[[-0.96,71.82],[-1.1,71.64],[-2.54,71.32],[-2.64,71.57],[-2,71.63],[-1.72,71.81],[-0.96,71.82]],[[-9.59,72.21],[-10.21,71.92],[-11.53,71.94],[-10.54,72.29],[-9.59,72.21]],[[-7.73,64.58],[-7.1,64.69],[-7.06,64.39],[-7.53,64.32],[-7.73,64.58]],[[159.79,83.11],[156.05,83.04],[155.98,83.38],[156.74,83.59],[159.9,83.32],[159.79,83.11]]]},"properties":{"scalerank":0,"featurecla":"Bathymetry","depth":2000}},
{"type":"Feature","geometry":{"type":"Polygon","coordinates":[[[-179.64,-18.74],[-180,-18.79],[-180,-20],[-180,-21.5],[-180,-23],[-180,-25],[-180,-26.5],[-180,-27.58],[-179.73,-27.51],[-179.58,-27.28],[-179.58,-27],[-179.43,-26.83],[-179.5,-26.42],[-179.69,-26.28],[-179.54,-25.8],[-179.62,-25.61],[-179.45,-25.39],[-179.39,-25.07],[-179.69,-24.91],[-179.54,-24.62],[-179.56,-24.43],[-179.82,-24.09],[-179.79,-23.88],[-179.47,-23.81],[-179.7,-23.43],[-179.35,-23.08],[-179.51,-22.77],[-179.36,-22.42],[-179.59,-22.31],[-179.55,-21.96],[-179.19,-21.64],[-179.43,-21.48],[-179.66,-21.76],[-179.83,-21.64],[-179.71,-21.42],[-179.79,-21.1],[-179.66,-20.83],[-179.69,-20.67],[-179.43,-20.36],[-179.53,-20.15],[-179.45,-19.54],[-179.21,-19.42],[-179.35,-19.22],[-179.28,-19.01],[-179.4,-18.75],[-179.64,-18.74]],[[-179.89,-19.11],[-179.98,-18.93],[-179.74,-18.76],[-179.62,-18.96],[-179.89,-19.11]]]},"properties":{"scalerank":0,"featurecla":"Bathymetry","depth":2000}}
]}