{"type":"FeatureCollection", "features": [
{"type":"Feature","geometry":{"type":"Polygon","coordinates":[[[180,28.37],[178.53,28.66],[176.58,29.03],[174.62,29.41],[172.66,29.79],[170.71,30.17],[168.75,30.55],[166.79,30.93],[164.84,31.31],[162.88,31.68],[160.92,32.06],[158.97,32.44],[157.01,32.82],[155.05,33.2],[153.1,33.58],[151.14,33.96],[149.18,34.33],[147.23,34.71],[145.27,35.09],[143.31,35.47],[141.36,35.85],[141.38,35.33],[141.07,35.28],[140.9,35.06],[140.52,34.85],[140.14,34.94],[139.79,34.77],[139.69,34.42],[139.88,34.13],[139.6,33.81],[139.42,33.94],[139.05,33.95],[138.89,33.77],[138.59,33.74],[138.65,34.03],[138.89,34.24],[138.67,34.42],[138.16,34.26],[137.8,34.02],[137.61,34.34],[137.11,34.2],[137,33.93],[136.64,33.99],[136.27,33.77],[135.87,33.34],[135.28,33.5],[134.92,33.48],[135.07,33.24],[134.81,32.94],[134.33,32.93],[134.15,32.69],[133.91,32.97],[133.66,32.81],[133.76,32.45],[132.89,32.3],[132.37,32.57],[132.07,32.31],[131.93,31.31],[131.56,30.96],[131.46,30.61],[131.24,30.34],[131.19,30.08],[130.84,29.88],[130.43,29.31],[129.84,29.35],[130.22,28.89],[130.13,28.61],[130.21,28.23],[130.01,28.04],[129.7,28.02],[129.35,27.76],[129.42,27.47],[128.99,27.34],[128.59,26.58],[128.29,26.34],[128.15,26.07],[127.88,25.94],[127.17,25.74],[127.04,25.98],[126.6,26.35],[126.87,26.85],[127.24,27.23],[127.38,27.53],[127.6,27.64],[127.73,28.07],[127.51,28.31],[127.87,28.69],[128.1,28.68],[128.42,28.1],[128.64,28.23],[128.57,28.8],[128.74,29.08],[128.79,29.67],[128.42,29.69],[128.24,29.5],[127.82,29.47],[127.58,29.26],[127.55,28.86],[127.22,28.56],[127.27,28.35],[127.11,28.11],[126.67,27.98],[126.32,27.71],[126.22,27.27],[126.29,27.15],[125.85,26.84],[125.36,26.25],[124.87,26.28],[124.78,25.98],[124.07,25.56],[123.61,25.6],[123.47,25.48],[122.97,25.47],[122.28,24.96],[122.42,24.82],[122.75,24.82],[122.9,24.66],[123.3,24.7],[123.48,24.45],[123.86,24.6],[124.55,25.02],[125.04,25.04],[125.21,25.22],[125.61,25.31],[125.64,25.49],[125.94,25.73],[126.31,25.87],[126.4,26.02],[126.89,25.92],[127.04,25.65],[126.59,25.36],[126.13,24.81],[125.74,24.53],[125.31,24.51],[124.85,24.26],[124.38,24.21],[123.86,23.98],[123.11,23.97],[122.82,24.19],[122.37,24.2],[122.09,24.45],[121.82,24.22],[121.7,23.88],[121.68,23.47],[121.52,22.95],[121.6,22.64],[121.42,22.56],[121.34,22.26],[121.02,22],[121.25,21.88],[121.18,21.5],[121.03,21.36],[121.04,20.97],[120.84,21],[120.58,21.23],[120.6,21.6],[120.3,21.69],[120.22,21.96],[119.95,22.38],[119.76,22.49],[119.38,22.24],[118.8,22.1],[118.25,22.08],[118.18,21.84],[117.86,21.41],[117.93,20.98],[117.74,20.9],[117.46,20.42],[117.02,20.06],[116.33,20.11],[115.66,20.1],[115.4,19.94],[114.49,19.68],[114.51,19.41],[113.94,18.94],[113.12,18.81],[112.94,18.62],[112.32,18.41],[111.5,18.4],[110.91,17.96],[110.87,17.7],[110.63,17.58],[110.04,17.02],[109.82,16.63],[109.8,16.37],[110.36,16.02],[110.75,16.19],[111.17,16.24],[111.01,16.5],[110.76,16.54],[110.85,16.83],[111.29,16.83],[111.25,17.12],[111.04,17.29],[111.29,17.53],[112.13,17.2],[112.42,17.4],[112.83,16.78],[112.82,16.15],[112.53,15.73],[111.87,15.63],[111.74,15.86],[111.49,15.88],[111.44,15.58],[111.02,15.49],[110.78,14.68],[110.5,14.51],[110.04,14.04],[109.9,13.48],[109.87,11.83],[110.19,11.43],[110.18,10.65],[109.79,10.25],[109.7,10.01],[109.44,9.7],[109.34,9.34],[109.37,8.63],[109.54,8.36],[109.98,8.52],[110.27,8.45],[110.53,8.51],[110.78,8.18],[110.67,7.81],[110.25,7.51],[109.89,7.4],[109.84,7.21],[109.58,6.93],[109.65,6.55],[110.03,6.26],[110.38,6.3],[110.45,6.12],[111.38,5.7],[111.74,5.71],[112.44,6.07],[112.55,6.32],[112.91,5.94],[112.67,5.84],[113.09,5.23],[113.47,5.26],[113.76,5.18],[114.5,5.94],[115.25,6.6],[115.37,6.91],[115.63,7.17],[116.21,7.52],[116.37,7.7],[116.53,8.22],[116.88,8.74],[117.14,9.21],[117.31,9.26],[117.87,9.87],[117.87,10.06],[118.08,10.44],[118.45,10.91],[118.73,11.57],[118.9,11.69],[118.91,12.14],[119.06,12.27],[119.42,12.12],[119.78,12.77],[120.08,12.89],[120.48,12.86],[120.49,13.13],[120.29,13.34],[120.25,13.61],[119.96,13.85],[120.09,14.17],[120.1,14.52],[119.87,14.86],[119.88,15.17],[119.67,15.95],[119.71,16.58],[119.87,16.84],[120.19,16.86],[120.21,17.11],[120.02,17.18],[120.05,17.48],[120.24,17.5],[120.15,18],[120.28,18.35],[120.53,18.72],[120.96,18.77],[121.1,18.92],[121.06,19.34],[121.42,19.54],[121.82,19.18],[122.2,19.18],[122.11,18.85],[122.5,18.78],[122.52,18.24],[122.39,18.12],[122.36,17.65],[122.66,17.08],[122.64,16.88],[122.4,16.49],[122.35,16.25],[121.87,15.79],[121.71,15.46],[121.79,15.28],[122.47,15.03],[123.24,14.99],[123.74,15.12],[124.18,14.71],[124.27,14.37],[124.54,14.25],[124.7,13.82],[124.64,13.46],[124.41,13.37],[124.38,13.11],[124.86,12.81],[125.13,12.8],[125.31,12.65],[125.66,12.16],[125.75,11.91],[125.69,11.52],[126.07,10.73],[126.12,10.22],[126.29,9.89],[126.33,9.45],[126.5,8.93],[126.58,8.5],[126.7,8.33],[126.74,7.68],[128.69,7.25],[130.65,6.83],[132.6,6.41],[134.56,5.98],[136.51,5.56],[138.46,5.13],[140.42,4.71],[142.37,4.29],[144.33,3.86],[146.28,3.44],[148.24,3.01],[150.19,2.59],[152.15,2.17],[154.1,1.74],[156.06,1.32],[158.01,0.89],[159.96,0.47],[161.92,0.05],[163.39,-0.27],[164.36,-0.48],[166.32,-0.91],[168.27,-1.33],[170.23,-1.75],[172.18,-2.18],[174.14,-2.6],[176.09,-3.03],[178.04,-3.45],[180,-3.87],[180,-2],[180,-0.5],[180,1],[180,2.5],[180,4.5],[180,6.5],[180,8.5],[180,10],[180,12],[180,14],[180,16],[180,17.5],[180,19],[180,20.5],[180,22.25],[180,23.5],[180,25.5],[180,27],[180,28.37]],[[140.26,34.06],[140.54,33.61],[140.56,33.37],[140.41,32.89],[140.02,32.68],[140.07,32.47],[139.86,32.35],[139.08,32.42],[139.1,33],[139.51,32.97],[139.53,33.49],[139.72,33.62],[139.92,34],[140.26,34.06]],[[140.14,31.99],[139.99,31.76],[139.77,31.79],[139.78,32.14],[140.14,31.99]],[[139.37,31.38],[139.11,31.36],[139.11,31.66],[139.46,31.63],[139.37,31.38]],[[139.84,31.43],[140.21,31.55],[140.18,31.25],[139.84,31.43]],[[141.86,28.02],[142.07,28.11],[142.38,27.9],[142.49,27.7],[142.5,27.13],[142.33,26.97],[142.46,26.65],[142.41,26.28],[142.07,26.41],[141.98,26.83],[142.06,27.49],[141.89,27.77],[141.86,28.02]],[[141.23,25.14],[141.09,25.48],[141.36,25.54],[141.23,25.14]],[[141.13,24.72],[141.17,24.95],[141.42,24.96],[141.47,24.61],[141.62,24.36],[141.4,24.21],[141.13,24.72]],[[121.54,22.37],[121.7,22.09],[121.79,21.61],[121.53,21.47],[121.4,22.14],[121.54,22.37]],[[122.04,21.2],[122.13,20.52],[121.96,20.07],[121.75,20.21],[121.71,20.8],[121.85,21.17],[122.04,21.2]],[[122.14,19.57],[122.02,19.39],[121.77,19.43],[121.89,19.73],[122.14,19.57]],[[114.55,16.44],[115.03,16.28],[115.02,16.1],[114.79,15.71],[114.44,15.56],[114.31,15.38],[113.95,15.42],[113.61,15.55],[114.26,16.32],[114.55,16.44]],[[116.64,11.86],[116.76,12.01],[117.13,12.08],[117.32,11.98],[117.54,11.66],[117.71,11.19],[117.54,11],[117.44,10.58],[117.02,10.53],[116.82,10.3],[116.51,10.28],[116.13,10.55],[116.05,10.88],[116.24,11.08],[116.35,11.45],[116.64,11.86]],[[115.61,10.12],[115.82,10.05],[115.46,9.64],[115.44,10.01],[115.61,10.12]],[[114.86,9],[114.74,8.76],[114.92,8.01],[114.5,7.77],[114.23,7.46],[114.02,7.51],[113.76,7.31],[113.68,7.64],[113.81,8.06],[114.04,8.09],[114.45,8.32],[114.26,8.47],[113.83,8.45],[113.53,9.06],[113.62,9.35],[114.15,9.14],[114.25,8.97],[114.86,9]],[[115.47,8.54],[115.55,8.4],[115.32,8.16],[115.02,8.28],[115.03,8.47],[115.47,8.54]],[[111.91,7.8],[111.59,7.5],[111.47,7.62],[111.62,8.06],[111.86,8.01],[111.91,7.8]],[[113.07,8.05],[113.29,8.37],[113.57,8.23],[113.28,7.93],[113.07,8.05]],[[112.15,8.77],[112.08,9.11],[112.58,8.95],[112.7,8.73],[112.15,8.77]],[[114.38,10.5],[114.97,10.45],[114.72,10.2],[114.83,10.07],[114.66,9.67],[114.17,9.7],[114.31,10.02],[114.16,10.19],[114.38,10.5]],[[114.61,10.66],[114.32,10.61],[113.98,10.9],[114.32,11.18],[114.62,11.16],[114.98,11.3],[114.61,10.66]],[[116.14,11.62],[116.4,11.73],[116.2,11.1],[115.97,11.26],[116.14,11.62]],[[115.11,11.19],[114.96,10.79],[114.82,10.91],[115.11,11.19]],[[115.78,10.83],[115.97,10.66],[115.87,10.41],[115.64,10.56],[115.78,10.83]],[[146.17,16.6],[146.22,16.07],[146.05,15.77],[145.85,16.09],[146.03,16.56],[146.17,16.6]],[[145.37,15.05],[145.56,15.31],[145.87,15.55],[146.03,15.52],[145.8,14.88],[145.64,14.68],[145.37,15.05]],[[145.29,14.33],[145.18,14.02],[145.13,13.59],[144.81,13.11],[144.56,13.35],[144.67,13.7],[145.29,14.33]],[[144.58,13.08],[144.55,12.84],[144.3,12.79],[144.43,13.16],[144.58,13.08]],[[161.99,11.78],[162.25,11.79],[162.47,11.58],[162.28,11.26],[162.12,11.31],[161.9,11.66],[161.99,11.78]],[[165.29,11.44],[165.12,11.67],[165.27,11.81],[165.63,11.72],[165.67,11.47],[165.29,11.44]],[[166.57,11.46],[166.83,11.61],[167.21,11.52],[166.91,11.07],[166.36,11.05],[166.31,11.31],[166.57,11.46]],[[169.47,11.21],[169.84,11.44],[169.94,11.16],[169.72,10.96],[169.47,11.21]],[[169.95,10.62],[170.07,10.55],[170.06,10.18],[169.8,10.25],[169.95,10.62]],[[169.08,10.15],[169.37,9.98],[169.15,9.74],[168.91,10],[169.08,10.15]],[[170.12,9.71],[170.36,9.44],[170.16,9.26],[170.13,8.95],[169.86,9.11],[169.68,9.55],[169.83,9.69],[170.12,9.71]],[[170.79,8.96],[171.14,8.96],[171.33,8.75],[171.24,8.11],[170.96,8.24],[171.03,8.52],[170.83,8.73],[170.79,8.96]],[[168.21,8.25],[168.39,7.88],[168.16,7.76],[167.92,8.15],[168.21,8.25]],[[168.97,7.7],[169.05,7.51],[168.93,7.23],[168.54,7.31],[168.5,7.55],[168.97,7.7]],[[171.58,7.32],[172.04,7.06],[171.81,6.91],[171.49,7.04],[171.58,7.32]],[[158.47,6.89],[158.36,6.68],[157.92,6.68],[157.84,6.81],[158.27,7.11],[158.47,6.89]],[[149.44,6.64],[149.14,6.76],[148.94,7.08],[149.24,7.13],[149.44,6.64]],[[134.15,6.82],[134.13,7.28],[134.41,7.71],[134.54,8.18],[134.54,8.51],[134.71,8.53],[134.81,8.13],[134.72,7.4],[134.65,7.27],[134.15,6.82]],[[137.44,8.22],[137.32,8.57],[137.7,8.68],[137.6,8.28],[137.44,8.22]],[[148.01,9.01],[148.04,9.32],[148.27,9.34],[148.34,9.09],[148.01,9.01]],[[138,9.31],[138.1,9.67],[138.28,9.49],[138,9.31]],[[139.66,9.63],[139.48,9.86],[139.5,10.11],[139.73,10.24],[140.06,9.97],[139.66,9.63]],[[167.5,9.48],[167.82,9.19],[167.87,8.87],[167.64,8.69],[167.43,9.03],[167.22,9.06],[166.78,9.28],[166.8,9.41],[167.3,9.41],[167.5,9.48]],[[152.42,8.84],[152.29,8.53],[151.81,8.37],[151.63,8.69],[151.98,8.71],[152.18,8.86],[152.42,8.84]],[[149.1,8.17],[149.07,7.82],[148.84,7.59],[148.59,7.66],[148.34,7.46],[148.05,7.46],[147.71,7.63],[148.07,7.89],[147.64,7.99],[147.46,8.14],[146.88,8.02],[146.72,8.19],[147.51,8.33],[148.08,8.36],[148.3,8.59],[148.62,8.76],[148.93,8.8],[149.07,8.63],[149.1,8.17]],[[149.3,7.6],[149.6,7.65],[149.53,7.2],[149.32,7.17],[149.01,7.45],[149.3,7.6]],[[151.64,7.7],[152.02,7.65],[152.14,7.34],[152.11,7.02],[151.86,6.99],[151.44,7.28],[151.42,7.43],[151.64,7.7]],[[155.32,7.33],[155.15,7.43],[155.17,7.69],[155.44,7.7],[155.52,7.42],[155.32,7.33]],[[152.64,7.1],[152.85,6.98],[152.72,6.7],[152.53,6.89],[152.64,7.1]],[[144.58,7.2],[144.45,7.44],[144.67,7.59],[144.83,7.47],[144.58,7.2]],[[144.84,8.04],[144.88,8.28],[145.13,8.52],[145.45,8.39],[145.03,7.98],[144.84,8.04]],[[149.47,8.36],[149.64,8.69],[150.04,9.04],[150.23,9.05],[150.5,8.63],[150.14,8.47],[149.91,8.5],[149.47,8.36]],[[165.7,8.89],[165.45,9.23],[165.61,9.31],[165.82,9.09],[165.7,8.89]],[[149.44,6.4],[149.6,6.42],[149.86,5.93],[149.75,5.81],[149.43,6.12],[149.44,6.4]],[[169.39,6.35],[169.6,6.34],[169.8,6.11],[169.69,5.77],[169.34,5.99],[169.39,6.35]],[[171.7,6],[171.76,6.32],[172.18,6.29],[172.22,5.86],[171.7,6]],[[153.79,5.68],[153.91,5.46],[153.72,5.21],[153.38,5.4],[153.5,5.69],[153.79,5.68]],[[172.89,3.37],[173.08,3.17],[172.7,2.99],[172.66,3.35],[172.89,3.37]],[[172.94,2.03],[173.11,1.93],[173.08,1.27],[173.16,0.93],[172.83,0.92],[172.97,1.26],[172.83,1.43],[172.74,1.89],[172.94,2.03]],[[173.37,0.39],[173.68,0.26],[173.54,0.07],[173.28,0.2],[173.37,0.39]],[[174.11,-0.58],[174.19,-0.46],[174.5,-0.57],[174.54,-0.87],[174.29,-0.85],[174.11,-0.58]],[[174.96,-1.62],[174.77,-1.49],[174.59,-1.13],[174.75,-1.04],[175.1,-1.38],[174.96,-1.62]]]},"properties":{"scalerank":0,"featurecla":"Bathymetry","depth":1000}},
{"type":"Feature","geometry":{"type":"Polygon","coordinates":[[[-131.73,-73.21],[-131.73,-71.71],[-131.73,-70.22],[-131.73,-69.22],[-131.73,-67.23],[-131.73,-66.24],[-131.73,-64.24],[-131.73,-62.75],[-131.73,-61.26],[-131.73,-59.76],[-131.73,-58.27],[-131.73,-56.28],[-131.73,-54.28],[-131.73,-52.79],[-131.73,-51.79],[-131.73,-50.3],[-131.73,-48.81],[-131.73,-47.31],[-131.73,-46.31],[-131.73,-44.32],[-131.73,-42.83],[-131.73,-41.33],[-131.73,-39.84],[-131.73,-38.84],[-131.73,-36.85],[-131.73,-34.86],[-131.73,-33.37],[-131.73,-32.37],[-131.73,-30.38],[-131.73,-28.88],[-131.73,-27.89],[-131.73,-25.9],[-131.73,-24.9],[-131.73,-23.41],[-131.73,-21.91],[-131.73,-20.42],[-131.73,-18.92],[-131.73,-17.43],[-131.73,-15.94],[-131.73,-13.94],[-131.73,-12.45],[-131.73,-10.96],[-131.73,-9.96],[-131.73,-8.47],[-131.73,-6.47],[-131.73,-5.48],[-131.73,-3.98],[-131.73,-1.99],[-131.73,0],[-133.22,0],[-134.21,0],[-136.2,0],[-138.2,0],[-139.19,0],[-141.18,0],[-142.67,0],[-144.17,0],[-145.66,0],[-147.15,0],[-148.15,0],[-149.64,0],[-150.64,0],[-152.13,0],[-153.62,0],[-155.12,0],[-157.11,0],[-158.1,0],[-160.09,0],[-161.59,0],[-163.08,0],[-164.57,0],[-166.07,0],[-168.06,0],[-169.55,0],[-171.54,0],[-172.53,0],[-174.53,0],[-175.52,0],[-177.01,0],[-178.01,0],[-180,0],[-180,-2],[-180,-3.5],[-180,-5.5],[-180,-6.5],[-180,-8.5],[-180,-10],[-180,-11.45],[-179.7,-11.56],[-179.3,-11.9],[-179.11,-12.19],[-179.26,-12.28],[-179.43,-12.61],[-179.64,-12.35],[-179.78,-12],[-180,-11.81],[-180,-13.37],[-179.72,-13.51],[-180,-13.73],[-180,-15.62],[-179.66,-15.68],[-179.63,-15.95],[-179.21,-15.76],[-179.04,-16.05],[-178.7,-16.37],[-178.56,-16.66],[-178.48,-17.08],[-178.44,-17.82],[-178.16,-17.85],[-178.08,-18.34],[-178.18,-18.75],[-178.08,-18.94],[-178.12,-19.26],[-178.03,-19.55],[-178.17,-20.17],[-178.39,-20.35],[-178.08,-20.71],[-178.21,-20.92],[-178.42,-20.93],[-178.35,-21.35],[-178.53,-21.61],[-178.4,-22.2],[-178.56,-22.22],[-178.71,-22.74],[-178.87,-22.49],[-178.97,-21.77],[-178.88,-21.32],[-179,-20.75],[-178.73,-20.47],[-178.54,-19.99],[-178.73,-19.91],[-178.5,-19.28],[-179.19,-19],[-179.18,-18.62],[-179.31,-18.43],[-179.29,-18.07],[-179.04,-17.71],[-179.3,-17.51],[-179.6,-17.53],[-179.78,-17.34],[-179.35,-16.91],[-179.73,-16.89],[-180,-17.04],[-180,-18.74],[-180,-20.5],[-180,-22],[-180,-23.5],[-180,-25.5],[-180,-27],[-180,-28.75],[-179.67,-28.7],[-179.54,-28.98],[-179.89,-29.16],[-179.79,-29.67],[-180,-29.78],[-180,-31.5],[-180,-32.5],[-180,-34.5],[-180,-36],[-180,-37],[-180,-38.5],[-180,-39.5],[-180,-41],[-180,-42.53],[-179.63,-42.48],[-178.82,-42.68],[-178.47,-42.53],[-178,-42.69],[-177.88,-42.85],[-177.32,-42.85],[-177.06,-42.75],[-176.81,-42.91],[-175.9,-42.86],[-175.32,-42.99],[-174.83,-42.88],[-173.97,-42.98],[-174.15,-43.28],[-174.77,-43.67],[-174.96,-43.83],[-174.87,-44.3],[-175.09,-44.5],[-175.39,-44.5],[-176.11,-44.71],[-177.49,-44.67],[-177.55,-44.47],[-178.2,-44.43],[-178.58,-44.6],[-178.97,-44.48],[-179.2,-44.56],[-179.68,-44.33],[-180,-44.4],[-180,-45.5],[-180,-47.23],[-179.26,-47.43],[-179.14,-47.83],[-178.96,-47.98],[-179.24,-48.28],[-179.33,-48.62],[-179.78,-48.76],[-180,-48.98],[-180,-50],[-180,-52],[-180,-53.5],[-180,-54.5],[-180,-56.5],[-180,-58],[-180,-59],[-180,-60.5],[-180,-62.5],[-180,-64],[-180,-65],[-180,-66.5],[-180,-67.78],[-179.41,-67.89],[-180,-68.11],[-180,-70],[-180,-71],[-179.76,-72.59],[-179.02,-72.25],[-178.95,-71.89],[-178.05,-71.72],[-177.94,-71.54],[-176.02,-71.76],[-175.75,-72.57],[-176.32,-72.91],[-177.11,-73.1],[-177.38,-73.67],[-176.3,-74.05],[-176.2,-74.49],[-176.93,-74.69],[-176.81,-74.94],[-174.31,-75.48],[-171.26,-75.91],[-169.51,-75.96],[-166.75,-75.89],[-164.5,-75.96],[-161.11,-76.28],[-158.06,-76.32],[-155.48,-76.45],[-154.56,-76.22],[-152.74,-76.11],[-151.42,-75.72],[-150.12,-75.62],[-148.9,-75.39],[-147.6,-75.34],[-146.52,-75.07],[-144.34,-74.74],[-144.05,-74.54],[-142.13,-74.4],[-141.62,-74.26],[-139.75,-74.09],[-136.75,-74.04],[-134.5,-73.63],[-132.55,-73.48],[-131.73,-73.21]],[[-140.76,-53.42],[-139.64,-54.03],[-139.7,-54.14],[-140.73,-53.66],[-140.76,-53.42]],[[-167.94,-38.19],[-167.65,-38.4],[-167.9,-38.64],[-168.17,-38.52],[-168.14,-38.26],[-167.94,-38.19]],[[-179.4,-32.94],[-179.33,-32.41],[-179.13,-32.18],[-178.95,-31.71],[-178.78,-31.71],[-178.94,-32.35],[-179.25,-32.91],[-179.4,-32.94]],[[-178.59,-30.9],[-178.52,-31.14],[-178.75,-31.56],[-179.03,-31.32],[-178.72,-31.12],[-178.59,-30.9]],[[-178.18,-29.75],[-178.19,-30.25],[-178.35,-30.67],[-178.6,-30.82],[-178.71,-30.5],[-178.51,-30.34],[-178.61,-30.09],[-178.32,-29.99],[-178.18,-29.75]],[[-177.78,-29.11],[-177.96,-29.6],[-178.27,-29.49],[-178.21,-29.15],[-177.92,-28.96],[-177.86,-28.51],[-177.6,-28.6],[-177.78,-29.11]],[[-179.55,-28.31],[-179.51,-28.03],[-179.67,-27.38],[-179.45,-26.95],[-179.2,-27.03],[-179.28,-27.86],[-179.39,-28.26],[-179.55,-28.31]],[[-144.62,-27.27],[-144.22,-27.5],[-144.31,-27.73],[-144.66,-27.58],[-144.62,-27.27]],[[-179.14,-26.82],[-179.33,-26.76],[-179.61,-26.16],[-179.12,-25.71],[-179.23,-25.35],[-179.11,-24.76],[-179.38,-24.67],[-179.11,-24.43],[-179.25,-24.17],[-179.29,-23.83],[-179.02,-23.55],[-178.82,-23.52],[-178.64,-23.72],[-178.63,-24.02],[-178.8,-24.36],[-178.75,-25.06],[-178.9,-25.42],[-178.83,-26.11],[-179.05,-26.15],[-179.14,-26.38],[-178.98,-26.69],[-179.14,-26.82]],[[-178.67,-23.61],[-178.7,-23.42],[-179.18,-23.22],[-179.06,-22.93],[-178.59,-22.83],[-178.56,-23.47],[-178.67,-23.61]],[[-176.28,-22.9],[-175.9,-22.34],[-175.85,-21.94],[-175.52,-21.38],[-175.53,-21.19],[-175.26,-20.85],[-175.23,-20.62],[-174.84,-19.87],[-174.82,-19.67],[-174.19,-18.63],[-173.92,-18.47],[-173.74,-18.58],[-173.91,-19.26],[-174.1,-19.52],[-174.12,-19.78],[-174.3,-20.16],[-174.42,-20.87],[-174.74,-20.98],[-174.79,-21.44],[-175.02,-21.55],[-175.03,-22.08],[-175.15,-22.33],[-175.39,-22.56],[-175.65,-23.23],[-175.81,-23.25],[-176.06,-23.83],[-175.93,-24.13],[-176.16,-24.43],[-176.09,-24.79],[-176.39,-24.93],[-176.25,-25.12],[-176.17,-25.5],[-176.47,-25.73],[-176.96,-25.74],[-177.18,-25.43],[-176.78,-24.82],[-176.64,-24.74],[-176.61,-24.22],[-176.42,-23.93],[-176.55,-23.69],[-176.28,-22.9]],[[-174.58,-18.69],[-174.66,-19.01],[-174.96,-18.87],[-174.58,-18.69]],[[-174.37,-18.19],[-174.48,-18.02],[-174.4,-17.78],[-174,-17.88],[-174.01,-18.13],[-174.3,-18.63],[-174.53,-18.29],[-174.37,-18.19]],[[-173.58,-17.15],[-173.84,-17.3],[-174.06,-17.23],[-173.93,-16.8],[-173.69,-16.81],[-173.58,-17.15]],[[-151.6,-16.69],[-151.34,-16.55],[-151.24,-16.79],[-151.46,-17],[-151.6,-16.69]],[[-173.74,-16.17],[-173.91,-16.08],[-173.9,-15.74],[-173.77,-15.46],[-173.54,-15.41],[-173.59,-15.89],[-173.74,-16.17]],[[-148.22,-15.24],[-148.39,-15],[-148.22,-14.81],[-147.58,-14.86],[-147.17,-15.11],[-147.24,-15.38],[-147.8,-15.32],[-148.02,-15.16],[-148.22,-15.24]],[[-145.34,-14.74],[-145.29,-14.55],[-145.04,-14.31],[-144.74,-14.4],[-145.21,-14.76],[-145.34,-14.74]],[[-145.73,-14.28],[-145.82,-14.49],[-146.36,-14.63],[-146.4,-14.34],[-145.73,-14.28]],[[-177.85,-14.3],[-178.24,-14.36],[-178.16,-14.09],[-177.85,-14.3]],[[-172.3,-14.12],[-172.34,-13.85],[-172.61,-13.8],[-172.89,-13.44],[-172.36,-13.27],[-171.94,-13.63],[-171.74,-13.63],[-171.29,-13.9],[-171.31,-14.16],[-171.96,-14.05],[-172.3,-14.12]],[[-176.26,-13.47],[-176.35,-13.26],[-176.26,-13.03],[-175.99,-13.2],[-176.02,-13.44],[-176.26,-13.47]],[[-174.64,-13.14],[-174.31,-12.95],[-174.24,-13.14],[-174.64,-13.14]],[[-177.7,-12.6],[-177.63,-12.17],[-177.28,-12.23],[-177.29,-12.55],[-177.7,-12.6]],[[-178.18,-11.92],[-178.42,-11.93],[-178.49,-11.62],[-178.1,-11.71],[-177.85,-11.58],[-177.6,-11.73],[-178.18,-11.92]],[[-170.55,-14.13],[-170.74,-14.43],[-170.92,-14.24],[-170.55,-14.13]],[[-146.95,-15.36],[-146.79,-15.12],[-146.11,-15.29],[-146.15,-15.61],[-146.52,-15.96],[-147.15,-15.77],[-147.17,-15.63],[-146.95,-15.36]],[[-142.24,-16.02],[-142.41,-16.29],[-142.57,-16.04],[-142.24,-16.02]],[[-143.86,-16.32],[-143.42,-16.51],[-143.45,-16.81],[-143.82,-16.71],[-143.99,-16.85],[-144.31,-16.89],[-144.51,-16.49],[-144.34,-16.25],[-143.86,-16.32]],[[-143.02,-16.88],[-143.09,-17.26],[-143.42,-16.98],[-143.21,-16.8],[-143.02,-16.88]],[[-142.18,-17.87],[-142.03,-18.3],[-142.25,-18.34],[-142.48,-18.02],[-142.18,-17.87]],[[-141,-18.34],[-141.14,-18.05],[-140.84,-18.03],[-140.53,-18.38],[-140.89,-18.49],[-141,-18.34]],[[-136.51,-18.38],[-136.17,-18.48],[-136.33,-18.67],[-136.51,-18.38]],[[-149.36,-17.95],[-149.57,-17.87],[-149.71,-17.63],[-149.64,-17.45],[-149.27,-17.46],[-149.04,-17.77],[-149.36,-17.95]],[[-145.55,-16.59],[-146.29,-15.93],[-146.18,-15.72],[-145.94,-15.7],[-145.75,-15.98],[-145.5,-15.99],[-145.26,-16.31],[-145.29,-16.49],[-145.55,-16.59]],[[-145.32,-15.97],[-145.28,-15.73],[-145.06,-15.7],[-144.94,-15.95],[-144.6,-16.13],[-144.89,-16.36],[-145.18,-16.24],[-145.32,-15.97]],[[-145.32,-16.58],[-144.74,-16.65],[-144.46,-16.87],[-144.72,-17.04],[-145.05,-16.87],[-145.37,-16.82],[-145.32,-16.58]],[[-136.95,-21.1],[-136.38,-21.2],[-136.29,-21.57],[-136.74,-21.42],[-136.95,-21.1]],[[-138.54,-21.64],[-138.84,-21.96],[-138.92,-21.7],[-138.54,-21.64]],[[-135.09,-23.01],[-134.83,-22.97],[-134.77,-23.2],[-134.95,-23.48],[-135.15,-23.19],[-135.09,-23.01]],[[-139.18,-10.06],[-139.22,-9.72],[-138.96,-9.61],[-138.69,-9.7],[-138.77,-10.06],[-139.18,-10.06]],[[-140.28,-9],[-140.28,-8.72],[-139.93,-8.71],[-139.91,-9.02],[-140.28,-9]],[[-140.64,-8.13],[-140.8,-8.04],[-140.62,-7.77],[-140.19,-7.71],[-139.96,-7.97],[-140.45,-7.94],[-140.64,-8.13]]]},"properties":{"scalerank":0,"featurecla":"Bathymetry","depth":1000}},
{"type":"Feature","geometry":{"type":"Polygon","coordinates":[[[-90.15,-0.13],[-90.28,-0.23],[-90.14,-0.38],[-90.04,-0.19],[-90.15,-0.13]]]},"properties":{"scalerank":0,"featurecla":"Bathymetry","depth":1000}},
{"type":"Feature","geometry":{"type":"Polygon","coordinates":[[[-91.15,0],[-91.01,-0.24],[-90.84,0],[-91.15,0]]]},"properties":{"scalerank":0,"featurecla":"Bathymetry","depth":1000}},
{"type":"Feature","geometry":{"type":"Polygon","coordinates":[[[-90.72,0],[-90.37,-0.12],[-90.39,0],[-90.72,0]]]},"properties":{"scalerank":0,"featurecla":"Bathymetry","depth":1000}},
{"type":"Feature","geometry":null,"properties":{"scalerank":0,"featurecla":"Bathymetry","depth":1000}},
{"type":"Feature","geometry":{"type":"Polygon","coordinates":[[[72.02,-5.56],[71.87,-5.52],[71.86,-5.66],[72.02,-5.56]]]},"properties":{"scalerank":0,"featurecla":"Bathymetry","depth":1000}},
{"type":"Feature","geometry":{"type":"Polygon","coordinates":[[[71.47,-6.79],[71.79,-6.99],[71.76,-6.84],[71.47,-6.79]]]},"properties":{"scalerank":0,"featurecla":"Bathymetry","depth":1000}},
{"type":"Feature","geometry":{"type":"Polygon","coordinates":[[[51.25,-46.54],[51.32,-46.33],[51.07,-46.26],[51.1,-46.46],[51.25,-46.54]]]},"properties":{"scalerank":0,"featurecla":"Bathymetry","depth":1000}},
{"type":"Feature","geometry":{"type":"Polygon","coordinates":[[[128.28,0],[128.34,-0.14],[128.75,-0.44],[128.93,-0.83],[129.29,-0.82],[129.7,-0.53],[129.6,-0.34],[129.38,-0.34],[129.23,0],[128.62,0],[128.4,0],[128.28,0]]]},"properties":{"scalerank":0,"featurecla":"Bathymetry","depth":1000}},
{"type":"Feature","geometry":{"type":"Polygon","coordinates":[[[120.46,0],[120.19,-0.22],[120.24,-0.6],[120.45,-0.64],[120.86,-0.36],[121.2,0],[120.46,0]]]},"properties":{"scalerank":0,"featurecla":"Bathymetry","depth":1000}},
{"type":"Feature","geometry":{"type":"Polygon","coordinates":[[[100.85,-2.71],[100.73,-2.39],[100,-1.4],[99.54,-0.66],[99.11,-0.68],[99.14,-0.98],[99.38,-1.54],[99.58,-1.68],[99.91,-2.14],[100.21,-2.37],[100.56,-2.86],[100.85,-2.71]]]},"properties":{"scalerank":0,"featurecla":"Bathymetry","depth":1000}},
{"type":"Feature","geometry":{"type":"Polygon","coordinates":[[[121,-1.12],[121.13,-1.08],[121.09,-0.89],[120.89,-1.03],[121,-1.12]]]},"properties":{"scalerank":0,"featurecla":"Bathymetry","depth":1000}},
{"type":"Feature","geometry":{"type":"Polygon","coordinates":[[[134.47,-1.15],[134.5,-0.94],[134.3,-0.96],[134.31,-1.1],[134.47,-1.15]]]},"properties":{"scalerank":0,"featurecla":"Bathymetry","depth":1000}},
{"type":"Feature","geometry":{"type":"Polygon","coordinates":[[[135.74,-1.3],[135.62,-1.1],[135.23,-1.04],[135.44,-1.28],[135.74,-1.3]]]},"properties":{"scalerank":0,"featurecla":"Bathymetry","depth":1000}},
{"type":"Feature","geometry":{"type":"Polygon","coordinates":[[[101.02,-3.31],[100.97,-3.17],[100.84,-3.24],[101.02,-3.31]]]},"properties":{"scalerank":0,"featurecla":"Bathymetry","depth":1000}},
{"type":"Feature","geometry":{"type":"Polygon","coordinates":[[[132.33,-4.66],[132.46,-4.85],[132.58,-4.63],[132.33,-4.66]]]},"properties":{"scalerank":0,"featurecla":"Bathymetry","depth":1000}},
{"type":"Feature","geometry":{"type":"Polygon","coordinates":[[[121.11,-7.17],[120.94,-7.01],[120.89,-7.12],[121.11,-7.17]]]},"properties":{"scalerank":0,"featurecla":"Bathymetry","depth":1000}},
{"type":"Feature","geometry":{"type":"Polygon","coordinates":[[[-109.8,79.62],[-110.06,79.68],[-110.35,79.61],[-110.11,79.57],[-109.8,79.62]]]},"properties":{"scalerank":0,"featurecla":"Bathymetry","depth":1000}},
{"type":"Feature","geometry":{"type":"Polygon","coordinates":[[[-166.31,77.54],[-166.61,77.6],[-166.77,77.55],[-166.31,77.54]]]},"properties":{"scalerank":0,"featurecla":"Bathymetry","depth":1000}},
{"type":"Feature","geometry":{"type":"Polygon","coordinates":[[[-165.72,77.37],[-166,77.32],[-165.92,77.13],[-165.74,77.12],[-165.79,77.26],[-165.72,77.37]]]},"properties":{"scalerank":0,"featurecla":"Bathymetry","depth":1000}},
{"type":"Feature","geometry":{"type":"Polygon","coordinates":[[[-165.21,76.87],[-165.92,76.91],[-165.94,76.63],[-165.49,76.58],[-165.21,76.87]]]},"properties":{"scalerank":0,"featurecla":"Bathymetry","depth":1000}},
{"type":"Feature","geometry":null,"properties":{"scalerank":0,"featurecla":"Bathymetry","depth":1000}},
{"type":"Feature","geometry":null,"properties":{"scalerank":0,"featurecla":"Bathymetry","depth":1000}},
{"type":"Feature","geometry":{"type":"Polygon","coordinates":[[[-7.45,77.77],[-6.77,77.79],[-6.86,77.84],[-7.15,77.83],[-7.45,77.77]]]},"properties":{"scalerank":0,"featurecla":"Bathymetry","depth":1000}},
{"type":"Feature","geometry":null,"properties":{"scalerank":0,"featurecla":"Bathymetry","depth":1000}},
{"type":"Feature","geometry":{"type":"Polygon","coordinates":[[[-60.83,74.66],[-60.93,74.71],[-61.17,74.68],[-60.89,74.64],[-60.83,74.66]]]},"properties":{"scalerank":0,"featurecla":"Bathymetry","depth":1000}},
{"type":"Feature","geometry":{"type":"Polygon","coordinates":[[[-62.1,74.2],[-62.75,74.02],[-62.06,73.95],[-62.1,74.2]]]},"properties":{"scalerank":0,"featurecla":"Bathymetry","depth":1000}},
{"type":"Feature","geometry":{"type":"Polygon","coordinates":[[[-77.41,73.9],[-77.33,73.99],[-77.71,73.97],[-77.41,73.9]]]},"properties":{"scalerank":0,"featurecla":"Bathymetry","depth":1000}},
{"type":"Feature","geometry":{"type":"Polygon","coordinates":[[[-76.32,73.86],[-76.66,73.98],[-77.04,73.84],[-76.32,73.86]]]},"properties":{"scalerank":0,"featurecla":"Bathymetry","depth":1000}},
{"type":"Feature","geometry":{"type":"Polygon","coordinates":[[[-75.98,73.39],[-76.12,73.67],[-76.69,73.67],[-76.44,73.5],[-75.98,73.39]]]},"properties":{"scalerank":0,"featurecla":"Bathymetry","depth":1000}},
{"type":"Feature","geometry":null,"properties":{"scalerank":0,"featurecla":"Bathymetry","depth":1000}},
{"type":"Feature","geometry":{"type":"Polygon","coordinates":[[[-30.88,67.25],[-30.86,67.16],[-30.58,67.17],[-30.67,67.3],[-30.88,67.25]]]},"properties":{"scalerank":0,"featurecla":"Bathymetry","depth":1000}},
{"type":"Feature","geometry":{"type":"Polygon","coordinates":[[[-3.21,35.61],[-3.23,35.73],[-3.4,35.64],[-3.33,35.58],[-3.21,35.61]]]},"properties":{"scalerank":0,"featurecla":"Bathymetry","depth":1000}},
{"type":"Feature","geometry":{"type":"Polygon","coordinates":[[[-72.82,18.54],[-72.98,18.66],[-73.09,18.55],[-72.82,18.54]]]},"properties":{"scalerank":0,"featurecla":"Bathymetry","depth":1000}},
{"type":"Feature","geometry":{"type":"Polygon","coordinates":[[[-86.44,16.15],[-85.89,16.35],[-86.21,16.32],[-86.46,16.26],[-86.44,16.15]]]},"properties":{"scalerank":0,"featurecla":"Bathymetry","depth":1000}},
{"type":"Feature","geometry":{"type":"Polygon","coordinates":[[[-65.23,10.68],[-65.35,10.85],[-65.56,10.82],[-65.69,10.64],[-65.4,10.61],[-65.23,10.68]]]},"properties":{"scalerank":0,"featurecla":"Bathymetry","depth":1000}},
{"type":"Feature","geometry":{"type":"Polygon","coordinates":[[[-64.44,10.51],[-64.79,10.63],[-64.85,10.53],[-64.44,10.51]]]},"properties":{"scalerank":0,"featurecla":"Bathymetry","depth":1000}},
{"type":"Feature","geometry":null,"properties":{"scalerank":0,"featurecla":"Bathymetry","depth":1000}},
{"type":"Feature","geometry":{"type":"Polygon","coordinates":[[[0,36.21],[0,37.58],[-0.65,37.44],[-1.13,37.44],[-1.43,37.31],[-1.65,37],[-1.53,36.83],[-1.91,36.57],[-2.36,36.4],[-2.6,36.48],[-2.88,36.35],[-2.93,36.16],[-3.46,36],[-3.73,36.02],[-3.96,36.2],[-4.58,36.21],[-4.76,35.91],[-4.43,35.61],[-3.82,35.68],[-3.01,36.09],[-2.24,35.96],[-1.94,35.82],[-1.22,35.83],[-0.56,35.96],[0,36.21]]]},"properties":{"scalerank":0,"featurecla":"Bathymetry","depth":1000}},
{"type":"Feature","geometry":{"type":"Polygon","coordinates":[[[-65.44,74.58],[-66.26,74.87],[-67.56,74.88],[-67.87,75],[-69.89,74.93],[-71.38,74.59],[-72.46,73.58],[-72.57,73.23],[-71.12,71.95],[-69.7,71.76],[-66.66,70.93],[-66.56,70.7],[-65.06,70.1],[-64.59,70.13],[-64.46,69.77],[-63.89,69.1],[-63.72,68.65],[-63.9,68.29],[-63.15,68.34],[-62.78,67.99],[-62.24,68.03],[-61.15,67.72],[-60.74,67.42],[-60.24,67.44],[-59.16,66.86],[-58.27,66.91],[-58.13,67.19],[-58.49,67.56],[-59.02,67.66],[-59.81,68.2],[-59.8,68.52],[-59.44,69.11],[-58.97,69.43],[-59.14,69.64],[-60.53,69.89],[-60.86,70.02],[-61.25,70.46],[-61.03,70.87],[-60.49,71.29],[-60.47,72.02],[-61.8,72.42],[-62.98,73.08],[-63.69,73.55],[-64.3,73.7],[-64.56,74.04],[-64.49,74.4],[-65.44,74.58]]]},"properties":{"scalerank":0,"featurecla":"Bathymetry","depth":1000}},
{"type":"Feature","geometry":null,"properties":{"scalerank":0,"featurecla":"Bathymetry","depth":1000}},
{"type":"Feature","geometry":{"type":"Polygon","coordinates":[[[32.36,44.61],[31.76,44.52],[31.52,44.2],[30.85,43.89],[30.08,43.45],[29.39,43.41],[29.22,43.21],[28.68,42.92],[28.63,42.62],[28.82,42.08],[29.05,41.75],[29.4,41.54],[29.78,41.47],[30.54,41.6],[30.83,41.43],[31.51,41.52],[32.01,41.84],[32.26,41.86],[33.22,42.19],[33.62,42.18],[33.94,42.41],[35.17,42.29],[35.96,41.99],[36.46,42.19],[36.74,42.22],[37.45,41.49],[37.48,41.32],[37.96,41.35],[38.75,41.16],[39.16,41.28],[39.97,41.17],[40.58,41.18],[41.25,41.55],[40.68,42.07],[40.59,42.57],[40.26,42.6],[39.99,43.22],[38.64,43.99],[38.38,44.21],[37.6,44.49],[36.98,44.52],[36.4,44.38],[35.87,44.55],[34.7,44.62],[34.13,44.15],[33.48,44.12],[33.28,44.37],[32.5,44.51],[32.36,44.61]]]},"properties":{"scalerank":0,"featurecla":"Bathymetry","depth":1000}},
{"type":"Feature","geometry":{"type":"Polygon","coordinates":[[[17.74,42.34],[17.39,42.32],[17.49,41.94],[17.37,41.69],[17.51,41.43],[17.88,41.21],[18.49,41.25],[18.1,41.66],[17.99,41.94],[18.1,42.17],[17.74,42.34]]]},"properties":{"scalerank":0,"featurecla":"Bathymetry","depth":1000}},
{"type":"Feature","geometry":{"type":"Polygon","coordinates":[[[26.3,37.77],[26.48,37.86],[26.41,37.94],[26.23,37.9],[26.3,37.77]]]},"properties":{"scalerank":0,"featurecla":"Bathymetry","depth":1000}},
{"type":"Feature","geometry":{"type":"Polygon","coordinates":[[[12.42,36.68],[12.24,36.79],[12.17,36.67],[12.35,36.55],[12.42,36.68]]]},"properties":{"scalerank":0,"featurecla":"Bathymetry","depth":1000}},
{"type":"Feature","geometry":{"type":"Polygon","coordinates":[[[24.28,36.06],[24.05,36.02],[24.13,35.86],[24.28,36.06]]]},"properties":{"scalerank":0,"featurecla":"Bathymetry","depth":1000}},
{"type":"Feature","geometry":{"type":"Polygon","coordinates":[[[27.55,36.14],[27.05,36.19],[26.96,35.89],[26.74,35.73],[26.06,35.83],[25.45,36.17],[24.87,36.17],[24.62,36.02],[25.05,35.72],[25.8,35.79],[26.09,35.54],[26.95,35.57],[27.1,35.97],[27.55,36.14]]]},"properties":{"scalerank":0,"featurecla":"Bathymetry","depth":1000}},
{"type":"Feature","geometry":{"type":"Polygon","coordinates":[[[23.62,36.05],[23.43,36.15],[23.37,36.07],[23.46,35.96],[23.62,36.05]]]},"properties":{"scalerank":0,"featurecla":"Bathymetry","depth":1000}},
{"type":"Feature","geometry":null,"properties":{"scalerank":0,"featurecla":"Bathymetry","depth":1000}},
{"type":"Feature","geometry":{"type":"Polygon","coordinates":[[[40.86,16.76],[40.85,16.54],[41.07,16.71],[40.86,16.76]]]},"properties":{"scalerank":0,"featurecla":"Bathymetry","depth":1000}},
{"type":"Feature","geometry":{"type":"Polygon","coordinates":[[[41.72,15.89],[41.66,16.06],[41.57,15.99],[41.72,15.89]]]},"properties":{"scalerank":0,"featurecla":"Bathymetry","depth":1000}},
{"type":"Feature","geometry":{"type":"Polygon","coordinates":[[[13.76,76.44],[13.77,76.43],[13.77,76.44],[13.76,76.44]]]},"properties":{"scalerank":0,"featurecla":"Bathymetry","depth":1000}},
{"type":"Feature","geometry":null,"properties":{"scalerank":0,"featurecla":"Bathymetry","depth":1000}},
{"type":"Feature","geometry":null,"properties":{"scalerank":0,"featurecla":"Bathymetry","depth":1000}},
{"type":"Feature","geometry":{"type":"Polygon","coordinates":[[[15.62,33.24],[15.97,32.61],[16.19,32.66],[16.73,32.45],[16.7,32.19],[17.14,31.88],[17.47,31.85],[17.74,31.66],[18.39,31.49],[18.71,31.28],[19.06,31.43],[19.11,32.1],[19.44,32.47],[19.58,32.47],[19.64,32.94],[20.11,33],[20.39,32.86],[20.75,32.85],[21.07,33.06],[21.93,33.13],[22.85,33.12],[23.32,33.18],[23.43,32.78],[23.93,32.56],[24.2,32.55],[24.51,32.31],[24.86,32.38],[25.4,32.01],[26.4,31.93],[27.07,31.56],[27.7,31.56],[28.03,31.4],[28.55,31.43],[28.79,31.27],[29.55,31.57],[29.53,31.78],[29.81,31.88],[30.15,32.19],[31.05,32.37],[31.56,32.42],[32.04,32.28],[32.46,32.47],[33.84,32.04],[34.08,32.11],[34.75,32.88],[35.06,33.58],[35.27,33.72],[35.52,34.08],[35.66,34.61],[35.72,35.13],[35.49,35.17],[35.7,35.81],[35.07,35.95],[34.89,35.58],[35.45,35.33],[34.77,35.03],[34.23,34.87],[33.86,34.84],[33.85,34.41],[33.69,34.35],[33.19,34.48],[32.79,34.43],[32.25,34.71],[32.16,35.03],[32.8,35.61],[33.26,35.75],[33.62,35.74],[33.73,35.9],[32.66,35.85],[32.25,36.01],[31.89,36.46],[31.49,36.58],[31.03,36.52],[30.76,36.59],[30.72,36.27],[30.55,36.1],[30.2,36.17],[29.62,36.05],[29.2,36.15],[28.96,36.46],[28.67,36.57],[28.41,36.4],[28.19,36.01],[27.91,35.78],[27.96,35.52],[27.32,35.42],[26.95,35.18],[26.01,34.82],[25.64,34.52],[25.38,34.62],[25.37,34.9],[24.77,34.87],[24.43,35.11],[23.46,35.26],[23.46,35.51],[23.21,35.54],[23,35.87],[22.66,36.16],[22.82,36.38],[22.3,36.35],[22.27,36.6],[21.81,36.61],[21.23,37.25],[20.59,37.68],[20.52,37.87],[20.23,37.97],[20.23,38.28],[20.42,38.5],[20.38,38.81],[19.97,39.22],[19.44,39.58],[19.25,39.89],[19.34,40.15],[19.06,40.19],[19.17,39.74],[19.14,39.49],[19.49,39.5],[19.53,39.01],[19.08,39.05],[18.67,39.19],[18.71,39.39],[18.17,39.44],[17.71,39.74],[17.49,40.06],[17.25,39.76],[17.42,39.57],[17.53,39.04],[16.95,38.68],[16.88,38.28],[16.42,38.15],[16.15,37.84],[15.66,37.89],[15.3,37.43],[15.47,36.98],[15.41,36.82],[15.55,36.42],[15.5,36.05],[15.8,35.72],[16.23,35.09],[16.48,34.81],[16.26,34.71],[16.09,34.28],[15.88,34.19],[15.53,33.77],[15.6,33.51],[16.05,33.4],[15.89,33.21],[15.62,33.24]],[[24.12,34.68],[23.67,34.97],[24.12,35.11],[24.49,34.86],[24.12,34.68]]]},"properties":{"scalerank":0,"featurecla":"Bathymetry","depth":1000}},
{"type":"Feature","geometry":{"type":"Polygon","coordinates":[[[23.86,39.31],[24.08,39.72],[23.66,39.58],[23.86,39.31]]]},"properties":{"scalerank":0,"featurecla":"Bathymetry","depth":1000}},
{"type":"Feature","geometry":{"type":"Polygon","coordinates":[[[13.02,36.61],[13.15,36.48],[13.42,36.46],[13.46,36.51],[13.13,36.55],[13.02,36.61]]]},"properties":{"scalerank":0,"featurecla":"Bathymetry","depth":1000}},
{"type":"Feature","geometry":{"type":"Polygon","coordinates":[[[13,35.98],[12.96,36.02],[12.92,35.99],[13,35.98]]]},"properties":{"scalerank":0,"featurecla":"Bathymetry","depth":1000}},
{"type":"Feature","geometry":{"type":"Polygon","coordinates":[[[13.01,35.97],[13.14,35.82],[13.22,35.76],[13.3,35.75],[13.32,35.8],[13.2,35.81],[13.01,35.97]]]},"properties":{"scalerank":0,"featurecla":"Bathymetry","depth":1000}},
{"type":"Feature","geometry":{"type":"Polygon","coordinates":[[[13.01,35.97],[13.01,35.98],[13,35.98],[13.01,35.97]]]},"properties":{"scalerank":0,"featurecla":"Bathymetry","depth":1000}},
{"type":"Feature","geometry":{"type":"Polygon","coordinates":[[[34.64,27.34],[34.49,27.87],[34.18,27.61],[34.28,27.28],[34.65,27.03],[34.68,26.79],[35.03,26.61],[35.08,26.35],[35.5,25.77],[35.62,25.78],[36.05,25.37],[36.06,24.81],[36.22,24.61],[36.3,23.79],[36.6,23.51],[36.77,23.23],[37.19,23.07],[37.24,22.8],[37.57,22.72],[37.7,22.32],[37.86,22.11],[37.78,21.49],[37.94,21.25],[38.08,20.83],[38.02,20.57],[38.3,19.99],[38.5,19.82],[38.69,19.43],[39.24,19.05],[39.6,18.46],[39.76,18.36],[40.06,17.78],[40.25,17.62],[40.14,17.43],[40.25,17.16],[40.52,17.37],[40.35,17.87],[40.07,18.38],[39.81,18.68],[39.59,19.05],[39.46,19],[39.08,19.53],[38.83,19.71],[38.7,20.05],[38.51,20.23],[38.46,20.56],[38.55,20.77],[38.32,21.01],[38.4,21.3],[38.21,21.53],[38.38,21.77],[38.11,22.07],[38.06,22.33],[37.69,22.79],[37.57,23.16],[37.28,23.28],[37.22,23.5],[36.96,23.77],[36.71,24.35],[36.72,24.67],[36.52,25.05],[36.69,25.3],[36.54,25.46],[36.1,25.56],[36.17,25.78],[35.78,25.99],[35.67,26.22],[35.43,26.3],[35.12,26.91],[34.64,27.34]]]},"properties":{"scalerank":0,"featurecla":"Bathymetry","depth":1000}},
{"type":"Feature","geometry":{"type":"Polygon","coordinates":[[[45.14,12.06],[44.76,12.12],[44.23,12.05],[45.05,12.02],[45.14,12.06]]]},"properties":{"scalerank":0,"featurecla":"Bathymetry","depth":1000}},
{"type":"Feature","geometry":{"type":"Polygon","coordinates":[[[153.54,50.62],[153.46,50.56],[153.65,50.54],[153.67,50.62],[153.54,50.62]]]},"properties":{"scalerank":0,"featurecla":"Bathymetry","depth":1000}},
{"type":"Feature","geometry":null,"properties":{"scalerank":0,"featurecla":"Bathymetry","depth":1000}},
{"type":"Feature","geometry":{"type":"Polygon","coordinates":[[[137.54,37.15],[137.4,37.25],[137.24,37.09],[137.54,37.15]]]},"properties":{"scalerank":0,"featurecla":"Bathymetry","depth":1000}},
{"type":"Feature","geometry":{"type":"Polygon","coordinates":[[[126.99,26.45],[127.06,26.47],[127.2,26.71],[126.96,26.64],[126.99,26.45]]]},"properties":{"scalerank":0,"featurecla":"Bathymetry","depth":1000}},
{"type":"Feature","geometry":{"type":"Polygon","coordinates":[[[122.87,12.93],[122.56,13.07],[122.32,12.96],[122.44,12.72],[122.78,12.63],[122.87,12.93]]]},"properties":{"scalerank":0,"featurecla":"Bathymetry","depth":1000}},
{"type":"Feature","geometry":{"type":"Polygon","coordinates":[[[122.62,11.88],[122.59,12.17],[122.25,12.43],[122.23,12.1],[122.62,11.88]]]},"properties":{"scalerank":0,"featurecla":"Bathymetry","depth":1000}},
{"type":"Feature","geometry":{"type":"Polygon","coordinates":[[[121.94,10.25],[121.66,10.42],[121.6,9.96],[121.44,9.61],[121.02,9.5],[120.92,9.66],[121.44,10.13],[121.49,10.44],[121.18,10.4],[120.75,10.06],[120.69,10.36],[120.25,10.33],[120.24,10.06],[119.97,10.09],[119.65,9.78],[119.33,9.76],[118.91,9.41],[118.86,9.12],[118.39,8.84],[118.41,8.46],[118.77,7.9],[118.61,7.22],[118.76,6.74],[119.12,6.5],[119.45,6.07],[119.7,6.13],[119.88,5.98],[120.22,6.14],[120.49,6.46],[120.94,6.7],[121.19,7],[121.51,7.02],[121.57,7.24],[121.93,7.34],[122.13,8.1],[122.44,8.31],[122.79,8.28],[122.94,8.68],[123.11,8.86],[122.78,9.2],[122.58,9.28],[122.28,9.67],[122.18,10.01],[122.36,10.37],[122.22,10.52],[121.94,10.25]],[[119.74,8.62],[119.78,8.96],[119.64,9.05],[119.81,9.34],[120.15,9.44],[120,9.1],[120.1,8.9],[119.74,8.62]]]},"properties":{"scalerank":0,"featurecla":"Bathymetry","depth":1000}},
{"type":"Feature","geometry":{"type":"Polygon","coordinates":[[[92.48,9.82],[92.64,10.08],[92.4,10.2],[92.36,9.92],[92.48,9.82]]]},"properties":{"scalerank":0,"featurecla":"Bathymetry","depth":1000}},
{"type":"Feature","geometry":{"type":"Polygon","coordinates":[[[125.03,9.63],[125,9.83],[124.25,9.5],[123.83,9.38],[123.7,8.93],[124.17,8.72],[124.57,8.78],[124.68,9],[124.51,9.18],[124.64,9.44],[124.89,9.37],[125,9.13],[125.43,9.24],[125.31,9.85],[125.03,9.63]]]},"properties":{"scalerank":0,"featurecla":"Bathymetry","depth":1000}},
{"type":"Feature","geometry":{"type":"Polygon","coordinates":[[[95.89,3.33],[95.86,3.5],[95.61,3.81],[95.53,3.74],[95.66,3.47],[95.89,3.33]]]},"properties":{"scalerank":0,"featurecla":"Bathymetry","depth":1000}},
{"type":"Feature","geometry":{"type":"Polygon","coordinates":[[[96.91,3.19],[96.34,3.24],[96.22,3.07],[96.41,2.86],[96.65,2.86],[96.72,2.54],[97.01,2.66],[96.82,2.85],[96.91,3.19]]]},"properties":{"scalerank":0,"featurecla":"Bathymetry","depth":1000}},
{"type":"Feature","geometry":{"type":"Polygon","coordinates":[[[128.33,1.64],[128.37,1.7],[128.36,1.86],[128.25,1.71],[128.33,1.64]]]},"properties":{"scalerank":0,"featurecla":"Bathymetry","depth":1000}},
{"type":"Feature","geometry":{"type":"Polygon","coordinates":[[[129.23,0],[128.67,0.19],[128.62,0],[129.23,0]]]},"properties":{"scalerank":0,"featurecla":"Bathymetry","depth":1000}},
{"type":"Feature","geometry":{"type":"Polygon","coordinates":[[[128.4,0],[128.31,0.06],[128.28,0],[128.4,0]]]},"properties":{"scalerank":0,"featurecla":"Bathymetry","depth":1000}},
{"type":"Feature","geometry":{"type":"Polygon","coordinates":[[[121.2,0],[121.01,0.19],[120.76,0.04],[120.46,0],[121.2,0]]]},"properties":{"scalerank":0,"featurecla":"Bathymetry","depth":1000}},
{"type":"Feature","geometry":{"type":"Polygon","coordinates":[[[94.66,13.84],[94.67,13.84],[94.66,13.85],[94.66,13.84]]]},"properties":{"scalerank":0,"featurecla":"Bathymetry","depth":1000}},
{"type":"Feature","geometry":null,"properties":{"scalerank":0,"featurecla":"Bathymetry","depth":1000}},
{"type":"Feature","geometry":null,"properties":{"scalerank":0,"featurecla":"Bathymetry","depth":1000}},
{"type":"Feature","geometry":null,"properties":{"scalerank":0,"featurecla":"Bathymetry","depth":1000}},
{"type":"Feature","geometry":{"type":"Polygon","coordinates":[[[144.72,54.89],[144.87,55.1],[144.58,55.04],[144.72,54.89]]]},"properties":{"scalerank":0,"featurecla":"Bathymetry","depth":1000}},
{"type":"Feature","geometry":{"type":"Polygon","coordinates":[[[141.44,47.29],[140.28,47.22],[139.75,46.67],[139.54,46.68],[138.6,46.2],[137.73,45.38],[137.44,44.94],[136.82,44.62],[136.64,44.09],[136.05,43.85],[135.32,43.28],[134.96,43.11],[134.86,42.83],[134.28,42.58],[133.84,42.5],[132.94,42.5],[132.54,42.39],[131.42,42.34],[130.49,42.02],[130.06,41.59],[129.91,41.09],[129.96,40.78],[129.74,40.49],[129.22,40.23],[129.11,40.02],[128.54,39.78],[128.41,39.15],[128.71,38.49],[129.01,38.08],[129.34,37.96],[129.81,37.6],[129.98,37.32],[130.08,36.7],[130.05,36.32],[129.89,35.96],[130.05,35.78],[130.72,35.75],[131.33,36.02],[132.24,36.05],[132.46,36.23],[132.59,36.58],[132.52,37.06],[132.25,37.16],[132.71,37.64],[133.1,37.69],[133.38,37.5],[133.66,37.03],[133.55,36.8],[133.93,36.7],[134.53,37],[134.68,37.23],[135.12,37.36],[135.31,37.18],[134.56,36.6],[134.14,36.45],[134.37,36.15],[134.9,36.41],[135.22,36.73],[135.75,36.85],[135.8,37.11],[136.04,37.24],[136.14,37.65],[136.1,37.88],[136.54,38.09],[136.93,38.62],[137.49,38.5],[137.5,38.09],[137.79,37.82],[137.65,37.62],[138.17,37.52],[138.1,37.92],[138.19,38.29],[138.08,38.42],[138.11,38.9],[138.46,39.07],[138.58,39.53],[138.98,39.79],[139.44,39.79],[139.54,40.1],[139.46,40.59],[139.76,40.67],[139.87,41.04],[139.55,41.46],[139.84,41.5],[139.97,41.9],[139.75,42.02],[139.59,41.62],[139.33,42.18],[139.63,42.38],[140.01,42.97],[140.01,43.34],[140.14,43.67],[139.83,44.11],[139.53,44.19],[139.23,44.51],[139.39,44.59],[139.63,45.36],[139.61,45.62],[140.29,46.06],[140.56,46.12],[140.61,46.61],[140.5,46.89],[140.79,47.19],[141.14,47.14],[141.44,47.29]],[[134.42,39.84],[133.83,39.46],[133.76,39.23],[133.51,39.2],[133.44,39.66],[133.54,39.92],[134.13,40.23],[134.45,40.06],[134.42,39.84]],[[135.02,39.71],[135.59,39.8],[136.01,39.74],[136.11,39.56],[135.84,39.3],[135.19,39.23],[134.54,38.9],[133.73,38.86],[133.94,39.1],[134.39,39.29],[134.85,39.7],[135.02,39.71]],[[130.08,39],[129.81,38.82],[129.72,39.26],[130.28,39.29],[130.08,39]],[[133.53,38.28],[133.77,38.47],[134.01,38.46],[134.07,38.18],[134.34,37.99],[133.85,37.56],[133.41,37.64],[133.38,37.94],[133.53,38.28]],[[131.43,38.17],[131.65,37.93],[131.2,37.84],[131.07,37.98],[131.43,38.17]]]},"properties":{"scalerank":0,"featurecla":"Bathymetry","depth":1000}},
{"type":"Feature","geometry":{"type":"Polygon","coordinates":[[[-96.43,-70.72],[-96.34,-70.95],[-96.06,-70.95],[-96.14,-70.82],[-96.43,-70.72]]]},"properties":{"scalerank":0,"featurecla":"Bathymetry","depth":1000}},
{"type":"Feature","geometry":{"type":"Polygon","coordinates":[[[-98.95,-71.18],[-99.6,-71.26],[-99.14,-71.42],[-98.95,-71.18]]]},"properties":{"scalerank":0,"featurecla":"Bathymetry","depth":1000}},
{"type":"Feature","geometry":{"type":"Polygon","coordinates":[[[-98.52,-71.21],[-98.43,-71.06],[-98.6,-71.07],[-98.64,-71.19],[-98.52,-71.21]]]},"properties":{"scalerank":0,"featurecla":"Bathymetry","depth":1000}},
{"type":"Feature","geometry":{"type":"Polygon","coordinates":[[[-96.19,-71.31],[-95.98,-71.14],[-96.09,-71.12],[-96.27,-71.29],[-96.19,-71.31]]]},"properties":{"scalerank":0,"featurecla":"Bathymetry","depth":1000}},
{"type":"Feature","geometry":{"type":"Polygon","coordinates":[[[-100.25,-71.18],[-100.21,-71.32],[-100.03,-71.3],[-100.1,-71.18],[-100.25,-71.18]]]},"properties":{"scalerank":0,"featurecla":"Bathymetry","depth":1000}},
{"type":"Feature","geometry":{"type":"Polygon","coordinates":[[[-97.52,-71.46],[-97.36,-71.39],[-97.4,-71.34],[-97.62,-71.44],[-97.52,-71.46]]]},"properties":{"scalerank":0,"featurecla":"Bathymetry","depth":1000}},
{"type":"Feature","geometry":{"type":"Polygon","coordinates":[[[-102.27,-71.42],[-102.89,-71.45],[-102.98,-71.64],[-102.46,-71.54],[-102.27,-71.42]]]},"properties":{"scalerank":0,"featurecla":"Bathymetry","depth":1000}},
{"type":"Feature","geometry":{"type":"Polygon","coordinates":[[[-103.1,-71.83],[-103.58,-71.88],[-103.83,-71.79],[-104.04,-71.89],[-103.33,-71.94],[-103.1,-71.83]]]},"properties":{"scalerank":0,"featurecla":"Bathymetry","depth":1000}},
{"type":"Feature","geometry":null,"properties":{"scalerank":0,"featurecla":"Bathymetry","depth":1000}},
{"type":"Feature","geometry":{"type":"Polygon","coordinates":[[[-118.17,-73.87],[-117.94,-73.97],[-117.69,-73.9],[-117.96,-73.84],[-118.17,-73.87]]]},"properties":{"scalerank":0,"featurecla":"Bathymetry","depth":1000}},
{"type":"Feature","geometry":{"type":"Polygon","coordinates":[[[-115.61,-73.9],[-115.82,-73.9],[-115.78,-73.96],[-115.58,-73.96],[-115.61,-73.9]]]},"properties":{"scalerank":0,"featurecla":"Bathymetry","depth":1000}},
{"type":"Feature","geometry":{"type":"Polygon","coordinates":[[[-105.83,-74.04],[-105.94,-73.9],[-106.37,-73.99],[-105.97,-74.11],[-105.9,-74.22],[-105.46,-74.18],[-105.83,-74.04]]]},"properties":{"scalerank":0,"featurecla":"Bathymetry","depth":1000}},
{"type":"Feature","geometry":{"type":"Polygon","coordinates":[[[-103.72,-74.51],[-103.72,-74.49],[-104.14,-74.45],[-103.99,-74.51],[-103.72,-74.51]]]},"properties":{"scalerank":0,"featurecla":"Bathymetry","depth":1000}},
{"type":"Feature","geometry":{"type":"Polygon","coordinates":[[[-104.43,-74.56],[-104.72,-74.62],[-104.42,-74.66],[-104.43,-74.56]]]},"properties":{"scalerank":0,"featurecla":"Bathymetry","depth":1000}},
{"type":"Feature","geometry":{"type":"Polygon","coordinates":[[[-142.18,-74.69],[-142.55,-74.65],[-142.82,-74.74],[-142.12,-74.77],[-142.18,-74.69]]]},"properties":{"scalerank":0,"featurecla":"Bathymetry","depth":1000}},
{"type":"Feature","geometry":{"type":"Polygon","coordinates":[[[-105.02,-74.88],[-104.93,-74.78],[-105,-74.64],[-105.17,-74.62],[-105.22,-74.81],[-105.02,-74.88]]]},"properties":{"scalerank":0,"featurecla":"Bathymetry","depth":1000}},
{"type":"Feature","geometry":{"type":"Polygon","coordinates":[[[-140.91,-74.69],[-141.53,-74.83],[-141.41,-74.99],[-140.53,-74.84],[-140.91,-74.69]]]},"properties":{"scalerank":0,"featurecla":"Bathymetry","depth":1000}},
{"type":"Feature","geometry":{"type":"Polygon","coordinates":[[[-41.88,-61.54],[-41.73,-61.46],[-41.81,-61.43],[-41.99,-61.49],[-41.88,-61.54]]]},"properties":{"scalerank":0,"featurecla":"Bathymetry","depth":1000}},
{"type":"Feature","geometry":{"type":"Polygon","coordinates":[[[-59.66,-62.69],[-59.47,-62.83],[-58.75,-62.83],[-58.13,-62.62],[-57.36,-62.57],[-56.54,-62.3],[-57.03,-62.08],[-58.03,-62.23],[-59.66,-62.69]]]},"properties":{"scalerank":0,"featurecla":"Bathymetry","depth":1000}},
{"type":"Feature","geometry":{"type":"Polygon","coordinates":[[[-61.7,-63.61],[-61.5,-63.45],[-61.66,-63.34],[-61.7,-63.49],[-61.82,-63.57],[-61.7,-63.61]]]},"properties":{"scalerank":0,"featurecla":"Bathymetry","depth":1000}},
{"type":"Feature","geometry":{"type":"Polygon","coordinates":[[[-69.95,-68.85],[-69.94,-68.68],[-70.06,-68.68],[-69.95,-68.85]]]},"properties":{"scalerank":0,"featurecla":"Bathymetry","depth":1000}},
{"type":"Feature","geometry":{"type":"Polygon","coordinates":[[[-76.58,-70.37],[-76.53,-70.3],[-76.66,-70.27],[-76.78,-70.32],[-76.58,-70.37]]]},"properties":{"scalerank":0,"featurecla":"Bathymetry","depth":1000}},
{"type":"Feature","geometry":{"type":"Polygon","coordinates":[[[-36.01,-77.35],[-36.38,-76.85],[-38.83,-77.54],[-39.7,-77.69],[-39.94,-78.12],[-37.12,-78.23],[-37.19,-77.83],[-36.01,-77.35]]]},"properties":{"scalerank":0,"featurecla":"Bathymetry","depth":1000}},
{"type":"Feature","geometry":{"type":"Polygon","coordinates":[[[-61.13,-63.19],[-61.42,-63.28],[-61.31,-63.35],[-61.13,-63.19]]]},"properties":{"scalerank":0,"featurecla":"Bathymetry","depth":1000}},
{"type":"Feature","geometry":{"type":"Polygon","coordinates":[[[-61.13,-63.19],[-61.1,-63.19],[-61.11,-63.18],[-61.13,-63.19]]]},"properties":{"scalerank":0,"featurecla":"Bathymetry","depth":1000}},
{"type":"Feature","geometry":{"type":"Polygon","coordinates":[[[-72.87,-68.8],[-72.91,-68.83],[-72.61,-68.98],[-72.56,-68.93],[-72.77,-68.88],[-72.87,-68.8]]]},"properties":{"scalerank":0,"featurecla":"Bathymetry","depth":1000}},
{"type":"Feature","geometry":{"type":"Polygon","coordinates":[[[-54.4,-61.44],[-55.5,-61.68],[-56.58,-62],[-56.02,-62.16],[-55.61,-61.99],[-54.99,-62.01],[-54.4,-61.44]]]},"properties":{"scalerank":0,"featurecla":"Bathymetry","depth":1000}},
{"type":"Feature","geometry":null,"properties":{"scalerank":0,"featurecla":"Bathymetry","depth":1000}},
{"type":"Feature","geometry":{"type":"Polygon","coordinates":[[[58.58,-66.74],[58.2,-66.7],[58.3,-66.86],[58.58,-66.74]]]},"properties":{"scalerank":0,"featurecla":"Bathymetry","depth":1000}},
{"type":"Feature","geometry":{"type":"Polygon","coordinates":[[[80.96,-67.16],[80.78,-67.13],[80.71,-67.19],[80.96,-67.16]]]},"properties":{"scalerank":0,"featurecla":"Bathymetry","depth":1000}},
{"type":"Feature","geometry":null,"properties":{"scalerank":0,"featurecla":"Bathymetry","depth":1000}},
{"type":"Feature","geometry":{"type":"Polygon","coordinates":[[[49.83,-66.72],[49.87,-66.77],[49.99,-66.77],[50.02,-66.84],[50.07,-66.84],[50.01,-66.77],[49.92,-66.73],[49.83,-66.72]]]},"properties":{"scalerank":0,"featurecla":"Bathymetry","depth":1000}},
{"type":"Feature","geometry":{"type":"Polygon","coordinates":[[[102.43,-65.52],[102.51,-65.41],[102.38,-65.4],[102.31,-65.5],[102.43,-65.52]]]},"properties":{"scalerank":0,"featurecla":"Bathymetry","depth":1000}},
{"type":"Feature","geometry":{"type":"Polygon","coordinates":[[[114.59,-65.83],[114.67,-65.76],[114.46,-65.62],[114.2,-65.61],[114.14,-65.7],[114.41,-65.74],[114.59,-65.83]]]},"properties":{"scalerank":0,"featurecla":"Bathymetry","depth":1000}},
{"type":"Feature","geometry":{"type":"Polygon","coordinates":[[[122.82,-66],[122.61,-65.73],[121.99,-65.81],[122.32,-66.11],[122.82,-66]]]},"properties":{"scalerank":0,"featurecla":"Bathymetry","depth":1000}},
{"type":"Feature","geometry":{"type":"Polygon","coordinates":[[[116.76,-66],[116.63,-65.8],[115.99,-65.95],[116.3,-66.12],[116.76,-66]]]},"properties":{"scalerank":0,"featurecla":"Bathymetry","depth":1000}},
{"type":"Feature","geometry":{"type":"Polygon","coordinates":[[[128.02,-66.04],[128.28,-65.98],[128.17,-65.92],[127.8,-65.97],[128.02,-66.04]]]},"properties":{"scalerank":0,"featurecla":"Bathymetry","depth":1000}},
{"type":"Feature","geometry":{"type":"Polygon","coordinates":[[[127.05,-66.11],[127.11,-66.03],[127.07,-65.97],[126.96,-65.95],[126.94,-66.06],[127.05,-66.11]]]},"properties":{"scalerank":0,"featurecla":"Bathymetry","depth":1000}},
{"type":"Feature","geometry":{"type":"Polygon","coordinates":[[[106.66,-66.15],[106.7,-66.1],[106.49,-66.01],[106.3,-66.01],[106.54,-66.14],[106.66,-66.15]]]},"properties":{"scalerank":0,"featurecla":"Bathymetry","depth":1000}},
{"type":"Feature","geometry":{"type":"Polygon","coordinates":[[[126.32,-65.98],[126.2,-66],[126.36,-66.08],[126.48,-66.02],[126.32,-65.98]]]},"properties":{"scalerank":0,"featurecla":"Bathymetry","depth":1000}},
{"type":"Feature","geometry":{"type":"Polygon","coordinates":[[[108.41,-66.17],[108.05,-66.24],[108.55,-66.34],[108.41,-66.17]]]},"properties":{"scalerank":0,"featurecla":"Bathymetry","depth":1000}},
{"type":"Feature","geometry":{"type":"Polygon","coordinates":[[[117.96,-66.25],[117.84,-66.17],[117.71,-66.24],[117.96,-66.25]]]},"properties":{"scalerank":0,"featurecla":"Bathymetry","depth":1000}},
{"type":"Feature","geometry":{"type":"Polygon","coordinates":[[[128.62,-66.52],[128.81,-66.41],[128.45,-66.34],[128.16,-66.41],[128.62,-66.52]]]},"properties":{"scalerank":0,"featurecla":"Bathymetry","depth":1000}},
{"type":"Feature","geometry":{"type":"Polygon","coordinates":[[[166.44,-74.77],[165.17,-75.05],[163.85,-75.24],[164.83,-75.29],[165,-75.16],[166.33,-74.91],[166.44,-74.77]]]},"properties":{"scalerank":0,"featurecla":"Bathymetry","depth":1000}},
{"type":"Feature","geometry":{"type":"Polygon","coordinates":[[[50.7,38.99],[50.71,39.1],[50.58,39.09],[50.6,38.96],[50.7,38.99]]]},"properties":{"scalerank":0,"featurecla":"Bathymetry","depth":1000}},
{"type":"Feature","geometry":{"type":"Polygon","coordinates":[[[-17.9,21.64],[-17.58,21.81],[-17.61,22.16],[-17.42,22.41],[-17.49,22.92],[-17.26,23.23],[-17.32,23.68],[-16.7,24.38],[-16.63,24.84],[-16.4,25.31],[-16.03,25.73],[-15.47,26.24],[-14.58,26.6],[-14.06,27.08],[-13.79,27.22],[-13.73,27.62],[-13.25,28.42],[-13.29,28.73],[-12.26,29.19],[-11.9,29.21],[-10.78,29.59],[-10.32,30],[-10.24,30.51],[-10.39,30.84],[-10.83,31.25],[-10.83,31.48],[-10.4,31.5],[-10.39,31.85],[-9.91,32.22],[-9.9,32.44],[-9.67,32.71],[-9.48,33.22],[-9.47,33.43],[-9.22,33.69],[-9.05,33.65],[-8.71,33.89],[-7.58,34.42],[-7.12,34.48],[-7.06,34.74],[-7.25,34.99],[-6.95,35.68],[-7.23,35.83],[-7.79,36.32],[-8.14,36.54],[-8.78,36.58],[-9.35,36.71],[-9.42,36.87],[-9.39,37.54],[-9.55,37.77],[-9.24,38.3],[-9.61,38.4],[-9.72,38.57],[-10.25,38.8],[-10.29,39.17],[-10.16,39.39],[-9.69,39.52],[-9.69,39.8],[-9.84,40.18],[-9.76,40.44],[-9.45,40.62],[-9.45,41.03],[-9.26,41.41],[-9.41,41.68],[-9.53,42.34],[-9.46,42.47],[-9.67,42.82],[-9.62,43.37],[-9.21,43.66],[-8.93,43.96],[-9.05,44.24],[-8.27,44.27],[-7.6,44.15],[-7.27,44.22],[-6.34,43.97],[-5.16,44.18],[-4.59,44.19],[-4.55,43.92],[-4.34,43.68],[-3.89,43.8],[-3.44,43.68],[-2.4,43.73],[-2.58,43.91],[-2.28,44.21],[-2.24,44.82],[-2.45,44.97],[-3.28,45.22],[-3.33,45.46],[-3.96,45.84],[-4.35,46.23],[-5.03,46.51],[-5.75,46.98],[-5.78,47.15],[-8.09,47.71],[-8.22,47.95],[-8.62,47.97],[-9.06,48.15],[-9.73,48.13],[-9.92,48.6],[-10.26,48.51],[-10.65,48.6],[-11.06,48.89],[-11.32,48.88],[-11.62,49.1],[-12.07,49.03],[-12.13,49.24],[-11.79,49.41],[-11.88,49.57],[-11.4,50.13],[-11.25,50.5],[-11.4,50.9],[-11.59,51],[-12.04,51.76],[-12.43,51.97],[-12.73,51.97],[-13.22,51.67],[-13.79,50.87],[-14.22,50.71],[-14.5,50.8],[-14.87,51.14],[-15.06,51.72],[-14.9,52.23],[-15.1,52.4],[-14.9,53.19],[-14.19,53.79],[-13.04,54.09],[-11.86,54.2],[-10.68,54.76],[-10.28,55.08],[-10.08,55.44],[-9.64,55.62],[-9.34,56.18],[-9.17,56.71],[-9.74,57.65],[-9.76,57.94],[-9.53,58.48],[-7.86,58.94],[-7.64,59.52],[-8.16,59.63],[-9.51,60.4],[-9.84,60.29],[-11.09,60.18],[-11.3,59.81],[-11.88,59.79],[-11.93,60],[-13.13,59.86],[-13.71,60.02],[-13.87,60.31],[-13.11,60.66],[-12.82,60.89],[-11.81,60.88],[-11.6,61.18],[-10.27,61.08],[-9.71,61.14],[-9.62,61.61],[-10.27,61.75],[-11.38,62.25],[-12.26,62.09],[-12.71,62.27],[-12.8,62.54],[-13.23,62.62],[-13.51,62.86],[-13.53,63.78],[-14.64,63.58],[-16.39,63.31],[-16.78,63.19],[-18.45,63.08],[-19.35,63.22],[-19.82,63.15],[-20.19,62.86],[-20.95,62.83],[-21.48,62.98],[-22.07,62.85],[-22.68,62.85],[-23.26,63.02],[-24.05,62.71],[-24.65,62.57],[-27.52,61.02],[-29.32,60.03],[-29.2,60.39],[-27.54,61.68],[-25.95,62.76],[-25.59,63.06],[-26.3,63.31],[-26.96,63.87],[-27.99,64.33],[-27.87,64.71],[-28.27,65.03],[-28.13,65.36],[-28.97,65.63],[-29.4,65.48],[-30.56,65.3],[-32.3,65.42],[-32.82,65.35],[-33.78,65.03],[-34.06,64.83],[-34.88,64.75],[-34.79,64.51],[-35.21,64.3],[-35.86,64.18],[-36.31,63.87],[-37.34,63.53],[-37.92,63.41],[-39,63.41],[-39.98,63.14],[-40.54,62.69],[-40.31,62.2],[-40.64,62.08],[-41.08,61.43],[-41.54,61.03],[-41.79,60.53],[-41.86,60.04],[-42.46,59.58],[-43.74,59.29],[-45.83,59.46],[-46.14,59.57],[-46.78,60.12],[-47.21,60.07],[-48.62,60.41],[-49.56,60.92],[-49.68,61.1],[-50.61,61.5],[-50.81,61.83],[-51.36,62.22],[-52.1,62.86],[-52.96,63.44],[-53.04,63.62],[-53.79,64],[-54.09,64.01],[-55.72,64.42],[-55.65,64.08],[-56.04,63.74],[-56.95,63.94],[-58.31,64.09],[-58.54,63.76],[-58.68,63.07],[-59.06,62.76],[-59.32,63.26],[-59.92,63.28],[-60.48,62.66],[-60.46,61.62],[-61.08,60.5],[-60.31,59.62],[-60.09,59.51],[-59.87,58.74],[-59.66,58.47],[-59.63,58.12],[-58.78,57.17],[-58.49,57.04],[-58.16,56.62],[-57.68,56.49],[-57.31,56.23],[-57.3,56],[-56.67,55.62],[-54.51,55.2],[-54.02,55.18],[-52.96,54.82],[-53.08,54.51],[-51.82,53.06],[-51.43,52.7],[-50.06,51.58],[-49.68,51.05],[-50.27,50.9],[-50.32,50.53],[-49.77,49.97],[-49.68,49.61],[-49.74,48.96],[-49.26,48.55],[-48.35,48.2],[-46.95,48.24],[-46.46,48.39],[-46.68,47.75],[-46.92,47.52],[-47.07,46.94],[-46.9,46.61],[-47.06,46.29],[-47.58,45.88],[-48.33,45.47],[-48.92,44.81],[-48.85,44.31],[-48.89,43.87],[-49.15,43.47],[-49.2,43.17],[-49.86,42.8],[-48.2,41.71],[-46.54,40.61],[-44.88,39.51],[-43.22,38.41],[-41.56,37.31],[-39.9,36.21],[-38.24,35.11],[-36.58,34.01],[-34.92,32.91],[-33.26,31.81],[-31.6,30.71],[-29.94,29.61],[-28.28,28.51],[-26.62,27.41],[-24.96,26.31],[-23.3,25.22],[-21.64,24.12],[-19.98,23.02],[-17.9,21.64]],[[-15.74,27.62],[-15.98,27.88],[-15.9,28.2],[-15.63,28.3],[-15.32,28.25],[-15.2,28],[-15.26,27.71],[-15.74,27.62]],[[-16.24,28.24],[-16.54,27.94],[-16.88,28.14],[-17.11,27.96],[-17.47,28.08],[-17.48,28.33],[-16.54,28.56],[-16.11,28.72],[-16.02,28.54],[-16.24,28.24]],[[-17.76,28.41],[-18.04,28.61],[-18.05,28.88],[-17.68,28.9],[-17.64,28.66],[-17.76,28.41]],[[-14.16,28.77],[-13.51,29.55],[-13.11,29.65],[-13.15,29.24],[-13.36,28.93],[-13.66,28.75],[-13.8,28.11],[-14.84,27.87],[-14.82,28.37],[-14.51,28.29],[-14.16,28.77]],[[-28.28,29.59],[-28.66,29.79],[-28.73,30.16],[-28.37,30.27],[-28.24,30.09],[-28.28,29.59]],[[-12.74,30.28],[-12.43,30.07],[-12.55,29.81],[-12.96,29.83],[-13.01,30.07],[-12.74,30.28]],[[-27.79,32.11],[-27.89,31.8],[-28.22,32.06],[-27.79,32.11]],[[-16.62,32.56],[-17.09,32.59],[-17.36,32.75],[-17.2,32.97],[-16.54,32.86],[-16.62,32.56]],[[-11.36,36.49],[-11.64,36.65],[-11.12,36.86],[-10.99,36.67],[-11.36,36.49]],[[-33.17,37.28],[-33.17,37.54],[-32.81,37.54],[-32.72,37.33],[-33.17,37.28]],[[-29.95,37.83],[-29.6,38.07],[-29.4,38.42],[-29,38.46],[-28.77,38.77],[-28.44,38.69],[-28.11,38.89],[-28.23,39.13],[-27.82,39.14],[-27.82,38.45],[-28,38.32],[-28.59,38.26],[-28.54,38.09],[-28.75,37.62],[-29.54,37.72],[-29.95,37.83]],[[-31.18,39.29],[-31.38,39.54],[-30.98,39.73],[-31.03,39.4],[-31.18,39.29]],[[-27.44,38.67],[-27.27,39.02],[-27.05,38.88],[-26.51,38.76],[-26.55,38.53],[-27.03,38.33],[-27.44,38.67]],[[-25.96,37.95],[-25.77,38.02],[-24.96,37.97],[-25,37.76],[-25.61,37.56],[-25.56,37.19],[-25.73,37.15],[-25.97,37.63],[-25.96,37.95]],[[-11.71,42.89],[-11.51,42.59],[-11.96,42.63],[-11.71,42.89]],[[-46.22,46.15],[-46.24,45.97],[-46.81,45.92],[-46.52,46.6],[-46.74,46.99],[-46.46,47.5],[-46.17,47.65],[-45.97,48.26],[-45.72,48.34],[-45.68,48.73],[-45.43,48.82],[-44.51,48.57],[-44.33,48.29],[-43.97,48.07],[-43.52,47.55],[-43.56,47.16],[-43.25,46.91],[-43.8,46.8],[-44.45,46.47],[-45.45,46.34],[-46.22,46.15]],[[-15.14,55.61],[-15.72,55.44],[-16.42,55.34],[-17.5,54.81],[-18.17,55],[-17.72,55.7],[-17.52,56.28],[-17.57,56.78],[-17.16,57],[-16.61,56.95],[-16.34,56.81],[-15.81,57],[-15.38,57.65],[-15.67,58.08],[-15.67,58.39],[-14.98,58.49],[-14.75,59.07],[-15.07,59.14],[-16.51,59.09],[-17.55,58.73],[-17.52,58.42],[-17.26,57.91],[-17.86,57.79],[-18.3,57.49],[-18.96,57.46],[-19.49,57.22],[-19.38,57.01],[-19.89,56.84],[-20.05,57.01],[-19.65,57.27],[-19.75,57.48],[-19.11,57.97],[-18.75,58.55],[-18.8,58.75],[-18.14,59.11],[-17.8,59.1],[-17.09,59.52],[-15.6,59.4],[-14.76,59.54],[-13.97,59.56],[-13.87,59.35],[-13.42,59.08],[-13.48,58.81],[-14.16,58.58],[-12.96,58.03],[-12.82,57.5],[-12.95,57.23],[-13.54,56.76],[-14.17,56.48],[-14.18,56.28],[-14.65,55.96],[-14.75,55.74],[-15.14,55.61]],[[-10.6,59.04],[-10.4,59.47],[-9.86,59.5],[-9.68,59.18],[-10.1,59.04],[-10.6,59.04]],[[-11.14,57.24],[-11.45,57.5],[-11.07,57.67],[-10.75,57.42],[-11.14,57.24]]]},"properties":{"scalerank":0,"featurecla":"Bathymetry","depth":1000}},
{"type":"Feature","geometry":{"type":"Polygon","coordinates":[[[-49.86,42.8],[-50.09,42.72],[-50.83,42.84],[-51.07,43.01],[-51.47,42.98],[-51.61,43.23],[-52.17,43.55],[-52.55,43.68],[-53.04,44.22],[-53.72,44.4],[-54.58,44.95],[-55.07,45],[-55.56,44.72],[-56.04,44.78],[-56.38,44.57],[-58.32,44.07],[-58.92,43.82],[-59.14,43.6],[-59.51,43.58],[-60.1,43.34],[-60.44,43.34],[-60.97,43.13],[-61.15,43.18],[-61.79,42.82],[-62.45,42.82],[-63.55,42.65],[-64.22,42.6],[-65.02,42.26],[-65.51,41.93],[-65.66,41.6],[-66.71,40.64],[-67.29,40.38],[-68.08,40.22],[-69.22,39.88],[-69.93,39.82],[-70.39,39.86],[-71.1,39.8],[-71.84,39.49],[-72.07,39.23],[-73.47,38.31],[-74.05,37.72],[-74.47,37.13],[-74.77,35.38],[-75.87,34.12],[-76.57,32.89],[-77.27,31.65],[-77.4,31.22],[-77.42,30.67],[-77.12,30.16],[-76.91,30.05],[-76.84,29.79],[-77.14,29.14],[-77.31,29.31],[-77.5,29.07],[-77.72,29.04],[-77.95,28.8],[-78.14,28.39],[-78.34,28.25],[-78.32,27.8],[-78.17,27.53],[-77.62,27.26],[-76.81,26.56],[-77.08,26.08],[-77.14,25.79],[-77.52,25.97],[-77.91,26.38],[-78.14,26.23],[-77.9,25.97],[-77.71,25.94],[-77.47,25.6],[-77.76,25.34],[-77.78,24.97],[-77.58,24.75],[-77.57,24.53],[-77.33,24.06],[-77.27,23.76],[-77.03,23.53],[-76.68,23.56],[-76.74,23.87],[-77.04,23.83],[-77.28,24.05],[-77.3,24.42],[-77.6,24.91],[-77.64,25.1],[-77.08,25.29],[-76.8,25.7],[-76.51,25.68],[-76,25.15],[-76.05,24.78],[-75.57,24.73],[-75.22,24.3],[-75.19,24.1],[-75.49,24],[-75.75,24.33],[-76.26,24.61],[-76.46,24.79],[-76.71,24.76],[-76.25,24.09],[-75.69,23.65],[-75.21,23.77],[-74.95,23.3],[-74.7,23.15],[-74.82,22.81],[-75.21,23.06],[-75.42,23.06],[-75.74,22.81],[-75.58,22.3],[-75.18,22.39],[-75.12,21.99],[-75.64,21.72],[-76.02,22.01],[-76.25,21.79],[-76.63,22.12],[-76.82,21.89],[-77.22,22.13],[-77.33,21.89],[-76.73,21.5],[-76.18,21.35],[-76.03,21.24],[-75.64,21.23],[-75.4,20.94],[-74.74,20.75],[-74.52,20.58],[-73.89,20.28],[-74.19,19.91],[-74.76,19.98],[-75.05,19.84],[-75.6,19.83],[-76.15,19.93],[-76.78,19.9],[-77.28,19.8],[-78.17,19.8],[-78.2,20.27],[-78.55,20.54],[-79.19,20.84],[-79.87,21.23],[-80.12,21.77],[-80.51,21.98],[-80.9,21.96],[-80.74,21.55],[-80.95,21.48],[-81.21,21.57],[-81.91,21.53],[-82.17,21.42],[-82.52,21.49],[-83.11,21.42],[-83.3,21.78],[-83.76,21.93],[-84.17,21.87],[-84.45,21.7],[-84.63,21.86],[-85.01,21.79],[-85.14,22.01],[-84.61,22.52],[-83.85,22.96],[-83.32,23.1],[-82.7,23.11],[-82.39,23.26],[-81.94,23.33],[-81.67,23.28],[-81.18,23.42],[-80.74,23.41],[-80.54,23.52],[-80.71,24.04],[-82.71,23.9],[-83.18,23.98],[-83.45,23.93],[-83.75,24.32],[-83.79,24.55],[-84.3,24.86],[-84.74,25.75],[-84.94,26.85],[-85.61,27.77],[-86.16,28.06],[-86.52,28.1],[-87.13,28.49],[-87.24,28.75],[-87.22,29.06],[-87.47,29.23],[-88.22,28.99],[-88.35,28.84],[-88.85,28.68],[-88.82,28.51],[-89.19,28.16],[-90.1,27.68],[-90.86,27.64],[-91.49,27.44],[-92.04,27.34],[-92.78,27.28],[-93.52,27.03],[-93.84,27.07],[-93.92,27.24],[-94.33,27.45],[-94.52,27.35],[-95.14,27.48],[-95.53,27.37],[-95.64,27.22],[-95.63,26.88],[-95.92,26.82],[-96,26.52],[-95.98,26.04],[-95.62,25.97],[-95.67,25.69],[-95.99,25.69],[-96.04,25.18],[-96.22,25.05],[-96.45,24.47],[-96.75,24.2],[-96.74,24],[-96.98,23.91],[-96.87,23.55],[-97.17,23.06],[-97.06,22.76],[-97.18,22.46],[-96.96,21.8],[-96.62,21.27],[-96.55,20.91],[-96.22,20.2],[-95.62,19.27],[-95.09,19.01],[-94.82,18.98],[-94.61,19.13],[-94.03,19.29],[-94,19.49],[-93.75,19.76],[-93.38,19.8],[-93.35,20.09],[-92.72,20],[-92.47,20],[-92.31,20.2],[-92.47,20.57],[-92.55,21.22],[-92.57,21.87],[-92.3,22.17],[-91.84,22.35],[-91.69,22.51],[-91.41,22.53],[-91.13,22.82],[-90.58,23.04],[-90.42,22.92],[-90.13,23.1],[-90.2,23.44],[-89.69,23.69],[-89.38,23.69],[-89.02,23.9],[-88.77,24.19],[-88.43,24.21],[-88.13,24.46],[-87.71,24.47],[-87.22,24.31],[-86.98,24.09],[-86.3,22.96],[-86.29,22.49],[-86.1,22.11],[-86.21,21.61],[-86.16,21.38],[-86.32,20.85],[-86.54,20.5],[-86.98,20.11],[-87.17,19.79],[-87.31,19.14],[-87.01,18.77],[-87.31,18.31],[-87.65,18.14],[-87.54,17.93],[-87.62,17.57],[-87.36,17.45],[-87.64,16.7],[-87.92,16.48],[-88.12,16.05],[-87.74,16.08],[-87.24,16.25],[-87.07,16.2],[-86.71,16.31],[-86.56,16.47],[-86.02,16.58],[-85.78,16.7],[-85.34,16.68],[-85.51,16.35],[-85.3,16.25],[-84.47,16.37],[-84.11,16.52],[-83.97,16.28],[-83.64,16.46],[-83.66,16.65],[-83.16,16.68],[-82.68,16.87],[-82.39,16.87],[-82.28,17.02],[-81.67,17.18],[-80.92,17.23],[-80.57,17.33],[-79.97,17.14],[-79.74,16.62],[-79.84,16.31],[-79.64,16.16],[-79.61,15.79],[-79.99,15.66],[-80.25,15.93],[-80.55,15.9],[-80.84,15.6],[-80.86,15.16],[-80.78,14.98],[-80.9,14.74],[-81.02,14.02],[-81.26,13.03],[-81.5,13.14],[-81.42,13.65],[-81.6,13.77],[-81.62,13.23],[-81.79,13.03],[-81.6,12.73],[-81.24,12.46],[-81.7,12.03],[-81.98,11.98],[-82.06,12.16],[-82.51,12.23],[-82.9,11.81],[-82.93,11.47],[-83.35,11.23],[-83.4,11.09],[-83.21,10.61],[-82.86,10.32],[-82.62,9.84],[-82.13,9.61],[-81.82,9.38],[-81.5,9.34],[-80.66,9.43],[-80.65,9.67],[-80.15,9.65],[-79.58,9.85],[-79.28,9.86],[-78.96,9.74],[-78.73,9.77],[-78.08,9.57],[-77.82,9.44],[-77.56,9.09],[-77.11,9.02],[-76.68,9.22],[-76.55,9.79],[-76.38,10.16],[-76.02,10.28],[-75.72,10.64],[-75.64,11.01],[-75.17,11.32],[-74.96,11.32],[-74.66,11.52],[-74.5,11.47],[-74.29,11.71],[-73.68,11.6],[-73.33,11.69],[-73.28,11.89],[-73.05,12.04],[-72.98,12.45],[-72.34,12.65],[-71.59,12.96],[-71.16,12.79],[-70.81,13.12],[-70.1,13.02],[-69.43,12.38],[-69.22,11.94],[-68.04,11.43],[-67.66,10.98],[-67.46,10.96],[-66.7,11.34],[-66.49,11.3],[-66,11.45],[-65.23,11.45],[-64.89,11.3],[-64.5,11.67],[-64.69,11.96],[-64.27,12.09],[-63.94,12.11],[-63.63,12.54],[-63.44,12.41],[-63.73,11.8],[-63.24,11.9],[-62.3,11.81],[-62.1,11.92],[-61.64,12.37],[-61.52,12.76],[-61.37,12.92],[-61.29,13.4],[-61.13,13.44],[-61.11,14.07],[-60.97,14.28],[-61.15,14.46],[-61.29,14.84],[-60.82,15.34],[-60.65,15],[-60.62,14.54],[-60.76,14.28],[-60.66,14.11],[-60.65,13.77],[-60.89,13.32],[-61.08,12.43],[-61.45,11.85],[-61.18,11.65],[-60.95,11.7],[-60.46,11.64],[-60.11,10.79],[-59.68,10.52],[-59.52,10.15],[-59.3,10.01],[-59.39,9.83],[-59.11,9.38],[-58.8,9],[-58.44,8.71],[-57.62,8.26],[-57.25,8.14],[-57.1,7.97],[-56.3,7.55],[-55.82,7.46],[-54.98,7.56],[-54.67,8.04],[-54.24,8.06],[-53.61,7.92],[-52.97,7.7],[-52.49,7.22],[-52.25,6.66],[-51.83,6.18],[-51.62,6.12],[-50.95,5.62],[-50.51,5.47],[-50.13,5],[-49.87,4.56],[-49.68,4.39],[-49.15,4.34],[-48.35,4.09],[-48.1,3.79],[-48.09,3.54],[-47.9,3.48],[-47.5,2.98],[-47.42,2.51],[-47.3,2.21],[-46.92,1.98],[-46.82,1.74],[-46.39,1.41],[-45.89,0.94],[-44.14,0.11],[-44.1,-0.09],[-43.8,-0.36],[-43.03,-1.51],[-42.68,-1.82],[-42.05,-2.01],[-41.47,-2.08],[-41.11,-1.99],[-40.94,-1.84],[-40.68,-2.02],[-40.29,-2],[-39.71,-2.1],[-39.15,-2.44],[-38.95,-2.71],[-38.3,-3.12],[-38.09,-3.16],[-36.82,-4.46],[-36.31,-4.67],[-35.89,-4.72],[-35.64,-4.6],[-35.11,-4.61],[-34.77,-4.83],[-34.73,-5.1],[-34.83,-5.41],[-34.85,-5.81],[-34.74,-5.94],[-34.57,-6.64],[-34.45,-6.74],[-34.32,-7.54],[-34.16,-8.11],[-34.49,-8.39],[-34.85,-9.36],[-35.43,-9.97],[-35.75,-10.18],[-35.99,-10.59],[-36.95,-11.37],[-37.52,-12.36],[-37.79,-12.59],[-37.91,-12.85],[-38.52,-13.32],[-38.78,-14.31],[-38.78,-14.74],[-38.53,-15.38],[-38.5,-15.71],[-38.01,-15.81],[-37.83,-16.13],[-36.33,-16.17],[-34.33,-16.22],[-32.33,-16.27],[-30.33,-16.32],[-28.33,-16.38],[-26.34,-16.43],[-24.34,-16.48],[-22.34,-16.54],[-20.34,-16.59],[-18.34,-16.64],[-16.34,-16.69],[-14.34,-16.75],[-12.34,-16.8],[-10.35,-16.85],[-8.35,-16.9],[-6.35,-16.96],[-4.35,-17.01],[-2.35,-17.06],[-0.35,-17.12],[1.65,-17.17],[3.64,-17.22],[5.64,-17.27],[7.64,-17.33],[9.14,-17.37],[11.14,-17.42],[11.26,-16.57],[11.49,-16.12],[11.63,-15.4],[11.81,-15.22],[12.14,-14.62],[12.08,-13.92],[12.44,-13.49],[12.91,-12.49],[13.18,-12.15],[13.25,-11.8],[13.05,-11.24],[13.32,-11.08],[13.01,-10.68],[12.74,-10.15],[12.44,-9.33],[12.65,-8.81],[12.67,-8.38],[12.34,-7.81],[12.01,-7.69],[11.56,-7.29],[11.53,-7.02],[11.21,-6.66],[11.12,-6.22],[11.15,-5.69],[11.32,-5.21],[11.11,-4.81],[10.24,-4.1],[9.84,-3.62],[9.69,-3.57],[9.34,-3.2],[9.22,-3.18],[9.01,-2.84],[8.76,-2.67],[8.71,-2.23],[8.57,-1.75],[8.3,-1.28],[8.42,-0.72],[8.33,-0.48],[8.51,-0.32],[8.54,0.05],[8.73,0.46],[8.76,0.77],[9.01,1.15],[9.04,1.38],[9.27,1.79],[9.43,2.52],[9.41,2.9],[9.27,3.2],[8.99,3.4],[8.76,3.1],[8.46,3.13],[8.13,3.6],[7.71,3.48],[7.44,3.29],[7.11,3.25],[6.17,3.46],[5.81,3.44],[5.21,3.74],[4.98,4.16],[4.58,4.56],[4.37,4.65],[4.5,5.03],[4.27,5.54],[4.26,5.82],[4.06,5.98],[2.95,6.07],[1.73,5.98],[1.18,5.74],[0.84,5.48],[0.45,5.55],[0.07,5.2],[-0.15,5.15],[-0.39,4.88],[-0.97,4.4],[-1.56,4.19],[-2,4.2],[-2.86,4.49],[-3.36,4.76],[-3.57,4.74],[-4.03,4.99],[-5.3,4.82],[-5.81,4.64],[-6.62,4.46],[-7.08,4.2],[-7.73,4.08],[-8.11,4.11],[-8.54,4.35],[-8.9,4.3],[-9.37,4.4],[-9.8,4.88],[-10.07,5.29],[-10.45,5.63],[-10.75,5.81],[-10.92,6.03],[-11.68,6.62],[-11.93,6.64],[-12.22,6.93],[-12.58,7.1],[-12.98,7.11],[-13.15,7.2],[-13.66,7.27],[-14.27,7.79],[-14.45,8.4],[-14.71,8.66],[-15.33,9.01],[-15.94,9.1],[-16.1,9.22],[-16.97,9.24],[-17.5,9.5],[-17.7,9.76],[-17.74,10.04],[-17.68,10.48],[-17.56,10.67],[-17.44,11.24],[-17.57,11.8],[-17.47,11.95],[-17.57,12.36],[-17.75,12.61],[-17.77,12.84],[-17.6,13.62],[-17.7,14.55],[-17.81,14.85],[-17.49,15.15],[-17.33,15.67],[-17.09,15.96],[-16.98,16.37],[-16.97,16.78],[-16.87,16.99],[-16.91,17.32],[-16.8,17.6],[-16.85,17.8],[-16.71,18.23],[-16.82,18.56],[-17.04,18.83],[-16.98,19.08],[-17.11,19.34],[-17.43,19.55],[-17.44,19.78],[-17.68,19.93],[-18.12,20.68],[-17.79,20.97],[-17.9,21.31],[-17.9,21.64],[-19.98,23.02],[-21.64,24.12],[-23.3,25.22],[-24.96,26.31],[-26.62,27.41],[-28.28,28.51],[-29.94,29.61],[-31.6,30.71],[-33.26,31.81],[-34.92,32.91],[-36.58,34.01],[-38.24,35.11],[-39.9,36.21],[-41.56,37.31],[-43.22,38.41],[-44.88,39.51],[-46.54,40.61],[-48.2,41.71],[-49.86,42.8]],[[-65.16,31.9],[-65.26,32],[-65.06,32.4],[-64.75,32.6],[-64.52,32.56],[-64.56,32.29],[-64.87,32.16],[-65.16,31.9]],[[-74.71,23.88],[-74.73,23.57],[-75.19,23.76],[-75.19,23.98],[-74.71,23.88]],[[-74.39,22.94],[-73.78,22.84],[-73.4,22.7],[-73.43,22.5],[-73.78,22.37],[-74.43,21.94],[-74.7,22.04],[-74.35,22.41],[-74.45,22.56],[-74.39,22.94]],[[-73.21,22.51],[-73.05,22.56],[-72.61,22.43],[-72.83,22.23],[-73.04,22.27],[-73.21,22.51]],[[-72.1,22.04],[-71.31,21.83],[-70.87,21.39],[-71.06,21.03],[-70.43,21.14],[-70.42,20.56],[-70.73,20.74],[-71.04,20.65],[-71.53,20.66],[-71.92,20.95],[-72.35,21.51],[-72.53,21.59],[-72.49,21.84],[-72.1,22.04]],[[-70.01,20.59],[-70.03,20.9],[-69.82,20.95],[-69.34,20.55],[-69.78,20.23],[-70.03,20.32],[-70.01,20.59]],[[-68.93,20.26],[-68.73,20.31],[-68.62,19.92],[-69.03,19.91],[-68.93,20.26]],[[-70.56,19.9],[-69.86,19.76],[-69.61,19.46],[-69.26,19.49],[-68.74,19.23],[-68.38,18.97],[-68.03,18.95],[-67.5,18.51],[-67.18,18.73],[-66.72,18.64],[-65.54,18.65],[-64.66,18.91],[-64.08,18.89],[-64.02,18.61],[-64.1,18.32],[-64.41,18.32],[-64.7,18.14],[-65.03,18.13],[-65.91,17.93],[-65.79,17.71],[-66.28,17.71],[-66.72,17.86],[-67.23,17.82],[-67.54,18.04],[-67.76,17.89],[-68.06,18.04],[-68.67,17.91],[-69.1,18.06],[-69.48,18.31],[-69.83,18.26],[-69.67,17.94],[-70.16,17.91],[-70.82,18.22],[-70.96,18.14],[-71.48,17.32],[-71.64,17.28],[-71.77,17.74],[-72.01,18.09],[-72.38,18.17],[-72.55,18.1],[-73.11,18.08],[-73.25,17.95],[-73.81,17.93],[-74.09,18.16],[-74.62,18.31],[-74.94,18.24],[-75.02,18.5],[-74.74,18.52],[-74.6,18.68],[-74.21,18.77],[-73.32,18.67],[-73.41,18.9],[-73.97,19.35],[-73.78,19.49],[-73.5,19.12],[-72.91,19.06],[-73,19.51],[-73.36,19.56],[-73.54,19.71],[-73.37,19.95],[-73.06,20.18],[-72.77,20.21],[-72.3,19.94],[-71.8,20.13],[-71.02,20.06],[-70.56,19.9]],[[-63.5,18.68],[-62.87,18.66],[-62.76,18.47],[-62.37,18.44],[-62.29,17.91],[-61.84,17.95],[-61.55,17.79],[-61.57,17.33],[-61.29,16.99],[-61.3,16.51],[-61.14,16.4],[-60.71,16.44],[-60.67,15.96],[-60.98,16.04],[-61.01,15.47],[-61.19,15.19],[-61.41,15.16],[-61.57,15.7],[-61.78,15.87],[-62.02,16.43],[-62.25,16.5],[-62.55,16.39],[-62.56,16.63],[-62.78,16.82],[-63.29,17.08],[-63.46,16.95],[-63.72,17.07],[-64.16,17.61],[-64.1,17.93],[-63.86,17.81],[-63.3,17.84],[-63.96,18.31],[-63.79,18.48],[-63.55,18.43],[-63.5,18.68]],[[-24.97,17.27],[-24.87,17.08],[-24.34,16.78],[-23.98,16.68],[-24.28,16.35],[-24.46,16.54],[-25.09,16.69],[-25.4,16.91],[-25.29,17.24],[-24.97,17.27]],[[-23.11,16.82],[-22.77,17],[-22.7,16.57],[-22.48,15.98],[-22.8,15.79],[-22.99,15.56],[-23.02,15.11],[-23.46,14.85],[-23.84,14.99],[-23.82,15.36],[-23.3,15.59],[-23.16,16.28],[-22.95,16.5],[-23.11,16.82]],[[-24.28,15.14],[-24.2,14.8],[-24.74,14.74],[-24.75,15.01],[-24.28,15.14]],[[-79.21,15.86],[-79.51,15.93],[-79.5,16.23],[-79.2,16.17],[-79.21,15.86]],[[-79.3,17.66],[-78.98,17.86],[-78.69,17.76],[-78.23,17.83],[-78.44,18.24],[-78.32,18.52],[-77.88,18.65],[-77.06,18.58],[-76.37,18.3],[-76.2,18.15],[-75.97,18.56],[-75.72,18.67],[-75.55,18.45],[-76,18.25],[-75.88,17.87],[-76.03,17.68],[-76.52,17.7],[-76.68,17.82],[-77.18,17.3],[-77.25,17.07],[-77.61,16.74],[-77.87,16.76],[-78.32,16.64],[-78.62,16.8],[-79.01,16.75],[-79.14,17.44],[-79.3,17.66]],[[-84.18,18.32],[-84.32,18.47],[-83.87,18.66],[-83.87,18.45],[-84.18,18.32]],[[-75.79,17.74],[-75.9,17.32],[-76.22,17.31],[-75.79,17.74]],[[-64.42,17.92],[-64.51,17.62],[-64.96,17.56],[-64.96,17.82],[-64.42,17.92]],[[-79.68,19.66],[-80.24,19.58],[-80.09,19.83],[-79.66,19.85],[-79.68,19.66]],[[-86.45,20.04],[-86.48,20.16],[-86.26,20.57],[-86.06,20.56],[-86.35,20.05],[-86.45,20.04]],[[-79.52,19.88],[-79.08,19.95],[-79.04,19.75],[-79.48,19.69],[-79.52,19.88]],[[-72.77,21.64],[-73.05,20.74],[-73.69,20.7],[-73.86,20.85],[-73.63,21.26],[-73.21,21.34],[-73.14,21.58],[-72.77,21.64]],[[-63.26,13.82],[-63.04,13.46],[-63.29,13.33],[-63.47,13.53],[-63.26,13.82]],[[-79.96,13.7],[-79.92,13.44],[-80.09,13.33],[-80.48,13.37],[-80.49,13.76],[-79.96,13.7]],[[-80.43,14.14],[-80.52,14.28],[-80.37,14.56],[-80.07,14.52],[-80.01,14.35],[-80.43,14.14]],[[-68.65,11.88],[-69,12.02],[-69.17,12.19],[-69.21,12.47],[-68.53,12.07],[-68.65,11.88]],[[-68.4,11.9],[-68.49,12.32],[-68.24,12.39],[-68.02,12.17],[-68.01,11.84],[-68.4,11.9]],[[-67.55,11.83],[-67.78,11.92],[-67.8,12.17],[-67.51,12.32],[-67.18,12.02],[-67.42,11.72],[-67.55,11.83]],[[-67.02,11.72],[-67.11,12.21],[-66.54,12.18],[-66.36,11.89],[-66.53,11.66],[-67.02,11.72]],[[-66.36,11.65],[-66.19,11.98],[-66.01,12.09],[-65.81,11.91],[-65.82,11.52],[-66.12,11.48],[-66.36,11.65]],[[-59.55,12.77],[-59.84,12.98],[-59.8,13.27],[-59.99,13.61],[-60.01,13.82],[-59.82,14.04],[-59.66,13.98],[-59.66,13.58],[-59.31,13.2],[-59.35,12.9],[-59.55,12.77]],[[7.2,1.08],[7.09,1.5],[7.32,1.83],[7.66,1.72],[7.57,1.28],[7.2,1.08]],[[6.48,0.44],[6.76,0.51],[6.87,0.18],[6.55,-0.08],[6.37,0.17],[6.48,0.44]],[[-37.52,-3.06],[-37.27,-3.37],[-37.45,-3.58],[-37.74,-3.23],[-37.52,-3.06]],[[-35.78,-3.78],[-35.7,-4.03],[-36.03,-4.17],[-36.06,-3.9],[-35.78,-3.78]],[[-6.08,-13.1],[-6.23,-12.77],[-5.89,-12.64],[-5.92,-13.03],[-6.08,-13.1]],[[-5.79,-16.14],[-5.74,-15.82],[-5.52,-15.96],[-5.79,-16.14]]]},"properties":{"scalerank":0,"featurecla":"Bathymetry","depth":1000}},
{"type":"Feature","geometry":{"type":"Polygon","coordinates":[[[94.66,13.84],[94.49,13.87],[94.42,13.51],[94.13,13.39],[94.22,13.9],[93.82,14.13],[93.55,13.86],[93.4,13.56],[93.52,13.23],[93.41,13.03],[93.43,12.41],[93.29,11.71],[92.85,11.13],[92.83,10.42],[93.06,9.62],[93.08,9.18],[93.26,8.86],[93.63,9.01],[93.79,8.14],[93.8,7.65],[93.96,7.51],[94.07,7.06],[93.99,6.72],[94.03,6.24],[93.57,6.29],[93.5,6.82],[93.17,7.5],[93.14,7.68],[92.85,8.03],[92.8,8.51],[92.52,8.51],[92.57,8.76],[92.33,8.98],[92.26,9.54],[92.11,9.74],[92.09,10.13],[91.94,10.78],[92.02,11.15],[91.92,11.38],[92.04,12.13],[92.19,12.26],[92.14,12.77],[92.3,13.13],[92.35,13.51],[92.7,14.19],[93.07,14.35],[93.22,14.51],[92.96,14.81],[93.15,14.93],[93.59,15.55],[93.6,16.15],[93.67,16.49],[94.1,17.26],[93.85,17.84],[93.42,18.06],[93.37,18.52],[92.9,19.13],[92.6,19.4],[91.88,19.85],[91.43,19.94],[90.19,19.96],[89.88,20.11],[89.52,20.11],[89.16,20.27],[89.06,20.16],[88.62,20.18],[88.16,19.95],[87.82,20.09],[87,19.85],[86.69,19.61],[86.29,19.45],[85.93,19.44],[85.46,18.77],[85.01,18.41],[84.67,18.24],[83.91,17.6],[83.5,17.07],[83.21,16.88],[82.74,16.71],[82.63,16.46],[82.18,16.03],[81.21,15.65],[80.86,15.38],[80.64,15.12],[80.47,14.74],[80.47,14.44],[80.65,13.52],[80.79,13.05],[80.74,12.48],[80.38,12.15],[80.14,11.69],[80.61,10.87],[80.79,10.44],[80.99,9.6],[81.38,8.71],[81.54,8.61],[82.01,7.72],[82.09,7.12],[82.09,6.71],[81.78,6.16],[81.33,5.8],[80.13,5.78],[80.18,4.78],[80.27,2.8],[80.36,0.81],[80.43,-0.67],[80.52,-2.66],[80.58,-4.15],[80.65,-5.64],[80.7,-6.63],[80.76,-8.12],[80.85,-10.1],[80.9,-11.09],[80.97,-12.58],[81.01,-13.57],[81.08,-15.06],[81.13,-16.05],[81.19,-17.54],[81.24,-18.53],[81.31,-20.02],[81.35,-21.02],[81.42,-22.5],[81.46,-23.5],[81.53,-24.98],[81.58,-25.98],[81.64,-27.46],[81.73,-29.45],[81.78,-30.44],[81.85,-31.93],[81.89,-32.92],[81.96,-34.41],[82,-35.4],[82.07,-36.89],[82.12,-37.88],[82.19,-39.37],[82.23,-40.36],[82.3,-41.85],[82.34,-42.84],[82.41,-44.33],[82.46,-45.33],[82.52,-46.81],[82.61,-48.8],[82.66,-49.79],[82.73,-51.28],[82.77,-52.27],[82.84,-53.76],[82.88,-54.75],[82.95,-56.24],[83,-57.23],[83.06,-58.72],[83.11,-59.71],[83.18,-61.2],[83.22,-62.19],[83.29,-63.68],[83.38,-65.67],[84.72,-65.74],[85.72,-65.92],[86.64,-65.76],[89.42,-65.83],[90.26,-65.57],[92.18,-65.04],[93.24,-64.8],[94.49,-64.7],[95.79,-64.28],[97.37,-64.2],[97.51,-64.13],[98.9,-64.01],[99.82,-63.98],[100.61,-64.06],[102.43,-64.59],[103.09,-64.86],[103.78,-64.7],[104.91,-64.74],[105.14,-64.87],[106.24,-65.05],[106.86,-64.97],[107.35,-65.05],[108.26,-65],[108.94,-65.08],[110.12,-65.4],[111.06,-65.23],[111.37,-65.33],[111.56,-63.84],[111.69,-62.86],[111.95,-60.88],[112.2,-58.9],[112.46,-56.92],[112.72,-54.95],[112.97,-52.97],[113.23,-50.99],[113.49,-49.01],[113.75,-47.04],[114,-45.06],[114.26,-43.08],[114.52,-41.11],[114.77,-39.13],[115.03,-37.15],[115.29,-35.17],[114.55,-35.02],[114.21,-34.56],[114.33,-33.87],[114.19,-33.38],[114.22,-33],[114.61,-32.14],[114.79,-31.98],[114.67,-31.39],[114.66,-31.03],[114.46,-30.67],[114.4,-30.26],[113.69,-29.42],[113.68,-29.13],[113.31,-28.66],[112.84,-28.51],[112.85,-28.34],[112.56,-28.2],[112.49,-27.65],[112.2,-27.36],[111.67,-26.58],[111.85,-26.25],[111.69,-26.1],[111.5,-25.29],[111.6,-24.57],[111.52,-24.17],[111.82,-24.16],[112.14,-23.9],[112.2,-23.63],[112.66,-23.29],[112.66,-23.15],[112.97,-22.7],[113.2,-22.65],[113.5,-22.32],[113.7,-21.89],[113.66,-21.43],[113.85,-21.09],[113.87,-20.85],[114.69,-20.23],[115.3,-19.54],[115.5,-19.02],[115.73,-18.79],[116.69,-18.34],[117.29,-18.33],[118.03,-17.9],[118.58,-17.28],[118.65,-17.07],[118.92,-16.9],[119.06,-16.68],[119.61,-16.25],[119.95,-16.17],[120.28,-15.6],[120.79,-14.99],[120.91,-14.66],[121.32,-14.5],[121.6,-14.25],[121.7,-13.93],[121.63,-13.5],[122.03,-13.04],[122.46,-12.97],[122.43,-12.46],[122.59,-12],[122.63,-11.64],[123.05,-11.38],[123.64,-11.18],[124.09,-11.21],[124.15,-11.07],[125.56,-10.38],[125.95,-10.16],[126.54,-10.05],[127.4,-9.55],[127.81,-9.53],[128,-9.36],[128.8,-9.2],[129.32,-9.16],[129.84,-8.9],[130.37,-8.81],[130.66,-8.87],[131.18,-8.62],[131.64,-8.33],[132.12,-7.79],[132.02,-7.68],[131.16,-8.41],[130.67,-8.59],[129.97,-8.57],[129.82,-8.33],[129.43,-8.01],[129.45,-7.82],[129.75,-7.52],[130.62,-7.83],[130.81,-7.31],[131.04,-7.25],[131.33,-7.01],[131.62,-6.35],[131.83,-6.22],[132.08,-6.4],[132.52,-6.86],[132.49,-7.25],[133.47,-6.35],[133.75,-6.19],[134.03,-5.73],[134.14,-5.38],[134.43,-5.12],[134.37,-4.76],[134.51,-4.37],[134.36,-4.21],[133.97,-4.18],[133.9,-4.35],[133.62,-4.46],[133.17,-4.2],[132.8,-4.15],[132.42,-3.37],[131.69,-3.1],[131.57,-2.93],[130.73,-2.52],[130.13,-2.47],[129.46,-2.26],[129.11,-2.32],[128.82,-2.14],[129.07,-1.63],[128.31,-1.73],[128.18,-1.9],[127.88,-1.83],[127.69,-1.94],[127.11,-1.77],[127.19,-1.36],[127.37,-1.03],[126.97,-0.62],[126.89,0],[125.51,0],[123.23,0],[122.31,0],[122.95,-0.12],[123.53,-0.47],[123.68,-0.75],[123.54,-1.1],[123.79,-1.32],[124.42,-1.34],[124.65,-1.48],[125.15,-1.5],[125.39,-1.65],[125.64,-1.61],[126.55,-1.69],[126.54,-1.96],[126.18,-2],[125.93,-2.46],[125.71,-2.06],[125.23,-2],[124.68,-2.06],[124.51,-2.16],[124.16,-2.15],[123.49,-2.3],[123.31,-2.25],[123.03,-2.38],[122.78,-2.3],[122.34,-2.32],[122.09,-2.2],[122.18,-2.63],[122.68,-2.87],[123.06,-3.16],[123.36,-3.63],[123.36,-4.14],[123.19,-4.39],[123.5,-4.72],[123.2,-5.09],[123.75,-5.17],[123.9,-5.39],[124.1,-5.36],[124.32,-5.15],[124.85,-5.5],[124.66,-5.64],[124.74,-5.97],[124.67,-6.17],[124.38,-6.18],[123.69,-5.98],[123.35,-5.63],[123.25,-5.4],[123,-5.55],[122.76,-5.83],[122.35,-5.8],[122.23,-5.57],[121.75,-5.67],[121.18,-4.63],[121.18,-4.42],[120.98,-3.97],[120.67,-3.78],[120.64,-4.36],[120.87,-4.71],[120.89,-5.08],[120.6,-5.38],[120.58,-5.62],[120.67,-6.07],[120.53,-6.81],[120.87,-6.64],[120.86,-6.5],[121.11,-6.07],[121.4,-6.37],[121.37,-6.65],[121.5,-7.01],[122.14,-7.11],[122.32,-7.36],[122.16,-7.49],[121.81,-7.55],[121.55,-7.49],[121.16,-7.6],[120.34,-7.12],[120.37,-6.8],[120.15,-6.63],[120.23,-6.4],[120.14,-6.13],[119.79,-6.12],[119.68,-6.32],[119.59,-6.86],[119.05,-7.1],[118.69,-7.36],[118.46,-7.68],[118.13,-7.61],[117.19,-7.9],[116.53,-7.66],[116.16,-7.65],[115.79,-7.37],[115.56,-7.39],[115.33,-7.71],[115.37,-7.95],[115.81,-8.31],[116.37,-8.07],[116.93,-8.15],[117.17,-7.99],[118.36,-7.99],[118.8,-8.18],[119.06,-8.01],[119.23,-8.26],[119.95,-8.23],[120.46,-8.1],[120.82,-8.23],[121.18,-8.26],[121.53,-8.4],[121.69,-8.22],[121.88,-8.38],[122.13,-8.32],[122.21,-8.03],[122.5,-8.26],[122.79,-8],[123.58,-8.13],[124.58,-8.01],[125.23,-8.14],[125.19,-8.39],[124.15,-8.62],[123.72,-8.52],[123.53,-8.64],[123.03,-8.64],[122.51,-8.81],[121.3,-9.03],[120.7,-9],[120.54,-9.32],[121.04,-9.67],[121.31,-10.06],[121.29,-10.27],[120.73,-10.46],[120.51,-10.42],[119.94,-10.5],[119.78,-10.17],[119.47,-9.98],[119.09,-9.95],[118.78,-9.76],[118.7,-9.48],[118.9,-9.29],[119.42,-9.14],[119.22,-8.89],[118.67,-8.94],[118.46,-9.05],[117.73,-9.07],[117.4,-9.22],[116.9,-9.2],[116.69,-9.08],[115.81,-9.07],[115.39,-8.96],[115.19,-9.01],[114.53,-8.93],[114.12,-8.79],[113.77,-8.79],[113.36,-8.67],[113.14,-8.78],[112.97,-8.66],[112.63,-8.76],[112.38,-8.67],[112.23,-9.05],[112.02,-8.76],[111.62,-8.95],[111.36,-8.73],[111.11,-8.81],[110.52,-8.69],[110.22,-8.49],[109.56,-8.45],[109.42,-8.21],[109.1,-8.33],[108.94,-8.24],[108.49,-8.21],[108.11,-7.99],[107.63,-7.9],[107.38,-7.61],[106.38,-7.65],[106.18,-7.51],[106.24,-7.12],[105.79,-7.08],[105.6,-7.17],[105.28,-7.08],[105.04,-6.69],[104.7,-6.6],[104.49,-6.45],[103.87,-5.42],[103.62,-5.15],[103.06,-5],[102.91,-4.82],[102.29,-4.67],[101.84,-4.11],[101.63,-4.09],[101.6,-4.43],[101.8,-4.92],[102.42,-5.16],[102.66,-5.32],[102.85,-5.95],[102.35,-5.83],[101.98,-5.5],[101.91,-5.32],[101.62,-5.12],[100.85,-4.25],[100.55,-3.67],[99.84,-2.9],[99.71,-2.56],[99.43,-2.41],[99.39,-2.19],[98.82,-1.92],[98.44,-1.36],[98.39,-1.02],[98.17,-1.06],[98.09,-0.71],[98.11,-0.37],[97.81,-0.3],[97.67,-0.13],[97.46,0.68],[97.2,0.62],[96.93,1.23],[97.08,1.63],[96.81,1.93],[96.54,1.97],[96.41,2.2],[96.19,2.08],[95.97,2.38],[95.66,2.32],[95.47,2.68],[94.97,2.72],[94.73,2.84],[94.93,3.14],[94.62,3.55],[94.56,4.04],[94.79,4.16],[94.98,3.87],[95.11,3.46],[95.4,3.54],[95.34,3.87],[95.44,4.08],[95.21,4.63],[94.84,5.13],[94.75,5.4],[94.73,6.02],[94.87,6.32],[95.32,6.13],[95.6,5.82],[96.12,5.66],[96.7,5.6],[97.15,5.76],[97.34,6.37],[97.25,6.96],[97.02,7.13],[96.58,7.18],[96.26,7.3],[96.08,7],[95.72,7.23],[95.64,7.66],[95.74,8.16],[96.02,8.95],[96.1,9.55],[96.25,9.85],[96.24,10.1],[96.4,10.54],[96.41,11.14],[96.53,12.64],[96.35,13.02],[96.39,13.31],[96.24,13.58],[95.95,13.7],[95.26,13.81],[95.05,13.92],[94.76,13.8],[94.66,13.84]],[[94.86,13.1],[94.96,12.52],[94.63,12.44],[94.56,12.86],[94.86,13.1]],[[94.37,12.04],[94.52,12.31],[94.86,12.29],[94.74,12.07],[94.37,12.04]],[[93.66,11.92],[93.62,10.69],[93.45,10.72],[93.25,11.29],[93.37,11.77],[93.66,11.92]],[[95.73,6.39],[95.62,6.91],[95.75,7],[96.19,6.67],[96.12,6.29],[95.73,6.39]],[[93.98,5.83],[94.14,5.8],[94.25,5.37],[94.03,5.12],[93.75,5.69],[93.98,5.83]],[[93.68,5.28],[93.46,4.76],[93.26,4.75],[93.2,5.15],[93.68,5.28]],[[121.18,-10.63],[121.51,-10.41],[121.42,-10.22],[122.02,-10.18],[122.24,-10.28],[122.23,-10.66],[122.02,-10.7],[121.7,-10.97],[121.55,-10.92],[121.06,-10.99],[121.18,-10.63]],[[123.07,-10.44],[123.21,-10.05],[123.49,-9.89],[123.68,-9.44],[123.98,-9.22],[124.44,-9.08],[124.87,-8.86],[125.1,-8.56],[125.42,-8.45],[126.12,-8.4],[126.67,-8.26],[127.47,-8.26],[127.53,-8.62],[127.29,-8.78],[126.07,-9.26],[125.71,-9.34],[124.71,-10.1],[124.32,-10.45],[124.11,-10.45],[123.79,-10.68],[123.47,-10.8],[123.07,-11.14],[122.57,-11.24],[122.24,-10.98],[122.34,-10.55],[122.74,-10.56],[123.07,-10.44]],[[125.62,-8.38],[125.37,-8.23],[125.64,-8.02],[125.9,-7.61],[126.2,-7.62],[126.65,-7.48],[126.91,-7.79],[126.53,-8.01],[126.14,-7.98],[125.79,-8.13],[125.62,-8.38]],[[127.32,-7.73],[127.21,-7.48],[127.55,-7.43],[127.7,-7.62],[127.32,-7.73]],[[128.59,-7.46],[128.36,-7.15],[128.63,-7],[128.78,-7.19],[128.59,-7.46]],[[127.53,-8.14],[127.8,-8],[128.27,-8.09],[128.58,-8.02],[129.28,-8.2],[129.15,-8.47],[128.77,-8.28],[128.36,-8.29],[128.18,-8.38],[127.53,-8.14]],[[112.99,-19.9],[113.16,-19.67],[113.06,-19.51],[113.55,-19.12],[113.55,-20.14],[113.45,-20.44],[113.08,-20.7],[112.67,-20.76],[112.51,-20.52],[112.43,-20.05],[112.99,-19.9]],[[95.01,-31.57],[95.59,-31.62],[95.52,-31.95],[95.18,-31.78],[95.01,-31.57]],[[131.99,-6.2],[131.87,-6.09],[131.95,-5.76],[131.92,-5.17],[131.53,-4.48],[131.08,-4],[130.42,-3.89],[130.37,-3.72],[129.68,-3.41],[129.52,-3.53],[128.9,-3.42],[129.04,-3.77],[128.46,-3.71],[128.17,-3.84],[127.86,-3.77],[127.8,-3.41],[127.42,-3.33],[127.33,-3.09],[127.69,-3.1],[127.8,-2.89],[128.8,-2.5],[129.04,-2.6],[129.28,-2.52],[130.17,-2.71],[130.32,-2.62],[131.03,-2.89],[131.47,-3.21],[131.68,-3.97],[132.26,-4.15],[132.48,-4.1],[132.57,-4.34],[132.79,-4.37],[133.07,-5.02],[133.23,-5.07],[133.42,-5.63],[133.17,-5.73],[132.88,-6.15],[132.55,-6.48],[132.27,-6.51],[132.25,-6.29],[131.99,-6.2]],[[130.03,-4.39],[130.22,-4.7],[129.67,-4.61],[129.7,-4.25],[130.03,-4.39]],[[127.32,-3.87],[127.02,-3.8],[126.74,-3.91],[126.23,-3.72],[126,-3.49],[126.03,-3.02],[126.29,-3.02],[126.66,-2.88],[127.18,-2.98],[127.34,-3.24],[127.32,-3.87]]]},"properties":{"scalerank":0,"featurecla":"Bathymetry","depth":1000}},
{"type":"Feature","geometry":{"type":"Polygon","coordinates":[[[80.13,5.78],[79.81,6.01],[79.6,6.45],[79.52,6.85],[79.56,7.17],[79.54,8.31],[79.07,8.22],[79.06,8.62],[78.84,8.65],[78.49,8.36],[78.43,7.97],[78.1,7.58],[78.05,7.34],[77.57,6.98],[77.31,6.97],[76.96,7.15],[76.68,7.61],[76.56,7.97],[75.95,8.56],[75.55,8.48],[75.44,8.67],[75.4,9.15],[75.57,9.77],[75.45,9.92],[75.5,10.3],[75.14,10.54],[75.15,10.72],[74.34,11.89],[74.04,12.56],[73.85,12.81],[73.49,12.92],[73.46,13.13],[73.19,13.78],[73.1,14.18],[72.86,14.13],[72.58,14.9],[72.74,14.98],[72.46,15.89],[72.25,16.19],[72.06,16.19],[71.82,16.49],[71.91,16.73],[71.78,17.08],[71.19,17.37],[70.81,17.73],[70.51,18.17],[70.11,18.64],[70.17,18.77],[69.66,19],[69.22,19.82],[69.28,20.1],[69.05,20.81],[69.12,20.93],[68.61,21.15],[68.06,21.19],[67.75,21.53],[67.85,21.88],[67.54,22.13],[67.21,22.52],[66.58,22.9],[66.22,23.35],[65.64,23.82],[65.43,24.19],[65.87,24.61],[65.68,24.79],[65.12,25.01],[64.72,24.85],[64.6,24.63],[64.2,24.82],[64.09,24.75],[63.37,24.71],[62.71,24.86],[61.57,24.68],[60.99,24.89],[59.96,24.95],[59.82,25.04],[59.48,24.87],[59.1,24.82],[58.56,25.01],[57.72,25.11],[57.17,25.26],[57.06,24.94],[57.67,24.29],[58.04,24.06],[58.6,24],[59.08,23.47],[59.1,23.3],[59.47,22.83],[59.65,22.82],[60,22.5],[59.92,21.89],[59.62,21.24],[59.46,20.7],[58.94,20.16],[58.74,19.83],[58.55,19.29],[58.08,18.83],[58.04,18.55],[57.89,18.36],[57.73,17.76],[57.52,17.56],[57.14,17.45],[57,17.54],[56.5,17.43],[55.66,17.42],[55.03,16.91],[54.43,16.82],[53.97,16.65],[53.59,16.68],[52.86,16.42],[52.63,16.14],[52.57,15.66],[52.25,15.12],[51.67,14.88],[51.48,14.62],[50.92,14.72],[50.4,14.67],[50.11,14.45],[49.67,14.33],[49.47,14.51],[49.04,14.16],[49.01,13.95],[48.65,13.68],[48.32,13.8],[47.7,13.67],[47.48,13.4],[46.54,13.1],[46.03,13.19],[45.72,12.8],[45.45,12.64],[45.15,12.27],[45.53,12.24],[45.19,11.87],[44.9,11.84],[44.55,10.89],[44.71,10.75],[45.12,10.75],[45.67,11.09],[46.39,11.09],[46.76,11.02],[46.97,11.14],[47.42,11.57],[47.81,11.43],[48.38,11.69],[48.58,11.64],[49,11.73],[49.73,11.61],[50.2,11.74],[50.81,12.26],[50.91,12.55],[51.14,12.67],[51.46,12.6],[51.6,12.69],[51.91,12.49],[52.15,12.56],[52.37,12.33],[52.63,12.41],[53.03,12.36],[53.13,12.72],[54.01,12.89],[54.22,12.76],[54.78,12.56],[54.58,12.29],[54.2,12.04],[53.62,11.76],[53.29,11.53],[53.19,11.31],[52.9,11.3],[52.3,11.78],[52.24,11.98],[51.84,12.14],[51.93,11.81],[52.17,11.67],[52.03,11.38],[51.79,11.32],[51.68,10.98],[51.87,10.72],[51.92,10.38],[51.75,9.87],[51.48,9.38],[51.1,8.86],[50.9,8.84],[50.54,8.53],[50.53,8.16],[50.21,7.66],[50.11,7.01],[49.81,6.45],[49.66,6.35],[49.68,5.99],[49.49,5.74],[49.29,5.78],[48.99,5.47],[48.96,5.14],[48.62,4.57],[48.45,4.15],[47.91,3.75],[47.75,3.74],[47.25,3.14],[46.86,2.96],[46.54,2.57],[45.67,1.8],[45.3,1.69],[45.14,1.53],[43.52,0.31],[43.05,-0.34],[41.54,-2.06],[41.35,-2.35],[41.24,-2.72],[41.09,-2.89],[41.04,-3.33],[40.87,-3.77],[40.49,-4.3],[40.11,-4.73],[40.04,-5.4],[39.67,-5.93],[39.86,-6.25],[39.89,-6.55],[40.14,-6.69],[40.25,-7.03],[40.15,-7.5],[40.11,-8.1],[39.89,-8.28],[39.77,-8.54],[39.74,-8.89],[39.96,-9.65],[40.17,-9.89],[40.49,-10.03],[40.88,-10.38],[40.86,-10.66],[41.03,-10.96],[40.85,-12.08],[40.92,-12.39],[40.73,-13.18],[40.82,-14.03],[40.93,-14.16],[41.05,-14.67],[40.92,-15.62],[40.73,-15.94],[40.18,-16.49],[40.13,-16.63],[39.77,-16.99],[39.46,-17.21],[39.11,-17.34],[38.64,-17.66],[38.34,-17.78],[37.88,-18.18],[37.71,-18.49],[37.59,-19],[36.82,-19.78],[36.55,-20.12],[36.3,-20.31],[36.24,-20.64],[35.99,-21.14],[36.05,-21.76],[35.96,-22.2],[36.05,-22.42],[36.21,-23.41],[36,-23.95],[35.87,-24.83],[35.51,-25.32],[35.33,-26.21],[34.88,-26.35],[34.54,-26.2],[34.23,-26.73],[33.86,-26.95],[33.43,-27.1],[32.93,-27.51],[32.98,-27.78],[32.59,-28.85],[32.4,-29.04],[31.99,-29.76],[31.92,-30.06],[31.19,-30.36],[29.95,-31.58],[29.6,-31.84],[29.54,-32.02],[29.14,-32.47],[28.59,-32.97],[27.9,-33.42],[27.38,-33.93],[26.87,-34.24],[26.32,-34.39],[26.14,-34.51],[25.54,-34.61],[24.93,-34.96],[23.98,-35.06],[23.04,-35.38],[22.37,-36.33],[22.03,-36.62],[21.04,-36.95],[21.45,-38.88],[21.87,-40.81],[22.28,-42.75],[22.7,-44.68],[23.11,-46.61],[23.53,-48.54],[23.94,-50.48],[24.36,-52.41],[24.77,-54.34],[25.19,-56.27],[25.61,-58.2],[26.02,-60.14],[26.44,-62.07],[26.85,-64],[27.27,-65.93],[27.68,-67.87],[27.99,-69.32],[29.41,-69.05],[29.95,-69.02],[31.7,-68.15],[31.74,-67.98],[32.58,-67.43],[33.38,-67.46],[34.82,-68.09],[36.01,-68.24],[36.98,-68.23],[37.35,-68.47],[40.88,-67.92],[42.26,-67.54],[43.54,-67.37],[44.51,-67.06],[44.98,-67.11],[46.2,-66.86],[47.34,-66.43],[48.51,-66.41],[49.3,-66.29],[50.14,-65.81],[50.8,-65.67],[52.01,-65.57],[52.79,-65.56],[53.45,-65.29],[54.28,-65.35],[55.63,-65.64],[57.23,-65.84],[57.64,-66.04],[58.69,-66.23],[59.42,-66.6],[61.32,-66.74],[61.9,-66.53],[63.92,-66.65],[64.34,-66.77],[66.46,-66.75],[67.14,-66.94],[68.1,-67.03],[69.48,-66.69],[70.78,-66.73],[72.56,-66.54],[74.3,-66.88],[75.75,-66.79],[77.11,-66.86],[77.57,-66.6],[78.17,-66.63],[79.39,-66.37],[79.7,-66.04],[80.32,-65.95],[80.92,-65.61],[81.84,-65.52],[83.38,-65.67],[83.29,-63.68],[83.22,-62.19],[83.18,-61.2],[83.11,-59.71],[83.06,-58.72],[83,-57.23],[82.95,-56.24],[82.88,-54.75],[82.84,-53.76],[82.77,-52.27],[82.73,-51.28],[82.66,-49.79],[82.61,-48.8],[82.52,-46.81],[82.46,-45.33],[82.41,-44.33],[82.34,-42.84],[82.3,-41.85],[82.23,-40.36],[82.19,-39.37],[82.12,-37.88],[82.07,-36.89],[82,-35.4],[81.96,-34.41],[81.89,-32.92],[81.85,-31.93],[81.78,-30.44],[81.73,-29.45],[81.64,-27.46],[81.58,-25.98],[81.53,-24.98],[81.46,-23.5],[81.42,-22.5],[81.35,-21.02],[81.31,-20.02],[81.24,-18.53],[81.19,-17.54],[81.13,-16.05],[81.08,-15.06],[81.01,-13.57],[80.97,-12.58],[80.9,-11.09],[80.85,-10.1],[80.76,-8.12],[80.7,-6.63],[80.65,-5.64],[80.58,-4.15],[80.52,-2.66],[80.43,-0.67],[80.36,0.81],[80.27,2.8],[80.18,4.78],[80.13,5.78]],[[64.24,22.86],[64.12,22.47],[63.81,22.32],[63.63,22.46],[64.11,22.84],[64.24,22.86]],[[62.18,21.85],[61.99,21.6],[61.75,21.79],[61.97,22.07],[62.18,21.85]],[[72.39,13.63],[72.05,13.51],[72.05,13.85],[72.28,14.04],[72.48,13.85],[72.39,13.63]],[[72.35,12.67],[72.25,13.22],[72.34,13.5],[72.57,13.68],[72.71,13.52],[72.61,13.07],[72.87,12.69],[72.79,12.48],[72.35,12.67]],[[72.07,12.47],[72.04,12.25],[71.56,12.47],[72,12.56],[72.07,12.47]],[[72.08,13.42],[72.21,13.09],[72.12,12.94],[71.81,13.25],[72.08,13.42]],[[71.8,11.71],[71.66,12.04],[71.93,12.02],[71.8,11.71]],[[72.92,7.22],[73.41,7.02],[73.4,6.8],[73.2,6.58],[73.55,6.02],[73.56,5.72],[73.74,5.49],[73.56,5.14],[73.57,4.85],[73.81,4.55],[73.65,4.2],[73.61,3.67],[73.85,3.57],[73.7,2.89],[73.49,2.71],[73.49,2.38],[73.08,2.09],[72.85,2.19],[72.74,2.76],[72.76,3.27],[72.59,3.6],[72.64,4.29],[72.79,4.9],[72.61,6.01],[72.43,6.32],[72.52,6.55],[72.76,6.62],[72.84,6.83],[72.69,7.08],[72.92,7.22]],[[73.37,2.18],[73.7,2.19],[73.61,1.79],[73.32,1.7],[73.17,1.92],[73.37,2.18]],[[73.25,1.02],[73.49,1.01],[73.67,0.54],[73.49,0.16],[73.24,0.1],[72.94,0.21],[72.86,0.37],[73.08,0.92],[73.25,1.02]],[[73.32,-0.48],[73.16,-0.77],[73.01,-0.5],[73.32,-0.48]],[[55.74,-3.58],[56.24,-3.84],[56.45,-4.39],[56.93,-4.89],[57.2,-5.05],[57.29,-5.33],[57.11,-5.67],[56.54,-5.93],[56.48,-6.43],[56.28,-6.55],[56.1,-6.34],[56.21,-6.12],[56.23,-5.59],[56.07,-5.43],[55.41,-5.33],[55.25,-5.14],[54.19,-4.78],[53.89,-4.72],[53.98,-4.39],[54.62,-3.77],[55.26,-3.58],[55.74,-3.58]],[[72.21,-4.83],[72.47,-4.58],[72.7,-4.66],[72.74,-4.87],[72.69,-5.37],[72.84,-5.69],[72.86,-6.12],[72.68,-6.28],[72.53,-6.59],[72.52,-7.15],[72.59,-7.4],[72.35,-7.56],[72.29,-7.26],[71.81,-7.42],[71.62,-8],[71.17,-7.78],[70.93,-7.87],[70.71,-7.63],[70.96,-7.27],[70.87,-7.03],[70.99,-6.77],[71.25,-6.63],[71.18,-6.39],[71.26,-6.07],[71.46,-5.83],[71.32,-5.69],[71.38,-5.38],[71.96,-4.86],[72.21,-4.83]],[[60.17,-8.2],[60.34,-8.4],[60.54,-8.98],[60.58,-9.43],[60.18,-9.68],[60.51,-9.88],[61.06,-9.54],[61.36,-9.53],[61.6,-9.74],[61.75,-9.63],[62.04,-9.7],[62.38,-10],[62.34,-11.17],[62.46,-11.34],[62.21,-11.83],[61.92,-12.1],[61.69,-12.12],[61.29,-12.62],[61.06,-12.6],[60.89,-12.41],[60.93,-12.22],[60.61,-11.45],[60.21,-10.93],[59.61,-9.85],[59.5,-9.49],[59.66,-9.36],[59.77,-9.04],[59.53,-8.96],[59.34,-8.67],[59.71,-8.5],[59.8,-8.35],[60.17,-8.2]],[[60.81,-9.52],[60.58,-8.92],[60.85,-8.79],[61.02,-9.14],[60.81,-9.52]],[[60.91,-12.53],[61.05,-13.1],[60.92,-13.26],[61.29,-13.81],[61.25,-14.06],[61.34,-15.12],[61.54,-15.44],[61.39,-15.84],[61.42,-16.12],[60.82,-16.2],[60.62,-16.32],[60.7,-16.64],[60.41,-16.61],[60.34,-16.89],[59.91,-17.1],[59.7,-17.37],[59.7,-17.75],[59.4,-17.9],[58.99,-17.91],[59.2,-17.44],[58.97,-17.09],[59.11,-16.53],[59.17,-16],[59.39,-15.77],[60.1,-15.58],[59.82,-15.1],[59.99,-14.76],[59.97,-14.29],[60.35,-13.65],[60.47,-13.19],[60.7,-12.91],[60.77,-12.61],[60.91,-12.53]],[[49.99,-17.46],[49.68,-18.15],[49.62,-18.43],[49.35,-19.06],[49.06,-19.99],[48.74,-20.59],[48.72,-20.93],[48.58,-21.29],[48.41,-22.01],[48.07,-22.78],[48.05,-23.16],[47.71,-24.1],[47.69,-24.51],[47.53,-25.04],[47.18,-25.49],[46.78,-25.71],[46.16,-25.83],[45.77,-26.3],[45.31,-26.47],[44.6,-26.08],[44.25,-25.62],[43.91,-25.09],[43.8,-24.62],[43.52,-24.47],[43.55,-23.92],[43.42,-23.55],[43.56,-23.47],[43.33,-23.01],[43.03,-22.56],[42.97,-22.01],[43.08,-21.84],[43.1,-21.46],[43.34,-20.95],[43.53,-21],[43.84,-20.3],[43.8,-19.72],[43.66,-19.16],[43.75,-18.8],[43.58,-18.41],[43.3,-18.07],[43.11,-17.37],[43.12,-16.72],[43.57,-16.28],[43.61,-16.1],[44.17,-15.67],[44.64,-15.5],[45.27,-15.62],[45.87,-15.38],[46.04,-15.21],[46.32,-15.18],[46.75,-14.71],[46.87,-14.48],[47.1,-14.5],[47.54,-13.97],[47.62,-13.68],[47.93,-13.22],[47.78,-13],[47.5,-12.95],[47.54,-12.41],[47.64,-12.08],[47.88,-11.86],[48.1,-11.87],[48.16,-12.09],[48.45,-12.15],[49.11,-11.9],[49.42,-11.66],[49.74,-12.06],[49.82,-12.36],[50.07,-12.69],[50.27,-12.76],[50.06,-13.13],[50.28,-13.61],[50.43,-14.27],[50.5,-14.89],[50.68,-15.06],[50.75,-15.45],[50.5,-16.06],[50.45,-16.8],[50.34,-17.06],[49.99,-17.46]],[[58.04,-18.56],[57.96,-18.32],[58.19,-18.24],[58.43,-18.48],[58.04,-18.56]],[[58.49,-18.55],[58.82,-18.39],[58.96,-18.66],[58.58,-18.75],[58.49,-18.55]],[[57.64,-18.82],[58.27,-19.35],[58.11,-19.84],[57.91,-20.02],[57.98,-20.28],[57.82,-20.5],[57.29,-20.6],[57.23,-20.34],[57.54,-19.76],[57.26,-19.26],[57.42,-18.86],[57.64,-18.82]],[[63.22,-19.93],[62.83,-19.8],[62.31,-19.77],[61.43,-19.48],[61.76,-19.32],[62.37,-19.61],[62.89,-19.62],[63.42,-19.49],[63.95,-19.75],[63.22,-19.93]],[[55.51,-21.44],[55.1,-21.11],[55.09,-20.85],[55.59,-20.78],[55.75,-20.84],[55.92,-21.15],[55.82,-21.42],[55.51,-21.44]],[[45.3,-13.08],[44.94,-13.08],[44.88,-12.54],[45.22,-12.49],[45.46,-12.7],[45.3,-13.08]],[[43.95,-12.46],[43.55,-12.55],[43.57,-12.19],[44,-12.27],[43.95,-12.46]],[[43.57,-12.06],[43.14,-11.67],[43.22,-11.32],[43.59,-11.35],[43.57,-12.06]],[[44.14,-12.06],[44.57,-11.98],[44.57,-12.43],[44.11,-12.19],[44.14,-12.06]],[[46.51,-12.16],[46.67,-12.47],[46.16,-12.49],[46.18,-12.19],[46.51,-12.16]],[[50.69,-10.63],[50.41,-10.69],[50.5,-10.15],[50.26,-10.03],[50.37,-9.81],[50.64,-9.94],[50.97,-9.94],[50.88,-9.5],[50.92,-8.94],[51.2,-8.83],[51.24,-9.26],[51.17,-9.53],[51.42,-9.7],[51.24,-10.28],[51.02,-10.31],[50.84,-10.12],[50.69,-10.63]],[[47.5,-8.71],[47.23,-8.86],[47.11,-9.1],[46.9,-9.05],[46.83,-8.62],[47.01,-8.46],[47.41,-8.59],[47.5,-8.71]],[[57.1,-7.43],[56.87,-7.49],[56.74,-7.16],[57.02,-7.12],[57.1,-7.43]],[[57.64,-6.01],[57.36,-6.26],[57.21,-5.91],[57.43,-5.69],[57.64,-6.01]],[[53.32,-6.14],[52.94,-6.35],[52.72,-6.13],[53,-5.77],[53.17,-5.29],[53.26,-4.82],[53.52,-4.66],[53.43,-5.2],[53.51,-5.44],[53.82,-5.49],[53.78,-5.73],[53.56,-5.74],[53.36,-5.91],[53.32,-6.14]],[[45.99,-26.91],[46.25,-27.12],[46.44,-27.1],[46.54,-27.39],[46.23,-27.57],[46.01,-27.17],[45.99,-26.91]],[[44.23,-32.53],[44.54,-32.57],[44.61,-32.99],[45.09,-33.17],[45.29,-33.47],[45.23,-33.75],[44.97,-33.8],[44.62,-34.16],[44.3,-34.02],[44.2,-33.55],[43.74,-33.5],[43.59,-32.64],[43.92,-32.69],[44.23,-32.53]],[[77.58,-38.35],[77.86,-38.25],[77.69,-38.81],[77.35,-38.59],[77.58,-38.35]],[[49.97,-46.43],[49.75,-46.64],[49.26,-46.61],[49.13,-46.31],[49.26,-45.61],[49.82,-45.4],[50.38,-45.5],[50.89,-45.44],[51.06,-45.57],[51.33,-46.07],[51.96,-46.29],[52.37,-46.27],[52.39,-46.64],[52.12,-46.62],[51.91,-46.85],[51.48,-46.85],[51.16,-47],[50.99,-46.73],[50.25,-46.64],[49.97,-46.43]],[[74.16,-53.33],[73.7,-53.42],[72.29,-53.39],[72.02,-53.16],[72.1,-52.79],[71.58,-52.48],[71.62,-52.27],[71.1,-52.05],[71.18,-51.77],[72.02,-51.74],[71.9,-51.55],[71.48,-51.34],[71.06,-51.6],[70.34,-51.65],[69.91,-51.11],[70.1,-50.81],[69.87,-50.66],[69.3,-50.62],[69.11,-50.47],[68.53,-50.44],[67.64,-49.93],[67.22,-49.46],[66.86,-49.31],[67.08,-49.03],[66.62,-48.62],[65.91,-48.59],[65.58,-48.42],[65.4,-47.93],[65.65,-47.77],[65.77,-47.07],[66.02,-46.67],[66.52,-46.94],[66.66,-46.76],[66.69,-46.35],[67.01,-46.3],[67.57,-46.01],[67.8,-46.22],[68.25,-46.42],[68.46,-46.75],[69.42,-47.04],[70.16,-47.1],[70.99,-46.91],[71.46,-47.23],[72.19,-47.06],[72.18,-47.36],[71.78,-47.5],[72.3,-47.74],[72.21,-47.95],[71.52,-48.17],[71.25,-48.37],[71.23,-48.67],[71.64,-48.77],[72.41,-49.08],[72.24,-49.37],[72.48,-49.62],[73.1,-49.63],[73.35,-49.85],[73.78,-49.97],[74.09,-49.75],[74.56,-49.96],[74.65,-50.44],[74.99,-50.34],[75.56,-50.44],[75.58,-51.06],[76.02,-51.25],[76.2,-51.5],[76.91,-51.74],[77.12,-51.98],[77.09,-52.22],[77.45,-52.54],[78.18,-52.66],[78.74,-52.66],[78.5,-52.94],[78.18,-52.91],[77.84,-53.19],[77.05,-52.62],[77.08,-53.25],[76.78,-53.1],[76.07,-52.99],[75.84,-53.05],[75.48,-53.4],[74.92,-53.42],[74.42,-53.19],[74.16,-53.33]],[[81.11,-53.44],[80.33,-53.16],[80.75,-53.07],[81.17,-53.31],[81.11,-53.44]],[[44.52,-53.59],[44.21,-53.52],[44.29,-53.23],[43.46,-52.98],[43.59,-52.7],[44.52,-52.5],[45.37,-52.94],[45.22,-53.51],[44.52,-53.59]],[[41.48,-52.53],[40.79,-52.3],[40.81,-52.16],[41.76,-52.13],[41.78,-52.43],[41.48,-52.53]],[[64.76,-50.33],[64.53,-49.98],[64.01,-49.93],[63.69,-49.74],[64.58,-49.56],[65.11,-49.54],[65.6,-49.76],[66.26,-49.85],[66.2,-50.05],[65.76,-50.29],[65.46,-50.14],[64.76,-50.33]],[[38.26,-46.74],[37.89,-47.11],[37.52,-46.88],[37.92,-46.5],[38.26,-46.74]],[[42.89,-46.62],[42.43,-46.33],[41.92,-46.37],[41.76,-46.22],[41.95,-45.89],[42.86,-46.06],[43.06,-46.28],[42.89,-46.62]],[[39.47,-46.46],[39.89,-46.31],[40.02,-46.6],[39.62,-46.67],[39.47,-46.46]],[[76.92,-58.72],[77.23,-58.34],[77.84,-58.8],[77.76,-58.99],[77.06,-59.04],[76.62,-58.97],[76.92,-58.72]],[[77.33,-59.19],[77.84,-59.26],[76.86,-59.62],[76.74,-59.32],[77.33,-59.19]]]},"properties":{"scalerank":0,"featurecla":"Bathymetry","depth":1000}},
{"type":"Feature","geometry":{"type":"Polygon","coordinates":[[[-119.29,33.44],[-119.33,33.72],[-119.5,33.88],[-119.67,33.67],[-119.29,33.44]]]},"properties":{"scalerank":0,"featurecla":"Bathymetry","depth":1000}},
{"type":"Feature","geometry":{"type":"Polygon","coordinates":[[[-119.29,33.44],[-119.28,33.43],[-119.28,33.44],[-119.29,33.44]]]},"properties":{"scalerank":0,"featurecla":"Bathymetry","depth":1000}},
{"type":"Feature","geometry":{"type":"Polygon","coordinates":[[[-119.94,33.13],[-120.05,33.24],[-120.1,33.54],[-120.22,33.48],[-120.06,33.08],[-119.94,33.13]]]},"properties":{"scalerank":0,"featurecla":"Bathymetry","depth":1000}},
{"type":"Feature","geometry":{"type":"Polygon","coordinates":[[[-118.13,33.15],[-118.27,33.24],[-118.69,33.29],[-118.52,33.11],[-118.13,33.15]]]},"properties":{"scalerank":0,"featurecla":"Bathymetry","depth":1000}},
{"type":"Feature","geometry":{"type":"Polygon","coordinates":[[[-118.68,32.67],[-118.72,33.03],[-119.14,33.29],[-119.23,33.07],[-119.05,32.82],[-118.68,32.67]]]},"properties":{"scalerank":0,"featurecla":"Bathymetry","depth":1000}},
{"type":"Feature","geometry":{"type":"Polygon","coordinates":[[[-119.72,33.06],[-119.97,32.87],[-119.74,32.76],[-119.72,33.06]]]},"properties":{"scalerank":0,"featurecla":"Bathymetry","depth":1000}},
{"type":"Feature","geometry":{"type":"Polygon","coordinates":[[[0,62.38],[0,63.86],[0,66.33],[0,68.3],[0,69.78],[0,72.25],[0,74.22],[0,76.69],[0,78.66],[0,81.12],[0,82.6],[0,85.07],[0,86.55],[0,88.03],[0,90],[-90,90],[-90,89],[-90,87.51],[-90,85.51],[-90,84.02],[-90,83.02],[-88.86,83.19],[-84.04,83.52],[-83.08,83.77],[-77.78,83.89],[-72.52,84.15],[-71.88,84.26],[-66.24,84.22],[-57.32,84.21],[-55.4,84.38],[-47.98,84.5],[-38.57,84.66],[-31.15,84.79],[-27.17,84.69],[-27.84,84.31],[-20.98,84.79],[-20.86,85.08],[-14.36,85.35],[-14.37,85.21],[-18.83,84.87],[-17.97,84.66],[-23.06,84.35],[-25.02,83.88],[-22.34,83.62],[-21.61,83.27],[-16.83,83.23],[-15.12,83],[-14.74,82.59],[-10.56,82.2],[-10.54,82],[-8.1,81.49],[-7.8,81.19],[-6.34,81.03],[-6.24,80.77],[-4.98,80.57],[-4.9,80.11],[-5.43,79.87],[-5.42,78.96],[-4.72,78.84],[-4.38,78.38],[-5.54,77.71],[-5.02,77.66],[-5.63,77.03],[-7.8,76.32],[-10.1,75.74],[-11.08,75.58],[-11.71,75.24],[-13.1,74.74],[-13.87,74.54],[-14.29,74.2],[-15.29,73.99],[-15.38,73.75],[-16.33,73.3],[-16.37,72.82],[-16.92,72.4],[-17.66,72.3],[-17.83,72],[-18.86,71.21],[-19.37,70.94],[-18.75,70.48],[-18.77,69.81],[-18.96,69.63],[-20.86,69.04],[-21.89,68.97],[-23.05,69.03],[-23.25,68.77],[-24.76,68.28],[-25.4,67.92],[-25.82,67.41],[-25.4,67.14],[-24.66,67.18],[-24.33,67.56],[-23.76,67.64],[-22.68,68],[-21.86,68.34],[-21.22,68.49],[-20.85,68.21],[-19.41,68],[-18.75,68.18],[-17.94,68.66],[-17.63,68.59],[-17.95,68.08],[-17.94,67.69],[-17.25,67.68],[-16.7,67.85],[-15.29,67.84],[-14.92,67.42],[-13.71,67.29],[-12.65,66.76],[-12.21,66.38],[-11.35,66.36],[-11.03,65.86],[-10.44,65.76],[-9.62,66.1],[-9,66.19],[-8.51,66.1],[-8.22,65.59],[-8.84,65.05],[-9.87,64.79],[-8.71,64.51],[-9.05,64.18],[-8.5,64.1],[-7.45,63.53],[-7.39,63.19],[-6.22,62.98],[-5.3,62.95],[-4.34,62.81],[-2.98,62.86],[-2.21,62.69],[-2.17,62.57],[-3.17,62.19],[-3.72,61.75],[-4.25,61.56],[-4.6,61.2],[-4.52,60.9],[-5.77,60.22],[-6.67,60.31],[-7.11,60.47],[-7.41,60.33],[-6,59.98],[-4.96,60.54],[-4.56,60.51],[-4.12,60.78],[-2.18,61.44],[-0.74,62.3],[0,62.38]],[[-52.8,85.51],[-51.73,85.36],[-58.26,84.93],[-59.93,84.86],[-69.45,84.68],[-72.44,84.66],[-74.59,85],[-73.66,85.22],[-69.95,85.44],[-69.16,85.67],[-65.54,85.83],[-62.41,86.24],[-58.68,86.83],[-52.44,86.83],[-53.67,86.44],[-52.21,85.93],[-52.8,85.51]],[[-12.24,71.33],[-11.83,71.57],[-10.32,71.46],[-11.23,71.21],[-12.24,71.33]],[[-9.24,68.51],[-8.89,69.05],[-8.12,69.36],[-8.83,69.89],[-8.98,70.44],[-9.97,70.36],[-10.48,70.53],[-10.1,70.77],[-9.72,71.36],[-8.89,71.22],[-7.78,71.22],[-6.29,70.78],[-7.54,70.78],[-7.87,70.58],[-7.38,70.36],[-7.85,70.03],[-8.03,69.62],[-7.68,69.42],[-7.82,69.07],[-8.76,68.77],[-9.24,68.51]],[[-17.45,69.15],[-17.38,69.45],[-16.98,69.51],[-16.6,69.87],[-15.94,69.79],[-15.93,69.59],[-16.47,69.06],[-17.45,69.15]],[[-13.08,70.78],[-14.26,70.95],[-14.34,71.28],[-12.57,71.3],[-11.89,70.95],[-13.08,70.78]]]},"properties":{"scalerank":0,"featurecla":"Bathymetry","depth":1000}},
{"type":"Feature","geometry":{"type":"Polygon","coordinates":[[[0,62.38],[0.39,62.72],[3.12,63.29],[4.12,63.15],[5.08,63.34],[5.09,63.83],[5.33,64.39],[5.16,64.53],[4.21,64.81],[4.33,65.45],[4.17,65.7],[5.02,65.67],[5.17,65.88],[4.69,66.26],[5.07,66.51],[6.31,66.82],[7.61,66.98],[7.94,67.25],[9.06,67.57],[10.18,68.26],[11.18,68.57],[12.09,68.71],[12.74,68.96],[13.18,68.94],[14.62,69.45],[15.64,69.52],[16.42,69.81],[16.95,70.19],[16.84,70.94],[16.2,71.45],[15.21,71.75],[15.11,72.05],[14.3,72.39],[14.09,72.98],[14.41,73.53],[15.77,74.06],[16.02,74.42],[14.98,75.02],[14.13,75.27],[13.59,75.66],[13.76,76.44],[11.4,77.05],[10.62,77.57],[9.22,77.93],[9.04,78.36],[8.07,78.64],[8.01,79.06],[6.55,79.78],[5.07,80.04],[3.63,80.42],[2.9,80.86],[2.21,81.6],[3.2,81.76],[3.43,82.1],[5.38,82.01],[7.8,82.39],[10.16,82.61],[12.57,82.67],[12.78,82.33],[11.62,81.91],[9.68,81.67],[9.92,80.77],[11.27,80.61],[14.73,80.94],[16.71,80.9],[17.45,81.53],[19.54,81.48],[21.22,81.31],[22.8,81.65],[24.96,81.5],[25.88,81.63],[28.06,81.53],[30.96,81.7],[37.37,82.13],[42.34,82.25],[46.44,82.52],[47.16,82.63],[51.82,82.9],[59.83,82.99],[62.3,82.75],[63.04,82.48],[68.97,82.63],[73.61,82.61],[75.58,82.32],[80.05,82.26],[86.52,82.17],[90,82.13],[90,84.1],[90,85.08],[90,87.05],[90,88.03],[90,90],[0,90],[0,88.03],[0,86.55],[0,85.07],[0,82.6],[0,81.12],[0,78.66],[0,76.69],[0,74.22],[0,72.25],[0,69.78],[0,68.3],[0,66.33],[0,63.86],[0,62.38]]]},"properties":{"scalerank":0,"featurecla":"Bathymetry","depth":1000}},
{"type":"Feature","geometry":{"type":"Polygon","coordinates":[[[-179.45,60.19],[-179.7,60.7],[-180,60.74],[-180,59.5],[-180,57.5],[-180,55.5],[-180,54.22],[-179.52,52.99],[-179.2,52.81],[-179.55,52.18],[-180,51.96],[-180,51.55],[-179.54,51.82],[-178.88,51.96],[-178.37,51.82],[-178.25,51.98],[-176.99,52.02],[-175.94,52.25],[-175.3,52.25],[-174.46,52.51],[-174.02,52.49],[-173.28,52.75],[-172.62,52.73],[-172.01,52.8],[-171.22,53.09],[-170.88,52.96],[-169.85,53.37],[-169.27,53.33],[-168.26,53.71],[-167.76,53.71],[-167.25,54.03],[-166.49,54.3],[-167.7,54.28],[-167.92,54.34],[-167.86,54.74],[-168.04,55.25],[-168.99,55.69],[-169.06,55.99],[-170.18,55.94],[-171.35,56.21],[-171.59,56.43],[-172.4,56.52],[-172.76,56.43],[-173.3,56.64],[-173.52,56.85],[-174.06,57.06],[-173.98,57.41],[-174.26,57.63],[-174.05,57.95],[-174.74,58.49],[-175.06,58.22],[-175.59,58.17],[-175.67,58.38],[-176.06,58.51],[-176.52,58.49],[-177.84,58.58],[-178.18,58.75],[-178.59,59.2],[-178.61,59.64],[-179.45,60.19]]]},"properties":{"scalerank":0,"featurecla":"Bathymetry","depth":1000}},
{"type":"Feature","geometry":{"type":"Polygon","coordinates":[[[-90,90],[-180,88.5],[-180,87.5],[-180,86],[-180,84],[-180,82.5],[-180,81],[-180,79],[-180,77.5],[-180,75.74],[-179.01,75.59],[-178.81,75.4],[-176.29,75.38],[-172.09,75.51],[-171.02,75.47],[-170.06,75.67],[-170.06,76.05],[-168.2,76.19],[-167.42,76.67],[-168.78,77.3],[-168.79,77.54],[-169.46,78.02],[-168.98,78.36],[-166.22,78.52],[-165.67,78.19],[-164.04,78.69],[-162.2,78.62],[-162.18,78.12],[-163.06,77.23],[-163.85,76.88],[-162.93,76.83],[-162.86,76.57],[-163.64,76.17],[-164.38,75.5],[-163.85,75.01],[-164.11,74.81],[-163.24,74.4],[-162.1,74.16],[-160.97,74.26],[-160.47,74.51],[-158.95,74.62],[-158.46,74.89],[-159.29,75.1],[-159.46,75.32],[-157.9,75.42],[-157.9,74.96],[-157.54,74.71],[-158.81,74.42],[-158.88,74.2],[-159.6,74.02],[-160.42,74.02],[-161.17,73.79],[-160.34,73.34],[-159.82,73.34],[-158.59,72.99],[-157.02,72.75],[-156.13,72.37],[-152.28,71.78],[-150.17,71.35],[-146.19,71.07],[-143.91,71.01],[-142.15,70.73],[-139.82,70.66],[-137.16,70.58],[-136.68,70.73],[-136.69,70.97],[-132.14,71.74],[-131.09,72.15],[-130.85,72.38],[-129.69,72.78],[-129.41,73.45],[-129.57,74.97],[-129.38,75.5],[-128.52,75.89],[-126.8,76.39],[-126.96,76.72],[-126.67,77.16],[-125.04,77.62],[-124.18,78.02],[-123.22,78.17],[-119.9,78.79],[-118.87,78.79],[-117.26,79.18],[-117.19,79.67],[-115.18,79.99],[-113.65,80.34],[-111.67,80.62],[-107.91,81.23],[-103.7,81.63],[-101.82,82.42],[-100.13,82.56],[-90,83.02],[-90,84.02],[-90,85.51],[-90,87.51],[-90,89],[-90,90]],[[-159.77,78.96],[-160.13,78.58],[-161.47,78.52],[-161.66,78.8],[-159.77,78.96]],[[-178.97,76.75],[-177.84,76.83],[-177.13,76.58],[-177.74,76.2],[-178.63,76.06],[-179.24,76.28],[-179.54,76.71],[-178.97,76.75]],[[-161.62,77.5],[-161.06,76.84],[-162.48,76.85],[-161.62,77.5]],[[-158.07,76.85],[-155.68,76.53],[-155.28,76.29],[-155.74,76.06],[-156.69,76.06],[-156.84,75.75],[-158.39,75.58],[-159.32,75.89],[-159.32,76.36],[-158.07,76.85]]]},"properties":{"scalerank":0,"featurecla":"Bathymetry","depth":1000}},
{"type":"Feature","geometry":null,"properties":{"scalerank":0,"featurecla":"Bathymetry","depth":1000}},
{"type":"Feature","geometry":{"type":"Polygon","coordinates":[[[180,51.55],[179.87,51.8],[179.49,51.7],[180,51.55]]]},"properties":{"scalerank":0,"featurecla":"Bathymetry","depth":1000}},
{"type":"Feature","geometry":{"type":"Polygon","coordinates":[[[180,28.37],[180,30],[180,32],[180,34],[180,35.5],[180,37.5],[180,38.5],[180,40.5],[180,42],[180,43],[180,44.5],[180,46],[180,47],[180,48.5],[180,49.5],[180,51.46],[179.59,51.22],[179.02,51.17],[178.38,51.34],[177.91,51.6],[176.94,51.71],[176.69,51.84],[176.18,51.87],[175.72,51.53],[175.14,51.84],[174.65,51.94],[174.36,52.18],[173.84,52.08],[173.02,52.22],[172.87,52.46],[172.39,52.79],[171.93,52.96],[172.8,53.18],[174.96,52.64],[176.51,52.41],[176.83,52.18],[177.25,52.23],[178.36,52.21],[179.09,52.3],[179.91,52.73],[179.97,53.32],[179.51,54.03],[179.18,54.29],[178.37,54.71],[178.22,55.07],[179.33,54.82],[179.81,54.49],[180,55.5],[180,57.5],[180,59.5],[179.82,60.44],[178.49,61.06],[178.28,61.3],[177.53,61.51],[177.31,61.67],[176.65,61.59],[176.2,61.22],[175.71,61.06],[174.95,61.07],[174.06,60.63],[173.4,60.58],[172.93,60.69],[171.82,60.41],[171.41,60.41],[171.1,60.22],[170.66,59.68],[170.94,59.3],[171.07,58.68],[170.94,57.99],[170.78,57.72],[169.88,58.1],[169.94,58.91],[169.84,59.07],[170.11,59.54],[169.96,59.79],[168.96,59.98],[168.05,59.9],[167.47,59.78],[166.25,59.04],[165.23,59.06],[164.11,58.44],[163.85,57.63],[163.57,57.47],[163.5,56.89],[163.83,56.35],[163.7,56.11],[163.37,56.05],[163.15,55.78],[162.64,55.92],[162.2,55.42],[162.41,54.99],[162.37,54.6],[161.71,54.31],[161.24,54.2],[161.11,53.98],[160.7,53.86],[160.83,53.58],[160.44,53.52],[160.46,53.06],[160.89,52.75],[160.45,52.61],[159.99,52.73],[159.69,52.57],[158.92,52.61],[158.93,52.14],[158.77,51.89],[158.62,51.21],[158.14,50.86],[157.86,50.45],[157.46,50.28],[157.12,50.28],[156.72,49.99],[156.73,49.8],[156.07,49.35],[155.63,48.85],[155.35,48.68],[155.34,48.42],[154.89,48.11],[154.67,47.76],[154.34,47.85],[154.34,48.36],[153.66,48.33],[153.63,48.77],[153.99,49.23],[154.25,49.24],[154.1,49.81],[154.45,49.97],[154.8,49.85],[154.88,50.31],[155.3,50.58],[155.13,50.91],[154.26,50.57],[153.76,50.28],[152.93,50.35],[152.8,50.62],[152.02,50.81],[152.43,51.2],[151.94,51.23],[151.51,51.65],[151.06,51.65],[150.73,51.92],[149.38,51.72],[148.6,51.89],[148.4,52.26],[150.24,52.75],[150.85,52.58],[151.38,52.83],[150.79,52.96],[150.82,53.15],[150.26,53.42],[150.14,53.66],[149.41,53.88],[149.35,53.77],[149.06,53.91],[148.75,53.86],[148.34,53.88],[148.1,54.02],[147.49,53.97],[147.68,54.24],[147.18,54.56],[147.56,54.69],[147.12,54.65],[146.4,54.73],[146.45,54.87],[147.21,55.03],[146.22,54.98],[145.85,54.82],[145.13,54.89],[144.87,54.64],[144.48,54.54],[144.53,54.34],[144.32,53.96],[144.52,53.82],[144.76,53.15],[145.25,52.39],[145.43,51.53],[145.9,51.49],[146.14,51.32],[146.06,51.1],[146.74,50.53],[146.68,50.17],[147.01,49.97],[146.59,49.46],[147.11,48.79],[146.89,48.4],[146.42,48.51],[146.28,48.26],[145.99,48.34],[145.52,47.96],[145.46,47.36],[144.67,47.66],[144.34,47.62],[143.9,47.4],[143.87,47.19],[144.07,46.82],[143.91,46.52],[144.14,46.18],[144.14,45.86],[144.62,45.6],[144.74,45.19],[144.66,44.87],[144.42,44.64],[144.58,44.35],[145.18,44.4],[145.55,44.52],[145.46,44.14],[145.88,44.39],[146.28,44.74],[146.81,44.95],[146.99,44.83],[147.88,45.52],[148.23,45.67],[148.37,45.92],[149.06,45.62],[149.71,46.03],[150.5,46.39],[150.9,46.65],[151.06,46.27],[150.6,46.08],[150.34,45.82],[150.72,45.71],[151.02,45.97],[151.3,45.63],[150.96,45.57],[150.65,45.29],[150.12,45.12],[148.79,44.45],[147.72,43.7],[147.31,43.51],[146.88,43.42],[146.31,43.1],[144.89,42.58],[144.5,42.59],[144.24,42.41],[144.01,42.05],[144,41.54],[142.78,41.57],[142.21,42],[141.96,41.65],[142,41.25],[142.41,40.82],[142.49,40.44],[142.78,40.03],[142.78,39.69],[142.58,39.51],[142.42,38.95],[142.49,38.76],[142.42,38.16],[142.53,37.41],[142.25,37.34],[141.33,36.37],[141.36,35.85],[143.31,35.47],[145.27,35.09],[147.23,34.71],[149.18,34.33],[151.14,33.96],[153.1,33.58],[155.05,33.2],[157.01,32.82],[158.97,32.44],[160.92,32.06],[162.88,31.68],[164.84,31.31],[166.79,30.93],[168.75,30.55],[170.71,30.17],[172.66,29.79],[174.62,29.41],[176.58,29.03],[178.53,28.66],[180,28.37]],[[153.5,48.07],[152.88,47.29],[152.14,46.78],[151.94,46.56],[151.63,46.77],[152.14,47.36],[152.58,47.51],[153.08,48.02],[153.18,48.41],[153.41,48.38],[153.5,48.07]],[[171.72,34.36],[171.8,34.74],[171.6,35.06],[171.41,35.11],[170.97,35.61],[171.02,35.79],[171.72,35.73],[171.92,35.52],[171.97,35.17],[172.12,34.92],[171.82,34.38],[171.72,34.36]],[[171.07,52.9],[170.56,52.95],[170.51,53.33],[170.76,53.46],[171.24,53.12],[171.07,52.9]],[[168.9,54.15],[168.43,54.14],[168.36,54.32],[167.68,54.36],[167.32,54.5],[166.66,54.45],[166.3,54.79],[164.94,55.5],[165.46,55.68],[167.03,55.26],[168.6,54.48],[168.9,54.15]],[[176.24,54.55],[176.09,54.84],[176.37,54.97],[177.05,55.11],[177.11,54.71],[176.81,54.74],[176.24,54.55]],[[149.21,49.23],[149.09,49.45],[148.71,49.64],[148.93,49.91],[150.06,49.51],[149.8,49.12],[149.47,49.34],[149.21,49.23]],[[150.74,49.9],[151.4,49.77],[151.1,49.61],[150.74,49.9]],[[151.4,49.5],[150.66,49.43],[150.26,49.3],[150.07,49.64],[150.58,49.63],[151.4,49.5]]]},"properties":{"scalerank":0,"featurecla":"Bathymetry","depth":1000}},
{"type":"Feature","geometry":{"type":"Polygon","coordinates":[[[180,75.89],[179.93,75.86],[179.95,75.77],[180,75.74],[180,75.89]]]},"properties":{"scalerank":0,"featurecla":"Bathymetry","depth":1000}},
{"type":"Feature","geometry":{"type":"Polygon","coordinates":[[[90,82.13],[92.26,81.98],[98.4,81.62],[99.31,81.41],[100.63,81.38],[102.19,81.1],[103.51,80.59],[106.82,79.92],[108.52,79.65],[109.21,79.32],[111.38,78.98],[112.22,78.74],[113.52,78.74],[114.22,78.5],[117.45,77.81],[119.3,77.64],[121.89,77.61],[122.11,77.53],[125.26,77.35],[126.7,77.46],[127.46,77.76],[128.89,77.64],[129.89,77.92],[134.57,78.35],[138.08,78.82],[138.82,79.38],[142.37,79.62],[143.19,80.05],[147.72,79.93],[149.5,80.16],[153.17,80.14],[156.53,79.82],[158.78,79.73],[161.06,79.42],[165.91,78.73],[166.3,78.58],[171.35,78.28],[174.1,77.71],[173.87,77.33],[175.7,77.11],[176.47,76.66],[177.19,76.43],[178.03,76.44],[179.4,75.97],[180,76.06],[180,78.5],[180,80],[180,82],[180,83],[180,85],[180,86],[180,87.5],[180,88.5],[90,90],[90,88.03],[90,87.05],[90,85.08],[90,84.1],[90,82.13]],[[142.49,82.08],[143.1,81.93],[142.77,81.55],[143.19,81.36],[141.53,81.14],[140.24,81.39],[140.77,81.77],[142.49,82.08]],[[153.2,85.5],[153.23,85.07],[150.04,85.06],[149.16,85.35],[141.49,86.49],[141.72,86.73],[150.81,86.38],[153.2,85.5]],[[147.02,86.78],[140.06,87.51],[140.04,87.88],[144.55,88],[146.44,87.54],[151.3,87.04],[147.02,86.78]]]},"properties":{"scalerank":0,"featurecla":"Bathymetry","depth":1000}},
{"type":"Feature","geometry":null,"properties":{"scalerank":0,"featurecla":"Bathymetry","depth":1000}},
{"type":"Feature","geometry":null,"properties":{"scalerank":0,"featurecla":"Bathymetry","depth":1000}},
{"type":"Feature","geometry":{"type":"Polygon","coordinates":[[[0,36.21],[0.82,36.58],[1.23,36.68],[1.66,36.67],[2.35,36.82],[2.56,36.96],[3.48,36.96],[3.94,37.06],[4.75,37.03],[5.25,36.9],[6.16,37.09],[6.51,37.22],[7.06,37.17],[7.3,37.28],[7.66,37.18],[8.35,37.33],[9.13,38.07],[9.74,38.34],[10.22,38.42],[11,38.78],[11.25,38.51],[11.93,38.59],[12.1,38.74],[12.55,38.72],[11.91,38.33],[12.19,38.26],[12.55,38.45],[13.35,38.5],[13.56,38.27],[13.88,38.19],[14.48,38.23],[14.9,38.37],[14.8,38.7],[15.24,38.71],[15.46,38.5],[15.64,39.02],[15.43,39.38],[14.84,39.81],[14.52,39.92],[14.14,40.18],[13.97,40.44],[12.76,40.83],[12.42,41.17],[12.04,41.23],[11.78,41.63],[11.29,41.27],[11.09,41.47],[10.9,41.9],[10.26,41.54],[10.1,40.54],[9.94,40.1],[9.88,39.44],[9.72,39.08],[9.86,38.81],[9.53,38.49],[9.36,38.74],[8.48,38.36],[8.21,38.68],[7.79,38.99],[7.68,39.37],[8.01,39.74],[8.01,40],[7.73,40.61],[8.21,41.26],[8.47,41.27],[8.61,41.54],[8.41,41.87],[8.48,42.54],[8.69,42.77],[9.14,43.01],[9.29,43.32],[9.23,43.85],[8.89,43.9],[8.95,44.14],[8.49,44.1],[8.5,43.87],[8.21,43.75],[7.31,43.6],[6.96,43.34],[6.76,42.98],[6.07,42.91],[5.46,43],[4.5,42.65],[4.06,42.41],[3.77,42.36],[3.8,42.12],[3.61,41.87],[3.51,41.39],[2.86,41.33],[2.13,40.97],[1.63,40.79],[1.34,40.09],[0.84,39.62],[0.42,39.45],[0.49,39.17],[0.74,39.06],[1.14,39.4],[1.96,39.52],[1.97,39.8],[2.77,40.07],[3.49,40.2],[3.71,40.4],[3.99,40.37],[4.49,40.13],[4.62,39.91],[4.48,39.5],[4.01,39.69],[3.53,39.31],[3.15,39.13],[2.6,38.64],[2.28,38.64],[1.95,38.46],[0.58,38.16],[0.2,37.95],[0,37.58],[0,36.21]]]},"properties":{"scalerank":0,"featurecla":"Bathymetry","depth":1000}},
{"type":"Feature","geometry":{"type":"Polygon","coordinates":[[[-131.73,-73.21],[-129.96,-72.96],[-127.97,-72.98],[-127.49,-72.88],[-126.92,-72.42],[-125.94,-72.58],[-125.71,-72.36],[-124.96,-72.34],[-123.74,-72.57],[-121.66,-72.55],[-120.94,-72.6],[-119.93,-72.43],[-119.42,-72.15],[-118.17,-71.7],[-115.51,-71.4],[-113.74,-71.4],[-112.15,-71.26],[-109.37,-71.11],[-105.53,-71.04],[-103.13,-71],[-102.32,-71.16],[-99.56,-70.87],[-98.95,-70.71],[-95.56,-70.46],[-94.1,-70.39],[-93.63,-70.55],[-91.09,-70.73],[-89.71,-70.7],[-88.9,-70.49],[-87.62,-70.39],[-87.24,-70.2],[-85.99,-69.96],[-85.35,-70.01],[-84.22,-69.86],[-82.78,-69.52],[-81.64,-69.36],[-79.54,-69.23],[-78.96,-69.02],[-77.69,-68.92],[-74.42,-67.92],[-73.8,-67.35],[-72.83,-66.92],[-72.26,-66.76],[-71.08,-66.2],[-70.33,-65.73],[-69.67,-65.57],[-68.71,-65.04],[-68.47,-64.8],[-67.75,-64.44],[-66.73,-64.16],[-66.1,-63.79],[-64.47,-63.32],[-64.46,-63.15],[-63.36,-62.84],[-62.87,-62.85],[-62.56,-62.47],[-62.93,-60.59],[-63.31,-58.71],[-63.69,-56.82],[-64.06,-54.94],[-65.09,-55.1],[-65.77,-55.29],[-66,-55.53],[-65.94,-55.75],[-66.13,-56.1],[-66.74,-56.38],[-67.1,-56.74],[-67.58,-56.98],[-67.98,-57],[-69.36,-56.48],[-69.81,-56.37],[-70.64,-55.84],[-70.83,-55.61],[-71.78,-55.25],[-72.15,-55.18],[-73.3,-54.8],[-73.74,-54.53],[-74.09,-53.97],[-74.35,-53.88],[-74.88,-53.21],[-75.54,-52.83],[-75.9,-52.27],[-75.99,-51.54],[-75.94,-51.14],[-76.26,-50.83],[-76.24,-50.5],[-76.51,-50.28],[-75.93,-50.19],[-76.05,-49.84],[-75.98,-49.34],[-76.28,-49.02],[-75.99,-48.7],[-75.94,-47.97],[-75.76,-47.85],[-75.6,-47.37],[-75.78,-46.71],[-75.6,-46.02],[-75.67,-45.79],[-75.67,-45.08],[-75.51,-44.65],[-75.63,-44.41],[-75.42,-44.29],[-75.31,-43.8],[-75.29,-43.22],[-75.11,-43.1],[-75.17,-42.83],[-74.89,-42.54],[-75.03,-42.38],[-74.93,-41.69],[-74.72,-41.23],[-74.74,-40.94],[-74.43,-40.59],[-74.35,-39.95],[-74.07,-39.35],[-74.05,-38.98],[-74.23,-38.81],[-74.11,-38.47],[-74.3,-38.09],[-73.99,-37.73],[-73.96,-37.18],[-73.66,-36.64],[-73.76,-36.45],[-73.65,-36],[-73.27,-35.57],[-72.77,-34.87],[-72.63,-34.55],[-72.29,-34.53],[-72.43,-34.24],[-72.21,-33.76],[-72.05,-33.18],[-71.75,-32.68],[-71.83,-32.17],[-71.76,-31.75],[-71.88,-31.21],[-71.8,-30.36],[-71.61,-29.78],[-71.71,-29.35],[-71.69,-29.09],[-71.23,-27.89],[-71.06,-27.17],[-71.04,-26.58],[-70.9,-26.05],[-70.94,-25.85],[-70.8,-25.11],[-70.7,-24.94],[-70.7,-24.38],[-70.63,-23.76],[-70.73,-23.5],[-70.7,-22.94],[-70.53,-22.57],[-70.57,-22.4],[-70.37,-21.99],[-70.52,-21.71],[-70.49,-21.17],[-70.63,-20.63],[-70.63,-20.31],[-70.34,-19.99],[-70.43,-19.82],[-70.69,-19.76],[-70.81,-19.21],[-70.58,-19.25],[-70.49,-18.62],[-70.94,-18.44],[-71.09,-18.53],[-71.39,-18.31],[-71.33,-18.1],[-71.8,-18.01],[-72.28,-17.14],[-72.83,-17.05],[-73.31,-16.61],[-73.98,-16.38],[-74.09,-16.22],[-74.53,-16.04],[-74.58,-15.91],[-75.46,-15.53],[-75.67,-15.21],[-75.84,-15.17],[-76.54,-14.45],[-76.72,-14.08],[-77.07,-13.57],[-77.06,-13.1],[-77.52,-12.67],[-77.81,-12.54],[-77.72,-12.17],[-77.94,-11.89],[-78.14,-11.82],[-78.67,-10.78],[-79.08,-10.41],[-79.27,-9.99],[-79.45,-9.97],[-79.72,-9.67],[-79.75,-9.34],[-80.04,-9.17],[-80.15,-8.73],[-80.46,-8.41],[-80.59,-8.17],[-80.59,-7.86],[-80.9,-7.42],[-80.9,-7.13],[-81.08,-7.01],[-81.21,-6.2],[-81.34,-6.15],[-81.41,-5.54],[-81.52,-5.13],[-81.5,-4.58],[-81.34,-4.1],[-81.49,-3.78],[-81.41,-3.47],[-81.18,-3.22],[-81.26,-2.82],[-81.17,-2.56],[-81.31,-1.82],[-81.08,-0.48],[-80.9,-0.1],[-80.75,0],[-81.71,0],[-84.12,0],[-86.05,0],[-88.46,0],[-89.9,0],[-89.82,-0.38],[-89.27,-0.38],[-88.82,-0.71],[-88.57,-0.8],[-88.56,-1.06],[-88.82,-1.08],[-88.97,-1.26],[-89.36,-1.39],[-89.5,-1.55],[-89.9,-1.54],[-90.18,-1.69],[-90.48,-1.51],[-90.86,-1.17],[-91.41,-1.07],[-91.57,-0.9],[-91.42,-0.61],[-91.63,-0.53],[-91.71,-0.26],[-91.65,0],[-92.64,0],[-94.12,0],[-95.61,0],[-97.09,0],[-98.58,0],[-100.06,0],[-101.54,0],[-103.03,0],[-104.02,0],[-105.5,0],[-107.48,0],[-108.97,0],[-110.45,0],[-111.44,0],[-112.92,0],[-114.41,0],[-115.4,0],[-116.88,0],[-118.37,0],[-120.35,0],[-121.83,0],[-123.31,0],[-124.8,0],[-125.79,0],[-127.27,0],[-129.25,0],[-130.24,0],[-131.73,0],[-131.73,-1.99],[-131.73,-3.98],[-131.73,-5.48],[-131.73,-6.47],[-131.73,-8.47],[-131.73,-9.96],[-131.73,-10.96],[-131.73,-12.45],[-131.73,-13.94],[-131.73,-15.94],[-131.73,-17.43],[-131.73,-18.92],[-131.73,-20.42],[-131.73,-21.91],[-131.73,-23.41],[-131.73,-24.9],[-131.73,-25.9],[-131.73,-27.89],[-131.73,-28.88],[-131.73,-30.38],[-131.73,-32.37],[-131.73,-33.37],[-131.73,-34.86],[-131.73,-36.85],[-131.73,-38.84],[-131.73,-39.84],[-131.73,-41.33],[-131.73,-42.83],[-131.73,-44.32],[-131.73,-46.31],[-131.73,-47.31],[-131.73,-48.81],[-131.73,-50.3],[-131.73,-51.79],[-131.73,-52.79],[-131.73,-54.28],[-131.73,-56.28],[-131.73,-58.27],[-131.73,-59.76],[-131.73,-61.26],[-131.73,-62.75],[-131.73,-64.24],[-131.73,-66.24],[-131.73,-67.23],[-131.73,-69.22],[-131.73,-70.22],[-131.73,-71.71],[-131.73,-73.21]],[[-81.67,-0.05],[-81.78,-0.41],[-82,-0.39],[-81.98,-0.07],[-81.67,-0.05]],[[-88.7,-24.93],[-88.21,-24.91],[-88.25,-25.14],[-88.61,-25.06],[-88.7,-24.93]],[[-100.94,-25.97],[-100.68,-25.75],[-100.61,-26.06],[-100.94,-25.97]],[[-99.36,-25.34],[-99.78,-25.21],[-99.42,-25.03],[-99.36,-25.34]],[[-78.28,-33.52],[-78.44,-33.79],[-78.94,-33.84],[-79.15,-33.64],[-78.9,-33.46],[-78.65,-33.57],[-78.28,-33.52]],[[-90.39,-65.22],[-90.26,-65.6],[-90.83,-65.66],[-90.72,-65.32],[-90.39,-65.22]]]},"properties":{"scalerank":0,"featurecla":"Bathymetry","depth":1000}},
{"type":"Feature","geometry":{"type":"Polygon","coordinates":[[[-131.73,0],[-130.24,0],[-129.25,0],[-127.27,0],[-125.79,0],[-124.8,0],[-123.31,0],[-121.83,0],[-120.35,0],[-118.37,0],[-116.88,0],[-115.4,0],[-114.41,0],[-112.92,0],[-111.44,0],[-110.45,0],[-108.97,0],[-107.48,0],[-105.5,0],[-104.02,0],[-103.03,0],[-101.54,0],[-100.06,0],[-98.58,0],[-97.09,0],[-95.61,0],[-94.12,0],[-92.64,0],[-91.65,0],[-91.41,0.23],[-91.15,0],[-90.84,0],[-90.72,0],[-90.39,0],[-90.48,0.19],[-90.84,0.53],[-90.46,0.53],[-90.12,0.05],[-89.9,0],[-88.46,0],[-86.05,0],[-84.12,0],[-81.71,0],[-80.75,0],[-80.63,0.39],[-80.48,0.44],[-80.33,0.94],[-79.84,1.53],[-79.71,1.53],[-79.66,1.97],[-79.38,2.13],[-79.3,2.33],[-79.08,2.31],[-79.08,2.64],[-78.59,3.21],[-78.31,3.12],[-78.12,3.29],[-77.76,3.91],[-77.71,4.42],[-77.54,4.9],[-77.65,5.12],[-77.62,5.59],[-77.48,5.92],[-77.84,6.78],[-77.83,6.98],[-78.02,7.22],[-78.59,7.53],[-78.94,7.54],[-79.46,7.42],[-79.61,7.28],[-80.12,7.13],[-81.33,7.12],[-81.34,6.91],[-81.76,6.96],[-81.91,7.25],[-82.34,7.41],[-82.7,7.94],[-82.93,7.89],[-83.2,8.29],[-83.74,8.34],[-83.95,8.42],[-84.27,8.73],[-84.41,9.07],[-84.85,9.13],[-84.83,9.36],[-85.12,9.41],[-85.27,9.24],[-85.48,9.64],[-85.7,9.65],[-86.29,10.43],[-86.76,10.9],[-87.4,11.41],[-87.67,11.85],[-88.17,12.12],[-88.4,12.35],[-88.61,12.33],[-89.1,12.49],[-89.54,12.77],[-90,12.93],[-90.23,12.89],[-90.78,13.21],[-91.2,13.25],[-91.84,13.61],[-92.69,14],[-92.9,14.28],[-93.19,14.26],[-93.45,14.47],[-93.82,14.57],[-93.9,14.72],[-94.39,14.94],[-94.97,15.38],[-95.17,15.6],[-95.77,15.62],[-96.86,15.55],[-97.06,15.7],[-97.78,15.85],[-98.1,15.85],[-99,16.2],[-99.02,16.34],[-99.81,16.47],[-100.07,16.74],[-100.62,16.76],[-100.6,16.97],[-101.2,17.16],[-101.47,17.39],[-101.74,17.4],[-101.95,17.74],[-102.18,17.64],[-102.76,17.77],[-102.84,17.88],[-103.58,18.26],[-103.69,18.42],[-104.2,18.77],[-104.92,18.99],[-105.2,19.38],[-105.6,19.54],[-105.84,20.23],[-105.72,20.57],[-106.01,20.66],[-106.2,21.12],[-106.58,21.43],[-106.84,21.77],[-106.58,21.94],[-106.75,22.92],[-107.15,23.01],[-107.62,22.79],[-107.55,23.15],[-107.39,23.38],[-107.71,23.74],[-108.17,23.74],[-108.38,23.83],[-108.47,24.09],[-108.35,24.34],[-108.53,24.68],[-108.87,24.68],[-109.14,25.21],[-109.38,25.33],[-109.75,25.67],[-110.2,26.43],[-110.24,26.73],[-110.87,27.54],[-111.29,27.58],[-112.3,28.01],[-112.34,27.81],[-112,27.53],[-111.59,26.96],[-111.24,26.75],[-110.94,26.39],[-110.63,25.85],[-110.55,25.45],[-110.58,25.22],[-109.9,24.85],[-109.7,24.5],[-109.43,24.35],[-109.56,23.86],[-109.3,23.47],[-109.3,23.09],[-109.44,22.81],[-109.7,22.75],[-110.08,22.85],[-110.36,22.77],[-110.9,23.11],[-110.98,23.27],[-111.41,23.24],[-111.67,23.34],[-112.66,24.26],[-112.68,24.54],[-112.9,24.74],[-112.92,25.1],[-113.22,25.38],[-113.48,25.47],[-113.61,25.68],[-113.54,25.88],[-113.88,26.26],[-114.07,26.64],[-114.36,26.94],[-114.92,27.23],[-115.13,27.57],[-115.32,27.62],[-115.65,27.92],[-115.78,28.67],[-115.46,28.99],[-115.76,29.48],[-116,29.58],[-116.2,29.96],[-116.18,30.2],[-116.46,30.48],[-116.68,31.17],[-116.88,31.23],[-116.9,31.6],[-117.22,32.23],[-118.27,32.73],[-118.27,32.47],[-118.01,32.41],[-118.15,32.16],[-118.59,32.47],[-119,32.27],[-119.66,32.48],[-119.91,32.67],[-120.21,32.69],[-120.38,32.9],[-120.46,33.26],[-120.35,33.71],[-120.6,33.98],[-121.01,34.18],[-121.04,34.49],[-121.69,34.72],[-121.56,34.96],[-121.85,35.65],[-121.82,36.03],[-122.22,36.22],[-122.1,36.56],[-122.44,36.9],[-122.69,36.94],[-123.14,37.18],[-123.14,37.58],[-123.48,37.87],[-123.79,38.57],[-124.15,39.02],[-124.17,39.68],[-124.31,39.93],[-124.93,40.19],[-124.69,40.41],[-124.75,41.12],[-124.62,41.44],[-124.94,41.42],[-125.06,41.93],[-124.88,42.48],[-125.1,43.38],[-124.98,43.81],[-125.18,44.57],[-124.85,45.62],[-125,46],[-124.99,46.34],[-124.78,46.47],[-125.22,46.7],[-125.08,47.13],[-125.39,47.72],[-126.34,48.43],[-126.42,48.61],[-126.94,48.9],[-127.42,49.47],[-128.2,49.99],[-128.63,50.48],[-129.68,50.85],[-130.12,51.12],[-130.59,51.65],[-131.57,52.09],[-131.78,52.42],[-132.79,53.11],[-133.28,53.26],[-133.27,53.48],[-133.63,53.81],[-134.13,54.62],[-134.78,55.34],[-135.16,55.47],[-135.63,55.93],[-135.66,56.22],[-136.08,56.7],[-136.43,57.37],[-136.89,57.68],[-138.22,57.98],[-140.84,58.68],[-141.21,58.96],[-141.55,58.97],[-142.22,59.23],[-142.54,59.48],[-143.66,59.44],[-143.95,59.56],[-144.86,59.42],[-145.64,59.47],[-146.21,59.2],[-147.32,59.13],[-147.85,58.92],[-147.85,58.73],[-148.35,58.45],[-148.3,58.12],[-148.48,57.96],[-149.31,57.82],[-150.31,57.24],[-151.38,56.9],[-151.83,56.52],[-152.34,56.31],[-153.2,56.2],[-153.35,55.88],[-153.99,55.7],[-154.41,55.45],[-154.8,55.49],[-156.31,55.06],[-156.63,55.08],[-157.82,54.61],[-158.5,54.55],[-159.72,54.26],[-160.45,54.17],[-161.23,54.18],[-161.5,53.94],[-161.81,54.05],[-163.03,53.95],[-163.58,53.74],[-165.24,53.5],[-165.62,53.49],[-166.27,53.16],[-166.44,53.18],[-167.23,52.94],[-168.47,52.78],[-169.54,52.35],[-170.01,52.34],[-170.69,52.17],[-171.16,52.22],[-171.84,51.86],[-172.68,51.91],[-173.71,51.84],[-173.94,51.77],[-174.79,51.74],[-175.49,51.6],[-175.99,51.58],[-176.93,51.36],[-177.42,51.55],[-177.97,51.38],[-178.66,51.32],[-178.95,51.1],[-180,51.46],[-180,49.5],[-180,47.5],[-180,45.5],[-180,44],[-180,42],[-180,40.5],[-180,39.5],[-180,38],[-180,36.5],[-180,35.5],[-180,34],[-180,32.5],[-180,31.5],[-180,30],[-180,28.37],[-180,27],[-180,25.5],[-180,24.5],[-180,23],[-180,21],[-180,19.5],[-180,18.5],[-180,16.5],[-180,15],[-180,13.5],[-180,12.5],[-180,11],[-180,10],[-180,8.5],[-180,7.5],[-180,6],[-180,5],[-180,3],[-180,2],[-180,0],[-178.01,0],[-177.01,0],[-175.52,0],[-174.53,0],[-172.53,0],[-171.54,0],[-169.55,0],[-168.06,0],[-166.07,0],[-164.57,0],[-163.08,0],[-161.59,0],[-160.09,0],[-158.1,0],[-157.11,0],[-155.12,0],[-153.62,0],[-152.13,0],[-150.64,0],[-149.64,0],[-148.15,0],[-147.15,0],[-145.66,0],[-144.17,0],[-142.67,0],[-141.18,0],[-139.19,0],[-138.2,0],[-136.2,0],[-134.21,0],[-133.22,0],[-131.73,0]],[[-157.05,1.72],[-157.29,1.65],[-157.58,1.78],[-157.58,2.04],[-157.33,2.11],[-157.05,1.72]],[[-81.9,5.45],[-81.91,5.78],[-81.53,5.69],[-81.9,5.45]],[[-165.01,9.58],[-165.19,9.55],[-165.24,9.89],[-164.94,9.8],[-165.01,9.58]],[[-155.58,18.89],[-155.89,18.97],[-155.96,19.38],[-156.14,19.75],[-156.1,20.42],[-155.91,20.53],[-155.53,20.43],[-155.38,20.24],[-154.94,20.01],[-154.71,19.52],[-155.18,19.17],[-155.47,19.06],[-155.58,18.89]],[[-156.29,20.47],[-156.67,20.45],[-156.86,20.33],[-157.19,20.49],[-157.29,20.94],[-157.71,20.73],[-157.93,20.82],[-158.36,21.54],[-158.3,21.77],[-158.06,21.89],[-157.81,21.85],[-157.56,21.55],[-157.34,21.55],[-157.01,21.33],[-156.48,21.38],[-156.13,21.27],[-155.87,20.83],[-155.92,20.66],[-156.29,20.47]],[[-160.25,21.7],[-160.35,21.8],[-160.21,22.17],[-160.03,22.18],[-159.54,22.4],[-159.25,22.34],[-159.21,22.04],[-159.39,21.8],[-159.78,21.88],[-160.25,21.7]],[[-162.19,22.87],[-162.38,23.19],[-162.02,23.19],[-161.71,23.33],[-161.75,22.98],[-162.19,22.87]],[[-164.15,23.17],[-164.68,23.3],[-164.98,23.69],[-164.41,23.95],[-164.18,23.58],[-164.15,23.17]],[[-165.88,23.72],[-166.05,23.57],[-166.41,23.71],[-167.33,24.26],[-167.45,24.62],[-167.11,24.84],[-166.53,24.07],[-165.97,23.98],[-165.68,24.15],[-165.28,23.9],[-165.88,23.72]],[[-167.83,24.4],[-168,24.34],[-168.22,24.63],[-168.43,25.14],[-168.3,25.4],[-167.95,25.58],[-167.74,25.52],[-167.83,24.4]],[[-170.17,25.21],[-170.45,25.14],[-171.18,25.4],[-171.22,25.73],[-170.71,25.82],[-170.42,25.7],[-170.17,25.21]],[[-171.78,25.64],[-171.99,25.95],[-171.5,25.92],[-171.58,25.68],[-171.78,25.64]],[[-173.83,25.82],[-174.18,25.99],[-174.19,26.24],[-174,26.32],[-173.67,26.1],[-173.83,25.82]],[[-173.49,25.83],[-173.63,26.11],[-173.25,26.2],[-173.27,25.92],[-173.49,25.83]],[[-169.63,25.33],[-169.73,25.47],[-169.55,25.77],[-169.26,25.74],[-169.34,25.49],[-169.63,25.33]],[[-175.61,27.85],[-176,27.7],[-176.08,27.9],[-175.64,28.04],[-175.61,27.85]],[[-115.97,28.68],[-116.29,28.97],[-116.24,29.31],[-115.91,28.95],[-115.97,28.68]],[[-116.47,29.71],[-116.55,29.38],[-116.87,29.56],[-116.83,29.75],[-116.47,29.71]],[[-118.52,31.21],[-118.99,31.28],[-119.21,31.54],[-118.66,31.54],[-118.28,31.37],[-118.52,31.21]]]},"properties":{"scalerank":0,"featurecla":"Bathymetry","depth":1000}},
{"type":"Feature","geometry":{"type":"Polygon","coordinates":[[[-37.83,-16.13],[-37.82,-16.36],[-38.35,-16.44],[-38.59,-16.82],[-38.54,-17.06],[-38.26,-17.37],[-37.67,-17.61],[-37.46,-17.6],[-37.2,-17.81],[-37.18,-18.05],[-37.65,-18.33],[-37.8,-18.7],[-37.79,-19.04],[-37.92,-19.36],[-37.79,-19.65],[-37.47,-19.84],[-37.92,-19.94],[-38.06,-20.14],[-38.44,-20.15],[-38.59,-19.85],[-39.07,-19.66],[-39.64,-20.03],[-39.82,-20.69],[-40.06,-21],[-40.06,-21.38],[-39.9,-21.61],[-39.81,-22.14],[-39.92,-22.42],[-40.5,-22.82],[-40.87,-23.24],[-41.09,-23.62],[-41.45,-23.88],[-42,-23.98],[-42.82,-24.22],[-43.76,-24.58],[-44.18,-24.88],[-44.56,-25.05],[-45.17,-25.9],[-45.77,-26.52],[-45.87,-26.79],[-46.58,-27.31],[-46.8,-27.57],[-46.66,-28],[-46.77,-28.57],[-47.04,-28.8],[-47.27,-28.85],[-47.54,-29.15],[-47.54,-29.84],[-47.63,-30.49],[-47.75,-30.58],[-48.69,-30.72],[-49.01,-30.91],[-49.68,-31.61],[-49.97,-32.08],[-50.06,-32.69],[-49.9,-33.19],[-50.11,-33.46],[-51.22,-33.98],[-51.38,-34.25],[-52.01,-34.99],[-52.35,-35.33],[-52.35,-35.53],[-52.81,-35.93],[-52.84,-36.08],[-53.21,-36.36],[-53.24,-36.61],[-53.89,-37.07],[-54.17,-37.49],[-54.16,-37.67],[-54.47,-37.91],[-54.43,-38.16],[-54.6,-38.63],[-54.45,-38.87],[-54.66,-39.12],[-55.4,-39.57],[-55.66,-39.97],[-55.85,-40.08],[-56.42,-40.7],[-56.76,-40.92],[-56.94,-41.33],[-57.28,-41.8],[-57.85,-42.25],[-58.25,-42.43],[-58.97,-43.13],[-59.35,-43.58],[-59.62,-44.3],[-59.54,-44.5],[-59.64,-45.08],[-59.54,-45.48],[-59.61,-45.94],[-59.59,-46.94],[-59.43,-47.3],[-59.31,-47.93],[-58.78,-48.36],[-56.83,-48.71],[-56.3,-48.69],[-55.81,-49.02],[-55.13,-49.27],[-54.98,-49.44],[-55.15,-49.77],[-55.06,-50.18],[-55.57,-50.79],[-55.8,-51.18],[-55.83,-51.68],[-56.16,-51.79],[-56.23,-52.06],[-57.31,-52.99],[-57.96,-53.21],[-59.27,-53.37],[-59.78,-53.32],[-60.14,-53.49],[-59.76,-53.66],[-58.01,-53.69],[-57.62,-53.9],[-56.5,-54.19],[-55.93,-54.17],[-55.07,-54.56],[-55.77,-54.86],[-56.3,-54.88],[-56.44,-55.04],[-57.41,-55.1],[-57.67,-55.01],[-58.49,-54.99],[-58.73,-54.79],[-59.97,-55.02],[-60.34,-54.92],[-62.74,-54.77],[-64.06,-54.94],[-63.69,-56.82],[-63.31,-58.71],[-62.93,-60.59],[-62.56,-62.47],[-61.9,-62.29],[-60.74,-62.06],[-59.78,-61.74],[-58.27,-61.4],[-57.11,-61.36],[-55.59,-60.77],[-54.94,-60.82],[-53.63,-60.71],[-52.89,-60.34],[-52.44,-60.38],[-52.29,-60.71],[-53.14,-60.84],[-53.86,-61.15],[-53.2,-61.19],[-52.27,-60.96],[-51.57,-61.03],[-51.07,-61.3],[-51.39,-61.49],[-51.92,-61.52],[-52.78,-61.87],[-53.46,-61.95],[-53.68,-62.13],[-53.4,-62.7],[-51.66,-63.11],[-52.11,-63.74],[-53.81,-64.03],[-54.19,-64.46],[-54.24,-65.28],[-54.08,-65.63],[-54.99,-66.44],[-55.29,-67.09],[-55.8,-67.34],[-55.82,-68.05],[-55.57,-68.42],[-56.13,-68.85],[-55.76,-69.26],[-55.78,-69.88],[-56.2,-70.02],[-56.38,-70.56],[-55.82,-70.93],[-55.19,-71.08],[-54.77,-71.4],[-53.95,-71.59],[-53.69,-71.78],[-51.59,-72.11],[-49.9,-72.22],[-47.74,-72.19],[-47.02,-72.46],[-44.86,-72.84],[-43.73,-73.15],[-42.82,-73.55],[-40.46,-73.94],[-38.42,-73.97],[-37.61,-74.31],[-35.06,-74.38],[-34.82,-74.28],[-32.78,-74.16],[-30.17,-74.43],[-29.51,-74.54],[-27.01,-74.55],[-25.79,-74.33],[-25.66,-74.09],[-23.46,-73.78],[-22.8,-73.54],[-21.94,-73.46],[-20.88,-73.2],[-19.33,-72.63],[-18.12,-72.53],[-16.9,-72.26],[-16.58,-71.95],[-15.6,-71.78],[-14.68,-71.41],[-13.06,-71.06],[-12.1,-71.07],[-9.3,-70.28],[-8.56,-70.22],[-7.59,-70.37],[-5.88,-70.06],[-2.78,-70.01],[-1.58,-69.84],[-0.99,-69.61],[0.15,-69.56],[1.82,-69.84],[3.62,-69.89],[6.14,-69.83],[7.46,-69.58],[9.79,-69.68],[10.63,-69.63],[11.18,-69.26],[13.46,-69.2],[13.89,-69.28],[15.92,-69.09],[17.11,-69.17],[19.26,-69.75],[19.86,-69.67],[21.07,-69.67],[21.63,-69.95],[22.73,-70.03],[24.36,-70.03],[26.29,-69.85],[26.39,-69.63],[27.14,-69.41],[27.99,-69.32],[27.68,-67.87],[27.27,-65.93],[26.85,-64],[26.44,-62.07],[26.02,-60.14],[25.61,-58.2],[25.19,-56.27],[24.77,-54.34],[24.36,-52.41],[23.94,-50.48],[23.53,-48.54],[23.11,-46.61],[22.7,-44.68],[22.28,-42.75],[21.87,-40.81],[21.45,-38.88],[21.04,-36.95],[20.54,-37.07],[19.92,-36.53],[19.71,-36.23],[19.25,-35.83],[18.74,-35.52],[18.39,-35.05],[17.51,-34.3],[17.28,-33.7],[16.92,-33.48],[16.61,-32.91],[15.81,-31.86],[15.51,-31.57],[15.42,-31.11],[15.27,-30.8],[14.5,-30.29],[14.23,-29.65],[14.3,-29.5],[14.19,-29],[14.14,-28.37],[14.28,-27.7],[13.97,-27.38],[13.54,-26.69],[13.46,-26.01],[13.37,-25.88],[13.38,-25.12],[13.03,-24.14],[12.94,-23.66],[12.83,-23.53],[12.65,-22.42],[12.41,-22.01],[12.43,-21.74],[12.1,-21.22],[11.61,-20.3],[11.41,-20.29],[11.25,-20.03],[11.12,-19.13],[11.29,-18.43],[11.23,-18.17],[11.24,-17.64],[11.14,-17.42],[9.14,-17.37],[7.64,-17.33],[5.64,-17.27],[3.64,-17.22],[1.65,-17.17],[-0.35,-17.12],[-2.35,-17.06],[-4.35,-17.01],[-6.35,-16.96],[-8.35,-16.9],[-10.35,-16.85],[-12.34,-16.8],[-14.34,-16.75],[-16.34,-16.69],[-18.34,-16.64],[-20.34,-16.59],[-22.34,-16.54],[-24.34,-16.48],[-26.34,-16.43],[-28.33,-16.38],[-30.33,-16.32],[-32.33,-16.27],[-34.33,-16.22],[-36.33,-16.17],[-37.83,-16.13]],[[-37.63,-17.13],[-37.46,-16.85],[-37.29,-17.1],[-37.63,-17.13]],[[-36.13,-18.08],[-36.22,-17.89],[-36.04,-17.72],[-35.72,-17.68],[-35.91,-18.08],[-36.13,-18.08]],[[-36.7,-20.24],[-35.79,-20.33],[-35.77,-20.68],[-36.04,-20.61],[-36.35,-20.39],[-36.63,-20.5],[-36.7,-20.24]],[[-37.67,-20.88],[-38.15,-20.7],[-38.05,-20.44],[-37.78,-20.57],[-37,-20.27],[-37.14,-20.63],[-37.67,-20.88]],[[-34.89,-20.81],[-34.98,-20.62],[-34.62,-20.46],[-34.53,-20.74],[-34.89,-20.81]],[[5.86,-25.34],[6.17,-25.28],[6.29,-25.51],[6.24,-25.76],[5.85,-25.65],[5.86,-25.34]],[[-36.51,-29.95],[-36.23,-29.78],[-36.01,-30.21],[-35.12,-30.6],[-35.12,-30.89],[-35.57,-30.84],[-36.27,-30.23],[-36.51,-29.95]],[[2.59,-30.21],[2.89,-30.07],[3.29,-30.23],[2.84,-30.45],[2.59,-30.21]],[[-34.46,-30.62],[-34.22,-30.46],[-33.98,-30.59],[-34.13,-31.2],[-34.82,-30.82],[-34.46,-30.62]],[[-35.03,-31.06],[-34.53,-31.22],[-34.66,-31.47],[-35.18,-31.29],[-35.47,-31.42],[-35.74,-31.21],[-35.03,-31.06]],[[-36.15,-31.08],[-36.29,-30.86],[-36.39,-30.47],[-35.92,-30.74],[-35.88,-31],[-36.15,-31.08]],[[-2.48,-32.84],[-2.57,-33.17],[-2.88,-33.12],[-2.74,-32.8],[-2.48,-32.84]],[[-7.74,-39.57],[-8.15,-39.38],[-8.02,-39.21],[-7.63,-39.43],[-7.74,-39.57]],[[-6.96,-39.56],[-6.5,-39.33],[-6.25,-39.46],[-5.87,-39.44],[-5.83,-39.76],[-6.38,-39.67],[-6.85,-39.7],[-6.96,-39.56]],[[1.44,-41.74],[1.72,-41.86],[1.48,-42.14],[1.23,-42.11],[1.03,-41.88],[1.44,-41.74]],[[0,-42.44],[-0.45,-42.52],[-0.62,-42.3],[-0.41,-42],[0.15,-41.68],[0.54,-41.91],[0.54,-42.11],[0,-42.44]],[[-1.28,-42.19],[-1.18,-42.48],[-1.51,-42.69],[-1.87,-42.62],[-1.78,-42.36],[-1.28,-42.19]],[[-7.22,-46.49],[-7.67,-46.97],[-7.84,-46.85],[-7.6,-46.57],[-7.22,-46.49]],[[-8.06,-46.78],[-8.03,-46.99],[-8.49,-47.25],[-8.68,-46.97],[-8.06,-46.78]],[[7.85,-48.21],[8.18,-48.35],[8.01,-48.59],[7.66,-48.53],[7.85,-48.21]],[[-42.59,-53.16],[-41.86,-53.24],[-41.55,-53.41],[-40.56,-53.58],[-40.18,-53.74],[-40.2,-53.91],[-40.82,-53.9],[-41.6,-54.03],[-42.22,-53.8],[-43.18,-53.23],[-42.59,-53.16]],[[-37.27,-53.46],[-37.11,-53.36],[-36.37,-53.52],[-36.2,-53.72],[-35.79,-53.65],[-35.48,-53.83],[-34.55,-54.76],[-34.12,-54.95],[-34.39,-55.22],[-34.97,-55.54],[-35.7,-55.63],[-36.25,-55.46],[-36.36,-55.19],[-36.82,-55.08],[-37.71,-55.09],[-38.42,-54.83],[-38.78,-54.8],[-39.33,-54.53],[-39.5,-54.14],[-39.82,-53.8],[-39.26,-53.65],[-38.73,-53.67],[-38.21,-53.52],[-37.66,-53.54],[-37.27,-53.46]],[[2.94,-54.43],[3.19,-54.22],[3.62,-54.29],[3.46,-54.67],[2.82,-54.72],[2.94,-54.43]],[[-51.47,-54.16],[-51.67,-54.03],[-52.33,-54.22],[-52.62,-54],[-53.31,-53.9],[-52.08,-53.47],[-51.38,-53.5],[-50.54,-53.23],[-50.09,-53.18],[-49.8,-53.46],[-50.01,-53.66],[-50.4,-53.4],[-51.01,-53.53],[-51.51,-53.83],[-51.47,-54.16]],[[-28.27,-55.94],[-27.74,-55.81],[-27.2,-56.15],[-27.34,-56.47],[-27.74,-56.51],[-27.78,-56.02],[-28.27,-55.94]],[[-31.66,-59.86],[-32.03,-60.24],[-33.11,-59.99],[-32.3,-59.79],[-31.66,-59.86]],[[-28.06,-59.98],[-27.85,-59.9],[-27.25,-60.44],[-28.28,-60.29],[-28.06,-59.98]],[[-37.02,-60.76],[-36.61,-61.08],[-37.2,-61.18],[-37.93,-61.09],[-37.57,-60.86],[-37.02,-60.76]],[[-41.55,-61.24],[-41.51,-61.62],[-41.98,-61.97],[-42.64,-62.19],[-43.46,-62.2],[-44.74,-62.37],[-45.17,-62.23],[-45.98,-62.14],[-47.02,-61.82],[-47.3,-61.53],[-46.95,-61],[-47.6,-60.46],[-46.45,-60.29],[-44.86,-60.43],[-44.28,-60.43],[-43.55,-60.63],[-42.46,-60.58],[-42.36,-60.94],[-41.88,-61.01],[-41.55,-61.24]],[[-51.8,-60.51],[-52.01,-60.24],[-51.23,-60.18],[-51.14,-60.31],[-51.8,-60.51]],[[-50.48,-60.26],[-50.48,-60.12],[-49.46,-60.1],[-49.49,-60.24],[-50.48,-60.26]]]},"properties":{"scalerank":0,"featurecla":"Bathymetry","depth":1000}},
{"type":"Feature","geometry":{"type":"Polygon","coordinates":[[[126.74,7.68],[126.7,7.13],[126.5,6.92],[126.39,6.61],[126.58,5.92],[126.24,5.95],[126.07,6.33],[125.96,6.82],[125.67,6.6],[125.81,6.06],[125.57,5.65],[125.7,5.37],[125.42,5.29],[125.25,5.56],[124.89,5.8],[124.15,6.14],[123.95,6.41],[123.9,7.02],[123.98,7.2],[123.82,7.54],[123.64,7.25],[122.89,7.14],[122.62,6.88],[122.36,6.42],[122.12,6.28],[122.01,6],[121.63,5.76],[121.21,5.71],[121.12,5.42],[120.86,5.39],[120.83,5.2],[120.17,4.92],[119.28,4.31],[119.07,4.12],[118.66,4.04],[118.63,3.71],[118.34,3.29],[118.26,2.59],[118.7,2.36],[119.14,1.76],[119.18,1.51],[119.09,1.01],[119.1,0.72],[118.94,0.52],[118.61,0.44],[118.26,0.58],[117.96,0.47],[118.07,-0.31],[118.05,-0.85],[117.78,-1.45],[117.58,-1.65],[117.47,-1.97],[117.73,-2.1],[118.26,-2.56],[118.49,-3.05],[118.44,-3.36],[118.01,-3.57],[117.37,-4.46],[117.53,-4.64],[117.4,-4.87],[117.57,-5.11],[117.85,-4.84],[118.39,-5.02],[118.47,-4.85],[118.77,-4.9],[118.76,-4.59],[118.92,-4.3],[119.09,-3.72],[118.81,-3.57],[118.71,-3.11],[118.7,-2.66],[118.94,-2.4],[119.18,-1.76],[119.05,-1.57],[119.13,-1.21],[119.33,-1.04],[119.43,-0.72],[119.37,-0.46],[119.5,0.04],[119.71,0.34],[119.76,0.64],[120.19,1.09],[120.51,1.18],[120.84,1.54],[121,1.59],[121.26,1.43],[121.62,1.45],[121.89,1.27],[122.09,1.32],[122.59,1.18],[123.02,1.18],[123.13,1.33],[123.54,1.13],[124.04,1.08],[124.41,1.47],[124.6,1.52],[124.72,1.93],[125.13,2.01],[125.47,1.63],[125.45,1.32],[125.23,1.11],[125.16,0.79],[124.82,0.58],[124.6,0.34],[123.7,0.19],[123.26,0.2],[122.93,0.38],[121.97,0.27],[122.31,0],[123.23,0],[125.51,0],[126.89,0],[126.85,0.29],[127.18,0.78],[127.19,1.16],[127.34,1.42],[127.37,1.68],[127.53,2.12],[127.72,2.41],[128.01,2.43],[128.34,2.66],[128.36,2.83],[128.66,2.89],[128.87,2.43],[128.74,2.06],[128.54,1.91],[128.85,1.69],[128.93,1.29],[128.84,0.95],[129.18,0.99],[129.34,1.28],[129.52,1.17],[129.51,0.9],[129.69,0.76],[130,0.87],[130.51,0.55],[130.96,0.6],[131.22,0.75],[131.52,0.45],[131.36,0.29],[130.97,0.2],[131.47,-0.16],[131.51,-0.31],[131.19,-0.6],[131.3,-0.7],[131.75,-0.55],[132.15,-0.25],[132.66,-0.22],[133.22,-0.39],[133.51,-0.62],[133.99,-0.6],[134.4,-0.79],[134.73,-0.79],[134.95,-0.53],[134.78,0],[134.89,0.16],[135.15,-0.2],[135.47,-0.25],[135.71,-0.49],[136.18,-0.71],[136.45,-0.67],[136.63,-0.99],[136.86,-1.11],[137.19,-1.06],[137.85,-1.19],[138.03,-1.29],[138.71,-1.33],[139.02,-1.69],[139.27,-1.77],[139.67,-2.07],[139.93,-2.18],[141.07,-2.45],[141.93,-2.77],[142.51,-2.9],[143,-3.14],[143.14,-3.04],[143.45,-3.09],[143.74,-3.26],[144.22,-3.12],[144.92,-3.6],[144.79,-3.78],[145.22,-4.01],[145.16,-4.21],[145.51,-4.2],[145.75,-4.48],[146.11,-4.46],[146.4,-4.79],[146.03,-4.84],[145.99,-5.3],[146.53,-5.51],[147.03,-5.8],[147.23,-5.74],[147.58,-5.83],[147.59,-5.44],[147.7,-5.17],[147.94,-5.38],[148.2,-5.26],[148.8,-5.35],[149.51,-5.19],[149.67,-4.94],[150.34,-4.94],[150.53,-5.08],[150.76,-5],[150.84,-4.77],[151.48,-4.54],[151.38,-4.19],[151.48,-3.92],[152.41,-3.95],[152.27,-3.69],[151.46,-3.24],[151.17,-2.98],[150.72,-3.2],[150.58,-2.78],[150.11,-2.81],[149.97,-2.6],[149.78,-2.69],[149.63,-2.2],[150.3,-2.07],[150.56,-2.09],[151.19,-2.49],[151.43,-2.77],[151.6,-2.79],[151.9,-3.06],[152.17,-3.15],[152.72,-3.64],[152.89,-3.66],[153.26,-4.29],[153.18,-4.75],[152.98,-5.06],[152.63,-4.59],[152.17,-5.16],[152.16,-5.48],[151.64,-5.7],[150.85,-6.23],[150.2,-6.41],[149.52,-6.36],[149.35,-6.25],[148.58,-6.26],[148.34,-6.22],[147.89,-5.98],[147.83,-6.15],[148.06,-6.87],[147.69,-6.8],[147.22,-6.98],[147.39,-7.2],[147.67,-7.33],[148.02,-7.78],[148.45,-7.82],[148.68,-8.1],[148.89,-8.2],[149.31,-8.11],[149.97,-8.23],[150.25,-8.14],[151.15,-8.13],[151.28,-8.29],[152.17,-8.72],[152.83,-8.83],[153.21,-9.06],[153.8,-9.13],[153.73,-9.36],[152.85,-9.42],[152.71,-9.62],[152.13,-9.55],[151.9,-9.58],[151.76,-9.27],[151.37,-9.07],[151.22,-9.34],[151.23,-9.75],[151.67,-10.16],[151.9,-10.15],[152.28,-10.51],[152.89,-10.56],[153.1,-10.77],[153.64,-11.13],[154.3,-11.2],[154.55,-11.38],[154.55,-11.69],[153.86,-11.9],[153.21,-11.81],[152.35,-11.39],[151.13,-11.24],[150.25,-10.89],[149.26,-10.55],[148.22,-10.39],[147.6,-10.18],[146.98,-9.56],[146.54,-9.35],[146.46,-9.08],[146.2,-8.84],[145.81,-8.77],[145.5,-8.87],[145.34,-9.17],[145.12,-9.34],[144.81,-10.15],[144.38,-10.77],[144.27,-11.15],[144.35,-11.69],[144.14,-11.97],[144,-12.43],[143.97,-12.89],[144.22,-13.42],[144.45,-13.77],[144.75,-13.84],[144.98,-14.09],[145.37,-14.23],[145.68,-14.44],[145.84,-14.72],[145.93,-15.72],[146.03,-16.03],[146.58,-16.74],[146.67,-16.94],[147.08,-17.37],[147.11,-17.6],[147.52,-18.05],[147.96,-18.22],[148.49,-18.28],[148.8,-18.55],[148.99,-18.5],[149.42,-18.6],[150.1,-18.67],[150.6,-18.94],[151.8,-18.94],[151.96,-18.77],[152.48,-18.75],[152.86,-19.27],[153,-19.78],[153.41,-20.64],[153.73,-21.1],[153.77,-21.28],[154.13,-21.59],[154.32,-22.39],[154.47,-22.55],[154.59,-23.11],[154.55,-23.53],[154.31,-23.71],[153.9,-23.57],[153.64,-23.58],[153.36,-23.93],[153.41,-24.25],[153.95,-25.27],[154.06,-26.13],[153.86,-26.65],[153.94,-27.16],[154.08,-27.53],[154.14,-28.02],[153.96,-28.8],[153.98,-29.02],[153.81,-29.95],[153.53,-30.34],[153.41,-30.89],[153.46,-31.15],[153.36,-31.8],[152.91,-32.79],[152.65,-33.11],[152.31,-33.38],[152.09,-33.79],[151.69,-34.17],[151.33,-34.71],[151.32,-34.9],[151.04,-35.41],[150.86,-35.55],[150.42,-36.36],[150.42,-37.65],[150.16,-38.16],[149.86,-38.3],[148.86,-38.41],[148.62,-38.78],[148.88,-39.21],[149.02,-40],[148.97,-40.73],[148.83,-41.15],[149.05,-41.66],[148.75,-41.86],[148.66,-42.42],[148.3,-43.37],[147.82,-43.99],[147.15,-44.21],[146.5,-44.2],[146.17,-44.13],[145.55,-43.5],[144.89,-42.89],[144.63,-42.15],[144.3,-41.5],[143.46,-40.76],[143.02,-39.71],[142.85,-39.48],[142.18,-38.98],[141.35,-38.83],[140.06,-38.14],[139.46,-37.72],[139.05,-37.63],[138.91,-37.43],[138.3,-37.3],[137.68,-37.06],[137.39,-37.05],[137.25,-36.79],[136.13,-36.53],[135.56,-35.89],[135.23,-35.66],[134.71,-35.48],[134.57,-35.33],[133.72,-35],[133.29,-34.94],[132.66,-35.05],[132.13,-34.89],[132.02,-34.58],[132.08,-34.2],[131.56,-33.92],[131.05,-33.86],[130.55,-33.5],[129.97,-33.55],[129.82,-33.73],[129.34,-33.77],[129.24,-33.57],[128.82,-33.43],[128.28,-33.38],[128.22,-33.56],[127.86,-33.68],[127.49,-33.5],[127.11,-33.8],[126.85,-33.84],[126.43,-33.67],[125.41,-34.24],[125.06,-34.15],[124.32,-34.37],[123.8,-34.69],[123.51,-34.78],[122.93,-34.68],[122.64,-34.73],[120.67,-34.57],[119.84,-34.67],[118.4,-35.46],[117.86,-35.55],[117.43,-35.46],[116.65,-35.49],[115.91,-35.33],[115.61,-35.17],[115.29,-35.17],[115.03,-37.15],[114.77,-39.13],[114.52,-41.11],[114.26,-43.08],[114,-45.06],[113.75,-47.04],[113.49,-49.01],[113.23,-50.99],[112.97,-52.97],[112.72,-54.95],[112.46,-56.92],[112.2,-58.9],[111.95,-60.88],[111.69,-62.86],[111.56,-63.84],[111.37,-65.33],[112.3,-65.26],[113.43,-65.27],[113.78,-65.15],[114.52,-65.23],[115.25,-65.09],[116.76,-65.07],[118.63,-65.16],[120.22,-65.47],[123.79,-65.52],[124.37,-65.54],[125.35,-65.18],[126.53,-65.09],[128.84,-65.11],[129.7,-64.87],[130.68,-64.9],[130.97,-64.78],[132.08,-64.76],[132.39,-64.55],[132.89,-64.71],[133.75,-64.65],[135.69,-64.91],[136.3,-64.85],[137.07,-65.2],[139.19,-65.36],[139.64,-65.49],[140.65,-65.51],[141.3,-65.64],[141.59,-65.52],[142.79,-65.76],[144.05,-65.78],[144.86,-65.91],[145.4,-65.86],[147.29,-65.84],[148.91,-65.98],[150.1,-65.85],[151.36,-66.04],[151.9,-66.5],[152.4,-66.62],[152.27,-66.96],[153.38,-67.3],[154.32,-67.32],[154.76,-67.12],[154.17,-66.7],[154.51,-66.55],[155.98,-66.77],[156.66,-66.93],[157.18,-67.39],[157.85,-67.79],[158,-68.15],[158.62,-68.62],[159.94,-68.98],[160.8,-69],[162.02,-69.19],[163.06,-69.6],[165.89,-69.86],[167.62,-70.13],[168.56,-70.46],[169.99,-70.65],[170.19,-70.9],[171.98,-71.34],[172.29,-71.93],[173.16,-71.93],[176.4,-72.36],[176.86,-72.94],[177.91,-73.01],[180,-72.84],[180,-71],[180,-69],[180,-67.78],[180,-66.5],[180,-64.5],[180,-62.5],[180,-60.5],[180,-59.5],[180,-58],[180,-56],[180,-54],[180,-53],[180,-51.5],[180,-50.5],[180,-48.98],[179.57,-49.25],[179.26,-49.27],[179,-49.47],[179,-49.75],[178.15,-49.8],[177.86,-49.62],[177.52,-49.62],[177.23,-49.13],[177.68,-49.18],[178.01,-48.51],[177.7,-48.36],[177.76,-48.17],[176.62,-47.63],[176.5,-47.25],[176.74,-47.17],[177.77,-47.3],[178.9,-47.21],[180,-47.23],[180,-46],[180,-44.4],[179.4,-44.37],[179.01,-44.19],[177.82,-44.06],[177.53,-44.29],[177.24,-44.27],[176.88,-44.57],[176.66,-44.52],[175.98,-44.68],[175.68,-44.82],[174.62,-45.12],[174.28,-45.13],[173.77,-44.78],[173.31,-44.76],[172.47,-44.89],[171.92,-45.12],[171.43,-45.67],[171.22,-46.27],[170.94,-46.62],[170.44,-46.89],[169.96,-47.51],[170.17,-48.01],[170.22,-48.45],[170.7,-48.48],[171.62,-48.35],[172.05,-48.37],[172.81,-48.16],[173.23,-48.34],[173.54,-48.29],[174.29,-48.36],[175.18,-48.24],[175.59,-48.3],[175.97,-49.21],[175.92,-49.61],[175.63,-49.7],[175.36,-50.06],[174.93,-50.09],[174.55,-50.23],[174.24,-50.51],[174.45,-50.79],[174.87,-50.99],[175.01,-51.5],[174.22,-51.96],[174.02,-52.21],[173.91,-52.62],[174.08,-52.95],[173.36,-53.37],[173.26,-53.57],[172.74,-53.78],[170.75,-53.98],[170.68,-53.82],[169.82,-53.9],[169.55,-54.02],[169.6,-54.37],[169.15,-54.32],[168.79,-54.57],[168.52,-54.36],[167.63,-54.79],[166.9,-54.62],[167.03,-54.23],[166.86,-53.81],[167.16,-53.77],[167.29,-53.52],[167.07,-53.37],[167.42,-52.9],[167.47,-52.61],[167.14,-52.31],[166.71,-52.19],[166.25,-51.83],[165.48,-51.56],[165.34,-51.27],[165.77,-51.08],[165.66,-50.69],[166.03,-50.24],[165.91,-49.95],[166.03,-49.5],[166.37,-49.25],[166.24,-48.62],[166.28,-47.84],[166.42,-47.57],[166.86,-47.36],[167.01,-46.95],[166.24,-46.86],[165.86,-47.09],[165.58,-47.08],[165.6,-46.8],[165.41,-46.68],[165.76,-46.45],[165.96,-45.95],[166.22,-45.83],[166.91,-45.1],[166.91,-44.97],[167.47,-44.66],[168.12,-43.99],[168.73,-43.62],[168.48,-43.32],[168.62,-43.12],[169.44,-42.42],[169.93,-42.35],[169.68,-42.01],[169.72,-41.75],[169.37,-41.59],[169.03,-41.64],[168.6,-41.56],[168.31,-41],[167.82,-40.84],[167.83,-40.39],[167.6,-40.06],[167.88,-39.96],[167.86,-39.76],[167.43,-39.54],[167.62,-39.31],[167.43,-39.14],[167.35,-38.77],[167.13,-38.53],[167.42,-38.16],[167.26,-37.73],[166.98,-37.29],[167.76,-36.92],[168.15,-37.34],[168.92,-37.5],[169.32,-37.45],[169.81,-37.6],[170.32,-38.03],[170.65,-38.07],[171.5,-38.49],[171.55,-38.78],[172.03,-38.96],[172.84,-38.32],[173.16,-38.31],[173.52,-38.09],[173.74,-37.81],[173.91,-37.08],[173.58,-36.73],[173.48,-36.3],[172.97,-36.05],[172.31,-35.63],[172.3,-35.19],[171.94,-35.04],[172,-34.76],[171.36,-34.3],[170.9,-33.63],[171.2,-33.46],[171.31,-33.68],[171.74,-33.84],[171.85,-33.61],[172.84,-33.92],[173.47,-34.37],[173.81,-34.42],[174.04,-34.3],[174.34,-34.56],[175.25,-34.82],[175.27,-35.12],[175.85,-35.22],[175.92,-35.45],[176.23,-35.66],[176.45,-35.63],[176.61,-35.95],[176.47,-36.07],[176.44,-36.81],[177.5,-37.4],[177.94,-37.27],[178.46,-37.43],[178.86,-37.29],[179.15,-37.33],[179.18,-37.61],[179,-37.82],[179.15,-38.06],[178.8,-38.66],[178.75,-38.88],[178.47,-38.9],[178.3,-39.1],[178.49,-39.5],[178.31,-39.86],[178.01,-39.7],[177.79,-39.79],[177.36,-40.2],[177.04,-40.8],[176.33,-41.23],[176.2,-41.4],[175.71,-41.7],[174.51,-42.09],[173.8,-42.57],[173.89,-43],[174.79,-42.79],[175.85,-42.62],[176.4,-42.58],[177.07,-42.67],[178.06,-42.65],[178.25,-42.73],[179.12,-42.81],[179.29,-42.67],[180,-42.53],[180,-41],[180,-40],[180,-38.5],[180,-37.5],[180,-36],[180,-35],[180,-33],[180,-32],[180,-29.57],[180,-27.65],[180,-26.5],[180,-24.5],[180,-22.5],[180,-21.5],[180,-20],[180,-18.43],[180,-17.04],[179.48,-16.89],[179.23,-16.97],[179.24,-17.19],[179.02,-17.28],[179.2,-17.53],[179.53,-17.68],[179.57,-17.9],[179.38,-18.23],[179.14,-18.1],[178.41,-18.27],[178.04,-18.6],[177.63,-18.66],[177.56,-18.41],[177.23,-18.16],[176.88,-17.61],[176.79,-17.15],[177.5,-16.52],[177.75,-16.51],[178.58,-16.14],[178.89,-16.18],[179.33,-16.13],[179.63,-16.01],[180,-16.01],[180,-13.73],[180,-11.81],[180,-10.5],[180,-9],[180,-7.5],[180,-5.5],[180,-3.87],[178.04,-3.45],[176.09,-3.03],[174.14,-2.6],[172.18,-2.18],[170.23,-1.75],[168.27,-1.33],[166.32,-0.91],[164.36,-0.48],[163.39,-0.27],[161.92,0.05],[159.96,0.47],[158.01,0.89],[156.06,1.32],[154.1,1.74],[152.15,2.17],[150.19,2.59],[148.24,3.01],[146.28,3.44],[144.33,3.86],[142.37,4.29],[140.42,4.71],[138.46,5.13],[136.51,5.56],[134.56,5.98],[132.6,6.41],[130.65,6.83],[128.69,7.25],[126.74,7.68]],[[126.98,5.02],[127.31,4.74],[127.25,4.46],[127.02,4.56],[127.06,3.93],[126.96,3.51],[126.62,3.84],[126.58,4.1],[126.74,4.75],[126.98,5.02]],[[127.79,4.28],[127.9,3.96],[128.31,3.81],[128.3,3.54],[127.59,3.94],[127.79,4.28]],[[125.88,4.99],[126.02,4.44],[125.95,3.34],[125.86,3.05],[125.62,2.66],[125.36,2.58],[125.28,2.78],[125.41,2.95],[125.47,3.41],[125.35,3.64],[125.32,4.33],[125.53,4.35],[125.36,4.76],[125.59,4.98],[125.88,4.99]],[[125.22,2.06],[125.16,2.35],[125.32,2.53],[125.59,2.42],[125.54,2.14],[125.37,1.91],[125.22,2.06]],[[144.57,-0.89],[144.66,-1.18],[144.85,-1.33],[144.79,-2.04],[145.21,-1.83],[146.02,-1.92],[146.31,-1.91],[146.59,-1.72],[147.18,-1.73],[147.7,-1.87],[148.06,-1.8],[148.68,-1.82],[148.58,-1.99],[148.09,-2.09],[147.88,-2.43],[147.54,-2.49],[147.6,-2.71],[148.13,-3.01],[148.03,-3.17],[148.37,-3.36],[148.4,-3.65],[148.2,-3.7],[147.71,-3.51],[147.69,-3.1],[147.49,-2.86],[147.15,-3],[146.86,-2.9],[146.43,-3.16],[146.02,-2.74],[146.02,-2.48],[145.62,-2.29],[145.41,-2.45],[145.19,-2.25],[144.91,-2.39],[144.62,-2.09],[144.19,-2.04],[143.96,-1.86],[143.98,-1.49],[144.11,-1.11],[144.57,-0.89]],[[149.4,-1.23],[149.52,-1.13],[149.9,-1.34],[150.03,-1.54],[150.28,-1.65],[150.73,-1.57],[150.75,-1.8],[150.14,-1.81],[149.97,-1.87],[149.53,-1.74],[149.4,-1.23]],[[153.06,-1.81],[153.32,-1.57],[153.62,-1.57],[153.77,-1.83],[153.62,-2.1],[153.34,-2.15],[153.06,-1.81]],[[148.71,-4.6],[148.79,-4.41],[149.15,-4.42],[149.61,-4.57],[149.38,-4.76],[148.71,-4.6]],[[147.09,-5.54],[146.89,-5.18],[146.96,-5.02],[147.24,-5.1],[147.34,-5.4],[147.09,-5.54]],[[152,-3.06],[151.9,-3.01],[151.77,-2.46],[152.14,-2.54],[152.18,-3.01],[152,-3.06]],[[152.46,-3.06],[152.83,-2.94],[152.74,-3.25],[152.46,-3.06]],[[154.4,-3.2],[154.58,-3.03],[154.94,-3.42],[154.68,-3.54],[154.4,-3.2]],[[153.67,-3.84],[153.8,-4.14],[153.56,-4.16],[153.67,-3.84]],[[154.41,-5.08],[154.4,-4.9],[154.11,-4.63],[154.17,-4.29],[154.73,-4.87],[154.95,-5.35],[155.18,-5.46],[155.47,-5.86],[155.82,-6.03],[156.28,-6.41],[156.61,-6.43],[157.4,-7.04],[158.06,-7.13],[158.53,-7.25],[159.03,-7.62],[159.45,-7.79],[159.62,-7.56],[160.19,-7.88],[160.14,-8.05],[160.46,-8.19],[160.42,-8.39],[160.15,-8.38],[160.22,-8.76],[160.62,-9.15],[160.65,-9.29],[161.17,-9.69],[161.18,-9.96],[160.73,-10.13],[160.3,-9.89],[159.77,-9.86],[159.29,-9.26],[159,-9.36],[158.86,-9.25],[159.01,-8.86],[159.3,-8.9],[159.6,-9.14],[159.85,-9],[159.29,-8.35],[158.85,-8.08],[158.62,-7.84],[158.38,-7.74],[157.94,-7.8],[157.78,-7.94],[157.98,-8.24],[158.28,-8.42],[158.5,-9.06],[158.16,-9.14],[158.05,-9],[157.68,-8.95],[157.23,-8.73],[156.96,-8.29],[156.48,-8.05],[156.23,-7.65],[155.78,-7.46],[155.55,-7.49],[155.4,-7.01],[155.04,-6.89],[154.8,-6.63],[154.69,-6.34],[154.23,-5.78],[154.47,-5.56],[154.41,-5.08]],[[159.25,-4.47],[159.59,-4.42],[159.53,-4.72],[159.28,-4.68],[159.25,-4.47]],[[156.96,-4.53],[157.19,-4.73],[156.97,-4.91],[156.82,-4.82],[156.96,-4.53]],[[155.39,-4.54],[155.58,-4.8],[155.42,-4.92],[155.22,-4.79],[155.39,-4.54]],[[159.64,-5.65],[159.12,-5.44],[159.22,-4.99],[159.45,-4.93],[159.58,-5.17],[159.85,-5.42],[159.64,-5.65]],[[160.55,-7.82],[160.85,-7.88],[160.99,-8.36],[161.69,-9.5],[161.79,-9.77],[161.51,-9.85],[161.09,-9.45],[160.97,-9.41],[160.57,-8.98],[160.54,-8.26],[160.65,-8.13],[160.55,-7.82]],[[167.07,-9.85],[167.15,-9.69],[167.72,-10.28],[167.57,-10.42],[167.35,-10.05],[167.07,-9.85]],[[179.38,-10.44],[179.69,-10.32],[179.88,-10.69],[179.84,-10.93],[179.51,-10.86],[179.38,-10.44]],[[165.88,-10.98],[165.6,-10.92],[165.7,-10.63],[165.92,-10.5],[166.35,-10.57],[166.4,-10.88],[165.88,-10.98]],[[166.6,-10.99],[166.68,-11.33],[166.56,-11.77],[166.35,-11.71],[166.35,-11.19],[166.6,-10.99]],[[175.34,-11.4],[175.76,-11.25],[176.17,-11.65],[176.66,-11.83],[176.59,-11.94],[176.21,-11.92],[175.73,-11.65],[175.61,-11.88],[175.14,-11.62],[175.34,-11.4]],[[177.95,-11.5],[178.18,-11.3],[178.46,-11.42],[178.44,-11.79],[177.95,-11.5]],[[174.24,-11.95],[173.9,-12.02],[173.59,-11.92],[173.6,-11.68],[174.26,-11.76],[174.24,-11.95]],[[172.29,-11.76],[172.39,-11.94],[172.18,-12.24],[171.95,-12.24],[171.98,-11.79],[172.29,-11.76]],[[176.78,-12.6],[177.17,-12.38],[177.2,-12.58],[176.78,-12.6]],[[166.68,-12.87],[166.82,-12.98],[166.83,-13.46],[166.62,-13.5],[166.47,-13.29],[166.47,-12.98],[166.68,-12.87]],[[167.41,-13.37],[167.82,-13.53],[167.96,-13.91],[167.48,-14.01],[167.26,-13.8],[167.28,-13.41],[167.41,-13.37]],[[146.93,-14.09],[146.92,-14.32],[146.5,-13.97],[146.73,-13.75],[146.93,-14.09]],[[164.88,-13.7],[164.85,-13.5],[165.49,-13.57],[165.56,-13.95],[164.88,-13.7]],[[167.29,-14.23],[167.5,-14.06],[167.75,-14.07],[167.83,-14.3],[167.64,-14.42],[167.33,-14.43],[167.29,-14.23]],[[167.01,-14.5],[167.13,-14.59],[167.42,-15.09],[167.42,-15.5],[167.64,-16.06],[167.87,-16.12],[168.12,-15.97],[168.09,-15.5],[167.77,-15.56],[167.67,-15.33],[168.05,-15.12],[168.18,-14.82],[168.39,-15.93],[168.35,-16.13],[168.58,-16.68],[168.74,-16.81],[168.72,-17.45],[168.94,-17.71],[168.91,-17.98],[168.69,-18.22],[168.72,-18.77],[169.08,-18.38],[169.38,-18.42],[169.49,-18.62],[169.49,-19.07],[169.74,-19.63],[169.49,-19.86],[168.98,-19.6],[168.77,-19.38],[168.48,-18.92],[168.28,-18.83],[168.42,-18.12],[168,-17.74],[168.19,-17.28],[168.03,-16.88],[167.69,-16.67],[167.47,-16.69],[167.06,-15.94],[166.73,-15.93],[166.74,-15.72],[166.47,-15.31],[166.54,-15.09],[166.51,-14.58],[167.01,-14.5]],[[177.93,-19.03],[178.36,-18.8],[178.6,-18.55],[178.77,-18.76],[178.71,-18.97],[178.45,-19.17],[177.98,-19.38],[177.93,-19.03]],[[165.72,-19.61],[165.97,-19.87],[165.55,-19.95],[165.49,-19.8],[165.72,-19.61]],[[169.62,-20.28],[169.73,-20.02],[170.06,-20.11],[170.01,-20.32],[169.62,-20.28]],[[166.89,-20.35],[167.07,-20.56],[168.04,-21.11],[168.25,-21.37],[168.46,-21.79],[167.83,-21.67],[167.56,-21.21],[167.13,-21.16],[166.96,-20.72],[166.8,-20.57],[166.56,-20.78],[166.33,-20.78],[166.03,-20.36],[166.41,-20.21],[166.89,-20.35]],[[170.44,-20.75],[170.38,-21.07],[170.16,-21.16],[169.99,-21.02],[170.44,-20.75]],[[168.7,-21.82],[168.91,-22.3],[168.67,-22.42],[168.55,-21.89],[168.7,-21.82]],[[166.95,-21.82],[167.25,-21.98],[167.72,-22.52],[167.79,-22.73],[168.22,-23.04],[168.36,-23.3],[167.9,-23.78],[167.76,-24.01],[167.36,-24.17],[167.02,-23.58],[166.9,-23.24],[166.73,-23.14],[166.63,-22.78],[164.72,-21.32],[164.21,-20.85],[163.73,-20.2],[163.33,-19.76],[163.02,-19.19],[163.08,-18.74],[162.74,-18.56],[162.75,-18.1],[162.84,-17.8],[163.2,-17.89],[163.48,-18.27],[163.44,-18.53],[163.98,-19.31],[164.12,-19.64],[165.02,-20.44],[165.19,-20.45],[165.64,-20.78],[166.02,-21.2],[166.44,-21.43],[166.95,-21.82]],[[159.62,-24.57],[160.05,-24.89],[160.02,-25.27],[159.81,-25.61],[159.53,-25.63],[159.43,-25.41],[159.4,-24.64],[159.62,-24.57]],[[162.67,-25.82],[162.88,-25.99],[162.7,-26.4],[162.22,-26.21],[162.12,-26.09],[162.17,-25.63],[162.67,-25.82]],[[167.24,-26.03],[167.51,-26.03],[167.66,-26.37],[167.69,-26.71],[167.83,-26.88],[167.69,-27.17],[167.71,-27.41],[167.47,-27.63],[167.35,-27.35],[167.08,-27.28],[167.15,-27.06],[167.38,-26.97],[167.41,-26.56],[167.05,-26.53],[167.24,-26.03]],[[162.04,-24.38],[161.81,-24.46],[161.45,-24.08],[161.64,-23.82],[161.85,-23.83],[162.04,-24.38]],[[159.54,-23.88],[159.72,-24.17],[159.43,-24.24],[159.23,-24.07],[159.54,-23.88]],[[159.59,-23],[159.77,-23.15],[159.66,-23.39],[159.38,-23.11],[159.59,-23]],[[155.59,-23],[155.78,-23.18],[155.6,-23.37],[155.39,-23.12],[155.59,-23]],[[159.43,-22.61],[159.31,-22.93],[159.07,-22.54],[159.07,-22.14],[159.35,-22.07],[159.57,-22.38],[159.43,-22.61]],[[156.55,-22],[156.21,-21.88],[156.15,-21.56],[156.34,-21.34],[156.58,-21.52],[156.99,-21.57],[156.55,-22]],[[155.9,-21.34],[155.64,-21.34],[155.62,-21.07],[155.9,-21.04],[155.9,-21.34]],[[158.39,-20.8],[158.6,-20.39],[158.54,-20.15],[158.24,-19.96],[158.13,-19.6],[158.4,-18.95],[158.95,-18.79],[159.14,-19.05],[159.17,-19.4],[159.01,-19.63],[159.12,-20.02],[159,-20.35],[159.38,-20.73],[159.4,-21.21],[159.7,-21.46],[159.7,-21.86],[159.37,-21.95],[159.15,-21.6],[158.65,-21.48],[158.53,-21.37],[158.39,-20.8]],[[160.75,-21.5],[160.58,-21.14],[160.68,-20.9],[160.63,-20.49],[160.3,-20.14],[160.05,-20],[160.06,-19.82],[160.85,-20.06],[161.13,-19.94],[161.56,-20.58],[161.96,-20.72],[162.02,-20.93],[162.43,-20.95],[162.48,-21.31],[162.67,-21.38],[162.89,-21.66],[162.66,-21.94],[162.42,-21.84],[162.17,-21.48],[161.47,-21.07],[161.1,-21.24],[161.07,-21.44],[160.75,-21.5]],[[157.62,-21.52],[157.42,-21.34],[157.87,-20.98],[158.06,-20.99],[158.14,-21.36],[157.62,-21.52]],[[149.64,-18.23],[149.5,-18.24],[149.01,-17.93],[148.46,-18.02],[148.28,-17.94],[148.25,-17.69],[148,-17.36],[147.65,-17.41],[147.46,-17.31],[147.49,-16.53],[147.64,-16.43],[147.65,-16.15],[147.98,-16.1],[148.19,-16.2],[148.54,-16.06],[148.96,-16.02],[149.17,-15.7],[148.97,-15.44],[149.23,-15.31],[149.66,-15.45],[150.23,-15.93],[150.65,-15.61],[150.92,-15.75],[151.13,-16.26],[151.65,-16.33],[152.02,-16.3],[152.23,-16.61],[152.35,-16.94],[152.36,-17.44],[152.12,-17.49],[151.99,-17.68],[151.39,-17.93],[150.87,-17.93],[150.51,-18.01],[150.21,-18.21],[149.64,-18.23]],[[160.78,-12.92],[160.55,-13.08],[160.17,-12.65],[159.95,-12.21],[160.15,-12.14],[160.44,-12.39],[160.78,-12.92]],[[160.77,-11.88],[160.57,-11.97],[159.92,-11.64],[159.88,-11.44],[160.15,-11.36],[160.62,-11.66],[160.77,-11.88]],[[154.84,-11.23],[154.52,-11.04],[154.96,-10.9],[155.39,-10.85],[155.4,-11.06],[154.84,-11.23]],[[157.16,-10.94],[157.05,-10.84],[157.3,-10.56],[157.76,-10.48],[157.85,-10.6],[157.64,-10.84],[157.16,-10.94]],[[161.2,-10.25],[161.55,-10.14],[161.82,-9.74],[162.1,-9.8],[162.1,-10.28],[162.64,-10.87],[162.37,-11.08],[162.02,-11.02],[161.51,-10.74],[161.2,-10.25]],[[166.04,-9.97],[166.9,-10.18],[166.52,-10.3],[166.39,-10.44],[165.98,-10.31],[166.04,-9.97]],[[167.07,-11.77],[166.86,-11.8],[166.74,-11.48],[167.14,-11.52],[167.07,-11.77]],[[145.49,-10.49],[145.31,-10.09],[145.39,-9.86],[145.85,-9.9],[145.79,-10.28],[145.49,-10.49]],[[155.56,-28.7],[155.49,-28.63],[155.62,-28.1],[155.78,-28.19],[155.56,-28.7]],[[167.81,-28.53],[168.13,-28.56],[168.46,-29.4],[168.34,-29.76],[167.87,-29.97],[167.7,-29.08],[167.6,-28.8],[167.81,-28.53]],[[173.08,-30.54],[173.1,-30.66],[172.81,-31.11],[172.61,-31.06],[172.72,-30.68],[173.08,-30.54]],[[162.74,-30.86],[162.98,-31.4],[162.78,-31.84],[162.54,-31.62],[162.4,-30.86],[162.74,-30.86]],[[166.75,-31.34],[166.92,-31.25],[167.14,-31.48],[167.23,-31.99],[167.57,-32.05],[167.86,-32.66],[167.58,-33.48],[167.54,-34.11],[167.27,-34.1],[166.96,-33.8],[166.77,-33.42],[166.66,-32.88],[166.52,-32.65],[166.44,-32.13],[166.75,-31.34]],[[167.72,-31.87],[167.84,-31.42],[168.04,-31.46],[168.11,-31.76],[168.38,-32.03],[168.18,-32.4],[167.72,-31.87]],[[169.84,-33.36],[169.82,-33],[170.28,-33.23],[170.4,-33.46],[170.22,-33.57],[169.84,-33.36]],[[163.4,-34.12],[162.53,-34.54],[162.51,-34.28],[162.31,-34.08],[162.24,-33.8],[161.97,-33.36],[162.04,-33.08],[162.02,-32.4],[162.12,-31.96],[162.64,-32.18],[162.86,-31.9],[163.07,-31.96],[163.48,-32.34],[163.24,-33.02],[163.54,-33.05],[163.82,-33.26],[163.96,-33.5],[163.59,-33.54],[163.4,-34.12]],[[168.83,-34.87],[169.03,-34.97],[169.88,-35.09],[169.88,-35.48],[169.03,-35.18],[168.83,-34.87]],[[165.83,-35.65],[165.46,-35.7],[165.55,-36.08],[165.41,-36.14],[164.79,-36.05],[164.71,-35.52],[164.94,-35.43],[165.19,-35.54],[165.78,-35.35],[165.83,-35.65]],[[159.41,-31.85],[159.24,-31.92],[158.93,-31.56],[159.21,-31.38],[159.41,-31.85]],[[156.5,-30.9],[156.23,-30.95],[156.09,-30.71],[156.28,-30.55],[156.5,-30.9]],[[167.83,-30.67],[167.73,-30.23],[168.05,-30.37],[167.83,-30.67]],[[159.12,-29.12],[159.25,-29.46],[159.06,-29.55],[158.96,-29.21],[159.12,-29.12]],[[147.98,-47.45],[147.79,-47.39],[147.82,-47.02],[148.11,-46.98],[148.63,-47.09],[148.78,-47.33],[148.41,-47.5],[147.98,-47.45]],[[164.31,-49.24],[164.29,-49.65],[163.98,-49.58],[164.31,-49.24]],[[165.47,-52.06],[165.82,-52.31],[165.79,-53.12],[165.36,-53.18],[165.32,-52.83],[165.5,-52.34],[165.47,-52.06]],[[158.53,-54.76],[158.89,-54.17],[159.18,-54.25],[158.88,-54.9],[158.75,-55.33],[158.42,-55.21],[158.53,-54.76]],[[165.88,-54.15],[166.12,-54.15],[166.15,-54.58],[165.72,-54.51],[165.88,-54.15]],[[163.58,-67.17],[162.17,-66.47],[161.94,-66.14],[162.43,-66.12],[162.67,-66.34],[163.56,-66.74],[163.58,-67.17]],[[164.13,-67.19],[164.99,-67.18],[165.19,-67.43],[164.5,-67.61],[164.13,-67.19]]]},"properties":{"scalerank":0,"featurecla":"Bathymetry","depth":1000}}
]}