{"type":"FeatureCollection", "features": [
{"type":"Feature","geometry":{"type":"Polygon","coordinates":[[[-114.35,27],[-114.57,27.2],[-114.7,27.22],[-115,27.63],[-115.32,27.74],[-115.57,27.92],[-115.67,28.22],[-115.43,28.22],[-115.31,28.4],[-115.2,28.71],[-115.24,28.92],[-115.84,29.69],[-115.99,30.05],[-116.13,30.27],[-116.22,30.53],[-116.41,30.77],[-116.63,31.28],[-116.85,31.6],[-116.78,31.71],[-116.97,32.16],[-117.14,32.16],[-117.4,32.6],[-117.34,33],[-117.38,33.1],[-117.83,33.51],[-118.23,33.57],[-118.81,33.96],[-119.26,34.06],[-119.33,33.98],[-119.84,33.93],[-119.87,33.68],[-120,33.65],[-120.13,33.87],[-120.38,33.92],[-120.56,34.05],[-120.48,34.21],[-120.18,34.14],[-119.53,34.11],[-119.83,34.35],[-120.24,34.41],[-120.42,34.38],[-120.73,34.5],[-120.88,34.73],[-120.88,35],[-121.1,35.45],[-121.31,35.58],[-121.53,35.91],[-121.77,36.17],[-121.99,36.25],[-122.01,36.79],[-122.39,36.99],[-122.6,37.02],[-122.86,37.31],[-123.07,37.66],[-123.35,37.81],[-123.51,38.08],[-123.42,38.25],[-123.93,38.89],[-123.97,39.13],[-123.96,39.62],[-124.21,40.05],[-124.47,40.21],[-124.64,40.51],[-124.53,40.64],[-124.36,41.1],[-124.49,41.45],[-124.49,41.81],[-124.6,42.25],[-124.77,42.49],[-124.73,42.79],[-124.86,43.04],[-124.72,43.15],[-124.58,43.5],[-124.6,43.9],[-124.96,43.99],[-124.95,44.24],[-124.63,44.57],[-124.58,44.77],[-124.35,45.04],[-124.32,45.28],[-124.43,45.61],[-124.66,45.88],[-124.69,46.03],[-124.53,46.46],[-124.82,46.74],[-124.96,47.15],[-124.8,47.41],[-125.06,47.62],[-125.1,47.82],[-125.33,48.04],[-125.55,47.96],[-125.68,48.24],[-126.11,48.47],[-126.28,48.77],[-126.46,48.82],[-126.59,49],[-126.8,49.05],[-127.13,49.34],[-127.21,49.49],[-127.5,49.74],[-127.63,49.77],[-127.83,50.03],[-128.01,50.06],[-128.15,50.26],[-128.88,50.69],[-129.33,50.74],[-129.52,50.91],[-129.26,51.15],[-128.57,51.4],[-128.56,51.47],[-129.59,51.32],[-129.86,51.48],[-129.81,51.63],[-129.37,51.87],[-129.56,52.31],[-129.86,52.61],[-129.95,52.95],[-130.35,53.04],[-130.34,52.61],[-130.48,52.24],[-130.92,52.14],[-130.82,51.93],[-130.93,51.8],[-131.47,52.23],[-132.62,53.07],[-133.24,53.74],[-133.5,53.96],[-133.51,54.06],[-133.23,54.26],[-132.83,54.25],[-132.51,54.3],[-131.9,54.27],[-131.53,54.51],[-131.63,54.65],[-131.65,54.95],[-131.94,55.22],[-131.92,54.75],[-132.16,54.56],[-132.65,54.58],[-133,54.68],[-133.8,54.73],[-134.07,54.82],[-134.27,55.08],[-134.16,55.24],[-134.54,55.3],[-134.68,55.4],[-134.5,55.72],[-134.92,55.69],[-135.07,55.88],[-134.47,56.02],[-134.36,56.14],[-134.36,56.43],[-134.46,56.8],[-134.6,56.95],[-134.68,57.25],[-134.65,57.55],[-134.82,57.62],[-134.77,57.14],[-134.59,56.74],[-134.6,56.26],[-134.71,56.13],[-135.45,56.26],[-135.81,56.79],[-136,56.84],[-136.36,57.43],[-136.76,57.74],[-136.83,57.92],[-136.71,58.08],[-137.13,58.08],[-137.32,57.88],[-137.73,57.97],[-138.64,58.09],[-139.15,58.27],[-139.43,58.45],[-139.46,58.73],[-139.8,58.55],[-139.94,58.66],[-140.43,58.75],[-140.6,58.7],[-140.94,58.87],[-141.14,59.24],[-141.01,59.4],[-140.71,59.48],[-140.71,59.62],[-141.5,59.41],[-141.8,59.26],[-142.27,59.5],[-142.67,59.81],[-143.13,59.69],[-143.41,59.94],[-143.73,59.89],[-143.53,59.64],[-144.25,59.66],[-144.61,59.53],[-144.96,59.56],[-145.3,59.47],[-145.73,59.54],[-146.05,59.38],[-146.78,59.26],[-147.88,59.21],[-147.81,59.06],[-148.19,58.98],[-148.52,59.11],[-149.08,58.99],[-149.66,59.14],[-150.05,59.09],[-150.12,58.92],[-149.74,58.76],[-149.3,58.85],[-148.72,58.71],[-148.5,58.57],[-148.57,58.37],[-148.78,58.26],[-148.96,58.01],[-149.33,58.05],[-149.61,57.87],[-149.79,58.08],[-150.29,58.14],[-150.23,57.88],[-149.97,57.8],[-150.55,57.41],[-150.92,57.22],[-151.43,57.09],[-151.91,56.62],[-152.23,56.49],[-152.54,56.52],[-152.87,56.29],[-153.2,56.31],[-153.56,56.16],[-153.69,55.93],[-154.04,56.02],[-154.23,55.94],[-154.45,56.05],[-154.87,55.98],[-155.01,55.82],[-155.73,55.52],[-155.92,55.55],[-156.09,55.37],[-156.45,55.23],[-157.17,55.09],[-157.27,54.98],[-158.14,54.74],[-159.58,54.4],[-160,54.41],[-160.52,54.28],[-161.27,54.3],[-161.69,54.09],[-162.19,54.05],[-162.42,54.17],[-162.79,54.03],[-162.94,54.05],[-163.72,53.81],[-164.77,53.7],[-165.13,53.76],[-165.43,53.69],[-165.64,53.55],[-166.22,53.43],[-167.47,53],[-167.74,53],[-168.5,52.85],[-169.05,52.64],[-169.43,52.64],[-169.76,52.54],[-169.91,52.73],[-170.17,52.67],[-170.32,52.79],[-170.3,53.06],[-169.96,53.14],[-169.53,53.09],[-169.34,52.93],[-168.81,53.24],[-168.59,53.45],[-168.19,53.61],[-167.67,53.58],[-167.37,53.74],[-167.09,53.97],[-165.98,54.29],[-165.69,54.44],[-165.45,54.68],[-165.48,54.78],[-166.43,54.81],[-167.08,54.94],[-167.66,55.21],[-167.88,55.41],[-168.75,55.68],[-168.83,55.94],[-168.41,56.02],[-168.59,56.24],[-168.98,56.19],[-169.43,56.31],[-169.68,56.28],[-169.58,56.06],[-170.15,56],[-170.44,56.13],[-171.26,56.26],[-171.58,56.5],[-171.81,56.48],[-172.4,56.67],[-172.65,56.52],[-173.31,56.73],[-173.42,57.07],[-173.28,57.31],[-173.07,57.47],[-173.15,57.58],[-173.58,57.52],[-173.47,57.22],[-173.67,57.16],[-173.91,57.45],[-173.69,57.77],[-174.5,58.44],[-174.66,58.68],[-175.38,58.63],[-175.3,58.4],[-175.6,58.42],[-176.03,58.59],[-177.19,58.61],[-177.79,58.88],[-178.29,59.05],[-178.41,59.24],[-178.09,59.28],[-177.69,59.17],[-177.52,59.43],[-177.77,59.7],[-178.17,59.53],[-178.84,59.89],[-178.97,60.13],[-178.6,60.1],[-178.46,60.32],[-178.79,60.85],[-179.05,61.05],[-178.75,61.32],[-178.99,61.4],[-179.41,61.11],[-179.58,60.87],[-180,60.93],[-180,60],[-180,59],[-180,58],[-180,57],[-180,56],[-180,54.75],[-180,54],[-180,52.45],[-179.73,52.58],[-179.5,52.51],[-179.76,52.36],[-179.82,52.12],[-180,52.02],[-180,51],[-180,50],[-180,48.5],[-180,47.5],[-180,46.5],[-180,45.5],[-180,44.5],[-180,43],[-180,42],[-180,40.5],[-180,39.5],[-180,38],[-180,36.5],[-180,35],[-180,34],[-180,33],[-180,31.5],[-180,30],[-180,28.5],[-180,27],[-180,25.5],[-180,24],[-180,23],[-180,22],[-180,21],[-180,19.4],[-180,18],[-180,17],[-180,16],[-180,14.5],[-180,13.5],[-180,12],[-180,11],[-179.01,11.04],[-178.02,11.09],[-177.03,11.13],[-176.03,11.17],[-175.04,11.22],[-174.05,11.26],[-173.06,11.31],[-172.07,11.35],[-171.08,11.39],[-170.12,11.67],[-169.17,11.96],[-168.22,12.24],[-167.27,12.52],[-166.32,12.8],[-165.37,13.08],[-164.42,13.36],[-163.46,13.64],[-162.51,13.93],[-161.56,14.21],[-160.61,14.49],[-159.66,14.77],[-158.71,15.05],[-157.75,15.33],[-156.8,15.61],[-155.85,15.9],[-154.9,16.18],[-153.95,16.46],[-153,16.74],[-152.04,17.02],[-151.09,17.3],[-150.14,17.59],[-149.19,17.87],[-148.24,18.15],[-147.29,18.43],[-146.33,18.71],[-145.38,18.99],[-144.43,19.27],[-143.48,19.56],[-142.53,19.84],[-141.58,20.12],[-140.63,20.4],[-139.67,20.68],[-138.72,20.96],[-137.77,21.24],[-136.82,21.53],[-135.87,21.81],[-134.92,22.09],[-133.96,22.37],[-133.01,22.65],[-132.06,22.93],[-130.63,23.26],[-129.67,23.48],[-128.71,23.7],[-127.75,23.92],[-126.8,24.14],[-125.84,24.36],[-124.88,24.58],[-123.92,24.8],[-122.97,25.02],[-122.01,25.24],[-120.1,25.68],[-118.18,26.12],[-116.27,26.56],[-114.35,27]],[[-175.71,28.02],[-175.7,27.81],[-175.85,27.73],[-176.01,27.88],[-175.71,28.02]],[[-118.29,28.85],[-118.43,29.1],[-118.3,29.22],[-118.19,29.01],[-118.29,28.85]],[[-119.11,32.74],[-119.09,32.39],[-119.37,32.58],[-119.23,32.74],[-119.11,32.74]],[[-119.28,33.26],[-119.46,33.17],[-119.84,33.24],[-119.85,33.51],[-119.74,33.53],[-119.28,33.26]],[[-178.29,51.42],[-178.49,51.5],[-179.06,51.51],[-179.14,51.61],[-178.45,51.67],[-178.29,51.42]],[[-178.22,51.58],[-178.32,51.7],[-178.24,51.92],[-177.29,51.88],[-176.63,52.04],[-176.39,52.04],[-175.94,52.18],[-175.32,52.16],[-174.98,52.21],[-174.44,52.44],[-173.79,52.43],[-173.63,52.3],[-172.85,52.28],[-172.62,52.44],[-172.27,52.5],[-172.32,52.16],[-171.95,52.05],[-172.1,51.96],[-172.48,52.01],[-172.82,51.92],[-173.83,51.89],[-173.93,51.85],[-175.5,51.82],[-176.97,51.51],[-177.1,51.66],[-177.64,51.58],[-178.22,51.58]],[[-170.82,52.49],[-170.91,52.64],[-170.55,52.77],[-170.49,52.62],[-170.82,52.49]],[[-129.84,52.36],[-129.65,52.05],[-129.73,51.9],[-129.95,51.8],[-130.22,51.95],[-130.08,52.28],[-129.84,52.36]],[[-174.07,26.23],[-173.76,26.05],[-173.78,25.93],[-173.96,25.86],[-174.19,26.05],[-174.07,26.23]],[[-171.89,25.91],[-171.72,25.91],[-171.59,25.73],[-171.83,25.71],[-171.89,25.91]],[[-170.67,25.67],[-170.43,25.5],[-170.34,25.29],[-170.42,25.2],[-170.8,25.31],[-170.99,25.43],[-170.88,25.63],[-170.67,25.67]],[[-168.16,25.21],[-167.98,25.19],[-167.87,25.05],[-167.88,24.48],[-168,24.43],[-168.14,24.64],[-168.16,24.87],[-168.33,25.05],[-168.16,25.21]],[[-167.23,24.41],[-167.06,24.45],[-166.96,24.29],[-166.79,24.25],[-166.81,24.06],[-167.24,24.28],[-167.23,24.41]],[[-166.22,23.62],[-166.36,23.69],[-166.39,23.88],[-166.21,23.92],[-166.04,23.83],[-166.03,23.68],[-166.22,23.62]],[[-164.86,23.61],[-164.62,23.7],[-164.44,23.51],[-164.31,23.47],[-164.32,23.21],[-164.64,23.32],[-164.68,23.47],[-164.86,23.61]],[[-159.84,22.06],[-159.69,22.24],[-159.44,22.29],[-159.26,22.13],[-159.42,21.85],[-159.7,21.91],[-159.84,22.06]],[[-158.07,21.73],[-157.86,21.7],[-157.7,21.49],[-157.6,21.27],[-157.8,21.22],[-158.13,21.26],[-158.3,21.54],[-158.07,21.73]],[[-157.32,21.25],[-156.74,21.22],[-156.67,21.09],[-156.26,21.02],[-155.95,20.79],[-156.06,20.62],[-156.77,20.49],[-156.7,20.7],[-156.94,20.71],[-157.09,20.85],[-157.13,21.05],[-157.41,20.99],[-157.7,20.87],[-157.72,21.04],[-157.32,21.25]],[[-155.86,19],[-155.95,19.12],[-155.92,19.34],[-156.09,19.75],[-156.06,19.89],[-155.91,20],[-155.96,20.25],[-155.86,20.31],[-155.58,20.17],[-155.19,20.03],[-155.07,19.9],[-154.82,19.44],[-154.99,19.31],[-155.26,19.25],[-155.45,19.13],[-155.68,18.9],[-155.86,19]]]},"properties":{"scalerank":0,"featurecla":"Bathymetry","depth":200}},
{"type":"Feature","geometry":{"type":"Polygon","coordinates":[[[180,19.4],[179.01,19.47],[178.02,19.54],[177.03,19.61],[176.04,19.67],[175.04,19.74],[174.05,19.81],[173.06,19.88],[172.07,19.94],[171.08,20.01],[170.09,20.08],[169.1,20.15],[168.11,20.21],[167.12,20.28],[166.13,20.35],[165.13,20.42],[164.14,20.48],[163.15,20.55],[162.16,20.62],[161.17,20.69],[160.18,20.75],[159.19,20.82],[158.2,20.89],[157.21,20.96],[156.22,21.02],[155.22,21.09],[154.23,21.16],[153.24,21.23],[152.25,21.29],[151.26,21.36],[150.27,21.43],[149.28,21.5],[148.29,21.56],[147.3,21.63],[146.31,21.7],[145.31,21.77],[144.32,21.83],[143.33,21.9],[142.34,21.97],[141.35,22.04],[140.36,22.1],[139.37,22.17],[138.38,22.24],[137.39,22.31],[136.39,22.37],[135.4,22.44],[134.41,22.51],[133.42,22.58],[132.43,22.64],[131.44,22.71],[130.45,22.78],[129.46,22.85],[128.47,22.91],[127.48,22.98],[126.48,23.05],[125.49,23.12],[124.5,23.18],[123.51,23.25],[122.52,23.32],[121.53,23.39],[121.42,22.95],[121.17,22.67],[121.05,22.63],[120.97,22.45],[120.94,22.06],[120.83,21.75],[120.63,21.89],[120.65,22.14],[120.35,22.27],[120.2,22.54],[120.07,22.65],[119.81,22.76],[119.26,22.33],[118.81,22.2],[118.47,22.25],[118.18,22.17],[118,22.01],[117.78,21.99],[117.14,21.77],[116.79,21.76],[116.06,21.47],[115.97,21.27],[115.7,20.99],[115.45,20.91],[115.33,20.8],[115.3,20.59],[114.97,20.17],[114.63,20.05],[114.34,20.02],[114.13,20.14],[114.06,20.02],[113.85,19.99],[113.78,19.83],[113.38,19.76],[113.36,19.67],[113.09,19.51],[112.59,19.3],[112.3,19.09],[111.91,18.85],[111.77,18.92],[111.61,18.58],[111.16,18.36],[110.79,18.02],[110.61,17.97],[110.37,17.64],[110.09,17.45],[109.88,17.23],[109.64,16.81],[109.47,16.66],[109.43,16.4],[109.49,15.96],[109.4,15.65],[109.52,15.15],[109.52,14.81],[109.57,14.48],[109.54,14.21],[109.61,13.85],[109.59,13.75],[109.67,13.24],[109.72,13.1],[109.79,11.94],[109.73,11.67],[109.76,11.44],[109.63,11.24],[109.58,10.83],[109.45,10.64],[109.47,10.45],[109.26,10.27],[109.33,10.07],[109.18,9.87],[109.16,9.7],[108.96,9.44],[108.82,9.56],[108.63,9.41],[108.8,9.24],[108.95,9.35],[109.19,9.35],[109.06,8.69],[109.11,8.36],[109.04,8.09],[109.15,8.03],[109.09,7.54],[109.13,7.11],[109.12,6.96],[109.28,6.68],[109.8,6.13],[110,6.03],[110.04,5.86],[110.32,5.59],[110.49,5.61],[110.88,5.4],[111.2,5.43],[111.49,5.41],[112.09,5.62],[112.23,5.76],[112.6,5.89],[112.54,5.65],[112.66,5.34],[113.16,5.04],[113.45,4.98],[113.7,5.01],[114.11,5.25],[114.29,5.43],[114.34,5.65],[114.53,5.79],[114.7,5.84],[114.94,6.01],[115.18,6.29],[115.64,6.75],[116.22,7.22],[116.41,7.44],[116.62,7.57],[116.79,8.14],[116.81,8.48],[117.15,8.96],[117.53,9.39],[117.8,9.57],[118.01,9.92],[118.02,10.05],[118.18,10.16],[118.21,10.33],[118.42,10.54],[118.49,10.7],[118.67,10.73],[118.71,11.02],[118.84,11.16],[118.96,11.49],[119.15,11.61],[119.29,11.92],[119.52,12.15],[119.58,12.32],[119.88,12.67],[119.99,12.7],[120.15,12.51],[120.25,12.68],[120.37,12.42],[120.53,12.38],[120.55,12.09],[120.71,11.98],[120.89,11.67],[120.92,11.48],[121.37,11.41],[121.7,11.4],[121.73,11.28],[121.63,10.89],[121.3,10.54],[121,10.45],[120.85,10.52],[120.56,10.42],[120.37,10.56],[120.2,10.4],[119.98,10.33],[119.75,10.09],[119.54,10.02],[119.49,9.87],[119.25,9.9],[119.03,9.68],[118.9,9.71],[118.73,9.54],[118.74,9.24],[118.64,9.1],[118.45,9.01],[118.24,8.8],[118.21,8.45],[117.9,8.35],[117.83,8.19],[118,7.8],[118.13,7.74],[118.28,7.85],[118.48,7.88],[118.58,7.76],[118.45,7.61],[118.52,7.37],[118.54,7.07],[118.63,6.69],[118.77,6.32],[119,6.11],[119.01,5.9],[119.42,5.76],[119.74,5.91],[119.74,5.77],[119.31,5.62],[119.39,5.19],[119.55,5.12],[119.6,4.73],[119.52,4.57],[119.32,4.42],[118.92,4.38],[118.95,4.2],[118.69,4.11],[118.49,4.22],[118.29,4.12],[118.23,4],[118.27,3.79],[118.16,3.63],[118.24,3.53],[118.22,3.29],[118.02,3.05],[118.01,2.69],[118.27,2.4],[118.59,2.36],[118.92,1.99],[119.06,1.76],[118.91,1.74],[118.73,1.95],[118.59,1.93],[118.64,1.64],[118.83,1.57],[119,1.61],[119.04,0.99],[118.95,0.8],[118.75,0.76],[118.45,0.61],[118.22,0.72],[117.87,0.61],[117.75,0.46],[117.71,0.18],[117.8,0],[119.55,0],[119.75,0.19],[119.85,0.43],[119.83,0.59],[120.16,0.85],[120.15,0.99],[120.56,1.16],[120.82,1.39],[120.94,1.42],[121.21,1.33],[121.53,1.31],[121.62,1.13],[122.06,1.18],[122.22,1.13],[122.41,1.17],[122.55,1.07],[123.26,1.06],[123.51,0.99],[123.72,1.03],[123.98,0.97],[124.4,1.25],[124.55,1.44],[124.74,1.51],[124.69,1.71],[124.76,1.83],[124.92,1.78],[125.04,1.88],[125.2,1.87],[125.21,1.66],[125.33,1.55],[125.29,1.38],[125.11,1.22],[125.1,0.98],[124.85,0.85],[124.65,0.66],[124.57,0.41],[124.3,0.32],[124.1,0.34],[123.75,0.25],[123.25,0.27],[123.06,0.43],[122.88,0.46],[122.53,0.37],[121.78,0.34],[121.58,0.38],[121.17,0.25],[120.54,0.32],[120.26,0.15],[120.23,0],[121.71,0],[122.69,0],[123.68,0],[124.67,0],[126.14,0],[127.13,0],[127.13,0.03],[127.09,0.12],[127.23,0.45],[127.36,0.54],[127.25,0.82],[127.4,1.13],[127.37,1.25],[127.49,1.48],[127.47,1.66],[127.7,2.03],[127.76,2.32],[128.03,2.26],[128.14,2.42],[128.32,2.51],[128.51,2.72],[128.76,2.44],[128.67,2.14],[128.48,1.99],[128.2,1.9],[128.13,1.77],[128.14,1.5],[128.22,1.48],[128.57,1.63],[128.77,1.63],[128.82,1.32],[128.75,1.01],[128.58,0.81],[128.71,0.64],[128.91,0.51],[128.84,0.2],[128.33,0.36],[128.13,0.38],[127.98,0],[129.29,0],[129.36,0.11],[129.82,0.05],[129.71,0.34],[129.74,0.46],[130.01,0.45],[130.02,0.31],[130.22,0.33],[130.36,0.17],[130.72,0.11],[130.92,0.11],[131.11,0],[132.61,0],[133.61,0],[134.6,0],[135.6,0],[136.6,0],[137.6,0],[138.59,0],[139.59,0],[140.59,0],[141.59,0],[142.58,0],[143.58,0],[144.58,0],[145.58,0],[146.58,0],[147.57,0],[148.57,0],[149.57,0],[151.07,0],[152.06,0],[153.06,0],[154.06,0],[155.06,0],[156.05,0],[157.05,0],[158.05,0],[159.05,0],[160.05,0],[161.04,0],[162.04,0],[163.04,0],[164.04,0],[165.03,0],[166.53,0],[167.53,0],[168.53,0],[169.52,0],[170.52,0],[171.52,0],[172.52,0],[173.51,0],[174.51,0],[175.51,0],[177.01,0],[178,0],[179,0],[180,0],[180,0.5],[180,1],[180,1.49],[180,1.99],[180,2.49],[180,2.99],[180,3.48],[180,3.98],[180,4.48],[180,4.98],[180,5.47],[180,5.97],[180,6.47],[180,6.97],[180,7.46],[180,7.96],[180,8.46],[180,8.96],[180,9.45],[180,9.95],[180,10.45],[180,10.95],[180,11.44],[180,11.94],[180,12.44],[180,12.94],[180,13.43],[180,13.93],[180,14.43],[180,14.93],[180,15.42],[180,15.92],[180,16.42],[180,16.92],[180,17.41],[180,17.91],[180,18.41],[180,18.91],[180,19.4]],[[116.94,20.56],[116.68,20.62],[116.63,20.78],[117.01,20.84],[116.94,20.56]],[[121.51,19.47],[121.59,19.21],[121.32,19.36],[121.51,19.47]],[[121.22,19.21],[121.32,18.99],[121.48,18.85],[121.18,18.8],[121.16,19.04],[121.22,19.21]],[[121.83,18.95],[121.84,19.11],[122.1,18.95],[121.91,18.84],[121.83,18.95]],[[121.26,18.7],[121.88,18.52],[122,18.49],[122.22,18.6],[122.42,18.33],[122.25,18.08],[122.22,17.86],[122.28,17.6],[122.46,17.39],[122.62,17.05],[122.53,16.78],[122.42,16.7],[122.3,16.46],[122.29,16.29],[122.09,16.06],[121.9,15.92],[121.78,15.94],[121.54,15.41],[121.57,15.19],[121.96,15.11],[122.19,14.93],[122.61,14.92],[122.98,14.77],[123.14,14.77],[123.5,14.65],[124.01,14.64],[124.05,14.44],[124.21,14.25],[124.39,14.2],[124.52,14.04],[124.59,13.75],[124.47,13.48],[124.25,13.44],[124.09,13.48],[124,13.66],[123.63,13.65],[123.81,13.44],[124.21,13.29],[124.28,12.88],[124.65,12.86],[124.79,12.7],[125.03,12.71],[125.28,12.56],[125.61,12.12],[125.51,11.76],[125.65,11.29],[125.72,11.21],[126,10.68],[125.95,10.49],[126.05,10.36],[126.06,10.17],[126.21,9.81],[126.22,9.44],[126.33,9.23],[126.49,8.5],[126.51,8.19],[126.57,8.03],[126.53,7.86],[126.61,7.7],[126.64,7.24],[126.28,6.65],[126.32,6.46],[126.23,6.27],[126.05,6.51],[125.94,7.02],[125.47,6.84],[125.48,6.66],[125.62,6.53],[125.73,6.22],[125.74,6.01],[125.41,5.54],[125.12,5.83],[124.94,5.82],[124.22,6.14],[124,6.42],[123.94,6.83],[124,7.13],[124,7.61],[123.62,7.78],[123.46,7.53],[123.49,7.31],[123.25,7.42],[123.08,7.23],[122.76,7.21],[122.67,7.04],[122.5,6.96],[122.45,6.72],[122.21,6.43],[121.93,6.2],[121.88,5.97],[121.26,5.79],[121.01,5.57],[120.98,5.47],[120.72,5.4],[120.7,5.15],[120.53,5.14],[120.04,4.93],[119.83,4.75],[119.72,5.02],[119.8,5.21],[120.07,5.37],[120.2,5.55],[119.93,5.93],[120.28,6.09],[120.46,6.25],[120.54,6.41],[121,6.66],[121.08,6.76],[121.37,6.79],[121.57,6.89],[121.71,7.06],[121.87,7.1],[121.99,7.31],[122.09,7.59],[122.11,7.83],[122.27,8.08],[122.45,8.16],[122.93,8.19],[122.91,8.33],[123.05,8.57],[123.25,8.57],[123.23,8.72],[123.42,8.76],[123.77,8.63],[123.95,8.23],[124.22,8.25],[124.28,8.53],[124.47,8.65],[124.72,8.58],[124.76,9.05],[124.83,9.08],[125.13,8.91],[125.22,9.12],[125.41,9.03],[125.51,9.19],[125.37,9.72],[125.44,9.98],[125.06,9.88],[124.95,10.04],[124.75,10.06],[124.62,9.72],[124.33,9.58],[124.04,9.57],[123.94,9.51],[123.75,9.77],[123.89,10.19],[123.68,10.04],[123.5,9.53],[123.35,9.35],[123.3,9.11],[123.07,9.01],[122.89,9.1],[122.86,9.27],[122.62,9.37],[122.36,9.68],[122.34,9.99],[122.58,10.17],[122.48,10.35],[122.43,10.61],[122.16,10.56],[121.98,10.38],[121.91,10.77],[122.02,11.03],[121.97,11.55],[122.02,11.71],[121.83,11.75],[121.89,12.3],[122.01,12.74],[122.14,12.81],[122.34,12.58],[122.15,12.45],[122.09,11.93],[122.31,11.86],[122.45,11.72],[122.73,11.82],[122.87,12.2],[123.06,12.35],[123.25,12.62],[123.53,12.51],[123.57,12.87],[123.44,12.97],[123.32,12.82],[123.13,12.85],[122.92,13.05],[122.56,13.16],[122.3,13.52],[122.06,13.21],[121.98,13.18],[121.79,13.34],[121.85,13.71],[121.62,13.83],[121.46,13.64],[121.22,13.51],[121.52,13.25],[121.59,13.11],[121.54,12.94],[121.59,12.65],[121.49,12.41],[121.54,12.19],[121.69,12.06],[121.68,11.93],[121.44,11.81],[121.19,12.15],[121.01,12.17],[120.99,12.37],[120.89,12.61],[120.77,12.72],[120.63,13.09],[120.28,13.45],[120.35,13.55],[120.75,13.5],[120.89,13.78],[120.77,13.85],[120.65,13.75],[120.39,14.02],[120.44,13.67],[120.4,13.59],[120.09,13.76],[120.24,14.13],[120.43,14.24],[119.93,14.89],[119.95,15.2],[119.87,15.34],[119.88,15.55],[119.75,15.76],[119.73,16.25],[119.96,16.57],[120.18,16.63],[120.39,16.96],[120.4,17.41],[120.3,17.56],[120.41,18.2],[120.51,18.34],[120.54,18.56],[120.82,18.7],[120.94,18.63],[121.18,18.75],[121.26,18.7]],[[145.63,15.19],[145.85,15.26],[145.68,14.91],[145.55,15.03],[145.63,15.19]],[[168.98,14.74],[169.08,14.63],[168.85,14.48],[168.89,14.74],[168.98,14.74]],[[144.7,13.21],[144.6,13.45],[144.77,13.54],[144.93,13.5],[144.7,13.21]],[[165.34,11.76],[165.58,11.66],[165.59,11.49],[165.25,11.48],[165.16,11.58],[165.34,11.76]],[[166.84,11.53],[167.08,11.51],[167.1,11.4],[166.95,11.26],[166.9,11.11],[166.66,11.17],[166.54,11.08],[166.25,11.12],[166.32,11.23],[166.53,11.21],[166.64,11.48],[166.84,11.53]],[[167.41,11.24],[167.4,11.47],[167.57,11.41],[167.41,11.24]],[[169.77,11.38],[169.91,11.24],[169.57,11.07],[169.62,11.23],[169.77,11.38]],[[162.43,11.46],[162.4,11.35],[162.2,11.32],[162.01,11.56],[162.12,11.7],[162.36,11.65],[162.43,11.46]],[[169.85,10.26],[169.93,10.49],[170.02,10.47],[170.03,10.2],[169.85,10.26]],[[168.96,10.03],[169.2,10.01],[169.33,9.79],[169.1,9.8],[168.96,10.03]],[[160.84,9.95],[160.99,9.87],[160.97,9.7],[160.74,9.87],[160.84,9.95]],[[170.12,9.68],[170.29,9.57],[170.29,9.41],[170.07,9.35],[170.15,9.1],[170.06,8.98],[169.86,9.2],[169.9,9.3],[169.79,9.48],[169.8,9.65],[170.12,9.68]],[[167.75,9.14],[167.79,8.73],[167.58,8.79],[167.53,9.02],[167.24,9.07],[167.05,9.25],[167.09,9.39],[167.34,9.35],[167.49,9.45],[167.58,9.28],[167.75,9.14]],[[170.82,8.85],[170.93,8.95],[171.22,8.83],[171.29,8.7],[171.2,8.45],[171.07,8.49],[170.85,8.74],[170.82,8.85]],[[151.92,8.5],[151.71,8.42],[151.68,8.58],[151.92,8.62],[151.92,8.5]],[[171.02,8.42],[171.22,8.33],[171.16,8.1],[170.98,8.24],[171.02,8.42]],[[168.11,8.23],[168.33,7.86],[168.2,7.74],[168.05,8.08],[168.11,8.23]],[[151.88,7.71],[152,7.6],[152.03,7],[151.85,7.06],[151.78,7.21],[151.64,7.21],[151.43,7.34],[151.67,7.66],[151.88,7.71]],[[155.19,7.65],[155.42,7.66],[155.46,7.45],[155.26,7.38],[155.13,7.52],[155.19,7.65]],[[168.9,7.61],[169.01,7.59],[168.89,7.28],[168.64,7.29],[168.53,7.43],[168.9,7.61]],[[171.61,7.29],[171.79,7.12],[171.75,6.92],[171.6,6.96],[171.53,7.13],[171.61,7.29]],[[158.39,6.95],[158.31,6.73],[157.95,6.69],[157.91,6.84],[158.07,6.9],[158.14,7.03],[158.39,6.95]],[[149.37,6.77],[149.24,6.72],[149.02,7.08],[149.16,7.08],[149.37,6.77]],[[134.23,6.96],[134.15,7.27],[134.52,7.69],[134.45,7.91],[134.5,8.01],[134.74,8.07],[134.69,7.38],[134.59,7.23],[134.35,7.01],[134.23,6.96]],[[134.68,8.14],[134.58,8.14],[134.55,8.41],[134.69,8.45],[134.68,8.14]],[[137.48,8.24],[137.31,8.38],[137.32,8.52],[137.54,8.64],[137.63,8.6],[137.58,8.33],[137.48,8.24]],[[148.4,8.55],[148.88,8.71],[149,8.62],[149.02,8.24],[148.99,7.83],[148.73,7.65],[148.37,8],[148.57,8.02],[148.55,8.3],[148.44,8.37],[148.4,8.55]],[[149.65,8.55],[149.75,8.73],[150.18,9.02],[150.36,8.8],[150.43,8.56],[150.21,8.53],[149.65,8.55]],[[165.75,8.89],[165.54,9.06],[165.67,9.18],[165.78,9.02],[165.75,8.89]],[[148.25,9.26],[148.27,9.09],[147.97,9.07],[148.01,9.22],[148.25,9.26]],[[152.03,8.64],[152.24,8.81],[152.34,8.62],[152.04,8.53],[152.03,8.64]],[[149.15,7.38],[149.23,7.42],[149.46,7.29],[149.34,7.21],[149.15,7.38]],[[148.01,8],[147.64,8.04],[147.6,8.14],[147.92,8.22],[148.09,8.19],[148.01,8]],[[144.99,8.02],[144.89,8.12],[145.11,8.41],[145.32,8.48],[145.13,8.1],[144.99,8.02]],[[171.19,7.03],[171.01,7.22],[171.42,7.14],[171.19,7.03]],[[138.09,9.39],[137.96,9.43],[138.15,9.63],[138.25,9.54],[138.09,9.39]],[[140.01,9.8],[139.64,9.74],[139.53,9.88],[139.54,10.11],[139.7,10.17],[140,9.94],[140.01,9.8]],[[169.4,6.25],[169.78,6.04],[169.69,5.84],[169.5,5.83],[169.4,6.02],[169.4,6.25]],[[171.79,6.25],[171.94,6.28],[172.13,6.22],[172.21,5.89],[172,6],[171.69,6.08],[171.79,6.25]],[[153.83,5.58],[153.75,5.29],[153.62,5.27],[153.44,5.45],[153.52,5.6],[153.83,5.58]],[[126.8,4.58],[126.87,4.55],[126.94,4.26],[126.83,3.94],[126.7,3.8],[126.6,4.04],[126.68,4.16],[126.67,4.46],[126.8,4.58]],[[125.77,3.88],[125.82,3.78],[125.65,3.62],[125.77,3.46],[125.65,3.32],[125.67,2.98],[125.47,2.94],[125.49,3.43],[125.42,3.76],[125.77,3.88]],[[173.01,3.4],[173,3.11],[172.78,2.98],[172.68,3.19],[172.74,3.29],[172.92,3.3],[173.01,3.4]],[[125.77,4.49],[125.45,4.61],[125.42,4.75],[125.59,4.81],[125.77,4.73],[125.77,4.49]],[[123.7,9.29],[123.75,9.15],[123.63,9.07],[123.46,9.1],[123.44,9.25],[123.7,9.29]],[[121.44,9.99],[121.34,9.6],[121.2,9.76],[121.37,9.82],[121.44,9.99]],[[122.39,12.47],[122.49,12.54],[122.71,12.52],[122.75,12.34],[122.66,12.17],[122.39,12.47]],[[120.66,12.69],[120.68,12.54],[120.43,12.62],[120.44,12.75],[120.66,12.69]],[[114.8,16.28],[114.94,16.15],[114.89,15.94],[114.66,15.67],[114.4,15.61],[114.15,15.45],[113.89,15.48],[113.85,15.65],[113.91,15.85],[114.15,16.11],[114.27,16.18],[114.49,16.14],[114.8,16.28]],[[111.85,16.1],[111.51,16.17],[111.55,16.26],[111.81,16.31],[111.85,16.1]],[[111.58,16.38],[111.47,16.5],[111.69,16.66],[111.81,16.45],[111.58,16.38]],[[112.64,16.64],[112.78,16.47],[112.5,16.28],[112.32,16.32],[112.47,16.52],[112.64,16.64]],[[112.34,16.71],[112.17,16.75],[112.17,17.01],[112.41,16.94],[112.34,16.71]],[[116.7,11.77],[116.76,11.9],[117.1,12.02],[117.32,11.85],[117.44,11.63],[117.05,11.38],[117.02,11],[116.85,10.84],[116.64,10.87],[116.81,11.13],[116.77,11.27],[116.57,11.17],[116.38,11.21],[116.55,11.54],[116.56,11.71],[116.7,11.77]],[[116.82,10.64],[116.89,10.54],[116.75,10.38],[116.54,10.42],[116.67,10.59],[116.82,10.64]],[[114.59,10.43],[114.68,10.24],[114.28,10.12],[114.2,10.19],[114.33,10.4],[114.59,10.43]],[[114.35,9.97],[114.42,10.05],[114.66,9.89],[114.42,9.67],[114.27,9.65],[114.23,9.8],[114.35,9.97]],[[116.25,10.63],[116.14,10.79],[116.25,10.96],[116.4,10.86],[116.25,10.63]],[[114.52,10.67],[114.34,10.77],[114.58,10.93],[114.61,10.75],[114.52,10.67]],[[116.33,11.72],[116.2,11.27],[116.04,11.32],[116.11,11.5],[116.33,11.72]],[[114.03,8.93],[114.3,8.84],[114.21,8.67],[114.03,8.93]],[[114.2,7.9],[114.48,7.98],[114.49,7.86],[114.17,7.57],[113.87,7.57],[113.85,7.69],[114.04,7.74],[114.2,7.9]],[[111.61,7.57],[111.52,7.74],[111.58,7.9],[111.8,7.88],[111.74,7.65],[111.61,7.57]],[[109.85,7.61],[109.73,7.47],[109.43,7.31],[109.38,7.36],[109.59,7.61],[109.85,7.61]],[[110.26,7.88],[110.21,7.74],[109.95,7.75],[109.87,7.87],[110.07,8.06],[110.26,7.88]],[[172.94,1.97],[173.08,1.77],[172.98,1.68],[172.79,1.88],[172.94,1.97]],[[172.92,1.64],[173.09,1.55],[173.19,1.34],[172.9,1.35],[172.85,1.53],[172.92,1.64]],[[173.05,1.06],[173.13,0.98],[172.99,0.8],[172.86,0.99],[173.05,1.06]],[[131.05,0.51],[131.24,0.62],[131.22,0.4],[131.05,0.51]],[[129.2,0.75],[129.2,0.53],[128.89,0.61],[128.84,0.72],[128.98,0.87],[129.2,0.75]]]},"properties":{"scalerank":0,"featurecla":"Bathymetry","depth":200}},
{"type":"Feature","geometry":null,"properties":{"scalerank":0,"featurecla":"Bathymetry","depth":200}},
{"type":"Feature","geometry":{"type":"Polygon","coordinates":[[[151.18,-8.44],[151.16,-8.67],[151.23,-8.84],[151.2,-9.21],[151.12,-9.33],[151.12,-9.62],[150.98,-9.71],[151.08,-9.89],[151.32,-9.9],[151.26,-10.25],[151.57,-10.42],[151.71,-10.43],[151.91,-10.56],[151.98,-10.86],[151.72,-10.85],[151.49,-10.72],[151.21,-10.8],[151.27,-10.95],[151.51,-10.99],[151.66,-11.11],[152.18,-11.17],[152.48,-10.89],[152.19,-10.86],[152.34,-10.65],[152.61,-10.83],[153.19,-11.08],[153.58,-11.32],[153.73,-11.22],[154.27,-11.25],[154.44,-11.41],[154.35,-11.52],[154.39,-11.66],[154.18,-11.72],[154.04,-11.69],[153.88,-11.78],[153.44,-11.78],[153.14,-11.73],[152.53,-11.35],[152.19,-11.3],[151.2,-11.2],[150.84,-11],[149.61,-10.63],[149.15,-10.37],[148.92,-10.43],[147.99,-10.24],[147.74,-10.12],[147.51,-10.07],[147.37,-9.76],[146.79,-9.38],[146.82,-9.23],[146.62,-9.2],[146.6,-9.09],[146.34,-8.86],[146.19,-8.66],[146.15,-8.48],[145.91,-8.39],[145.53,-8.53],[145.23,-8.82],[145.19,-9.13],[144.93,-9.3],[144.96,-9.55],[144.73,-9.75],[144.5,-9.78],[144.17,-9.98],[144.03,-10.23],[144.01,-10.42],[144.15,-11.18],[144.08,-11.36],[144.14,-11.79],[144.02,-12.05],[144.01,-12.22],[143.88,-12.45],[143.9,-13.01],[144,-13.07],[144.01,-13.25],[144.21,-13.62],[144.45,-13.91],[144.65,-13.89],[144.8,-13.98],[144.91,-14.17],[145.21,-14.25],[145.52,-14.43],[145.77,-14.78],[145.78,-15.21],[145.85,-15.45],[145.86,-15.86],[145.92,-16.09],[146.18,-16.49],[146.48,-16.82],[146.7,-17.19],[146.73,-17.41],[146.86,-17.79],[147.16,-18.14],[147.3,-18.17],[147.51,-18.34],[147.68,-18.35],[147.95,-18.6],[148.24,-18.78],[148.78,-18.93],[149.06,-19.09],[149.43,-19.19],[149.58,-19.36],[149.74,-19.38],[149.88,-19.22],[150,-19.49],[150.6,-19.81],[150.7,-19.99],[150.89,-20.13],[151.06,-20.35],[151.25,-20.39],[151.33,-20.51],[151.61,-20.54],[151.48,-20.35],[151.65,-20.26],[151.76,-20.5],[151.93,-20.31],[152.03,-20.32],[152.15,-20.54],[152.3,-20.56],[152.42,-20.84],[152.75,-21.01],[153.05,-20.9],[153.09,-21.12],[152.87,-21.17],[152.77,-21.59],[152.95,-21.54],[152.98,-21.72],[152.89,-21.81],[153.06,-22.08],[153.2,-21.97],[153.39,-22.29],[153.25,-22.77],[153.11,-22.88],[153.09,-23.14],[152.93,-23.12],[152.85,-22.86],[152.74,-22.84],[152.24,-23.26],[152.22,-23.37],[152.49,-23.76],[152.84,-24.05],[153.36,-24.42],[153.51,-24.62],[153.68,-25.05],[153.9,-26.1],[153.88,-26.4],[153.66,-26.74],[153.73,-27.21],[153.8,-27.33],[153.92,-28.41],[153.83,-29.29],[153.56,-30.21],[153.16,-31.59],[153.2,-31.86],[153.09,-31.99],[152.77,-32.71],[152.65,-32.87],[151.81,-33.71],[151.54,-34],[151.37,-34.37],[151.18,-34.65],[151.09,-35.06],[150.44,-36.06],[150.33,-36.37],[150.32,-36.88],[150.36,-37.25],[150.27,-37.48],[150.24,-37.78],[149.86,-38.13],[149.4,-38.11],[149.21,-38.24],[148.64,-38.3],[148.47,-38.4],[148.36,-38.77],[148.5,-38.87],[148.8,-39.5],[148.79,-39.87],[148.88,-40.06],[148.88,-40.49],[148.76,-40.79],[148.8,-40.96],[148.66,-41.18],[148.61,-42.23],[148.23,-43.12],[148.18,-43.39],[147.96,-43.54],[147.87,-43.75],[147.7,-43.92],[147.33,-44.04],[147.55,-45.01],[147.76,-45.99],[147.97,-46.96],[148.19,-47.93],[148.4,-48.9],[148.61,-49.87],[148.83,-50.85],[149.04,-51.82],[149.25,-52.79],[149.47,-53.76],[149.68,-54.73],[149.9,-55.71],[150.11,-56.68],[150.32,-57.65],[150.54,-58.62],[150.75,-59.59],[150.96,-60.57],[151.18,-61.54],[151.39,-62.51],[151.6,-63.48],[151.82,-64.45],[152.03,-65.43],[152.24,-66.4],[152.46,-67.37],[152.67,-68.34],[153.81,-68.23],[154.61,-68.3],[154.68,-68.45],[155.55,-68.89],[156.23,-68.93],[156.35,-68.66],[155.75,-68.46],[155.89,-68.3],[156.63,-68.27],[156.85,-68.35],[157.92,-68.31],[158.14,-68.58],[157.69,-68.77],[157.14,-68.78],[156.99,-68.94],[157.18,-69.07],[158.02,-69.13],[159.33,-69.35],[160.34,-69.42],[160.39,-69.63],[160.82,-69.62],[160.71,-69.91],[161.02,-70.15],[162.1,-70.17],[161.97,-69.82],[162.56,-69.89],[163.28,-69.79],[163.63,-69.94],[162.94,-70.15],[163.21,-70.5],[163.97,-70.47],[163.91,-70.15],[164.89,-70.07],[165.48,-70.12],[166.44,-70.33],[167.29,-70.69],[167.68,-70.68],[168.3,-71.13],[168.73,-71.12],[169.61,-71.47],[170.74,-71.45],[170.74,-71.6],[171.05,-71.85],[170.62,-72.05],[170.24,-72.05],[170.08,-72.29],[170.43,-72.37],[170.35,-72.59],[169.64,-73.12],[169.35,-73.19],[169.13,-73.47],[168.3,-73.6],[168.01,-73.55],[167.47,-73.74],[167.08,-73.71],[166.26,-73.82],[166.3,-74.12],[165.65,-74.06],[165.23,-74.22],[165.62,-74.45],[165.41,-74.68],[164.91,-74.64],[164.29,-74.75],[163.83,-74.97],[163.56,-75.23],[163.88,-75.28],[165.27,-75.33],[165.77,-75.52],[165.67,-75.62],[163.09,-75.51],[162.97,-75.64],[163.09,-76.24],[163.64,-76.36],[162.81,-76.96],[163.33,-76.99],[163.97,-77.51],[164.69,-77.42],[164.67,-77.87],[166.66,-77.75],[166.13,-77.55],[166.45,-77.36],[166.31,-77.22],[167.09,-77.17],[167.37,-77.35],[168.18,-77.33],[170.01,-77.48],[170.44,-77.1],[171.29,-77.1],[171.6,-77.5],[176.05,-77.64],[176.23,-77.7],[180,-77.87],[180,-77.38],[180,-76.88],[180,-76.38],[180,-75.89],[180,-75.39],[180,-74.89],[180,-74.39],[180,-73.9],[180,-73.4],[180,-72.9],[180,-72.41],[180,-71.91],[180,-71.41],[180,-70.91],[180,-70.42],[180,-69.92],[180,-69.42],[180,-68.93],[180,-68.43],[180,-67.93],[180,-67.43],[180,-66.94],[180,-66.44],[180,-65.94],[180,-65.45],[180,-64.95],[180,-64.45],[180,-63.95],[180,-63.46],[180,-62.96],[180,-62.46],[180,-61.97],[180,-61.47],[180,-60.97],[180,-60.47],[180,-59.98],[180,-59.48],[180,-58.98],[180,-58.49],[180,-57.99],[180,-57.49],[180,-56.99],[180,-56.5],[180,-56],[180,-55.5],[180,-55],[180,-54.51],[180,-54.01],[180,-53.51],[180,-53.02],[180,-52.52],[180,-52.02],[180,-51.52],[180,-51.03],[180,-50.53],[180,-50.03],[180,-49.54],[180,-49.04],[180,-48.54],[180,-48.04],[180,-47.55],[180,-47.05],[180,-46.55],[180,-46.06],[180,-45.56],[180,-45.06],[180,-44.56],[180,-44.07],[180,-43.57],[180,-43.07],[180,-42.58],[180,-42.08],[180,-41.58],[180,-41.08],[180,-40.59],[180,-40.09],[180,-39.59],[180,-39.1],[180,-38.6],[180,-38.1],[180,-37.6],[180,-37.11],[180,-36.61],[180,-36.11],[180,-35.62],[180,-35.12],[180,-34.62],[180,-34.12],[180,-33.63],[180,-33.13],[180,-32.63],[180,-32.14],[180,-31.64],[180,-31.14],[180,-30.64],[180,-30.15],[180,-29.65],[180,-29.15],[180,-28.66],[180,-28.16],[180,-27.66],[180,-27.16],[180,-26.67],[180,-26.17],[180,-25.67],[180,-25.18],[180,-24.68],[180,-24.18],[180,-23.68],[180,-23.19],[180,-22.69],[180,-22.19],[180,-21.7],[180,-21.2],[180,-20.7],[180,-20.2],[180,-19.71],[180,-19.21],[180,-18.71],[179.79,-18.59],[180,-18.48],[180,-17.99],[180,-17.49],[180,-16.99],[179.78,-16.82],[179.16,-16.9],[179,-17.08],[178.87,-17.12],[178.83,-17.29],[179.13,-17.61],[178.94,-17.67],[178.73,-18.15],[178.53,-18.23],[178.4,-18.19],[178.2,-18.29],[178.23,-18.42],[178.01,-18.54],[177.92,-18.32],[177.46,-18.22],[177.27,-18.14],[177.17,-17.9],[177.03,-17.75],[176.89,-17.47],[176.86,-17.11],[177.22,-16.9],[177.22,-16.8],[177.44,-16.62],[177.64,-16.56],[178.21,-16.46],[178.53,-16.25],[178.93,-16.27],[179.08,-16.14],[179.27,-16.21],[179.59,-16.09],[180,-16.09],[180,-15.79],[180,-15.69],[180,-15.2],[180,-14.72],[180,-14.23],[180,-13.74],[180,-13.26],[180,-12.77],[180,-12.29],[180,-11.8],[180,-11.73],[180,-11.5],[180,-11.03],[180,-10.55],[180,-10.07],[180,-9.59],[180,-9.11],[180,-8.63],[180,-8.15],[180,-7.67],[180,-7.19],[180,-6.71],[180,-6.23],[180,-5.75],[180,-5.27],[180,-4.79],[180,-4.31],[180,-3.84],[180,-3.36],[180,-2.88],[180,-2.4],[180,-1.92],[180,-1.44],[180,-0.96],[180,-0.48],[180,0],[178.5,0],[177.51,0],[176.51,0],[175.51,0],[174.51,0],[173.02,0],[172.02,0],[171.02,0],[170.02,0],[169.02,0],[168.03,0],[167.03,0],[166.03,0],[165.03,0],[164.04,0],[163.04,0],[162.04,0],[161.04,0],[160.05,0],[159.05,0],[158.05,0],[157.05,0],[156.05,0],[155.06,0],[154.06,0],[153.06,0],[152.06,0],[151.07,0],[150.07,0],[149.07,0],[148.07,0],[147.07,0],[145.58,0],[144.58,0],[143.58,0],[142.58,0],[141.59,0],[140.59,0],[139.59,0],[138.59,0],[137.6,0],[136.6,0],[135.6,0],[134.6,0],[133.61,0],[132.61,0],[131.11,0],[131.41,-0.2],[131.45,-0.28],[131.26,-0.43],[131,-0.45],[130.8,-0.56],[130.83,-0.66],[131.23,-0.79],[131.79,-0.64],[132.06,-0.49],[132.22,-0.3],[132.78,-0.33],[132.88,-0.41],[133.28,-0.54],[133.49,-0.7],[134,-0.69],[134.17,-0.83],[134.14,-1.11],[134.39,-1.31],[134.19,-1.63],[134.43,-1.73],[134.37,-1.86],[134.49,-2.03],[134.64,-2.06],[134.69,-1.84],[134.82,-1.8],[135.01,-2.1],[135.3,-2.06],[135.39,-2.19],[135.16,-2.35],[135.01,-2.66],[135.06,-2.96],[135.16,-3.11],[135.17,-3.27],[135.49,-3.23],[135.57,-2.84],[135.67,-2.75],[135.96,-2.72],[135.87,-2.52],[135.94,-2.28],[136.05,-2.2],[136.26,-2.2],[136.23,-1.98],[136.02,-1.93],[135.99,-2.07],[135.74,-1.95],[135.55,-1.74],[135.31,-1.55],[134.9,-1.53],[134.7,-1.34],[135.08,-1.34],[135.14,-1.38],[135.85,-1.48],[136.04,-1.6],[136.17,-1.58],[136.61,-1.68],[136.75,-1.62],[136.59,-1.39],[136.48,-1.43],[136.19,-1.36],[136.04,-1.21],[135.84,-1.21],[135.73,-1.01],[135.44,-0.98],[135.33,-0.82],[135.16,-0.7],[135.13,-0.5],[135.25,-0.34],[135.39,-0.4],[135.38,-0.54],[135.69,-0.66],[136.02,-0.71],[136.41,-1.12],[136.6,-1.11],[136.93,-1.32],[137.14,-1.29],[137.41,-1.33],[137.59,-1.26],[137.82,-1.27],[138,-1.4],[138.22,-1.41],[138.58,-1.55],[138.72,-1.5],[138.87,-1.66],[138.91,-1.88],[139.19,-1.89],[139.58,-2.19],[139.85,-2.33],[140.12,-2.29],[140.33,-2.37],[140.81,-2.47],[140.92,-2.55],[141.29,-2.61],[141.91,-2.9],[142.13,-2.89],[142.3,-3.07],[142.46,-3.08],[142.82,-3.26],[143.12,-3.32],[143.24,-3.17],[143.64,-3.33],[143.7,-3.51],[144,-3.71],[144.16,-3.6],[144.49,-3.7],[144.66,-3.95],[144.81,-3.99],[145.06,-4.3],[145.35,-4.34],[145.84,-4.85],[145.86,-5.2],[145.81,-5.37],[145.91,-5.46],[146.4,-5.53],[147.14,-5.92],[147.34,-5.87],[147.67,-6.1],[147.92,-6.43],[147.86,-6.76],[147.41,-6.79],[147.04,-6.77],[147.15,-6.98],[147.25,-7.31],[147.86,-7.76],[148.07,-7.88],[148.24,-8.05],[148.49,-8.05],[148.64,-8.23],[148.96,-8.37],[149.22,-8.22],[149.99,-8.36],[150.13,-8.25],[150.82,-8.28],[151.18,-8.44]],[[151.69,-8.98],[151.67,-8.73],[152.01,-8.79],[151.69,-8.98]],[[157.28,-8.73],[157.17,-8.57],[157.25,-8.43],[156.92,-8.18],[156.73,-8.08],[156.55,-8.2],[156.42,-7.72],[156.49,-7.56],[156.62,-7.52],[156.84,-7.74],[157.15,-7.81],[157.29,-8.11],[157.5,-7.93],[157.94,-8.39],[158.19,-8.49],[158.31,-8.81],[158.2,-8.87],[158.03,-8.79],[157.78,-8.78],[157.77,-8.64],[157.42,-8.34],[157.45,-8.65],[157.68,-8.77],[157.62,-8.85],[157.28,-8.73]],[[157.66,-7.58],[157.41,-7.45],[156.96,-7.33],[156.7,-7.11],[156.53,-7.07],[156.42,-6.91],[155.89,-7.14],[155.69,-7.14],[155.6,-7.04],[155.37,-6.95],[155.31,-6.79],[155.15,-6.87],[154.81,-6.55],[154.78,-6.32],[154.52,-6.04],[154.65,-5.91],[154.57,-5.72],[154.59,-5.59],[154.5,-5.11],[154.72,-5.07],[154.78,-5.39],[155.07,-5.52],[155.22,-5.78],[155.6,-6.09],[155.73,-6.12],[156.03,-6.4],[156.09,-6.53],[156.32,-6.71],[156.52,-6.54],[156.68,-6.59],[156.85,-6.76],[157.09,-6.86],[157.26,-7],[157.33,-7.15],[157.76,-7.24],[158.14,-7.27],[158.44,-7.44],[158.76,-7.48],[159,-7.73],[159.5,-7.94],[159.7,-7.91],[159.89,-7.96],[160.06,-8.13],[160.4,-8.25],[160.35,-8.32],[160.02,-8.31],[159.96,-8.4],[160.08,-8.72],[160.22,-8.93],[160.41,-9.03],[160.52,-9.23],[160.4,-9.32],[160.52,-9.46],[160.65,-9.49],[160.7,-9.65],[160.97,-9.79],[160.99,-9.86],[160.61,-9.97],[160.31,-9.84],[159.98,-9.85],[159.7,-9.73],[159.52,-9.44],[159.59,-9.23],[159.76,-9.23],[159.98,-9.4],[160.18,-9.34],[160.17,-9.22],[159.94,-8.95],[159.75,-8.8],[159.51,-8.54],[159.48,-8.42],[159.17,-8.25],[158.47,-7.71],[157.66,-7.58]],[[150.34,-6.33],[149.62,-6.33],[149.39,-6.11],[149.1,-6.18],[148.58,-6.2],[148.06,-5.92],[147.87,-5.91],[147.65,-5.59],[147.73,-5.42],[148.01,-5.49],[148.16,-5.61],[148.3,-5.56],[148.4,-5.39],[148.61,-5.39],[148.86,-5.48],[149.05,-5.39],[149.22,-5.47],[149.56,-5.33],[149.75,-5.37],[149.97,-5.19],[150.04,-4.97],[150.24,-5.03],[150.51,-5.18],[150.61,-5.39],[150.88,-5.33],[151.11,-5.02],[151.16,-4.87],[151.58,-4.73],[151.42,-4.12],[151.53,-4.05],[151.78,-4.13],[152.08,-4.06],[152.38,-4.24],[152.44,-4.69],[152.31,-4.96],[152.06,-5.07],[152.02,-5.15],[152.17,-5.33],[152.12,-5.48],[151.81,-5.63],[151.62,-5.64],[151.16,-6.02],[150.34,-6.33]],[[147.19,-5.49],[146.98,-5.34],[147.01,-5.21],[147.15,-5.17],[147.29,-5.37],[147.19,-5.49]],[[146.06,-4.73],[145.91,-4.78],[145.87,-4.6],[146.03,-4.5],[146.06,-4.73]],[[149.02,-4.59],[149.17,-4.52],[149.59,-4.66],[149.55,-4.75],[149.02,-4.59]],[[152.58,-4.04],[152.26,-3.59],[151.93,-3.47],[151.6,-3.19],[151.46,-3.15],[151.09,-2.87],[150.93,-2.8],[150.7,-2.79],[150.52,-2.69],[150.16,-2.7],[149.93,-2.48],[150.17,-2.27],[150.29,-2.25],[150.66,-2.54],[150.83,-2.51],[151.32,-2.85],[151.71,-3.04],[151.82,-3.14],[152.08,-3.23],[152.4,-3.56],[152.58,-3.65],[152.65,-3.78],[152.84,-3.85],[153.03,-4.03],[153.17,-4.27],[153.08,-4.5],[153.1,-4.62],[152.93,-4.86],[152.74,-4.72],[152.64,-4.47],[152.66,-4.18],[152.58,-4.04]],[[150.75,-3.05],[150.89,-2.87],[151.01,-3.03],[150.75,-3.05]],[[147.35,-2.55],[147.02,-2.47],[147.09,-2.37],[147.25,-2.48],[147.31,-2.35],[147.57,-2.39],[147.35,-2.55]],[[146.87,-2.41],[146.78,-2.27],[146.54,-2.29],[146.49,-2.4],[146.26,-2.38],[146.14,-2.2],[146.29,-2.03],[146.42,-2.03],[146.61,-1.84],[147.23,-1.9],[147.46,-1.97],[147.34,-2.1],[147.29,-2.26],[146.97,-2.28],[146.87,-2.41]],[[144.22,-1.86],[144.1,-1.87],[144.01,-1.67],[144.27,-1.74],[144.22,-1.86]],[[145.03,-1.64],[144.97,-1.48],[145.12,-1.4],[145.19,-1.56],[145.03,-1.64]],[[144.14,-1.46],[144.15,-1.25],[144.37,-1.04],[144.58,-1.08],[144.34,-1.39],[144.14,-1.46]],[[174.64,-1.18],[174.76,-1.13],[174.89,-1.34],[175.08,-1.42],[175.04,-1.58],[174.84,-1.52],[174.64,-1.18]],[[149.85,-1.59],[149.59,-1.71],[149.5,-1.41],[149.66,-1.32],[149.85,-1.59]],[[153.33,-1.63],[153.59,-1.62],[153.74,-1.88],[153.7,-2.02],[153.55,-2.09],[153.33,-2.09],[153.31,-1.95],[153.13,-1.84],[153.12,-1.74],[153.33,-1.63]],[[147.79,-2.01],[147.93,-2.34],[147.72,-2.29],[147.56,-2.09],[147.79,-2.01]],[[151.9,-2.57],[152.07,-2.63],[151.99,-3],[151.87,-2.75],[151.9,-2.57]],[[154.14,-4.34],[154.29,-4.53],[154.17,-4.61],[154.08,-4.42],[154.14,-4.34]],[[159.45,-4.44],[159.57,-4.59],[159.41,-4.69],[159.3,-4.5],[159.45,-4.44]],[[155.5,-4.68],[155.53,-4.82],[155.29,-4.82],[155.25,-4.68],[155.37,-4.59],[155.5,-4.68]],[[159.15,-5.39],[159.23,-5.08],[159.35,-4.98],[159.52,-5.27],[159.77,-5.44],[159.65,-5.59],[159.44,-5.49],[159.24,-5.49],[159.15,-5.39]],[[160.76,-8.27],[160.85,-8.27],[161.02,-8.59],[161.06,-8.75],[161.38,-9.13],[161.43,-9.3],[161.57,-9.47],[161.58,-9.8],[161.43,-9.76],[161.21,-9.47],[160.84,-9.17],[160.73,-8.96],[160.54,-8.37],[160.76,-8.27]],[[179.1,-8.4],[179.25,-8.57],[179.11,-8.71],[179.02,-8.51],[179.1,-8.4]],[[152.08,-9.53],[151.84,-9.48],[151.85,-9.28],[151.97,-9.25],[152.12,-9.4],[152.08,-9.53]],[[152.62,-9.52],[152.41,-9.25],[152.36,-9.06],[152.46,-8.89],[152.81,-8.92],[153.13,-9.14],[153.37,-9.19],[153.6,-9.16],[153.57,-9.34],[153.27,-9.29],[153.05,-9.3],[152.92,-9.38],[152.74,-9.35],[152.62,-9.52]],[[159.05,-9.01],[159.17,-8.93],[159.34,-9.06],[159.32,-9.15],[159.1,-9.21],[159.05,-9.01]],[[179.63,-10.39],[179.64,-10.6],[179.79,-10.79],[179.72,-10.86],[179.41,-10.46],[179.63,-10.39]],[[166.14,-10.79],[166.07,-10.88],[165.78,-10.91],[165.67,-10.8],[165.71,-10.65],[166.12,-10.61],[166.14,-10.79]],[[162.4,-10.76],[162.14,-10.96],[161.72,-10.75],[161.6,-10.75],[161.4,-10.54],[161.25,-10.32],[161.41,-10.18],[161.63,-10.29],[161.79,-10.24],[161.88,-10.41],[162.11,-10.42],[162.4,-10.76]],[[166.14,-10.33],[166.2,-10.13],[166.38,-10.21],[166.35,-10.33],[166.14,-10.33]],[[175.62,-11.35],[175.77,-11.37],[175.92,-11.49],[175.81,-11.59],[175.55,-11.54],[175.62,-11.35]],[[167.05,-11.64],[166.92,-11.74],[166.74,-11.7],[166.77,-11.51],[167.05,-11.64]],[[160.53,-11.69],[160.49,-11.88],[160.04,-11.63],[160.05,-11.43],[160.53,-11.69]],[[174.14,-11.92],[174,-11.97],[173.92,-11.82],[174.11,-11.76],[174.14,-11.92]],[[144.51,-10.47],[144.32,-10.41],[144.43,-10.06],[144.67,-9.94],[144.73,-10.14],[144.58,-10.29],[144.51,-10.47]],[[145.63,-10.22],[145.45,-10.15],[145.36,-10.03],[145.56,-9.95],[145.77,-10.04],[145.63,-10.22]],[[160,-12.32],[160.09,-12.22],[160.48,-12.55],[160.54,-12.74],[160.47,-12.86],[160.3,-12.74],[160.2,-12.48],[160,-12.32]],[[166.49,-13.04],[166.66,-13.15],[166.74,-13.38],[166.64,-13.48],[166.48,-13.15],[166.49,-13.04]],[[167.48,-13.58],[167.62,-13.65],[167.61,-13.88],[167.4,-13.91],[167.37,-13.75],[167.48,-13.58]],[[167.48,-14.13],[167.65,-14.16],[167.63,-14.35],[167.42,-14.38],[167.48,-14.13]],[[166.56,-15.03],[166.49,-14.84],[166.61,-14.6],[166.81,-14.89],[167.2,-14.93],[167.18,-15.15],[167.33,-15.59],[167.34,-15.85],[167.44,-16.03],[167.81,-16.3],[167.91,-16.67],[167.69,-16.58],[167.47,-16.63],[167.39,-16.52],[167.35,-16.26],[167.16,-16.17],[167.1,-16.04],[167.17,-15.83],[167.04,-15.67],[166.73,-15.65],[166.59,-15.39],[166.62,-15.26],[166.56,-15.03]],[[167.97,-15.42],[167.73,-15.51],[167.78,-15.3],[167.97,-15.25],[167.97,-15.42]],[[168.13,-15.46],[168.2,-15.45],[168.31,-15.98],[168.16,-16],[168.09,-15.66],[168.13,-15.46]],[[168.12,-16.07],[168.19,-16.06],[168.41,-16.52],[168.32,-16.62],[168.49,-16.89],[168.2,-16.85],[168.09,-16.7],[168.19,-16.45],[167.9,-16.28],[168.12,-16.07]],[[152.22,-17.09],[152.19,-17.32],[151.93,-17.42],[151.69,-17.63],[151.57,-17.61],[151.39,-17.76],[151.29,-17.69],[151.44,-17.38],[151.69,-17.25],[151.84,-17.11],[152.22,-17.09]],[[168.29,-17.44],[168.49,-17.43],[168.65,-17.75],[168.58,-17.85],[168.37,-17.85],[168.13,-17.74],[168.18,-17.54],[168.29,-17.44]],[[162.96,-17.89],[163.07,-18.25],[163.39,-18.2],[163.45,-18.35],[163.26,-18.65],[162.84,-18.43],[162.92,-18.3],[162.79,-18.14],[162.96,-17.89]],[[178.54,-18.58],[178.64,-18.8],[178.59,-18.96],[178.43,-19.1],[178.02,-19.22],[177.91,-19.11],[178.15,-18.95],[178.41,-18.86],[178.54,-18.58]],[[169.37,-19.31],[169.53,-19.52],[169.44,-19.69],[169.19,-19.52],[169.25,-19.3],[169.37,-19.31]],[[164.1,-19.78],[164.28,-19.91],[164.66,-20.32],[164.97,-20.58],[165.21,-20.57],[165.32,-20.76],[165.56,-20.9],[165.75,-21.13],[165.97,-21.26],[166.59,-21.69],[166.65,-21.78],[166.98,-21.95],[167.26,-22.43],[167.48,-22.46],[167.65,-22.59],[167.74,-22.89],[167.39,-22.81],[167.24,-22.69],[167.11,-22.73],[167.15,-22.94],[166.94,-23.03],[166.1,-22.21],[165.7,-21.88],[165.38,-21.67],[165.16,-21.59],[164.79,-21.34],[164.58,-21.03],[164.49,-21.04],[164.02,-20.57],[163.84,-20.24],[163.49,-19.87],[163.15,-19.4],[163.08,-19.08],[163.32,-19.03],[163.36,-18.84],[163.57,-18.85],[163.76,-19.08],[163.87,-19.35],[163.97,-19.46],[163.97,-19.61],[164.1,-19.78]],[[166.62,-20.36],[166.71,-20.49],[166.57,-20.72],[166.42,-20.77],[166.16,-20.57],[166.21,-20.47],[166.62,-20.36]],[[167.01,-20.75],[167.08,-20.67],[167.33,-20.7],[167.34,-20.88],[167.5,-21.04],[167.34,-21.2],[167.13,-21.1],[166.99,-20.92],[167.01,-20.75]],[[167.92,-21.34],[168.16,-21.42],[168.16,-21.64],[168.03,-21.69],[167.85,-21.63],[167.77,-21.36],[167.92,-21.34]],[[153.58,-22.1],[153.41,-21.92],[153.49,-21.76],[153.8,-21.59],[153.8,-21.82],[153.58,-22.1]],[[159.28,-21.57],[158.69,-21.38],[158.69,-21.21],[158.5,-20.99],[158.46,-20.81],[158.63,-20.52],[158.84,-20.46],[159.06,-20.57],[159.27,-20.89],[159.22,-21.13],[159.34,-21.38],[159.56,-21.46],[159.61,-21.85],[159.4,-21.91],[159.28,-21.57]],[[160.96,-20.77],[160.76,-20.41],[160.55,-20.28],[160.45,-20.03],[160.65,-20.05],[160.84,-20.2],[161.01,-20.17],[161.36,-20.51],[161.27,-20.75],[161.06,-20.71],[160.96,-20.77]],[[159.02,-19.98],[158.76,-20.19],[158.65,-20.18],[158.48,-20.01],[158.3,-19.92],[158.17,-19.67],[158.39,-19.02],[158.54,-19.07],[158.98,-18.95],[159.11,-19.14],[159.04,-19.42],[158.85,-19.53],[158.66,-19.48],[158.45,-19.67],[158.57,-19.79],[158.62,-20.01],[158.88,-19.85],[159.02,-19.98]],[[152.5,-19.95],[152.59,-20.16],[152.43,-20.18],[152.5,-19.95]],[[151.54,-19.98],[151.7,-19.62],[151.85,-19.55],[152.09,-19.59],[151.89,-19.87],[151.68,-19.89],[151.54,-19.98]],[[152.21,-19.43],[152.12,-19.09],[152.32,-18.93],[152.49,-19.03],[152.62,-19.27],[152.38,-19.29],[152.21,-19.43]],[[161.61,-20.77],[161.81,-20.93],[161.69,-21.04],[161.55,-20.92],[161.61,-20.77]],[[169.18,-19.02],[168.96,-18.88],[168.96,-18.69],[169.07,-18.59],[169.35,-18.69],[169.37,-19],[169.18,-19.02]],[[150.64,-17.82],[150.53,-17.9],[150.27,-17.92],[150.14,-17.67],[149.94,-17.56],[149.94,-17.33],[149.68,-17.08],[150.18,-16.74],[150.2,-16.6],[150.41,-16.5],[150.37,-16.91],[150.08,-17.26],[150.27,-17.35],[150.53,-17.3],[150.77,-17.39],[151.04,-17.34],[151.11,-17.54],[150.64,-17.82]],[[148.46,-17.33],[148.63,-17.57],[148.59,-17.86],[148.38,-17.81],[148.18,-17.43],[148.46,-17.33]],[[148,-16.53],[147.82,-16.58],[147.86,-16.35],[148.03,-16.38],[148,-16.53]],[[149.75,-16.35],[149.81,-16.22],[150.01,-16.08],[150.07,-16.24],[149.9,-16.44],[149.75,-16.35]],[[149.69,-16.21],[149.56,-16.28],[149.51,-16.03],[149.75,-15.79],[149.69,-16.21]],[[159.39,-24.19],[159.27,-24.02],[159.53,-23.96],[159.6,-24.09],[159.39,-24.19]],[[159.65,-25.6],[159.52,-25.49],[159.55,-25.34],[159.47,-25.14],[159.51,-24.93],[159.44,-24.69],[159.63,-24.69],[159.68,-24.83],[159.87,-25.02],[159.92,-25.22],[159.65,-25.6]],[[167.81,-29.35],[167.79,-28.99],[167.72,-28.84],[167.85,-28.73],[168.06,-28.76],[168.27,-29.17],[168.14,-29.38],[168.2,-29.66],[167.96,-29.61],[167.81,-29.35]],[[167.47,-32.47],[167.71,-32.52],[167.48,-32.69],[167.47,-32.47]],[[172.42,-34.05],[172.74,-34.03],[173.31,-34.48],[173.44,-34.63],[173.84,-34.75],[174.25,-35.01],[174.35,-35.01],[174.94,-35.42],[174.99,-35.59],[175.53,-35.76],[175.71,-35.95],[175.96,-36.06],[176.01,-36.4],[176.23,-36.79],[176.17,-37.15],[176.53,-37.39],[176.55,-37.51],[176.89,-37.64],[177,-37.46],[177.25,-37.67],[177.42,-37.54],[177.64,-37.58],[178.17,-37.44],[178.4,-37.52],[178.71,-37.53],[178.9,-37.43],[179.02,-37.64],[178.76,-37.84],[178.69,-38.06],[178.78,-38.23],[178.65,-38.57],[178.24,-38.91],[178.04,-39.18],[178.2,-39.3],[178.16,-39.45],[177.73,-39.67],[177.43,-39.74],[177.12,-40],[177.05,-40.23],[176.87,-40.35],[176.81,-40.6],[176.58,-40.73],[176.5,-40.97],[176.29,-41.2],[176.04,-41.37],[175.48,-41.62],[175.14,-41.65],[174.96,-41.46],[174.78,-41.55],[174.85,-41.7],[174.78,-41.87],[174.44,-41.99],[173.6,-42.6],[173.69,-42.67],[173.65,-43.2],[173.98,-43.53],[174,-43.82],[173.38,-44.27],[172.8,-44.52],[171.81,-45.02],[171.09,-45.64],[171.09,-45.83],[170.96,-46.1],[170.31,-46.48],[170.14,-46.67],[169.57,-47.01],[169.16,-47.38],[168.92,-47.39],[168.95,-47.57],[168.73,-47.87],[168.14,-47.85],[168.03,-47.97],[168.28,-48.11],[168.3,-48.24],[167.89,-48.43],[167.53,-48.74],[167.04,-48.97],[166.69,-48.9],[166.39,-48.7],[166.33,-48.54],[166.64,-48.55],[166.85,-48.38],[166.47,-48.16],[166.6,-47.93],[166.43,-47.85],[166.82,-47.68],[167.07,-47.36],[167.12,-47.15],[167.29,-46.87],[167.1,-46.54],[166.82,-46.5],[166.36,-46.06],[166.35,-45.81],[166.74,-45.4],[166.88,-45.19],[167.26,-44.85],[167.85,-44.43],[168.02,-44.21],[168.35,-43.94],[168.59,-43.93],[168.66,-43.75],[168.9,-43.76],[169.22,-43.64],[169.29,-43.46],[169.69,-43.33],[169.82,-43.13],[170.07,-42.93],[170.09,-42.75],[170.3,-42.6],[170.77,-42.56],[170.91,-42.16],[170.75,-42.1],[170.79,-41.77],[171.03,-41.53],[171.07,-41.22],[171.28,-41.01],[171.59,-40.8],[171.88,-40.48],[172.38,-40.14],[172.54,-39.91],[172.58,-39.67],[172.35,-39.45],[172.37,-39.21],[172.52,-39.07],[172.52,-38.9],[172.75,-38.6],[172.93,-38.47],[173.26,-38.44],[173.48,-38.29],[173.6,-38.3],[174.05,-37.96],[174.18,-37.47],[174.08,-37.1],[173.99,-36.99],[173.93,-36.69],[173.57,-36.04],[173.34,-35.92],[173.3,-35.68],[173.13,-35.62],[172.93,-35.37],[172.49,-35.05],[172.23,-34.68],[172.23,-34.52],[171.94,-34.23],[172.04,-34.11],[172.26,-34.17],[172.42,-34.05]],[[175.45,-43.05],[175.67,-43.14],[175.67,-43.38],[175.46,-43.57],[175.1,-43.55],[174.94,-43.28],[175.11,-43.05],[175.45,-43.05]],[[175.93,-44.36],[175.95,-44.11],[176.19,-44.22],[175.93,-44.36]],[[179.41,-47.34],[179.63,-47.66],[179.83,-47.69],[179.72,-48.21],[179.37,-48.25],[179.35,-48.14],[179.54,-47.98],[178.93,-47.99],[178.81,-47.94],[179,-47.35],[179.22,-47.41],[179.41,-47.34]],[[166.19,-46.63],[166.03,-46.79],[165.86,-46.6],[165.99,-46.37],[165.92,-46.25],[166.04,-46.05],[166.28,-46.09],[166.19,-46.63]],[[171.6,-49.43],[171.58,-49.23],[171.84,-49.06],[172.11,-49.21],[172.09,-49.39],[171.88,-49.53],[171.6,-49.43]],[[166.09,-49.61],[166.29,-49.55],[166.66,-49.79],[166.94,-49.68],[167.15,-49.8],[167.41,-49.79],[167.65,-49.99],[167.85,-50.02],[167.79,-50.26],[166.88,-50.78],[166.75,-50.93],[166.34,-51.05],[165.8,-50.87],[165.73,-50.63],[165.87,-50.44],[166.18,-50.27],[166.2,-50.1],[166.09,-49.61]],[[165.52,-51.51],[165.39,-51.35],[165.6,-51.18],[165.85,-51.31],[165.69,-51.49],[165.52,-51.51]],[[169.88,-51.97],[170.24,-52.03],[169.99,-52.45],[170.07,-52.78],[170.18,-52.96],[170,-53.17],[169.46,-53.06],[169.3,-52.89],[169.11,-52.89],[168.75,-52.7],[168.66,-52.54],[168.85,-52.29],[168.88,-52.05],[169.24,-51.98],[169.4,-52.09],[169.64,-52.08],[169.88,-51.97]],[[171.44,-53],[171.47,-52.83],[171.68,-52.56],[171.96,-52.55],[172.01,-52.68],[171.74,-52.96],[171.44,-53]],[[162.32,-66.43],[163.18,-66.65],[163.42,-66.79],[163.23,-66.9],[162.32,-66.43]],[[164.61,-67.58],[164.41,-67.37],[164.81,-67.24],[165.08,-67.41],[164.61,-67.58]],[[154.99,-68.04],[155.58,-68.15],[155.36,-68.36],[154.89,-68.2],[154.99,-68.04]],[[169.43,-70.87],[169.72,-70.93],[169.73,-71.23],[169.18,-71.21],[169.04,-71.02],[169.43,-70.87]],[[179.43,-17.72],[179.48,-17.88],[179.32,-18.2],[179.16,-18.06],[179.28,-17.77],[179.43,-17.72]],[[174.29,-0.82],[174.14,-0.71],[174.26,-0.5],[174.5,-0.64],[174.5,-0.84],[174.29,-0.82]],[[134.88,-1.24],[134.76,-1.13],[134.79,-0.95],[134.98,-0.92],[135.08,-1.07],[134.88,-1.24]]]},"properties":{"scalerank":0,"featurecla":"Bathymetry","depth":200}},
{"type":"Feature","geometry":{"type":"Polygon","coordinates":[[[111.29,-8.41],[110.91,-8.34],[110.68,-8.44],[110.52,-8.26],[110.25,-8.19],[110.09,-8.09],[109.93,-8.11],[109.71,-8.01],[109.04,-8.18],[108.92,-8.08],[108.78,-8.16],[108.26,-8.01],[107.9,-7.87],[107.75,-7.69],[107.44,-7.55],[107.03,-7.48],[106.87,-7.57],[106.49,-7.56],[106.35,-7.24],[106.38,-7.06],[106.19,-7.04],[105.95,-6.95],[105.6,-7.07],[105.34,-7.04],[105.09,-6.64],[105.25,-6.4],[105.25,-5.96],[105.01,-5.78],[104.75,-5.94],[104.8,-6.26],[104.59,-6.25],[104.41,-5.92],[104.17,-5.59],[103.66,-5.11],[103.29,-4.9],[103.18,-4.72],[102.87,-4.63],[102.73,-4.65],[102.41,-4.55],[102.22,-4.34],[102.05,-4.07],[102.03,-3.86],[101.77,-3.76],[101.24,-3.07],[101.24,-2.92],[100.61,-2.06],[100.35,-1.48],[100.35,-1.37],[100.17,-1.09],[100.16,-0.94],[99.95,-0.89],[99.87,-0.74],[99.64,-0.55],[99.15,-0.36],[98.72,-0.48],[98.91,-0.84],[99.03,-1],[99.1,-1.24],[99.5,-1.84],[99.72,-2.04],[99.94,-2.41],[100.09,-2.47],[100.42,-2.9],[100.93,-3.69],[100.95,-3.83],[101.12,-3.93],[101.46,-4.5],[101.33,-4.53],[101.13,-4.33],[100.89,-4.03],[100.85,-3.84],[100.7,-3.77],[100.61,-3.62],[100.13,-3.12],[100.1,-2.96],[99.93,-2.84],[99.85,-2.56],[99.55,-2.33],[99.46,-2.15],[99.23,-1.91],[98.98,-1.9],[98.74,-1.7],[98.45,-1.17],[98.6,-0.93],[98.6,-0.68],[98.3,-0.68],[98.24,-0.25],[97.8,-0.17],[97.78,-0.04],[98.13,-0.05],[98.32,0.21],[98.24,0.67],[98.26,1.18],[97.86,1.87],[97.64,1.93],[97.52,1.84],[97.57,1.41],[97.73,1.22],[97.96,1.15],[98.06,1.01],[98.06,0.72],[97.93,0.42],[97.78,0.3],[97.61,0.51],[97.58,0.73],[97.3,0.79],[97.16,1.1],[97.06,1.21],[97.03,1.42],[97.39,1.65],[97.42,1.85],[97.01,1.81],[96.87,2.08],[96.65,2.02],[96.58,2.22],[96.47,2.29],[96.13,2.32],[96.01,2.46],[95.63,2.61],[95.55,2.92],[95.76,3.01],[95.94,3],[95.99,2.88],[96.2,2.71],[96.34,2.72],[96.45,2.54],[96.61,2.45],[96.7,2.28],[96.97,2.31],[97.38,2.47],[97.33,2.79],[97.19,2.88],[97.04,3.17],[97.06,3.3],[96.9,3.42],[96.63,3.51],[96.46,3.51],[96.12,3.65],[95.67,3.99],[95.63,4.14],[95.33,4.48],[95.14,4.93],[95.02,5.33],[94.97,5.65],[94.86,5.74],[94.88,5.91],[95.19,5.87],[95.34,5.93],[95.48,5.69],[95.98,5.53],[96.15,5.37],[96.4,5.34],[96.61,5.26],[96.95,5.33],[97.14,5.31],[97.42,5.53],[97.6,5.9],[97.7,6.18],[97.84,6.26],[98.03,6.46],[98.08,6.63],[98.25,6.76],[98.14,7.23],[97.95,7.47],[97.85,7.93],[97.71,8.12],[97.56,8.13],[97.56,8.38],[97.45,8.56],[97.47,8.87],[97.43,9.09],[97.24,9.28],[97.33,9.61],[97.3,9.89],[97.35,10.11],[97.33,10.46],[97.41,10.67],[97.33,10.82],[97.37,10.97],[97.19,11.22],[97.21,11.48],[97.02,11.55],[97.1,11.7],[97.02,11.89],[97.08,12.03],[97,12.2],[96.99,12.52],[96.83,12.76],[96.56,13.01],[96.49,13.37],[96.32,13.66],[95.87,13.9],[95.56,13.92],[95.2,14.08],[95,14.13],[94.46,14.1],[94.21,14.23],[94.1,14.42],[93.84,14.47],[93.44,14.68],[93.39,14.78],[93.63,15.12],[93.65,15.54],[93.72,15.68],[93.66,16.14],[93.89,16.23],[94,16.56],[93.93,16.77],[94.23,17.17],[94.16,17.38],[94.16,17.62],[93.87,17.96],[93.82,18.11],[93.54,18.36],[93.38,18.76],[93.07,19.03],[92.96,19.24],[92.7,19.55],[92.27,19.68],[92.08,19.94],[91.22,20.09],[90.77,20.12],[90.49,20.09],[90.1,20.19],[89.55,20.24],[89.42,20.3],[89.25,20.51],[89.19,20.69],[89.31,21.01],[89.17,20.98],[89.02,20.79],[89.06,20.66],[88.86,20.45],[88.17,20.2],[87.74,20.28],[87.1,20.05],[86.93,20.05],[86.6,19.78],[86.05,19.54],[85.82,19.51],[85.4,19.16],[85.35,18.97],[85.23,18.96],[85.05,18.78],[85,18.64],[84.73,18.39],[84.58,18.32],[84.22,17.96],[84.13,17.93],[83.72,17.5],[83.26,17.12],[83.1,17.08],[82.76,16.83],[82.57,16.76],[82.18,16.28],[81.95,16.15],[81.53,16.07],[81.39,15.87],[81.01,15.61],[80.86,15.58],[80.59,15.31],[80.44,15.03],[80.36,14.67],[80.41,14.54],[80.34,14.34],[80.43,14.14],[80.5,13.66],[80.6,13.4],[80.62,12.94],[80.71,12.6],[80.48,12.29],[80.22,12.12],[80.13,11.93],[79.97,11.79],[80.02,11.36],[80.23,10.96],[80.24,10.76],[80.4,10.48],[80.55,10.46],[80.69,10.25],[80.89,9.8],[80.91,9.51],[81.1,9.05],[81.22,8.9],[81.32,8.62],[81.49,8.54],[81.78,7.9],[81.91,7.75],[81.99,7.37],[82.01,6.7],[81.95,6.56],[81.77,6.4],[81.74,6.23],[81.32,5.89],[80.52,5.86],[80.11,5.83],[79.89,6],[79.82,6.28],[79.72,6.44],[79.72,6.61],[79.61,6.85],[79.64,8.04],[79.61,8.17],[79.69,8.45],[79.44,8.9],[79.2,8.99],[78.82,8.9],[78.64,8.8],[78.46,8.59],[78.32,8.05],[77.94,7.53],[77.92,7.37],[77.6,7.25],[77.26,7.19],[76.98,7.27],[76.81,7.47],[76.69,7.85],[76.71,8.05],[76.57,8.31],[76,8.86],[75.8,9.49],[75.67,9.63],[75.59,9.91],[75.66,10.25],[75.46,10.45],[75.38,10.61],[74.93,11.26],[74.62,11.57],[74.48,11.78],[74.43,11.98],[74.13,12.75],[73.97,12.97],[73.84,13.04],[73.59,13.3],[73.47,13.5],[73.4,13.8],[73.42,14.01],[72.93,15.23],[72.68,15.96],[72.44,16.13],[72.37,16.47],[72.24,16.55],[72.13,16.78],[71.81,17.27],[71.58,17.35],[71.48,17.46],[71.31,17.5],[70.85,17.83],[70.66,18.17],[70.35,18.64],[70.35,18.82],[70.19,18.84],[70.04,19.01],[69.73,19.28],[69.51,19.71],[69.51,19.95],[69.41,20.36],[69.22,20.81],[69.23,20.95],[68.77,21.2],[68.29,21.29],[68.07,21.45],[68.02,21.85],[67.63,22.22],[67.04,22.73],[66.97,23.07],[66.76,23.12],[66.51,23.4],[65.94,24.24],[65.82,24.36],[65.91,24.53],[66.08,24.68],[66.01,24.89],[65.64,24.92],[65.3,25.11],[65.11,25.15],[64.88,25.04],[64.31,24.94],[64.13,24.99],[63.8,24.82],[63.63,24.94],[63,24.92],[62.39,25.02],[62.13,24.87],[62.02,24.92],[61.55,24.78],[61.18,24.91],[60.98,25.08],[60.79,25.08],[60.71,25.23],[60.5,25.07],[60.24,25.1],[59.89,25.26],[59.6,25.25],[59.41,25.18],[59.14,25.2],[58.85,25.31],[58.47,25.25],[57.89,25.58],[57.6,25.46],[57.43,25.57],[57.2,25.64],[56.72,25.18],[56.65,24.96],[56.88,24.59],[57.22,24.41],[57.56,24.2],[57.63,24.03],[57.86,23.95],[58.35,23.91],[58.52,23.83],[58.68,23.64],[58.79,23.61],[58.97,23.38],[59.03,23.2],[59.26,22.96],[59.33,22.8],[59.5,22.66],[59.81,22.58],[59.91,22.3],[59.76,22.07],[59.77,21.81],[59.51,21.21],[59.5,21.03],[59.35,20.7],[58.97,20.25],[58.83,20.24],[58.66,20.05],[58.54,19.73],[58.29,19.53],[58.15,19.12],[57.97,18.86],[57.86,18.8],[57.44,18.25],[57.32,17.91],[57.08,17.6],[56.27,17.66],[56.46,17.49],[56.05,17.45],[55.8,17.49],[55.62,17.45],[55.39,17.53],[55.22,17.1],[55.04,16.99],[54.82,16.92],[54.6,17],[54.35,16.97],[54.15,16.78],[53.81,16.71],[53.49,16.72],[53.31,16.61],[52.94,16.57],[52.67,16.39],[52.54,16.4],[52.33,16.09],[52.44,15.8],[52.29,15.73],[52.23,15.57],[52.04,15.49],[52.09,15.37],[52.28,15.29],[51.97,15.15],[51.59,15.05],[51.35,15.18],[51.08,15.08],[50.9,15.08],[50.78,14.93],[50.66,15.03],[50.22,14.81],[49.97,14.81],[49.36,14.61],[49.1,14.44],[49.02,14.28],[48.76,14.01],[48.58,13.89],[48.3,13.97],[47.9,13.81],[47.77,13.85],[47.41,13.63],[47.26,13.44],[47.07,13.54],[46.85,13.47],[46.71,13.32],[46.48,13.26],[46.32,13.35],[46.2,13.26],[46,13.37],[45.79,13.31],[45.64,13.08],[45.15,12.63],[44.78,12.44],[44.17,12.35],[43.78,12.41],[43.51,12.54],[43.56,12.2],[43.49,12.04],[43.23,11.93],[43.28,11.77],[43.69,11.62],[43.73,11.46],[43.87,11.37],[43.81,11.21],[44.11,10.75],[44.35,10.6],[44.54,10.61],[44.96,10.49],[45.13,10.56],[45.39,10.76],[45.67,10.9],[45.97,10.93],[46.11,10.83],[46.57,10.78],[46.72,10.84],[47.09,11.08],[47.28,11.3],[47.77,11.17],[48.15,11.21],[48.52,11.39],[48.68,11.4],[49,11.33],[49.61,11.52],[49.83,11.53],[50.08,11.64],[50.24,11.63],[50.44,11.78],[50.58,12.01],[50.85,12.06],[51.27,11.91],[51.63,11.83],[51.75,11.66],[51.65,11.48],[51.46,11.33],[51.32,11.03],[51.46,10.79],[51.59,10.73],[51.7,10.53],[51.61,10.3],[51.46,10.11],[51.39,9.81],[51.23,9.79],[50.47,8.63],[50.37,8.3],[50.13,7.84],[49.61,6.97],[49.2,6.13],[49.15,5.9],[48.86,5.6],[48.54,4.92],[48.41,4.82],[48.19,4.5],[48.1,4.16],[47.77,3.87],[47.61,3.7],[47.24,3.37],[46.97,3.2],[46.6,2.82],[46.32,2.61],[46.07,2.34],[45.46,1.97],[45.1,1.85],[44.84,1.67],[45.77,1.31],[46.71,0.95],[47.64,0.59],[49.04,0.05],[49.97,-0.3],[50.91,-0.66],[51.84,-1.02],[52.77,-1.38],[53.71,-1.74],[54.64,-2.1],[55.57,-2.45],[56.51,-2.81],[57.44,-3.17],[58.37,-3.53],[59.31,-3.89],[60.24,-4.25],[61.17,-4.6],[62.11,-4.96],[63.04,-5.32],[63.97,-5.68],[64.91,-6.04],[65.84,-6.4],[66.77,-6.75],[67.71,-7.11],[68.64,-7.47],[69.57,-7.83],[70.51,-8.19],[71.44,-8.55],[72.37,-8.9],[73.31,-9.26],[74.24,-9.62],[75.17,-9.98],[76.11,-10.34],[77.04,-10.69],[77.97,-11.05],[78.91,-11.41],[79.84,-11.77],[80.77,-12.13],[81.71,-12.49],[82.64,-12.84],[83.57,-13.2],[84.51,-13.56],[85.44,-13.92],[86.37,-14.28],[87.31,-14.64],[88.24,-14.99],[89.17,-15.35],[90.11,-15.71],[91.04,-16.07],[91.97,-16.43],[92.91,-16.79],[93.84,-17.14],[94.77,-17.5],[95.71,-17.86],[96.64,-18.22],[97.57,-18.58],[98.51,-18.94],[99.44,-19.29],[100.37,-19.65],[101.31,-20.01],[102.24,-20.37],[103.17,-20.73],[104.11,-21.08],[105.04,-21.44],[105.97,-21.8],[106.91,-22.16],[107.84,-22.52],[108.77,-22.88],[109.71,-23.23],[110.64,-23.59],[111.57,-23.95],[112.51,-24.31],[112.68,-24.05],[113.2,-23.41],[113.45,-22.87],[113.43,-22.59],[113.6,-22.28],[113.63,-22.08],[113.75,-21.98],[113.87,-21.73],[114.04,-21.6],[114.2,-21.4],[114.55,-21.2],[114.72,-21.01],[114.83,-20.46],[115.06,-20.09],[115.49,-19.63],[115.59,-19.6],[115.23,-18.67],[114.87,-17.74],[114.51,-16.8],[114.15,-15.87],[113.8,-14.94],[113.44,-14],[113.08,-13.07],[112.72,-12.14],[112.36,-11.2],[112,-10.27],[111.65,-9.34],[111.29,-8.41]],[[72.06,16.66],[72.24,16.45],[72.1,16.31],[71.96,16.58],[72.06,16.66]],[[72.39,12.73],[72.41,12.91],[72.31,13.13],[72.34,13.35],[72.51,13.25],[72.51,12.98],[72.72,12.81],[72.73,12.54],[72.6,12.57],[72.39,12.73]],[[53.05,11.57],[52.67,11.63],[52.47,11.89],[52.43,12.05],[52.25,12.06],[51.88,12.24],[52.02,12.3],[52.3,12.25],[52.59,12.27],[52.65,12.12],[53.08,12.21],[53.23,12.17],[53.44,12.29],[53.43,12.41],[53.28,12.54],[53.51,12.75],[53.74,12.75],[53.94,12.83],[54.09,12.73],[54.55,12.59],[54.69,12.48],[54.32,12.28],[54.26,12.41],[54.02,12.23],[53.88,11.95],[53.65,11.93],[53.35,11.83],[53.05,11.57]],[[72.61,10.78],[72.47,10.86],[72.66,11.12],[72.68,10.85],[72.61,10.78]],[[72.94,4.98],[72.77,5.08],[72.81,5.42],[72.74,5.54],[72.94,6.13],[72.82,6.44],[72.9,6.9],[72.77,7.03],[72.95,7.11],[73.08,7],[73.33,6.99],[73.3,6.82],[73.11,6.56],[73.31,6.25],[73.32,6.08],[73.52,5.85],[73.37,5.6],[73.11,5.64],[73.11,5.42],[73.2,5.27],[73.15,5.06],[72.94,4.98]],[[73.46,5.6],[73.66,5.45],[73.59,5.21],[73.27,5.36],[73.46,5.6]],[[72.71,6.47],[72.64,6.16],[72.53,6.3],[72.71,6.47]],[[73.31,3.38],[73.22,3.52],[73.32,3.74],[73.31,3.99],[73.37,4.14],[73.3,4.28],[73.34,4.77],[73.52,4.78],[73.76,4.45],[73.56,4.22],[73.52,3.74],[73.62,3.51],[73.77,3.38],[73.55,3.23],[73.71,3.11],[73.64,2.89],[73.4,2.73],[73.33,2.76],[73.28,3.03],[73.31,3.38]],[[73.12,2.14],[72.91,2.2],[72.86,2.41],[72.92,2.58],[72.77,2.8],[72.82,2.97],[72.81,3.4],[72.65,3.55],[72.66,4.12],[72.69,4.27],[72.85,4.47],[73.06,4.35],[73.02,4.1],[73.03,3.66],[72.93,3.4],[73.11,3.22],[73.06,3.06],[73.05,2.61],[73.33,2.57],[73.37,2.31],[73.12,2.14]],[[73.43,1.78],[73.28,1.76],[73.2,1.91],[73.33,2.07],[73.61,2.14],[73.57,1.83],[73.43,1.78]],[[73.47,0.73],[73.61,0.42],[73.47,0.22],[73.22,0.15],[72.94,0.29],[72.9,0.51],[73.05,0.69],[73.11,0.88],[73.22,0.95],[73.46,0.88],[73.47,0.73]],[[72.18,-5.15],[72.27,-4.81],[72.41,-4.69],[72.51,-4.92],[72.36,-5.1],[72.18,-5.15]],[[102.31,-5.65],[102.11,-5.49],[102.07,-5.24],[102.28,-5.24],[102.42,-5.34],[102.53,-5.54],[102.31,-5.65]],[[72.15,-6.83],[71.92,-6.68],[71.53,-6.67],[71.37,-6.72],[71.22,-6.46],[71.31,-6.13],[71.49,-6.08],[71.59,-5.8],[71.8,-5.81],[72.01,-5.65],[72.64,-5.66],[72.79,-5.88],[72.74,-6.13],[72.56,-6.31],[72.41,-6.55],[72.36,-6.88],[72.15,-6.83]],[[71.53,-7.6],[71.38,-7.36],[71.21,-7.24],[70.99,-7.18],[71.05,-6.89],[71.27,-6.84],[71.55,-7.04],[71.57,-7.33],[71.53,-7.6]],[[71.95,-5.44],[71.81,-5.49],[71.65,-5.35],[71.72,-5.13],[72.03,-5.28],[71.95,-5.44]],[[93.64,7.65],[93.89,7.28],[94.01,6.95],[93.9,6.67],[93.89,6.48],[93.77,6.47],[93.51,6.98],[93.46,7.49],[93.64,7.65]],[[93.5,7.63],[93.39,7.67],[93.2,7.85],[93.26,8.01],[93.08,8.19],[92.96,8.55],[93.03,8.57],[93.28,8.27],[93.43,8.44],[93.65,8.57],[93.71,8.08],[93.51,7.85],[93.5,7.63]],[[92.79,9.39],[92.91,9.18],[92.8,8.94],[92.64,9.16],[92.65,9.3],[92.79,9.39]],[[92.72,10.85],[92.75,10.55],[92.68,10.42],[92.51,10.37],[92.21,10.38],[92.1,10.56],[92.22,10.82],[92.19,11.06],[92.37,10.97],[92.44,11.13],[92.34,11.38],[92.18,11.46],[92.15,11.63],[92.29,11.71],[92.26,11.97],[92.26,12.35],[92.4,12.86],[92.38,13.24],[92.6,13.5],[92.67,13.75],[92.89,13.8],[93.17,14.21],[93.49,14.43],[93.55,14.29],[93.39,13.81],[93.25,13.64],[93.2,13.35],[93.1,13.13],[93.07,12.69],[93.26,12.28],[93.26,12.15],[93.15,11.78],[92.83,11.68],[92.78,11.55],[92.76,11],[92.72,10.85]],[[93.43,11.37],[93.58,11.48],[93.58,11.19],[93.45,10.97],[93.38,11.23],[93.43,11.37]]]},"properties":{"scalerank":0,"featurecla":"Bathymetry","depth":200}},
{"type":"Feature","geometry":null,"properties":{"scalerank":0,"featurecla":"Bathymetry","depth":200}},
{"type":"Feature","geometry":{"type":"Polygon","coordinates":[[[96.98,13.01],[97,13.24],[96.92,13.3],[96.91,12.99],[96.98,13.01]]]},"properties":{"scalerank":0,"featurecla":"Bathymetry","depth":200}},
{"type":"Feature","geometry":{"type":"Polygon","coordinates":[[[-180,11],[-180,10],[-180,9],[-180,7.5],[-180,6.5],[-180,5.5],[-180,4.5],[-180,3],[-180,1.25],[-180,0.25],[-180,-1],[-180,-2],[-180,-3],[-180,-4],[-180,-5],[-180,-6],[-180,-7.5],[-180,-8.5],[-180,-9.5],[-180,-10.5],[-180,-11.73],[-179.86,-11.61],[-179.73,-11.66],[-179.4,-12.07],[-179.35,-12.23],[-179.39,-12.37],[-179.59,-12.31],[-179.76,-12.14],[-179.71,-11.99],[-180,-11.8],[-180,-13],[-180,-14],[-180,-15],[-180,-16.09],[-179.51,-16.03],[-179.23,-15.91],[-179.14,-16.13],[-179.24,-16.33],[-179.39,-16.4],[-179.35,-16.6],[-179.42,-16.75],[-179.62,-16.21],[-179.8,-16.17],[-180,-16.21],[-179.78,-16.46],[-179.78,-16.62],[-179.62,-16.8],[-180,-16.99],[-180,-18.48],[-179.96,-18.64],[-179.98,-18.69],[-180,-18.71],[-180,-20],[-180,-21],[-180,-22],[-180,-23],[-180,-24],[-180,-25],[-180,-26.5],[-180,-28],[-180,-29.5],[-180,-31],[-180,-32.5],[-180,-33.5],[-180,-34.5],[-180,-35.5],[-180,-36.5],[-180,-37.5],[-180,-38.5],[-180,-40],[-180,-41],[-180,-42],[-180,-43],[-180,-44.5],[-180,-45.5],[-180,-47],[-180,-48],[-180,-49],[-180,-50.5],[-180,-51.5],[-180,-52.5],[-180,-54],[-180,-55],[-180,-56.5],[-180,-57.5],[-180,-59],[-180,-60],[-180,-61],[-180,-62],[-180,-63.5],[-180,-64.5],[-180,-65.5],[-180,-66.5],[-180,-67.5],[-180,-68.5],[-180,-69.5],[-180,-71],[-180,-72],[-180,-73],[-180,-74.5],[-180,-76],[-180,-77],[-180,-77.87],[-176.86,-78.12],[-176.91,-78.27],[-172.98,-78.38],[-169.04,-78.5],[-165.11,-78.61],[-162.44,-78.48],[-158.87,-77.92],[-158.42,-77.47],[-158.4,-77.2],[-158.65,-76.96],[-157.94,-76.96],[-157.08,-77.05],[-154.27,-77.01],[-153.07,-77.19],[-151.98,-77.12],[-151.72,-76.92],[-152.13,-76.46],[-153.28,-76.43],[-153.83,-76.27],[-152.5,-76.29],[-151.67,-76.12],[-151.19,-76.19],[-150.93,-76.41],[-150.19,-76.41],[-149.59,-76.25],[-149.92,-76],[-149.78,-75.65],[-149.15,-75.62],[-148.53,-75.47],[-147.88,-75.52],[-146.86,-75.24],[-145.92,-75.18],[-145.37,-75.06],[-145.24,-75.38],[-144.26,-75.33],[-143.71,-75.38],[-142.95,-75.2],[-142.91,-75.11],[-143.67,-74.85],[-143.37,-74.8],[-142.83,-75.07],[-143,-75.37],[-142.44,-75.41],[-142.64,-75.08],[-141.86,-75.03],[-141.27,-75.44],[-140.95,-75.44],[-140.1,-75.13],[-139.21,-75.02],[-137.24,-74.92],[-136.41,-74.6],[-135.48,-74.52],[-134.68,-74.56],[-133.03,-74.43],[-132.65,-74.35],[-131.56,-74.3],[-129.98,-74.42],[-128.7,-74.34],[-128.11,-74.2],[-127.56,-73.93],[-127.39,-73.75],[-127.58,-73.39],[-126.97,-73.17],[-126.49,-73.18],[-125.54,-73.41],[-125.28,-73.58],[-124.84,-73.54],[-124,-73.86],[-123.47,-73.84],[-123.21,-73.65],[-121.68,-73.66],[-119.63,-73.77],[-118.91,-73.77],[-118.66,-73.95],[-117.38,-74.05],[-116.23,-73.84],[-115.91,-73.99],[-115.2,-74.1],[-114.92,-73.93],[-114.23,-73.82],[-113.51,-73.99],[-113.3,-74.17],[-112.03,-74.22],[-111.52,-74.04],[-110.96,-74.04],[-110.21,-74.18],[-110.09,-74.45],[-108.98,-75],[-108.28,-75],[-108.64,-74.7],[-108.61,-74.45],[-107.75,-74.3],[-108.12,-72.84],[-108.36,-71.88],[-108.6,-70.91],[-108.84,-69.94],[-109.08,-68.97],[-109.33,-68.01],[-109.57,-67.04],[-109.81,-66.07],[-110.05,-65.1],[-110.29,-64.14],[-110.54,-63.17],[-110.78,-62.2],[-111.02,-61.23],[-111.26,-60.27],[-111.5,-59.3],[-111.74,-58.33],[-111.99,-57.36],[-112.23,-56.4],[-112.47,-55.43],[-112.71,-54.46],[-112.95,-53.5],[-113.2,-52.53],[-113.44,-51.56],[-113.68,-50.59],[-113.92,-49.63],[-114.16,-48.66],[-114.41,-47.69],[-114.65,-46.72],[-114.89,-45.76],[-115.13,-44.79],[-115.37,-43.82],[-115.61,-42.85],[-115.86,-41.89],[-116.1,-40.92],[-116.34,-39.95],[-116.58,-38.98],[-116.82,-38.02],[-117.07,-37.05],[-117.31,-36.08],[-117.55,-35.11],[-117.79,-34.15],[-118.03,-33.18],[-118.28,-32.21],[-118.52,-31.24],[-118.76,-30.28],[-119,-29.31],[-119.24,-28.34],[-119.48,-27.37],[-119.73,-26.41],[-119.97,-25.44],[-120.21,-24.47],[-120.45,-23.5],[-120.69,-22.54],[-120.94,-21.57],[-121.18,-20.6],[-121.42,-19.63],[-121.66,-18.67],[-121.9,-17.7],[-122.14,-16.73],[-122.39,-15.76],[-122.63,-14.8],[-122.87,-13.83],[-123.11,-12.86],[-123.35,-11.89],[-123.6,-10.93],[-123.84,-9.96],[-124.08,-8.99],[-124.32,-8.03],[-124.56,-7.06],[-124.81,-6.09],[-125.05,-5.12],[-125.29,-4.16],[-125.53,-3.19],[-125.77,-2.22],[-126.01,-1.25],[-126.26,-0.29],[-126.5,0.68],[-126.74,1.65],[-126.98,2.62],[-127.22,3.58],[-127.47,4.55],[-127.71,5.52],[-127.95,6.49],[-128.19,7.45],[-128.43,8.42],[-128.68,9.39],[-128.92,10.36],[-129.16,11.32],[-129.4,12.29],[-129.64,13.26],[-129.88,14.23],[-130.13,15.19],[-130.37,16.16],[-130.61,17.13],[-130.85,18.1],[-131.09,19.06],[-131.34,20.03],[-131.58,21],[-131.82,21.97],[-132.06,22.93],[-133.01,22.65],[-133.96,22.37],[-134.92,22.09],[-135.87,21.81],[-136.82,21.53],[-137.77,21.24],[-138.72,20.96],[-139.67,20.68],[-140.63,20.4],[-141.58,20.12],[-142.53,19.84],[-143.48,19.56],[-144.43,19.27],[-145.38,18.99],[-146.33,18.71],[-147.29,18.43],[-148.24,18.15],[-149.19,17.87],[-150.14,17.59],[-151.09,17.3],[-152.04,17.02],[-153,16.74],[-153.95,16.46],[-154.9,16.18],[-155.85,15.9],[-156.8,15.61],[-157.75,15.33],[-158.71,15.05],[-159.66,14.77],[-160.61,14.49],[-161.56,14.21],[-162.51,13.93],[-163.46,13.64],[-164.42,13.36],[-165.37,13.08],[-166.32,12.8],[-167.27,12.52],[-168.22,12.24],[-169.17,11.96],[-170.12,11.67],[-171.08,11.39],[-172.07,11.35],[-173.06,11.31],[-174.05,11.26],[-175.04,11.22],[-176.03,11.17],[-177.03,11.13],[-178.02,11.09],[-179.01,11.04],[-180,11]],[[-157.46,2.07],[-157.28,1.99],[-157.15,1.76],[-157.24,1.68],[-157.61,1.88],[-157.46,2.07]],[[-171.81,-2.8],[-171.74,-2.68],[-171.51,-2.87],[-171.53,-2.95],[-171.82,-2.89],[-171.81,-2.8]],[[-172.09,-4.4],[-172.12,-4.61],[-172.23,-4.61],[-172.31,-4.43],[-172.09,-4.4]],[[-140.05,-8.74],[-139.99,-8.92],[-140.25,-8.97],[-140.29,-8.81],[-140.05,-8.74]],[[-139.18,-9.83],[-139.07,-9.68],[-138.79,-9.72],[-139.06,-10.03],[-139.18,-9.83]],[[-177.44,-12.18],[-177.38,-12.23],[-177.58,-12.54],[-177.6,-12.24],[-177.44,-12.18]],[[-176.29,-13.23],[-176.14,-13.14],[-176.05,-13.29],[-176.2,-13.42],[-176.29,-13.23]],[[-172.43,-13.41],[-172.33,-13.4],[-172.12,-13.66],[-171.69,-13.72],[-171.39,-13.91],[-171.47,-14.08],[-171.84,-14.03],[-172.17,-14.04],[-172.3,-13.85],[-172.52,-13.84],[-172.8,-13.56],[-172.81,-13.48],[-172.43,-13.41]],[[-145.91,-14.29],[-145.91,-14.51],[-146.12,-14.47],[-146.34,-14.59],[-146.39,-14.4],[-146.18,-14.44],[-145.91,-14.29]],[[-145.12,-14.51],[-144.87,-14.34],[-144.82,-14.43],[-145.06,-14.56],[-145.2,-14.74],[-145.29,-14.6],[-145.12,-14.51]],[[-147.81,-14.86],[-147.61,-14.92],[-147.18,-15.29],[-147.46,-15.36],[-147.87,-15.24],[-147.98,-15.1],[-147.81,-14.86]],[[-146.84,-15.17],[-146.61,-15.19],[-146.54,-15.33],[-146.68,-15.46],[-146.91,-15.33],[-146.84,-15.17]],[[-146.48,-15.46],[-146.35,-15.26],[-146.13,-15.34],[-146.21,-15.59],[-146.44,-15.63],[-146.48,-15.46]],[[-145.6,-15.64],[-145.56,-15.41],[-145.4,-15.44],[-145.49,-15.67],[-145.6,-15.64]],[[-142.33,-15.88],[-142.38,-16.19],[-142.58,-16.18],[-142.53,-16.02],[-142.33,-15.88]],[[-143.86,-16.41],[-143.36,-16.7],[-143.52,-16.79],[-143.84,-16.65],[-144.09,-16.8],[-144.29,-16.68],[-144.48,-16.44],[-144.43,-16.29],[-144.23,-16.41],[-144.03,-16.46],[-143.86,-16.41]],[[-143.09,-16.93],[-143.02,-17.21],[-143.25,-17.13],[-143.38,-16.96],[-143.23,-16.87],[-143.09,-16.93]],[[-178.67,-17.24],[-178.85,-17.43],[-179.18,-17.33],[-179.32,-17.11],[-179.05,-16.92],[-178.8,-16.87],[-178.6,-17.14],[-178.67,-17.24]],[[-140.69,-17.65],[-140.59,-17.77],[-140.84,-17.92],[-140.89,-17.83],[-140.69,-17.65]],[[-178.21,-17.93],[-178.34,-18.07],[-178.23,-18.19],[-178.22,-18.37],[-178.39,-18.47],[-178.29,-18.69],[-178.26,-18.94],[-178.36,-19.27],[-178.67,-19.17],[-178.72,-18.89],[-178.59,-18.61],[-178.58,-18.4],[-178.88,-18.23],[-178.64,-18.12],[-178.34,-17.86],[-178.21,-17.93]],[[-142.22,-17.94],[-142.08,-18.24],[-142.23,-18.27],[-142.44,-18.05],[-142.22,-17.94]],[[-140.97,-18.02],[-140.66,-18.35],[-140.89,-18.4],[-141.11,-18.11],[-140.97,-18.02]],[[-173.95,-18.54],[-173.89,-18.59],[-174.02,-19],[-174,-19.16],[-174.19,-19.39],[-174.35,-19.25],[-174.24,-19.12],[-174.28,-18.98],[-174.19,-18.71],[-173.95,-18.54]],[[-149.56,-17.83],[-149.69,-17.6],[-149.62,-17.5],[-149.42,-17.45],[-149.28,-17.54],[-149.1,-17.83],[-149.22,-17.91],[-149.56,-17.83]],[[-178.56,-17.73],[-178.67,-17.83],[-178.87,-17.75],[-178.88,-17.6],[-178.56,-17.73]],[[-145.59,-17.42],[-145.56,-17.27],[-145.34,-17.42],[-145.39,-17.53],[-145.59,-17.42]],[[-151.55,-16.85],[-151.61,-16.67],[-151.48,-16.51],[-151.31,-16.81],[-151.41,-16.96],[-151.55,-16.85]],[[-145.83,-16.23],[-145.84,-16.08],[-145.58,-16.02],[-145.5,-16.21],[-145.32,-16.42],[-145.47,-16.56],[-145.65,-16.46],[-145.83,-16.23]],[[-145.85,-16],[-146.01,-16.06],[-146.24,-15.89],[-146.12,-15.74],[-145.88,-15.84],[-145.85,-16]],[[-146.91,-15.74],[-146.76,-15.59],[-146.52,-15.7],[-146.62,-15.88],[-146.91,-15.74]],[[-145.23,-15.74],[-145.08,-15.75],[-145.01,-15.91],[-145.13,-16.01],[-145.32,-15.85],[-145.23,-15.74]],[[-144.9,-16.32],[-145.06,-16.19],[-144.95,-16.03],[-144.75,-16.12],[-144.9,-16.32]],[[-144.86,-16.75],[-144.74,-16.74],[-144.54,-16.86],[-144.69,-17.03],[-145,-16.87],[-144.86,-16.75]],[[-148.17,-15.14],[-148.32,-14.97],[-148.2,-14.86],[-148.01,-14.89],[-147.99,-15.01],[-148.17,-15.14]],[[-170.58,-14.19],[-170.53,-14.29],[-170.73,-14.4],[-170.87,-14.27],[-170.58,-14.19]],[[-174.32,-19.59],[-174.25,-19.76],[-174.44,-19.98],[-174.48,-20.3],[-174.56,-20.61],[-174.69,-20.71],[-174.95,-20.78],[-174.96,-21.04],[-175.06,-21.32],[-175.34,-21.2],[-175.35,-21.04],[-175.2,-20.93],[-175.1,-20.66],[-175.1,-20.52],[-174.96,-20.24],[-174.77,-20.2],[-174.83,-19.91],[-174.69,-19.87],[-174.32,-19.59]],[[-136.65,-21.26],[-136.41,-21.31],[-136.39,-21.54],[-136.72,-21.37],[-136.65,-21.26]],[[-134.99,-22.99],[-134.81,-23.1],[-134.97,-23.32],[-135.13,-23.15],[-134.99,-22.99]],[[-177.69,-43.72],[-177.49,-43.79],[-177.29,-43.67],[-177.14,-43.4],[-176.7,-43.39],[-176.46,-43.44],[-176.4,-43.58],[-176.17,-43.6],[-176.01,-43.86],[-175.78,-43.86],[-175.37,-43.77],[-175.29,-43.91],[-175.71,-44.07],[-175.6,-44.27],[-176.16,-44.56],[-176.3,-44.56],[-176.87,-44.27],[-176.87,-44.11],[-177.34,-43.88],[-177.66,-43.96],[-177.82,-43.85],[-177.69,-43.72]],[[-179.17,-44],[-179.65,-43.88],[-179.73,-43.76],[-179.2,-43.76],[-179.17,-44]],[[-134.45,-73.83],[-133.93,-73.81],[-133.44,-74],[-134.15,-74.04],[-134.45,-73.83]]]},"properties":{"scalerank":0,"featurecla":"Bathymetry","depth":200}},
{"type":"Feature","geometry":{"type":"Polygon","coordinates":[[[-132.06,22.93],[-131.82,21.97],[-131.58,21],[-131.34,20.03],[-131.09,19.06],[-130.85,18.1],[-130.61,17.13],[-130.37,16.16],[-130.13,15.19],[-129.88,14.23],[-129.64,13.26],[-129.4,12.29],[-129.16,11.32],[-128.92,10.36],[-128.68,9.39],[-128.43,8.42],[-128.19,7.45],[-127.95,6.49],[-127.71,5.52],[-127.47,4.55],[-127.22,3.58],[-126.98,2.62],[-126.74,1.65],[-126.5,0.68],[-126.26,-0.29],[-126.01,-1.25],[-125.77,-2.22],[-125.53,-3.19],[-125.29,-4.16],[-125.05,-5.12],[-124.81,-6.09],[-124.56,-7.06],[-124.32,-8.03],[-124.08,-8.99],[-123.84,-9.96],[-123.6,-10.93],[-123.35,-11.89],[-123.11,-12.86],[-122.87,-13.83],[-122.63,-14.8],[-122.39,-15.76],[-122.14,-16.73],[-121.9,-17.7],[-121.66,-18.67],[-121.42,-19.63],[-121.18,-20.6],[-120.94,-21.57],[-120.69,-22.54],[-120.45,-23.5],[-120.21,-24.47],[-119.97,-25.44],[-119.73,-26.41],[-119.48,-27.37],[-119.24,-28.34],[-119,-29.31],[-118.76,-30.28],[-118.52,-31.24],[-118.28,-32.21],[-118.03,-33.18],[-117.79,-34.15],[-117.55,-35.11],[-117.31,-36.08],[-117.07,-37.05],[-116.82,-38.02],[-116.58,-38.98],[-116.34,-39.95],[-116.1,-40.92],[-115.86,-41.89],[-115.61,-42.85],[-115.37,-43.82],[-115.13,-44.79],[-114.89,-45.76],[-114.65,-46.72],[-114.41,-47.69],[-114.16,-48.66],[-113.92,-49.63],[-113.68,-50.59],[-113.44,-51.56],[-113.2,-52.53],[-112.95,-53.5],[-112.71,-54.46],[-112.47,-55.43],[-112.23,-56.4],[-111.99,-57.36],[-111.74,-58.33],[-111.5,-59.3],[-111.26,-60.27],[-111.02,-61.23],[-110.78,-62.2],[-110.54,-63.17],[-110.29,-64.14],[-110.05,-65.1],[-109.81,-66.07],[-109.57,-67.04],[-109.33,-68.01],[-109.08,-68.97],[-108.84,-69.94],[-108.6,-70.91],[-108.36,-71.88],[-108.12,-72.84],[-107.75,-74.3],[-106.9,-74.29],[-106.5,-74.79],[-105.39,-74.79],[-104.76,-75.04],[-102.09,-75.08],[-101.57,-74.82],[-102.16,-74.66],[-102.44,-74.48],[-102.18,-74.28],[-103.07,-74.31],[-103.63,-74.11],[-102.96,-74.03],[-103.28,-73.59],[-102.7,-73.55],[-101.65,-73.61],[-101.86,-73.33],[-102.96,-73.35],[-103.46,-73.19],[-103.55,-72.81],[-103.79,-72.68],[-102.91,-72.65],[-102.87,-72.55],[-103.54,-72.29],[-102.74,-72.27],[-102.43,-71.97],[-101.78,-71.9],[-101.51,-71.76],[-100.43,-71.71],[-99.94,-71.78],[-99.19,-71.78],[-98.91,-71.61],[-98.47,-71.56],[-97.24,-71.8],[-96.28,-71.8],[-95.93,-71.73],[-95.6,-72.02],[-95.07,-72.07],[-95.16,-72.28],[-94.18,-72.52],[-93.39,-72.55],[-92.9,-72.5],[-92.43,-72.63],[-92.02,-72.6],[-91.84,-72.38],[-91.02,-72.32],[-89.88,-72.33],[-89.09,-72.4],[-87.97,-72.43],[-87.22,-72.49],[-86.54,-72.63],[-86.11,-72.8],[-85.91,-72.99],[-85.45,-73.02],[-85.03,-73.39],[-83.39,-73.5],[-82.24,-73.77],[-81.35,-73.63],[-81.43,-73.28],[-80.69,-73.22],[-80.78,-73.03],[-80.37,-72.89],[-79.3,-73.04],[-79.24,-72.62],[-79.71,-72.57],[-79.69,-72.28],[-78.65,-72.25],[-77.88,-72.4],[-77.43,-72.39],[-77.05,-72.6],[-76.06,-72.77],[-74.36,-72.85],[-74.16,-73.1],[-73.65,-73.07],[-72.65,-73.15],[-72.29,-73.1],[-72.51,-72.74],[-73.22,-72.5],[-73.1,-72.28],[-73.25,-72.13],[-74.08,-72.24],[-74.9,-72.14],[-75.45,-71.97],[-75.64,-71.67],[-74.83,-71.47],[-74.01,-71.18],[-74.3,-71.03],[-75.51,-71.17],[-76.48,-71.18],[-76.53,-70.87],[-76.07,-70.81],[-75.26,-70.58],[-74.3,-70.55],[-74.21,-70.44],[-74.6,-70.26],[-76.06,-70.16],[-76.15,-69.67],[-74.61,-69.59],[-74.36,-69.75],[-74.33,-69.95],[-73.2,-70.07],[-72.91,-70.03],[-72.62,-69.81],[-73.18,-69.62],[-73.34,-69.42],[-73.05,-69.38],[-73.04,-69.16],[-72.3,-68.98],[-71.88,-68.71],[-71.58,-68.83],[-71.06,-68.8],[-70.89,-68.71],[-70.16,-68.77],[-70,-68.96],[-69.95,-69.27],[-69.64,-69.3],[-69.24,-69.68],[-69.21,-69.9],[-68.66,-69.96],[-68.61,-69.74],[-68.9,-69.47],[-68.92,-69.38],[-68.83,-69.38],[-68.46,-69.1],[-67.89,-69.28],[-67.52,-69.22],[-67.44,-69.05],[-67.6,-68.74],[-67.17,-68.7],[-67.48,-68.42],[-67.89,-68.24],[-67.6,-68.18],[-67.97,-67.97],[-67.77,-67.84],[-67.82,-67.58],[-68.27,-67.67],[-68.36,-67.84],[-69.16,-68.13],[-69.31,-67.91],[-70,-67.55],[-69.77,-67.41],[-69.36,-67.53],[-68.7,-67.06],[-68.37,-66.64],[-67.79,-66.53],[-67.55,-66.66],[-66.87,-66.85],[-66.69,-66.69],[-66.92,-66.53],[-67.39,-66.5],[-67.46,-66.35],[-66.6,-65.89],[-66.45,-65.61],[-66.18,-65.48],[-65.85,-65.45],[-65.63,-65.31],[-64.83,-65.07],[-64.77,-65.27],[-65.03,-65.73],[-64.64,-65.69],[-64.6,-65.15],[-64.13,-64.95],[-64.67,-64.78],[-64.63,-64.49],[-64.5,-64.42],[-65.03,-63.06],[-65.39,-62.15],[-65.75,-61.24],[-66.11,-60.33],[-66.47,-59.43],[-66.83,-58.52],[-67.19,-57.61],[-67.55,-56.7],[-67.89,-56.93],[-68.14,-56.75],[-68.4,-56.75],[-68.95,-56.64],[-69.57,-56.4],[-69.75,-56.11],[-70.41,-55.89],[-70.81,-55.53],[-71.13,-55.45],[-71.11,-55.17],[-71.64,-55.02],[-71.73,-55.12],[-72.07,-55.14],[-72.79,-54.93],[-72.86,-54.83],[-73.36,-54.61],[-73.25,-54.25],[-73.61,-54.01],[-73.96,-54.11],[-74,-53.93],[-74.29,-53.79],[-74.44,-53.52],[-74.81,-53.24],[-74.85,-53.11],[-75.24,-52.83],[-75.37,-52.46],[-75.68,-52.2],[-75.83,-51.95],[-75.73,-51.78],[-75.78,-51.6],[-75.71,-51.42],[-75.87,-51.21],[-75.91,-51.01],[-76.1,-50.83],[-76.07,-50.56],[-75.89,-50.46],[-75.82,-50.01],[-75.92,-49.7],[-75.91,-49.41],[-75.98,-49.26],[-75.98,-48.9],[-75.86,-48.76],[-75.95,-48.62],[-75.89,-48.06],[-75.71,-47.97],[-75.53,-47.36],[-75.52,-47],[-75.74,-46.8],[-75.6,-46.41],[-75.38,-46.34],[-75.55,-45.81],[-75.33,-45.31],[-74.93,-45.35],[-74.92,-45.11],[-75.16,-45.06],[-75.42,-44.92],[-75.45,-44.74],[-75.27,-44.63],[-75.3,-44.34],[-74.96,-44.27],[-74.85,-44.07],[-75.19,-43.96],[-74.95,-43.77],[-75.16,-43.63],[-74.95,-43.53],[-74.97,-42.87],[-74.66,-42.59],[-74.63,-42.25],[-74.79,-41.95],[-74.67,-41.65],[-74.41,-41.55],[-74.44,-41.77],[-74.3,-41.78],[-74.18,-41.54],[-74.25,-41.33],[-74.18,-41.15],[-74.25,-40.78],[-74.15,-40.39],[-73.94,-40.18],[-73.92,-39.96],[-74.02,-39.73],[-73.88,-39.47],[-73.89,-39.16],[-73.75,-38.96],[-73.89,-38.78],[-73.91,-38.56],[-74.11,-38.36],[-74.04,-38.22],[-73.85,-38.27],[-73.77,-38.12],[-73.92,-37.93],[-73.77,-37.71],[-73.8,-37.44],[-73.77,-37.1],[-73.61,-36.86],[-73.56,-36.67],[-73.54,-36.18],[-73.41,-36.04],[-73.21,-36.17],[-73.02,-36.14],[-72.93,-35.99],[-73.05,-35.78],[-73.02,-35.49],[-72.87,-35.32],[-72.57,-35.22],[-72.64,-35.08],[-72.53,-34.87],[-72.35,-34.87],[-72.17,-34.67],[-72.21,-34.53],[-72.16,-34.24],[-72.21,-34.06],[-72.07,-33.8],[-71.81,-33.55],[-71.86,-33.39],[-71.83,-33.03],[-71.65,-32.84],[-71.65,-32.61],[-71.57,-32.44],[-71.58,-32],[-71.68,-31.67],[-71.64,-31.43],[-71.71,-31.23],[-71.7,-30.94],[-71.75,-30.52],[-71.68,-30.23],[-71.48,-30.13],[-71.39,-29.83],[-71.42,-29.45],[-71.61,-29.38],[-71.56,-29.12],[-71.55,-28.8],[-71.34,-28.67],[-71.23,-28.22],[-71.23,-28.05],[-71.04,-27.61],[-71.03,-27.19],[-70.89,-26.93],[-70.89,-26.78],[-70.77,-26.54],[-70.81,-26.29],[-70.7,-26.04],[-70.77,-25.75],[-70.67,-25.48],[-70.53,-25.34],[-70.62,-24.86],[-70.63,-24.33],[-70.54,-23.74],[-70.65,-23.51],[-70.63,-23.07],[-70.47,-22.95],[-70.46,-22.79],[-70.34,-22.7],[-70.29,-22.24],[-70.27,-21.31],[-70.38,-21.12],[-70.36,-20.9],[-70.51,-20.74],[-70.36,-20.63],[-70.24,-20.23],[-70.22,-19.96],[-70.26,-19.66],[-70.41,-19.43],[-70.37,-19.11],[-70.43,-18.79],[-70.4,-18.6],[-70.61,-18.38],[-70.72,-18.35],[-71.27,-17.85],[-71.44,-17.73],[-71.54,-17.41],[-71.8,-17.44],[-71.99,-17.3],[-72.09,-17.08],[-72.4,-16.86],[-72.79,-16.85],[-72.93,-16.67],[-73.1,-16.61],[-73.16,-16.5],[-73.89,-16.27],[-74.12,-16.13],[-74.32,-15.89],[-74.62,-15.8],[-74.7,-15.71],[-75.06,-15.54],[-75.33,-15.37],[-75.67,-15.07],[-75.83,-14.99],[-76.32,-14.51],[-76.34,-14.3],[-76.77,-13.43],[-76.84,-12.95],[-77.03,-12.64],[-77.51,-12.27],[-77.81,-11.91],[-77.97,-11.44],[-77.95,-11.27],[-78.04,-10.94],[-78.41,-10.34],[-78.51,-10.3],[-78.68,-10.43],[-78.87,-10.41],[-78.95,-10.31],[-79.16,-9.85],[-79.52,-9.64],[-79.58,-9.52],[-79.48,-9.31],[-79.85,-9.01],[-79.9,-8.89],[-79.88,-8.44],[-80.01,-8.25],[-80.19,-8.22],[-80.25,-8.1],[-80.16,-7.93],[-80.34,-7.58],[-80.66,-7.42],[-80.8,-7.23],[-80.87,-6.79],[-80.79,-6.61],[-80.95,-6.56],[-81.09,-6.23],[-81.23,-6.06],[-81.31,-5.68],[-81.29,-5.49],[-81.39,-5.24],[-81.45,-4.69],[-81.4,-4.41],[-81.31,-4.19],[-81.15,-4.06],[-80.97,-3.71],[-80.95,-3.29],[-80.99,-3.11],[-80.93,-2.69],[-81.09,-2.54],[-81.18,-2.22],[-81.11,-2.01],[-81.19,-1.39],[-81.15,-1.23],[-81.01,-1.08],[-80.98,-0.78],[-80.85,-0.55],[-80.84,-0.23],[-80.59,0.03],[-80.55,0.21],[-80.38,0.3],[-80.34,0.58],[-80.22,0.72],[-80.18,0.92],[-79.95,1.32],[-79.82,1.16],[-79.68,1.12],[-79.39,1.21],[-79.12,1.47],[-78.79,2.17],[-78.69,2.43],[-78.76,2.57],[-78.95,2.68],[-78.76,2.81],[-78.44,2.77],[-78.09,3.17],[-77.88,3.24],[-77.75,3.46],[-77.73,3.68],[-77.63,3.91],[-77.57,4.48],[-77.43,4.73],[-77.47,5],[-77.58,5.19],[-77.52,5.33],[-77.58,5.46],[-77.54,5.62],[-77.34,5.68],[-77.32,5.79],[-77.54,6.26],[-77.45,6.54],[-77.56,6.55],[-77.76,6.73],[-77.8,7.06],[-78.04,7.32],[-78.52,7.57],[-78.98,7.61],[-79.34,7.75],[-79.77,7.49],[-79.91,7.34],[-80.38,7.16],[-80.63,7.2],[-80.96,7.18],[-81.23,7.25],[-81.83,7.18],[-81.95,7.4],[-81.91,7.57],[-82.11,7.7],[-82.21,7.44],[-82.32,7.63],[-82.77,8.2],[-82.86,7.98],[-82.99,8.02],[-82.99,8.19],[-83.16,8.33],[-83.49,8.41],[-83.71,8.41],[-83.88,8.48],[-84.06,8.65],[-84.21,8.86],[-84.18,9.04],[-84.28,9.24],[-84.44,9.3],[-84.67,9.23],[-84.81,9.56],[-85.12,9.49],[-85.3,9.55],[-85.43,9.7],[-85.67,9.74],[-86.16,10.41],[-86.15,10.68],[-86.34,10.85],[-86.51,10.78],[-86.73,11.07],[-87.2,11.6],[-87.43,11.77],[-87.46,11.89],[-87.88,12.05],[-88.11,12.3],[-88.21,12.5],[-88.36,12.62],[-88.59,12.63],[-88.81,12.44],[-89.37,12.73],[-89.54,12.91],[-89.76,12.94],[-89.82,13.08],[-90.08,13.08],[-90.41,13.25],[-90.62,13.73],[-90.82,13.67],[-90.82,13.49],[-90.94,13.32],[-91.18,13.32],[-92.11,13.83],[-92.13,14],[-92.38,14.02],[-92.75,14.38],[-92.89,14.45],[-93.06,14.35],[-93.24,14.46],[-93.21,14.66],[-93.42,14.92],[-93.56,14.97],[-93.67,14.82],[-93.93,15.01],[-94.07,15.32],[-93.96,15.45],[-94.19,15.56],[-94.43,15.75],[-94.75,15.75],[-94.86,15.93],[-94.96,15.92],[-94.97,15.68],[-95.2,15.85],[-95.7,15.8],[-96.35,15.64],[-96.52,15.63],[-96.96,15.7],[-97.24,15.86],[-97.46,15.85],[-98.03,15.99],[-98.27,16.16],[-98.54,16.11],[-98.83,16.22],[-98.82,16.38],[-99.11,16.54],[-99.33,16.59],[-99.66,16.55],[-100.06,16.85],[-100.34,16.93],[-100.48,17.02],[-100.96,17.16],[-101.68,17.55],[-101.91,17.88],[-102.55,17.81],[-102.6,17.94],[-102.8,17.97],[-103,18.09],[-103.47,18.27],[-103.69,18.5],[-103.97,18.69],[-104.03,18.8],[-104.45,18.99],[-104.56,19.09],[-104.87,19.19],[-105.28,19.52],[-105.54,19.84],[-105.76,20.25],[-105.73,20.42],[-105.59,20.5],[-105.6,20.67],[-105.92,20.69],[-105.79,20.89],[-105.64,20.93],[-105.53,21.19],[-105.67,21.39],[-105.81,21.39],[-106.15,21.65],[-106.35,21.7],[-106.37,22.03],[-106.31,22.21],[-106.34,22.53],[-106.46,22.83],[-106.75,23.14],[-106.81,23.28],[-107.08,23.41],[-107.35,23.65],[-107.44,23.81],[-107.99,24.05],[-108.14,24.17],[-108.18,24.33],[-108.15,24.59],[-108.63,24.93],[-108.8,24.9],[-109.06,25.13],[-109.14,25.3],[-109.4,25.44],[-109.4,25.59],[-109.53,25.66],[-109.79,26.12],[-109.65,26.19],[-109.67,26.38],[-109.85,26.58],[-110.22,26.85],[-110.63,27.29],[-110.84,27.74],[-111.44,28.09],[-111.69,28.11],[-112,28.25],[-112.22,28.47],[-112.66,28.74],[-112.54,29.09],[-112.79,29.26],[-112.94,29.6],[-113.15,29.74],[-113.5,29.8],[-113.75,30.21],[-113.78,30.39],[-113.95,30.49],[-114.3,30.16],[-114.19,29.89],[-113.99,29.66],[-113.71,29.4],[-113.44,29.04],[-113.16,28.84],[-113.01,28.53],[-112.83,28.52],[-112.67,28.36],[-112.63,28.08],[-112.64,27.79],[-112.34,27.59],[-112.22,27.34],[-112.03,27.25],[-111.74,26.9],[-111.53,26.75],[-111.26,26.14],[-111.06,26.13],[-110.97,25.42],[-110.87,25.18],[-110.7,25.2],[-110.55,25.06],[-110.47,24.77],[-110.61,24.56],[-110.28,24.61],[-110.21,24.38],[-110.01,24.32],[-109.86,24.37],[-109.75,24.17],[-109.78,23.93],[-109.66,23.71],[-109.46,23.65],[-109.38,23.48],[-109.36,23.11],[-109.47,23],[-109.63,23.01],[-109.86,22.86],[-110.11,22.94],[-110.28,23.38],[-110.43,23.5],[-110.6,23.34],[-110.83,23.54],[-110.85,23.65],[-111.19,24.01],[-111.63,24.19],[-111.76,24.04],[-111.92,24.04],[-112.07,24.32],[-112.49,24.69],[-112.65,24.92],[-112.5,25.02],[-112.74,25.48],[-112.96,25.45],[-113.06,25.35],[-113.18,25.66],[-113.36,25.85],[-113.36,26.07],[-113.54,26.09],[-113.85,26.41],[-113.86,26.58],[-114.06,26.66],[-114.35,27],[-116.27,26.56],[-118.18,26.12],[-120.1,25.68],[-122.01,25.24],[-122.97,25.02],[-123.92,24.8],[-124.88,24.58],[-125.84,24.36],[-126.8,24.14],[-127.75,23.92],[-128.71,23.7],[-129.67,23.48],[-130.63,23.26],[-132.06,22.93]],[[-112.74,28.64],[-113.02,28.75],[-113.19,29.01],[-113.55,29.29],[-113.66,29.62],[-113.48,29.62],[-113.29,29.5],[-112.9,28.74],[-112.74,28.64]],[[-106.33,21.54],[-106.53,21.43],[-106.72,21.72],[-106.52,21.72],[-106.33,21.54]],[[-94.63,15.62],[-94.71,15.33],[-94.8,15.36],[-94.84,15.58],[-94.63,15.62]],[[-90.26,-1.17],[-90.37,-1.05],[-90.54,-1.03],[-90.7,-0.89],[-90.92,-1.1],[-91.15,-1.1],[-91.44,-1.03],[-91.53,-0.89],[-91.34,-0.51],[-91.63,-0.47],[-91.67,-0.26],[-91.45,-0.23],[-91.44,-0.11],[-91.64,0],[-91.52,0.12],[-91.33,0.18],[-91.18,0],[-91.07,-0.25],[-90.96,-0.3],[-90.79,-0.05],[-90.57,-0.09],[-90.35,-0.21],[-89.89,-0.8],[-89.97,-0.93],[-90.15,-0.87],[-90.12,-1.08],[-90.26,-1.17]],[[-89.28,-0.65],[-89.22,-0.72],[-89.38,-0.96],[-89.66,-1.01],[-89.71,-0.94],[-89.56,-0.76],[-89.28,-0.65]],[[-79.03,-33.77],[-79.06,-33.67],[-78.88,-33.55],[-78.74,-33.71],[-79.03,-33.77]],[[-67.05,-65.75],[-67.72,-65.63],[-67.67,-65.47],[-67.33,-65.38],[-66.99,-65.63],[-67.05,-65.75]],[[-92.75,-72.06],[-92.11,-71.95],[-92.19,-72.27],[-92.75,-72.06]]]},"properties":{"scalerank":0,"featurecla":"Bathymetry","depth":200}},
{"type":"Feature","geometry":{"type":"Polygon","coordinates":[[[-64.5,-64.42],[-64.12,-64.48],[-63.59,-64.12],[-62.84,-64.3],[-62.88,-63.95],[-62.61,-63.89],[-62.08,-64.02],[-61.89,-63.74],[-61.6,-63.8],[-61.97,-64.12],[-62.15,-64.39],[-61.22,-64.29],[-61.06,-63.94],[-61.25,-63.72],[-60.85,-63.57],[-60.51,-63.68],[-60.55,-63.91],[-60.13,-63.91],[-59.58,-63.64],[-59.09,-63.65],[-59.29,-63.35],[-59.07,-63.16],[-58.77,-63.04],[-58,-63.02],[-57.46,-62.77],[-57.01,-62.77],[-56.5,-62.67],[-56.42,-62.83],[-56,-62.9],[-56.02,-62.71],[-55.26,-62.81],[-55.61,-62.9],[-55.58,-63.1],[-55.08,-63.19],[-55.25,-63.39],[-55.75,-63.33],[-55.57,-63.61],[-55.65,-63.72],[-56.21,-63.67],[-56.44,-63.56],[-56.92,-63.69],[-57.33,-63.67],[-56.9,-63.94],[-56.79,-64.15],[-56.32,-64.27],[-56.88,-64.56],[-57.38,-64.69],[-57.67,-64.54],[-58.34,-64.32],[-58.74,-64.24],[-58.7,-64.54],[-59.2,-64.54],[-59.63,-64.66],[-60.1,-64.54],[-60.64,-64.85],[-59.93,-65.08],[-59.49,-65.07],[-59.44,-65.31],[-59.9,-65.3],[-60.2,-65.14],[-61.12,-65.15],[-61.72,-65.34],[-61.46,-65.54],[-61.1,-65.59],[-61.1,-65.78],[-60.76,-65.77],[-59.59,-66.21],[-59.8,-66.33],[-60.3,-66.33],[-60.12,-66.57],[-59.71,-66.54],[-59.47,-67.1],[-60,-67.26],[-59.84,-67.51],[-60.02,-67.63],[-60.82,-67.6],[-60.73,-67.82],[-60.52,-67.88],[-60.72,-68.43],[-60.54,-68.66],[-60.92,-69.06],[-60.91,-69.26],[-61.43,-69.4],[-61.22,-69.61],[-60.84,-69.78],[-60.86,-69.94],[-60.4,-70.03],[-59.8,-70.23],[-59.26,-70.55],[-59.53,-70.81],[-60.14,-71.08],[-60.15,-71.55],[-60.29,-72.06],[-59.5,-72.22],[-59.17,-72.62],[-59.8,-72.95],[-59.6,-73.16],[-60.14,-73.37],[-60.2,-73.64],[-60.59,-73.79],[-60.51,-74.29],[-60.89,-74.53],[-61.64,-74.84],[-60.66,-75.05],[-60.27,-75.19],[-57.98,-75.62],[-56.15,-75.96],[-54.32,-76.31],[-52.77,-76.84],[-51.94,-76.86],[-51.34,-77.07],[-50.85,-76.94],[-49.96,-76.98],[-49.86,-77.1],[-47.61,-77.47],[-45.71,-77.79],[-43.34,-78.18],[-41.88,-78.04],[-40.7,-78.01],[-40.28,-78.1],[-38.13,-78.21],[-36.25,-78.24],[-35.96,-78.07],[-34.43,-77.44],[-33.53,-77.25],[-33.02,-76.99],[-32.18,-76.97],[-32.11,-76.81],[-30.75,-76.73],[-29.2,-76.36],[-26.67,-76.02],[-26.66,-75.88],[-27.64,-75.62],[-27.09,-75.48],[-26.28,-75.43],[-25.36,-75.2],[-25.14,-74.98],[-25.49,-74.71],[-25.29,-74.54],[-25.77,-74.23],[-25.66,-74.09],[-24.16,-73.87],[-22.96,-73.97],[-22.15,-74.1],[-21.12,-73.91],[-20.94,-73.63],[-20.44,-73.31],[-19.32,-72.67],[-18.32,-72.58],[-17.91,-72.63],[-17.52,-72.5],[-16.53,-72.47],[-16.36,-72.38],[-14.52,-72.07],[-13.43,-71.97],[-12.24,-71.66],[-12.42,-71.33],[-11.11,-70.96],[-9.73,-70.77],[-8.75,-70.53],[-8.16,-70.49],[-7.84,-70.66],[-7.06,-70.42],[-6.73,-70.46],[-5.51,-70.39],[-5.21,-70.25],[-4.34,-70.22],[-3.99,-70.4],[-3.5,-70.42],[-3.24,-70.3],[-1.99,-70.12],[-1.29,-69.71],[0.03,-69.58],[0.61,-69.83],[0.98,-69.82],[1.21,-69.99],[2,-69.93],[2.17,-70.02],[3.14,-70.01],[3.75,-70.08],[4.16,-70],[5.08,-70.04],[5.6,-69.95],[6.36,-70.01],[7.06,-69.83],[7.41,-69.87],[8.35,-69.74],[8.68,-69.8],[11.35,-69.69],[11.51,-69.49],[11.87,-69.56],[12.5,-69.49],[13.45,-69.65],[13.75,-69.54],[14.77,-69.47],[15.7,-69.23],[15.65,-69.4],[16.09,-69.45],[16.31,-69.58],[17.56,-69.49],[17.91,-69.53],[18.08,-69.71],[18.99,-69.9],[19.39,-69.89],[19.91,-69.72],[21.19,-69.82],[22.16,-70.15],[22.69,-70.08],[23.85,-70.26],[24.45,-70.27],[24.84,-70.07],[25.75,-70.03],[25.9,-70.18],[26.53,-69.9],[27.82,-69.88],[27.65,-69.69],[28.44,-69.38],[28.93,-69.43],[29.99,-69.21],[30.33,-69.26],[30.61,-69.04],[30.87,-69],[30.9,-68.71],[31.18,-68.69],[31.04,-67.71],[30.9,-66.73],[30.76,-65.75],[30.62,-64.77],[30.48,-63.79],[30.33,-62.81],[30.19,-61.82],[30.05,-60.84],[29.91,-59.86],[29.77,-58.88],[29.63,-57.9],[29.49,-56.92],[29.35,-55.94],[29.21,-54.96],[29.07,-53.98],[28.92,-53],[28.78,-52.02],[28.64,-51.03],[28.5,-50.05],[28.36,-49.07],[28.22,-48.09],[28.08,-47.11],[27.94,-46.13],[27.8,-45.15],[27.66,-44.17],[27.51,-43.19],[27.37,-42.21],[27.23,-41.23],[27.09,-40.24],[26.95,-39.26],[26.81,-38.28],[26.67,-37.3],[26.53,-36.32],[26.39,-35.34],[26.24,-34.36],[26.04,-34.43],[25.7,-34.41],[25.28,-34.55],[25.08,-34.58],[24.97,-34.77],[24.74,-34.67],[24.56,-34.78],[23.69,-34.84],[23.26,-34.98],[22.9,-35.01],[22.63,-35.14],[22.43,-35.39],[22.33,-35.67],[22.11,-35.69],[21.72,-36.18],[21.89,-36.29],[21.73,-36.43],[21.25,-36.43],[21,-36.65],[20.65,-36.52],[20.48,-36.53],[20.25,-36.44],[20.02,-36.26],[20.04,-36.09],[19.77,-36],[19.75,-35.78],[19.53,-35.66],[19.49,-35.53],[19.18,-35.43],[19.04,-35.2],[18.71,-34.89],[18.6,-34.86],[18.39,-34.46],[17.98,-34.03],[17.72,-33.54],[17.62,-32.85],[17.68,-32.65],[17.24,-32.09],[17.16,-31.8],[17.33,-31.46],[17.24,-31.27],[17.07,-31.14],[16.78,-30.55],[16.54,-30.27],[16.23,-30.23],[15.77,-30.01],[15.49,-29.99],[15.55,-29.86],[15.26,-29.73],[15.21,-29.49],[14.9,-29.36],[14.75,-29.05],[14.6,-28.98],[14.48,-28.78],[14.59,-28.47],[14.57,-28.14],[14.77,-28.07],[14.86,-27.91],[15.02,-27.82],[15.03,-27.52],[14.81,-27.02],[14.79,-26.78],[14.7,-26.65],[14.66,-26.2],[14.38,-25.94],[14.37,-25.79],[14.24,-25.58],[14.31,-25.39],[14.21,-25.24],[14.01,-25.31],[13.9,-24.97],[13.95,-24.38],[14.02,-24.21],[14.01,-23.94],[13.76,-23.78],[13.57,-23.43],[13.51,-22.71],[13.4,-22.31],[13.26,-22.16],[13.13,-21.88],[13.09,-21.5],[12.99,-21.23],[12.9,-20.77],[12.32,-19.94],[12.27,-19.51],[12.16,-19.23],[11.77,-18.62],[11.57,-18.44],[11.54,-17.88],[11.45,-17.68],[11.44,-17.27],[11.33,-16.97],[11.33,-16.65],[11.48,-16.41],[11.48,-16.27],[11.63,-16.02],[11.96,-15.19],[12.22,-14.78],[12.24,-14.51],[12.17,-14.32],[12.24,-13.95],[12.46,-13.83],[12.51,-13.37],[12.82,-12.99],[12.93,-12.74],[13.35,-12.37],[13.51,-11.87],[13.38,-11.58],[13.57,-11.16],[13.56,-11.03],[13.07,-10.4],[12.87,-9.97],[12.86,-9.74],[12.68,-9.34],[12.73,-9.16],[12.99,-8.92],[12.98,-8.58],[12.41,-7.43],[12.23,-7.35],[12.01,-7.16],[11.87,-6.95],[11.77,-6.65],[11.52,-6.13],[11.6,-6.03],[11.53,-5.79],[11.6,-5.42],[11.45,-5.03],[11.08,-4.58],[11.1,-4.39],[10.78,-4.14],[10.66,-4.26],[10.42,-4.04],[10.56,-3.96],[10.4,-3.69],[10.18,-3.69],[9.96,-3.53],[9.8,-3.32],[9.84,-3.17],[9.61,-3.14],[9.37,-2.99],[9.01,-2.61],[8.84,-2.33],[8.8,-1.87],[8.65,-1.69],[8.55,-1.46],[8.39,-1.22],[8.41,-0.99],[8.61,-0.75],[8.81,-0.35],[8.88,-0.04],[8.86,0.39],[9.07,1.04],[9.13,1.33],[9.32,1.5],[9.42,1.77],[9.56,1.99],[9.51,2.47],[9.58,2.85],[9.47,3.13],[9.31,3.41],[9.11,3.58],[8.93,3.5],[8.76,3.2],[8.57,3.16],[8.38,3.37],[8.48,3.61],[8.33,3.75],[7.86,3.82],[7.73,3.77],[7.47,3.8],[7.34,3.75],[7.06,3.84],[6.68,3.65],[6.46,3.75],[6.13,3.73],[5.67,3.8],[5.42,3.96],[5.22,4.15],[5.23,4.33],[5.12,4.42],[4.88,4.86],[4.84,5.17],[4.71,5.31],[4.59,5.71],[4.35,5.96],[3.88,6.17],[3.7,6.1],[3.42,6.08],[3.27,6.14],[3.02,6.15],[2.79,6.09],[2.08,6.08],[1.46,5.98],[1.27,5.9],[0.91,5.58],[0.3,5.57],[-0.02,5.27],[-0.16,5.26],[-0.54,4.85],[-0.98,4.52],[-1.44,4.31],[-1.85,4.31],[-2.33,4.54],[-2.53,4.6],[-2.9,4.62],[-3.77,4.96],[-3.99,5.08],[-4.21,5.03],[-4.51,5.02],[-5.45,4.87],[-5.74,4.72],[-6,4.7],[-6.25,4.59],[-6.38,4.61],[-7.24,4.21],[-7.67,4.13],[-9.09,4.54],[-9.26,4.61],[-9.46,4.81],[-10.35,4.38],[-11.25,3.96],[-12.14,3.53],[-13.03,3.11],[-13.93,2.69],[-14.82,2.26],[-15.71,1.84],[-16.61,1.41],[-17.5,0.99],[-18.4,0.56],[-19.29,0.14],[-20.18,-0.28],[-21.08,-0.71],[-21.97,-1.13],[-22.87,-1.56],[-23.76,-1.98],[-24.65,-2.4],[-25.55,-2.83],[-26.44,-3.25],[-27.34,-3.68],[-28.23,-4.1],[-29.12,-4.52],[-30.02,-4.95],[-30.91,-5.37],[-31.81,-5.8],[-32.7,-6.22],[-33.59,-6.65],[-34.49,-7.07],[-34.44,-7.21],[-34.44,-7.83],[-34.49,-8],[-34.75,-8.61],[-34.76,-8.85],[-35.06,-9.47],[-35.45,-9.89],[-35.66,-9.98],[-35.84,-10.14],[-35.89,-10.27],[-36.16,-10.65],[-36.66,-11.01],[-36.77,-11],[-36.85,-11.2],[-37.04,-11.33],[-37.24,-11.61],[-37.31,-11.86],[-37.41,-11.97],[-37.6,-12.35],[-37.87,-12.59],[-37.99,-12.84],[-38.54,-13.19],[-38.72,-13.35],[-38.73,-13.87],[-38.87,-14.27],[-38.9,-14.66],[-38.8,-15.11],[-38.73,-15.19],[-38.63,-15.5],[-38.63,-15.79],[-38.44,-15.91],[-38.07,-15.91],[-37.94,-16],[-37.96,-16.29],[-38.37,-16.39],[-38.64,-16.65],[-38.66,-16.91],[-38.62,-17.15],[-38.39,-17.42],[-38.11,-17.51],[-38.02,-17.6],[-37.72,-17.71],[-37.53,-17.7],[-37.29,-17.87],[-37.32,-18.09],[-37.76,-18.29],[-37.86,-18.6],[-37.89,-18.88],[-37.86,-19.11],[-38.04,-19.35],[-38.56,-19.54],[-39.13,-19.57],[-39.61,-19.85],[-39.75,-20.06],[-39.91,-20.71],[-40.24,-21.1],[-40.24,-21.44],[-40.13,-21.78],[-40.03,-21.95],[-40.02,-22.18],[-40.53,-22.56],[-40.88,-23.02],[-41.12,-23.43],[-41.37,-23.66],[-41.64,-23.79],[-41.91,-23.66],[-42.01,-23.52],[-42.15,-23.59],[-43,-23.9],[-43.63,-24.2],[-44.06,-24.26],[-44.48,-24.51],[-45.34,-25.84],[-45.64,-25.86],[-45.81,-25.75],[-46.19,-25.99],[-46.3,-26.14],[-46.46,-26.18],[-46.63,-26.36],[-46.74,-26.71],[-46.66,-26.81],[-47.03,-27.11],[-47.34,-27.49],[-47.37,-27.78],[-47.59,-27.9],[-47.32,-28.1],[-47.39,-28.55],[-47.71,-28.7],[-47.95,-29.06],[-48.13,-29.23],[-48.25,-29.76],[-48.37,-29.9],[-48.32,-30.07],[-48.54,-30.15],[-48.7,-30.13],[-48.59,-30.45],[-49.1,-30.83],[-49.27,-30.91],[-49.86,-31.55],[-50.08,-31.96],[-50.11,-32.13],[-50.25,-32.35],[-50.46,-32.82],[-50.44,-33.02],[-50.69,-33.39],[-50.85,-33.43],[-50.93,-33.57],[-51.24,-33.64],[-51.46,-33.75],[-51.49,-33.91],[-51.74,-34.12],[-51.69,-34.27],[-51.95,-34.43],[-51.96,-34.59],[-52.14,-34.85],[-52.51,-35.26],[-52.54,-35.42],[-52.8,-35.62],[-52.93,-35.48],[-53.08,-35.61],[-52.99,-35.83],[-53.25,-36.19],[-53.44,-36.26],[-53.73,-36.46],[-54.07,-36.91],[-54.26,-37.03],[-54.8,-37.49],[-55.21,-37.96],[-55.46,-38.78],[-55.66,-39.06],[-55.9,-39.62],[-56.31,-40.24],[-56.78,-40.75],[-56.99,-40.86],[-57.14,-41.13],[-57.3,-41.15],[-57.29,-41.41],[-57.46,-41.45],[-57.57,-41.61],[-58.12,-42.11],[-58.49,-42.37],[-58.54,-42.51],[-58.74,-42.65],[-58.92,-42.89],[-59.21,-43.02],[-59.3,-43.29],[-59.58,-43.51],[-59.72,-43.39],[-59.94,-43.66],[-60.37,-43.81],[-60.22,-43.95],[-59.8,-44.01],[-59.99,-44.59],[-59.99,-45.06],[-60.14,-45.58],[-60.13,-46],[-60.25,-46.28],[-60.39,-46.39],[-60.45,-46.6],[-60.7,-46.81],[-61.01,-47.15],[-61.18,-47.2],[-61.06,-47.38],[-61.14,-47.9],[-61.01,-48.33],[-61.07,-48.45],[-61.4,-48.64],[-61.31,-48.97],[-61.17,-49.08],[-60.69,-49.15],[-60.69,-49.36],[-60.41,-49.5],[-60.12,-49.47],[-59.77,-49.71],[-59.82,-49.85],[-60.09,-49.93],[-59.95,-50.25],[-59.66,-50.26],[-59.34,-50.09],[-59.14,-50.13],[-58.93,-49.88],[-58.77,-50.06],[-59.03,-50.2],[-59.11,-50.38],[-58.42,-50.25],[-58.34,-50.34],[-57.95,-50.35],[-57.62,-50.56],[-57.48,-50.56],[-56.87,-50.95],[-56.91,-51.16],[-57.09,-51.28],[-57.76,-52.22],[-58.73,-52.76],[-58.93,-53],[-59.45,-53.05],[-59.95,-52.92],[-60.23,-52.68],[-60.41,-52.69],[-60.59,-52.52],[-61.2,-52.37],[-61.69,-52.08],[-61.91,-51.84],[-62.18,-51.74],[-62.03,-51.63],[-61.94,-51.31],[-62.01,-51.21],[-62.38,-51.23],[-62.36,-51.46],[-62.51,-51.57],[-62.95,-51.57],[-62.96,-51.7],[-63.2,-51.91],[-63.66,-52.21],[-63.91,-52.1],[-64.27,-52.28],[-64.59,-52.92],[-64.23,-53.4],[-64.05,-53.49],[-63.86,-53.97],[-63.38,-54.29],[-63.46,-54.53],[-63.36,-54.65],[-63.99,-54.9],[-64.34,-54.95],[-65.3,-54.95],[-65.36,-55.04],[-65.98,-55.09],[-66.02,-55.29],[-66.28,-55.79],[-67.07,-56.48],[-67.55,-56.7],[-67.19,-57.61],[-66.83,-58.52],[-66.47,-59.43],[-66.11,-60.33],[-65.75,-61.24],[-65.39,-62.15],[-65.03,-63.06],[-64.5,-64.42]],[[-56.96,-69.93],[-56.81,-70.26],[-57.22,-70.21],[-57.25,-69.95],[-56.96,-69.93]],[[-58.88,-71.14],[-58.81,-71.23],[-59.36,-71.46],[-59.52,-71.25],[-58.88,-71.14]],[[-54.3,-63.72],[-54.36,-63.8],[-55.02,-63.94],[-54.74,-63.66],[-54.3,-63.72]],[[-54.69,-63.56],[-54.92,-63.39],[-54.44,-63.18],[-54.11,-63.34],[-54.69,-63.56]],[[-54.31,-62.77],[-54.78,-62.87],[-54.82,-62.62],[-54.3,-62.68],[-54.31,-62.77]],[[-60.28,-62.82],[-60.77,-63.05],[-61.07,-62.85],[-61.3,-62.94],[-61.82,-62.95],[-61.86,-62.66],[-61.51,-62.41],[-61.19,-62.42],[-61.01,-62.25],[-60.71,-62.32],[-60.5,-62.13],[-60.11,-62.12],[-59.12,-61.86],[-58.94,-61.97],[-58.63,-61.81],[-57.67,-61.8],[-57.25,-62.01],[-57.95,-62.13],[-58.43,-62.3],[-58.78,-62.27],[-58.89,-62.4],[-59.31,-62.47],[-60.28,-62.82]],[[-62.46,-63.12],[-61.89,-63.28],[-61.82,-63.45],[-62.68,-63.58],[-62.7,-63.25],[-62.46,-63.12]],[[-60.17,-63.4],[-59.74,-63.26],[-59.6,-63.44],[-60.17,-63.4]],[[-55.79,-62.63],[-55.8,-62.45],[-55.14,-62.45],[-55.32,-62.64],[-55.79,-62.63]],[[-55.83,-61.54],[-55.71,-61.33],[-56.04,-61.27],[-55.87,-60.96],[-55.57,-60.88],[-55.26,-61],[-54.65,-61.08],[-54.67,-61.19],[-55.43,-61.47],[-55.83,-61.54]],[[-46.15,-60.92],[-46.72,-60.79],[-47,-60.57],[-46.79,-60.4],[-46.47,-60.5],[-46.13,-60.38],[-45.18,-60.52],[-44.19,-60.64],[-44.09,-60.76],[-44.52,-60.88],[-44.98,-60.9],[-45.43,-60.79],[-45.94,-60.95],[-46.15,-60.92]],[[-35.02,-55.32],[-35.09,-55.43],[-35.98,-55.21],[-36.19,-55.2],[-36.29,-54.95],[-36.6,-54.89],[-36.84,-54.74],[-37.14,-54.69],[-37.58,-54.8],[-37.58,-54.5],[-37.94,-54.48],[-38.1,-54.22],[-38.42,-54.21],[-38.73,-54.02],[-39.09,-54.03],[-39.12,-53.88],[-38.61,-53.78],[-38.4,-53.82],[-38.02,-53.75],[-37.98,-53.6],[-37.6,-53.65],[-37,-53.61],[-37,-53.74],[-36.74,-53.95],[-36.3,-53.98],[-36.3,-54.19],[-36.08,-54.19],[-35.84,-54.34],[-35.67,-54.59],[-35.24,-54.57],[-35.39,-54.83],[-34.57,-54.87],[-34.39,-55.01],[-34.45,-55.14],[-35.02,-55.32]],[[-57.7,-54.9],[-58.02,-54.73],[-58.09,-54.58],[-58.44,-54.61],[-58.74,-54.75],[-59.45,-54.69],[-59.66,-54.78],[-60.79,-54.79],[-60.96,-54.69],[-61.47,-54.58],[-61.72,-54.07],[-61.27,-53.77],[-59.47,-53.92],[-59.35,-53.88],[-58.67,-53.87],[-58.24,-54.04],[-57.09,-54.21],[-56.9,-54.28],[-56.3,-54.36],[-56.28,-54.58],[-56.68,-54.88],[-57.11,-54.73],[-57.7,-54.9]],[[-41.76,-53.8],[-42.09,-53.73],[-42.26,-53.58],[-42.13,-53.37],[-41.69,-53.44],[-41.55,-53.53],[-41.08,-53.56],[-40.9,-53.7],[-40.94,-53.85],[-41.37,-53.92],[-41.76,-53.8]],[[-38.4,-54.55],[-38.28,-54.47],[-37.93,-54.56],[-37.87,-54.76],[-38.18,-54.73],[-38.4,-54.55]],[[-35.75,-53.99],[-35.54,-53.95],[-35.39,-54.26],[-35.62,-54.29],[-35.75,-53.99]],[[-1.38,-42.48],[-1.58,-42.62],[-1.69,-42.53],[-1.54,-42.33],[-1.38,-42.48]],[[0.22,-41.82],[0.39,-42.03],[0.26,-42.17],[-0.04,-42.15],[-0.08,-42],[0.22,-41.82]],[[-5.98,-39.52],[-5.99,-39.73],[-6.25,-39.67],[-5.98,-39.52]],[[-6.44,-39.58],[-6.64,-39.67],[-6.91,-39.61],[-6.69,-39.43],[-6.52,-39.4],[-6.44,-39.58]],[[15.94,-30.66],[16.05,-30.95],[15.93,-31],[15.69,-30.81],[15.94,-30.66]],[[-37.74,-20.84],[-38.08,-20.69],[-37.94,-20.61],[-37.66,-20.63],[-37.39,-20.49],[-37.26,-20.57],[-37.74,-20.84]],[[-36.25,-20.44],[-35.96,-20.39],[-35.94,-20.51],[-36.25,-20.44]],[[-34.84,-20.5],[-34.71,-20.46],[-34.57,-20.7],[-34.81,-20.81],[-34.92,-20.7],[-34.84,-20.5]],[[-38.04,-19.91],[-38.08,-20.08],[-38.36,-20.11],[-38.33,-19.87],[-38.46,-19.75],[-38.2,-19.53],[-37.96,-19.52],[-37.88,-19.82],[-38.04,-19.91]],[[-35.94,-17.79],[-35.92,-17.88],[-36.09,-18.03],[-36.17,-17.94],[-35.94,-17.79]],[[-5.96,-12.75],[-5.99,-12.99],[-6.17,-12.98],[-6.19,-12.85],[-5.96,-12.75]],[[6.68,0.44],[6.8,0.33],[6.72,0.1],[6.56,-0.04],[6.43,0.11],[6.51,0.37],[6.68,0.44]],[[7.48,1.76],[7.57,1.66],[7.43,1.4],[7.27,1.32],[7.11,1.5],[7.16,1.63],[7.48,1.76]]]},"properties":{"scalerank":0,"featurecla":"Bathymetry","depth":200}},
{"type":"Feature","geometry":{"type":"MultiPolygon","coordinates":[[[[0,90],[-90,90],[-90,89],[-90,88.01],[-90,87.01],[-90,85.52],[-90,84.52],[-90,83.52],[-90,82.03],[-87.99,82.18],[-87.04,82.08],[-86.51,82.35],[-86.76,82.67],[-84.97,82.73],[-84.01,82.61],[-83.42,82.35],[-82.85,82.34],[-82.4,82.69],[-81.33,82.88],[-81.23,83.3],[-78.6,83],[-77.27,83.18],[-78.28,83.33],[-75.33,83.62],[-73.48,83.45],[-73.18,83.73],[-72.12,83.84],[-70.18,83.91],[-67.45,83.72],[-72.04,83.49],[-70.38,83.43],[-70.17,83.19],[-68.97,83.06],[-65.79,83.1],[-65.45,83.39],[-60.89,83.39],[-59.96,83.29],[-56.63,83.14],[-55.94,82.98],[-56.52,82.76],[-57.98,82.59],[-59.93,82.54],[-60.64,82.43],[-61.3,82.17],[-62.26,81.99],[-64.53,81.68],[-64.44,81.42],[-66,81.18],[-66.83,80.96],[-68.87,80.57],[-70.73,79.85],[-70.91,79.68],[-71.57,79.66],[-73.46,79.47],[-73.82,79.3],[-73.2,79.22],[-73.18,79.05],[-74.13,78.95],[-74,78.73],[-75.57,78.03],[-76.31,77.86],[-77.13,77.86],[-77.06,77.49],[-77.54,77.38],[-77.16,77.11],[-76.19,76.93],[-75.59,76.47],[-75.82,76.26],[-76.6,76.16],[-77.27,76.78],[-77.61,76.47],[-78.03,76.32],[-77.46,76.02],[-77.4,75.82],[-78.19,75.73],[-79.22,75.68],[-79.83,75.83],[-79.96,76.11],[-81.45,76.11],[-81.64,76.32],[-83.54,76.39],[-84.15,76.18],[-86.13,76.17],[-86.5,76.26],[-88.01,76.27],[-88.13,76.05],[-87.31,75.87],[-85.36,75.73],[-84.88,75.82],[-82.48,75.89],[-81.14,75.82],[-79.99,75.69],[-79.85,75.5],[-79.39,75.41],[-79.5,75.18],[-79.17,74.84],[-79.82,74.78],[-80.27,74.55],[-81.31,74.53],[-81.78,74.43],[-83.45,74.53],[-85.06,74.47],[-87.64,74.43],[-89.41,74.53],[-90,74.52],[-90,74.14],[-89.73,74.05],[-90,73.81],[-90,73.22],[-89.95,73.29],[-87.83,73.82],[-87.09,73.88],[-85,73.88],[-84.62,73.71],[-85.73,73.41],[-86.53,72.9],[-86.6,72.71],[-86.01,72.37],[-85.56,72.4],[-85.86,72.72],[-86.1,72.74],[-85.13,73.35],[-83.56,73.7],[-82.97,73.78],[-81.11,73.78],[-78.09,73.71],[-77.39,73.58],[-76.14,73.24],[-75.65,72.93],[-76.67,72.72],[-75.11,72.58],[-74.85,72.34],[-73.88,72.53],[-73.25,72.12],[-73,72.05],[-73.6,71.81],[-73.02,71.7],[-71.81,71.91],[-71.7,71.76],[-71.24,71.61],[-70.54,71.51],[-71.1,71.25],[-70.41,70.97],[-69.17,70.89],[-69.21,71],[-70.15,71.02],[-70.41,71.16],[-70.3,71.33],[-69.69,71.43],[-68.65,71.27],[-68.88,70.92],[-68.11,70.97],[-67.29,70.79],[-67.07,70.64],[-65.94,70.23],[-65.7,69.88],[-65.45,69.68],[-65.56,69.58],[-65.42,69.32],[-65.6,69.13],[-66.06,68.96],[-66.57,69.07],[-67.06,69.06],[-67.27,68.96],[-67.18,68.7],[-66.31,68.51],[-66.22,68.35],[-65.87,68.27],[-65.66,68.62],[-64.94,68.85],[-64.53,68.81],[-64.91,68.61],[-64.47,68.45],[-64.4,68.23],[-63.57,67.93],[-63.73,67.51],[-63.38,67.46],[-63.33,67.69],[-63.12,67.85],[-62.51,67.59],[-61.83,67.52],[-61.47,67.35],[-61.23,66.98],[-61.07,66.49],[-61.16,66.01],[-61.61,65.7],[-61.95,65.56],[-62.03,65.27],[-62.33,65.17],[-62.59,64.93],[-63.07,64.92],[-63.31,64.78],[-64.27,64.88],[-64.88,65.21],[-65.11,65.25],[-65.31,65.49],[-65.87,65.66],[-66.31,66.07],[-66.52,65.8],[-66.55,65.57],[-66.21,65.31],[-66.35,65.22],[-66.11,65],[-65.32,64.83],[-64.7,64.49],[-63.93,64.36],[-63.91,64.06],[-63.7,63.76],[-63.32,63.79],[-63.02,63.51],[-62.78,63.01],[-62.85,62.73],[-63.36,62.58],[-63.94,62.2],[-64.24,62.12],[-65.11,62.21],[-65.97,62.62],[-66.59,62.86],[-67.07,62.93],[-66.23,62.45],[-65.86,62.31],[-65.47,62.02],[-64.89,61.97],[-64.35,61.7],[-64.68,61.31],[-65.11,61.27],[-65.35,61.42],[-65.59,61.18],[-66.81,61.44],[-66.95,61.76],[-67.42,61.93],[-67.91,62.02],[-68.09,61.93],[-68.42,61.98],[-68.72,62.18],[-69.21,62.17],[-69.58,61.95],[-69.87,61.54],[-69.56,61.2],[-69.28,61.21],[-68.95,60.98],[-68.59,60.95],[-68.19,60.78],[-66.75,60.78],[-66.58,60.84],[-65.61,60.73],[-65.11,60.44],[-64.87,60.51],[-64.94,60.68],[-64.37,60.77],[-64.53,60.53],[-64.2,60.5],[-63.69,60.22],[-63.51,60.37],[-62.69,60.27],[-62.39,60.29],[-61.94,60.15],[-61.78,59.97],[-61.19,59.73],[-60.99,59.42],[-61.05,59.3],[-60.85,59.1],[-60.58,58.98],[-60.22,58.6],[-60.16,58.33],[-61.03,58.19],[-61.75,58.36],[-61.61,58.12],[-61.27,57.99],[-61.08,57.72],[-60.8,57.57],[-60.55,57.73],[-59.92,57.73],[-59.34,57.21],[-59.2,56.91],[-58.67,56.38],[-59.24,56.22],[-59.62,56.45],[-60.11,56.67],[-60.35,56.88],[-60.35,57.05],[-60.65,57.07],[-60.55,56.72],[-60.14,56.41],[-60.1,56.27],[-59.38,55.72],[-59.2,55.66],[-58.91,55.37],[-58.14,55.24],[-58.12,55.36],[-58.39,55.6],[-58.29,55.72],[-57.44,55.82],[-57.33,55.53],[-56.83,55.49],[-56.22,55.2],[-56.27,54.89],[-56.48,54.76],[-56.73,55],[-56.98,54.99],[-57.07,55.13],[-56.83,55.33],[-57.07,55.41],[-57.38,55.23],[-57.85,55.15],[-57.49,55.03],[-57.25,55.02],[-57.02,54.87],[-56.73,54.8],[-56.36,54.45],[-56.2,54.37],[-56.16,54.15],[-55.54,53.96],[-55.39,54.73],[-55.03,54.85],[-54.64,54.46],[-54.43,54.44],[-54.32,54.24],[-54.05,54.06],[-53.46,53.46],[-53.82,53.3],[-54.26,53.33],[-54.86,53.57],[-55.21,53.8],[-55.43,53.76],[-55.31,53.53],[-54.98,53.19],[-54.8,52.81],[-54.47,52.82],[-54.53,52.63],[-54.26,52.59],[-54.2,52.46],[-54.64,52.42],[-54.39,52.13],[-54.21,52.01],[-54.77,51.98],[-54.99,52.08],[-55.11,51.9],[-54.86,51.85],[-54.71,51.67],[-54.6,50.83],[-54.77,50.73],[-54.96,50.47],[-55.19,50.33],[-55.32,50.52],[-55.77,50.57],[-55.93,50.46],[-56.35,50.36],[-56.65,49.99],[-56.49,49.95],[-56.15,50.21],[-55.88,50.3],[-55.69,50.26],[-55.61,50.1],[-55.27,50.21],[-55.22,50],[-55.66,49.81],[-55.37,49.57],[-55.01,49.6],[-54.81,49.78],[-54.23,49.88],[-53.9,50.09],[-53.49,50.07],[-53.39,49.94],[-53.08,49.81],[-53.13,49.45],[-53.09,49.23],[-53.32,49.06],[-53.54,48.75],[-53.36,48.71],[-52.93,48.99],[-52.69,48.73],[-52.79,48.54],[-53.2,48.25],[-53.13,48.12],[-52.73,48.34],[-52.35,48.49],[-52.12,48.44],[-51.84,48.5],[-51.49,48.69],[-51.02,48.68],[-50.89,48.61],[-50.24,48.61],[-50.11,48.56],[-50,48.32],[-49.82,48.15],[-48.74,47.79],[-48.6,47.69],[-48.17,47.59],[-48.04,47.43],[-47.73,47.26],[-47.42,46.79],[-47.42,46.6],[-47.65,46.21],[-45.68,46.05],[-43.71,45.88],[-41.74,45.72],[-39.77,45.55],[-37.8,45.38],[-36.82,45.3],[-34.83,45.13],[-32.85,44.97],[-30.86,44.8],[-28.88,44.63],[-26.89,44.47],[-24.91,44.3],[-22.92,44.13],[-20.94,43.97],[-18.95,43.8],[-16.97,43.63],[-14.98,43.46],[-13,43.3],[-11.01,43.13],[-9.52,43.01],[-9.4,43.3],[-8.56,43.75],[-8.18,44.01],[-8.03,43.95],[-7.79,44.09],[-7.58,44.02],[-7.25,44.1],[-6.76,43.95],[-6.59,43.95],[-6.15,43.73],[-5.9,43.83],[-5.36,43.89],[-4.55,43.68],[-4.46,43.54],[-4.01,43.57],[-3.67,43.67],[-3.46,43.59],[-3.11,43.61],[-2.41,43.52],[-2.01,43.55],[-1.88,43.63],[-2.13,43.93],[-1.99,44.21],[-2.08,44.52],[-2.02,44.72],[-2.48,45.1],[-2.97,45.15],[-3.23,45.53],[-3.72,45.83],[-3.6,46.1],[-4.06,46.09],[-4.24,46.29],[-4.51,46.34],[-4.68,46.48],[-4.79,46.71],[-5.01,46.74],[-5.13,47],[-5.59,47.06],[-5.74,47.28],[-5.94,47.24],[-6.6,47.57],[-7.2,47.55],[-7.4,47.66],[-7.46,47.89],[-7.65,48.04],[-7.96,48.03],[-8.15,48.25],[-8.49,48.19],[-8.78,48.22],[-8.85,48.39],[-9.13,48.3],[-9.54,48.27],[-9.45,48.52],[-9.66,48.54],[-9.74,48.74],[-10.06,48.81],[-10.33,48.76],[-10.47,48.92],[-10.83,48.95],[-10.82,49.11],[-11.1,49.1],[-11.22,49.32],[-10.96,49.64],[-10.77,50.51],[-11.27,51.04],[-11.17,51.19],[-11.18,51.58],[-11.42,52.14],[-11.79,52.45],[-11.92,52.71],[-11.97,52.99],[-11.81,53.15],[-11.78,53.35],[-11.23,53.76],[-11.03,54.06],[-10.84,54.15],[-10.55,54.52],[-10.54,54.66],[-9.67,55.45],[-9.42,55.54],[-9.16,56.09],[-8.99,56.73],[-9.38,57.41],[-9.41,57.71],[-9.13,58.09],[-8.64,58.37],[-7.62,58.77],[-7.46,59],[-6.83,59.24],[-6.62,59.25],[-6.12,59.66],[-5.99,59.71],[-5.41,59.68],[-4.77,60.01],[-4.46,59.98],[-4.35,60.15],[-3.9,60.31],[-3.35,60.43],[-3.1,60.43],[-2.59,60.82],[-2.21,60.91],[-1.5,61.2],[-0.84,61.56],[0,61.62],[0,62.62],[0,64.11],[0,65.1],[0,66.1],[0,67.59],[0,68.59],[0,69.59],[0,70.58],[0,71.58],[0,72.57],[0,73.57],[0,74.56],[0,75.56],[0,76.56],[0,78.05],[0,79.05],[0,80.04],[0,81.04],[0,82.03],[0,83.03],[0,84.52],[0,86.02],[0,87.01],[0,88.51],[0,90]],[[-70.17,79.21],[-69.51,79.29],[-69.59,79.51],[-69.16,79.73],[-69.44,79.8],[-69.05,79.87],[-69.05,79.96],[-67.89,79.99],[-67.84,80.31],[-67.39,80.4],[-67.03,80.7],[-66.38,80.69],[-63.57,81.27],[-61.98,81.24],[-62.12,81.53],[-61.92,81.81],[-60.4,81.95],[-60.1,82.09],[-54.44,82.4],[-52.04,82.33],[-51.11,82.54],[-49.01,82.53],[-48.95,82.64],[-51.08,82.7],[-50.9,82.84],[-45.49,83.25],[-41.56,83.55],[-37.62,83.85],[-33.62,84.13],[-29.66,83.95],[-29.06,83.8],[-23.12,83.29],[-22.41,83.07],[-15.74,82.88],[-15.59,82.49],[-12.02,82.18],[-10.55,81.71],[-9.96,81.66],[-8.78,81.37],[-8.24,81.01],[-7.33,80.89],[-7,80.68],[-7.45,80.53],[-8.3,80.5],[-8.68,80.33],[-8.29,80.02],[-13.99,79.96],[-14.43,79.85],[-14.59,79.52],[-14.15,79.32],[-14.96,79.07],[-15.65,79.19],[-16.56,79.13],[-16.35,78.99],[-15.5,78.93],[-15.32,78.78],[-13.98,78.85],[-13.38,78.7],[-12.4,78.62],[-12.4,78.42],[-13.19,78.39],[-13.33,78.17],[-15.78,78.39],[-15.9,78.53],[-17.28,78.53],[-17.79,78.37],[-17.74,78.05],[-17.3,77.99],[-17.27,77.79],[-16.39,77.36],[-17.92,77.02],[-18.01,76.71],[-17.62,76.51],[-17.69,76.07],[-16.72,76.19],[-16.07,76.09],[-15.29,76.09],[-15.2,76.34],[-14.19,76.27],[-14.3,76.47],[-13.84,76.52],[-13.24,76.76],[-13.6,76.93],[-13.19,77.07],[-13.26,77.29],[-12.23,77.5],[-10.1,77.68],[-11.2,77.33],[-11.36,76.99],[-11.75,76.75],[-12.54,76.66],[-12.37,76.51],[-13.25,76.03],[-13.68,75.94],[-15.13,76.14],[-14.91,75.88],[-14.33,75.84],[-13.76,75.58],[-13.76,75.39],[-14.82,75.3],[-14.2,75.13],[-14.49,74.96],[-15.61,74.87],[-15.97,75.1],[-15.54,75.36],[-15.95,75.5],[-16.19,75.97],[-17.06,76.11],[-17.78,75.79],[-19.23,75.87],[-18.98,75.61],[-17.94,75.55],[-17.2,75],[-18.98,74.96],[-18.83,74.75],[-18.19,74.74],[-17.92,74.38],[-17.26,74.21],[-18.81,74.03],[-18.85,73.85],[-18.48,73.75],[-18.86,73.6],[-20.02,73.43],[-20.55,73.39],[-20.25,73.17],[-20.28,72.93],[-19.76,72.93],[-19.53,73.05],[-19.01,72.95],[-19.38,72.82],[-20.66,72.82],[-20.92,72.71],[-20.96,72.47],[-21.54,72.32],[-21.71,72.13],[-22.75,72.13],[-22.25,71.82],[-21.85,71.78],[-21.55,71.57],[-21.48,71.05],[-21.26,70.86],[-21.24,70.65],[-21.62,70.36],[-21.98,70.25],[-22.25,70.4],[-23.49,70.42],[-24.36,70.67],[-24.39,70.93],[-24.59,71.13],[-25.14,71.22],[-25.27,70.97],[-25.23,70.63],[-25.58,70.5],[-26.34,70.42],[-26.18,70.27],[-25.19,70.47],[-24.09,70.28],[-23.73,70.17],[-22.11,70.18],[-22.09,70.04],[-22.41,69.88],[-22.58,69.59],[-23.22,69.47],[-23.85,69.46],[-23.94,69.33],[-24.91,69.14],[-24.86,68.99],[-25.3,68.94],[-25.46,68.81],[-26.35,68.64],[-26.97,68.26],[-27.45,68.17],[-27.91,68.18],[-28.36,68.06],[-28.76,68.17],[-29.22,68.08],[-30.79,68.05],[-31.35,68.01],[-31.89,67.71],[-32.48,67.84],[-32.9,67.57],[-32.81,67.37],[-32.47,67.32],[-32.74,67.09],[-33.01,66.99],[-33.3,66.52],[-33.79,66.32],[-34.5,66.25],[-34.83,66.06],[-35.33,66.22],[-35.45,66.05],[-35.8,65.93],[-36.11,65.72],[-36.54,65.67],[-36.91,65.15],[-37.13,65.09],[-37.8,65.23],[-37.94,65.38],[-39.14,65.4],[-39.26,65.16],[-39.5,65],[-39.04,64.84],[-39.43,64.62],[-39.88,64.9],[-40.29,64.87],[-39.77,64.42],[-40.54,64.24],[-40.52,64.01],[-40.29,63.71],[-41.02,62.98],[-41.46,62.91],[-41.48,62.7],[-41.94,62.66],[-42.03,62.48],[-41.91,62.33],[-42.15,62.22],[-42.05,61.97],[-41.75,61.74],[-42.1,61.42],[-42.39,61.26],[-42.21,61.09],[-42.25,60.85],[-42.51,60.78],[-42.43,60.61],[-42.82,60.34],[-42.16,60.17],[-42.26,59.98],[-42.61,59.87],[-42.93,59.62],[-43.69,59.53],[-44.57,59.56],[-44.83,59.45],[-45.4,59.53],[-45.67,59.48],[-45.82,59.7],[-46.32,59.83],[-46.77,60.25],[-46.61,60.4],[-46.97,60.49],[-47.09,60.18],[-47.47,60.27],[-47.74,60.24],[-48.77,60.56],[-49.5,60.91],[-49.76,61.22],[-50.27,61.37],[-50.56,61.59],[-50.57,61.98],[-50.27,62.03],[-50.37,62.19],[-50.71,62.1],[-50.93,62.25],[-51.03,62.49],[-51.5,62.49],[-51.47,62.69],[-51.76,62.81],[-51.67,62.94],[-52.17,63],[-52.36,63.29],[-52.64,63.33],[-52.7,63.5],[-53.15,63.87],[-53.18,64.05],[-52.63,64.51],[-52.8,64.7],[-53.15,64.78],[-53.16,64.44],[-53.49,64.26],[-54.03,64.25],[-54.33,64.45],[-54.44,64.9],[-54.87,65.16],[-55.35,65.7],[-55.9,65.9],[-56.19,66.07],[-56.37,66.39],[-56.26,66.92],[-56.85,67.51],[-57.07,67.89],[-56.11,68.24],[-54.81,68.26],[-54.4,68.35],[-53.96,68.23],[-53.81,68.53],[-53.27,68.81],[-53.02,69.03],[-52.49,68.96],[-51.62,69.01],[-51.3,68.96],[-51.13,69.48],[-51.39,69.62],[-51.45,69.84],[-51.71,69.99],[-52.48,70.06],[-52.7,69.95],[-51.81,69.78],[-51.7,69.6],[-52.53,69.37],[-53.48,69.23],[-53.21,69.07],[-53.91,68.91],[-54.27,68.72],[-54.8,68.9],[-55.24,68.97],[-55.5,68.75],[-55.89,68.74],[-56.36,69.05],[-56.08,69.29],[-55.48,69.27],[-54.86,69.44],[-55.59,69.6],[-56.41,69.53],[-56.74,69.81],[-57.4,69.77],[-57.07,70.02],[-56.74,70.03],[-56.25,70.48],[-55.81,70.64],[-55.35,70.57],[-53.98,70.86],[-53.59,70.81],[-52.1,70.83],[-52.44,71.12],[-53.12,71.17],[-53.51,71.01],[-54.11,71.16],[-55.07,71.27],[-55.43,71.21],[-56.07,71.28],[-56.22,71.43],[-56,71.62],[-57.07,71.77],[-56.95,72.01],[-56.07,71.96],[-56.42,72.23],[-55.89,72.43],[-56.6,72.59],[-57.4,72.5],[-57.83,72.58],[-58.42,72.56],[-59.1,72.77],[-58.4,72.85],[-58.16,73.08],[-57.76,73.04],[-57.13,72.77],[-56.85,72.82],[-56.85,73.09],[-57.29,73.35],[-57.42,73.67],[-57.11,73.92],[-57.64,74.04],[-57.29,74.39],[-58.39,74.67],[-58.32,74.95],[-58.89,75.01],[-59.14,75.26],[-59.08,75.61],[-60.29,75.68],[-61.23,75.94],[-62.53,76.03],[-62.26,76.18],[-63.46,76.35],[-64.05,76.02],[-65.44,75.97],[-66.1,75.84],[-67.4,75.85],[-67.95,75.96],[-69.11,76.01],[-69.43,76.13],[-70.25,76.23],[-70.89,76.45],[-70.8,76.65],[-71.48,77.12],[-71.27,77.3],[-72.21,77.26],[-73.69,77.46],[-73.43,77.65],[-72.98,78.46],[-70.79,78.85],[-70.17,79.21]],[[-9.06,79.51],[-7.95,79.61],[-7.42,79.45],[-9.04,79.36],[-9.06,79.51]],[[-11.37,78.65],[-10.57,78.7],[-9.54,78.58],[-10.74,78.49],[-11.37,78.65]],[[-9.49,76.16],[-10.04,75.95],[-10.48,76.06],[-9.49,76.16]],[[-20.6,71.01],[-20.95,71.31],[-20.59,71.46],[-20.24,71.31],[-20.23,71.02],[-20.6,71.01]],[[-8.46,71.1],[-7.94,70.99],[-8.29,70.81],[-8.57,70.5],[-9.15,70.6],[-9.15,70.88],[-8.46,71.1]],[[-19.75,70.66],[-19.77,70.42],[-20.46,70.55],[-20.24,70.81],[-19.75,70.66]],[[-23.62,68.93],[-23.57,68.8],[-24.35,68.55],[-24.78,68.9],[-24.03,68.82],[-23.62,68.93]],[[-24.19,64.9],[-24.94,64.76],[-25.74,64.75],[-25.99,64.85],[-26.35,64.77],[-26.74,65.16],[-26.59,65.38],[-26.68,65.63],[-26.32,65.67],[-26.32,65.81],[-25.6,65.72],[-26.05,66.05],[-25.64,66.31],[-25.22,66.44],[-24.45,66.92],[-23.86,66.98],[-23.25,66.85],[-22.53,67.04],[-21.67,66.98],[-21.26,67.09],[-20.8,67.11],[-21.05,66.67],[-20.55,66.33],[-20.16,66.72],[-19.65,66.69],[-19.91,66.37],[-19.39,66.39],[-18.44,66.3],[-18.54,66.48],[-18.39,66.7],[-17.87,66.65],[-17.68,66.33],[-17.06,66.8],[-16.73,66.96],[-15.57,66.62],[-15.21,66.76],[-15.82,67.04],[-15.02,67.14],[-14.84,66.99],[-14.49,66.92],[-14.37,66.68],[-13.8,66.82],[-13.35,66.67],[-13.39,66.47],[-12.75,66.47],[-12.46,66.24],[-12.57,66.05],[-13.79,65.95],[-13.59,65.75],[-12.97,65.63],[-11.88,65.53],[-12.3,65.38],[-12.85,65.42],[-12.88,65.3],[-12.02,65.3],[-12.19,65.1],[-12.05,64.89],[-12.19,64.54],[-13.05,64.09],[-13.37,64.07],[-13.84,63.9],[-14.9,63.59],[-15.33,63.56],[-16,63.41],[-16.65,63.39],[-17.4,63.24],[-18.81,63.24],[-18.97,63.29],[-19.82,63.38],[-20.36,63.15],[-20.97,63.15],[-21.31,63.27],[-21.79,63.29],[-22.02,63.19],[-22.16,63.52],[-22.33,63.62],[-23.01,63.49],[-23.8,63.41],[-24.36,63.28],[-24.58,63.46],[-24.4,63.76],[-23.78,64.3],[-24,64.43],[-24.61,64.3],[-24.75,64.5],[-24.37,64.58],[-24.19,64.9]],[[-38.49,65.05],[-38.96,65.04],[-38.83,65.21],[-38.45,65.3],[-38.49,65.05]],[[-33.62,66.08],[-33.63,65.96],[-33.98,65.86],[-34.32,66.03],[-33.62,66.08]],[[-6.77,62.74],[-6.33,62.74],[-5.93,62.6],[-5.25,62.5],[-5.05,62.29],[-4.73,62.1],[-4.7,61.94],[-5.18,61.81],[-5.33,61.67],[-5.69,61.75],[-5.45,61.97],[-5.83,62.02],[-5.9,61.88],[-6.35,61.57],[-6.42,61.29],[-6.12,60.73],[-6.91,60.79],[-6.92,61],[-7.18,61.25],[-7.54,61.41],[-7.51,61.57],[-7.75,61.79],[-7.99,61.66],[-8.3,61.69],[-8.49,61.81],[-8.63,62.12],[-8.56,62.29],[-8.06,62.55],[-7.54,62.69],[-6.77,62.74]],[[-6.22,61.37],[-6.15,61.63],[-5.84,61.5],[-6.22,61.37]],[[-8.61,60.75],[-8.98,60.49],[-9.5,60.77],[-9.47,60.95],[-9.21,60.99],[-8.94,61.16],[-8.49,61.27],[-8.09,61.19],[-7.97,61.04],[-8.11,60.89],[-8.61,60.75]],[[-10.36,60.44],[-10.65,60.67],[-10.27,60.8],[-10.01,60.6],[-10.36,60.44]],[[-62.08,64.17],[-61.91,63.73],[-62.3,63.7],[-62.9,63.91],[-63.17,64.23],[-63.02,64.32],[-62.32,64.27],[-62.08,64.17]],[[-57.79,68.16],[-57.52,67.86],[-57.83,67.67],[-58.11,67.77],[-58.01,68.1],[-57.79,68.16]],[[-58.68,68.36],[-59.3,68.48],[-59.37,68.67],[-59.23,68.85],[-58.85,68.92],[-58.63,68.75],[-58.68,68.36]],[[-61.66,73.08],[-61.9,72.97],[-62.96,73.27],[-62.71,73.53],[-61.84,73.64],[-61.64,73.52],[-61.66,73.08]],[[-58.96,73.47],[-59.37,73.65],[-59.23,73.88],[-58.87,73.92],[-58.94,74.21],[-58.28,74.26],[-58.31,73.95],[-58.96,73.47]],[[-62.96,74.75],[-63.26,75.01],[-64.07,75],[-64.48,75.27],[-65.25,75.31],[-65.89,75.48],[-65.49,75.61],[-64.44,75.6],[-64.12,75.34],[-63.67,75.25],[-63.16,75.33],[-62.82,75.2],[-62.96,74.75]],[[-72.81,76.96],[-72.37,76.72],[-72.86,76.61],[-73.43,76.73],[-73.58,76.88],[-72.81,76.96]],[[-13.87,58.11],[-13.61,57.94],[-13.16,57.91],[-13.3,57.5],[-13.02,57.4],[-13.17,57.25],[-13.57,57.3],[-14.19,57.11],[-14.37,56.99],[-14.17,56.78],[-14.47,56.58],[-15.02,56.53],[-14.97,57],[-14.59,57.06],[-14.42,57.29],[-14.32,57.64],[-13.95,57.92],[-13.87,58.11]],[[-60.03,58.1],[-60.33,57.94],[-60.74,57.94],[-60.77,58.05],[-60.03,58.1]],[[-13.42,53.63],[-13.17,53.5],[-13.5,53.19],[-13.53,53.03],[-13.77,52.89],[-14.3,53.17],[-14.25,53.29],[-13.94,53.45],[-13.42,53.63]],[[-44.69,47.47],[-44.6,47.31],[-44.39,47.28],[-44.35,47.04],[-44.45,46.82],[-44.74,46.63],[-45.22,46.63],[-45.19,46.79],[-45.35,47.09],[-45.24,47.29],[-44.95,47.46],[-44.69,47.47]]],[[[-12.51,78.23],[-12.52,78.22],[-12.5,78.23],[-12.51,78.23]]]]},"properties":{"scalerank":0,"featurecla":"Bathymetry","depth":200}},
{"type":"Feature","geometry":{"type":"Polygon","coordinates":[[[147.33,-44.04],[147.01,-44.11],[146.86,-44.02],[146.66,-44.08],[146.24,-43.99],[146.03,-43.84],[145.81,-43.51],[145.45,-43.29],[145.01,-42.93],[144.81,-42.12],[144.63,-41.99],[144.39,-41.44],[144.05,-41.08],[143.91,-41.03],[143.57,-40.7],[143.43,-40.43],[143.48,-40.18],[143.3,-40.09],[143.2,-39.79],[143.25,-39.66],[142.89,-39.44],[142.61,-39.17],[142.55,-39.04],[142.01,-38.83],[141.43,-38.76],[141.17,-38.54],[140.42,-38.22],[139.95,-37.94],[139.78,-37.72],[139.46,-37.51],[139.23,-37.53],[139.14,-37.31],[139.2,-37.13],[138.89,-37.19],[138.39,-37.1],[137.88,-37.1],[137.6,-36.97],[137.56,-36.69],[137.37,-36.78],[137.06,-36.66],[136.97,-36.43],[136.74,-36.23],[136.56,-36.21],[136.26,-36.32],[136.17,-36.49],[135.99,-36.31],[135.68,-35.81],[135.39,-35.66],[134.89,-35.49],[134.81,-35.33],[135.14,-35.35],[135.07,-35.21],[134.7,-34.99],[134.29,-34.94],[133.98,-34.99],[133.64,-34.89],[133.68,-34.75],[133.51,-34.62],[133.41,-34.81],[133.1,-34.53],[132.88,-34.42],[133.01,-34.25],[132.55,-34.11],[131.88,-33.54],[131.56,-33.45],[131.35,-33.47],[131.12,-33.34],[130.76,-33.28],[130.76,-33.16],[130.38,-33.1],[130.2,-33.28],[129.85,-33.23],[129.74,-33.35],[129.38,-33.29],[129.23,-33.35],[129.04,-33.28],[128.56,-33.31],[128.5,-33.16],[128.19,-33.23],[127.84,-33.22],[127.59,-33.28],[127.18,-33.28],[126.89,-33.19],[126.63,-33.28],[126.07,-33.25],[125.9,-33.37],[125.8,-33.58],[125.37,-33.89],[124.94,-34.12],[124.84,-34.12],[124.14,-34.37],[123.79,-34.6],[123.51,-34.7],[123.37,-34.65],[122.79,-34.63],[122.48,-34.7],[122.33,-34.63],[121.69,-34.55],[120.25,-34.55],[119.72,-34.67],[119.33,-34.82],[118.83,-35.13],[118.37,-35.37],[118.01,-35.46],[117.73,-35.47],[117.44,-35.39],[117.08,-35.39],[116.87,-35.45],[116.26,-35.35],[115.8,-35.14],[115.47,-35.06],[115.21,-35.05],[114.89,-34.91],[114.68,-34.7],[114.5,-34.24],[114.5,-33.56],[114.56,-33.27],[114.73,-32.87],[115.2,-32.13],[115.21,-31.96],[115.05,-31.78],[114.97,-31.27],[114.82,-30.91],[114.71,-30.77],[114.65,-30.45],[114.44,-29.87],[114.27,-29.61],[113.77,-28.96],[113.59,-28.77],[113.54,-28.54],[113.22,-28.03],[113.26,-27.91],[113.11,-27.71],[113.06,-27.52],[112.86,-27.3],[112.84,-27.02],[112.52,-26.37],[112.4,-26.2],[112.31,-25.83],[112.16,-25.71],[112.28,-25.59],[112.18,-25.26],[112.28,-25.06],[112.37,-24.56],[112.51,-24.31],[111.57,-23.95],[110.64,-23.59],[109.71,-23.23],[108.77,-22.88],[107.84,-22.52],[106.91,-22.16],[105.97,-21.8],[105.04,-21.44],[104.11,-21.08],[103.17,-20.73],[102.24,-20.37],[101.31,-20.01],[100.37,-19.65],[99.44,-19.29],[98.51,-18.94],[97.57,-18.58],[96.64,-18.22],[95.71,-17.86],[94.77,-17.5],[93.84,-17.14],[92.91,-16.79],[91.97,-16.43],[91.04,-16.07],[90.11,-15.71],[89.17,-15.35],[88.24,-14.99],[87.31,-14.64],[86.37,-14.28],[85.44,-13.92],[84.51,-13.56],[83.57,-13.2],[82.64,-12.84],[81.71,-12.49],[80.77,-12.13],[79.84,-11.77],[78.91,-11.41],[77.97,-11.05],[77.04,-10.69],[76.11,-10.34],[75.17,-9.98],[74.24,-9.62],[73.31,-9.26],[72.37,-8.9],[71.44,-8.55],[70.51,-8.19],[69.57,-7.83],[68.64,-7.47],[67.71,-7.11],[66.77,-6.75],[65.84,-6.4],[64.91,-6.04],[63.97,-5.68],[63.04,-5.32],[62.11,-4.96],[61.17,-4.6],[60.24,-4.25],[59.31,-3.89],[58.37,-3.53],[57.44,-3.17],[56.51,-2.81],[55.57,-2.45],[54.64,-2.1],[53.71,-1.74],[52.77,-1.38],[51.84,-1.02],[50.91,-0.66],[49.97,-0.3],[49.04,0.05],[47.64,0.59],[46.71,0.95],[45.77,1.31],[44.84,1.67],[44.67,1.59],[44.45,1.37],[43.25,0.29],[43.21,0.21],[42.05,-1.11],[41.86,-1.34],[41.76,-1.56],[41.36,-2.03],[41.24,-2.25],[40.96,-2.87],[40.76,-3.03],[40.62,-2.8],[40.52,-2.8],[40.24,-3.24],[40.2,-3.5],[40.05,-3.45],[39.94,-3.59],[39.87,-3.85],[39.49,-4.67],[39.43,-4.7],[39.19,-5.3],[39.13,-5.55],[39.34,-5.62],[39.46,-5.83],[39.48,-6],[39.59,-6.13],[39.61,-6.46],[39.44,-6.56],[39.38,-6.72],[39.58,-6.93],[39.62,-7.18],[39.97,-7.6],[39.91,-7.91],[39.71,-8.19],[39.63,-8.37],[39.61,-8.99],[39.7,-9.23],[39.7,-9.4],[39.88,-9.95],[40.12,-10.14],[40.37,-10.19],[40.64,-10.58],[40.8,-11.07],[40.69,-11.54],[40.71,-11.73],[40.64,-12.11],[40.71,-12.45],[40.67,-12.78],[40.59,-12.92],[40.68,-14.03],[40.8,-14.19],[40.9,-14.49],[40.88,-14.83],[40.78,-15.19],[40.78,-15.35],[40.66,-15.62],[40.02,-16.53],[39.13,-17.23],[38.69,-17.38],[38.59,-17.5],[37.75,-17.91],[37.5,-18.15],[37.3,-18.55],[37.11,-19.07],[36.44,-19.95],[36.17,-20.13],[36.01,-20.42],[35.69,-21.04],[35.57,-21.4],[35.62,-22.17],[35.74,-23.47],[35.68,-24.08],[35.57,-24.26],[35.53,-24.5],[35.13,-25.32],[34.89,-25.45],[34.73,-25.29],[34.54,-25.19],[34.03,-25.21],[33.75,-25.31],[33.56,-25.46],[33.43,-25.39],[33.21,-25.6],[33.11,-25.99],[32.99,-26.94],[32.83,-27.24],[32.69,-27.62],[32.65,-28.12],[32.19,-29.11],[31.79,-29.56],[31.54,-29.66],[31.06,-30.04],[30.7,-30.69],[29.86,-31.55],[29.53,-31.74],[29.48,-31.89],[28.55,-32.84],[28.25,-33.1],[27.8,-33.35],[27.58,-33.57],[27.26,-33.73],[27.17,-33.88],[26.43,-34.31],[26.24,-34.36],[26.39,-35.34],[26.53,-36.32],[26.67,-37.3],[26.81,-38.28],[26.95,-39.26],[27.09,-40.24],[27.23,-41.23],[27.37,-42.21],[27.51,-43.19],[27.66,-44.17],[27.8,-45.15],[27.94,-46.13],[28.08,-47.11],[28.22,-48.09],[28.36,-49.07],[28.5,-50.05],[28.64,-51.03],[28.78,-52.02],[28.92,-53],[29.07,-53.98],[29.21,-54.96],[29.35,-55.94],[29.49,-56.92],[29.63,-57.9],[29.77,-58.88],[29.91,-59.86],[30.05,-60.84],[30.19,-61.82],[30.33,-62.81],[30.48,-63.79],[30.62,-64.77],[30.76,-65.75],[30.9,-66.73],[31.04,-67.71],[31.18,-68.69],[32,-68.52],[32.78,-68.66],[32.84,-68.47],[33.17,-68.42],[33.51,-68.55],[33.94,-68.49],[34.8,-68.7],[35.07,-69.02],[35.65,-69.12],[36.41,-69.06],[37.02,-69.26],[37.22,-69.5],[37.57,-69.3],[38.03,-69.36],[37.77,-69.57],[38.59,-69.75],[39.37,-69.62],[39.64,-69.42],[39.61,-69.19],[38.73,-68.91],[39.23,-68.74],[40.28,-68.71],[40.66,-68.54],[41.98,-68.2],[42.42,-68.15],[42.35,-67.98],[43.7,-68.02],[44.32,-67.93],[44.75,-67.71],[45.64,-67.67],[46.16,-67.59],[46.03,-67.47],[46.46,-67.23],[47.31,-67.24],[47.78,-67.54],[48.15,-67.6],[48.56,-67.29],[48.18,-67.11],[48.26,-66.95],[49.24,-66.79],[49.65,-67],[50.29,-67.1],[50.07,-66.5],[50.15,-66.28],[50.42,-66.12],[51.59,-65.7],[52.26,-65.7],[52.77,-65.91],[53.7,-65.8],[54.78,-65.86],[54.5,-65.64],[54.05,-65.58],[54.21,-65.42],[54.56,-65.53],[55.2,-65.57],[55.57,-65.71],[56.36,-65.78],[56.54,-65.91],[56,-65.99],[55.99,-66.16],[56.25,-66.27],[56.86,-66.1],[57.17,-65.92],[57.69,-66.13],[58.28,-66.5],[57.92,-66.66],[56.9,-66.78],[56.83,-66.9],[57.38,-66.97],[58.01,-66.87],[58.11,-67.02],[58.89,-67.06],[59.14,-67.29],[59.54,-67.04],[59.09,-66.64],[60.03,-66.78],[61.28,-66.86],[60.65,-67.11],[61.23,-67.43],[61.77,-67.39],[62,-67.51],[62.75,-67.58],[62.83,-67.39],[63.2,-66.95],[63.63,-67],[64.37,-66.98],[65.1,-67.04],[64.97,-66.86],[66.14,-66.89],[66.77,-67.16],[66.46,-67.24],[66.09,-67.13],[65.95,-66.98],[65.53,-66.95],[65.24,-67.05],[65.78,-67.35],[64.83,-67.43],[64.54,-67.58],[65.26,-67.6],[66.07,-67.4],[67.24,-67.38],[67.37,-67.52],[66.7,-67.55],[66.75,-67.66],[67.87,-67.75],[68.38,-67.7],[68.75,-67.48],[69.73,-67.48],[70.33,-67.62],[70.05,-67.83],[70.36,-68.18],[70.22,-68.38],[70.37,-68.71],[71.06,-68.7],[71.36,-68.61],[72.7,-68.63],[73.49,-68.88],[74.27,-69.35],[74.21,-69.52],[74.79,-69.6],[74.84,-69.38],[75.36,-69.53],[76.47,-69.33],[77.19,-69.04],[77.45,-69.04],[77.79,-68.83],[77.65,-68.62],[78.46,-68.34],[78.17,-68.25],[79.73,-67.99],[80.24,-67.87],[81.13,-67.79],[81.42,-67.43],[81.46,-67.24],[81.22,-67],[81.28,-66.52],[81.57,-66.4],[82.04,-66.33],[82.37,-66.42],[82.69,-66.78],[82.62,-67.25],[83.32,-67.15],[84.12,-66.9],[84.08,-66.67],[85.09,-66.51],[86.03,-66.3],[86.44,-66.31],[88.21,-66.55],[88.74,-66.71],[89.63,-66.74],[89.9,-66.56],[90.26,-66.7],[90.85,-66.53],[90.79,-66.34],[91.03,-66.3],[91.28,-66.51],[91.73,-66.45],[92.24,-66.47],[92.58,-66.57],[93.26,-66.5],[94.17,-66.54],[94.97,-66.42],[94.95,-66.22],[95.56,-66.17],[95.54,-65.66],[95.41,-65.53],[95.65,-64.76],[95.6,-64.54],[96.04,-64.62],[95.92,-64.92],[96.52,-64.93],[96.44,-64.69],[96.89,-64.67],[96.86,-64.86],[97.09,-65.05],[97.78,-65.41],[98.54,-65.65],[99.16,-65.64],[99.54,-65.76],[99.73,-65.39],[100.16,-65.42],[100.71,-65.25],[101.06,-65.36],[101.62,-65.39],[101.58,-65.59],[102.32,-65.63],[102.88,-65.73],[103.04,-65.4],[102.61,-65.13],[101.66,-65.01],[101.17,-65.13],[100.56,-64.93],[100.3,-64.55],[99.99,-64.45],[99.98,-64.29],[100.88,-64.26],[101.41,-64.46],[101.59,-64.67],[101.88,-64.76],[102.32,-64.75],[102.76,-64.85],[102.85,-65.06],[103.22,-65.09],[104.14,-64.96],[104.6,-65.04],[105.39,-65.03],[105.74,-65.15],[106.01,-65.46],[105.56,-65.49],[104.73,-65.28],[104.73,-65.45],[104.05,-65.53],[104.05,-65.87],[104.96,-66.06],[105.3,-66.04],[105.99,-66.27],[108.42,-66.56],[108.65,-66.76],[109.28,-66.77],[109.78,-66.47],[110.04,-66.46],[110.23,-66.27],[109.94,-66.01],[110.17,-65.93],[110.18,-65.69],[110.51,-65.72],[110.82,-65.96],[111.56,-65.87],[112.29,-65.85],[112.39,-65.47],[112.94,-65.67],[113.18,-65.66],[113.83,-65.81],[114.01,-66],[114.57,-66.19],[114.69,-66.38],[115.06,-66.4],[115.78,-66.26],[116.31,-66.4],[116.69,-66.4],[116.81,-66.6],[117.75,-66.76],[118.23,-66.93],[118.49,-66.88],[119.22,-66.92],[119.5,-66.64],[120.28,-66.66],[121.05,-66.57],[121.39,-66.45],[121.82,-66.42],[122.04,-66.54],[122.66,-66.72],[123.46,-66.69],[124.04,-66.5],[124.57,-66.38],[125.02,-66.39],[125.26,-66.17],[126.13,-66.21],[127.23,-66.5],[127.91,-66.89],[128.48,-66.99],[129.26,-66.9],[129.7,-66.4],[130.32,-66.08],[131.08,-66.07],[131.72,-65.82],[131.8,-65.5],[132.21,-65.54],[132.53,-65.65],[132.19,-65.86],[132.89,-66.05],[133.4,-65.97],[134.02,-65.73],[133.58,-65.68],[133.61,-65.54],[134.05,-65.37],[134.91,-65.44],[135.2,-65.61],[134.89,-65.87],[134.85,-66.01],[135.37,-66.05],[135.59,-66.16],[135.95,-66.14],[135.89,-65.96],[135.59,-65.85],[135.48,-65.55],[136.62,-65.55],[136.7,-65.81],[136.57,-66.04],[136.22,-66.22],[137.55,-66.29],[138.42,-66.49],[139.72,-66.48],[140.17,-66.64],[140.51,-66.6],[140.95,-66.39],[141.62,-66.46],[142.26,-66.82],[142.89,-66.88],[143.27,-66.74],[143.72,-66.71],[143.91,-66.81],[144.64,-66.93],[144.95,-67.17],[145.99,-66.71],[146.21,-66.68],[146.63,-66.83],[145.85,-67.36],[147.03,-67.39],[147.83,-67.76],[147.49,-68.01],[148.3,-68.34],[148.95,-68.36],[149.18,-68.25],[149.84,-68.36],[150.51,-68.39],[150.63,-68.18],[151.09,-68.21],[151.19,-68.61],[151.85,-68.5],[151.99,-68.38],[152.67,-68.34],[152.46,-67.37],[152.24,-66.4],[152.03,-65.43],[151.82,-64.45],[151.6,-63.48],[151.39,-62.51],[151.18,-61.54],[150.96,-60.57],[150.75,-59.59],[150.54,-58.62],[150.32,-57.65],[150.11,-56.68],[149.9,-55.71],[149.68,-54.73],[149.47,-53.76],[149.25,-52.79],[149.04,-51.82],[148.83,-50.85],[148.61,-49.87],[148.4,-48.9],[148.19,-47.93],[147.97,-46.96],[147.76,-45.99],[147.55,-45.01],[147.33,-44.04]],[[140.09,-66.31],[139.86,-66.21],[139.73,-65.97],[140.43,-66.09],[140.57,-66.26],[140.09,-66.31]],[[116.21,-65.63],[115.95,-65.41],[115.09,-65.49],[114.92,-65.56],[114.21,-65.47],[114.55,-65.37],[115.66,-65.25],[116.04,-65.31],[116.26,-65.18],[116.82,-65.16],[116.89,-65.28],[116.62,-65.53],[116.21,-65.63]],[[126.78,-65.62],[126.77,-65.87],[126.09,-65.82],[126.51,-65.61],[126.78,-65.62]],[[124.34,-65.94],[124.33,-66.17],[123.45,-66.12],[123.5,-65.99],[123.93,-66.03],[124.34,-65.94]],[[131.29,-65.13],[130.72,-65.01],[130.93,-64.92],[132.03,-64.91],[132.15,-65.05],[131.29,-65.13]],[[97.75,-64.3],[97.97,-64.52],[97.66,-64.55],[97.75,-64.3]],[[73.25,-53.11],[73.13,-53.04],[73.24,-52.85],[73.57,-52.77],[74,-52.99],[73.61,-53.27],[73.19,-53.26],[73.25,-53.11]],[[44.39,-52.9],[44.1,-52.86],[44.38,-52.6],[44.56,-52.62],[44.39,-52.9]],[[74.6,-52.58],[74.38,-52.72],[74.36,-52.91],[74.08,-52.89],[74.6,-52.58]],[[76.33,-51.78],[76.01,-51.71],[75.81,-51.55],[75.94,-51.31],[76.33,-51.78]],[[71.04,-51.38],[70.89,-51.45],[70.44,-51.34],[70.26,-51.03],[70.44,-51.03],[70.9,-51.24],[71.04,-51.38]],[[71.81,-51.36],[71.63,-51.15],[71.8,-51.08],[72.03,-51.2],[71.81,-51.36]],[[68.79,-47.59],[68.99,-47.83],[69.56,-47.75],[69.82,-47.96],[70.17,-48.07],[70.34,-48.24],[70.74,-48.25],[70.69,-47.94],[70.3,-47.94],[70.71,-47.68],[70.93,-47.29],[71.19,-47.42],[71.1,-47.59],[71.55,-47.91],[71.45,-48.02],[71.03,-48.22],[70.96,-48.46],[70.81,-48.56],[70.79,-48.75],[70.91,-49.05],[70.85,-49.31],[71.12,-49.37],[70.69,-49.89],[70.46,-49.86],[70.13,-50.11],[69.85,-50.15],[69.32,-50.05],[68.75,-50.15],[68.58,-50.01],[68.19,-50.06],[67.93,-49.94],[67.97,-49.77],[68.16,-49.61],[68.18,-49.33],[68.29,-49.22],[68.18,-49.07],[67.6,-49.01],[67.57,-49.18],[67.81,-49.7],[67.47,-49.63],[67.34,-49.42],[67.48,-49.23],[67.25,-49.2],[67.13,-48.85],[67.18,-48.72],[67.56,-48.3],[67.57,-48.57],[67.74,-48.85],[68.15,-48.81],[68.28,-48.68],[68.19,-48.55],[68.32,-48.23],[68.68,-48.23],[69.01,-48.13],[68.92,-47.93],[68.74,-47.79],[68.79,-47.59]],[[68.2,-47.58],[68.02,-47.44],[68.03,-47.29],[68.53,-47.27],[68.2,-47.58]],[[69.56,-47.35],[69.63,-47.19],[69.97,-47.27],[69.77,-47.4],[69.56,-47.35]],[[65.16,-50.05],[64.79,-49.98],[64.81,-49.79],[65.22,-49.83],[65.16,-50.05]],[[39.64,-46.62],[39.56,-46.44],[39.8,-46.39],[39.94,-46.53],[39.64,-46.62]],[[42.7,-46.61],[42.73,-46.49],[42.46,-46.17],[42.83,-46.19],[42.92,-46.28],[42.7,-46.61]],[[49.55,-46.59],[49.31,-46.49],[49.23,-46.27],[49.43,-45.97],[49.72,-45.97],[49.89,-46.13],[49.75,-46.56],[49.55,-46.59]],[[49.95,-46],[49.89,-45.56],[50.14,-45.48],[50.29,-45.65],[50.06,-45.77],[50.27,-45.9],[50.71,-45.56],[50.97,-45.71],[50.94,-46.14],[50.54,-46.1],[50.37,-46.14],[50.49,-46.49],[50.25,-46.53],[50.28,-46.23],[49.95,-46]],[[51.53,-46.65],[51.73,-46.63],[51.82,-46.77],[51.25,-46.79],[51.28,-46.66],[51.53,-46.65]],[[46.25,-25.64],[46.15,-25.7],[45.72,-26.19],[45.37,-26.3],[45.18,-26.06],[44.91,-26.18],[44.24,-25.51],[44.17,-25.33],[43.98,-25.08],[43.9,-24.66],[43.57,-24.39],[43.61,-23.93],[43.52,-23.62],[43.66,-23.51],[43.59,-23.32],[43.29,-22.85],[43.11,-22.37],[43.16,-21.79],[43.26,-21.42],[43.59,-21.14],[43.97,-20.25],[43.88,-19.7],[43.93,-19.48],[43.88,-19.27],[43.92,-18.93],[43.88,-18.69],[43.47,-18.14],[43.36,-18.05],[43.37,-17.9],[43.21,-17.56],[43.16,-17.23],[43.22,-16.77],[43.58,-16.44],[43.75,-16.08],[44.21,-15.72],[44.62,-15.6],[44.86,-15.59],[45.19,-15.68],[45.58,-15.64],[45.87,-15.52],[46.13,-15.33],[46.44,-15.29],[46.77,-14.91],[47.04,-14.82],[47.29,-14.6],[47.43,-14.42],[47.45,-14.24],[47.65,-14.07],[47.65,-13.77],[47.96,-13.38],[48.1,-13.13],[48.15,-12.93],[48.5,-12.21],[48.63,-12.14],[48.8,-12.16],[49.01,-12.08],[49.31,-11.88],[49.44,-12.15],[49.64,-12.38],[49.66,-12.59],[49.99,-12.72],[49.97,-13.18],[50.07,-13.37],[50.24,-14.06],[50.24,-14.46],[50.31,-14.59],[50.36,-14.9],[50.6,-15.14],[50.64,-15.45],[50.39,-16.1],[50.33,-16.75],[50.09,-17.25],[49.88,-17.42],[49.61,-18.16],[49.21,-19.15],[48.8,-20.27],[48.7,-20.37],[48.58,-20.8],[48.57,-21.07],[48.44,-21.26],[48.46,-21.48],[48.37,-21.65],[48.31,-22.09],[48.12,-22.37],[48.01,-22.64],[47.9,-23.27],[47.74,-23.57],[47.62,-24.25],[47.48,-24.87],[47.27,-25.28],[47.15,-25.4],[46.68,-25.58],[46.25,-25.64]],[[45.25,-13],[44.99,-13.03],[44.95,-12.9],[44.95,-12.58],[45.06,-12.52],[45.31,-12.71],[45.25,-13]],[[47.61,-12.98],[47.64,-12.74],[47.6,-12.49],[47.71,-12.16],[47.95,-11.94],[48.07,-12.18],[48.32,-12.33],[48.03,-12.42],[47.98,-12.67],[47.61,-12.98]],[[43.87,-12.46],[43.56,-12.47],[43.63,-12.21],[43.81,-12.21],[43.95,-12.35],[43.87,-12.46]],[[44.38,-12.11],[44.56,-12.23],[44.51,-12.41],[44.19,-12.21],[44.38,-12.11]],[[46.49,-12.24],[46.57,-12.43],[46.16,-12.45],[46.22,-12.25],[46.36,-12.33],[46.49,-12.24]],[[43.52,-11.95],[43.38,-11.94],[43.19,-11.76],[43.25,-11.36],[43.43,-11.37],[43.52,-11.95]],[[60.57,-11.3],[60.24,-10.91],[60,-10.42],[60.27,-10.58],[60.66,-10.66],[60.52,-10.35],[60.28,-10.09],[60.03,-10.31],[59.83,-10.16],[59.64,-9.78],[59.67,-9.53],[59.91,-9.81],[60.23,-9.85],[60.37,-9.98],[60.55,-9.99],[60.66,-9.87],[61.03,-9.69],[61.29,-9.62],[61.52,-9.82],[61.64,-9.84],[61.8,-9.69],[62.02,-9.81],[62.14,-9.96],[62.3,-10.04],[62.26,-10.27],[62.31,-10.74],[62.24,-11.27],[62.33,-11.41],[62.19,-11.63],[62.06,-11.71],[62.01,-11.92],[61.84,-11.78],[61.74,-11.58],[61.46,-11.53],[61.35,-11.42],[61.35,-11.16],[61.08,-11.68],[60.78,-11.68],[60.57,-11.3]],[[51.08,-10.29],[51.01,-10.09],[51.23,-10.11],[51.08,-10.29]],[[51.11,-9.75],[50.94,-9.68],[51,-9.2],[51.19,-9.31],[51.11,-9.55],[51.11,-9.75]],[[46.39,-9.46],[46.21,-9.48],[46.16,-9.36],[46.45,-9.31],[46.39,-9.46]],[[60.17,-9.5],[59.98,-9.28],[60.01,-9.17],[59.91,-8.78],[59.96,-8.68],[60.15,-8.69],[60.31,-8.81],[60.45,-9.06],[60.43,-9.42],[60.26,-9.56],[60.17,-9.5]],[[47.12,-8.71],[47.03,-9.04],[46.88,-8.75],[46.97,-8.59],[47.12,-8.71]],[[60.11,-8.6],[59.99,-8.47],[60.04,-8.34],[60.2,-8.32],[60.29,-8.54],[60.11,-8.6]],[[60.52,-13.26],[60.71,-13.26],[60.71,-13.47],[60.8,-13.64],[60.95,-13.56],[61.1,-13.66],[61.21,-13.86],[61.18,-14.08],[61.19,-14.52],[61.13,-14.73],[61.23,-15.02],[61.2,-15.17],[60.83,-15.17],[60.86,-14.98],[60.72,-14.95],[60.68,-15.26],[60.78,-15.48],[60.59,-15.59],[60.39,-15.59],[60.08,-15.4],[59.94,-15.01],[60.03,-14.77],[60.05,-14.3],[60.35,-13.81],[60.52,-13.26]],[[59.97,-15.84],[60.12,-15.93],[60.13,-16.14],[59.93,-16.43],[59.91,-16.63],[59.82,-16.81],[59.65,-16.91],[59.41,-16.96],[59.19,-16.74],[59.28,-16.1],[59.51,-15.9],[59.65,-15.96],[59.97,-15.84]],[[60.03,-16.71],[60.11,-16.47],[60.22,-16.53],[60.03,-16.71]],[[59.11,-17.14],[59.24,-16.96],[59.41,-17.08],[59.41,-17.25],[59.24,-17.36],[59.11,-17.14]],[[58.62,-18.69],[58.61,-18.52],[58.89,-18.53],[58.87,-18.67],[58.62,-18.69]],[[62.17,-19.7],[61.7,-19.52],[61.83,-19.42],[62.17,-19.7]],[[63.17,-19.65],[63.45,-19.59],[63.6,-19.63],[63.56,-19.81],[63.38,-19.88],[63.12,-19.86],[63.17,-19.65]],[[57.81,-19.8],[57.79,-20.03],[57.87,-20.31],[57.66,-20.53],[57.43,-20.57],[57.24,-20.42],[57.49,-20.02],[57.66,-19.83],[57.81,-19.8]],[[55.26,-20.94],[55.39,-20.84],[55.72,-20.91],[55.88,-21.13],[55.84,-21.36],[55.58,-21.4],[55.23,-21.2],[55.16,-21.06],[55.26,-20.94]],[[56.87,-7.13],[57.01,-7.33],[56.88,-7.45],[56.8,-7.19],[56.87,-7.13]],[[55.96,-3.75],[56.13,-3.87],[56.18,-4.09],[56.3,-4.23],[56.42,-4.54],[56.8,-4.96],[57.09,-5.12],[57.17,-5.29],[57.01,-5.61],[56.78,-5.8],[56.54,-5.82],[56.43,-5.94],[56.44,-6.32],[56.38,-6.43],[56.19,-6.48],[56.14,-6.36],[56.23,-6.21],[56.28,-5.66],[56.16,-5.42],[55.85,-5.32],[55.46,-5.31],[55.33,-5.11],[54.99,-5.06],[54.73,-4.89],[53.99,-4.72],[54.02,-4.47],[54.58,-3.88],[55.04,-3.69],[55.21,-3.67],[55.6,-3.71],[55.71,-3.64],[55.96,-3.75]],[[53.24,-6.12],[53,-6.31],[52.81,-6.05],[53.07,-5.78],[53.11,-5.54],[53.21,-5.32],[53.29,-4.86],[53.42,-4.93],[53.34,-5.23],[53.4,-5.44],[53.4,-5.68],[53.23,-5.99],[53.24,-6.12]],[[39.92,-4.84],[39.9,-5.22],[39.83,-5.48],[39.54,-5.46],[39.53,-5.18],[39.64,-5.04],[39.7,-4.7],[39.92,-4.84]],[[91.52,-65.4],[91.91,-65.29],[92.05,-65.49],[91.78,-65.55],[91.52,-65.4]],[[93.16,-65.54],[93.42,-65.57],[93.13,-65.82],[92.37,-65.87],[92.2,-65.7],[92.52,-65.6],[93.16,-65.54]],[[88.51,-65.81],[89.18,-66],[88.77,-66.07],[88.51,-65.81]],[[90.17,-66.57],[89.19,-66.43],[89.26,-66.2],[90.12,-66.26],[90.36,-66.5],[90.17,-66.57]],[[86.8,-66.15],[86.81,-65.97],[87.74,-65.99],[87.58,-66.14],[86.8,-66.15]],[[48.68,-66.67],[48.76,-66.81],[48.3,-66.86],[48.01,-66.71],[48.68,-66.67]],[[35.62,-68.38],[36,-68.46],[35.9,-68.6],[35.43,-68.66],[35.15,-68.54],[35.62,-68.38]],[[78.08,-66.98],[77.89,-67.19],[77.56,-67.02],[78.08,-66.98]],[[62.86,-67.02],[62.71,-67.35],[61.92,-67.28],[62.07,-67.1],[62.86,-67.02]],[[76.18,-67.24],[76.19,-67.47],[75.49,-67.61],[75.74,-67.29],[76.18,-67.24]],[[77.77,-67.53],[78.62,-67.48],[78.54,-67.67],[78.03,-67.79],[77.73,-67.71],[77.77,-67.53]]]},"properties":{"scalerank":0,"featurecla":"Bathymetry","depth":200}},
{"type":"Feature","geometry":{"type":"Polygon","coordinates":[[[129.82,41.64],[129.89,41.41],[129.8,41.17],[129.83,40.86],[129.61,40.63],[129.39,40.64],[128.91,40.18],[128.78,40.15],[128.19,39.68],[128.14,39.42],[128.24,39.08],[128.53,38.6],[128.62,38.32],[129.25,37.57],[129.61,37.3],[129.59,37.14],[129.84,36.69],[129.8,36.42],[129.68,36.29],[129.71,35.79],[130.11,35.53],[130.58,35.5],[130.81,35.53],[131.19,35.74],[131.54,35.78],[131.86,35.65],[132.15,35.62],[132.44,35.74],[132.61,35.98],[132.83,36.19],[132.87,36.55],[133.01,36.67],[133.25,36.45],[133.47,36.44],[133.79,36.11],[133.76,35.79],[134.23,35.72],[134.74,35.82],[135.07,35.83],[135.31,35.99],[135.7,35.81],[135.92,35.96],[135.85,36.31],[135.97,36.45],[136.13,36.44],[136.42,36.87],[136.45,37.09],[136.23,37.3],[136.28,37.52],[136.52,37.78],[136.77,37.96],[137.13,37.98],[137.38,37.88],[137.53,37.66],[137.52,37.39],[137.18,37.21],[137.09,36.9],[137.37,36.83],[137.52,37.01],[137.88,37.09],[138.15,37.37],[138.51,37.52],[138.67,37.73],[138.59,37.97],[138.4,37.69],[138.23,37.72],[138.17,38.02],[138.27,38.26],[138.66,38.49],[138.54,38.19],[138.76,38.16],[138.98,38.47],[139.5,38.82],[139.57,39.05],[139.5,39.26],[139.83,39.29],[139.83,39.52],[139.57,39.85],[139.66,40.21],[139.64,40.41],[139.81,40.5],[139.86,40.72],[140.04,40.91],[140.06,41.03],[139.87,41.4],[140.05,42],[139.71,42.23],[139.78,42.61],[140.4,43.06],[140.26,43.22],[140.26,43.45],[140.55,43.46],[140.69,43.37],[140.88,43.44],[140.88,43.6],[141.12,43.73],[141.23,43.96],[141.12,44.41],[140.94,44.59],[140.77,44.96],[140.94,45.25],[140.91,45.6],[141.15,45.92],[141.06,46.26],[141.15,46.53],[141.58,46.82],[141.84,47.26],[141.38,47.78],[141.37,48.05],[141.5,48.31],[141.46,48.61],[141.53,49.04],[141.64,49.17],[141.67,49.52],[141.44,49.54],[141.09,49.13],[141.01,48.82],[140.74,48.6],[140.69,48.44],[140.19,47.96],[139.8,47.74],[139.6,47.36],[139.28,47.02],[139.16,47],[138.7,46.45],[138.41,46.25],[138.35,46.09],[138.15,45.97],[137.79,45.59],[137.49,45.38],[137.28,45.07],[137.13,45.1],[136.88,44.89],[136.16,44.17],[135.79,43.94],[135.75,43.81],[135.27,43.37],[134.57,42.97],[134.37,42.93],[134.04,42.72],[133.59,42.59],[132.94,42.56],[132.29,42.41],[131.74,42.46],[131.34,42.4],[131.19,42.32],[130.81,42.27],[129.82,41.64]],[[140.7,44.9],[140.81,44.65],[140.77,44.36],[140.05,44.67],[139.97,44.94],[140.38,45.04],[140.52,44.8],[140.7,44.9]]]},"properties":{"scalerank":0,"featurecla":"Bathymetry","depth":200}},
{"type":"Feature","geometry":{"type":"Polygon","coordinates":[[[-47.65,46.21],[-47.84,45.93],[-48.28,45.7],[-48.4,45.58],[-48.68,45.51],[-48.88,45.08],[-49.13,44.89],[-49,44.38],[-49.03,44.12],[-49.12,43.92],[-49.45,43.56],[-49.6,43.21],[-49.91,42.93],[-50.51,42.86],[-51.65,43.41],[-51.89,43.49],[-52.13,43.71],[-52.34,43.79],[-52.82,44.12],[-53.01,44.41],[-53.22,44.39],[-53.59,44.47],[-54.12,44.8],[-54.26,44.79],[-54.51,45.11],[-54.95,45.08],[-55.14,45.15],[-55.35,45.03],[-55.49,45.08],[-55.88,44.9],[-56.08,44.91],[-56.25,45.22],[-56.87,45.85],[-56.92,45.97],[-57.26,46.25],[-57.43,46.5],[-57.43,46.71],[-56.87,47.05],[-56.66,47.12],[-56.24,47.41],[-56.18,47.6],[-56.61,47.53],[-56.78,47.36],[-57.17,47.36],[-57.5,47.09],[-57.87,46.88],[-58.05,46.99],[-58.11,47.16],[-57.83,47.26],[-57.53,47.55],[-57.99,47.53],[-58.34,47.57],[-58.24,47.36],[-58.45,47.29],[-59.27,47.53],[-59.55,47.91],[-59.57,48.14],[-59.7,48.26],[-59.72,48.6],[-59.55,48.88],[-59.25,49.24],[-59.11,49.54],[-58.81,49.81],[-58.19,50.12],[-57.98,50.14],[-57.64,50.43],[-57.59,50.69],[-58.53,50.33],[-58.83,50.19],[-59.49,49.97],[-59.68,49.83],[-59.97,49.4],[-60.11,49.39],[-60.36,49.62],[-60.78,49.83],[-62.2,49.85],[-62.27,49.63],[-61.29,49.45],[-60.58,49.1],[-60.77,48.81],[-61.12,48.82],[-61.41,48.89],[-62.3,48.94],[-63.14,49.13],[-63.62,49.3],[-63.86,49.49],[-64.58,49.69],[-65.39,49.81],[-66.11,50.03],[-66.52,49.97],[-66.85,49.82],[-66.93,49.52],[-67.28,49.27],[-67.75,49.23],[-68.32,48.87],[-68.06,48.78],[-67.58,48.95],[-67,49.06],[-66.79,49.18],[-65.75,49.33],[-65.29,49.32],[-64.77,49.23],[-63.98,48.87],[-63.81,48.87],[-63.35,48.75],[-63.11,48.53],[-62.8,48.41],[-62.08,48.34],[-61.12,48.08],[-60.79,47.9],[-60.29,47.43],[-60.31,47.29],[-60.09,47.24],[-60.17,47.07],[-59.89,46.92],[-58.48,45.97],[-58.28,45.91],[-57.77,45.38],[-57.67,45.17],[-57.26,44.77],[-57.24,44.49],[-57.55,44.33],[-57.98,44.31],[-58.26,44.15],[-58.84,43.93],[-59.01,44.09],[-59.1,43.75],[-59.35,43.66],[-60.09,43.54],[-60.23,43.45],[-60.55,43.42],[-60.93,43.28],[-61.22,43.28],[-61.75,43.01],[-62.31,42.95],[-62.45,42.99],[-62.68,42.86],[-63.9,42.82],[-64.17,42.74],[-64.5,42.56],[-65.58,42.14],[-65.9,42.41],[-66.19,42.56],[-66.69,42.58],[-67.04,42.78],[-66.99,42.98],[-67.17,43.09],[-67.48,43.06],[-67.73,42.82],[-67.64,42.65],[-67.9,42.63],[-67.97,42.5],[-67.78,42.38],[-68.24,42.11],[-68.17,41.9],[-67.94,42.1],[-67.63,42.2],[-67.45,42.15],[-67.15,42.23],[-66.08,42.16],[-65.76,41.93],[-65.73,41.81],[-65.99,41.47],[-66.84,40.75],[-67.37,40.48],[-69.34,39.97],[-69.92,39.93],[-70.23,40.06],[-70.63,40.02],[-71.16,40.07],[-71.44,39.94],[-71.73,39.89],[-72.12,39.55],[-72.28,39.51],[-72.32,39.32],[-72.62,39.17],[-73.36,38.45],[-73.53,38.42],[-73.71,38.16],[-73.91,38.02],[-74.47,37.42],[-74.62,37.03],[-74.63,36.77],[-74.78,36.37],[-74.78,36.05],[-74.85,35.87],[-74.83,35.45],[-76.39,33.87],[-77.12,33.27],[-78.12,32.76],[-78.31,32.61],[-78.66,32.5],[-79.63,31.43],[-80.03,30.75],[-80.2,30.22],[-80.2,29.65],[-79.96,28.66],[-79.91,26.86],[-80.06,25.88],[-80.03,25.35],[-80.18,25.02],[-80.4,24.79],[-80.91,24.57],[-81.14,24.38],[-82.57,24.3],[-83.07,24.35],[-83.56,24.53],[-84.07,24.89],[-84.15,24.99],[-84.38,25.47],[-84.42,25.7],[-84.36,25.93],[-84.42,26.48],[-84.56,26.65],[-84.73,27.79],[-84.83,27.97],[-85.58,28.59],[-85.83,28.98],[-86.15,29.31],[-86.56,29.57],[-87.04,29.8],[-87.25,29.7],[-87.43,29.47],[-87.86,29.28],[-88.48,29.19],[-89.18,28.81],[-89.37,28.59],[-89.69,28.57],[-89.9,28.64],[-89.96,28.54],[-89.9,28.33],[-90.14,28.16],[-90.58,28.04],[-90.87,28.02],[-91.12,27.95],[-91.35,27.99],[-91.62,27.97],[-91.78,27.86],[-92.23,27.92],[-92.38,27.87],[-92.77,27.92],[-92.89,27.82],[-93.11,27.84],[-93.34,27.75],[-93.67,27.76],[-94.07,27.85],[-94.34,27.82],[-94.72,27.87],[-95.65,27.71],[-96.16,27.41],[-96.4,27.07],[-96.45,26.74],[-96.33,26.53],[-96.35,25.59],[-96.57,25.04],[-96.76,24.85],[-96.91,24.56],[-96.91,24.32],[-97.05,24.32],[-97.32,23.7],[-97.38,23.37],[-97.39,22.77],[-97.44,22.59],[-97.35,22.1],[-97.16,21.66],[-97.04,21.48],[-97,21.27],[-96.82,20.79],[-96.6,20.56],[-96.59,20.41],[-96.28,20.02],[-96.02,19.52],[-95.83,19.28],[-95.71,19.23],[-95.44,18.98],[-94.96,18.85],[-94.83,18.76],[-94.18,18.7],[-93.95,18.73],[-93.5,18.94],[-93.23,18.97],[-92.98,19.09],[-92.66,19.61],[-92.23,19.9],[-92.2,20.17],[-92.47,20.72],[-92.51,21.05],[-92.49,21.53],[-92.42,21.92],[-92.2,22.14],[-92.01,22.16],[-91.39,22.43],[-90.73,22.54],[-90.33,22.71],[-90.17,22.92],[-90.03,22.95],[-89.8,23.17],[-89.55,23.26],[-89.34,23.25],[-89.2,23.44],[-89.08,23.72],[-88.76,23.98],[-88.55,23.98],[-88.53,23.81],[-88.39,23.72],[-88.12,23.9],[-87.71,23.73],[-87.27,23.58],[-87.11,23.4],[-87.11,22.88],[-86.92,22.41],[-86.75,22.35],[-86.56,22.16],[-86.49,21.99],[-86.39,21.46],[-86.54,21.15],[-86.63,21.1],[-86.78,20.81],[-86.64,20.66],[-86.71,20.5],[-86.96,20.25],[-87.13,20.26],[-87.43,19.99],[-87.34,19.86],[-87.4,19.41],[-87.37,19.17],[-87.52,19.07],[-87.59,18.77],[-87.76,18.34],[-87.79,18.13],[-87.93,17.86],[-88.01,17.57],[-87.77,17.67],[-87.7,17.6],[-87.77,17.29],[-87.96,17.06],[-88.02,16.78],[-87.95,16.52],[-88.26,16.04],[-88.15,15.8],[-87.91,15.97],[-87.71,15.98],[-87.52,16.09],[-87.27,16.13],[-87.11,16.06],[-86.87,16.18],[-86.69,16.06],[-85.64,16.26],[-85.46,16.13],[-85.18,16.06],[-84.75,16.14],[-84.21,16.09],[-83.7,16.22],[-83.51,16.37],[-83.05,16.49],[-82.84,16.66],[-82.61,16.62],[-82.4,16.7],[-82.25,16.62],[-82.15,16.81],[-82.04,16.83],[-81.8,16.57],[-81.77,16.46],[-81.59,16.38],[-81.38,16.54],[-81.09,16.47],[-80.88,16.12],[-81.04,15.77],[-80.91,15.5],[-81.02,15.26],[-81.14,15.22],[-81.32,15.29],[-81.62,15.31],[-81.54,14.89],[-81.82,14.52],[-81.94,14.18],[-81.95,13.76],[-82.07,13.47],[-82.35,13.05],[-82.36,12.73],[-82.48,12.46],[-82.7,12.25],[-83.05,11.78],[-83.19,11.68],[-83.24,11.48],[-83.5,11.26],[-83.54,11.15],[-83.47,10.95],[-83.47,10.76],[-83.11,10.13],[-82.89,10.01],[-82.7,9.73],[-82.22,9.49],[-82.11,9.36],[-81.96,9.36],[-81.55,9.19],[-81.41,9.18],[-81.46,8.98],[-81.34,8.91],[-80.87,8.98],[-80.59,9.22],[-80.13,9.41],[-79.69,9.71],[-79.36,9.75],[-79,9.63],[-78.64,9.63],[-78.33,9.52],[-77.87,9.27],[-77.66,9.02],[-77.49,8.99],[-77.29,8.84],[-76.79,8.95],[-76.51,9.16],[-76.44,9.39],[-76.25,9.79],[-75.83,10.38],[-75.61,10.58],[-75.6,10.81],[-75.45,11.01],[-75.29,11.07],[-75.06,11.07],[-74.75,11.17],[-74.36,11.14],[-74.22,11.37],[-74.06,11.42],[-73.65,11.38],[-73.41,11.45],[-73.2,11.62],[-73.17,11.82],[-72.97,11.88],[-72.92,12.06],[-72.63,12.14],[-72.48,12.35],[-72.19,12.37],[-71.95,12.48],[-71.55,12.58],[-71.13,12.63],[-70.85,12.79],[-70.54,12.73],[-70.43,12.61],[-70.24,12.58],[-70.03,12.65],[-69.85,12.46],[-69.75,12.22],[-69.74,12.03],[-69.57,11.84],[-69.23,11.64],[-68.99,11.6],[-68.83,11.5],[-68.58,11.46],[-68.22,11.19],[-67.77,10.54],[-67.2,10.59],[-66.97,10.67],[-66.52,10.71],[-66.22,10.82],[-65.9,11.09],[-65.67,11.14],[-64.81,11.15],[-64.46,11.31],[-64.19,11.5],[-63.83,11.6],[-63.49,11.65],[-63.09,11.6],[-62.9,11.51],[-62.78,11.55],[-62.41,11.52],[-62.21,11.46],[-61.93,11.45],[-61.71,11.53],[-61.56,11.47],[-61.06,11.41],[-60.87,11.43],[-60.69,11.36],[-60.51,11.39],[-60.26,10.8],[-60.31,10.4],[-60.11,10.2],[-60.05,10.04],[-59.9,9.88],[-59.69,9.55],[-59.45,9.4],[-59.25,9.08],[-58.84,8.79],[-58.72,8.67],[-58.24,8.44],[-58.12,8.29],[-57.82,8.1],[-57.64,8.1],[-57.44,8],[-56.99,7.7],[-56.78,7.63],[-56.5,7.45],[-56.41,7.3],[-56.19,7.26],[-55.85,7.09],[-55.67,7.28],[-55.53,7.25],[-55.38,7.37],[-55.19,7.3],[-54.99,7.42],[-54.67,7.44],[-54.5,7.4],[-54.3,7.44],[-54.07,7.33],[-53.92,7.4],[-53.73,7.3],[-53.42,7.23],[-53.23,7.06],[-52.59,6.76],[-52.39,6.58],[-52.57,6.28],[-52.39,6.03],[-52.07,6.01],[-51.86,6.08],[-51.5,5.91],[-51.07,5.53],[-50.93,5.3],[-50.82,5.43],[-50.69,5.38],[-50.67,5.2],[-50.51,5.09],[-50.33,4.77],[-50,4.58],[-49.99,4.46],[-49.8,4.29],[-49.22,3.99],[-49.11,3.82],[-48.68,3.68],[-48.47,3.31],[-48.35,3.29],[-48.16,3.03],[-47.9,2.84],[-47.86,2.71],[-47.63,2.53],[-47.32,2.05],[-46.96,1.85],[-46.95,1.69],[-46.66,1.46],[-46.44,2.43],[-46.22,3.41],[-46,4.38],[-45.78,5.35],[-45.57,6.33],[-45.35,7.3],[-45.13,8.28],[-44.91,9.25],[-44.69,10.23],[-44.47,11.2],[-44.25,12.17],[-44.04,13.15],[-43.82,14.12],[-43.6,15.1],[-43.38,16.07],[-43.16,17.05],[-42.94,18.02],[-42.72,19],[-42.5,19.97],[-42.29,20.94],[-42.07,21.92],[-41.85,22.89],[-41.63,23.87],[-41.41,24.84],[-41.19,25.82],[-40.97,26.79],[-40.75,27.76],[-40.54,28.74],[-40.32,29.71],[-40.1,30.69],[-39.88,31.66],[-39.66,32.64],[-39.44,33.61],[-39.22,34.58],[-39,35.56],[-38.79,36.53],[-38.57,37.51],[-38.35,38.48],[-38.13,39.46],[-37.91,40.43],[-37.69,41.4],[-37.47,42.38],[-37.25,43.35],[-37.04,44.33],[-36.82,45.3],[-37.8,45.38],[-39.77,45.55],[-41.74,45.72],[-43.71,45.88],[-45.68,46.05],[-47.65,46.21]],[[-64.99,32.19],[-65,32.37],[-64.81,32.51],[-64.55,32.48],[-64.72,32.26],[-64.99,32.19]],[[-78.78,27.44],[-77.85,27.15],[-77.35,26.93],[-76.93,26.61],[-76.99,26.28],[-77.13,26.18],[-77.2,25.85],[-77.55,26.04],[-77.94,26.56],[-78.07,26.62],[-78.35,26.58],[-78.67,26.47],[-78.81,26.49],[-79.03,26.71],[-79.19,27.07],[-79.19,27.37],[-79.11,27.43],[-78.78,27.44]],[[-77.91,25.86],[-77.65,25.73],[-77.56,25.56],[-77.8,25.39],[-78.02,25.44],[-78.07,25.31],[-77.9,25.11],[-77.85,24.94],[-77.65,24.68],[-77.61,24.34],[-77.47,24.13],[-77.38,23.74],[-77.18,23.47],[-77,23.41],[-76.62,23.49],[-76.56,23.65],[-76.77,23.92],[-77.06,23.91],[-77.22,24.02],[-77.25,24.45],[-77.49,24.79],[-77.59,25.02],[-77.52,25.12],[-77.18,25.16],[-76.97,25.28],[-76.86,25.59],[-76.57,25.58],[-76.57,25.47],[-76.29,25.35],[-76.06,25.14],[-76.1,24.68],[-76.21,24.62],[-76.43,24.87],[-76.64,24.94],[-76.78,24.86],[-76.78,24.71],[-76.52,24.32],[-76.15,23.84],[-76.05,23.81],[-75.68,23.55],[-75.51,23.59],[-75.39,23.73],[-75.26,23.69],[-75.07,23.39],[-75.01,23.2],[-74.78,23],[-74.86,22.84],[-75.06,23.03],[-75.34,23.12],[-75.5,23.11],[-75.74,22.94],[-75.85,22.81],[-75.83,22.62],[-75.67,22.27],[-75.57,22.2],[-75.2,22.28],[-75.16,22.12],[-75.23,21.96],[-75.44,21.95],[-75.7,21.73],[-75.83,22.04],[-76.16,22.26],[-76.3,22.06],[-76.48,22.05],[-76.76,22.26],[-77.14,22.25],[-77.29,22.16],[-77.56,22.33],[-77.8,22.59],[-78.18,22.76],[-78.31,22.75],[-78.62,22.95],[-79.01,23.47],[-79.14,23.87],[-79.27,24.46],[-79.18,25.03],[-79.19,25.25],[-79.34,25.67],[-79.31,25.88],[-79.19,26.07],[-79.02,26.13],[-78.36,25.83],[-77.91,25.86]],[[-76,24.59],[-75.75,24.72],[-75.59,24.68],[-75.25,24.13],[-75.54,24.09],[-75.69,24.35],[-76,24.59]],[[-74.56,24.13],[-74.39,24.11],[-74.47,23.9],[-74.58,23.94],[-74.56,24.13]],[[-74.99,23.74],[-74.75,23.79],[-74.76,23.61],[-74.96,23.64],[-74.99,23.74]],[[-74.39,22.83],[-74.24,22.88],[-74.08,22.78],[-73.77,22.75],[-73.79,22.51],[-74.09,22.23],[-74.3,22.11],[-74.3,22.4],[-74.41,22.59],[-74.39,22.83]],[[-73.15,22.3],[-73.15,22.49],[-72.91,22.45],[-72.96,22.33],[-73.15,22.3]],[[-72.07,21.99],[-71.87,22.01],[-71.78,21.87],[-71.62,21.86],[-71.36,21.73],[-71.54,21.42],[-71.53,21],[-71.86,21.07],[-72.03,21.17],[-72.2,21.46],[-72.51,21.62],[-72.33,21.92],[-72.07,21.99]],[[-71.36,21.02],[-71.17,21.52],[-70.97,21.39],[-70.98,21.28],[-71.16,21.21],[-71.36,21.02]],[[-70.58,21.09],[-70.43,20.87],[-70.62,20.74],[-70.99,20.87],[-70.94,21.02],[-70.75,20.98],[-70.58,21.09]],[[-69.99,20.81],[-69.85,20.91],[-69.6,20.66],[-69.37,20.56],[-69.55,20.43],[-69.52,20.27],[-69.67,20.21],[-69.81,20.31],[-69.95,20.29],[-69.99,20.81]],[[-74.13,20.28],[-74.27,20.04],[-74.78,20.01],[-75,19.88],[-75.52,19.85],[-75.73,19.93],[-76.2,19.96],[-76.77,19.91],[-76.96,19.86],[-77.29,19.86],[-77.7,19.8],[-77.9,19.86],[-78,20.1],[-78.15,20.32],[-78.36,20.4],[-78.48,20.56],[-78.69,20.61],[-78.98,20.77],[-79.17,20.93],[-79.51,21.09],[-79.72,21.5],[-79.98,21.65],[-80.08,21.79],[-80.29,21.86],[-80.52,22.03],[-81.05,22.03],[-81.14,21.97],[-81.12,21.6],[-81.89,21.58],[-82.15,21.45],[-82.34,21.53],[-82.83,21.42],[-83.11,21.46],[-83.36,21.87],[-83.78,21.98],[-84.28,21.86],[-84.51,21.74],[-84.54,21.91],[-84.78,21.81],[-84.96,21.82],[-84.99,21.99],[-84.52,22.52],[-84.11,22.74],[-83.6,22.95],[-83.23,23.05],[-82.58,23.08],[-82.31,23.21],[-81.57,23.18],[-81.4,23.14],[-81.14,23.28],[-80.89,23.32],[-80.71,23.27],[-80.36,23.27],[-80.06,23.09],[-79.84,23.03],[-79.31,22.72],[-78.95,22.78],[-78.33,22.56],[-78.13,22.54],[-77.87,22.4],[-77.63,22.18],[-77.59,22.01],[-77.43,21.87],[-76.93,21.55],[-76.86,21.46],[-76.53,21.32],[-76.22,21.27],[-76.03,21.13],[-75.86,21.17],[-75.59,21.08],[-75.47,20.79],[-74.85,20.72],[-74.48,20.38],[-74.13,20.28]],[[-68.95,20.14],[-68.81,20.18],[-68.71,19.96],[-68.95,19.89],[-68.95,20.14]],[[-70.94,19.97],[-70.66,19.82],[-70.46,19.82],[-70.17,19.69],[-69.88,19.68],[-69.78,19.4],[-69.19,19.37],[-69.09,19.17],[-68.83,19.14],[-68.42,18.77],[-68.14,18.59],[-68.24,18.47],[-68.58,18.28],[-68.47,18.11],[-68.51,18.01],[-68.8,18.1],[-68.82,18.29],[-69.21,18.32],[-69.81,18.44],[-69.98,18.4],[-70.13,18.2],[-70.46,18.08],[-70.65,18.27],[-70.98,18.24],[-71.08,18.03],[-71.27,17.81],[-71.37,17.6],[-71.58,17.38],[-71.68,17.49],[-71.61,17.65],[-71.74,17.7],[-71.73,17.86],[-71.98,18.15],[-72.3,18.19],[-72.72,18.15],[-73.38,18.17],[-73.59,18.03],[-73.89,17.98],[-74.12,18.22],[-74.32,18.25],[-74.66,18.38],[-74.62,18.52],[-74.26,18.7],[-73.98,18.63],[-73.79,18.68],[-73.44,18.55],[-72.76,18.46],[-72.76,18.63],[-73.23,18.81],[-73.17,19],[-72.93,18.94],[-72.79,19.15],[-72.83,19.36],[-72.98,19.55],[-73.42,19.61],[-73.44,19.84],[-73.19,19.96],[-73.03,19.95],[-72.95,20.12],[-72.61,20.03],[-72.52,19.89],[-72.31,19.88],[-71.96,19.76],[-71.94,19.95],[-71.8,20.05],[-71.44,20.03],[-71.19,19.91],[-70.94,19.97]],[[-64.88,18.65],[-64.68,18.85],[-64.26,18.76],[-64.15,18.67],[-64.21,18.51],[-64.77,18.17],[-65.08,18.17],[-65.42,18.05],[-65.69,18.06],[-66.16,17.82],[-66.51,17.82],[-66.79,17.93],[-67.04,17.85],[-67.3,17.9],[-67.43,18.04],[-67.41,18.19],[-67.21,18.55],[-67.08,18.59],[-66.77,18.52],[-65.67,18.5],[-65.13,18.58],[-64.88,18.65]],[[-63.11,18.56],[-62.91,18.52],[-62.87,18.36],[-62.55,18.37],[-62.48,18.31],[-62.7,18.11],[-62.49,17.83],[-62.39,17.78],[-62.23,17.52],[-62.58,17.67],[-62.89,17.73],[-63.21,18.08],[-63.33,18.27],[-63.16,18.39],[-63.11,18.56]],[[-62.1,17.52],[-62.2,17.65],[-62.06,17.79],[-61.86,17.81],[-61.73,17.68],[-61.63,17.45],[-61.66,17.29],[-61.56,17.11],[-61.6,16.99],[-61.98,16.96],[-62.14,17.15],[-61.99,17.37],[-62.1,17.52]],[[-62.5,16.96],[-62.6,16.99],[-62.77,17.27],[-63.04,17.49],[-62.94,17.55],[-62.73,17.43],[-62.49,17.17],[-62.5,16.96]],[[-77.35,17.09],[-77.65,16.83],[-77.73,17],[-78.07,16.78],[-78.34,16.69],[-78.57,16.88],[-78.92,16.83],[-78.92,17.04],[-79.04,17.29],[-79.01,17.49],[-78.77,17.62],[-78.57,17.48],[-78.55,17.37],[-78.03,17.16],[-77.52,17.23],[-77.32,17.31],[-77.35,17.09]],[[-80.29,16.67],[-80.32,16.51],[-80.25,16.17],[-80.42,15.98],[-80.57,16.01],[-80.77,16.3],[-80.94,16.75],[-80.9,16.95],[-80.41,16.77],[-80.29,16.67]],[[-61.57,16.5],[-61.38,16.5],[-61.19,16.3],[-60.97,16.37],[-61.2,16.02],[-61.23,15.84],[-61.42,15.88],[-61.63,15.79],[-61.79,16.04],[-61.87,16.3],[-61.74,16.45],[-61.57,16.5]],[[-79.68,15.91],[-79.78,15.77],[-80.05,15.75],[-80.15,15.96],[-80.08,16.06],[-79.77,16.02],[-79.68,15.91]],[[-61.44,15.67],[-61.19,15.54],[-61.25,15.24],[-61.41,15.21],[-61.52,15.57],[-61.44,15.67]],[[-87.61,16.95],[-87.63,16.76],[-87.81,16.72],[-87.86,16.88],[-87.61,16.95]],[[-87.5,17.48],[-87.43,17.42],[-87.55,17.12],[-87.63,17.18],[-87.5,17.48]],[[-77.56,17.61],[-77.78,17.8],[-77.98,17.82],[-78.21,18.17],[-78.35,18.19],[-78.36,18.38],[-78.14,18.51],[-77.83,18.58],[-76.9,18.44],[-76.65,18.27],[-76.31,18.17],[-76.14,17.96],[-76.22,17.84],[-76.51,17.81],[-76.74,17.88],[-76.96,17.68],[-77.03,17.52],[-77.24,17.5],[-77.42,17.65],[-77.56,17.61]],[[-87.32,18.4],[-87.5,18.39],[-87.51,18.64],[-87.43,18.81],[-87.31,18.83],[-87.21,18.65],[-87.32,18.4]],[[-63.9,17.34],[-63.9,17.43],[-63.5,17.6],[-63.49,17.69],[-63.19,17.69],[-63.21,17.34],[-63.34,17.24],[-63.66,17.19],[-63.9,17.34]],[[-64.58,17.7],[-64.89,17.64],[-64.89,17.8],[-64.72,17.79],[-64.58,17.7]],[[-81.24,19.26],[-81.41,19.25],[-81.43,19.42],[-81.11,19.38],[-81.24,19.26]],[[-79.75,19.79],[-79.73,19.7],[-80.09,19.63],[-80.08,19.73],[-79.75,19.79]],[[-73.11,21.32],[-72.95,21.23],[-73.1,21],[-73.61,20.88],[-73.75,21.02],[-73.72,21.12],[-73.52,21.22],[-73.19,21.23],[-73.11,21.32]],[[-79.88,24.18],[-79.48,23.52],[-79.69,23.41],[-79.97,23.48],[-80.42,23.64],[-80.51,23.74],[-80.49,24],[-80.17,24.12],[-79.88,24.18]],[[-86.16,16.48],[-86.22,16.39],[-86.6,16.24],[-86.59,16.38],[-86.38,16.47],[-86.16,16.48]],[[-61.14,14.61],[-61.26,14.83],[-61.15,14.93],[-60.77,15.02],[-60.74,14.51],[-60.83,14.39],[-61.07,14.43],[-61.14,14.61]],[[-80.18,14.47],[-80.13,14.35],[-80.47,14.26],[-80.36,14.46],[-80.18,14.47]],[[-81.07,14.41],[-81.11,14.13],[-81.31,14],[-81.4,14.16],[-81.29,14.48],[-81.09,14.6],[-81.07,14.41]],[[-61.05,14.09],[-60.83,14.09],[-60.82,13.9],[-60.95,13.64],[-61.1,13.78],[-61.05,14.09]],[[-81.28,13.56],[-81.33,13.29],[-81.46,13.34],[-81.28,13.56]],[[-61.3,13.28],[-61.12,13.39],[-61.03,12.99],[-61.15,12.63],[-61.46,12.22],[-61.53,12.05],[-61.83,11.82],[-62.07,11.79],[-61.97,12],[-61.84,12.03],[-61.75,12.22],[-61.54,12.46],[-61.48,12.7],[-61.31,12.86],[-61.3,13.28]],[[-59.51,12.98],[-59.66,13.09],[-59.68,13.3],[-59.6,13.37],[-59.4,13.17],[-59.51,12.98]],[[-64.26,11.94],[-64.36,11.62],[-64.68,11.85],[-64.54,11.94],[-64.26,11.94]],[[-66.6,11.74],[-66.86,11.71],[-66.99,11.81],[-66.98,11.94],[-66.78,12.06],[-66.57,12.03],[-66.51,11.91],[-66.6,11.74]],[[-68.2,12.07],[-68.27,12],[-68.45,12.25],[-68.39,12.34],[-68.17,12.24],[-68.2,12.07]]]},"properties":{"scalerank":0,"featurecla":"Bathymetry","depth":200}},
{"type":"Feature","geometry":{"type":"Polygon","coordinates":[[[-9.46,4.81],[-9.83,5.17],[-10,5.4],[-10.15,5.44],[-10.36,5.67],[-10.65,5.79],[-10.8,5.91],[-10.95,6.16],[-11.11,6.22],[-11.23,6.37],[-11.4,6.43],[-11.51,6.58],[-11.87,6.83],[-12.03,6.82],[-12.32,7.09],[-12.69,7.22],[-12.98,7.21],[-13.67,7.35],[-13.75,7.46],[-14.16,7.74],[-14.32,8.09],[-14.3,8.44],[-14.65,8.69],[-14.68,8.83],[-14.84,8.96],[-15.22,9.02],[-15.51,9.23],[-16.15,9.41],[-16.58,9.67],[-16.55,9.81],[-16.67,10.04],[-16.82,10.14],[-16.8,10.33],[-16.92,10.53],[-17.17,10.58],[-17.11,10.72],[-17.23,11],[-17.32,11.09],[-17.42,11.66],[-17.35,11.91],[-17.39,12.26],[-17.54,12.39],[-17.67,12.69],[-17.71,12.89],[-17.49,13.42],[-17.42,13.81],[-17.56,14.08],[-17.56,14.43],[-17.64,14.74],[-17.55,14.88],[-17.34,14.97],[-17.32,15.13],[-17.2,15.26],[-16.95,16.08],[-16.86,16.22],[-16.77,16.76],[-16.79,17.05],[-16.65,17.45],[-16.57,17.56],[-16.51,17.98],[-16.52,18.24],[-16.63,18.73],[-16.77,18.99],[-16.76,19.19],[-17,19.45],[-17.08,19.64],[-17.34,19.86],[-17.52,19.91],[-17.66,20.14],[-17.68,20.39],[-17.67,20.97],[-17.54,21.15],[-17.49,21.61],[-17.42,21.85],[-17.42,22.11],[-17.2,22.66],[-17.06,23.29],[-16.75,24.01],[-16.72,24.15],[-16.38,24.55],[-16.31,24.85],[-15.91,25.45],[-15.72,25.59],[-15.55,25.6],[-15.19,25.88],[-15.04,26.05],[-14.9,26.1],[-14.73,26.31],[-14.2,26.65],[-14.01,26.87],[-13.79,26.91],[-13.72,27.02],[-13.65,27.48],[-13.3,28.05],[-12.63,28.71],[-12.21,28.97],[-11.69,29.05],[-11.37,29.24],[-11.01,29.26],[-10.37,29.72],[-10.06,30],[-9.99,30.13],[-9.99,30.42],[-10.18,30.7],[-10.1,30.88],[-10.18,31.05],[-10.21,31.52],[-10.2,31.57],[-10.17,31.64],[-10.15,31.85],[-9.91,32.05],[-9.84,32.27],[-9.57,32.69],[-9.45,32.99],[-9.14,33.27],[-8.62,33.66],[-8.11,33.93],[-6.98,34.3],[-6.88,34.49],[-6.84,34.76],[-6.67,34.93],[-6.47,35.32],[-6.44,35.62],[-5.82,35.9],[-5.26,35.93],[-5.2,35.69],[-4.99,35.57],[-4.77,35.31],[-4.36,35.23],[-4.38,35.41],[-4.17,35.4],[-4.12,35.26],[-3.65,35.43],[-3.52,35.38],[-3.16,35.41],[-2.87,35.55],[-2.66,35.31],[-2.11,35.26],[-1.75,35.32],[-1.31,35.6],[-1.2,35.75],[-0.64,35.84],[0.04,36.11],[0.13,36.2],[1.13,36.56],[1.66,36.58],[2.41,36.73],[2.58,36.72],[2.79,36.85],[3.51,36.85],[3.81,36.96],[4.76,36.94],[5.07,36.87],[5.31,36.73],[5.47,36.75],[5.78,36.95],[6.03,36.95],[6.33,37.11],[6.51,37.12],[6.74,37.01],[7.02,37.02],[7.36,37.17],[7.65,37.04],[8.33,37.15],[8.5,37.23],[8.88,37.21],[8.85,37.36],[8.6,37.37],[8.91,37.77],[9.71,37.45],[9.99,37.57],[10.13,37.54],[10.4,37.63],[10.46,37.78],[10.7,37.83],[10.81,37.93],[11.03,37.88],[10.68,37.56],[10.58,37.34],[10.79,37.27],[11.05,37.38],[11.34,36.99],[11.48,36.66],[11.47,36.1],[11.73,36.01],[11.94,36.15],[12.01,35.98],[12.24,35.9],[12.46,35.98],[12.56,35.67],[12.86,35.64],[13.08,35.47],[13.08,35.34],[13.33,35.26],[13.49,35.12],[13.53,34.95],[13.02,34.76],[13.53,34.48],[13.54,34.25],[13.26,34.15],[12.89,34.19],[12.87,33.89],[12.66,33.8],[12.69,33.57],[12.88,33.28],[13.18,33.22],[13.65,33.25],[13.83,33.08],[14.38,32.84],[14.67,32.77],[14.85,32.57],[15.32,32.55],[15.79,32.41],[15.91,32.22],[16.13,32.12],[16.14,32.02],[16.42,31.64],[16.64,31.49],[17,31.45],[17.16,31.5],[17.58,31.46],[18.17,31.18],[18.37,31.16],[19.12,30.65],[19.33,30.6],[19.49,30.65],[19.69,30.91],[19.7,31.12],[19.47,31.71],[19.5,32.03],[19.85,32.21],[20.11,32.58],[20.35,32.73],[20.77,32.73],[21.01,32.85],[21.42,32.87],[21.6,32.97],[21.87,33.01],[22.34,32.94],[22.51,33.01],[22.7,32.96],[23.01,33],[23.09,32.75],[23.78,32.36],[24.04,32.27],[24.17,32.33],[24.48,32.23],[25.01,32.14],[25.23,31.94],[25.18,31.81],[25.44,31.65],[25.58,31.88],[26.12,31.75],[26.29,31.79],[26.44,31.61],[26.68,31.63],[26.99,31.48],[27.22,31.47],[27.73,31.25],[27.9,31.3],[28.06,31.19],[28.28,31.23],[28.56,31.11],[29.23,31.03],[29.43,31.21],[29.79,31.35],[30.22,31.93],[30.63,32.05],[31.73,32.05],[31.83,32.07],[32.2,31.96],[32.87,31.66],[33.2,31.57],[33.86,31.64],[34.13,31.57],[34.36,31.77],[34.56,32.03],[34.6,32.3],[34.77,32.58],[34.8,32.77],[35.32,33.59],[35.37,33.85],[35.61,34.09],[35.6,34.24],[35.72,34.41],[35.81,34.69],[35.81,34.97],[35.88,35.21],[35.82,35.41],[35.68,35.53],[35.79,35.72],[35.77,35.85],[35.91,35.98],[35.8,36.14],[35.38,36.23],[35.07,36.17],[34.82,36.24],[34.53,36.48],[34.25,36.39],[34.04,36.15],[33.88,36.07],[33.22,36.08],[33.08,36.01],[32.64,35.98],[32.26,36.2],[32.03,36.47],[31.47,36.71],[30.87,36.75],[30.7,36.85],[30.61,36.69],[30.63,36.51],[30.44,36.17],[30.07,36.22],[29.76,36.1],[29.54,36.1],[29.07,36.38],[29.06,36.49],[28.76,36.66],[28.42,36.72],[28.13,36.55],[27.82,36.5],[27.67,36.63],[27.34,36.67],[27.24,36.57],[26.88,36.67],[26.79,36.79],[26.91,36.92],[26.86,37.07],[26.36,37.35],[26.35,37.54],[25.98,37.48],[26.09,37.69],[26.47,37.69],[26.7,37.84],[26.97,37.83],[26.7,38.11],[25.93,38.11],[25.76,38.34],[25.91,38.4],[25.83,38.63],[26.21,38.65],[26.48,38.82],[26.47,38.94],[26.17,38.98],[25.78,39.13],[25.54,39.01],[25.37,39.34],[25.69,39.4],[25.85,39.34],[25.96,39.51],[25.65,39.49],[25.43,39.54],[24.97,39.37],[24.77,39.49],[24.87,39.61],[24.89,39.88],[25.09,40.06],[25.49,40.13],[25.81,40.28],[25.72,40.42],[25.3,40.35],[25.17,40.48],[24.94,40.54],[24.64,40.47],[24.41,40.57],[24.27,40.45],[24.43,40.2],[24.28,40.11],[24.05,40.12],[24,39.92],[23.74,40.01],[23.7,39.88],[23.47,39.94],[23.18,39.68],[23.15,39.55],[23.42,39.27],[23.79,39.21],[24.18,39.54],[24.17,39.33],[24.01,39.22],[24.13,39.04],[23.9,38.97],[23.6,39.1],[23.43,39.1],[23.49,38.87],[23.83,38.73],[24.15,38.72],[24.29,38.63],[24.26,38.4],[24.36,38.19],[24.66,38.16],[25.04,37.93],[25.12,37.74],[25.37,37.55],[25.69,37.43],[25.67,37.24],[25.88,37.16],[25.74,36.96],[25.9,36.77],[25.53,36.81],[25.38,36.59],[25.53,36.38],[25.36,36.29],[25.18,36.58],[24.81,36.58],[24.87,36.8],[24.51,36.58],[24.29,36.58],[24.22,36.73],[24.65,36.9],[24.62,37.07],[24.85,37.04],[24.75,37.69],[24.5,37.72],[24.51,37.38],[24.67,37.26],[24.51,37.08],[24.35,37.16],[24.34,37.44],[24.2,37.63],[23.79,37.39],[23.57,37.47],[23.59,37.25],[23.13,37.2],[23.04,37.37],[22.82,37.41],[23.14,36.79],[23.1,36.67],[23.22,36.42],[23.12,36.32],[23.07,36.06],[22.85,36.21],[22.88,36.59],[22.66,36.75],[22.52,36.53],[22.35,36.47],[22.27,36.8],[21.78,36.67],[21.49,37.09],[21.6,37.32],[21.55,37.5],[21.03,37.66],[20.81,37.62],[20.59,37.82],[20.6,38],[20.36,38.1],[20.37,38.37],[20.51,38.45],[20.53,39.04],[20.33,39.03],[20.17,39.13],[19.99,39.35],[19.81,39.45],[19.67,39.65],[19.45,39.7],[19.34,39.89],[19.65,40.1],[19.46,40.19],[19.18,40.47],[18.96,40.87],[18.92,41.1],[18.94,41.57],[18.66,41.78],[18.48,42.28],[18.3,42.39],[17.9,42.53],[17.26,42.57],[16.85,42.44],[16.68,42.29],[16.72,42.04],[17.09,41.45],[17.11,41.33],[17.32,41.28],[17.48,41.08],[18.06,40.98],[18.19,40.82],[18.51,40.69],[18.61,40.35],[18.77,40.02],[18.71,39.84],[18.37,39.67],[18.14,39.67],[17.9,39.76],[17.86,40.01],[17.31,40.33],[16.92,40.4],[16.62,39.69],[16.9,39.62],[17.14,39.49],[17.24,39.1],[17.22,38.93],[17.07,38.84],[16.8,38.84],[16.61,38.75],[16.62,38.4],[16.23,38.16],[16.17,37.92],[16.04,37.85],[15.75,37.9],[15.52,38.07],[15.28,37.79],[15.17,37.49],[15.37,37.01],[15.26,36.89],[15.32,36.65],[15.45,36.5],[15.31,36.18],[15.34,35.6],[15.09,35.42],[14.79,35.48],[14.48,35.74],[14.29,35.81],[14.16,36.08],[14.38,36.14],[14.5,36.29],[14.36,36.58],[14.33,36.77],[14.09,36.94],[13.75,36.99],[13.43,37.11],[13.03,37.36],[12.89,37.1],[12.67,37.11],[12.61,36.89],[12.32,36.85],[12.2,36.95],[11.88,37.02],[11.58,37.35],[11.65,37.54],[11.88,37.78],[12.04,37.66],[12.21,37.71],[12.05,37.89],[12.2,38.12],[12.4,38.1],[12.73,38.22],[12.9,38.11],[13.06,38.24],[13.35,38.29],[13.45,38.17],[13.69,38.09],[14.15,38.07],[14.35,38.15],[14.77,38.21],[15.15,38.19],[15.52,38.37],[15.79,38.33],[15.87,38.54],[15.8,38.7],[16.07,38.78],[15.97,39.36],[15.77,39.59],[15.73,39.89],[15.51,40.01],[15.33,39.92],[15.05,40.01],[14.6,40.28],[14.75,40.49],[14.62,40.62],[14.19,40.52],[14.17,40.69],[13.88,40.67],[13.85,40.89],[13.52,41.05],[13.16,41],[12.96,41.06],[12.29,41.4],[11.98,41.79],[11.74,41.89],[11.42,42.12],[11.05,42.13],[10.77,42.35],[10.78,42.51],[10.42,42.56],[10.3,42.42],[10.36,42.3],[10.07,42.21],[10.04,42.49],[9.85,42.94],[9.73,43.07],[9.94,43.23],[9.86,43.42],[9.92,43.57],[9.79,43.87],[9.61,44.07],[9.29,44.26],[8.9,44.35],[8.54,44.28],[8.19,43.9],[7.98,43.79],[7.26,43.68],[7.09,43.49],[6.79,43.36],[6.61,43.01],[6.14,42.94],[5.98,43.01],[5.6,42.99],[5.44,43.1],[5.04,43.08],[4.66,42.87],[4.08,42.76],[3.75,42.73],[3.48,42.44],[3.53,42.22],[3.46,42.01],[3.33,41.92],[3.41,41.74],[3.09,41.53],[2.83,41.57],[2.71,41.41],[2.29,41.29],[2.04,41.14],[1.39,41],[1.33,40.88],[1.37,40.56],[1.22,40.22],[1,40.05],[0.87,39.85],[0.6,39.65],[0.33,39.63],[0.15,39.53],[0.04,39.32],[0.11,39.21],[0.4,38.98],[0.48,38.6],[0.33,38.35],[0.14,38.22],[-0.42,38.03],[-0.36,37.79],[-0.53,37.56],[-0.89,37.47],[-1.26,37.5],[-1.72,37.24],[-1.84,36.89],[-2.15,36.6],[-2.32,36.72],[-2.84,36.56],[-3.08,36.68],[-3.4,36.66],[-4.19,36.67],[-4.63,36.41],[-5.08,36.37],[-5.29,36.13],[-5.64,35.97],[-5.92,35.99],[-6.24,35.91],[-6.39,35.96],[-6.62,36.25],[-6.63,36.37],[-6.95,36.73],[-7.15,36.87],[-7.77,36.94],[-8.01,36.84],[-9,36.84],[-9.12,37.01],[-9.13,37.22],[-9.02,37.58],[-9.09,37.98],[-9.06,38.32],[-9.35,38.45],[-9.55,38.45],[-9.67,38.67],[-9.83,38.69],[-10.05,38.91],[-9.97,39.16],[-9.76,39.41],[-9.43,39.54],[-9.59,39.65],[-9.57,40.38],[-9.36,40.62],[-9.28,40.8],[-9.35,40.95],[-9.16,41.38],[-9.21,41.6],[-9.4,41.86],[-9.27,42.35],[-9.52,42.73],[-9.52,43.01],[-11.01,43.13],[-13,43.3],[-14.98,43.46],[-16.97,43.63],[-18.95,43.8],[-20.94,43.97],[-22.92,44.13],[-24.91,44.3],[-26.89,44.47],[-28.88,44.63],[-30.86,44.8],[-32.85,44.97],[-34.83,45.13],[-36.82,45.3],[-37.04,44.33],[-37.25,43.35],[-37.47,42.38],[-37.69,41.4],[-37.91,40.43],[-38.13,39.46],[-38.35,38.48],[-38.57,37.51],[-38.79,36.53],[-39,35.56],[-39.22,34.58],[-39.44,33.61],[-39.66,32.64],[-39.88,31.66],[-40.1,30.69],[-40.32,29.71],[-40.54,28.74],[-40.75,27.76],[-40.97,26.79],[-41.19,25.82],[-41.41,24.84],[-41.63,23.87],[-41.85,22.89],[-42.07,21.92],[-42.29,20.94],[-42.5,19.97],[-42.72,19],[-42.94,18.02],[-43.16,17.05],[-43.38,16.07],[-43.6,15.1],[-43.82,14.12],[-44.04,13.15],[-44.25,12.17],[-44.47,11.2],[-44.69,10.23],[-44.91,9.25],[-45.13,8.28],[-45.35,7.3],[-45.57,6.33],[-45.78,5.35],[-46,4.38],[-46.22,3.41],[-46.44,2.43],[-46.66,1.46],[-46.51,1.33],[-46.46,1.18],[-46.15,0.94],[-45.47,0.58],[-45.35,0.46],[-45.11,0.38],[-44.71,0.32],[-44.5,0.18],[-44.3,-0.11],[-43.79,-0.62],[-43.36,-1.22],[-43.31,-1.39],[-42.86,-1.87],[-42.55,-2.01],[-42.26,-2.03],[-42.02,-2.13],[-41.8,-2.11],[-41.66,-2.18],[-41.01,-2.06],[-40.89,-1.91],[-40.71,-2.1],[-40.36,-2.06],[-39.91,-2.14],[-39.33,-2.44],[-39.06,-2.78],[-38.59,-3.14],[-38.18,-3.28],[-37.79,-3.7],[-37.24,-4.17],[-36.94,-4.53],[-36.47,-4.7],[-36.38,-4.77],[-35.97,-4.82],[-35.66,-4.7],[-35.37,-4.69],[-35.15,-4.75],[-35.09,-4.87],[-34.94,-5.56],[-34.97,-5.82],[-34.84,-6.21],[-34.75,-6.26],[-34.71,-6.6],[-34.49,-7.07],[-33.59,-6.65],[-32.7,-6.22],[-31.81,-5.8],[-30.91,-5.37],[-30.02,-4.95],[-29.12,-4.52],[-28.23,-4.1],[-27.34,-3.68],[-26.44,-3.25],[-25.55,-2.83],[-24.65,-2.4],[-23.76,-1.98],[-22.87,-1.56],[-21.97,-1.13],[-21.08,-0.71],[-20.18,-0.28],[-19.29,0.14],[-18.4,0.56],[-17.5,0.99],[-16.61,1.41],[-15.71,1.84],[-14.82,2.26],[-13.93,2.69],[-13.03,3.11],[-12.14,3.53],[-11.25,3.96],[-10.35,4.38],[-9.46,4.81]],[[-27.24,38.84],[-26.95,38.72],[-27.05,38.61],[-27.35,38.64],[-27.24,38.84]],[[-27.76,38.61],[-27.84,38.51],[-28.19,38.62],[-28.36,38.81],[-27.76,38.61]],[[-28.25,38.52],[-28.05,38.37],[-28.47,38.38],[-28.72,38.67],[-28.25,38.52]],[[-25.51,37.68],[-25.8,37.75],[-25.65,37.88],[-25.17,37.91],[-25.19,37.71],[-25.51,37.68]],[[-16.99,32.62],[-17.26,32.73],[-17.18,32.9],[-16.63,32.81],[-16.79,32.63],[-16.99,32.62]],[[-13.91,28.89],[-13.87,29.02],[-13.48,29.45],[-13.28,29.42],[-13.28,29.28],[-13.56,28.89],[-13.79,28.73],[-13.85,28.2],[-14.14,28.14],[-14.59,27.93],[-14.79,27.94],[-14.56,28.19],[-14.33,28.28],[-14.26,28.49],[-13.91,28.89]],[[-15.4,28.21],[-15.31,27.86],[-15.45,27.7],[-15.67,27.68],[-15.9,27.84],[-15.9,28.06],[-15.76,28.18],[-15.4,28.21]],[[-17.91,27.88],[-17.96,27.62],[-18.19,27.78],[-17.91,27.88]],[[-16.39,28.14],[-16.51,28.01],[-16.7,27.97],[-16.87,28.2],[-16.9,28.43],[-16.6,28.44],[-16.2,28.64],[-16.09,28.52],[-16.32,28.35],[-16.39,28.14]],[[-17.21,27.99],[-17.42,28.13],[-17.43,28.24],[-17.16,28.28],[-17.03,28.16],[-17.21,27.99]],[[-17.71,28.61],[-17.88,28.46],[-18.03,28.75],[-17.86,28.89],[-17.69,28.76],[-17.71,28.61]],[[-25.3,16.89],[-25.39,17.06],[-25.27,17.17],[-25.03,17.21],[-24.82,16.97],[-24.84,16.78],[-25.01,16.73],[-25.14,16.87],[-25.3,16.89]],[[-23.05,16.74],[-22.85,16.82],[-22.84,16.63],[-22.94,16.56],[-23.05,16.74]],[[-24,16.56],[-24.2,16.56],[-24.3,16.44],[-24.45,16.61],[-24.37,16.71],[-24.02,16.62],[-24,16.56]],[[-23.31,15.37],[-23.22,15.49],[-23.27,15.76],[-23.08,15.98],[-23.09,16.24],[-22.87,16.35],[-22.63,16.19],[-22.59,16.08],[-22.72,15.87],[-22.89,15.91],[-22.95,15.73],[-23.13,15.54],[-23.06,15.25],[-23.08,15.12],[-23.27,15.14],[-23.31,15.37]],[[-23.74,15.36],[-23.4,15.07],[-23.45,14.91],[-23.7,14.91],[-23.82,15.08],[-23.74,15.36]],[[-24.29,15.03],[-24.24,14.85],[-24.38,14.79],[-24.55,14.9],[-24.41,15.07],[-24.29,15.03]],[[11.6,36.29],[11.71,36.55],[11.88,36.48],[11.79,36.32],[11.6,36.29]],[[23.48,35.32],[23.55,35.63],[23.74,35.72],[24.21,35.62],[24.34,35.43],[25.25,35.49],[25.54,35.38],[26.38,35.36],[26.37,35.12],[26.11,34.9],[25.97,35],[25.23,34.92],[24.73,34.9],[24.51,35.11],[23.98,35.2],[23.58,35.21],[23.48,35.32]],[[27.13,35.73],[27.27,35.53],[27.14,35.37],[26.88,35.32],[27.13,35.73]],[[27.7,35.79],[27.68,36.12],[27.52,36.27],[27.8,36.33],[28.08,36.46],[28.26,36.36],[28.12,36.04],[27.7,35.79]],[[34.58,35.73],[34.6,35.63],[34.3,35.45],[34.19,35.31],[34.01,35.29],[34.11,34.94],[33.82,34.93],[33.68,34.78],[33.34,34.64],[33.19,34.64],[32.96,34.52],[32.45,34.63],[32.21,35.08],[32.56,35.23],[32.8,35.25],[32.84,35.41],[33.32,35.38],[33.78,35.43],[34.58,35.73]],[[15.25,34.76],[15.08,34.91],[15.21,35.05],[15.53,35.07],[15.69,35.01],[15.67,34.86],[15.36,34.84],[15.25,34.76]],[[25.44,38.92],[25.3,38.73],[25.09,38.89],[25.18,38.98],[25.44,38.92]],[[24.58,38.74],[24.33,38.86],[24.41,39.07],[24.53,39.08],[24.72,38.92],[24.58,38.74]],[[1.44,38.5],[1.14,38.54],[0.99,38.77],[1.02,38.99],[1.21,39.12],[1.68,39.18],[1.78,39.06],[1.61,38.76],[1.63,38.65],[1.44,38.5]],[[2.77,38.95],[2.71,39.14],[2.42,39.34],[2.14,39.32],[2.09,39.58],[2.28,39.75],[2.72,39.95],[3.21,40.06],[3.66,40.07],[4.04,40.2],[4.21,40.18],[4.38,40.02],[4.49,39.8],[4.28,39.75],[4.08,39.84],[3.79,39.82],[3.77,39.68],[3.37,39.32],[2.95,39.01],[2.77,38.95]],[[8.03,40.31],[7.93,40.48],[8,40.78],[8.24,41.14],[8.39,41.18],[8.59,41.08],[8.73,41.13],[8.75,41.67],[8.52,41.9],[8.62,42.07],[8.5,42.18],[8.62,42.58],[8.76,42.7],[9.29,42.81],[9.26,43.01],[9.52,43.28],[9.61,43.09],[9.53,42.75],[9.67,42.56],[9.66,42.1],[9.47,41.71],[9.68,41.29],[9.85,41.21],[9.94,40.88],[9.87,40.74],[10,40.62],[9.9,40.35],[9.72,40.27],[9.8,40.09],[9.77,39.58],[9.7,39.22],[9.54,39.05],[9.32,39.14],[9.22,39.03],[9.13,38.72],[8.84,38.72],[8.52,38.62],[8.04,38.98],[7.99,39.16],[8.21,39.62],[8.12,39.86],[8.17,40.01],[8.03,40.31]]]},"properties":{"scalerank":0,"featurecla":"Bathymetry","depth":200}},
{"type":"Feature","geometry":{"type":"Polygon","coordinates":[[[115.59,-19.6],[115.75,-19.56],[116.19,-19.25],[117.21,-19.04],[118.1,-18.58],[118.23,-18.46],[118.63,-18.29],[118.81,-18.11],[119.25,-17.93],[119.43,-17.8],[119.62,-17.94],[119.85,-17.76],[120.17,-17.73],[120.48,-17.43],[120.51,-17.3],[120.66,-17.19],[120.7,-17.05],[120.89,-16.81],[120.86,-16.36],[120.94,-15.98],[121.04,-15.71],[121.3,-15.52],[121.57,-15.21],[121.66,-15],[122.1,-14.77],[122.58,-14.36],[122.75,-14.35],[122.89,-14.2],[123.23,-14.17],[123.33,-14],[123.47,-13.95],[123.74,-13.71],[123.68,-13.5],[123.89,-13.39],[123.95,-13.21],[123.91,-13.03],[123.79,-12.88],[123.92,-12.67],[123.81,-12.57],[123.53,-12.57],[123.42,-12.41],[122.94,-12.31],[122.97,-12.16],[123.17,-12.09],[123.16,-11.87],[123.32,-11.59],[123.63,-11.49],[123.96,-11.52],[124.22,-11.45],[124.4,-11.23],[124.61,-11.1],[124.76,-11.36],[124.61,-11.58],[124.68,-11.84],[125.24,-11.56],[125.17,-11.42],[125.52,-11.04],[125.53,-10.82],[125.67,-10.67],[125.86,-10.6],[125.99,-10.65],[126.45,-10.58],[126.69,-10.17],[126.85,-10.12],[127.08,-10.21],[127.31,-10.03],[127.64,-9.95],[128.02,-9.62],[128.42,-9.48],[128.95,-9.56],[129.05,-9.67],[129.31,-9.65],[129.53,-9.76],[129.71,-9.92],[130.47,-9.96],[130.77,-9.83],[130.88,-9.71],[131.09,-9.71],[131.07,-9.54],[131.32,-9.31],[131.47,-9.26],[131.69,-9.34],[131.83,-9.24],[131.96,-9.3],[132.07,-9.21],[132.25,-9.28],[132.4,-9.52],[132.39,-9.67],[132.2,-9.73],[132.4,-9.95],[132.56,-9.84],[132.61,-9.45],[132.69,-9.27],[133.07,-8.99],[133.14,-8.81],[132.76,-8.6],[132.66,-8.42],[132.85,-8.34],[132.9,-8.17],[132.87,-7.82],[132.92,-7.33],[133.09,-6.88],[133.45,-6.53],[133.74,-6.51],[133.77,-6.29],[133.95,-6.11],[134.12,-5.75],[134.12,-5.59],[134.55,-5.08],[134.46,-4.84],[134.52,-4.69],[134.71,-4.58],[134.69,-4.34],[134.53,-4.24],[134.4,-4.05],[134.2,-4.07],[133.96,-3.99],[133.68,-4.07],[133.65,-4.34],[133.46,-4.35],[133.15,-4.12],[132.86,-4.14],[132.69,-3.84],[132.68,-3.69],[132.53,-3.47],[132.46,-3.26],[132.21,-3.09],[131.97,-3.11],[131.72,-3.04],[131.62,-2.87],[131.29,-2.73],[131.08,-2.5],[130.88,-2.37],[130.66,-2.42],[130.34,-2.35],[129.98,-2.17],[129.68,-2.11],[129.41,-2.15],[129.24,-1.95],[129.4,-1.91],[129.49,-2.06],[129.64,-1.89],[129.53,-1.82],[129.71,-1.61],[129.99,-1.55],[130.55,-1.09],[130.51,-0.95],[130.25,-0.93],[130.07,-0.77],[129.87,-0.98],[129.99,-1.19],[129.78,-1.3],[129.58,-1.26],[129.5,-1.34],[129.27,-1.17],[129.4,-1.08],[129.56,-1.21],[129.69,-1.03],[129.59,-0.78],[129.76,-0.64],[129.97,-0.65],[130.09,-0.55],[130.06,-0.28],[129.87,0],[129.7,0],[129.58,-0.23],[129.34,-0.19],[129.29,0],[127.98,0],[128.09,-0.33],[128.47,-0.42],[128.67,-0.69],[128.51,-0.84],[128.49,-0.97],[128.6,-1.11],[128.52,-1.22],[128.12,-1.07],[127.91,-0.88],[127.71,-0.95],[127.54,-0.87],[127.14,-0.8],[127.02,-0.48],[126.99,-0.22],[127.13,0],[125.65,0],[124.17,0],[123.19,0],[121.71,0],[120.23,0],[120.08,-0.22],[120.12,-0.61],[120.42,-0.85],[120.82,-0.64],[121.04,-0.61],[121.03,-0.78],[120.76,-0.96],[120.76,-1.23],[120.99,-1.26],[121.16,-1.21],[121.37,-0.88],[121.54,-0.72],[121.5,-0.53],[121.63,-0.31],[121.53,-0.16],[121.63,-0.07],[121.81,-0.16],[121.97,-0.1],[122.38,-0.14],[122.6,-0.28],[122.79,-0.28],[123.07,-0.49],[123.42,-0.54],[123.55,-0.72],[123.35,-1.13],[123.56,-1.22],[123.69,-1.4],[123.88,-1.48],[124.19,-1.43],[124.42,-1.52],[124.83,-1.6],[124.96,-1.55],[125.36,-1.72],[125.74,-1.7],[126.12,-1.78],[126.49,-1.78],[126.46,-1.88],[126.07,-1.97],[126,-2.15],[126.12,-2.45],[125.96,-2.45],[125.81,-2.08],[125.6,-1.96],[125.37,-1.98],[125.24,-1.91],[125.08,-1.98],[124.78,-1.99],[124.4,-2.13],[124.19,-2.01],[123.93,-2.16],[123.63,-2.2],[123.46,-2.27],[123.34,-2.18],[123.17,-2.26],[123.08,-2.16],[122.84,-2.15],[123.03,-1.93],[123.04,-1.83],[122.75,-1.58],[122.76,-1.3],[122.9,-1.15],[123.18,-1.11],[123.01,-0.93],[122.86,-0.97],[122.62,-1.31],[122.21,-1.77],[121.94,-1.9],[121.81,-2.12],[121.88,-2.33],[122.11,-2.69],[122.44,-2.96],[122.61,-2.99],[122.67,-3.19],[122.86,-3.35],[123.02,-3.32],[123.14,-3.45],[123.21,-3.66],[123.04,-3.68],[122.81,-3.45],[122.66,-3.45],[122.57,-3.76],[122.82,-3.86],[123.3,-4.01],[123.33,-4.1],[123.1,-4.34],[123.32,-4.68],[123.25,-4.88],[123.02,-4.97],[123.01,-5.06],[123.27,-5.26],[123.22,-5.37],[122.99,-5.46],[122.85,-5.7],[122.68,-5.74],[122.44,-5.71],[122.46,-5.45],[122.37,-5.44],[122.04,-5.56],[121.71,-5.44],[121.57,-5.13],[121.39,-4.87],[121.33,-4.29],[121.11,-4.09],[120.99,-3.79],[120.82,-3.59],[120.87,-3.23],[120.66,-3.15],[120.53,-3.31],[120.49,-3.52],[120.53,-3.69],[120.5,-4.37],[120.53,-4.48],[120.75,-4.74],[120.78,-4.99],[120.71,-5.14],[120.49,-5.27],[120.5,-5.74],[120.61,-6.04],[120.58,-6.33],[120.47,-6.71],[120.28,-6.7],[120.25,-6.59],[120.38,-6.45],[120.25,-6.11],[120.37,-6.02],[120.42,-5.76],[120.23,-5.82],[120.1,-5.78],[119.84,-5.9],[119.49,-5.68],[119.3,-5.66],[118.95,-5.41],[119.07,-5.13],[118.91,-4.7],[119.13,-4.56],[119.03,-4.33],[119.25,-4.26],[119.43,-4.34],[119.53,-4.22],[119.42,-3.84],[119.44,-3.58],[119.34,-3.5],[119.02,-3.61],[118.88,-3.59],[118.78,-3.18],[118.78,-2.89],[118.73,-2.78],[118.81,-2.59],[119,-2.49],[119.05,-2.26],[119.25,-1.93],[119.21,-1.43],[119.29,-1.17],[119.43,-1.02],[119.45,-0.86],[119.73,-0.54],[119.75,-0.3],[119.55,0],[117.8,0],[117.92,-0.16],[117.99,-0.47],[117.94,-0.76],[117.82,-1.1],[117.35,-1.68],[117.32,-2.06],[117.53,-2.23],[117.65,-2.18],[117.97,-2.47],[118.03,-2.6],[118.23,-2.69],[118.4,-2.97],[118.42,-3.12],[118.33,-3.31],[118.09,-3.47],[117.94,-3.47],[117.69,-3.63],[117.65,-3.78],[117.41,-4],[117.2,-4.6],[117.23,-4.88],[117.03,-5.23],[116.5,-6.23],[116.39,-6.49],[116.41,-6.64],[116.29,-6.84],[116.31,-7],[116.12,-7.18],[115.81,-7.24],[115.63,-7.15],[115.3,-7.19],[114.99,-7.41],[114.85,-7.42],[114.55,-7.64],[114.51,-7.89],[114.58,-8.08],[114.95,-8.14],[115.23,-8.03],[115.52,-8.15],[115.74,-8.36],[115.53,-8.64],[115.68,-8.74],[115.57,-8.85],[115.4,-8.83],[115.04,-8.92],[114.96,-8.74],[114.66,-8.49],[114.7,-8.88],[114.46,-8.8],[114.29,-8.81],[114.12,-8.66],[113.82,-8.66],[113.49,-8.52],[113.24,-8.58],[113.09,-8.35],[112.78,-8.55],[112.03,-8.45],[111.84,-8.38],[111.67,-8.47],[111.29,-8.41],[111.65,-9.34],[112,-10.27],[112.36,-11.2],[112.72,-12.14],[113.08,-13.07],[113.44,-14],[113.8,-14.94],[114.15,-15.87],[114.51,-16.8],[114.87,-17.74],[115.23,-18.67],[115.59,-19.6]],[[127.82,-1.22],[127.95,-1.29],[128.19,-1.55],[128.1,-1.74],[127.82,-1.74],[127.62,-1.9],[127.36,-1.66],[127.28,-1.36],[127.52,-1.15],[127.82,-1.22]],[[128.93,-2.74],[129.12,-2.87],[129.36,-2.76],[129.56,-2.76],[129.89,-2.87],[130.38,-2.92],[130.63,-3.07],[130.71,-3.21],[130.87,-3.3],[130.97,-3.5],[130.9,-3.66],[130.96,-3.82],[131.25,-3.95],[131.4,-3.92],[131.48,-4.09],[131.41,-4.22],[131.24,-4.12],[131.09,-3.95],[130.61,-3.88],[130.39,-3.66],[129.98,-3.5],[129.8,-3.35],[129.64,-3.36],[129.56,-3.49],[128.96,-3.4],[128.77,-3.34],[128.88,-3.64],[128.77,-3.73],[128.59,-3.65],[128.38,-3.67],[128.19,-3.79],[127.91,-3.78],[127.87,-3.53],[127.9,-3.34],[127.69,-3.3],[127.88,-2.9],[128.48,-2.8],[128.8,-2.83],[128.93,-2.74]],[[126.69,-3.86],[126.26,-3.69],[126.01,-3.42],[125.98,-3.22],[126.42,-3.04],[126.73,-3.03],[127.14,-3.12],[127.29,-3.36],[127.25,-3.67],[126.86,-3.85],[126.69,-3.86]],[[133.02,-5.26],[133.18,-5.22],[133.25,-5.52],[133,-5.74],[132.99,-5.87],[132.78,-6.09],[132.61,-6.19],[132.43,-6.17],[132.41,-5.84],[132.66,-5.34],[132.98,-5.35],[133.02,-5.26]],[[124.09,-5.87],[123.74,-5.96],[123.39,-5.57],[123.53,-5.22],[124.08,-5.66],[124.09,-5.87]],[[132.4,-5.41],[132.46,-5.49],[132.32,-5.78],[132.12,-5.78],[132.17,-5.55],[132.4,-5.41]],[[120.92,-6.74],[120.92,-6.53],[121.07,-6.38],[121.32,-6.44],[121.28,-6.64],[121.37,-7.05],[121.12,-7.12],[120.94,-6.93],[120.92,-6.74]],[[131.53,-6.68],[131.66,-6.63],[131.7,-6.89],[131.94,-6.96],[132.06,-6.92],[132.08,-7.17],[131.97,-7.37],[131.87,-7.37],[131.8,-7.69],[131.63,-7.74],[131.19,-8.27],[131.02,-8.39],[130.65,-8.48],[130.57,-8.34],[130.71,-8.13],[130.71,-7.89],[130.83,-7.71],[130.81,-7.51],[131,-7.36],[131.14,-7.34],[131.33,-7.2],[131.48,-7],[131.41,-6.93],[131.53,-6.68]],[[132.32,-8.42],[132.49,-8.51],[132.37,-8.7],[132.27,-8.66],[132.09,-8.77],[132.09,-9],[131.68,-9.01],[131.52,-9.15],[131.19,-9.14],[131.35,-8.9],[131.65,-8.88],[131.83,-8.55],[132.32,-8.42]],[[125.81,-9.22],[125.15,-9.47],[125.05,-9.64],[124.83,-9.83],[124.81,-9.93],[124.58,-10.04],[124.35,-10.29],[124.14,-10.24],[123.52,-10.58],[123.37,-10.74],[122.93,-11.07],[122.74,-11.04],[122.6,-10.81],[122.63,-10.73],[122.96,-10.7],[123.3,-10.44],[123.25,-10.15],[123.55,-10.02],[123.67,-9.59],[123.93,-9.37],[124.4,-9.14],[124.54,-9.14],[124.83,-8.97],[125.07,-8.76],[125.13,-8.6],[125.85,-8.45],[126.23,-8.47],[126.37,-8.4],[126.67,-8.39],[126.96,-8.28],[127.2,-8.3],[127.33,-8.48],[126.92,-8.82],[126.8,-8.8],[126.48,-9.01],[126.22,-9.04],[125.81,-9.22]],[[121.52,-10.7],[121.77,-10.41],[121.99,-10.38],[122.07,-10.53],[121.91,-10.68],[121.71,-10.65],[121.52,-10.7]],[[120.1,-10.39],[120.03,-10.22],[119.68,-9.89],[119.36,-9.86],[119.02,-9.75],[118.91,-9.61],[118.94,-9.48],[119.14,-9.35],[119.62,-9.31],[119.78,-9.35],[119.97,-9.26],[120.09,-9.42],[120.33,-9.54],[120.59,-9.51],[120.66,-9.77],[120.92,-9.98],[121.03,-10.2],[120.47,-10.36],[120.1,-10.39]],[[117.07,-9.16],[116.81,-9.09],[116.62,-8.97],[116.31,-9.02],[116.03,-8.97],[115.76,-8.81],[115.8,-8.71],[116,-8.59],[116,-8.37],[116.39,-8.17],[116.67,-8.23],[116.83,-8.39],[116.93,-8.3],[117.14,-8.27],[117.32,-8.39],[117.48,-8.15],[117.64,-8.08],[118.13,-8.08],[118.25,-8.28],[118.51,-8.22],[118.74,-8.3],[118.96,-8.27],[119.48,-8.41],[119.72,-8.3],[120.13,-8.3],[120.32,-8.21],[120.67,-8.24],[121.25,-8.39],[121.45,-8.51],[121.63,-8.44],[121.86,-8.46],[121.99,-8.4],[122.18,-8.46],[122.32,-8.32],[122.5,-8.37],[122.63,-8.3],[122.84,-8.05],[123.16,-8.19],[123.48,-8.22],[123.82,-8.15],[124.03,-8.18],[124.15,-8.27],[124.26,-8.15],[124.61,-8.08],[124.75,-8.13],[125.1,-8.13],[125.13,-8.38],[124.44,-8.5],[124.11,-8.58],[124.02,-8.5],[123.75,-8.41],[123.61,-8.58],[123.04,-8.55],[122.9,-8.66],[122.75,-8.65],[122.48,-8.78],[122.15,-8.78],[121.78,-8.92],[121.48,-8.9],[121.32,-8.99],[121.17,-8.92],[120.99,-8.97],[120.61,-8.86],[120.38,-8.86],[120.25,-8.93],[120.09,-8.83],[119.9,-8.9],[119.55,-8.78],[119.28,-8.73],[118.91,-8.88],[118.67,-8.86],[118.53,-8.91],[118.31,-8.85],[118.14,-8.92],[117.75,-8.97],[117.44,-9.09],[117.22,-9.09],[117.07,-9.16]],[[125.69,-8.08],[125.74,-7.89],[125.9,-7.67],[126.2,-7.68],[126.63,-7.53],[126.86,-7.66],[126.86,-7.76],[126.66,-7.82],[126.54,-7.95],[126.02,-7.92],[125.69,-8.08]],[[117.19,-7.66],[117.11,-7.46],[117.29,-7.46],[117.51,-7.32],[117.78,-7.32],[117.77,-7.5],[117.54,-7.54],[117.41,-7.64],[117.19,-7.66]],[[118.13,-7.36],[117.95,-7.09],[118.05,-6.98],[118.43,-7.14],[118.41,-7.24],[118.13,-7.36]],[[118.59,-7.1],[118.46,-7.04],[118.29,-6.79],[118.09,-6.59],[118.12,-6.51],[118.63,-6.65],[118.75,-6.5],[118.89,-6.51],[119.03,-6.7],[119.2,-6.76],[119.12,-6.97],[118.96,-6.93],[118.85,-7.03],[118.59,-7.1]],[[118.69,-6.5],[118.42,-6.41],[118.61,-6.23],[118.83,-6.32],[118.69,-6.5]],[[120.69,-6.92],[120.85,-6.81],[120.83,-7.13],[120.68,-7.21],[120.39,-7.11],[120.46,-6.93],[120.69,-6.92]],[[121.88,-7.18],[121.89,-7.43],[121.75,-7.52],[121.44,-7.2],[121.5,-7.13],[121.88,-7.18]],[[127.28,-7.51],[127.44,-7.47],[127.63,-7.62],[127.37,-7.69],[127.28,-7.51]],[[129.73,-7.77],[129.95,-7.89],[129.99,-8.1],[129.87,-8.27],[129.73,-8.08],[129.53,-8.01],[129.48,-7.84],[129.73,-7.77]],[[129.04,-8.18],[129.04,-8.28],[128.62,-8.23],[128.57,-8.13],[129.04,-8.18]],[[128.15,-8.14],[128.13,-8.32],[127.82,-8.23],[127.58,-8.25],[127.6,-8.12],[127.78,-8.06],[128.15,-8.14]],[[121.24,-7.55],[120.86,-7.33],[121.14,-7.27],[121.24,-7.55]],[[118.36,-6.12],[118.16,-6.04],[118.09,-5.83],[118.3,-5.64],[118.37,-5.43],[118.52,-5.46],[118.37,-5.7],[118.28,-5.95],[118.36,-6.12]],[[117.34,-5.96],[117.15,-5.95],[117.09,-5.74],[117.61,-5.15],[117.82,-4.99],[117.96,-5.04],[118.03,-5.46],[117.9,-5.75],[117.34,-5.96]],[[122.16,-13.38],[122.13,-13.72],[121.95,-13.84],[122.04,-14.08],[121.84,-14.26],[121.69,-14.13],[121.87,-13.84],[121.83,-13.56],[121.92,-13.41],[122.16,-13.38]],[[118.92,-17.77],[118.79,-17.62],[118.97,-17.47],[119.06,-17.63],[118.92,-17.77]]]},"properties":{"scalerank":0,"featurecla":"Bathymetry","depth":200}},
{"type":"Feature","geometry":{"type":"Polygon","coordinates":[[[180,19.4],[180,19.9],[180,20.39],[180,20.89],[180,21.38],[180,21.87],[180,22.37],[180,22.86],[180,23.36],[180,23.85],[180,24.35],[180,24.84],[180,25.33],[180,25.83],[180,26.32],[180,26.82],[180,27.31],[180,27.81],[180,28.3],[180,28.79],[180,29.29],[180,29.78],[180,30.28],[180,30.77],[180,31.27],[180,31.76],[180,32.25],[180,32.75],[180,33.24],[180,33.74],[180,34.23],[180,34.73],[180,35.22],[180,35.71],[180,36.21],[180,36.7],[180,37.2],[180,37.69],[180,38.18],[180,38.68],[180,39.17],[180,39.67],[180,40.16],[180,40.66],[180,41.15],[180,41.64],[180,42.14],[180,42.63],[180,43.13],[180,43.62],[180,44.12],[180,44.61],[180,45.1],[180,45.6],[180,46.09],[180,46.59],[180,47.08],[180,47.58],[180,48.07],[180,48.56],[180,49.06],[180,49.55],[180,50.05],[180,50.54],[180,51.04],[180,51.53],[180,52.02],[179.77,51.86],[179.42,51.87],[179.35,51.99],[179.79,52.44],[180,52.45],[180,52.95],[180,53.45],[180,53.95],[180,54.44],[180,54.94],[180,55.44],[180,55.94],[180,56.44],[180,56.94],[180,57.44],[180,57.94],[180,58.44],[180,58.93],[180,59.43],[180,59.93],[180,60.43],[180,60.93],[179.68,60.85],[179.04,60.99],[178.59,61.25],[178.46,61.5],[177.65,61.57],[177.63,61.84],[176.78,61.84],[175.64,61.49],[175.16,61.4],[174.65,61.09],[174.18,60.89],[173.84,60.83],[173.03,60.87],[172.5,60.64],[172.1,60.66],[171.41,60.46],[171.01,60.3],[170.93,60.05],[170.69,59.81],[170.35,59.62],[170.12,59.64],[169.99,59.83],[168.94,60.05],[168.2,60.11],[167.6,59.84],[167.11,59.77],[166.93,59.81],[166.38,59.52],[166.48,59.31],[166.14,59.09],[165.75,59.14],[165.53,59.36],[165.12,59.2],[164.99,58.95],[164.33,58.59],[163.92,58.47],[164,58.26],[163.81,58.01],[163.58,57.98],[163.8,57.71],[163.3,57.49],[163.46,57.25],[163.29,57.21],[163.21,56.82],[163.42,56.8],[163.48,56.44],[163.71,56.32],[163.61,56.17],[163.23,56.06],[163.14,55.9],[162.85,55.93],[162.76,56.07],[162.43,56.05],[162.42,55.84],[162.14,55.78],[161.94,55.35],[162.05,55.1],[162.27,54.89],[162.31,54.71],[161.9,54.55],[161.64,54.38],[161.15,54.31],[160.48,54.03],[160.44,53.79],[160.6,53.67],[160.23,53.6],[160.21,53.28],[160.37,53],[160.66,52.85],[160.4,52.69],[159.96,52.91],[159.62,52.72],[159.1,52.89],[158.77,52.76],[158.77,52.12],[158.48,51.89],[158.01,51.21],[157.53,50.78],[157.3,50.46],[156.85,50.31],[156.55,50.27],[156.43,50.08],[156.42,49.76],[155.91,49.47],[155.69,49.4],[155.57,49.15],[155.31,49.37],[155.53,49.47],[155.78,49.71],[155.69,49.84],[155.18,49.79],[154.97,49.94],[155.22,50.33],[155.49,50.41],[155.69,50.7],[155.86,50.74],[156.34,51.32],[156.31,51.42],[155.77,51.89],[155.62,51.89],[155.4,52.1],[155.11,52.15],[155.04,52.4],[154.79,52.59],[154.83,52.85],[154.65,53.04],[154.76,53.19],[154.7,53.45],[154.42,53.78],[154.37,54.4],[154.65,54.66],[154.42,54.94],[154.54,55.21],[154.38,55.91],[154.21,56.19],[154.33,56.86],[154.43,56.99],[155.26,57.34],[155.57,57.67],[155.61,57.9],[156.22,58.45],[156.27,58.61],[156.63,58.73],[156.98,58.96],[157.05,59.1],[156.82,59.23],[156.53,59],[155.93,58.66],[155.6,58.66],[155.3,58.54],[154.35,58.26],[154.31,58.4],[153.79,58.24],[153.01,58.11],[152.61,57.85],[152.07,57.81],[151.85,57.98],[151.56,57.88],[151.57,57.68],[151.08,57.45],[150.82,57.05],[150.39,56.98],[151.03,56.66],[150.73,56.5],[150.86,56.32],[150.59,56.22],[150.33,56.29],[150.08,56.15],[150.02,56.57],[149.78,56.52],[149.93,56.34],[149.79,56],[149.6,56.09],[148.75,56.06],[148.67,56.31],[147.92,56.4],[147.71,56.64],[147.01,56.6],[146.89,56.49],[147.26,56.24],[147.34,56.11],[146.65,56.26],[146.69,56.63],[146.57,56.72],[146.02,56.6],[145.77,56.46],[145.37,56.52],[145.52,57.1],[145.26,57.05],[145.14,56.9],[144.71,57.12],[144.58,57.41],[144.9,57.33],[145.04,57.41],[144.95,57.58],[144.35,57.5],[144.16,57.3],[144.2,56.79],[143.94,56.82],[143.71,56.49],[144.25,56.36],[144.32,56.14],[143.93,55.9],[143.57,55.88],[143.02,55.77],[142.96,55.66],[143.53,55.57],[143.3,55.36],[143.54,54.95],[143.76,54.83],[143.67,54.41],[143.89,54.37],[143.85,54.15],[144.01,53.81],[143.84,53.49],[143.91,53.2],[144.06,53.05],[144.18,52.57],[144.28,52.49],[144.46,52.04],[144.29,51.85],[144.25,51.44],[144.06,51.32],[144.03,51.16],[144.22,51.05],[144.21,50.61],[144.41,50.48],[144.61,50.08],[144.83,49.96],[145.16,49.64],[145.36,49.55],[145.35,49.2],[145.06,48.96],[145.15,48.65],[145.38,48.6],[145.38,48.41],[145.52,48.29],[145.38,48.09],[145.38,47.77],[145.04,47.6],[144.67,47.73],[144.46,47.73],[143.75,47.48],[143.72,47.1],[143.93,46.83],[143.75,46.46],[143.86,46.3],[143.87,46.08],[143.71,45.77],[143.77,45.15],[144.11,44.92],[144.41,44.85],[144.29,44.69],[144.26,44.46],[144.08,44.31],[144.35,44.27],[144.48,44.12],[144.73,44.09],[145.17,44.22],[145.26,44.03],[145.43,43.99],[145.83,44.24],[146.08,44.52],[146.54,44.62],[146.74,44.17],[147.2,44.19],[147.37,44.31],[147.73,44.2],[147.61,44.02],[147.25,43.78],[147.02,43.52],[146.86,43.52],[146.56,43.33],[146.15,43.16],[144.91,42.7],[144.63,42.67],[144.28,42.84],[143.69,42.27],[143.63,42.07],[143.65,41.74],[143.54,41.65],[143.08,41.64],[142.84,41.81],[142.72,42.02],[142.39,42.21],[141.51,42.4],[141.3,42.28],[141.21,41.94],[141.25,41.8],[141.13,41.55],[141.32,41.48],[141.51,41.7],[141.62,41.58],[141.48,41.08],[141.53,40.91],[141.83,40.83],[142.01,40.69],[142.26,39.95],[142.13,39.29],[141.94,38.81],[141.87,38.74],[141.83,38.05],[141.68,37.9],[141.58,37.52],[141.57,37.2],[140.92,36.42],[140.9,36.27],[141,35.99],[141.22,35.77],[141.23,35.5],[140.91,35.33],[140.61,35.08],[140.16,35.02],[139.94,34.83],[139.79,34.82],[139.61,35.07],[139.39,35.28],[139.17,35.18],[139.17,34.86],[138.97,34.54],[138.72,34.69],[138.75,35.01],[138.61,35.07],[138.33,34.73],[138.37,34.49],[138.11,34.5],[137.9,34.6],[137.54,34.52],[137.43,34.42],[136.88,34.16],[136.52,34.15],[136.14,33.77],[135.89,33.45],[135.78,33.41],[135.44,33.49],[135.18,33.66],[134.88,33.69],[134.25,33.39],[134.16,33.11],[133.94,33.31],[133.7,33.29],[133.46,33.12],[133.21,32.81],[133.06,32.52],[132.81,32.5],[132.73,32.63],[132.41,32.74],[132.14,32.75],[131.99,32.62],[131.72,32.05],[131.76,31.7],[131.5,31.27],[131.27,30.57],[131.09,30.45],[130.99,30.19],[130.89,30.13],[130.45,30.16],[130.37,30.26],[130.46,30.62],[130.66,30.84],[130.49,31.16],[130.2,31.2],[129.98,31.46],[129.9,31.72],[129.66,31.69],[129.8,31.9],[129.77,32.17],[129.41,32.31],[129.27,32.55],[129.05,32.59],[128.85,32.35],[128.78,32.51],[128.53,32.55],[128.29,32.8],[128.06,32.6],[128.28,32.32],[128.4,32.25],[128.5,32],[128.29,31.61],[128.3,31.38],[127.99,31.03],[127.88,30.65],[127.64,30.08],[127.61,29.93],[127.05,28.97],[126.82,28.63],[126.75,28.3],[126.65,28.13],[126.34,27.89],[126.09,27.64],[126.09,27.45],[125.87,27.25],[125.68,26.93],[125.11,26.58],[124.81,26.59],[124.8,26.44],[124.62,26.28],[124.65,26.15],[124.55,26.02],[124.08,25.77],[123.34,25.7],[122.96,25.77],[122.48,25.61],[122.11,25.44],[122.07,25.34],[122.26,25.22],[122.11,25.08],[122.03,24.82],[122.19,24.67],[121.95,24.53],[121.69,24.17],[121.71,23.97],[121.53,23.39],[122.52,23.32],[123.51,23.25],[124.5,23.18],[125.49,23.12],[126.48,23.05],[127.48,22.98],[128.47,22.91],[129.46,22.85],[130.45,22.78],[131.44,22.71],[132.43,22.64],[133.42,22.58],[134.41,22.51],[135.4,22.44],[136.39,22.37],[137.39,22.31],[138.38,22.24],[139.37,22.17],[140.36,22.1],[141.35,22.04],[142.34,21.97],[143.33,21.9],[144.32,21.83],[145.31,21.77],[146.31,21.7],[147.3,21.63],[148.29,21.56],[149.28,21.5],[150.27,21.43],[151.26,21.36],[152.25,21.29],[153.24,21.23],[154.23,21.16],[155.22,21.09],[156.22,21.02],[157.21,20.96],[158.2,20.89],[159.19,20.82],[160.18,20.75],[161.17,20.69],[162.16,20.62],[163.15,20.55],[164.14,20.48],[165.13,20.42],[166.13,20.35],[167.12,20.28],[168.11,20.21],[169.1,20.15],[170.09,20.08],[171.08,20.01],[172.07,19.94],[173.06,19.88],[174.05,19.81],[175.04,19.74],[176.04,19.67],[177.03,19.61],[178.02,19.54],[179.01,19.47],[180,19.4]],[[168.57,54.41],[167.89,54.41],[167.42,54.59],[167.01,54.58],[166.79,54.5],[166.55,54.58],[166.37,54.8],[165.94,55.09],[165.37,55.3],[165.17,55.59],[165.52,55.6],[165.87,55.42],[166.15,55.46],[166.48,55.38],[167.1,55.13],[167.69,54.83],[168.57,54.41]],[[173.86,52.16],[173.47,52.24],[172.99,52.43],[172.93,52.57],[172.65,52.75],[172.31,52.88],[172.48,53.05],[172.83,53.13],[173.21,53.07],[173.41,52.95],[173.84,52.83],[174.27,52.78],[174.63,52.69],[174.23,52.36],[173.86,52.16]],[[178.45,51.83],[179.33,51.52],[179.54,51.33],[179.13,51.26],[178.76,51.49],[178.52,51.52],[178.36,51.66],[177.8,51.75],[177.63,51.82],[177.16,51.72],[177.15,52.02],[176.57,51.95],[176.21,52.18],[175.84,52.3],[175.98,52.42],[176.33,52.21],[177.11,52.09],[177.36,52.17],[177.78,52.16],[177.89,51.99],[178.12,52.09],[178.61,52.02],[178.45,51.83]],[[179.38,52.24],[179.34,52.08],[178.96,51.97],[178.94,52.13],[179.38,52.24]],[[175.85,51.64],[175.52,51.73],[175.69,51.89],[176.14,51.96],[175.85,51.64]],[[154.23,48.82],[154.04,48.95],[154.39,49.05],[154.5,49.4],[154.72,49.68],[154.99,49.66],[154.96,49.29],[154.73,49.23],[154.66,49.03],[154.23,48.82]],[[154.45,47.98],[154.43,48.19],[154.85,48.63],[155,48.94],[155.21,48.85],[155.05,48.7],[155.05,48.49],[154.92,48.27],[154.45,47.98]],[[144.8,55.33],[144.43,55.32],[144.76,56.12],[144.63,56.3],[144.94,56.45],[145.23,56.31],[145.69,56.27],[145.36,55.98],[145.7,55.88],[145.78,55.73],[146.3,55.64],[146.44,55.49],[146.06,55.35],[145.69,55.46],[145.31,55.49],[144.8,55.33]],[[152.33,47.21],[152.32,47.06],[151.91,46.71],[151.83,46.9],[152.23,47.23],[152.33,47.21]],[[149.28,45.47],[149.24,45.6],[149.62,45.89],[150.32,46.31],[150.48,46.28],[150.98,46.48],[150.91,46.27],[150.58,46.16],[149.91,45.63],[149.7,45.51],[149.28,45.47]],[[147.56,44.67],[147.35,44.46],[146.96,44.28],[146.79,44.48],[147.07,44.81],[147.46,45.03],[147.45,45.16],[147.77,45.27],[147.92,45.47],[148.39,45.39],[148.61,45.63],[148.93,45.53],[148.91,45.33],[148.24,44.98],[147.92,44.9],[147.56,44.67]],[[149.09,45.2],[149.4,45.02],[149.38,44.94],[148.4,44.38],[148.23,44.24],[148.06,44.35],[148.06,44.6],[147.97,44.77],[148.36,44.86],[148.58,45.01],[149.09,45.2]],[[139.23,34.18],[139.17,34.31],[139.26,34.55],[139.42,34.45],[139.23,34.18]],[[129.62,31.11],[129.39,31.15],[129.61,31.4],[129.78,31.31],[129.62,31.11]],[[129.29,27.97],[129.1,27.95],[129.03,27.64],[128.87,27.71],[128.87,27.9],[129.13,28.11],[129.15,28.33],[129.7,28.62],[129.77,28.83],[129.97,28.72],[129.86,28.43],[130.04,28.4],[130.09,28.23],[129.64,28.26],[129.29,27.97]],[[142.09,27.23],[142.09,27.63],[141.95,27.84],[142.02,27.96],[142.26,27.59],[142.3,27.12],[142.16,26.92],[142.25,26.66],[142.09,26.62],[142.09,27.23]],[[127.25,25.9],[127.16,25.98],[127.18,26.22],[127.12,26.32],[126.81,26.25],[126.75,26.42],[127.08,26.41],[127.28,26.32],[127.58,26.33],[127.69,26.46],[127.71,26.77],[127.9,26.74],[128.05,26.84],[128.37,26.85],[128.41,26.73],[128.28,26.55],[128.08,26.41],[127.95,26.12],[127.58,26],[127.37,26.05],[127.25,25.9]],[[127.99,26.87],[127.8,27.01],[128.05,27.16],[128.09,27.06],[127.99,26.87]],[[126.01,24.92],[125.75,25.26],[125.76,25.44],[125.91,25.55],[126.12,25.44],[126.2,25.24],[126.01,24.92]],[[124.87,24.45],[124.64,24.64],[124.65,24.89],[125.03,24.75],[125.19,24.94],[125.25,25.12],[125.47,25.15],[125.67,24.81],[125.56,24.7],[125.18,24.63],[124.87,24.45]],[[123.87,24.18],[123.65,24.14],[123.68,24.41],[123.81,24.54],[124.05,24.48],[124.29,24.63],[124.4,24.41],[124.15,24.23],[123.87,24.18]]]},"properties":{"scalerank":0,"featurecla":"Bathymetry","depth":200}},
{"type":"Feature","geometry":{"type":"Polygon","coordinates":[[[0,61.62],[0.06,61.84],[0.43,61.98],[1.18,61.81],[2.5,61.13],[2.94,60.83],[3.22,60.5],[3.29,59.69],[3.43,59.51],[3.49,59],[3.72,58.62],[4.66,58.16],[5.3,58.05],[6.15,57.7],[6.37,57.7],[6.81,57.57],[7.6,57.52],[8.53,57.68],[8.84,57.8],[9.2,57.85],[9.77,58.06],[10.49,58.15],[10.71,58.27],[10.66,58.48],[10.15,58.87],[9.84,58.9],[8.65,58.25],[8.5,58.13],[7.64,57.94],[6.94,57.94],[6.53,58.08],[6.32,58.22],[5.81,58.4],[5.29,58.81],[5.2,59.07],[4.83,59.27],[4.83,59.57],[4.96,59.67],[4.95,60.1],[4.55,60.91],[4.37,61.1],[4.45,61.52],[4.33,61.87],[4.16,61.93],[3.74,62.28],[3.63,62.45],[4.03,62.66],[4.98,62.89],[5.34,63.12],[5.55,63.33],[6.58,63.29],[6.8,63.44],[7.28,63.44],[8,63.63],[8.24,63.88],[8.91,64.21],[9.47,64.26],[9.75,64.04],[9.93,64.32],[10.13,64.33],[10.72,64.6],[10.28,64.83],[11.02,65.62],[11.36,65.76],[11.36,66.06],[12.04,66.38],[11.72,66.46],[11.93,66.63],[12.27,66.7],[12.7,66.96],[13.47,67.15],[13.36,67.32],[14.22,67.59],[14.5,67.88],[15.03,68.05],[14.33,68.09],[12.75,67.57],[12.33,67.31],[11.89,67.33],[10.83,67.11],[10.54,67.13],[10.27,67.36],[10.47,67.45],[10.4,67.81],[10.74,68.01],[10.78,68.17],[11.19,68.36],[11.72,68.43],[11.96,68.55],[13.24,68.83],[13.84,69.08],[14.28,69.08],[14.56,69.21],[16.51,69.53],[16.24,69.65],[16.86,69.79],[16.76,69.95],[17.37,70.21],[17.38,70.47],[19.3,70.55],[19.67,70.45],[20.09,70.6],[19.28,70.76],[18.61,70.78],[18.38,71.04],[18.97,71.07],[19.57,71.3],[20.02,71.02],[20.96,71.17],[21.65,71.17],[21.79,71.06],[21.45,70.85],[21.08,70.82],[20.82,70.98],[20.29,70.93],[20.2,70.76],[20.9,70.7],[20.95,70.4],[21.71,70.53],[21.69,70.7],[22.3,71],[23.46,71.09],[25.04,71.24],[26.24,71.17],[26.66,71.02],[27.32,71.21],[28.22,71.22],[29.31,70.99],[29.5,70.9],[31.11,70.61],[31.38,70.4],[30.65,70.03],[30.87,69.84],[31.66,70.11],[32.36,70.23],[32.27,70.43],[33.53,70.11],[34.64,69.94],[34.56,69.77],[35.18,69.8],[35.07,69.96],[34.7,70.09],[34.5,70.3],[33.66,70.36],[33.84,70.54],[33.35,70.74],[32.97,71],[33.58,70.97],[33.7,71.21],[34.22,71.25],[34.25,71.39],[34.95,71.47],[36.25,71.41],[36.99,71.12],[37.3,71.08],[37.58,70.73],[38.3,70.57],[38.22,70.4],[39.14,70.27],[39.63,70.33],[40.08,70.48],[40.09,70.64],[40.51,70.83],[40.61,71.09],[41.3,71.31],[42.93,71.26],[43.59,71.38],[43.87,71.54],[44.07,71.81],[44.67,71.93],[46.24,72.08],[46.88,72.44],[47.33,72.53],[47.5,72.72],[48.56,72.69],[48.42,72.57],[49.33,72.44],[49.89,72.63],[50.91,72.7],[50.92,73.07],[51.53,73.06],[51.8,73.24],[51.84,73.46],[52.4,73.74],[52.04,73.95],[52.35,74.09],[53.12,73.97],[54.05,74.29],[54.37,74.92],[54.82,75.08],[55.11,75.39],[53.07,75.2],[52.87,75.08],[52.61,74.43],[51.63,74.37],[51.58,74.13],[50.74,74],[50.57,73.88],[49.63,73.85],[48.55,74.04],[48.52,74.17],[47.86,74.36],[47.2,74.44],[47.23,74.55],[48.29,74.6],[48.88,74.71],[49.5,74.56],[50.5,74.76],[50.86,74.99],[50.81,75.15],[51.53,75.39],[52.45,75.78],[52.23,75.94],[52.91,76.02],[52.89,76.23],[53.35,76.25],[55.03,76.79],[55.69,77.07],[56.29,77.09],[57.77,76.93],[58.13,76.68],[57.92,76.32],[58.16,76.21],[59.1,76.16],[59.61,76.3],[59.4,76.47],[59.86,76.61],[61.83,76.81],[61.9,77.03],[61.16,77.04],[61.18,77.24],[62.5,77.33],[62.85,77.66],[64.61,77.74],[64.84,77.63],[65.75,77.51],[66.73,77.29],[65.82,77.25],[65.6,77.12],[64.27,77.02],[63.1,77.25],[62.84,77.17],[61.96,77.19],[61.9,76.47],[62.42,76.34],[63.33,76.3],[63.67,76.65],[65.03,76.77],[65.75,76.72],[66.94,76.98],[67.21,77.14],[68.26,77.11],[69.05,76.95],[69.31,76.81],[69.26,76.22],[68.07,76.16],[67.93,76.07],[64.24,75.6],[63.64,75.66],[61.72,75.31],[62.06,75.15],[61.73,74.96],[61.28,74.96],[60.68,74.79],[59.36,74.02],[58.71,73.96],[57.22,73.28],[56.76,72.91],[56.52,72.86],[55.97,72.47],[55.9,72.15],[56.63,71.54],[57.35,71.28],[57.48,71.12],[58.1,70.87],[59.09,70.73],[59.59,70.78],[59.99,71.22],[58.87,71.49],[58.66,72.03],[58.95,72.08],[59.61,72.44],[59.39,72.71],[60.54,72.87],[60.96,72.97],[61.47,73.28],[61.65,73.49],[62.14,73.47],[62.71,73.62],[63.27,74.03],[63.6,74.12],[63.57,74.33],[64.19,74.34],[63.87,74.61],[64.54,74.72],[65.36,74.72],[65.72,74.81],[66.8,74.65],[67.24,74.99],[68.14,74.96],[68.33,75.09],[69.08,75.28],[69.85,75.34],[70.01,75.48],[71.16,75.44],[71.36,75.61],[71.04,75.78],[71.09,76.01],[69.75,76.09],[69.45,76.36],[69.9,76.41],[70.54,76.23],[71.81,76.25],[72.37,76.17],[72.02,76.57],[72.9,76.58],[73.24,76.71],[73.15,76.89],[73.79,76.93],[73.52,77.09],[75.2,77.33],[77.45,77.33],[78.43,77.73],[78.43,77.94],[77.12,78.12],[77.26,78.32],[76.9,78.75],[76.23,78.95],[76.23,79.18],[74.49,79.58],[74.43,79.94],[73.91,80.44],[74.41,80.6],[73.93,80.7],[74.4,80.94],[74.15,81.16],[75.25,81.53],[80.14,81.68],[81.01,81.32],[81.66,81.19],[82.27,80.87],[82.37,80.57],[82.86,80.49],[82.81,80.21],[83.12,80.08],[84.5,80.05],[85.04,79.66],[86.29,79.46],[86.44,79.2],[86.93,79.03],[88.15,78.92],[88.77,78.95],[88.67,79.36],[86.64,79.65],[86.07,80.02],[87.22,79.95],[87,80.32],[88.98,80.23],[89.09,80.03],[90,80.02],[90,80.13],[89.29,80.17],[89.48,80.51],[89.24,80.77],[88.63,80.76],[88.1,81.06],[88.24,81.59],[89.27,81.94],[90,81.9],[90,83.33],[90,84.28],[90,85.71],[90,87.14],[90,88.09],[90,90],[0,90],[0,88.51],[0,87.01],[0,86.02],[0,84.52],[0,83.03],[0,82.03],[0,81.04],[0,80.04],[0,79.05],[0,78.05],[0,76.56],[0,75.56],[0,74.56],[0,73.57],[0,72.57],[0,71.58],[0,70.58],[0,69.59],[0,68.59],[0,67.59],[0,66.1],[0,65.1],[0,64.11],[0,62.62],[0,61.62]],[[45.95,82.08],[47.86,82.21],[49.35,82.04],[49.4,81.75],[48.85,81.62],[49.18,81.3],[48.25,81.15],[48.42,81.01],[49.68,81.1],[50.37,81.31],[51.03,81.2],[51.03,80.81],[51.7,80.65],[50.42,80.45],[50.43,80.31],[51.51,80.02],[52.25,79.95],[51.99,79.76],[50.36,79.59],[49.4,79.73],[48.29,80.02],[46.89,80.16],[46.76,80.53],[45.03,80.55],[44.57,80.74],[45.69,80.78],[44.71,81.11],[44.89,81.47],[43.49,81.82],[43.28,82.06],[44.34,82.04],[44.62,81.87],[46.54,81.72],[46.74,81.95],[45.95,82.08]],[[56.02,81.11],[55.37,81.22],[53.51,81.23],[53.26,81.4],[54.94,81.44],[56,81.34],[56.66,81.57],[57.88,81.68],[57.77,81.89],[60.96,82.19],[60.56,81.96],[59.8,81.88],[60.44,81.41],[62.61,81.12],[63.37,81.25],[65,81.39],[65.93,80.91],[65.87,80.63],[64.52,80.32],[61.84,80.4],[61.93,80.26],[60.21,80.08],[60.25,79.85],[62.23,79.88],[63.06,79.82],[63.34,80.1],[64.42,80.1],[64.29,79.6],[62.7,79.21],[62.8,79.08],[61.99,78.92],[61.48,78.55],[60.93,78.52],[60.01,78.63],[59.78,78.89],[60.6,78.93],[60.44,79.13],[59.16,79.03],[55.44,79],[54.62,79.51],[55.48,79.52],[56.25,79.38],[57.45,79.37],[58.48,79.47],[59.5,79.23],[60.1,79.24],[60.04,79.59],[59.67,79.73],[57.53,79.59],[56.5,79.62],[57.12,79.87],[55.88,79.83],[55.92,80.22],[55.54,80.61],[53.75,80.81],[54.33,80.91],[54.01,81.05],[54.67,81.15],[56.02,81.11]],[[61.97,81.92],[64.06,81.89],[64.57,81.63],[63.13,81.46],[61.37,81.5],[61.08,81.73],[61.97,81.92]],[[55.72,78.24],[55.76,78.09],[56.49,78.02],[56.47,77.81],[55.52,77.91],[54.87,78.07],[55.06,78.27],[55.72,78.24]],[[41.11,79.2],[40.08,78.97],[40.06,78.73],[38.95,78.48],[38.67,78.2],[37.97,78.05],[38.45,77.82],[37.99,77.64],[37.25,77.89],[36.62,77.53],[37.42,77.36],[38.33,77.4],[38.97,77.18],[39.29,77.24],[39.66,77.1],[39.11,76.92],[37.9,76.9],[37.33,76.78],[35.5,76.73],[34.5,76.52],[33.82,76.49],[32.96,76.6],[32.6,76.73],[31.35,76.9],[30.73,76.9],[30.5,76.75],[29.69,76.83],[29.38,77.02],[28.79,76.73],[28.66,76.42],[28.77,76.1],[28.51,75.91],[27.94,75.97],[27.63,76.13],[27.05,76.01],[27.4,75.8],[27.99,75.67],[26.86,75.57],[26.21,75.16],[25.47,74.95],[24.85,74.67],[22.06,74.24],[21,74.2],[20.48,73.9],[19.65,73.9],[18.46,73.83],[18.08,73.93],[17.88,74.16],[18.12,74.26],[17.91,74.55],[18.22,74.89],[17.99,75.12],[17.08,74.93],[16.04,74.96],[15.61,75.16],[15.68,75.3],[15.25,75.63],[15.69,75.8],[14.98,76.01],[16.01,76.2],[15.77,76.35],[14.33,76.55],[13.34,76.92],[13.47,77.09],[12.82,77.14],[13.19,77.39],[11.81,77.45],[11.67,77.78],[10.61,77.77],[9.76,77.96],[10.49,78.1],[11.19,78.02],[12.8,78.01],[12.73,78.2],[11.71,78.15],[11.33,78.29],[10.06,78.3],[9.7,78.41],[9.59,78.75],[9.15,78.85],[10.99,79.01],[10.94,79.09],[9.07,78.98],[8.41,79.36],[9.35,79.55],[10.77,79.97],[11.19,80.01],[11.1,80.28],[11.42,80.38],[13.66,80.47],[13.97,80.67],[15.01,80.7],[15.98,80.23],[16.83,80.26],[16.15,80.67],[17.43,80.78],[17.72,80.91],[19.85,81.13],[21.63,81.17],[21.84,81.29],[25.14,81.2],[26.54,81.07],[28.94,80.63],[29.31,80.47],[28.82,80.29],[28.93,80.06],[28.4,80],[28.45,79.65],[27.64,79.6],[27.3,79.44],[24.08,78.94],[24.52,78.63],[25.05,78.61],[25.64,78.78],[25.83,79.06],[29.09,79.25],[31.57,79.28],[31.88,79.33],[33.98,79.25],[32.81,79.08],[32.59,78.94],[31.17,78.89],[29.81,78.64],[30.4,78.56],[30.61,78.4],[29.57,78.34],[29.03,78.45],[28.68,78.65],[27.9,78.44],[26.38,78.34],[26.45,78.17],[28.27,78.06],[27.94,77.91],[28.17,77.7],[29.78,77.54],[31.11,77.26],[31.75,77.58],[32.27,77.61],[33.2,77.86],[33.38,78.48],[34.55,78.59],[33.48,78.33],[33.32,78.02],[34.01,77.93],[34.7,78.03],[35.69,78.55],[36.01,78.63],[38.21,78.61],[38.5,78.94],[40.53,79.31],[41.11,79.2]],[[44.16,79.1],[43.96,79.28],[44.44,79.64],[44.9,79.67],[47.58,79.3],[46.85,78.89],[45.89,78.92],[44.42,78.61],[44.45,78.97],[44.16,79.1]],[[31.02,79.56],[30.09,79.48],[30.08,79.86],[30.49,80.21],[30.12,80.33],[30.43,80.63],[29.69,81],[30.18,81.47],[33.01,81.43],[34.3,81.34],[34.85,81.13],[37.61,81.05],[38.49,81.2],[39.14,81.07],[39.04,80.73],[39.55,80.67],[39.96,80.29],[38.61,79.93],[33.57,79.83],[31.02,79.56]],[[53.4,79.11],[53.09,79.43],[54.17,79.39],[53.4,79.11]],[[58.1,77.69],[58.16,77.36],[57.31,77.38],[57.38,77.57],[58.1,77.69]],[[39.9,76.78],[40.3,77],[41.08,76.95],[41.07,76.81],[39.9,76.78]],[[36.58,75.87],[36.89,75.78],[38.12,75.58],[37.91,75.37],[39.28,75.39],[39.57,75.23],[40.51,75.08],[40.74,74.86],[40.66,74.26],[40.44,74.07],[39.58,74.14],[39.58,74],[38.19,74.07],[37.37,73.97],[37.13,74.15],[36.64,74.19],[35.95,74.37],[35.96,74.61],[34.75,74.67],[33.93,74.79],[33.44,74.62],[33.02,74.68],[32.38,74.52],[31.47,74.84],[31.97,75.1],[33.35,75.22],[33.55,75.5],[34.29,75.7],[35.06,75.75],[35.52,75.86],[36.15,75.8],[36.58,75.87]],[[17.48,74.16],[17.19,74.55],[17.57,74.52],[17.48,74.16]],[[53.55,80.06],[52.39,80.04],[52.02,80.42],[53.04,80.47],[53.19,80.68],[55.01,80.58],[55.54,80.26],[54.3,80.07],[53.55,80.06]],[[55.66,81.64],[54.69,81.6],[53.96,81.75],[54.89,81.94],[55.57,81.86],[55.66,81.64]],[[36.26,73.29],[36.85,73.41],[36.75,73.05],[35.88,73.11],[35.06,72.91],[34.54,72.97],[34.65,73.11],[35.2,73.21],[36.26,73.29]],[[17.45,71.28],[17.55,71.53],[17.89,71.68],[18.46,71.49],[18.33,71.26],[17.78,71.19],[17.45,71.28]],[[8.69,64.42],[8.33,64.96],[8.64,65.02],[9.32,64.76],[8.92,64.45],[8.69,64.42]],[[7.29,63.66],[7.26,63.88],[7.72,63.81],[7.29,63.66]]]},"properties":{"scalerank":0,"featurecla":"Bathymetry","depth":200}},
{"type":"Feature","geometry":{"type":"Polygon","coordinates":[[[-90,90],[-179.89,90],[-180,90],[-180,88.5],[-180,87.5],[-180,86],[-180,85],[-180,84],[-180,82.5],[-180,81],[-180,79.5],[-180,78],[-180,77],[-180,75.5],[-180,74.31],[-179.28,73.95],[-179.89,73.87],[-179.79,73.7],[-179.1,73.75],[-178.4,73.57],[-177.61,73.67],[-177.87,73.43],[-175.92,73.3],[-175.18,73.52],[-174.76,73.8],[-174.08,74],[-173.59,73.9],[-172.89,73.6],[-172.69,73.72],[-171.87,73.78],[-171.55,73.72],[-170.7,73.78],[-170.82,73.99],[-169.82,74.11],[-170.01,74.48],[-169.11,74.75],[-168.7,74.53],[-168.85,74.25],[-168.65,73.95],[-166.79,73.9],[-166.15,73.93],[-165.64,74.08],[-165.23,73.96],[-163.84,73.96],[-163.7,73.46],[-162.53,73.59],[-162.21,73.77],[-161.51,73.72],[-161.28,73.46],[-161.96,73.28],[-161.71,73.14],[-162.32,73.03],[-161.72,72.89],[-161.35,72.64],[-160.72,72.44],[-160.06,72.41],[-160.41,72.89],[-159.43,72.96],[-158.72,72.68],[-157.69,72.56],[-157.59,72.27],[-156.28,72.19],[-155.25,71.89],[-154.63,71.84],[-153.43,71.84],[-152.44,71.65],[-152.05,71.44],[-150.09,71.26],[-147.98,71.14],[-147.83,71.07],[-146.63,70.93],[-145.75,70.9],[-143.94,70.64],[-143.13,70.57],[-141.76,70.52],[-141.39,70.4],[-139.21,70.14],[-138.85,69.93],[-138.27,69.91],[-138.11,70.18],[-137.79,70.34],[-137.03,70.38],[-136.33,70.48],[-135.62,70.66],[-134.9,70.93],[-133.94,71],[-133.67,71.07],[-131.16,71.34],[-130.47,71.55],[-129.89,71.55],[-127.98,71.42],[-127.39,71.21],[-127.42,70.63],[-127.27,70.47],[-126.71,70.27],[-126.6,70.05],[-126.06,70.03],[-126.03,70.29],[-125.58,70.33],[-125.52,70.55],[-124.97,70.59],[-124.36,70.37],[-122.99,69.99],[-121.13,69.84],[-120.57,69.63],[-119.66,69.56],[-118.17,69.3],[-117.85,69.41],[-117.2,69.36],[-117.33,69.61],[-117.61,69.77],[-117.68,70.11],[-117.3,70.3],[-117.52,70.52],[-118.41,70.78],[-118.98,71.04],[-119.62,70.95],[-120.5,70.97],[-120.9,71.09],[-122.7,71.09],[-123.89,71.22],[-124.07,71.51],[-124.41,71.59],[-125.06,71.51],[-126.09,71.71],[-126.59,71.88],[-126.86,72.13],[-126.66,72.38],[-125.61,72.5],[-126.33,72.73],[-126.98,72.7],[-126.9,72.96],[-126.37,73.26],[-126.4,73.67],[-125.87,73.87],[-125.42,74.24],[-124.72,74.48],[-123.98,74.53],[-123.46,74.48],[-123.1,74.62],[-122.61,74.57],[-121.38,74.72],[-121.16,74.94],[-120.08,74.76],[-120.73,74.5],[-120.02,74.33],[-118.79,74.29],[-117.69,74.35],[-116.8,74.27],[-116.53,74.1],[-116.09,74.09],[-115.84,73.9],[-114.82,73.61],[-113.71,73.64],[-113.07,73.51],[-112.96,73.37],[-112.34,73.04],[-111.29,73.01],[-111.11,73.18],[-110.22,73.22],[-109.93,73.07],[-109.17,73.08],[-109.52,73.42],[-110.45,73.33],[-111.49,73.4],[-112.39,73.52],[-112.1,73.78],[-110.91,73.78],[-110.75,73.96],[-109.87,73.93],[-109.65,74.05],[-108.11,74.07],[-107.92,73.97],[-106.79,73.93],[-106.07,74.05],[-105.75,73.93],[-105.22,74.06],[-104.25,74.07],[-104.63,74.33],[-103.92,74.41],[-104.19,74.58],[-104.96,74.69],[-105.45,74.6],[-106.08,74.6],[-106.91,74.69],[-108.44,74.64],[-109.27,74.72],[-109.52,74.6],[-110.21,74.53],[-111.58,74.47],[-112.02,74.25],[-112.88,74.12],[-114.46,74.62],[-115.17,74.72],[-115.05,74.9],[-116.12,75.01],[-116.99,74.97],[-117.22,75.14],[-117.84,75.02],[-117.85,75.17],[-118.26,75.1],[-117.85,75.36],[-118.5,75.23],[-118.6,75.46],[-119.37,75.46],[-120.18,75.56],[-120.93,75.46],[-121.48,75.65],[-121.82,75.87],[-122.42,75.73],[-122.78,75.89],[-123.27,75.85],[-124.03,76.27],[-122.99,76.58],[-122.93,76.74],[-121.81,76.98],[-120.3,77.51],[-118.91,77.6],[-117.74,77.99],[-116.35,78.16],[-116.47,78.31],[-115.81,78.43],[-115.42,78.7],[-114.75,78.6],[-113.23,78.87],[-112.41,78.92],[-111.52,78.77],[-110.8,78.89],[-109.22,78.8],[-107.35,78.77],[-106.23,78.66],[-105.87,79.53],[-105.04,79.52],[-104.49,79.39],[-101.74,79.39],[-101.07,79.27],[-100.89,79.06],[-99.91,78.85],[-97.99,78.93],[-97.85,79.1],[-97.29,79.05],[-96.93,78.77],[-95.71,78.68],[-95.35,78.83],[-95.81,79.26],[-97.66,79.26],[-97.74,79.43],[-99.49,79.58],[-99.99,79.85],[-101.04,80.14],[-100.65,80.4],[-99.32,80.43],[-97.93,80.17],[-97.62,80],[-96.85,79.99],[-96.84,80.5],[-96.23,80.6],[-95.88,80.81],[-96.59,80.91],[-96.73,81.41],[-95.93,81.3],[-94.64,81.25],[-94.29,81.44],[-92.87,81.39],[-91.71,81.21],[-91.2,80.88],[-90,80.57],[-90,81.01],[-90.08,81.29],[-90.93,81.49],[-92.03,81.49],[-92.39,81.71],[-91.8,81.86],[-91.8,82.05],[-90,82.03],[-90,83.52],[-90,84.52],[-90,85.52],[-90,87.01],[-90,88.01],[-90,89],[-90,90]],[[-114.22,79.82],[-112.82,80],[-110.56,80.02],[-110.49,79.89],[-111.16,79.7],[-113.47,79.55],[-114.97,79.53],[-114.98,79.7],[-114.22,79.82]],[[-168.55,75.2],[-168.24,75.32],[-168.71,75.43],[-168.18,75.54],[-167.87,75.22],[-168.55,75.2]],[[-178.01,74.06],[-177.6,74.17],[-177.18,73.96],[-177.56,73.81],[-178.01,74.06]],[[-121.84,70.19],[-121.16,70.11],[-121.1,69.97],[-122.01,70.01],[-121.84,70.19]]]},"properties":{"scalerank":0,"featurecla":"Bathymetry","depth":200}},
{"type":"Feature","geometry":{"type":"Polygon","coordinates":[[[90,81.9],[92.67,81.78],[94.76,81.78],[95.07,81.51],[96.06,81.44],[97.85,81.45],[97.64,81.22],[98.43,81.05],[99.85,81.08],[100.46,80.89],[100.45,80.68],[100.95,80.38],[102.63,80.33],[103.55,80.01],[101.24,79.88],[100.41,79.38],[100.21,79.1],[101.22,79.24],[101.2,79.51],[103.13,79.57],[104.96,79.54],[105.58,79.47],[106.28,79.14],[106.31,78.99],[105.66,78.9],[105.72,78.66],[107.02,78.69],[107.1,78.53],[108.78,78.36],[109.57,78.44],[109.65,78.1],[108.68,78.1],[108.13,77.98],[107.99,77.76],[108.46,77.67],[109.37,77.69],[109.61,77.6],[111.07,77.67],[113.74,77.5],[115.5,77.62],[115.5,77.45],[114.42,77.38],[115.54,76.95],[116.14,76.82],[116.33,77.23],[115.96,77.39],[116.38,77.55],[117.49,77.43],[117.65,77.33],[118.9,77.21],[120.03,77.24],[121.8,77.39],[123.01,77.31],[123.74,77.07],[122.6,76.81],[122.05,76.78],[121.42,76.61],[121.28,76.44],[121.83,76.28],[123.89,76.51],[124.4,76.37],[125.12,76.41],[125,76.58],[125.55,77.06],[127.26,77.19],[127.5,77.03],[126.93,76.91],[126.99,76.73],[126.55,76.63],[126.75,76.4],[127.12,76.34],[128.19,76.5],[128.74,76.64],[129.74,76.45],[130.61,76.71],[130.49,76.9],[129.78,77.01],[129.82,77.15],[131.57,77.32],[134.04,77.29],[134.92,77.17],[134.74,76.79],[133.71,76.76],[133.2,76.67],[134.39,76.45],[135.65,76.63],[136.35,76.21],[136.86,76.15],[137.03,76.4],[137.73,76.7],[137.9,77.02],[138.7,77.33],[140.07,76.95],[140.2,77.31],[140.22,78.01],[140.09,78.72],[140.38,78.89],[139.95,79.14],[141.58,79.33],[142.54,79.18],[143.73,79.49],[143.99,79.67],[148.33,79.52],[150.34,79.86],[152.05,79.87],[153.07,79.66],[155.43,79.45],[157.95,79.29],[159.11,79],[155.06,78.97],[155.91,78.61],[156.22,78.85],[156.87,78.73],[158.3,78.71],[159,78.59],[159.25,78.42],[160.64,78.2],[161.43,77.83],[162.4,78.06],[163.13,77.98],[163.76,77.65],[162.83,77.47],[163.46,77.22],[163.33,77],[164.17,76.97],[164.05,77.33],[165.89,77.41],[166.16,77.19],[165.4,76.95],[165.33,76.82],[166.23,76.69],[166.59,76.43],[167.43,76.61],[168.04,76.38],[168.34,76.12],[168.1,76.01],[168.37,75.78],[168.91,75.61],[169.45,75.73],[169.42,76.24],[170.29,76.31],[170.98,76.29],[171.49,76.43],[171.77,76.04],[172.37,76.18],[172.97,75.87],[172.71,75.65],[172.93,75.17],[174,75.29],[174.63,75.49],[175.58,75.26],[176.02,74.92],[176.48,74.78],[177.49,74.67],[178.19,75.01],[178.93,75.1],[179.37,74.93],[179.89,74.91],[180,74.74],[180,74.99],[180,75.47],[180,75.96],[180,76.44],[180,76.93],[180,77.41],[180,77.89],[180,78.38],[180,78.86],[180,79.35],[180,79.83],[180,80.32],[180,80.8],[180,81.28],[180,81.77],[180,82.25],[180,82.74],[180,83.22],[180,83.7],[180,84.19],[180,84.67],[180,85.16],[180,85.64],[180,86.13],[180,86.61],[180,87.09],[180,87.58],[180,88.06],[180,88.55],[180,89.03],[180,89.52],[180,90],[179.89,90],[90,90],[90,88.09],[90,87.14],[90,85.71],[90,84.28],[90,83.33],[90,81.9]]]},"properties":{"scalerank":0,"featurecla":"Bathymetry","depth":200}},
{"type":"Feature","geometry":null,"properties":{"scalerank":0,"featurecla":"Bathymetry","depth":200}},
{"type":"Feature","geometry":{"type":"Polygon","coordinates":[[[-72.75,-41.66],[-72.8,-41.57],[-72.92,-41.62],[-72.75,-41.66]]]},"properties":{"scalerank":0,"featurecla":"Bathymetry","depth":200}},
{"type":"Feature","geometry":{"type":"Polygon","coordinates":[[[-72.95,-41.92],[-72.94,-41.92],[-72.94,-41.91],[-72.95,-41.91],[-72.95,-41.92]]]},"properties":{"scalerank":0,"featurecla":"Bathymetry","depth":200}},
{"type":"Feature","geometry":{"type":"Polygon","coordinates":[[[-59.05,-42.49],[-58.89,-42.36],[-58.99,-42.28],[-59.11,-42.44],[-59.05,-42.49]]]},"properties":{"scalerank":0,"featurecla":"Bathymetry","depth":200}},
{"type":"Feature","geometry":{"type":"Polygon","coordinates":[[[-59.49,-43.19],[-59.4,-43.09],[-59.59,-42.98],[-59.66,-43.14],[-59.49,-43.19]]]},"properties":{"scalerank":0,"featurecla":"Bathymetry","depth":200}},
{"type":"Feature","geometry":{"type":"Polygon","coordinates":[[[-59.89,-43.42],[-60.03,-43.22],[-60.24,-43.43],[-59.89,-43.42]]]},"properties":{"scalerank":0,"featurecla":"Bathymetry","depth":200}},
{"type":"Feature","geometry":{"type":"Polygon","coordinates":[[[-74.37,-43.64],[-74.33,-43.81],[-73.81,-43.66],[-74.37,-43.64]]]},"properties":{"scalerank":0,"featurecla":"Bathymetry","depth":200}},
{"type":"Feature","geometry":{"type":"Polygon","coordinates":[[[-60.63,-46.34],[-60.61,-46.12],[-60.72,-46.17],[-60.74,-46.34],[-60.63,-46.34]]]},"properties":{"scalerank":0,"featurecla":"Bathymetry","depth":200}},
{"type":"Feature","geometry":{"type":"Polygon","coordinates":[[[-75.32,-47.8],[-75.44,-47.85],[-75.42,-47.99],[-75.28,-47.95],[-75.32,-47.8]]]},"properties":{"scalerank":0,"featurecla":"Bathymetry","depth":200}},
{"type":"Feature","geometry":{"type":"Polygon","coordinates":[[[-75.55,-48.25],[-75.68,-48.32],[-75.6,-48.39],[-75.55,-48.25]]]},"properties":{"scalerank":0,"featurecla":"Bathymetry","depth":200}},
{"type":"Feature","geometry":{"type":"Polygon","coordinates":[[[-61.65,-49.58],[-61.26,-49.49],[-61.05,-49.29],[-61.14,-49.14],[-61.43,-49.07],[-61.72,-49.31],[-61.97,-49.43],[-61.96,-49.58],[-61.65,-49.58]]]},"properties":{"scalerank":0,"featurecla":"Bathymetry","depth":200}},
{"type":"Feature","geometry":{"type":"Polygon","coordinates":[[[-74.86,-50.53],[-74.83,-50.51],[-74.78,-50.32],[-74.91,-50.42],[-74.86,-50.53]]]},"properties":{"scalerank":0,"featurecla":"Bathymetry","depth":200}},
{"type":"Feature","geometry":{"type":"Polygon","coordinates":[[[-75.17,-50.76],[-75.1,-50.63],[-75.18,-50.62],[-75.23,-50.71],[-75.17,-50.76]]]},"properties":{"scalerank":0,"featurecla":"Bathymetry","depth":200}},
{"type":"Feature","geometry":{"type":"Polygon","coordinates":[[[-62.13,-50.7],[-62.17,-50.62],[-62.44,-50.63],[-62.62,-50.74],[-62.13,-50.7]]]},"properties":{"scalerank":0,"featurecla":"Bathymetry","depth":200}},
{"type":"Feature","geometry":{"type":"Polygon","coordinates":[[[-62.53,-51.27],[-62.21,-50.93],[-62.47,-50.9],[-62.85,-51.09],[-62.69,-51.27],[-62.53,-51.27]]]},"properties":{"scalerank":0,"featurecla":"Bathymetry","depth":200}},
{"type":"Feature","geometry":{"type":"Polygon","coordinates":[[[-74.39,-52.73],[-74.21,-52.92],[-73.85,-52.94],[-73.9,-52.79],[-74.18,-52.82],[-74.39,-52.73]]]},"properties":{"scalerank":0,"featurecla":"Bathymetry","depth":200}},
{"type":"Feature","geometry":{"type":"Polygon","coordinates":[[[-63.22,-51.52],[-63.59,-51.57],[-63.65,-51.84],[-63.23,-51.78],[-63.22,-51.52]]]},"properties":{"scalerank":0,"featurecla":"Bathymetry","depth":200}},
{"type":"Feature","geometry":{"type":"Polygon","coordinates":[[[-72.95,-41.92],[-73.09,-42],[-72.94,-42.27],[-72.67,-42.09],[-72.95,-41.92]]]},"properties":{"scalerank":0,"featurecla":"Bathymetry","depth":200}},
{"type":"Feature","geometry":{"type":"Polygon","coordinates":[[[-72.92,-42.37],[-73.02,-42.43],[-72.93,-42.49],[-72.82,-42.47],[-72.79,-42.4],[-72.92,-42.37]]]},"properties":{"scalerank":0,"featurecla":"Bathymetry","depth":200}},
{"type":"Feature","geometry":{"type":"Polygon","coordinates":[[[60.97,-11.29],[60.94,-11.13],[61.01,-11.03],[60.89,-10.96],[60.83,-11.04],[60.9,-11.28],[60.97,-11.29]]]},"properties":{"scalerank":0,"featurecla":"Bathymetry","depth":200}},
{"type":"Feature","geometry":{"type":"Polygon","coordinates":[[[59.89,-16.24],[59.94,-16.12],[59.73,-16.12],[59.76,-16.23],[59.89,-16.24]]]},"properties":{"scalerank":0,"featurecla":"Bathymetry","depth":200}},
{"type":"Feature","geometry":{"type":"Polygon","coordinates":[[[46.13,-25.38],[46.25,-25.33],[46.26,-25.24],[46.02,-25.33],[46.13,-25.38]]]},"properties":{"scalerank":0,"featurecla":"Bathymetry","depth":200}},
{"type":"Feature","geometry":{"type":"Polygon","coordinates":[[[14.82,-28.57],[14.89,-28.43],[14.79,-28.41],[14.72,-28.53],[14.82,-28.57]]]},"properties":{"scalerank":0,"featurecla":"Bathymetry","depth":200}},
{"type":"Feature","geometry":{"type":"Polygon","coordinates":[[[15.15,-29.25],[15.17,-29.17],[15.05,-28.99],[14.98,-29.01],[15.03,-29.17],[15.15,-29.25]]]},"properties":{"scalerank":0,"featurecla":"Bathymetry","depth":200}},
{"type":"Feature","geometry":{"type":"Polygon","coordinates":[[[69.78,-48.15],[69.68,-48.01],[69.47,-48.03],[69.26,-48.22],[69.52,-48.31],[69.78,-48.15]]]},"properties":{"scalerank":0,"featurecla":"Bathymetry","depth":200}},
{"type":"Feature","geometry":{"type":"Polygon","coordinates":[[[68.46,-49.94],[68.46,-49.85],[68.32,-49.81],[68.31,-49.89],[68.46,-49.94]]]},"properties":{"scalerank":0,"featurecla":"Bathymetry","depth":200}},
{"type":"Feature","geometry":{"type":"Polygon","coordinates":[[[61.49,-10.55],[61.22,-9.96],[61.04,-10.15],[61.06,-10.31],[60.95,-10.47],[61.25,-10.67],[61.39,-10.69],[61.54,-10.91],[61.71,-10.84],[61.71,-11.07],[62.02,-11.03],[61.97,-10.41],[61.88,-10.19],[61.88,-10.03],[61.7,-10],[61.57,-10.17],[61.74,-10.27],[61.86,-10.45],[61.78,-10.56],[61.49,-10.55]]]},"properties":{"scalerank":0,"featurecla":"Bathymetry","depth":200}},
{"type":"Feature","geometry":null,"properties":{"scalerank":0,"featurecla":"Bathymetry","depth":200}},
{"type":"Feature","geometry":null,"properties":{"scalerank":0,"featurecla":"Bathymetry","depth":200}},
{"type":"Feature","geometry":null,"properties":{"scalerank":0,"featurecla":"Bathymetry","depth":200}},
{"type":"Feature","geometry":null,"properties":{"scalerank":0,"featurecla":"Bathymetry","depth":200}},
{"type":"Feature","geometry":{"type":"Polygon","coordinates":[[[127.56,0],[127.54,-0.07],[127.65,-0.09],[127.65,0],[127.56,0]]]},"properties":{"scalerank":0,"featurecla":"Bathymetry","depth":200}},
{"type":"Feature","geometry":{"type":"Polygon","coordinates":[[[122.53,-0.7],[122.41,-0.49],[122.05,-0.55],[121.81,-0.64],[121.82,-0.79],[122.04,-0.88],[122.21,-0.74],[122.53,-0.7]]]},"properties":{"scalerank":0,"featurecla":"Bathymetry","depth":200}},
{"type":"Feature","geometry":{"type":"Polygon","coordinates":[[[127.86,-0.54],[127.69,-0.55],[127.71,-0.66],[127.82,-0.64],[127.86,-0.54]]]},"properties":{"scalerank":0,"featurecla":"Bathymetry","depth":200}},
{"type":"Feature","geometry":{"type":"Polygon","coordinates":[[[134.81,-2.49],[134.84,-2.42],[134.72,-2.25],[134.66,-2.29],[134.73,-2.45],[134.81,-2.49]]]},"properties":{"scalerank":0,"featurecla":"Bathymetry","depth":200}},
{"type":"Feature","geometry":{"type":"Polygon","coordinates":[[[150.16,-5.44],[150.3,-5.34],[150.22,-5.23],[150.16,-5.44]]]},"properties":{"scalerank":0,"featurecla":"Bathymetry","depth":200}},
{"type":"Feature","geometry":{"type":"Polygon","coordinates":[[[145.39,-8.23],[145.44,-8.06],[145.3,-8.08],[145.39,-8.23]]]},"properties":{"scalerank":0,"featurecla":"Bathymetry","depth":200}},
{"type":"Feature","geometry":{"type":"Polygon","coordinates":[[[149.35,-8.57],[149.32,-8.39],[149.21,-8.44],[149.22,-8.52],[149.35,-8.57]]]},"properties":{"scalerank":0,"featurecla":"Bathymetry","depth":200}},
{"type":"Feature","geometry":{"type":"Polygon","coordinates":[[[149.9,-8.6],[149.64,-8.61],[149.51,-8.78],[149.45,-9.29],[149.69,-9.51],[150.02,-9.59],[150.1,-9.76],[149.88,-9.81],[149.87,-9.93],[150.06,-10.05],[150.41,-10.17],[150.82,-10.19],[150.93,-10.12],[150.77,-9.91],[150.72,-9.74],[150.43,-9.66],[150.32,-9.55],[150.19,-9.62],[150.07,-9.37],[150.08,-9.11],[150.21,-8.99],[150.3,-8.7],[150.15,-8.68],[150.01,-8.78],[149.9,-8.6]]]},"properties":{"scalerank":0,"featurecla":"Bathymetry","depth":200}},
{"type":"Feature","geometry":{"type":"Polygon","coordinates":[[[148.82,-8.61],[148.88,-8.73],[149.03,-8.75],[149.03,-8.63],[148.82,-8.61]]]},"properties":{"scalerank":0,"featurecla":"Bathymetry","depth":200}},
{"type":"Feature","geometry":{"type":"Polygon","coordinates":[[[133.6,-8.98],[133.69,-8.89],[133.47,-8.68],[133.33,-8.76],[133.37,-8.9],[133.6,-8.98]]]},"properties":{"scalerank":0,"featurecla":"Bathymetry","depth":200}},
{"type":"Feature","geometry":{"type":"Polygon","coordinates":[[[145.19,-8.82],[145.15,-8.69],[145.04,-8.71],[145.08,-8.8],[145.19,-8.82]]]},"properties":{"scalerank":0,"featurecla":"Bathymetry","depth":200}},
{"type":"Feature","geometry":{"type":"Polygon","coordinates":[[[150.82,-9.16],[150.81,-9.01],[150.71,-9.07],[150.82,-9.16]]]},"properties":{"scalerank":0,"featurecla":"Bathymetry","depth":200}},
{"type":"Feature","geometry":{"type":"Polygon","coordinates":[[[151.04,-10.45],[150.87,-10.36],[150.76,-10.47],[151.04,-10.45]]]},"properties":{"scalerank":0,"featurecla":"Bathymetry","depth":200}},
{"type":"Feature","geometry":{"type":"Polygon","coordinates":[[[124.13,-12.96],[124.16,-12.82],[124.02,-12.85],[124.13,-12.96]]]},"properties":{"scalerank":0,"featurecla":"Bathymetry","depth":200}},
{"type":"Feature","geometry":{"type":"Polygon","coordinates":[[[143.98,-14.4],[144.04,-14.3],[143.92,-14.28],[143.87,-14.38],[143.98,-14.4]]]},"properties":{"scalerank":0,"featurecla":"Bathymetry","depth":200}},
{"type":"Feature","geometry":{"type":"Polygon","coordinates":[[[177.66,-16.7],[177.62,-17.07],[178.01,-17.08],[178.22,-17.2],[178.5,-17.22],[178.54,-17.03],[178.37,-16.88],[177.89,-16.84],[177.66,-16.7]]]},"properties":{"scalerank":0,"featurecla":"Bathymetry","depth":200}},
{"type":"Feature","geometry":{"type":"Polygon","coordinates":[[[178.93,-17.53],[178.65,-17.35],[178.69,-17.54],[178.93,-17.53]]]},"properties":{"scalerank":0,"featurecla":"Bathymetry","depth":200}},
{"type":"Feature","geometry":{"type":"Polygon","coordinates":[[[124.35,-33.75],[124.45,-33.39],[124.32,-33.36],[124.15,-33.69],[124.35,-33.75]]]},"properties":{"scalerank":0,"featurecla":"Bathymetry","depth":200}},
{"type":"Feature","geometry":{"type":"Polygon","coordinates":[[[132.26,-33.59],[132.51,-33.47],[132.45,-33.38],[132.14,-33.43],[132.26,-33.59]]]},"properties":{"scalerank":0,"featurecla":"Bathymetry","depth":200}},
{"type":"Feature","geometry":{"type":"Polygon","coordinates":[[[122.94,-34.28],[122.64,-34.09],[122.49,-34.26],[122.6,-34.34],[122.94,-34.28]]]},"properties":{"scalerank":0,"featurecla":"Bathymetry","depth":200}},
{"type":"Feature","geometry":{"type":"Polygon","coordinates":[[[139.53,-36.32],[139.52,-36.19],[139.34,-36.03],[139.08,-36.05],[138.84,-36.22],[138.84,-36.36],[139,-36.52],[138.82,-36.67],[139.01,-36.81],[139.21,-36.57],[139.53,-36.32]]]},"properties":{"scalerank":0,"featurecla":"Bathymetry","depth":200}},
{"type":"Feature","geometry":{"type":"Polygon","coordinates":[[[139.54,-36.57],[139.58,-36.44],[139.52,-36.4],[139.45,-36.52],[139.54,-36.57]]]},"properties":{"scalerank":0,"featurecla":"Bathymetry","depth":200}},
{"type":"Feature","geometry":{"type":"Polygon","coordinates":[[[139.55,-36.91],[139.76,-36.78],[139.56,-36.7],[139.55,-36.91]]]},"properties":{"scalerank":0,"featurecla":"Bathymetry","depth":200}},
{"type":"Feature","geometry":{"type":"Polygon","coordinates":[[[139.64,-37.31],[139.68,-37.16],[139.49,-37.15],[139.64,-37.31]]]},"properties":{"scalerank":0,"featurecla":"Bathymetry","depth":200}},
{"type":"Feature","geometry":{"type":"Polygon","coordinates":[[[142.54,-38.63],[142.67,-38.84],[142.83,-38.69],[142.54,-38.63]]]},"properties":{"scalerank":0,"featurecla":"Bathymetry","depth":200}},
{"type":"Feature","geometry":{"type":"Polygon","coordinates":[[[143.86,-40.28],[143.89,-40.18],[143.82,-40.12],[143.72,-40.15],[143.86,-40.28]]]},"properties":{"scalerank":0,"featurecla":"Bathymetry","depth":200}},
{"type":"Feature","geometry":{"type":"Polygon","coordinates":[[[174.53,-41.32],[174.67,-41.09],[174.5,-41.12],[174.53,-41.32]]]},"properties":{"scalerank":0,"featurecla":"Bathymetry","depth":200}},
{"type":"Feature","geometry":{"type":"Polygon","coordinates":[[[145.05,-42.28],[145.01,-42.02],[144.89,-42.14],[145.05,-42.28]]]},"properties":{"scalerank":0,"featurecla":"Bathymetry","depth":200}},
{"type":"Feature","geometry":{"type":"Polygon","coordinates":[[[167.33,-47.75],[166.89,-47.76],[167.02,-47.9],[167.29,-47.88],[167.33,-47.75]]]},"properties":{"scalerank":0,"featurecla":"Bathymetry","depth":200}},
{"type":"Feature","geometry":{"type":"Polygon","coordinates":[[[167.48,-47.95],[167.18,-47.99],[167.5,-48.3],[167.62,-48.25],[167.48,-47.95]]]},"properties":{"scalerank":0,"featurecla":"Bathymetry","depth":200}},
{"type":"Feature","geometry":{"type":"Polygon","coordinates":[[[167.11,-50.13],[167.09,-49.99],[166.93,-50.02],[166.95,-50.12],[167.11,-50.13]]]},"properties":{"scalerank":0,"featurecla":"Bathymetry","depth":200}},
{"type":"Feature","geometry":{"type":"Polygon","coordinates":[[[169.9,-52.34],[170.05,-52.13],[169.91,-52.13],[169.79,-52.23],[169.9,-52.34]]]},"properties":{"scalerank":0,"featurecla":"Bathymetry","depth":200}},
{"type":"Feature","geometry":{"type":"Polygon","coordinates":[[[169.98,-52.67],[169.83,-52.67],[169.84,-52.74],[169.98,-52.74],[169.98,-52.67]]]},"properties":{"scalerank":0,"featurecla":"Bathymetry","depth":200}},
{"type":"Feature","geometry":{"type":"Polygon","coordinates":[[[134.39,-1.94],[134.38,-1.94],[134.41,-1.96],[134.39,-1.94]]]},"properties":{"scalerank":0,"featurecla":"Bathymetry","depth":200}},
{"type":"Feature","geometry":null,"properties":{"scalerank":0,"featurecla":"Bathymetry","depth":200}},
{"type":"Feature","geometry":{"type":"Polygon","coordinates":[[[153.59,-2.03],[153.65,-1.98],[153.67,-1.82],[153.59,-1.71],[153.61,-1.88],[153.59,-2.03]]]},"properties":{"scalerank":0,"featurecla":"Bathymetry","depth":200}},
{"type":"Feature","geometry":{"type":"Polygon","coordinates":[[[155.32,-4.69],[155.33,-4.65],[155.32,-4.66],[155.32,-4.69]]]},"properties":{"scalerank":0,"featurecla":"Bathymetry","depth":200}},
{"type":"Feature","geometry":{"type":"Polygon","coordinates":[[[163.91,-19.46],[163.9,-19.42],[163.85,-19.41],[163.9,-19.47],[163.91,-19.46]]]},"properties":{"scalerank":0,"featurecla":"Bathymetry","depth":200}},
{"type":"Feature","geometry":null,"properties":{"scalerank":0,"featurecla":"Bathymetry","depth":200}},
{"type":"Feature","geometry":null,"properties":{"scalerank":0,"featurecla":"Bathymetry","depth":200}},
{"type":"Feature","geometry":{"type":"Polygon","coordinates":[[[144.52,-1.11],[144.52,-1.1],[144.51,-1.1],[144.51,-1.12],[144.52,-1.11]]]},"properties":{"scalerank":0,"featurecla":"Bathymetry","depth":200}},
{"type":"Feature","geometry":null,"properties":{"scalerank":0,"featurecla":"Bathymetry","depth":200}},
{"type":"Feature","geometry":null,"properties":{"scalerank":0,"featurecla":"Bathymetry","depth":200}},
{"type":"Feature","geometry":null,"properties":{"scalerank":0,"featurecla":"Bathymetry","depth":200}},
{"type":"Feature","geometry":{"type":"Polygon","coordinates":[[[-92.87,79.26],[-92.8,79.33],[-93.09,79.33],[-92.87,79.26]]]},"properties":{"scalerank":0,"featurecla":"Bathymetry","depth":200}},
{"type":"Feature","geometry":{"type":"Polygon","coordinates":[[[-93.86,78.7],[-94.28,78.64],[-93.88,77.99],[-93.16,78.03],[-93.3,78.21],[-92.9,78.39],[-93.86,78.7]]]},"properties":{"scalerank":0,"featurecla":"Bathymetry","depth":200}},
{"type":"Feature","geometry":{"type":"Polygon","coordinates":[[[-97.43,78.91],[-97.43,78.97],[-97.61,79],[-97.65,78.93],[-97.43,78.91]]]},"properties":{"scalerank":0,"featurecla":"Bathymetry","depth":200}},
{"type":"Feature","geometry":{"type":"Polygon","coordinates":[[[-90,77.93],[-90,78.15],[-90.04,77.99],[-91.53,77.96],[-90.83,77.74],[-90.31,77.71],[-90,77.93]]]},"properties":{"scalerank":0,"featurecla":"Bathymetry","depth":200}},
{"type":"Feature","geometry":{"type":"Polygon","coordinates":[[[-105.35,78.8],[-105.63,78.79],[-105.54,78.7],[-105.26,78.75],[-105.35,78.8]]]},"properties":{"scalerank":0,"featurecla":"Bathymetry","depth":200}},
{"type":"Feature","geometry":{"type":"Polygon","coordinates":[[[-104.17,78.74],[-104.6,78.66],[-104.14,78.63],[-104.17,78.74]]]},"properties":{"scalerank":0,"featurecla":"Bathymetry","depth":200}},
{"type":"Feature","geometry":{"type":"Polygon","coordinates":[[[-112.75,78.56],[-112.51,78.63],[-112.82,78.68],[-112.92,78.58],[-112.75,78.56]]]},"properties":{"scalerank":0,"featurecla":"Bathymetry","depth":200}},
{"type":"Feature","geometry":{"type":"Polygon","coordinates":[[[-90,78.51],[-90,78.58],[-90.05,78.56],[-90,78.51]]]},"properties":{"scalerank":0,"featurecla":"Bathymetry","depth":200}},
{"type":"Feature","geometry":{"type":"Polygon","coordinates":[[[-115.93,78.27],[-115.89,78.32],[-116.08,78.34],[-116.08,78.29],[-115.93,78.27]]]},"properties":{"scalerank":0,"featurecla":"Bathymetry","depth":200}},
{"type":"Feature","geometry":{"type":"Polygon","coordinates":[[[-103.94,78.13],[-104.65,78.13],[-104.32,77.86],[-103.53,77.8],[-103.19,78],[-103.94,78.13]]]},"properties":{"scalerank":0,"featurecla":"Bathymetry","depth":200}},
{"type":"Feature","geometry":{"type":"Polygon","coordinates":[[[-105.11,78.03],[-105.13,78.11],[-105.33,78.08],[-105.11,78.03]]]},"properties":{"scalerank":0,"featurecla":"Bathymetry","depth":200}},
{"type":"Feature","geometry":{"type":"Polygon","coordinates":[[[-98.14,77.98],[-98.16,78.03],[-98.36,78.07],[-98.38,77.99],[-98.14,77.98]]]},"properties":{"scalerank":0,"featurecla":"Bathymetry","depth":200}},
{"type":"Feature","geometry":{"type":"Polygon","coordinates":[[[-92.44,77.94],[-92.48,78.03],[-92.9,78.06],[-93.01,77.95],[-92.44,77.94]]]},"properties":{"scalerank":0,"featurecla":"Bathymetry","depth":200}},
{"type":"Feature","geometry":{"type":"Polygon","coordinates":[[[-116.82,77.79],[-116.71,77.85],[-117.02,77.85],[-116.82,77.79]]]},"properties":{"scalerank":0,"featurecla":"Bathymetry","depth":200}},
{"type":"Feature","geometry":{"type":"Polygon","coordinates":[[[-91.76,77.87],[-92.36,77.79],[-91.96,77.68],[-91.76,77.87]]]},"properties":{"scalerank":0,"featurecla":"Bathymetry","depth":200}},
{"type":"Feature","geometry":{"type":"Polygon","coordinates":[[[-98.18,77.54],[-98.17,77.63],[-98.54,77.72],[-98.81,77.62],[-98.18,77.54]]]},"properties":{"scalerank":0,"featurecla":"Bathymetry","depth":200}},
{"type":"Feature","geometry":{"type":"Polygon","coordinates":[[[-114.31,77.51],[-114.61,77.61],[-115.05,77.52],[-114.57,77.43],[-114.31,77.51]]]},"properties":{"scalerank":0,"featurecla":"Bathymetry","depth":200}},
{"type":"Feature","geometry":{"type":"Polygon","coordinates":[[[-100.67,77.52],[-100.65,77.63],[-100.9,77.62],[-101.01,77.55],[-100.67,77.52]]]},"properties":{"scalerank":0,"featurecla":"Bathymetry","depth":200}},
{"type":"Feature","geometry":{"type":"Polygon","coordinates":[[[-99.4,77.51],[-99.38,77.58],[-99.58,77.55],[-99.4,77.51]]]},"properties":{"scalerank":0,"featurecla":"Bathymetry","depth":200}},
{"type":"Feature","geometry":{"type":"Polygon","coordinates":[[[-96.67,77.48],[-96.7,77.54],[-96.88,77.57],[-96.79,77.41],[-96.61,77.41],[-96.67,77.48]]]},"properties":{"scalerank":0,"featurecla":"Bathymetry","depth":200}},
{"type":"Feature","geometry":{"type":"Polygon","coordinates":[[[-117.53,77.48],[-117.51,77.55],[-117.83,77.5],[-117.53,77.48]]]},"properties":{"scalerank":0,"featurecla":"Bathymetry","depth":200}},
{"type":"Feature","geometry":{"type":"Polygon","coordinates":[[[-113.52,77.47],[-114.16,77.51],[-114.02,77.31],[-113.39,77.39],[-113.52,77.47]]]},"properties":{"scalerank":0,"featurecla":"Bathymetry","depth":200}},
{"type":"Feature","geometry":{"type":"Polygon","coordinates":[[[-98.6,77.34],[-98.63,77.51],[-98.92,77.48],[-98.6,77.34]]]},"properties":{"scalerank":0,"featurecla":"Bathymetry","depth":200}},
{"type":"Feature","geometry":{"type":"Polygon","coordinates":[[[-100.4,77.35],[-100.38,77.43],[-100.59,77.42],[-100.4,77.35]]]},"properties":{"scalerank":0,"featurecla":"Bathymetry","depth":200}},
{"type":"Feature","geometry":{"type":"Polygon","coordinates":[[[-102.86,77.35],[-103.36,77.2],[-102.75,77.17],[-102.86,77.35]]]},"properties":{"scalerank":0,"featurecla":"Bathymetry","depth":200}},
{"type":"Feature","geometry":{"type":"Polygon","coordinates":[[[-106.11,77.13],[-106.04,77.18],[-106.33,77.19],[-106.34,77.13],[-106.11,77.13]]]},"properties":{"scalerank":0,"featurecla":"Bathymetry","depth":200}},
{"type":"Feature","geometry":{"type":"Polygon","coordinates":[[[-98.29,77.13],[-98.36,77.22],[-98.73,77.12],[-98.69,77.04],[-98.29,77.13]]]},"properties":{"scalerank":0,"featurecla":"Bathymetry","depth":200}},
{"type":"Feature","geometry":{"type":"Polygon","coordinates":[[[-98.29,77.13],[-98.28,77.13],[-98.27,77.14],[-98.29,77.13]]]},"properties":{"scalerank":0,"featurecla":"Bathymetry","depth":200}},
{"type":"Feature","geometry":{"type":"Polygon","coordinates":[[[-115.23,77.2],[-115.15,77.02],[-114.96,77.02],[-115.23,77.2]]]},"properties":{"scalerank":0,"featurecla":"Bathymetry","depth":200}},
{"type":"Feature","geometry":{"type":"Polygon","coordinates":[[[-101.95,77.17],[-102.27,77],[-103.05,77.05],[-103.13,76.89],[-101.98,76.78],[-100.87,76.9],[-98.87,76.83],[-99.14,77.02],[-99.9,77.12],[-101.95,77.17]]]},"properties":{"scalerank":0,"featurecla":"Bathymetry","depth":200}},
{"type":"Feature","geometry":{"type":"Polygon","coordinates":[[[-114.18,76.99],[-114.13,77.06],[-114.42,77.07],[-114.45,77.02],[-114.18,76.99]]]},"properties":{"scalerank":0,"featurecla":"Bathymetry","depth":200}},
{"type":"Feature","geometry":{"type":"Polygon","coordinates":[[[-104.96,77.01],[-105.03,76.92],[-104.61,76.9],[-104.35,76.95],[-104.96,77.01]]]},"properties":{"scalerank":0,"featurecla":"Bathymetry","depth":200}},
{"type":"Feature","geometry":{"type":"Polygon","coordinates":[[[-103.41,76.77],[-103.46,76.84],[-104.18,76.9],[-104.13,76.78],[-103.41,76.77]]]},"properties":{"scalerank":0,"featurecla":"Bathymetry","depth":200}},
{"type":"Feature","geometry":{"type":"Polygon","coordinates":[[[-106.92,76.86],[-107.17,76.86],[-107.16,76.76],[-106.92,76.79],[-106.92,76.86]]]},"properties":{"scalerank":0,"featurecla":"Bathymetry","depth":200}},
{"type":"Feature","geometry":{"type":"Polygon","coordinates":[[[-115.63,76.59],[-115.24,76.6],[-115.26,76.68],[-115.65,76.69],[-115.63,76.59]]]},"properties":{"scalerank":0,"featurecla":"Bathymetry","depth":200}},
{"type":"Feature","geometry":{"type":"Polygon","coordinates":[[[-113.31,76.61],[-113.3,76.7],[-113.54,76.65],[-113.31,76.61]]]},"properties":{"scalerank":0,"featurecla":"Bathymetry","depth":200}},
{"type":"Feature","geometry":{"type":"Polygon","coordinates":[[[-106.47,76.47],[-107.13,76.66],[-107.53,76.43],[-107.59,76.21],[-107.11,76.13],[-106.47,76.47]]]},"properties":{"scalerank":0,"featurecla":"Bathymetry","depth":200}},
{"type":"Feature","geometry":{"type":"Polygon","coordinates":[[[-102.52,76.54],[-102.64,76.48],[-102.44,76.48],[-102.52,76.54]]]},"properties":{"scalerank":0,"featurecla":"Bathymetry","depth":200}},
{"type":"Feature","geometry":{"type":"Polygon","coordinates":[[[-123.48,76.18],[-123.31,76.25],[-123.49,76.27],[-123.48,76.18]]]},"properties":{"scalerank":0,"featurecla":"Bathymetry","depth":200}},
{"type":"Feature","geometry":{"type":"Polygon","coordinates":[[[-118.1,76.13],[-118.29,76.23],[-118.77,76.04],[-118.5,76.02],[-118.1,76.13]]]},"properties":{"scalerank":0,"featurecla":"Bathymetry","depth":200}},
{"type":"Feature","geometry":{"type":"Polygon","coordinates":[[[-117.04,76.07],[-117.04,76.16],[-117.26,76.18],[-117.2,76.1],[-117.04,76.07]]]},"properties":{"scalerank":0,"featurecla":"Bathymetry","depth":200}},
{"type":"Feature","geometry":{"type":"Polygon","coordinates":[[[-111.5,76.08],[-111.76,76.1],[-111.81,76.04],[-111.62,75.99],[-111.5,76.08]]]},"properties":{"scalerank":0,"featurecla":"Bathymetry","depth":200}},
{"type":"Feature","geometry":{"type":"Polygon","coordinates":[[[-93.38,75.78],[-93.24,75.86],[-93.49,75.94],[-93.68,75.94],[-93.38,75.78]]]},"properties":{"scalerank":0,"featurecla":"Bathymetry","depth":200}},
{"type":"Feature","geometry":{"type":"Polygon","coordinates":[[[-117.04,76.01],[-117.39,75.98],[-117.16,75.82],[-116.78,75.89],[-117.04,76.01]]]},"properties":{"scalerank":0,"featurecla":"Bathymetry","depth":200}},
{"type":"Feature","geometry":{"type":"Polygon","coordinates":[[[-110.5,75.92],[-110.57,75.82],[-110.25,75.86],[-110.5,75.92]]]},"properties":{"scalerank":0,"featurecla":"Bathymetry","depth":200}},
{"type":"Feature","geometry":{"type":"Polygon","coordinates":[[[-119.23,75.77],[-119.97,75.79],[-119.76,75.64],[-119.23,75.77]]]},"properties":{"scalerank":0,"featurecla":"Bathymetry","depth":200}},
{"type":"Feature","geometry":{"type":"Polygon","coordinates":[[[-117.55,75.57],[-117.35,75.77],[-117.69,75.8],[-117.89,75.6],[-117.55,75.57]]]},"properties":{"scalerank":0,"featurecla":"Bathymetry","depth":200}},
{"type":"Feature","geometry":{"type":"Polygon","coordinates":[[[-110.91,75.68],[-110.88,75.73],[-111.18,75.76],[-111.13,75.69],[-110.91,75.68]]]},"properties":{"scalerank":0,"featurecla":"Bathymetry","depth":200}},
{"type":"Feature","geometry":{"type":"Polygon","coordinates":[[[-93.78,75.61],[-93.78,75.76],[-93.91,75.77],[-93.88,75.61],[-93.78,75.61]]]},"properties":{"scalerank":0,"featurecla":"Bathymetry","depth":200}},
{"type":"Feature","geometry":{"type":"Polygon","coordinates":[[[-104.06,75.59],[-104.04,75.67],[-104.2,75.69],[-104.23,75.62],[-104.06,75.59]]]},"properties":{"scalerank":0,"featurecla":"Bathymetry","depth":200}},
{"type":"Feature","geometry":{"type":"Polygon","coordinates":[[[-96.93,75.2],[-97.3,74.95],[-96.72,74.83],[-96.93,75.2]]]},"properties":{"scalerank":0,"featurecla":"Bathymetry","depth":200}},
{"type":"Feature","geometry":{"type":"Polygon","coordinates":[[[-93.35,75.32],[-93.33,75.39],[-93.47,75.43],[-93.48,75.35],[-93.35,75.32]]]},"properties":{"scalerank":0,"featurecla":"Bathymetry","depth":200}},
{"type":"Feature","geometry":{"type":"Polygon","coordinates":[[[-113.95,75.25],[-113.88,75.34],[-114.02,75.38],[-114.02,75.28],[-113.95,75.25]]]},"properties":{"scalerank":0,"featurecla":"Bathymetry","depth":200}},
{"type":"Feature","geometry":{"type":"Polygon","coordinates":[[[-169.24,74.29],[-169.1,74.41],[-169.29,74.43],[-169.37,74.35],[-169.24,74.29]]]},"properties":{"scalerank":0,"featurecla":"Bathymetry","depth":200}},
{"type":"Feature","geometry":{"type":"Polygon","coordinates":[[[-97.02,74.24],[-97.48,74.15],[-96.9,73.98],[-96.51,74.02],[-97.02,74.24]]]},"properties":{"scalerank":0,"featurecla":"Bathymetry","depth":200}},
{"type":"Feature","geometry":{"type":"Polygon","coordinates":[[[-102.62,73.9],[-103.08,74.03],[-103.25,73.85],[-102.62,73.9]]]},"properties":{"scalerank":0,"featurecla":"Bathymetry","depth":200}},
{"type":"Feature","geometry":{"type":"Polygon","coordinates":[[[-170.13,73.81],[-169.99,73.87],[-170.46,73.94],[-170.56,73.88],[-170.13,73.81]]]},"properties":{"scalerank":0,"featurecla":"Bathymetry","depth":200}},
{"type":"Feature","geometry":{"type":"Polygon","coordinates":[[[-125.11,73.68],[-124.99,73.73],[-125.2,73.76],[-125.21,73.7],[-125.11,73.68]]]},"properties":{"scalerank":0,"featurecla":"Bathymetry","depth":200}},
{"type":"Feature","geometry":{"type":"Polygon","coordinates":[[[-96.23,73.64],[-96.18,73.76],[-96.38,73.75],[-96.23,73.64]]]},"properties":{"scalerank":0,"featurecla":"Bathymetry","depth":200}},
{"type":"Feature","geometry":{"type":"Polygon","coordinates":[[[-174.33,73.49],[-174.36,73.57],[-174.59,73.54],[-174.33,73.49]]]},"properties":{"scalerank":0,"featurecla":"Bathymetry","depth":200}},
{"type":"Feature","geometry":{"type":"Polygon","coordinates":[[[-124.99,73.42],[-124.93,73.46],[-124.98,73.53],[-125.13,73.49],[-124.99,73.42]]]},"properties":{"scalerank":0,"featurecla":"Bathymetry","depth":200}},
{"type":"Feature","geometry":{"type":"Polygon","coordinates":[[[-103.35,73.17],[-103.9,73.42],[-104.21,73.22],[-103.35,73.17]]]},"properties":{"scalerank":0,"featurecla":"Bathymetry","depth":200}},
{"type":"Feature","geometry":{"type":"Polygon","coordinates":[[[-103.17,73.28],[-103.12,73.37],[-103.34,73.35],[-103.17,73.28]]]},"properties":{"scalerank":0,"featurecla":"Bathymetry","depth":200}},
{"type":"Feature","geometry":{"type":"Polygon","coordinates":[[[-162.51,72.97],[-162.51,73.04],[-162.77,73.05],[-162.61,72.96],[-162.51,72.97]]]},"properties":{"scalerank":0,"featurecla":"Bathymetry","depth":200}},
{"type":"Feature","geometry":{"type":"Polygon","coordinates":[[[-158.99,72.56],[-159.19,72.56],[-159.24,72.49],[-159.06,72.43],[-158.99,72.56]]]},"properties":{"scalerank":0,"featurecla":"Bathymetry","depth":200}},
{"type":"Feature","geometry":{"type":"Polygon","coordinates":[[[-103.96,72.47],[-104.13,72.57],[-104.42,72.53],[-104.03,72.4],[-103.96,72.47]]]},"properties":{"scalerank":0,"featurecla":"Bathymetry","depth":200}},
{"type":"Feature","geometry":{"type":"Polygon","coordinates":[[[-101.97,71.53],[-101.87,71.6],[-102.18,71.62],[-102.19,71.55],[-101.97,71.53]]]},"properties":{"scalerank":0,"featurecla":"Bathymetry","depth":200}},
{"type":"Feature","geometry":{"type":"Polygon","coordinates":[[[-96.35,71.65],[-96.47,71.6],[-96.1,71.53],[-96.23,71.67],[-96.35,71.65]]]},"properties":{"scalerank":0,"featurecla":"Bathymetry","depth":200}},
{"type":"Feature","geometry":null,"properties":{"scalerank":0,"featurecla":"Bathymetry","depth":200}},
{"type":"Feature","geometry":{"type":"Polygon","coordinates":[[[-96.77,71.46],[-96.82,71.56],[-96.97,71.54],[-97,71.49],[-96.77,71.46]]]},"properties":{"scalerank":0,"featurecla":"Bathymetry","depth":200}},
{"type":"Feature","geometry":{"type":"Polygon","coordinates":[[[-118.53,71.41],[-119.02,71.2],[-117.97,71.23],[-118.53,71.41]]]},"properties":{"scalerank":0,"featurecla":"Bathymetry","depth":200}},
{"type":"Feature","geometry":{"type":"Polygon","coordinates":[[[-109.92,68.32],[-110.19,68.36],[-110.15,68.18],[-110.01,68.17],[-109.92,68.32]]]},"properties":{"scalerank":0,"featurecla":"Bathymetry","depth":200}},
{"type":"Feature","geometry":{"type":"Polygon","coordinates":[[[-110.25,68.33],[-110.78,68.25],[-111.42,68.04],[-112.72,67.89],[-111.86,67.83],[-111.33,67.9],[-110.38,68.13],[-110.25,68.33]]]},"properties":{"scalerank":0,"featurecla":"Bathymetry","depth":200}},
{"type":"Feature","geometry":{"type":"Polygon","coordinates":[[[-108.55,67.88],[-108.69,67.71],[-108.52,67.68],[-108.55,67.88]]]},"properties":{"scalerank":0,"featurecla":"Bathymetry","depth":200}},
{"type":"Feature","geometry":{"type":"Polygon","coordinates":[[[-179.39,61.31],[-179.64,61.49],[-179.44,61.7],[-179.71,61.9],[-180,61.95],[-180,61.17],[-179.74,61.3],[-179.39,61.31]]]},"properties":{"scalerank":0,"featurecla":"Bathymetry","depth":200}},
{"type":"Feature","geometry":{"type":"Polygon","coordinates":[[[-146.98,59.63],[-147.11,59.81],[-147.09,60.05],[-146.76,60.24],[-146.73,60.63],[-146.9,60.88],[-147.32,60.78],[-146.89,60.3],[-147.19,60.12],[-147.14,59.65],[-147.3,59.51],[-146.92,59.45],[-146.98,59.63]]]},"properties":{"scalerank":0,"featurecla":"Bathymetry","depth":200}},
{"type":"Feature","geometry":{"type":"Polygon","coordinates":[[[-147.55,60.73],[-147.95,60.64],[-147.82,60.5],[-147.55,60.73]]]},"properties":{"scalerank":0,"featurecla":"Bathymetry","depth":200}},
{"type":"Feature","geometry":{"type":"Polygon","coordinates":[[[-147.9,60.2],[-147.93,60.17],[-147.8,60.09],[-147.74,60.03],[-147.7,60.15],[-147.81,60.14],[-147.9,60.2]]]},"properties":{"scalerank":0,"featurecla":"Bathymetry","depth":200}},
{"type":"Feature","geometry":{"type":"Polygon","coordinates":[[[-144.94,59.86],[-144.66,59.96],[-144.88,60.01],[-144.94,59.86]]]},"properties":{"scalerank":0,"featurecla":"Bathymetry","depth":200}},
{"type":"Feature","geometry":{"type":"Polygon","coordinates":[[[-149.19,59.62],[-149.25,59.79],[-149.5,59.67],[-149.19,59.62]]]},"properties":{"scalerank":0,"featurecla":"Bathymetry","depth":200}},
{"type":"Feature","geometry":{"type":"Polygon","coordinates":[[[-148.16,59.45],[-148.08,59.5],[-148.13,59.59],[-148.28,59.51],[-148.16,59.45]]]},"properties":{"scalerank":0,"featurecla":"Bathymetry","depth":200}},
{"type":"Feature","geometry":{"type":"Polygon","coordinates":[[[-173.79,59.25],[-173.79,59.4],[-173.95,59.35],[-173.79,59.25]]]},"properties":{"scalerank":0,"featurecla":"Bathymetry","depth":200}},
{"type":"Feature","geometry":{"type":"Polygon","coordinates":[[[-176.77,59.03],[-176.74,59.12],[-176.85,59.17],[-176.96,59.11],[-176.77,59.03]]]},"properties":{"scalerank":0,"featurecla":"Bathymetry","depth":200}},
{"type":"Feature","geometry":{"type":"Polygon","coordinates":[[[-172.86,59.07],[-173.06,59.05],[-172.94,58.92],[-172.86,59.07]]]},"properties":{"scalerank":0,"featurecla":"Bathymetry","depth":200}},
{"type":"Feature","geometry":{"type":"Polygon","coordinates":[[[-175.67,58.86],[-175.67,58.97],[-175.82,58.92],[-175.67,58.86]]]},"properties":{"scalerank":0,"featurecla":"Bathymetry","depth":200}},
{"type":"Feature","geometry":{"type":"Polygon","coordinates":[[[-172.56,57.96],[-172.86,58.15],[-172.91,57.95],[-172.56,57.96]]]},"properties":{"scalerank":0,"featurecla":"Bathymetry","depth":200}},
{"type":"Feature","geometry":{"type":"Polygon","coordinates":[[[-133.79,57.34],[-133.72,57.4],[-133.78,57.52],[-133.84,57.43],[-133.79,57.34]]]},"properties":{"scalerank":0,"featurecla":"Bathymetry","depth":200}},
{"type":"Feature","geometry":{"type":"Polygon","coordinates":[[[-133.73,57.15],[-133.71,57.28],[-133.84,57.26],[-133.73,57.15]]]},"properties":{"scalerank":0,"featurecla":"Bathymetry","depth":200}},
{"type":"Feature","geometry":{"type":"Polygon","coordinates":[[[-171.79,56.86],[-171.83,57],[-172,56.98],[-171.79,56.86]]]},"properties":{"scalerank":0,"featurecla":"Bathymetry","depth":200}},
{"type":"Feature","geometry":{"type":"Polygon","coordinates":[[[-128.56,52.25],[-128.78,52.23],[-128.74,52.13],[-128.6,52.15],[-128.56,52.25]]]},"properties":{"scalerank":0,"featurecla":"Bathymetry","depth":200}},
{"type":"Feature","geometry":{"type":"Polygon","coordinates":[[[-103.92,74.41],[-103.91,74.41],[-103.93,74.42],[-103.92,74.41]]]},"properties":{"scalerank":0,"featurecla":"Bathymetry","depth":200}},
{"type":"Feature","geometry":null,"properties":{"scalerank":0,"featurecla":"Bathymetry","depth":200}},
{"type":"Feature","geometry":{"type":"Polygon","coordinates":[[[-105.33,78.45],[-106.62,78.36],[-108.76,78.44],[-109.61,77.87],[-108.8,77.61],[-109.33,77.54],[-109.41,77.29],[-110.53,77.35],[-112.05,77.12],[-112.51,77.21],[-113.02,76.93],[-113.02,76.39],[-111.91,76.18],[-111.27,76.22],[-110.87,76.37],[-111.71,76.48],[-111.99,76.73],[-111.32,76.71],[-109.74,76.82],[-109.68,77],[-108.17,76.99],[-107.99,76.81],[-107.37,76.79],[-107.38,77.07],[-108.15,77.28],[-107.71,77.4],[-106.79,77.26],[-106.26,77.58],[-107.42,77.88],[-107.07,78.04],[-106.3,77.96],[-105.98,78.13],[-105.33,78.22],[-105.33,78.45]]]},"properties":{"scalerank":0,"featurecla":"Bathymetry","depth":200}},
{"type":"Feature","geometry":{"type":"Polygon","coordinates":[[[-92.81,77.44],[-93.06,77.35],[-92.41,77.19],[-91.73,77.19],[-91.89,77.61],[-92.81,77.44]]]},"properties":{"scalerank":0,"featurecla":"Bathymetry","depth":200}},
{"type":"Feature","geometry":{"type":"Polygon","coordinates":[[[-97.61,77.4],[-98.11,77.37],[-98.22,77.26],[-97.92,77.1],[-97.61,77.4]]]},"properties":{"scalerank":0,"featurecla":"Bathymetry","depth":200}},
{"type":"Feature","geometry":{"type":"Polygon","coordinates":[[[-105.65,76.5],[-106.22,76.4],[-106.17,76.25],[-105.67,76.11],[-104.82,76.19],[-105.65,76.5]]]},"properties":{"scalerank":0,"featurecla":"Bathymetry","depth":200}},
{"type":"Feature","geometry":{"type":"Polygon","coordinates":[[[-103.9,72.83],[-104.33,72.89],[-104.46,72.67],[-103.71,72.58],[-103.69,72.34],[-102.91,72.41],[-103.15,72.57],[-103.05,72.82],[-103.19,72.97],[-103.9,72.83]]]},"properties":{"scalerank":0,"featurecla":"Bathymetry","depth":200}},
{"type":"Feature","geometry":{"type":"Polygon","coordinates":[[[-173,56.96],[-172.79,57.14],[-172.91,57.4],[-173.25,57.13],[-173,56.96]]]},"properties":{"scalerank":0,"featurecla":"Bathymetry","depth":200}},
{"type":"Feature","geometry":{"type":"Polygon","coordinates":[[[-158.47,55.28],[-158.85,55.23],[-158.79,55.08],[-158.54,54.99],[-158.38,55.09],[-158.47,55.28]]]},"properties":{"scalerank":0,"featurecla":"Bathymetry","depth":200}},
{"type":"Feature","geometry":{"type":"Polygon","coordinates":[[[-135.02,58.67],[-135.18,58.83],[-135.28,58.87],[-135.09,58.57],[-135.02,58.67]]]},"properties":{"scalerank":0,"featurecla":"Bathymetry","depth":200}},
{"type":"Feature","geometry":{"type":"Polygon","coordinates":[[[-154.13,57.94],[-153.81,58.32],[-153.92,58.35],[-154.33,58.04],[-155.07,57.82],[-155.97,57.26],[-156.11,56.81],[-156.32,56.58],[-156.5,56.6],[-156.48,56.28],[-156.58,56.08],[-156.37,55.97],[-156.96,55.85],[-156.67,55.59],[-156.14,55.45],[-156.04,55.72],[-156.26,56.1],[-156.05,56.14],[-155.85,56.49],[-155.4,56.69],[-155.02,57.12],[-154.83,57.52],[-154.18,57.81],[-154.13,57.94]]]},"properties":{"scalerank":0,"featurecla":"Bathymetry","depth":200}},
{"type":"Feature","geometry":{"type":"Polygon","coordinates":[[[-133.57,57.46],[-133.55,57.52],[-133.7,57.61],[-133.7,57.74],[-133.84,57.68],[-133.57,57.46]]]},"properties":{"scalerank":0,"featurecla":"Bathymetry","depth":200}},
{"type":"Feature","geometry":{"type":"Polygon","coordinates":[[[-131.11,55.05],[-131.15,54.86],[-131.27,54.8],[-131.13,54.71],[-131.06,54.95],[-131.11,55.05]]]},"properties":{"scalerank":0,"featurecla":"Bathymetry","depth":200}},
{"type":"Feature","geometry":null,"properties":{"scalerank":0,"featurecla":"Bathymetry","depth":200}},
{"type":"Feature","geometry":{"type":"Polygon","coordinates":[[[-124.14,49.43],[-124.14,49.35],[-123.65,49.19],[-123.39,49.05],[-123.35,49.28],[-123.69,49.3],[-123.97,49.45],[-124.14,49.43]]]},"properties":{"scalerank":0,"featurecla":"Bathymetry","depth":200}},
{"type":"Feature","geometry":{"type":"Polygon","coordinates":[[[-124.42,48.44],[-124.5,48.5],[-124.72,48.52],[-124.72,48.44],[-124.42,48.44]]]},"properties":{"scalerank":0,"featurecla":"Bathymetry","depth":200}},
{"type":"Feature","geometry":{"type":"Polygon","coordinates":[[[-90,73.81],[-90.47,73.69],[-90.81,73.37],[-90.57,73.16],[-90.6,72.97],[-91.34,72.99],[-91.6,72.78],[-91.98,72.73],[-92.37,72.1],[-92.25,71.93],[-92.39,71.69],[-92.2,71.15],[-91.05,71.31],[-91,71.51],[-90.61,72],[-90.64,72.44],[-90.4,72.46],[-90,72.73],[-90,73.06],[-90,73.22],[-90,73.81]]]},"properties":{"scalerank":0,"featurecla":"Bathymetry","depth":200}},
{"type":"Feature","geometry":{"type":"Polygon","coordinates":[[[-90,74.52],[-90.66,74.39],[-91.77,74.41],[-92.38,74.33],[-91.53,74.15],[-90,74.14],[-90,74.52]]]},"properties":{"scalerank":0,"featurecla":"Bathymetry","depth":200}},
{"type":"Feature","geometry":null,"properties":{"scalerank":0,"featurecla":"Bathymetry","depth":200}},
{"type":"Feature","geometry":{"type":"Polygon","coordinates":[[[-65.42,81.61],[-65.95,81.62],[-66.58,81.52],[-65.66,81.51],[-65.42,81.61]]]},"properties":{"scalerank":0,"featurecla":"Bathymetry","depth":200}},
{"type":"Feature","geometry":{"type":"Polygon","coordinates":[[[-79.08,80.79],[-79.45,80.81],[-79.43,80.74],[-79.08,80.79]]]},"properties":{"scalerank":0,"featurecla":"Bathymetry","depth":200}},
{"type":"Feature","geometry":{"type":"Polygon","coordinates":[[[-12.86,80.68],[-13.21,80.56],[-14.78,80.5],[-15.32,80.29],[-16.75,80.05],[-15.79,80.02],[-12.35,80.39],[-12.86,80.68]]]},"properties":{"scalerank":0,"featurecla":"Bathymetry","depth":200}},
{"type":"Feature","geometry":{"type":"Polygon","coordinates":[[[-9.87,80.59],[-9.89,80.67],[-10.07,80.67],[-10.06,80.62],[-9.87,80.59]]]},"properties":{"scalerank":0,"featurecla":"Bathymetry","depth":200}},
{"type":"Feature","geometry":{"type":"Polygon","coordinates":[[[-11.74,80.33],[-11.72,80.42],[-12,80.42],[-12.02,80.36],[-11.74,80.33]]]},"properties":{"scalerank":0,"featurecla":"Bathymetry","depth":200}},
{"type":"Feature","geometry":{"type":"Polygon","coordinates":[[[-9.9,80.18],[-9.82,80.34],[-10.29,80.28],[-10.32,80.19],[-9.9,80.18]]]},"properties":{"scalerank":0,"featurecla":"Bathymetry","depth":200}},
{"type":"Feature","geometry":{"type":"Polygon","coordinates":[[[-81.53,79.69],[-81.73,79.94],[-82.04,79.83],[-81.91,79.73],[-81.53,79.69]]]},"properties":{"scalerank":0,"featurecla":"Bathymetry","depth":200}},
{"type":"Feature","geometry":{"type":"Polygon","coordinates":[[[-16.61,79.63],[-17.32,79.69],[-18.18,79.55],[-17.73,79.3],[-17.21,79.36],[-17.06,79.6],[-16.61,79.63]]]},"properties":{"scalerank":0,"featurecla":"Bathymetry","depth":200}},
{"type":"Feature","geometry":{"type":"Polygon","coordinates":[[[-67.87,79.52],[-67.87,79.43],[-67.7,79.42],[-67.65,79.52],[-67.87,79.52]]]},"properties":{"scalerank":0,"featurecla":"Bathymetry","depth":200}},
{"type":"Feature","geometry":{"type":"Polygon","coordinates":[[[-84.64,79.28],[-84.61,79.35],[-84.84,79.34],[-84.64,79.28]]]},"properties":{"scalerank":0,"featurecla":"Bathymetry","depth":200}},
{"type":"Feature","geometry":{"type":"Polygon","coordinates":[[[-87.96,78.67],[-88.03,78.83],[-88.18,78.81],[-88.08,78.69],[-87.96,78.67]]]},"properties":{"scalerank":0,"featurecla":"Bathymetry","depth":200}},
{"type":"Feature","geometry":{"type":"Polygon","coordinates":[[[-90,77.93],[-89.43,77.77],[-87.68,78.03],[-87.58,78.23],[-88.35,78.21],[-89.11,78.08],[-90,78.15],[-90,77.93]]]},"properties":{"scalerank":0,"featurecla":"Bathymetry","depth":200}},
{"type":"Feature","geometry":null,"properties":{"scalerank":0,"featurecla":"Bathymetry","depth":200}},
{"type":"Feature","geometry":{"type":"Polygon","coordinates":[[[-17.2,78.77],[-17.54,78.76],[-17.56,78.7],[-17.35,78.68],[-17.2,78.77]]]},"properties":{"scalerank":0,"featurecla":"Bathymetry","depth":200}},
{"type":"Feature","geometry":{"type":"Polygon","coordinates":[[[-90,78.51],[-89.86,78.52],[-90,78.58],[-90,78.51]]]},"properties":{"scalerank":0,"featurecla":"Bathymetry","depth":200}},
{"type":"Feature","geometry":{"type":"Polygon","coordinates":[[[-85.23,78.06],[-85.17,78.1],[-85.37,78.11],[-85.36,78.06],[-85.23,78.06]]]},"properties":{"scalerank":0,"featurecla":"Bathymetry","depth":200}},
{"type":"Feature","geometry":{"type":"Polygon","coordinates":[[[-77.91,77.9],[-78.14,77.96],[-78.28,77.92],[-77.91,77.9]]]},"properties":{"scalerank":0,"featurecla":"Bathymetry","depth":200}},
{"type":"Feature","geometry":{"type":"Polygon","coordinates":[[[-71.47,77.71],[-72.35,77.79],[-72.69,77.65],[-71.83,77.5],[-71.47,77.71]]]},"properties":{"scalerank":0,"featurecla":"Bathymetry","depth":200}},
{"type":"Feature","geometry":{"type":"Polygon","coordinates":[[[-17.32,77.59],[-17.61,77.55],[-17.36,77.48],[-17.16,77.53],[-17.32,77.59]]]},"properties":{"scalerank":0,"featurecla":"Bathymetry","depth":200}},
{"type":"Feature","geometry":{"type":"Polygon","coordinates":[[[-87.97,77.25],[-87.91,77.32],[-88.08,77.39],[-88.23,77.37],[-88.22,77.3],[-87.97,77.25]]]},"properties":{"scalerank":0,"featurecla":"Bathymetry","depth":200}},
{"type":"Feature","geometry":{"type":"Polygon","coordinates":[[[-77.92,77.12],[-77.83,77.23],[-78.15,77.23],[-77.92,77.12]]]},"properties":{"scalerank":0,"featurecla":"Bathymetry","depth":200}},
{"type":"Feature","geometry":{"type":"Polygon","coordinates":[[[-19.19,76.71],[-19.47,76.7],[-19.83,76.5],[-19.43,76.44],[-19.39,76.65],[-19.19,76.71]]]},"properties":{"scalerank":0,"featurecla":"Bathymetry","depth":200}},
{"type":"Feature","geometry":{"type":"Polygon","coordinates":[[[-19.11,75.94],[-19.08,76.03],[-19.46,76.04],[-19.47,75.97],[-19.11,75.94]]]},"properties":{"scalerank":0,"featurecla":"Bathymetry","depth":200}},
{"type":"Feature","geometry":{"type":"Polygon","coordinates":[[[-78.33,75.94],[-78.36,76.03],[-78.81,76.04],[-78.79,75.97],[-78.33,75.94]]]},"properties":{"scalerank":0,"featurecla":"Bathymetry","depth":200}},
{"type":"Feature","geometry":{"type":"Polygon","coordinates":[[[-19.3,74.79],[-19.27,74.88],[-19.54,74.85],[-19.3,74.79]]]},"properties":{"scalerank":0,"featurecla":"Bathymetry","depth":200}},
{"type":"Feature","geometry":null,"properties":{"scalerank":0,"featurecla":"Bathymetry","depth":200}},
{"type":"Feature","geometry":{"type":"Polygon","coordinates":[[[-19.7,74.17],[-20.41,74.12],[-19.98,73.95],[-19.43,74.03],[-19.7,74.17]]]},"properties":{"scalerank":0,"featurecla":"Bathymetry","depth":200}},
{"type":"Feature","geometry":{"type":"Polygon","coordinates":[[[-56.87,73.49],[-56.95,73.38],[-56.62,73.41],[-56.87,73.49]]]},"properties":{"scalerank":0,"featurecla":"Bathymetry","depth":200}},
{"type":"Feature","geometry":{"type":"Polygon","coordinates":[[[-80.42,73.16],[-80.4,73.03],[-80.26,73.05],[-80.28,73.17],[-80.42,73.16]]]},"properties":{"scalerank":0,"featurecla":"Bathymetry","depth":200}},
{"type":"Feature","geometry":{"type":"Polygon","coordinates":[[[-77.33,72.83],[-78.17,72.87],[-78.95,72.75],[-79.83,72.68],[-79.24,72.51],[-78.38,72.62],[-77.33,72.83]]]},"properties":{"scalerank":0,"featurecla":"Bathymetry","depth":200}},
{"type":"Feature","geometry":{"type":"Polygon","coordinates":[[[-24.53,72.74],[-24.56,72.88],[-24.84,72.84],[-24.53,72.74]]]},"properties":{"scalerank":0,"featurecla":"Bathymetry","depth":200}},
{"type":"Feature","geometry":{"type":"Polygon","coordinates":[[[-21.5,72.57],[-21.53,72.59],[-21.85,72.56],[-21.61,72.51],[-21.5,72.57]]]},"properties":{"scalerank":0,"featurecla":"Bathymetry","depth":200}},
{"type":"Feature","geometry":{"type":"Polygon","coordinates":[[[-53.69,71.55],[-53.82,71.45],[-53.36,71.35],[-53.33,71.51],[-53.69,71.55]]]},"properties":{"scalerank":0,"featurecla":"Bathymetry","depth":200}},
{"type":"Feature","geometry":{"type":"Polygon","coordinates":[[[-71.34,70.93],[-71.26,70.98],[-71.22,71.15],[-71.41,71.07],[-71.32,71.02],[-71.34,70.93]]]},"properties":{"scalerank":0,"featurecla":"Bathymetry","depth":200}},
{"type":"Feature","geometry":{"type":"Polygon","coordinates":[[[-67.59,70.69],[-68.07,70.65],[-67.84,70.45],[-67.59,70.69]]]},"properties":{"scalerank":0,"featurecla":"Bathymetry","depth":200}},
{"type":"Feature","geometry":{"type":"Polygon","coordinates":[[[-54.52,70.53],[-54.54,70.36],[-54.21,70.39],[-54.52,70.53]]]},"properties":{"scalerank":0,"featurecla":"Bathymetry","depth":200}},
{"type":"Feature","geometry":{"type":"Polygon","coordinates":[[[-27.39,70],[-27.21,70.18],[-27.6,70.13],[-27.39,70]]]},"properties":{"scalerank":0,"featurecla":"Bathymetry","depth":200}},
{"type":"Feature","geometry":{"type":"Polygon","coordinates":[[[-56.34,69.99],[-56.41,69.89],[-56.15,69.83],[-56.05,69.95],[-56.34,69.99]]]},"properties":{"scalerank":0,"featurecla":"Bathymetry","depth":200}},
{"type":"Feature","geometry":null,"properties":{"scalerank":0,"featurecla":"Bathymetry","depth":200}},
{"type":"Feature","geometry":{"type":"Polygon","coordinates":[[[-86.34,69.79],[-86.36,69.87],[-86.66,69.87],[-86.56,69.78],[-86.34,69.79]]]},"properties":{"scalerank":0,"featurecla":"Bathymetry","depth":200}},
{"type":"Feature","geometry":{"type":"Polygon","coordinates":[[[-86.85,69.77],[-86.74,69.87],[-86.98,69.85],[-86.85,69.77]]]},"properties":{"scalerank":0,"featurecla":"Bathymetry","depth":200}},
{"type":"Feature","geometry":{"type":"Polygon","coordinates":[[[-86.71,69.67],[-86.18,69.45],[-85.88,69.53],[-86.71,69.67]]]},"properties":{"scalerank":0,"featurecla":"Bathymetry","depth":200}},
{"type":"Feature","geometry":{"type":"Polygon","coordinates":[[[-66.55,69.48],[-66.54,69.56],[-66.76,69.51],[-66.55,69.48]]]},"properties":{"scalerank":0,"featurecla":"Bathymetry","depth":200}},
{"type":"Feature","geometry":{"type":"Polygon","coordinates":[[[-86.03,69.01],[-86.09,68.91],[-85.68,68.9],[-85.82,69.03],[-86.03,69.01]]]},"properties":{"scalerank":0,"featurecla":"Bathymetry","depth":200}},
{"type":"Feature","geometry":{"type":"Polygon","coordinates":[[[-51.52,68.81],[-51.66,68.84],[-51.69,68.74],[-51.45,68.74],[-51.52,68.81]]]},"properties":{"scalerank":0,"featurecla":"Bathymetry","depth":200}},
{"type":"Feature","geometry":{"type":"Polygon","coordinates":[[[-85.96,68.63],[-86.17,68.7],[-86.28,68.63],[-86.07,68.58],[-85.96,68.63]]]},"properties":{"scalerank":0,"featurecla":"Bathymetry","depth":200}},
{"type":"Feature","geometry":{"type":"Polygon","coordinates":[[[-64.87,68.3],[-65.32,68.33],[-65.56,68.27],[-65.26,68.15],[-64.87,68.3]]]},"properties":{"scalerank":0,"featurecla":"Bathymetry","depth":200}},
{"type":"Feature","geometry":{"type":"Polygon","coordinates":[[[-61.68,67.33],[-61.79,67.42],[-62.37,67.4],[-62.52,67.26],[-62.18,67.16],[-61.68,67.33]]]},"properties":{"scalerank":0,"featurecla":"Bathymetry","depth":200}},
{"type":"Feature","geometry":{"type":"Polygon","coordinates":[[[-53.85,66.74],[-54.01,66.81],[-54.47,66.55],[-54.09,66.53],[-53.85,66.74]]]},"properties":{"scalerank":0,"featurecla":"Bathymetry","depth":200}},
{"type":"Feature","geometry":{"type":"Polygon","coordinates":[[[-13.7,66.26],[-13.89,66.37],[-14.45,66.25],[-13.94,66.16],[-13.7,66.26]]]},"properties":{"scalerank":0,"featurecla":"Bathymetry","depth":200}},
{"type":"Feature","geometry":{"type":"Polygon","coordinates":[[[-55.32,66.12],[-55.57,66.23],[-55.76,66.11],[-55.32,66.12]]]},"properties":{"scalerank":0,"featurecla":"Bathymetry","depth":200}},
{"type":"Feature","geometry":{"type":"Polygon","coordinates":[[[-21,65.76],[-20.89,65.83],[-21.1,65.95],[-21.19,65.78],[-21,65.76]]]},"properties":{"scalerank":0,"featurecla":"Bathymetry","depth":200}},
{"type":"Feature","geometry":{"type":"Polygon","coordinates":[[[-89.49,65.83],[-89.62,65.7],[-89.22,65.74],[-89.49,65.83]]]},"properties":{"scalerank":0,"featurecla":"Bathymetry","depth":200}},
{"type":"Feature","geometry":{"type":"Polygon","coordinates":[[[-52.02,63.54],[-52.11,63.64],[-52.48,63.51],[-52.29,63.46],[-52.02,63.54]]]},"properties":{"scalerank":0,"featurecla":"Bathymetry","depth":200}},
{"type":"Feature","geometry":{"type":"Polygon","coordinates":[[[-63.62,63.46],[-63.87,63.23],[-63.64,63.22],[-63.62,63.46]]]},"properties":{"scalerank":0,"featurecla":"Bathymetry","depth":200}},
{"type":"Feature","geometry":null,"properties":{"scalerank":0,"featurecla":"Bathymetry","depth":200}},
{"type":"Feature","geometry":{"type":"Polygon","coordinates":[[[-51.46,62.99],[-51.51,63.11],[-51.62,63.08],[-51.61,63.03],[-51.46,62.99]]]},"properties":{"scalerank":0,"featurecla":"Bathymetry","depth":200}},
{"type":"Feature","geometry":{"type":"Polygon","coordinates":[[[-5.65,62.13],[-5.5,62.24],[-5.61,62.31],[-5.71,62.17],[-5.65,62.13]]]},"properties":{"scalerank":0,"featurecla":"Bathymetry","depth":200}},
{"type":"Feature","geometry":{"type":"Polygon","coordinates":[[[-66.42,61.65],[-66.34,61.71],[-66.4,61.79],[-66.55,61.71],[-66.42,61.65]]]},"properties":{"scalerank":0,"featurecla":"Bathymetry","depth":200}},
{"type":"Feature","geometry":{"type":"Polygon","coordinates":[[[-84.45,60.78],[-84.76,60.78],[-84.74,60.68],[-84.15,60.71],[-84.45,60.78]]]},"properties":{"scalerank":0,"featurecla":"Bathymetry","depth":200}},
{"type":"Feature","geometry":{"type":"Polygon","coordinates":[[[-87.33,60.56],[-87.31,60.63],[-87.47,60.68],[-87.45,60.59],[-87.33,60.56]]]},"properties":{"scalerank":0,"featurecla":"Bathymetry","depth":200}},
{"type":"Feature","geometry":{"type":"Polygon","coordinates":[[[-86.67,60.38],[-86.62,60.48],[-87.84,60.47],[-87.48,60.37],[-87.64,60.21],[-87.52,59.89],[-87.78,59.87],[-87.98,59.6],[-87.64,59.47],[-87.33,59.6],[-87.02,59.57],[-86.94,59.42],[-86.32,59.4],[-86.21,59.72],[-86.44,59.95],[-86.86,59.89],[-86.95,60.01],[-86.2,60.01],[-86.11,60.14],[-86.95,60.22],[-86.67,60.38]]]},"properties":{"scalerank":0,"featurecla":"Bathymetry","depth":200}},
{"type":"Feature","geometry":{"type":"Polygon","coordinates":[[[-65.8,60.06],[-65.85,60.34],[-66.06,60.34],[-66.37,60.15],[-66.24,59.91],[-66.35,59.81],[-67.07,59.66],[-66.67,59.31],[-66.33,59.47],[-66.15,59.45],[-65.79,59.78],[-65.42,59.95],[-65.35,60.09],[-65.8,60.06]]]},"properties":{"scalerank":0,"featurecla":"Bathymetry","depth":200}},
{"type":"Feature","geometry":{"type":"Polygon","coordinates":[[[-67.66,59.57],[-67.59,59.71],[-67.84,59.67],[-67.66,59.57]]]},"properties":{"scalerank":0,"featurecla":"Bathymetry","depth":200}},
{"type":"Feature","geometry":{"type":"Polygon","coordinates":[[[-67.08,59.46],[-67.43,59.57],[-67.49,59.38],[-67.08,59.46]]]},"properties":{"scalerank":0,"featurecla":"Bathymetry","depth":200}},
{"type":"Feature","geometry":{"type":"Polygon","coordinates":[[[-61.13,58.71],[-61.04,58.76],[-61.12,58.82],[-61.26,58.76],[-61.13,58.71]]]},"properties":{"scalerank":0,"featurecla":"Bathymetry","depth":200}},
{"type":"Feature","geometry":{"type":"Polygon","coordinates":[[[-61.89,58.33],[-61.92,58.41],[-62.08,58.38],[-61.89,58.33]]]},"properties":{"scalerank":0,"featurecla":"Bathymetry","depth":200}},
{"type":"Feature","geometry":{"type":"Polygon","coordinates":[[[-13.73,53.11],[-13.89,53.23],[-13.96,53.14],[-13.73,53.11]]]},"properties":{"scalerank":0,"featurecla":"Bathymetry","depth":200}},
{"type":"Feature","geometry":{"type":"Polygon","coordinates":[[[-65.42,49.9],[-65.38,49.97],[-65.54,50.07],[-65.65,50.03],[-65.42,49.9]]]},"properties":{"scalerank":0,"featurecla":"Bathymetry","depth":200}},
{"type":"Feature","geometry":{"type":"Polygon","coordinates":[[[-62.47,49.75],[-62.48,49.81],[-62.76,49.87],[-62.75,49.75],[-62.47,49.75]]]},"properties":{"scalerank":0,"featurecla":"Bathymetry","depth":200}},
{"type":"Feature","geometry":{"type":"Polygon","coordinates":[[[-9.16,49.32],[-9.15,49.41],[-9.26,49.46],[-9.3,49.35],[-9.16,49.32]]]},"properties":{"scalerank":0,"featurecla":"Bathymetry","depth":200}},
{"type":"Feature","geometry":{"type":"Polygon","coordinates":[[[-9.57,49.11],[-9.58,49.24],[-9.68,49.25],[-9.63,49.12],[-9.57,49.11]]]},"properties":{"scalerank":0,"featurecla":"Bathymetry","depth":200}},
{"type":"Feature","geometry":{"type":"Polygon","coordinates":[[[-8.6,49.23],[-8.88,49.22],[-8.86,49.1],[-8.71,49.21],[-8.6,49.23]]]},"properties":{"scalerank":0,"featurecla":"Bathymetry","depth":200}},
{"type":"Feature","geometry":{"type":"Polygon","coordinates":[[[-69.08,48.4],[-69.23,48.44],[-69.38,48.32],[-69.28,48.28],[-69.08,48.4]]]},"properties":{"scalerank":0,"featurecla":"Bathymetry","depth":200}},
{"type":"Feature","geometry":{"type":"Polygon","coordinates":[[[-51.42,48.17],[-51.65,48.17],[-51.64,48.08],[-51.47,48.08],[-51.42,48.17]]]},"properties":{"scalerank":0,"featurecla":"Bathymetry","depth":200}},
{"type":"Feature","geometry":{"type":"Polygon","coordinates":[[[-5.26,47.32],[-5.17,47.53],[-5.32,47.53],[-5.43,47.42],[-5.26,47.32]]]},"properties":{"scalerank":0,"featurecla":"Bathymetry","depth":200}},
{"type":"Feature","geometry":{"type":"Polygon","coordinates":[[[-55.46,47.28],[-55.49,47.42],[-55.67,47.29],[-55.46,47.28]]]},"properties":{"scalerank":0,"featurecla":"Bathymetry","depth":200}},
{"type":"Feature","geometry":{"type":"Polygon","coordinates":[[[-55.99,47.08],[-55.87,47.17],[-55.9,47.22],[-56.1,47.15],[-55.99,47.08]]]},"properties":{"scalerank":0,"featurecla":"Bathymetry","depth":200}},
{"type":"Feature","geometry":{"type":"Polygon","coordinates":[[[-54.88,46.35],[-54.79,46.59],[-54.59,46.85],[-54.6,47.14],[-54.99,46.83],[-54.99,46.45],[-54.88,46.35]]]},"properties":{"scalerank":0,"featurecla":"Bathymetry","depth":200}},
{"type":"Feature","geometry":{"type":"Polygon","coordinates":[[[-58.58,45.87],[-58.89,45.86],[-58.86,45.64],[-58.58,45.87]]]},"properties":{"scalerank":0,"featurecla":"Bathymetry","depth":200}},
{"type":"Feature","geometry":{"type":"Polygon","coordinates":[[[-62.42,44.31],[-62.34,44.35],[-62.11,44.4],[-62.06,44.47],[-62.32,44.43],[-62.42,44.31]]]},"properties":{"scalerank":0,"featurecla":"Bathymetry","depth":200}},
{"type":"Feature","geometry":{"type":"Polygon","coordinates":[[[-63.23,43.44],[-62.79,43.7],[-62.69,44.24],[-62.79,44.26],[-63.07,44],[-63.07,43.8],[-63.31,43.6],[-63.23,43.44]]]},"properties":{"scalerank":0,"featurecla":"Bathymetry","depth":200}},
{"type":"Feature","geometry":{"type":"Polygon","coordinates":[[[-67.48,43.94],[-67.63,44.09],[-67.84,43.85],[-68.17,43.35],[-68.15,43.23],[-67.62,43.2],[-67.46,43.43],[-67.1,43.26],[-67.09,43.58],[-67.26,43.56],[-67.48,43.94]]]},"properties":{"scalerank":0,"featurecla":"Bathymetry","depth":200}},
{"type":"Feature","geometry":{"type":"Polygon","coordinates":[[[-63.52,43.71],[-63.43,43.97],[-63.58,43.99],[-64.15,43.72],[-63.98,43.64],[-63.76,43.39],[-63.52,43.71]]]},"properties":{"scalerank":0,"featurecla":"Bathymetry","depth":200}},
{"type":"Feature","geometry":{"type":"Polygon","coordinates":[[[-68.41,43.14],[-68.45,43.06],[-68.21,43.07],[-68.23,43.16],[-68.41,43.14]]]},"properties":{"scalerank":0,"featurecla":"Bathymetry","depth":200}},
{"type":"Feature","geometry":{"type":"Polygon","coordinates":[[[-69.42,42.25],[-69.21,42.23],[-68.84,42.3],[-68.74,42.42],[-68.9,42.58],[-69.08,42.54],[-69.21,42.65],[-69.64,42.8],[-69.82,43],[-69.97,43.01],[-69.97,42.77],[-69.89,42.61],[-69.92,42.31],[-69.61,41.92],[-69.5,41.89],[-69.12,41.98],[-69.42,42.25]]]},"properties":{"scalerank":0,"featurecla":"Bathymetry","depth":200}},
{"type":"Feature","geometry":{"type":"Polygon","coordinates":[[[-68.3,42.29],[-68.38,42.52],[-68.36,42.66],[-68.54,42.68],[-68.62,42.55],[-68.44,42.34],[-68.3,42.29]]]},"properties":{"scalerank":0,"featurecla":"Bathymetry","depth":200}},
{"type":"Feature","geometry":{"type":"Polygon","coordinates":[[[-72.02,21.83],[-72.32,21.73],[-72.25,21.56],[-72.09,21.51],[-71.9,21.3],[-71.73,21.3],[-71.58,21.62],[-71.85,21.7],[-72.02,21.83]]]},"properties":{"scalerank":0,"featurecla":"Bathymetry","depth":200}},
{"type":"Feature","geometry":{"type":"Polygon","coordinates":[[[-64.36,10.83],[-64.44,10.97],[-64.76,10.98],[-65,10.83],[-65.32,10.86],[-65.56,10.95],[-65.95,10.85],[-65.99,10.65],[-65.75,10.47],[-65.57,10.43],[-65.24,10.5],[-64.96,10.42],[-64.41,10.42],[-64.3,10.53],[-64.36,10.83]]]},"properties":{"scalerank":0,"featurecla":"Bathymetry","depth":200}},
{"type":"Feature","geometry":{"type":"Polygon","coordinates":[[[-78.54,8.46],[-78.71,8.6],[-78.81,8.52],[-78.8,8.33],[-78.58,8.18],[-78.39,8.23],[-78.54,8.46]]]},"properties":{"scalerank":0,"featurecla":"Bathymetry","depth":200}},
{"type":"Feature","geometry":{"type":"Polygon","coordinates":[[[-81.47,7.37],[-81.45,7.52],[-81.59,7.51],[-81.56,7.39],[-81.47,7.37]]]},"properties":{"scalerank":0,"featurecla":"Bathymetry","depth":200}},
{"type":"Feature","geometry":{"type":"Polygon","coordinates":[[[-12.04,7.07],[-12.18,7.27],[-12.27,7.2],[-12.04,7.07]]]},"properties":{"scalerank":0,"featurecla":"Bathymetry","depth":200}},
{"type":"Feature","geometry":{"type":"Polygon","coordinates":[[[-45.16,0.06],[-45.09,0.25],[-45.25,0.23],[-45.16,0.06]]]},"properties":{"scalerank":0,"featurecla":"Bathymetry","depth":200}},
{"type":"Feature","geometry":null,"properties":{"scalerank":0,"featurecla":"Bathymetry","depth":200}},
{"type":"Feature","geometry":{"type":"Polygon","coordinates":[[[-45.43,59.78],[-45.46,59.64],[-45.26,59.65],[-45.31,59.81],[-45.43,59.78]]]},"properties":{"scalerank":0,"featurecla":"Bathymetry","depth":200}},
{"type":"Feature","geometry":null,"properties":{"scalerank":0,"featurecla":"Bathymetry","depth":200}},
{"type":"Feature","geometry":{"type":"Polygon","coordinates":[[[-88.55,77.35],[-88.48,77.56],[-89.31,77.7],[-89.3,77.19],[-88.55,77.35]]]},"properties":{"scalerank":0,"featurecla":"Bathymetry","depth":200}},
{"type":"Feature","geometry":{"type":"Polygon","coordinates":[[[-78.59,77],[-78.99,77.08],[-79.22,77],[-78.78,76.91],[-78.59,77]]]},"properties":{"scalerank":0,"featurecla":"Bathymetry","depth":200}},
{"type":"Feature","geometry":{"type":"Polygon","coordinates":[[[-81.04,65.41],[-81.4,65.67],[-81.88,65.69],[-81.98,65.56],[-82.48,65.62],[-82.56,65.82],[-83,65.81],[-82.97,65.61],[-82.75,65.43],[-82.97,65.34],[-83.88,65.56],[-84.33,65.73],[-84.47,65.55],[-83.95,65.29],[-83.63,65.26],[-83.11,65.02],[-82.31,64.85],[-81.76,64.59],[-81.57,64.44],[-80.87,64.28],[-80.51,64.09],[-80.1,64.04],[-80.06,63.89],[-79.74,63.7],[-79.37,63.69],[-79.31,63.51],[-79.76,63.45],[-79.88,63.31],[-80.58,63.13],[-82.11,63.15],[-81.28,62.74],[-80.78,62.6],[-79.79,62.53],[-79.69,62.57],[-78.67,62.59],[-78.23,62.66],[-76.66,62.59],[-76.46,62.5],[-75.66,62.42],[-75.47,62.55],[-75.11,62.62],[-75.93,63.01],[-75.71,63.15],[-75.43,63.17],[-74.66,63.08],[-74.44,62.98],[-73.65,62.84],[-73.53,62.62],[-73.12,62.43],[-72.74,62.38],[-72.5,62.26],[-71.71,62.05],[-71.15,61.83],[-70.87,62.07],[-70.89,62.52],[-71.18,62.62],[-71.47,62.97],[-71.8,63.09],[-72.27,63.4],[-72.64,63.54],[-73.16,63.64],[-73.23,63.77],[-73.98,63.8],[-74.81,63.98],[-75.15,63.78],[-75.59,63.89],[-76.27,63.94],[-76.94,64.16],[-77.59,64.15],[-77.34,63.88],[-76.7,63.68],[-76.42,63.46],[-76.13,63.43],[-75.91,63.2],[-76.38,63.13],[-77.25,63.27],[-77.27,63.01],[-77.97,62.93],[-78.67,63.01],[-78.9,63.09],[-79.15,63.48],[-78.98,63.59],[-78.06,63.6],[-77.71,63.7],[-77.95,63.82],[-78.48,63.84],[-78.31,64.17],[-77.89,64.25],[-78.53,64.39],[-78.91,64.56],[-79.09,64.75],[-79.78,65.01],[-80.13,65],[-80.41,65.19],[-81.04,65.41]]]},"properties":{"scalerank":0,"featurecla":"Bathymetry","depth":200}},
{"type":"Feature","geometry":{"type":"Polygon","coordinates":[[[-81.4,61.97],[-81.41,62.36],[-82.12,62.14],[-82.27,61.89],[-82.49,61.94],[-82.8,61.8],[-83.44,61.62],[-83.8,61.61],[-83.91,61.48],[-84.6,61.64],[-84.82,61.45],[-84.39,61.2],[-84.32,61.08],[-83.95,61.11],[-83.86,61.4],[-83.2,61.37],[-82.97,61.42],[-82.6,61.29],[-82.29,61.62],[-81.99,61.57],[-81.71,61.66],[-81.4,61.97]]]},"properties":{"scalerank":0,"featurecla":"Bathymetry","depth":200}},
{"type":"Feature","geometry":{"type":"Polygon","coordinates":[[[-86.21,61.69],[-86.96,61.7],[-87.34,61.62],[-87.16,61.45],[-87.55,61.29],[-87.42,60.88],[-86.83,60.99],[-86.73,60.87],[-86.25,61.06],[-85.67,61.03],[-85.49,61.11],[-85.12,60.97],[-85.05,61.16],[-85.52,61.16],[-86.21,61.69]]]},"properties":{"scalerank":0,"featurecla":"Bathymetry","depth":200}},
{"type":"Feature","geometry":{"type":"Polygon","coordinates":[[[-4.46,46.95],[-4.48,46.69],[-4.3,46.44],[-3.97,46.4],[-3.86,46.57],[-3.91,46.83],[-4.17,46.83],[-4.46,46.95]]]},"properties":{"scalerank":0,"featurecla":"Bathymetry","depth":200}},
{"type":"Feature","geometry":{"type":"Polygon","coordinates":[[[-66.73,77.65],[-67.16,77.41],[-66.69,77.4],[-66.73,77.65]]]},"properties":{"scalerank":0,"featurecla":"Bathymetry","depth":200}},
{"type":"Feature","geometry":{"type":"Polygon","coordinates":[[[-68.4,77.48],[-68.92,77.41],[-67.9,77.41],[-67.9,77.48],[-68.4,77.48]]]},"properties":{"scalerank":0,"featurecla":"Bathymetry","depth":200}},
{"type":"Feature","geometry":{"type":"Polygon","coordinates":[[[-64.25,76.25],[-64.56,76.2],[-64.32,76.17],[-64.25,76.25]]]},"properties":{"scalerank":0,"featurecla":"Bathymetry","depth":200}},
{"type":"Feature","geometry":{"type":"Polygon","coordinates":[[[-52.6,71.66],[-52.82,71.6],[-52.72,71.56],[-52.57,71.61],[-52.6,71.66]]]},"properties":{"scalerank":0,"featurecla":"Bathymetry","depth":200}},
{"type":"Feature","geometry":{"type":"Polygon","coordinates":[[[-33.4,66.77],[-33.82,66.84],[-34,66.69],[-33.73,66.54],[-33.46,66.59],[-33.4,66.77]]]},"properties":{"scalerank":0,"featurecla":"Bathymetry","depth":200}},
{"type":"Feature","geometry":{"type":"Polygon","coordinates":[[[-37.43,66.29],[-37.59,66.29],[-37.94,66.1],[-37.68,66.1],[-37.43,66.29]]]},"properties":{"scalerank":0,"featurecla":"Bathymetry","depth":200}},
{"type":"Feature","geometry":{"type":"Polygon","coordinates":[[[-40.61,65.02],[-40.82,65.06],[-40.84,64.95],[-40.6,64.95],[-40.61,65.02]]]},"properties":{"scalerank":0,"featurecla":"Bathymetry","depth":200}},
{"type":"Feature","geometry":{"type":"Polygon","coordinates":[[[-19.83,79.86],[-19.86,79.99],[-20.25,79.89],[-19.83,79.86]]]},"properties":{"scalerank":0,"featurecla":"Bathymetry","depth":200}},
{"type":"Feature","geometry":{"type":"Polygon","coordinates":[[[-19.34,77.42],[-19.42,77.26],[-19.12,77.27],[-19.34,77.42]]]},"properties":{"scalerank":0,"featurecla":"Bathymetry","depth":200}},
{"type":"Feature","geometry":{"type":"Polygon","coordinates":[[[-21.76,74.15],[-22.05,74.2],[-22.17,74.08],[-21.88,74.09],[-21.76,74.15]]]},"properties":{"scalerank":0,"featurecla":"Bathymetry","depth":200}},
{"type":"Feature","geometry":null,"properties":{"scalerank":0,"featurecla":"Bathymetry","depth":200}},
{"type":"Feature","geometry":{"type":"Polygon","coordinates":[[[-24.17,73.69],[-24.01,73.43],[-22.05,73.11],[-21.52,72.92],[-21.14,72.99],[-22.12,73.22],[-23.12,73.32],[-24.04,73.59],[-24.17,73.69]]]},"properties":{"scalerank":0,"featurecla":"Bathymetry","depth":200}},
{"type":"Feature","geometry":{"type":"Polygon","coordinates":[[[-24.28,72.51],[-24.41,72.6],[-24.58,72.52],[-24.28,72.51]]]},"properties":{"scalerank":0,"featurecla":"Bathymetry","depth":200}},
{"type":"Feature","geometry":{"type":"Polygon","coordinates":[[[-27.93,70.67],[-27.85,70.72],[-27.76,70.92],[-27.85,70.95],[-27.99,70.72],[-27.93,70.67]]]},"properties":{"scalerank":0,"featurecla":"Bathymetry","depth":200}},
{"type":"Feature","geometry":{"type":"Polygon","coordinates":[[[-27.83,68.43],[-28.28,68.4],[-28.13,68.22],[-27.83,68.43]]]},"properties":{"scalerank":0,"featurecla":"Bathymetry","depth":200}},
{"type":"Feature","geometry":{"type":"Polygon","coordinates":[[[-31.78,68.03],[-31.77,68.12],[-32.04,68.18],[-31.97,68.04],[-31.78,68.03]]]},"properties":{"scalerank":0,"featurecla":"Bathymetry","depth":200}},
{"type":"Feature","geometry":null,"properties":{"scalerank":0,"featurecla":"Bathymetry","depth":200}},
{"type":"Feature","geometry":null,"properties":{"scalerank":0,"featurecla":"Bathymetry","depth":200}},
{"type":"Feature","geometry":{"type":"Polygon","coordinates":[[[-90,80.57],[-87.55,80.45],[-87.24,80.11],[-86.46,80.37],[-83.68,80.29],[-82.07,80.45],[-80.49,80.5],[-80.56,80.65],[-82.39,80.53],[-85.48,80.48],[-88.05,80.65],[-89.39,80.85],[-90,81.01],[-90,80.57]]]},"properties":{"scalerank":0,"featurecla":"Bathymetry","depth":200}},
{"type":"Feature","geometry":null,"properties":{"scalerank":0,"featurecla":"Bathymetry","depth":200}},
{"type":"Feature","geometry":null,"properties":{"scalerank":0,"featurecla":"Bathymetry","depth":200}},
{"type":"Feature","geometry":null,"properties":{"scalerank":0,"featurecla":"Bathymetry","depth":200}},
{"type":"Feature","geometry":null,"properties":{"scalerank":0,"featurecla":"Bathymetry","depth":200}},
{"type":"Feature","geometry":null,"properties":{"scalerank":0,"featurecla":"Bathymetry","depth":200}},
{"type":"Feature","geometry":null,"properties":{"scalerank":0,"featurecla":"Bathymetry","depth":200}},
{"type":"Feature","geometry":{"type":"Polygon","coordinates":[[[-90,72.73],[-89.53,73.01],[-90,73.06],[-90,72.73]]]},"properties":{"scalerank":0,"featurecla":"Bathymetry","depth":200}},
{"type":"Feature","geometry":{"type":"MultiPolygon","coordinates":[]},"properties":{"scalerank":0,"featurecla":"Bathymetry","depth":200}},
{"type":"Feature","geometry":null,"properties":{"scalerank":0,"featurecla":"Bathymetry","depth":200}},
{"type":"Feature","geometry":{"type":"Polygon","coordinates":[[[22.79,81.14],[22.88,81.22],[22.76,81.23],[22.64,81.15],[22.79,81.14]]]},"properties":{"scalerank":0,"featurecla":"Bathymetry","depth":200}},
{"type":"Feature","geometry":{"type":"Polygon","coordinates":[[[33.87,80.93],[34.59,81.08],[33.64,81.12],[33.87,80.93]]]},"properties":{"scalerank":0,"featurecla":"Bathymetry","depth":200}},
{"type":"Feature","geometry":{"type":"Polygon","coordinates":[[[37.91,80.97],[36.88,80.7],[35.83,80.71],[35.43,80.5],[34.02,80.3],[34.14,80.05],[35.55,80.39],[36.68,80.55],[38.62,80.72],[38.81,80.83],[37.91,80.97]]]},"properties":{"scalerank":0,"featurecla":"Bathymetry","depth":200}},
{"type":"Feature","geometry":{"type":"Polygon","coordinates":[[[23.71,80.83],[23.83,80.9],[23.57,80.93],[23.57,80.88],[23.71,80.83]]]},"properties":{"scalerank":0,"featurecla":"Bathymetry","depth":200}},
{"type":"Feature","geometry":{"type":"Polygon","coordinates":[[[32.78,80.89],[32.43,80.84],[32.79,80.82],[32.78,80.89]]]},"properties":{"scalerank":0,"featurecla":"Bathymetry","depth":200}},
{"type":"Feature","geometry":{"type":"Polygon","coordinates":[[[48.99,80.69],[48.73,80.55],[49.07,80.55],[49.21,80.66],[48.99,80.69]]]},"properties":{"scalerank":0,"featurecla":"Bathymetry","depth":200}},
{"type":"Feature","geometry":{"type":"Polygon","coordinates":[[[23.81,80.63],[23.69,80.75],[23.34,80.76],[23.25,80.66],[23.81,80.63]]]},"properties":{"scalerank":0,"featurecla":"Bathymetry","depth":200}},
{"type":"Feature","geometry":{"type":"Polygon","coordinates":[[[57.11,80.61],[56.8,80.6],[56.8,80.55],[57.11,80.54],[57.11,80.61]]]},"properties":{"scalerank":0,"featurecla":"Bathymetry","depth":200}},
{"type":"Feature","geometry":{"type":"Polygon","coordinates":[[[82.45,80.32],[82.47,80.44],[82.28,80.48],[82.45,80.32]]]},"properties":{"scalerank":0,"featurecla":"Bathymetry","depth":200}},
{"type":"Feature","geometry":{"type":"Polygon","coordinates":[[[59.41,80.19],[59.25,80.25],[58.97,80.28],[58.91,80.19],[59.41,80.19]]]},"properties":{"scalerank":0,"featurecla":"Bathymetry","depth":200}},
{"type":"Feature","geometry":{"type":"Polygon","coordinates":[[[83.97,79.64],[84.02,79.76],[83.66,79.69],[83.97,79.64]]]},"properties":{"scalerank":0,"featurecla":"Bathymetry","depth":200}},
{"type":"Feature","geometry":{"type":"Polygon","coordinates":[[[84.73,79.33],[84.34,79.54],[83.63,79.48],[83.76,79.32],[84.73,79.33]]]},"properties":{"scalerank":0,"featurecla":"Bathymetry","depth":200}},
{"type":"Feature","geometry":{"type":"Polygon","coordinates":[[[56.41,79.16],[56.14,79.16],[56.07,79.11],[56.31,79.1],[56.41,79.16]]]},"properties":{"scalerank":0,"featurecla":"Bathymetry","depth":200}},
{"type":"Feature","geometry":{"type":"Polygon","coordinates":[[[60.87,78.72],[60.62,78.76],[60.63,78.69],[60.87,78.72]]]},"properties":{"scalerank":0,"featurecla":"Bathymetry","depth":200}},
{"type":"Feature","geometry":{"type":"Polygon","coordinates":[[[15.37,78.42],[14.92,78.3],[14.44,78.29],[14.31,78.17],[14.89,78.17],[15.53,78.35],[15.37,78.42]]]},"properties":{"scalerank":0,"featurecla":"Bathymetry","depth":200}},
{"type":"Feature","geometry":{"type":"Polygon","coordinates":[[[36.76,78.12],[36.82,78.22],[36.29,78.26],[36.3,78.11],[36.76,78.12]]]},"properties":{"scalerank":0,"featurecla":"Bathymetry","depth":200}},
{"type":"Feature","geometry":{"type":"Polygon","coordinates":[[[14.03,78.22],[13.86,78.15],[14.11,78.15],[14.03,78.22]]]},"properties":{"scalerank":0,"featurecla":"Bathymetry","depth":200}},
{"type":"Feature","geometry":{"type":"Polygon","coordinates":[[[25.65,78.07],[25.78,78.13],[25.48,78.13],[25.65,78.07]]]},"properties":{"scalerank":0,"featurecla":"Bathymetry","depth":200}},
{"type":"Feature","geometry":{"type":"Polygon","coordinates":[[[19.57,78.08],[19.31,78.13],[19.21,78.06],[19.33,77.98],[19.57,78.08]]]},"properties":{"scalerank":0,"featurecla":"Bathymetry","depth":200}},
{"type":"Feature","geometry":{"type":"Polygon","coordinates":[[[34.64,77.85],[34.35,77.77],[34.81,77.76],[34.64,77.85]]]},"properties":{"scalerank":0,"featurecla":"Bathymetry","depth":200}},
{"type":"Feature","geometry":{"type":"Polygon","coordinates":[[[36.29,77.68],[36.29,77.78],[36.08,77.77],[36.1,77.68],[36.29,77.68]]]},"properties":{"scalerank":0,"featurecla":"Bathymetry","depth":200}},
{"type":"Feature","geometry":{"type":"Polygon","coordinates":[[[19.33,77.6],[18.59,77.58],[19.09,77.09],[19.94,76.97],[19.8,77.27],[20.02,77.53],[19.33,77.6]]]},"properties":{"scalerank":0,"featurecla":"Bathymetry","depth":200}},
{"type":"Feature","geometry":{"type":"Polygon","coordinates":[[[64.99,77.27],[65.01,77.33],[64.7,77.32],[64.99,77.27]]]},"properties":{"scalerank":0,"featurecla":"Bathymetry","depth":200}},
{"type":"Feature","geometry":{"type":"Polygon","coordinates":[[[31.86,77.27],[31.8,77.33],[31.69,77.33],[31.67,77.27],[31.86,77.27]]]},"properties":{"scalerank":0,"featurecla":"Bathymetry","depth":200}},
{"type":"Feature","geometry":{"type":"Polygon","coordinates":[[[31.3,77.09],[31.24,77.16],[31,77.12],[31.3,77.09]]]},"properties":{"scalerank":0,"featurecla":"Bathymetry","depth":200}},
{"type":"Feature","geometry":{"type":"Polygon","coordinates":[[[38.82,77],[38.86,77.12],[38.68,77.11],[38.82,77]]]},"properties":{"scalerank":0,"featurecla":"Bathymetry","depth":200}},
{"type":"Feature","geometry":{"type":"Polygon","coordinates":[[[18.2,76.88],[17.82,76.65],[18.22,76.67],[18.2,76.88]]]},"properties":{"scalerank":0,"featurecla":"Bathymetry","depth":200}},
{"type":"Feature","geometry":{"type":"Polygon","coordinates":[[[14.86,76.64],[15.04,76.74],[14.79,76.83],[14.69,76.64],[14.86,76.64]]]},"properties":{"scalerank":0,"featurecla":"Bathymetry","depth":200}},
{"type":"Feature","geometry":{"type":"Polygon","coordinates":[[[22.07,76.43],[21.85,76.57],[21.2,76.36],[22.07,76.43]]]},"properties":{"scalerank":0,"featurecla":"Bathymetry","depth":200}},
{"type":"Feature","geometry":{"type":"Polygon","coordinates":[[[17.85,76.38],[16.19,76.26],[16.16,75.92],[16.76,75.57],[16.85,75.23],[17.58,75.33],[17.74,75.65],[18.16,75.82],[18.34,76.12],[17.85,76.38]]]},"properties":{"scalerank":0,"featurecla":"Bathymetry","depth":200}},
{"type":"Feature","geometry":{"type":"Polygon","coordinates":[[[64.43,76.39],[64.36,76.5],[64.05,76.46],[64.03,76.35],[64.43,76.39]]]},"properties":{"scalerank":0,"featurecla":"Bathymetry","depth":200}},
{"type":"Feature","geometry":{"type":"Polygon","coordinates":[[[72.73,76.31],[72.69,76.39],[72.51,76.37],[72.73,76.31]]]},"properties":{"scalerank":0,"featurecla":"Bathymetry","depth":200}},
{"type":"Feature","geometry":{"type":"Polygon","coordinates":[[[20.48,76.23],[20.52,76.3],[20.33,76.31],[20.35,76.23],[20.48,76.23]]]},"properties":{"scalerank":0,"featurecla":"Bathymetry","depth":200}},
{"type":"Feature","geometry":{"type":"Polygon","coordinates":[[[58.25,75.72],[58.51,75.76],[58.44,75.82],[58.25,75.78],[58.25,75.72]]]},"properties":{"scalerank":0,"featurecla":"Bathymetry","depth":200}},
{"type":"Feature","geometry":{"type":"Polygon","coordinates":[[[66.17,74.62],[65.87,74.72],[65.71,74.58],[66.17,74.62]]]},"properties":{"scalerank":0,"featurecla":"Bathymetry","depth":200}},
{"type":"Feature","geometry":{"type":"Polygon","coordinates":[[[64.62,74.24],[64.57,74.33],[64.28,74.33],[64.32,74.24],[64.62,74.24]]]},"properties":{"scalerank":0,"featurecla":"Bathymetry","depth":200}},
{"type":"Feature","geometry":{"type":"Polygon","coordinates":[[[49.13,74.17],[49.21,74.29],[49.01,74.31],[48.89,74.17],[49.13,74.17]]]},"properties":{"scalerank":0,"featurecla":"Bathymetry","depth":200}},
{"type":"Feature","geometry":{"type":"Polygon","coordinates":[[[37.81,74.14],[37.93,74.24],[37.65,74.22],[37.81,74.14]]]},"properties":{"scalerank":0,"featurecla":"Bathymetry","depth":200}},
{"type":"Feature","geometry":{"type":"Polygon","coordinates":[[[52.24,73.26],[52.45,73.37],[52.22,73.38],[52.24,73.26]]]},"properties":{"scalerank":0,"featurecla":"Bathymetry","depth":200}},
{"type":"Feature","geometry":{"type":"Polygon","coordinates":[[[60.62,71.18],[60.64,71.29],[60.35,71.25],[60.62,71.18]]]},"properties":{"scalerank":0,"featurecla":"Bathymetry","depth":200}},
{"type":"Feature","geometry":{"type":"Polygon","coordinates":[[[62.13,70.72],[62,70.81],[61.79,70.76],[61.93,70.63],[62.13,70.72]]]},"properties":{"scalerank":0,"featurecla":"Bathymetry","depth":200}},
{"type":"Feature","geometry":{"type":"Polygon","coordinates":[[[62.75,70.61],[62.21,70.63],[61.69,70.57],[61.01,70.06],[62.07,70.23],[62.98,70.42],[62.75,70.61]]]},"properties":{"scalerank":0,"featurecla":"Bathymetry","depth":200}},
{"type":"Feature","geometry":{"type":"Polygon","coordinates":[[[0.49,61.59],[0.61,61.64],[0.64,61.75],[0.37,61.67],[0.49,61.59]]]},"properties":{"scalerank":0,"featurecla":"Bathymetry","depth":200}},
{"type":"Feature","geometry":{"type":"Polygon","coordinates":[[[20.1,57.15],[20.21,57.36],[20.05,57.41],[19.83,57.17],[20.1,57.15]]]},"properties":{"scalerank":0,"featurecla":"Bathymetry","depth":200}},
{"type":"Feature","geometry":{"type":"Polygon","coordinates":[[[15.26,43.24],[15.41,43.3],[15.53,43.47],[15.46,43.6],[15.26,43.43],[15.26,43.24]]]},"properties":{"scalerank":0,"featurecla":"Bathymetry","depth":200}},
{"type":"Feature","geometry":{"type":"Polygon","coordinates":[[[15.2,42.9],[15.34,43.1],[15.05,43.18],[14.98,43.04],[15.2,42.9]]]},"properties":{"scalerank":0,"featurecla":"Bathymetry","depth":200}},
{"type":"Feature","geometry":{"type":"Polygon","coordinates":[[[15.07,42.81],[14.8,42.95],[14.66,42.89],[14.88,42.68],[15.07,42.81]]]},"properties":{"scalerank":0,"featurecla":"Bathymetry","depth":200}},
{"type":"Feature","geometry":{"type":"Polygon","coordinates":[[[28.37,40.95],[27.63,40.93],[27.48,40.71],[27.91,40.66],[28.33,40.73],[28.76,40.58],[29.1,40.8],[28.76,40.9],[28.37,40.95]]]},"properties":{"scalerank":0,"featurecla":"Bathymetry","depth":200}},
{"type":"Feature","geometry":{"type":"Polygon","coordinates":[[[22.46,38.31],[22.28,38.21],[22.76,38.05],[22.75,38.26],[22.46,38.31]]]},"properties":{"scalerank":0,"featurecla":"Bathymetry","depth":200}},
{"type":"Feature","geometry":null,"properties":{"scalerank":0,"featurecla":"Bathymetry","depth":200}},
{"type":"Feature","geometry":{"type":"Polygon","coordinates":[[[57.25,24.22],[57.26,24.27],[57.13,24.34],[57.03,24.43],[56.99,24.4],[57.19,24.23],[57.25,24.22]]]},"properties":{"scalerank":0,"featurecla":"Bathymetry","depth":200}},
{"type":"Feature","geometry":{"type":"Polygon","coordinates":[[[89.39,21.11],[89.5,21.17],[89.49,21.33],[89.3,21.18],[89.39,21.11]]]},"properties":{"scalerank":0,"featurecla":"Bathymetry","depth":200}},
{"type":"Feature","geometry":{"type":"Polygon","coordinates":[[[73.16,0.85],[73.16,0.84],[73.17,0.84],[73.16,0.85]]]},"properties":{"scalerank":0,"featurecla":"Bathymetry","depth":200}},
{"type":"Feature","geometry":{"type":"Polygon","coordinates":[[[72.97,0.49],[72.98,0.55],[72.97,0.53],[72.96,0.51],[72.97,0.49]]]},"properties":{"scalerank":0,"featurecla":"Bathymetry","depth":200}},
{"type":"Feature","geometry":null,"properties":{"scalerank":0,"featurecla":"Bathymetry","depth":200}},
{"type":"Feature","geometry":{"type":"Polygon","coordinates":[[[20.79,38.55],[20.77,38.26],[20.91,38.17],[20.92,38.42],[20.79,38.55]]]},"properties":{"scalerank":0,"featurecla":"Bathymetry","depth":200}},
{"type":"Feature","geometry":{"type":"Polygon","coordinates":[[[32.35,44.82],[32.29,44.86],[32.2,44.86],[32.35,44.82]]]},"properties":{"scalerank":0,"featurecla":"Bathymetry","depth":200}},
{"type":"Feature","geometry":{"type":"Polygon","coordinates":[[[32.2,44.86],[31.69,44.73],[31.14,44.65],[30.95,44.29],[30.61,43.96],[30.32,43.78],[29.84,43.61],[29.65,43.61],[29.33,43.49],[29.09,43.27],[28.76,43.18],[28.54,43.02],[28.39,42.65],[28.4,42.34],[28.6,42.08],[28.69,41.84],[28.97,41.61],[29.36,41.43],[30.03,41.38],[30.16,41.45],[30.54,41.43],[30.51,41.29],[30.72,41.19],[31.11,41.26],[31.28,41.36],[31.95,41.57],[32.57,41.91],[32.72,41.91],[33.22,42.08],[33.7,42.1],[33.92,42.2],[34.86,42.25],[35.18,42.17],[35.38,42.01],[35.57,41.98],[35.79,41.84],[36.05,41.83],[36.3,41.64],[36.38,41.49],[37.24,41.51],[37.26,41.3],[37.55,41.09],[37.9,41.23],[38.29,40.98],[38.96,41.07],[39.15,41.17],[39.65,41.14],[40.19,40.99],[40.57,41.09],[41.41,41.48],[41.51,41.65],[41.74,41.84],[41.6,41.97],[41.59,42.21],[41.37,42.36],[41.16,42.6],[41.16,42.76],[40.93,42.95],[40.58,42.9],[40.38,42.93],[40.19,43.29],[39.57,43.53],[39.4,43.77],[39.2,43.82],[38.74,44.19],[38.55,44.2],[38.24,44.33],[37.85,44.57],[37.54,44.6],[37.23,44.72],[36.95,44.76],[36.72,44.65],[36.33,44.62],[35.85,44.79],[35.53,44.7],[34.76,44.72],[34.55,44.66],[34.11,44.26],[33.7,44.14],[33.53,44.19],[33.41,44.38],[33.05,44.45],[32.77,44.57],[32.75,44.7],[32.37,44.81],[32.35,44.82],[32.2,44.86]]]},"properties":{"scalerank":0,"featurecla":"Bathymetry","depth":200}},
{"type":"Feature","geometry":{"type":"Polygon","coordinates":[[[32.75,44.7],[32.57,44.82],[32.37,44.81],[32.75,44.7]]]},"properties":{"scalerank":0,"featurecla":"Bathymetry","depth":200}},
{"type":"Feature","geometry":{"type":"Polygon","coordinates":[[[34.64,70.74],[34.65,70.81],[34.4,70.81],[34.42,70.72],[34.64,70.74]]]},"properties":{"scalerank":0,"featurecla":"Bathymetry","depth":200}},
{"type":"Feature","geometry":{"type":"Polygon","coordinates":[[[20.43,69.82],[20.44,69.84],[20.43,69.84],[20.43,69.83],[20.43,69.82]]]},"properties":{"scalerank":0,"featurecla":"Bathymetry","depth":200}},
{"type":"Feature","geometry":{"type":"Polygon","coordinates":[[[20.36,70.05],[20.37,70.3],[20.16,70.06],[20.36,70.05]]]},"properties":{"scalerank":0,"featurecla":"Bathymetry","depth":200}},
{"type":"Feature","geometry":{"type":"Polygon","coordinates":[[[32.89,70.01],[32.63,70.15],[32.46,70.08],[32.89,70.01]]]},"properties":{"scalerank":0,"featurecla":"Bathymetry","depth":200}},
{"type":"Feature","geometry":{"type":"Polygon","coordinates":[[[31.51,69.76],[31.52,69.89],[31.32,69.84],[31.51,69.76]]]},"properties":{"scalerank":0,"featurecla":"Bathymetry","depth":200}},
{"type":"Feature","geometry":{"type":"Polygon","coordinates":[[[33.65,69.8],[33.12,69.5],[33.82,69.37],[34.3,69.57],[33.65,69.8]]]},"properties":{"scalerank":0,"featurecla":"Bathymetry","depth":200}},
{"type":"Feature","geometry":{"type":"Polygon","coordinates":[[[35.96,69.65],[35.38,69.67],[35.43,69.51],[36.44,69.27],[36.62,69.33],[35.96,69.65]]]},"properties":{"scalerank":0,"featurecla":"Bathymetry","depth":200}},
{"type":"Feature","geometry":{"type":"Polygon","coordinates":[[[37.68,69.37],[36.78,69.38],[37.06,69.15],[37.96,69.12],[38.64,69],[38.79,69.19],[37.68,69.37]]]},"properties":{"scalerank":0,"featurecla":"Bathymetry","depth":200}},
{"type":"Feature","geometry":{"type":"Polygon","coordinates":[[[16.98,68.9],[17.05,68.95],[16.96,69.01],[16.86,68.94],[16.98,68.9]]]},"properties":{"scalerank":0,"featurecla":"Bathymetry","depth":200}},
{"type":"Feature","geometry":{"type":"Polygon","coordinates":[[[15.95,68.35],[15.73,68.29],[15.85,68.25],[15.95,68.35]]]},"properties":{"scalerank":0,"featurecla":"Bathymetry","depth":200}},
{"type":"Feature","geometry":{"type":"Polygon","coordinates":[[[12.43,68.04],[12.47,68.14],[12.28,68.22],[12.23,68.05],[12.43,68.04]]]},"properties":{"scalerank":0,"featurecla":"Bathymetry","depth":200}},
{"type":"Feature","geometry":{"type":"Polygon","coordinates":[[[11.48,67.85],[11.02,67.85],[11.24,67.71],[11.48,67.85]]]},"properties":{"scalerank":0,"featurecla":"Bathymetry","depth":200}},
{"type":"Feature","geometry":{"type":"Polygon","coordinates":[[[34.83,66.42],[34.43,66.27],[35.31,65.84],[35.91,65.74],[36.44,65.49],[36.75,65.73],[36.49,66.01],[35.74,66.2],[35.24,66.22],[34.83,66.42]]]},"properties":{"scalerank":0,"featurecla":"Bathymetry","depth":200}},
{"type":"Feature","geometry":{"type":"Polygon","coordinates":[[[4.52,62.07],[4.66,62.12],[4.61,62.2],[4.42,62.17],[4.52,62.07]]]},"properties":{"scalerank":0,"featurecla":"Bathymetry","depth":200}},
{"type":"Feature","geometry":null,"properties":{"scalerank":0,"featurecla":"Bathymetry","depth":200}},
{"type":"Feature","geometry":{"type":"Polygon","coordinates":[[[18.59,58.76],[18.28,58.66],[18.67,58.6],[18.59,58.76]]]},"properties":{"scalerank":0,"featurecla":"Bathymetry","depth":200}},
{"type":"Feature","geometry":{"type":"Polygon","coordinates":[[[27.92,36.97],[27.67,36.97],[27.73,36.83],[27.92,36.97]]]},"properties":{"scalerank":0,"featurecla":"Bathymetry","depth":200}},
{"type":"Feature","geometry":{"type":"Polygon","coordinates":[[[34.52,28.11],[34.73,28.45],[34.78,28.91],[34.47,28.36],[34.52,28.11]]]},"properties":{"scalerank":0,"featurecla":"Bathymetry","depth":200}},
{"type":"Feature","geometry":{"type":"Polygon","coordinates":[[[36.8,22.49],[36.8,22.32],[37.12,21.98],[37.07,21.82],[37.17,21.69],[37.23,21.35],[37.42,21.1],[37.47,20.72],[37.37,20.53],[37.37,20.17],[37.5,20.12],[37.48,19.79],[37.34,19.65],[37.56,19.4],[38,19.49],[38.24,19.18],[38.21,19],[38.42,18.93],[38.61,18.75],[38.74,18.54],[38.6,18.37],[38.92,17.9],[38.96,17.76],[39.13,17.6],[39.16,17.23],[39.31,17.17],[39.43,17.24],[39.8,17.29],[39.98,17.08],[40.38,16.85],[40.55,16.61],[40.74,16.47],[40.83,16.31],[41.02,16.21],[41.14,16.01],[41.6,15.51],[41.77,15.41],[41.96,14.84],[42.17,14.49],[42.16,14.27],[42.25,14.13],[42.41,14.29],[42.44,14.45],[42.6,14.55],[42.44,14.86],[42.26,15.02],[42.15,15],[42.03,15.18],[42.12,15.26],[42.07,15.52],[41.97,15.68],[41.72,16.25],[41.33,16.65],[40.99,17.12],[40.96,17.37],[40.84,17.34],[40.73,17.55],[40.62,18.07],[40.68,18.32],[40.55,18.83],[40.28,19.16],[40.08,19.12],[39.86,19.3],[39.81,19.57],[39.65,19.75],[39.84,19.85],[39.68,20],[39.66,20.21],[39.53,20.28],[39.54,20.5],[39.27,20.69],[39.19,20.87],[38.89,21.1],[39.09,21.51],[38.76,21.7],[38.67,22.05],[38.86,22.26],[38.75,22.4],[38.81,22.6],[38.61,22.87],[38.61,23.11],[38.48,23.43],[38.29,23.46],[38.25,23.69],[38.03,23.82],[37.89,23.78],[37.83,24.01],[37.6,24.09],[37.53,24.21],[37.3,24.37],[37.11,24.37],[37.02,24.54],[37.01,24.92],[36.94,25.13],[36.77,25.4],[36.62,25.45],[36.47,25.61],[36.37,25.94],[36.41,26.06],[36.21,26.49],[36.06,26.47],[35.64,27.11],[35.57,27.39],[35.3,27.57],[35.25,27.67],[34.91,27.87],[34.59,27.87],[34.42,27.94],[34.22,27.72],[34.02,27.75],[34.05,27.52],[33.96,27.31],[33.96,27.01],[34.25,26.24],[34.45,26],[34.49,25.87],[34.66,25.72],[34.72,25.48],[34.9,25.34],[34.9,25.19],[35.41,24.46],[35.73,24.22],[35.86,23.93],[35.84,23.75],[36.01,23.44],[35.93,23.31],[35.91,23.05],[36.4,22.92],[36.64,22.51],[36.8,22.49]]]},"properties":{"scalerank":0,"featurecla":"Bathymetry","depth":200}},
{"type":"Feature","geometry":null,"properties":{"scalerank":0,"featurecla":"Bathymetry","depth":200}},
{"type":"Feature","geometry":null,"properties":{"scalerank":0,"featurecla":"Bathymetry","depth":200}},
{"type":"Feature","geometry":{"type":"Polygon","coordinates":[[[100.25,78.85],[100.01,78.85],[99.97,78.62],[100.25,78.85]]]},"properties":{"scalerank":0,"featurecla":"Bathymetry","depth":200}},
{"type":"Feature","geometry":{"type":"Polygon","coordinates":[[[157.22,78.56],[156.58,78.58],[156.89,78.46],[157.22,78.56]]]},"properties":{"scalerank":0,"featurecla":"Bathymetry","depth":200}},
{"type":"Feature","geometry":{"type":"Polygon","coordinates":[[[157.22,78.56],[157.28,78.56],[157.19,78.57],[157.22,78.56]]]},"properties":{"scalerank":0,"featurecla":"Bathymetry","depth":200}},
{"type":"Feature","geometry":{"type":"Polygon","coordinates":[[[97.16,78.58],[97.16,78.66],[97.01,78.65],[96.97,78.61],[97.16,78.58]]]},"properties":{"scalerank":0,"featurecla":"Bathymetry","depth":200}},
{"type":"Feature","geometry":{"type":"Polygon","coordinates":[[[98.53,78.35],[98.03,78.6],[97.64,78.32],[98.53,78.35]]]},"properties":{"scalerank":0,"featurecla":"Bathymetry","depth":200}},
{"type":"Feature","geometry":{"type":"Polygon","coordinates":[[[105.95,78.29],[105.94,78.45],[105.58,78.39],[105.95,78.29]]]},"properties":{"scalerank":0,"featurecla":"Bathymetry","depth":200}},
{"type":"Feature","geometry":{"type":"Polygon","coordinates":[[[106.06,77.98],[106.02,78.1],[105.01,78.21],[104.95,77.97],[106.06,77.98]]]},"properties":{"scalerank":0,"featurecla":"Bathymetry","depth":200}},
{"type":"Feature","geometry":{"type":"Polygon","coordinates":[[[104.2,77.89],[104.23,77.96],[103.58,78.14],[103.42,78.08],[103.97,77.98],[104.2,77.89]]]},"properties":{"scalerank":0,"featurecla":"Bathymetry","depth":200}},
{"type":"Feature","geometry":{"type":"Polygon","coordinates":[[[102.4,77.97],[102.44,78.07],[102.05,78.05],[102.4,77.97]]]},"properties":{"scalerank":0,"featurecla":"Bathymetry","depth":200}},
{"type":"Feature","geometry":{"type":"Polygon","coordinates":[[[119.89,77.05],[119.12,77.07],[119.07,76.88],[119.82,76.91],[119.93,76.73],[121.07,76.82],[120.73,77.07],[119.89,77.05]]]},"properties":{"scalerank":0,"featurecla":"Bathymetry","depth":200}},
{"type":"Feature","geometry":{"type":"Polygon","coordinates":[[[131.3,76.9],[131.22,76.97],[131.05,76.95],[131.12,76.84],[131.3,76.9]]]},"properties":{"scalerank":0,"featurecla":"Bathymetry","depth":200}},
{"type":"Feature","geometry":{"type":"Polygon","coordinates":[[[164.29,76.83],[163.9,76.74],[164.16,76.62],[164.29,76.83]]]},"properties":{"scalerank":0,"featurecla":"Bathymetry","depth":200}},
{"type":"Feature","geometry":{"type":"Polygon","coordinates":[[[119.65,76.67],[119.63,76.77],[119.45,76.76],[119.48,76.71],[119.65,76.67]]]},"properties":{"scalerank":0,"featurecla":"Bathymetry","depth":200}},
{"type":"Feature","geometry":{"type":"Polygon","coordinates":[[[132.84,76.64],[132.94,76.69],[132.7,76.69],[132.84,76.64]]]},"properties":{"scalerank":0,"featurecla":"Bathymetry","depth":200}},
{"type":"Feature","geometry":{"type":"Polygon","coordinates":[[[131.61,76.41],[131.1,76.57],[130.09,76.35],[130.66,76.04],[130.98,76.24],[131.51,76.23],[131.61,76.41]]]},"properties":{"scalerank":0,"featurecla":"Bathymetry","depth":200}},
{"type":"Feature","geometry":{"type":"Polygon","coordinates":[[[139.93,76.43],[139.91,76.54],[139.75,76.55],[139.78,76.47],[139.93,76.43]]]},"properties":{"scalerank":0,"featurecla":"Bathymetry","depth":200}},
{"type":"Feature","geometry":{"type":"Polygon","coordinates":[[[167.4,76.34],[167.57,76.47],[167.17,76.44],[167.4,76.34]]]},"properties":{"scalerank":0,"featurecla":"Bathymetry","depth":200}},
{"type":"Feature","geometry":{"type":"Polygon","coordinates":[[[133.86,76.01],[133.98,76.32],[133.45,76.33],[133.49,76.12],[133.86,76.01]]]},"properties":{"scalerank":0,"featurecla":"Bathymetry","depth":200}},
{"type":"Feature","geometry":{"type":"Polygon","coordinates":[[[134.13,76.01],[134.21,76.05],[134.19,76.13],[134.05,76.11],[134.05,76.02],[134.13,76.01]]]},"properties":{"scalerank":0,"featurecla":"Bathymetry","depth":200}},
{"type":"Feature","geometry":{"type":"Polygon","coordinates":[[[135.06,75.36],[135.18,75.75],[134.7,75.79],[134.81,75.37],[135.06,75.36]]]},"properties":{"scalerank":0,"featurecla":"Bathymetry","depth":200}},
{"type":"Feature","geometry":{"type":"Polygon","coordinates":[[[178.48,74.81],[178.64,74.89],[178.38,74.89],[178.48,74.81]]]},"properties":{"scalerank":0,"featurecla":"Bathymetry","depth":200}},
{"type":"Feature","geometry":{"type":"Polygon","coordinates":[[[180,74.74],[179.77,74.69],[179.88,74.61],[180,74.57],[180,74.74]]]},"properties":{"scalerank":0,"featurecla":"Bathymetry","depth":200}},
{"type":"Feature","geometry":{"type":"Polygon","coordinates":[[[178.6,74.47],[178.81,74.64],[178.68,74.67],[178.5,74.52],[178.6,74.47]]]},"properties":{"scalerank":0,"featurecla":"Bathymetry","depth":200}},
{"type":"Feature","geometry":{"type":"Polygon","coordinates":[[[179.97,74.3],[180,74.31],[180,74.45],[179.69,74.46],[179.59,74.32],[179.97,74.3]]]},"properties":{"scalerank":0,"featurecla":"Bathymetry","depth":200}},
{"type":"Feature","geometry":{"type":"Polygon","coordinates":[[[176.83,74.33],[176.85,74.39],[176.59,74.44],[176.58,74.34],[176.83,74.33]]]},"properties":{"scalerank":0,"featurecla":"Bathymetry","depth":200}},
{"type":"Feature","geometry":{"type":"Polygon","coordinates":[[[179.57,73.91],[179.58,73.98],[179.12,74],[179.31,73.89],[179.57,73.91]]]},"properties":{"scalerank":0,"featurecla":"Bathymetry","depth":200}},
{"type":"Feature","geometry":{"type":"Polygon","coordinates":[[[178.56,73.54],[178.34,73.51],[178.61,73.4],[178.79,73.41],[178.56,73.54]]]},"properties":{"scalerank":0,"featurecla":"Bathymetry","depth":200}},
{"type":"Feature","geometry":{"type":"Polygon","coordinates":[[[177.01,73.28],[176.8,73.28],[176.78,73.19],[176.99,73.22],[177.01,73.28]]]},"properties":{"scalerank":0,"featurecla":"Bathymetry","depth":200}},
{"type":"Feature","geometry":{"type":"Polygon","coordinates":[[[180,61.95],[179.06,61.78],[179.36,61.62],[179.08,61.5],[179.26,61.4],[179.7,61.35],[180,61.17],[180,61.56],[180,61.95]]]},"properties":{"scalerank":0,"featurecla":"Bathymetry","depth":200}},
{"type":"Feature","geometry":{"type":"Polygon","coordinates":[[[157.37,59.9],[156.92,59.9],[156.92,59.72],[157.28,59.78],[157.37,59.9]]]},"properties":{"scalerank":0,"featurecla":"Bathymetry","depth":200}},
{"type":"Feature","geometry":{"type":"Polygon","coordinates":[[[162.88,58.09],[162.83,58.18],[162.65,58.15],[162.64,58.09],[162.88,58.09]]]},"properties":{"scalerank":0,"featurecla":"Bathymetry","depth":200}},
{"type":"Feature","geometry":{"type":"Polygon","coordinates":[[[150.05,57.08],[150.1,57.57],[149.94,57.64],[149.95,57.1],[150.05,57.08]]]},"properties":{"scalerank":0,"featurecla":"Bathymetry","depth":200}},
{"type":"Feature","geometry":{"type":"Polygon","coordinates":[[[148.15,56.67],[148.18,56.83],[147.93,56.8],[148.15,56.67]]]},"properties":{"scalerank":0,"featurecla":"Bathymetry","depth":200}},
{"type":"Feature","geometry":{"type":"Polygon","coordinates":[[[139.93,55.84],[140.02,56],[139.92,56.02],[139.83,55.85],[139.93,55.84]]]},"properties":{"scalerank":0,"featurecla":"Bathymetry","depth":200}},
{"type":"Feature","geometry":{"type":"Polygon","coordinates":[[[145.28,55.63],[145.29,55.75],[145.16,55.73],[145.1,55.67],[145.28,55.63]]]},"properties":{"scalerank":0,"featurecla":"Bathymetry","depth":200}},
{"type":"Feature","geometry":{"type":"Polygon","coordinates":[[[139.95,55.48],[140,55.59],[139.84,55.56],[139.95,55.48]]]},"properties":{"scalerank":0,"featurecla":"Bathymetry","depth":200}},
{"type":"Feature","geometry":{"type":"Polygon","coordinates":[[[145.15,49.43],[145.2,49.51],[145,49.51],[145.04,49.43],[145.15,49.43]]]},"properties":{"scalerank":0,"featurecla":"Bathymetry","depth":200}},
{"type":"Feature","geometry":{"type":"Polygon","coordinates":[[[141.45,46.26],[141.56,46.37],[141.57,46.53],[141.41,46.52],[141.45,46.26]]]},"properties":{"scalerank":0,"featurecla":"Bathymetry","depth":200}},
{"type":"Feature","geometry":{"type":"Polygon","coordinates":[[[140.69,41.45],[140.78,41.54],[140.71,41.62],[140.53,41.45],[140.69,41.45]]]},"properties":{"scalerank":0,"featurecla":"Bathymetry","depth":200}},
{"type":"Feature","geometry":{"type":"Polygon","coordinates":[[[123.7,26.35],[123.99,26.56],[123.73,26.61],[123.7,26.35]]]},"properties":{"scalerank":0,"featurecla":"Bathymetry","depth":200}},
{"type":"Feature","geometry":{"type":"Polygon","coordinates":[[[119.07,22.79],[118.92,22.82],[118.9,22.71],[118.99,22.71],[119.07,22.79]]]},"properties":{"scalerank":0,"featurecla":"Bathymetry","depth":200}},
{"type":"Feature","geometry":{"type":"Polygon","coordinates":[[[114.09,15.62],[114.13,15.75],[114.29,15.85],[114.17,15.92],[114.08,15.85],[114.09,15.62]]]},"properties":{"scalerank":0,"featurecla":"Bathymetry","depth":200}},
{"type":"Feature","geometry":{"type":"Polygon","coordinates":[[[121.8,14.36],[121.79,14.5],[121.69,14.45],[121.8,14.36]]]},"properties":{"scalerank":0,"featurecla":"Bathymetry","depth":200}},
{"type":"Feature","geometry":{"type":"Polygon","coordinates":[[[123.13,13.33],[122.73,13.67],[122.75,13.43],[123.13,13.33]]]},"properties":{"scalerank":0,"featurecla":"Bathymetry","depth":200}},
{"type":"Feature","geometry":{"type":"Polygon","coordinates":[[[124.38,11.16],[124.26,11.44],[124.26,11.98],[124.11,12.04],[124.19,11.34],[124.09,11.17],[124.26,11.09],[124.1,10.89],[124.05,10.74],[124.11,10.32],[124.4,10.38],[124.62,10.34],[124.76,10.68],[124.6,10.85],[124.53,10.62],[124.31,10.56],[124.37,10.91],[124.38,11.16]]]},"properties":{"scalerank":0,"featurecla":"Bathymetry","depth":200}},
{"type":"Feature","geometry":{"type":"Polygon","coordinates":[[[123.61,10.4],[123.8,10.8],[123.58,10.73],[123.52,10.48],[123.61,10.4]]]},"properties":{"scalerank":0,"featurecla":"Bathymetry","depth":200}},
{"type":"Feature","geometry":{"type":"Polygon","coordinates":[[[123.26,9.53],[123.34,9.97],[123.19,9.86],[123.26,9.53]]]},"properties":{"scalerank":0,"featurecla":"Bathymetry","depth":200}},
{"type":"Feature","geometry":{"type":"Polygon","coordinates":[[[121.4,6.1],[121.04,6.31],[121.01,6.25],[121.31,6.09],[121.4,6.1]]]},"properties":{"scalerank":0,"featurecla":"Bathymetry","depth":200}},
{"type":"Feature","geometry":{"type":"Polygon","coordinates":[[[120.84,6.21],[120.59,6.2],[120.58,6.05],[120.41,5.92],[120.46,5.73],[120.58,5.74],[120.8,5.89],[120.89,6.05],[120.84,6.21]]]},"properties":{"scalerank":0,"featurecla":"Bathymetry","depth":200}},
{"type":"Feature","geometry":{"type":"Polygon","coordinates":[[[119.17,4.84],[119.37,4.95],[119.25,5.02],[119.17,4.84]]]},"properties":{"scalerank":0,"featurecla":"Bathymetry","depth":200}},
{"type":"Feature","geometry":{"type":"Polygon","coordinates":[[[127.65,0],[127.66,0.19],[127.49,0.23],[127.56,0],[127.65,0]]]},"properties":{"scalerank":0,"featurecla":"Bathymetry","depth":200}},
{"type":"Feature","geometry":null,"properties":{"scalerank":0,"featurecla":"Bathymetry","depth":200}},
{"type":"Feature","geometry":{"type":"Polygon","coordinates":[[[129.82,41.64],[129.83,41.64],[129.82,41.65],[129.82,41.64]]]},"properties":{"scalerank":0,"featurecla":"Bathymetry","depth":200}},
{"type":"Feature","geometry":{"type":"Polygon","coordinates":[[[121.26,18.7],[121.46,18.52],[121.62,18.46],[121.88,18.52],[121.26,18.7]]]},"properties":{"scalerank":0,"featurecla":"Bathymetry","depth":200}},
{"type":"Feature","geometry":null,"properties":{"scalerank":0,"featurecla":"Bathymetry","depth":200}},
{"type":"Feature","geometry":null,"properties":{"scalerank":0,"featurecla":"Bathymetry","depth":200}},
{"type":"Feature","geometry":{"type":"Polygon","coordinates":[[[90,80.02],[90.25,80.1],[90,80.13],[90,80.02]]]},"properties":{"scalerank":0,"featurecla":"Bathymetry","depth":200}},
{"type":"Feature","geometry":{"type":"Polygon","coordinates":[[[180,-16.41],[180,-16.21],[179.94,-16.28],[179.93,-16.36],[180,-16.41]]]},"properties":{"scalerank":0,"featurecla":"Bathymetry","depth":200}},
{"type":"Feature","geometry":{"type":"Polygon","coordinates":[[[51.13,-66.18],[51.47,-65.97],[51.23,-65.96],[51,-66.14],[51.13,-66.18]]]},"properties":{"scalerank":0,"featurecla":"Bathymetry","depth":200}},
{"type":"Feature","geometry":{"type":"Polygon","coordinates":[[[57.1,-66.18],[56.92,-66.34],[57.29,-66.47],[57.68,-66.38],[57.55,-66.23],[57.1,-66.18]]]},"properties":{"scalerank":0,"featurecla":"Bathymetry","depth":200}},
{"type":"Feature","geometry":{"type":"Polygon","coordinates":[[[60.29,-66.91],[59.8,-66.9],[59.69,-67.22],[60.16,-67.15],[60.07,-66.98],[60.29,-66.91]]]},"properties":{"scalerank":0,"featurecla":"Bathymetry","depth":200}},
{"type":"Feature","geometry":{"type":"Polygon","coordinates":[[[32.38,-68.97],[32.02,-68.99],[31.85,-69.12],[32.32,-69.13],[32.38,-68.97]]]},"properties":{"scalerank":0,"featurecla":"Bathymetry","depth":200}},
{"type":"Feature","geometry":{"type":"Polygon","coordinates":[[[83.96,-67],[83.94,-67],[83.91,-67.01],[83.96,-67]]]},"properties":{"scalerank":0,"featurecla":"Bathymetry","depth":200}},
{"type":"Feature","geometry":{"type":"Polygon","coordinates":[[[134.26,-66.07],[134.38,-66.01],[134.21,-65.97],[134.07,-66.02],[134.26,-66.07]]]},"properties":{"scalerank":0,"featurecla":"Bathymetry","depth":200}},
{"type":"Feature","geometry":{"type":"Polygon","coordinates":[[[110.45,-66.15],[110.21,-66.11],[110.25,-66.23],[110.45,-66.15]]]},"properties":{"scalerank":0,"featurecla":"Bathymetry","depth":200}},
{"type":"Feature","geometry":{"type":"Polygon","coordinates":[[[156.64,-68.87],[156.75,-68.78],[156.53,-68.75],[156.47,-68.82],[156.64,-68.87]]]},"properties":{"scalerank":0,"featurecla":"Bathymetry","depth":200}},
{"type":"Feature","geometry":{"type":"Polygon","coordinates":[[[171.27,-77.42],[171.14,-77.34],[170.84,-77.36],[170.91,-77.44],[171.27,-77.42]]]},"properties":{"scalerank":0,"featurecla":"Bathymetry","depth":200}},
{"type":"Feature","geometry":{"type":"Polygon","coordinates":[[[-73.92,-53.53],[-73.92,-53.35],[-74.13,-53.35],[-74.11,-53.46],[-73.92,-53.53]]]},"properties":{"scalerank":0,"featurecla":"Bathymetry","depth":200}},
{"type":"Feature","geometry":{"type":"Polygon","coordinates":[[[-70.15,-53.58],[-70.36,-53.59],[-70.24,-53.84],[-70.15,-53.58]]]},"properties":{"scalerank":0,"featurecla":"Bathymetry","depth":200}},
{"type":"Feature","geometry":{"type":"Polygon","coordinates":[[[-73.82,-53.63],[-74,-53.77],[-73.67,-53.76],[-73.82,-53.63]]]},"properties":{"scalerank":0,"featurecla":"Bathymetry","depth":200}},
{"type":"Feature","geometry":{"type":"Polygon","coordinates":[[[-69.59,-54.35],[-69.58,-54.26],[-69.74,-54.24],[-69.59,-54.35]]]},"properties":{"scalerank":0,"featurecla":"Bathymetry","depth":200}},
{"type":"Feature","geometry":{"type":"Polygon","coordinates":[[[-72.09,-54.7],[-72.28,-54.85],[-72.14,-54.99],[-71.94,-54.96],[-72.09,-54.7]]]},"properties":{"scalerank":0,"featurecla":"Bathymetry","depth":200}},
{"type":"Feature","geometry":{"type":"Polygon","coordinates":[[[-68.32,-56.54],[-68.4,-56.45],[-68.61,-56.42],[-68.56,-56.52],[-68.32,-56.54]]]},"properties":{"scalerank":0,"featurecla":"Bathymetry","depth":200}},
{"type":"Feature","geometry":{"type":"Polygon","coordinates":[[[-63.24,-64.92],[-63.14,-64.83],[-62.94,-64.73],[-63.05,-64.71],[-63.26,-64.88],[-63.24,-64.92]]]},"properties":{"scalerank":0,"featurecla":"Bathymetry","depth":200}},
{"type":"Feature","geometry":{"type":"Polygon","coordinates":[[[-63.38,-65.04],[-63.39,-64.94],[-63.53,-64.95],[-63.53,-65.04],[-63.38,-65.04]]]},"properties":{"scalerank":0,"featurecla":"Bathymetry","depth":200}},
{"type":"Feature","geometry":{"type":"Polygon","coordinates":[[[-65.08,-65.54],[-65.07,-65.43],[-65.22,-65.44],[-65.08,-65.54]]]},"properties":{"scalerank":0,"featurecla":"Bathymetry","depth":200}},
{"type":"Feature","geometry":{"type":"Polygon","coordinates":[[[-65.37,-65.95],[-65.37,-65.82],[-65.32,-65.77],[-65.44,-65.75],[-65.47,-65.9],[-65.37,-65.95]]]},"properties":{"scalerank":0,"featurecla":"Bathymetry","depth":200}},
{"type":"Feature","geometry":{"type":"Polygon","coordinates":[[[-66.07,-66.48],[-66.2,-66.55],[-65.87,-66.64],[-65.8,-66.52],[-66.07,-66.48]]]},"properties":{"scalerank":0,"featurecla":"Bathymetry","depth":200}},
{"type":"Feature","geometry":{"type":"Polygon","coordinates":[[[-67.31,-66.93],[-67.63,-66.93],[-67.71,-67.01],[-67.35,-67.04],[-67.31,-66.93]]]},"properties":{"scalerank":0,"featurecla":"Bathymetry","depth":200}},
{"type":"Feature","geometry":{"type":"Polygon","coordinates":[[[-67.54,-67.93],[-67.51,-67.84],[-67.72,-67.84],[-67.72,-67.89],[-67.54,-67.93]]]},"properties":{"scalerank":0,"featurecla":"Bathymetry","depth":200}},
{"type":"Feature","geometry":{"type":"Polygon","coordinates":[[[-72.16,-69.35],[-72.21,-69.25],[-72.33,-69.28],[-72.16,-69.35]]]},"properties":{"scalerank":0,"featurecla":"Bathymetry","depth":200}},
{"type":"Feature","geometry":{"type":"Polygon","coordinates":[[[-71.87,-69.62],[-71.77,-69.46],[-72,-69.43],[-71.87,-69.62]]]},"properties":{"scalerank":0,"featurecla":"Bathymetry","depth":200}},
{"type":"Feature","geometry":{"type":"Polygon","coordinates":[[[-68.83,-69.38],[-68.85,-69.39],[-68.8,-69.38],[-68.83,-69.38]]]},"properties":{"scalerank":0,"featurecla":"Bathymetry","depth":200}},
{"type":"Feature","geometry":{"type":"Polygon","coordinates":[[[-58,-63.8],[-58.04,-63.73],[-58.2,-63.8],[-58.14,-63.86],[-58,-63.8]]]},"properties":{"scalerank":0,"featurecla":"Bathymetry","depth":200}},
{"type":"Feature","geometry":{"type":"Polygon","coordinates":[[[-57.77,-64.04],[-57.67,-63.97],[-57.73,-63.9],[-57.79,-63.99],[-57.77,-64.04]]]},"properties":{"scalerank":0,"featurecla":"Bathymetry","depth":200}},
{"type":"Feature","geometry":{"type":"Polygon","coordinates":[[[-70.95,-53.91],[-70.63,-53.61],[-70.55,-53.38],[-70.85,-53.36],[-70.87,-53.61],[-71.03,-53.85],[-70.95,-53.91]]]},"properties":{"scalerank":0,"featurecla":"Bathymetry","depth":200}},
{"type":"Feature","geometry":{"type":"Polygon","coordinates":[[[-71.43,-53.9],[-71.48,-53.86],[-71.65,-53.85],[-71.6,-53.91],[-71.43,-53.9]]]},"properties":{"scalerank":0,"featurecla":"Bathymetry","depth":200}},
{"type":"Feature","geometry":null,"properties":{"scalerank":0,"featurecla":"Bathymetry","depth":200}},
{"type":"Feature","geometry":null,"properties":{"scalerank":0,"featurecla":"Bathymetry","depth":200}},
{"type":"Feature","geometry":{"type":"Polygon","coordinates":[[[51.22,40.06],[51.04,40.11],[50.35,39.85],[50.18,39.85],[49.91,39.6],[49.93,39.27],[49.69,38.99],[49.55,39.01],[49.31,38.66],[49.28,38.4],[49.55,37.9],[49.62,37.57],[49.98,37.56],[50.31,37.43],[50.42,37.24],[50.58,37.18],[51.01,36.9],[51.65,36.73],[52,36.74],[52.54,36.81],[53.03,37.03],[53.08,37.2],[52.86,37.6],[52.65,37.82],[52.35,38],[52.01,38.08],[51.77,38.25],[51.64,38.62],[51.77,39.15],[51.73,39.33],[51.8,39.54],[51.74,39.75],[51.43,40.06],[51.22,40.06]]]},"properties":{"scalerank":0,"featurecla":"Bathymetry","depth":200}},
{"type":"Feature","geometry":{"type":"Polygon","coordinates":[[[50.58,43.25],[50.35,43.59],[50.18,43.64],[50,43.53],[50.02,43.27],[49.86,43.2],[49.49,43.17],[49.09,42.85],[48.82,42.5],[48.76,42.21],[48.79,41.99],[48.94,41.72],[50.06,41.23],[50.17,41.11],[50.45,41.04],[50.72,41.07],[50.89,41],[51.27,40.45],[51.55,40.53],[51.51,40.89],[51.56,41.11],[51.5,41.63],[51.33,42.04],[51.31,42.34],[51.23,42.48],[50.96,42.65],[50.68,42.71],[50.52,42.9],[50.58,43.25]]]},"properties":{"scalerank":0,"featurecla":"Bathymetry","depth":200}},
{"type":"Feature","geometry":{"type":"Polygon","coordinates":[[[-172.26,-4.49],[-172.28,-4.49],[-172.26,-4.5],[-172.26,-4.49]]]},"properties":{"scalerank":0,"featurecla":"Bathymetry","depth":200}},
{"type":"Feature","geometry":{"type":"Polygon","coordinates":[[[-180,-18.48],[-180,-18.71],[-179.98,-18.69],[-179.96,-18.64],[-180,-18.48]]]},"properties":{"scalerank":0,"featurecla":"Bathymetry","depth":200}}
]}