{"type":"FeatureCollection", "features": [
{"type":"Feature","geometry":{"type":"Polygon","coordinates":[[[-90.3,-73.19],[-90.59,-72.93],[-90,-72.34],[-90,-71.84],[-90,-70.84],[-90,-69.85],[-90,-69.35],[-90,-68.35],[-90,-67.36],[-90,-66.86],[-90,-65.86],[-90,-64.87],[-90,-64.37],[-90,-63.37],[-90,-62.37],[-90,-61.38],[-90,-60.38],[-90,-59.39],[-90,-58.39],[-90,-57.39],[-90,-56.4],[-90,-55.4],[-90,-54.4],[-90,-53.41],[-90,-52.91],[-90,-51.91],[-90,-50.92],[-90,-50.42],[-90,-49.42],[-90,-48.43],[-90,-47.43],[-90,-46.43],[-90,-45.44],[-90,-44.44],[-90,-43.94],[-90,-42.95],[-90,-42.45],[-90,-41.45],[-90,-40.95],[-90,-39.96],[-90,-38.96],[-90,-37.97],[-90,-36.97],[-91,-36.97],[-92,-36.97],[-93,-36.97],[-93.5,-36.97],[-94.5,-36.97],[-95,-36.97],[-96,-36.97],[-97,-36.97],[-97.5,-36.97],[-98.5,-36.97],[-99,-36.97],[-100,-36.97],[-101,-36.97],[-101.5,-36.97],[-102.5,-36.97],[-103,-36.97],[-104,-36.97],[-105,-36.97],[-106,-36.97],[-106.5,-36.97],[-107.5,-36.97],[-108,-36.97],[-109,-36.97],[-109.5,-36.97],[-110.5,-36.97],[-111.5,-36.97],[-112.5,-36.97],[-113.5,-36.97],[-114.5,-36.97],[-115.5,-36.97],[-116,-36.97],[-117,-36.97],[-118,-36.97],[-118.5,-36.97],[-119.5,-36.97],[-120.5,-36.97],[-121.5,-36.97],[-122.5,-36.97],[-123.5,-36.97],[-124,-36.97],[-125,-36.97],[-126,-36.97],[-126.5,-36.97],[-127.5,-36.97],[-128.5,-36.97],[-129.5,-36.97],[-130.5,-36.97],[-131.5,-36.97],[-132,-36.97],[-133,-36.97],[-134,-36.97],[-134.5,-36.97],[-135.5,-36.97],[-136.5,-36.97],[-137.5,-36.97],[-138.5,-36.97],[-139.5,-36.97],[-140.5,-36.97],[-141.5,-36.97],[-142,-36.97],[-143,-36.97],[-144,-36.97],[-144.5,-36.97],[-145.5,-36.97],[-146,-36.97],[-147,-36.97],[-147.5,-36.97],[-148.5,-36.97],[-149,-36.97],[-150,-36.97],[-151,-36.97],[-152,-36.97],[-153,-36.97],[-154,-36.97],[-155,-36.97],[-155.5,-36.97],[-156.5,-36.97],[-157.5,-36.97],[-158.5,-36.97],[-159,-36.97],[-160,-36.97],[-161,-36.97],[-162,-36.97],[-163,-36.97],[-163.5,-36.97],[-164.5,-36.97],[-165.5,-36.97],[-166,-36.97],[-167,-36.97],[-168,-36.97],[-168.5,-36.97],[-169.5,-36.97],[-170.5,-36.97],[-171,-36.97],[-172,-36.97],[-172.5,-36.97],[-173.5,-36.97],[-174.5,-36.97],[-175,-36.97],[-176,-36.97],[-176.5,-36.97],[-177.5,-36.97],[-178.5,-36.97],[-179.5,-36.97],[-180,-36.97],[-180,-37.15],[-180,-37.65],[-180,-38.14],[-180,-38.64],[-180,-39.14],[-180,-39.64],[-180,-40.14],[-180,-40.64],[-180,-41.14],[-180,-41.63],[-180,-42.13],[-180,-42.63],[-180,-43.13],[-180,-43.63],[-180,-44.13],[-180,-44.63],[-180,-45.12],[-180,-45.62],[-180,-46.12],[-180,-46.62],[-180,-47.12],[-180,-47.62],[-180,-48.12],[-180,-48.61],[-180,-49.11],[-180,-49.61],[-180,-50.11],[-180,-50.61],[-180,-51.11],[-180,-51.61],[-180,-52.11],[-180,-52.6],[-180,-53.1],[-180,-53.6],[-180,-54.1],[-180,-54.6],[-180,-55.1],[-180,-55.6],[-180,-56.09],[-180,-56.59],[-180,-57.09],[-180,-57.59],[-180,-58.09],[-180,-58.59],[-180,-59.09],[-180,-59.58],[-180,-60.08],[-180,-60.58],[-180,-61.08],[-180,-61.58],[-180,-62.08],[-180,-62.58],[-180,-63.07],[-180,-63.57],[-180,-64.07],[-180,-64.57],[-180,-65.07],[-180,-65.57],[-180,-66.07],[-180,-66.57],[-180,-67.06],[-180,-67.56],[-180,-68.06],[-180,-68.56],[-180,-69.06],[-180,-69.56],[-180,-70.06],[-180,-70.55],[-180,-71.05],[-180,-71.55],[-180,-72.05],[-180,-72.55],[-180,-73.05],[-180,-73.55],[-180,-74.04],[-180,-74.54],[-180,-75.04],[-180,-75.54],[-180,-76.04],[-180,-76.54],[-180,-77.04],[-180,-77.53],[-180,-78.03],[-180,-78.53],[-180,-79.03],[-180,-79.53],[-180,-80.03],[-180,-80.53],[-180,-81.02],[-180,-81.52],[-180,-82.02],[-180,-82.52],[-180,-83.02],[-180,-83.52],[-180,-84.02],[-180,-84.35],[-178.3,-84.31],[-177.7,-84.42],[-177.11,-84.38],[-176,-84.49],[-175.18,-84.41],[-172.21,-84.51],[-168.25,-84.65],[-168.02,-84.78],[-166.91,-84.82],[-162.85,-84.88],[-158.35,-85.1],[-158.16,-85.16],[-156.01,-85.22],[-155.5,-85.13],[-156.94,-85.01],[-157.58,-84.88],[-155.79,-84.9],[-155.64,-84.83],[-158.25,-84.77],[-163.86,-84.55],[-164.1,-84.48],[-165.41,-84.36],[-163,-84.36],[-164.16,-84.29],[-164.19,-84.23],[-165.15,-84.14],[-165.01,-84.06],[-163.7,-84.05],[-163.99,-83.94],[-165.42,-83.77],[-166.07,-83.82],[-167.25,-83.81],[-168.05,-83.75],[-168.63,-83.6],[-168.58,-83.53],[-169.43,-83.41],[-174.03,-82.92],[-173.18,-82.92],[-172.51,-82.87],[-171.41,-82.95],[-170.96,-83.06],[-170.72,-83.2],[-169.73,-83.24],[-168.09,-83.26],[-167.33,-83.2],[-165.09,-83.2],[-164.98,-83.34],[-164.17,-83.4],[-162.87,-83.32],[-162.17,-83.52],[-160.07,-83.48],[-159.48,-83.55],[-159,-83.46],[-157.56,-83.39],[-156.92,-83.23],[-158.46,-83.17],[-158.5,-83.12],[-155.59,-83.05],[-155.06,-82.8],[-152.54,-82.55],[-152.9,-82.37],[-154.21,-82.13],[-154.11,-82.07],[-154.8,-81.97],[-154.35,-81.82],[-153.83,-81.79],[-153.79,-81.69],[-154.41,-81.56],[-155,-81.49],[-157.06,-81.35],[-157.06,-81.26],[-156.45,-81.15],[-152.53,-81.05],[-150.57,-81],[-147.63,-80.92],[-147.63,-80.85],[-148.41,-80.75],[-149.46,-80.72],[-149.02,-80.59],[-149.67,-80.53],[-150.24,-80.53],[-150.42,-80.43],[-149.97,-80.39],[-150.61,-80.27],[-150.13,-80.19],[-150.37,-80.07],[-148.83,-80.13],[-148.46,-80.02],[-148.52,-79.89],[-148.04,-79.89],[-147.95,-79.79],[-149,-79.69],[-149.09,-79.63],[-150.45,-79.56],[-152,-79.34],[-152.41,-79.26],[-151.98,-79.17],[-152.23,-79.11],[-153.08,-79.14],[-154.97,-79.03],[-155.05,-78.99],[-156.53,-78.66],[-156.5,-78.59],[-156.05,-78.49],[-154.73,-78.45],[-154.29,-78.39],[-154.14,-78.25],[-154.4,-78.14],[-154.77,-78.23],[-155.25,-78.21],[-156.35,-78.2],[-157.2,-78.25],[-157.35,-78.2],[-158.34,-77.97],[-158.64,-77.86],[-158.32,-77.64],[-158.14,-77.43],[-158.33,-77.3],[-158.18,-77.21],[-158.31,-77.13],[-157.93,-77.06],[-157.08,-77.35],[-156.47,-77.26],[-156.81,-77.19],[-156.32,-77.07],[-155.87,-77.06],[-155.48,-77.17],[-154.89,-77.1],[-154.1,-77.21],[-153.53,-77.25],[-153.25,-77.45],[-152.58,-77.5],[-152.49,-77.32],[-152.13,-77.38],[-151.51,-77.42],[-151.42,-77.51],[-151,-77.56],[-149.97,-77.82],[-149.25,-77.76],[-148.67,-77.67],[-148.8,-77.58],[-147.76,-77.46],[-149.02,-77.34],[-148.87,-77.14],[-148.51,-77.11],[-147.85,-77.26],[-147.7,-77.41],[-146.89,-77.26],[-146.4,-77.5],[-146.03,-77.52],[-145.41,-77.48],[-145.96,-77.25],[-145.28,-77.22],[-145.94,-77.07],[-145.54,-77.06],[-145.59,-76.92],[-145.95,-76.83],[-145.52,-76.8],[-145.53,-76.74],[-146.11,-76.71],[-146.62,-76.53],[-147.08,-76.43],[-148.04,-76.45],[-148.45,-76.51],[-149.64,-76.43],[-149.48,-76.29],[-149.03,-76.3],[-148.54,-76.23],[-148.59,-76.12],[-148.2,-76.09],[-147.16,-76.23],[-146.25,-76.42],[-145.72,-76.46],[-145.35,-76.43],[-145.54,-76.32],[-145.91,-76.26],[-146.5,-76.09],[-146.21,-75.92],[-145.95,-75.88],[-145.18,-75.91],[-144.89,-75.84],[-144.16,-75.8],[-144.31,-75.64],[-143.39,-75.54],[-142.68,-75.56],[-142.47,-75.43],[-141.86,-75.52],[-141.53,-75.77],[-140.91,-75.76],[-140.84,-75.68],[-141.24,-75.6],[-141.23,-75.49],[-140.82,-75.53],[-140.28,-75.43],[-140.16,-75.34],[-139.57,-75.15],[-137.48,-75.09],[-137.09,-75.18],[-136.92,-75.16],[-136.35,-75.18],[-136.37,-75.11],[-136.88,-75.04],[-136.88,-74.83],[-136.22,-74.7],[-135.7,-74.75],[-135.7,-74.68],[-135.34,-74.56],[-134.52,-74.64],[-134.59,-74.74],[-133.87,-74.93],[-132.79,-74.77],[-132.58,-74.83],[-132.09,-74.76],[-131.56,-74.85],[-131.01,-74.82],[-129.98,-74.91],[-129.19,-74.83],[-128.71,-74.82],[-128.47,-74.76],[-126.94,-74.68],[-126.59,-74.74],[-126.11,-74.76],[-125.74,-74.7],[-124.37,-74.71],[-124.05,-74.81],[-123.47,-74.78],[-122.2,-74.75],[-122,-74.78],[-120.83,-74.74],[-120.15,-74.66],[-119.9,-74.68],[-119.13,-74.6],[-118.87,-74.6],[-118.65,-74.51],[-119.14,-74.5],[-118.98,-74.4],[-118.12,-74.31],[-117.66,-74.5],[-117.34,-74.55],[-116.69,-74.56],[-116.46,-74.51],[-116.05,-74.5],[-115.65,-74.53],[-114.84,-74.47],[-115.07,-74.26],[-115.12,-74.09],[-114.73,-73.93],[-114.21,-73.86],[-113.95,-73.91],[-113.89,-74.02],[-113.61,-74.03],[-113.42,-74.17],[-113.88,-74.24],[-113.8,-74.45],[-113.31,-74.48],[-113.65,-74.59],[-114.33,-74.68],[-113.83,-74.73],[-113.97,-74.88],[-114.27,-75],[-114.11,-75.07],[-113.79,-74.98],[-112.92,-74.87],[-112.25,-74.86],[-112.08,-74.81],[-111.54,-74.8],[-111.92,-74.62],[-111.93,-74.55],[-111.7,-74.42],[-111.89,-74.32],[-111.89,-74.23],[-111.65,-74.17],[-111.23,-74.2],[-110.74,-74.32],[-110.45,-74.27],[-110.25,-74.37],[-110.1,-74.55],[-110.32,-74.67],[-110.29,-74.78],[-110.68,-74.83],[-111.02,-74.99],[-111.53,-75.11],[-111.48,-75.2],[-110.45,-75.19],[-110.17,-75.24],[-109.82,-75.21],[-109.69,-75.15],[-108.1,-75.26],[-107.87,-75.32],[-106.45,-75.32],[-105.14,-75.18],[-104.84,-75.11],[-104.55,-75.16],[-104.1,-75.12],[-103.81,-75.15],[-103.3,-75.09],[-102.6,-75.13],[-102.08,-75.13],[-101.76,-75.08],[-101.56,-75.15],[-101.66,-75.31],[-101.15,-75.37],[-101.11,-75.43],[-100.44,-75.35],[-100.14,-75.38],[-99.43,-75.3],[-99.01,-75.34],[-98.64,-75.31],[-98.9,-75.17],[-99.38,-75.11],[-99.32,-74.96],[-99.88,-74.92],[-100.08,-74.85],[-99.92,-74.77],[-100.11,-74.72],[-100.05,-74.6],[-99.82,-74.54],[-100.13,-74.47],[-100.6,-74.48],[-100.93,-74.55],[-101.4,-74.5],[-101.41,-74.36],[-101.31,-74.31],[-101.59,-74],[-101.9,-74],[-102.39,-73.93],[-102.73,-73.94],[-102.92,-73.86],[-102.79,-73.75],[-102.99,-73.67],[-102.89,-73.59],[-101.39,-73.67],[-101.16,-73.77],[-100.63,-73.78],[-100.46,-73.73],[-99.87,-73.73],[-98.89,-73.59],[-99.49,-73.55],[-99.73,-73.45],[-99.77,-73.36],[-101.12,-73.33],[-101.69,-73.34],[-101.86,-73.3],[-102.6,-73.33],[-102.87,-73.31],[-103.29,-73.16],[-103.26,-73.01],[-103.43,-72.85],[-103.3,-72.76],[-103.04,-72.71],[-102.33,-72.74],[-102.09,-72.77],[-102.19,-72.89],[-101.96,-73.06],[-101.31,-72.99],[-100.77,-72.98],[-100.38,-73.07],[-99.85,-73],[-99.68,-73.02],[-97.72,-73.03],[-97.98,-73.17],[-97.76,-73.19],[-97.42,-73.12],[-96.47,-73.3],[-95.84,-73.33],[-95.69,-73.24],[-95.19,-73.21],[-95,-73.24],[-94.58,-73.24],[-94.34,-73.32],[-93.94,-73.28],[-93.57,-73.18],[-93.02,-73.19],[-92.8,-73.14],[-91.95,-73.18],[-91.66,-73.25],[-91.11,-73.3],[-90.53,-73.28],[-90.3,-73.19]],[[-90.9,-72.82],[-90.74,-72.86],[-90.76,-72.98],[-90.92,-73.1],[-91.21,-73.19],[-91.52,-73.19],[-91.45,-72.95],[-91.33,-72.9],[-91.53,-72.78],[-91.69,-72.61],[-91.39,-72.55],[-91.04,-72.54],[-90.82,-72.6],[-90.76,-72.7],[-90.9,-72.82]],[[-94.49,-72.52],[-94.5,-72.63],[-95.2,-72.68],[-95.2,-72.59],[-94.49,-72.52]],[[-95.5,-72.32],[-95.52,-72.4],[-96.02,-72.44],[-96.05,-72.58],[-96.6,-72.56],[-96.94,-72.58],[-97.26,-72.51],[-97.6,-72.56],[-98.58,-72.57],[-98.54,-72.46],[-99.4,-72.5],[-99.19,-72.38],[-99.76,-72.37],[-100.21,-72.27],[-101.61,-72.19],[-101.97,-72.19],[-102.29,-72.13],[-102.27,-72.02],[-102.09,-71.97],[-100.44,-71.88],[-100.24,-71.83],[-99.94,-71.89],[-100.02,-71.97],[-99.75,-72.04],[-99.6,-71.94],[-99.4,-71.94],[-99,-72.08],[-98.79,-72],[-99.1,-71.92],[-98.83,-71.76],[-98.53,-71.76],[-97.98,-71.86],[-98.23,-72.05],[-97.85,-72.12],[-97.83,-71.93],[-97.41,-71.99],[-97.59,-72.08],[-97.31,-72.18],[-97.16,-72.06],[-97.05,-71.88],[-96.36,-71.84],[-96.07,-71.91],[-96.2,-72.02],[-96.62,-72.11],[-97,-72.21],[-96.72,-72.26],[-96.44,-72.19],[-95.72,-72.1],[-95.64,-72.21],[-96.04,-72.26],[-95.75,-72.33],[-95.5,-72.32]],[[-176.38,-43.9],[-176.37,-43.77],[-176.51,-43.75],[-176.46,-43.95],[-176.3,-44.04],[-176.61,-44.11],[-176.66,-44.02],[-176.52,-43.92],[-176.64,-43.8],[-176.6,-43.71],[-176.29,-43.77],[-176.38,-43.9]],[[-104.69,-73.1],[-104.53,-73.17],[-104.75,-73.22],[-105.04,-73.14],[-105.16,-73.01],[-104.94,-72.95],[-104.69,-73.1]],[[-127.47,-73.55],[-127.49,-73.44],[-127.3,-73.32],[-126.53,-73.27],[-126.1,-73.3],[-125.94,-73.38],[-125.6,-73.43],[-125.47,-73.58],[-125.25,-73.61],[-125.27,-73.7],[-125.73,-73.72],[-125.59,-73.82],[-125.26,-73.79],[-124.95,-73.81],[-124.63,-73.73],[-124.11,-73.83],[-124.21,-73.93],[-123.78,-74.11],[-124.01,-74.26],[-124.24,-74.21],[-124.78,-74.23],[-125.11,-74.12],[-125.72,-74.04],[-125.81,-73.97],[-126.48,-73.84],[-126.41,-73.78],[-126.55,-73.67],[-126.84,-73.65],[-127.01,-73.74],[-127.27,-73.72],[-127.17,-73.6],[-127.47,-73.55]],[[-120.26,-73.93],[-120.28,-74],[-121,-74.15],[-121.1,-74.35],[-122.24,-74.41],[-122.9,-74.34],[-123.03,-74.25],[-122.73,-74],[-122.35,-73.92],[-122.93,-73.88],[-123.29,-73.77],[-123.07,-73.68],[-122.27,-73.68],[-122.06,-73.72],[-120.69,-73.77],[-120.38,-73.8],[-120.65,-73.9],[-120.26,-73.93]],[[-116.14,-73.9],[-116.49,-74.03],[-116.6,-74.14],[-117.2,-74.2],[-117.37,-74.08],[-116.4,-73.87],[-116.14,-73.9]],[[-119.82,-74.12],[-119.64,-74],[-119.81,-73.89],[-119.49,-73.77],[-118.97,-73.8],[-118.87,-73.89],[-119,-73.98],[-119.5,-74.11],[-119.82,-74.12]],[[-127.13,-74.47],[-127.22,-74.59],[-127.55,-74.64],[-127.91,-74.55],[-128.19,-74.32],[-127.76,-74.34],[-127.13,-74.47]],[[-130.92,-74.44],[-130.97,-74.53],[-131.21,-74.61],[-131.73,-74.54],[-132.18,-74.42],[-131.81,-74.32],[-131.55,-74.38],[-130.92,-74.44]],[[-145.44,-75.58],[-145.2,-75.69],[-145.38,-75.72],[-146.02,-75.62],[-145.97,-75.51],[-145.44,-75.58]],[[-147.46,-76.1],[-146.91,-76.11],[-147.07,-76.21],[-147.46,-76.1]],[[-146.81,-76.6],[-147.27,-76.66],[-147.24,-76.51],[-146.81,-76.6]],[[-148.53,-76.8],[-148.93,-76.85],[-149.49,-76.77],[-149.31,-76.71],[-148.41,-76.74],[-148.53,-76.8]],[[-146.16,-76.93],[-146.96,-77.01],[-147.07,-76.82],[-146.25,-76.88],[-146.16,-76.93]],[[-148.53,-76.95],[-148.94,-77.03],[-149.24,-77],[-149.22,-76.9],[-148.53,-76.95]],[[-149.73,-77.13],[-150.42,-77.09],[-150.78,-76.97],[-149.96,-76.87],[-149.44,-77.02],[-149.31,-77.14],[-149.73,-77.13]],[[-150.23,-76.78],[-150.6,-76.8],[-150.83,-76.71],[-150.21,-76.69],[-150.23,-76.78]],[[-159.84,-79.35],[-159.33,-79.53],[-158.97,-79.72],[-159.07,-79.82],[-160.71,-79.85],[-163.94,-79.41],[-164.3,-79.23],[-164.15,-78.99],[-163.27,-78.76],[-163.24,-78.71],[-162.35,-78.75],[-161.38,-78.96],[-161.36,-79],[-159.84,-79.35]],[[-160.57,-81.6],[-163.73,-81.48],[-163.99,-81.4],[-163.85,-81.32],[-162.98,-81.27],[-160.68,-81.46],[-160.57,-81.6]],[[-162.34,-82.92],[-161.58,-83.02],[-162.4,-83.15],[-163.26,-83.08],[-163.6,-82.99],[-163.75,-82.83],[-162.48,-82.88],[-162.34,-82.92]],[[-150.48,-77.34],[-151.5,-77.29],[-150.99,-77.22],[-150.48,-77.34]]]},"properties":{"featurecla":"Bathymetry","depth":0,"scalerank":0}},
{"type":"Feature","geometry":{"type":"Polygon","coordinates":[[[-90.3,-73.19],[-89.95,-73.13],[-89.28,-73.11],[-89.09,-72.96],[-89.11,-72.76],[-89.35,-72.63],[-88.22,-72.71],[-88.11,-72.84],[-88.41,-72.92],[-88.46,-73.04],[-88.71,-73.12],[-88.44,-73.26],[-88.15,-73.21],[-87.92,-73.25],[-87.5,-73.2],[-86.95,-73.38],[-86.46,-73.34],[-86.37,-73.26],[-85.68,-73.18],[-85.54,-73.37],[-85.1,-73.49],[-84.47,-73.57],[-83.75,-73.56],[-83.88,-73.67],[-83.63,-73.75],[-83.45,-73.69],[-82.93,-73.71],[-82.06,-73.89],[-81.23,-73.73],[-81.12,-73.57],[-81.33,-73.48],[-81.31,-73.27],[-80.81,-73.26],[-80.35,-73.35],[-80.44,-73.19],[-80.65,-73.08],[-80.61,-72.97],[-80.38,-72.95],[-79.65,-73.04],[-78.74,-73.36],[-78.87,-73.58],[-78.2,-73.56],[-77.53,-73.47],[-77.21,-73.51],[-76.88,-73.46],[-76.7,-73.55],[-77.24,-73.81],[-77.02,-73.87],[-76.78,-73.79],[-76.28,-73.82],[-75.9,-73.73],[-75.53,-73.71],[-75.27,-73.62],[-74.91,-73.64],[-74.66,-73.74],[-74.41,-73.67],[-74.11,-73.72],[-73.45,-73.57],[-73.21,-73.55],[-73.07,-73.44],[-72.51,-73.46],[-72.24,-73.39],[-71.42,-73.35],[-70.88,-73.26],[-70.29,-73.29],[-69.92,-73.22],[-69.34,-73.18],[-68.67,-73.09],[-68.47,-73.02],[-67.51,-72.83],[-67.53,-72.77],[-67.22,-72.59],[-67.15,-72.43],[-66.98,-72.35],[-66.93,-72.24],[-66.75,-72.09],[-66.8,-71.96],[-67.18,-71.77],[-67.14,-71.72],[-67.42,-71.62],[-67.62,-71.43],[-67.46,-71.19],[-67.41,-70.99],[-67.64,-70.85],[-67.68,-70.63],[-67.85,-70.51],[-67.95,-70.31],[-68.19,-70.23],[-68.48,-70.05],[-68.49,-69.92],[-68.39,-69.88],[-68.36,-69.68],[-68.82,-69.43],[-68.65,-69.38],[-68.29,-69.39],[-68.32,-69.29],[-67.95,-69.37],[-67.53,-69.43],[-67.25,-69.27],[-67.01,-69.26],[-66.76,-69.07],[-66.88,-68.96],[-67.27,-68.94],[-67.46,-68.87],[-67.38,-68.79],[-67.02,-68.79],[-67.01,-68.61],[-67.16,-68.49],[-66.99,-68.48],[-66.96,-68.37],[-66.63,-68.25],[-66.95,-68.22],[-67.27,-67.97],[-66.87,-67.92],[-66.8,-67.8],[-67.02,-67.74],[-66.82,-67.6],[-66.63,-67.54],[-66.99,-67.47],[-67.47,-67.55],[-67.66,-67.48],[-67.54,-67.36],[-67.54,-67.14],[-67.44,-67.05],[-67.23,-67.04],[-66.92,-66.96],[-66.89,-67.17],[-66.98,-67.28],[-66.82,-67.31],[-66.69,-67.19],[-66.46,-67.2],[-66.61,-67.04],[-66.44,-66.85],[-66.55,-66.81],[-66.51,-66.63],[-66.29,-66.59],[-66.06,-66.62],[-65.8,-66.72],[-65.64,-66.38],[-65.64,-66.21],[-65.49,-66.12],[-65.19,-66.17],[-65.33,-66.02],[-65.26,-65.96],[-64.92,-65.93],[-64.69,-66.04],[-64.5,-65.94],[-64.69,-65.84],[-64.67,-65.75],[-64.4,-65.81],[-64.34,-65.72],[-64.48,-65.63],[-64.15,-65.62],[-63.68,-65.52],[-63.98,-65.37],[-64.11,-65.27],[-64.08,-65.19],[-63.83,-65.03],[-63.08,-65.17],[-62.99,-65.13],[-63.23,-64.97],[-63.07,-64.91],[-62.9,-64.93],[-62.74,-64.82],[-62.6,-64.91],[-62.41,-64.88],[-62.67,-64.78],[-62.52,-64.73],[-62.14,-64.78],[-61.97,-64.69],[-61.92,-64.57],[-61.6,-64.56],[-61.58,-64.44],[-61.42,-64.39],[-61.11,-64.38],[-60.97,-64.3],[-60.96,-64.16],[-60.88,-64.05],[-60.53,-63.99],[-60.31,-63.92],[-59.95,-63.95],[-59.91,-63.85],[-59.49,-63.88],[-59.35,-63.79],[-59.37,-63.72],[-59.12,-63.72],[-58.92,-63.65],[-58.9,-63.54],[-58.13,-63.44],[-57.88,-63.31],[-57.29,-63.21],[-57.11,-63.24],[-56.93,-63.42],[-56.99,-63.46],[-56.78,-63.56],[-57.1,-63.65],[-57.13,-63.5],[-57.45,-63.44],[-57.48,-63.57],[-57.69,-63.55],[-57.75,-63.66],[-58.08,-63.66],[-58.29,-63.75],[-58.5,-63.91],[-58.73,-64.03],[-58.82,-64.22],[-59.03,-64.19],[-59.09,-64.26],[-58.77,-64.28],[-58.99,-64.44],[-59.28,-64.45],[-59.42,-64.33],[-59.66,-64.39],[-59.56,-64.56],[-59.77,-64.57],[-59.75,-64.44],[-59.96,-64.39],[-60.04,-64.48],[-60.23,-64.52],[-60.36,-64.63],[-60.64,-64.7],[-60.74,-64.81],[-61.05,-65.01],[-61.38,-65.05],[-61.54,-64.97],[-61.73,-64.97],[-61.74,-65.09],[-61.56,-65.16],[-61.63,-65.24],[-61.93,-65.19],[-62.2,-65.3],[-61.96,-65.49],[-62.08,-65.6],[-62.07,-65.69],[-62.34,-65.8],[-62.37,-65.92],[-62.02,-66.11],[-61.71,-66.14],[-61.58,-66.02],[-61.34,-66.09],[-61.24,-65.91],[-60.87,-65.91],[-60.58,-65.94],[-60.7,-66.12],[-60.84,-66.05],[-61.02,-66.13],[-60.88,-66.19],[-60.97,-66.33],[-61.17,-66.3],[-61.25,-66.16],[-61.49,-66.13],[-61.5,-66.23],[-61.68,-66.32],[-61.81,-66.46],[-61.96,-66.21],[-62.22,-66.17],[-62.67,-66.23],[-62.76,-66.32],[-62.55,-66.41],[-62.69,-66.51],[-62.52,-66.59],[-62.53,-66.72],[-62.79,-66.66],[-62.91,-66.48],[-63.16,-66.35],[-63.23,-66.24],[-63.4,-66.26],[-63.57,-66.2],[-63.76,-66.21],[-63.74,-66.32],[-63.58,-66.39],[-63.85,-66.42],[-63.91,-66.5],[-63.94,-66.7],[-63.75,-66.79],[-63.83,-66.92],[-64.37,-66.91],[-64.77,-66.85],[-64.97,-67.03],[-64.85,-67.17],[-65.01,-67.24],[-64.75,-67.31],[-65.33,-67.4],[-65.44,-67.31],[-65.62,-67.37],[-65.5,-67.46],[-65.59,-67.55],[-65.34,-67.66],[-65.55,-67.72],[-65.67,-67.89],[-65.38,-68.01],[-65.78,-68.09],[-65.76,-68.17],[-65.35,-68.14],[-65.23,-68.16],[-64.99,-68.09],[-64.8,-68.16],[-65.17,-68.22],[-65.48,-68.31],[-65.39,-68.39],[-65.06,-68.37],[-64.98,-68.41],[-65.34,-68.56],[-65.17,-68.63],[-64.36,-68.78],[-64.08,-68.71],[-64.13,-68.55],[-63.91,-68.49],[-63.33,-68.42],[-63.47,-68.55],[-63.74,-68.57],[-63.81,-68.72],[-63.37,-68.77],[-63.21,-68.84],[-63.87,-69.01],[-63.32,-69.05],[-63.44,-69.16],[-63.17,-69.16],[-62.96,-69.38],[-62.65,-69.39],[-62.56,-69.49],[-62.4,-69.52],[-62.38,-69.68],[-62.53,-69.86],[-62.33,-69.98],[-62.01,-70.08],[-61.87,-70.21],[-62.05,-70.26],[-62.26,-70.22],[-62.44,-70.3],[-62.38,-70.41],[-61.94,-70.5],[-61.42,-70.5],[-61.35,-70.56],[-61.68,-70.62],[-61.63,-70.67],[-62.01,-70.79],[-62,-70.92],[-61.79,-70.92],[-61.55,-70.84],[-61.26,-70.89],[-61.33,-71.04],[-60.93,-71.18],[-61.13,-71.41],[-61.73,-71.53],[-61.56,-71.69],[-61.12,-71.54],[-60.77,-71.76],[-61.06,-71.8],[-61.09,-71.87],[-61.5,-71.85],[-61.89,-71.9],[-62.44,-71.92],[-62.11,-72.01],[-62.25,-72.14],[-61.73,-72.05],[-61.43,-72.07],[-60.65,-72.04],[-60.69,-72.12],[-60.94,-72.16],[-60.66,-72.26],[-60.64,-72.43],[-60.82,-72.47],[-61.37,-72.47],[-61.22,-72.64],[-61.04,-72.7],[-60.74,-72.65],[-60.52,-72.68],[-60.49,-72.79],[-60.62,-72.94],[-60.25,-73.03],[-59.9,-72.99],[-60.09,-73.3],[-60.45,-73.3],[-60.7,-73.39],[-61.17,-73.32],[-61.37,-73.2],[-62,-73.1],[-62.07,-73.13],[-61.57,-73.35],[-61.89,-73.37],[-61.71,-73.46],[-61.45,-73.48],[-60.8,-73.58],[-60.9,-73.65],[-60.73,-73.72],[-60.91,-73.9],[-61.23,-73.96],[-61.39,-73.88],[-61.79,-73.91],[-61.35,-74.07],[-61.06,-74.1],[-61.4,-74.25],[-61.66,-74.19],[-61.89,-74.28],[-61.28,-74.33],[-60.86,-74.25],[-60.68,-74.32],[-60.98,-74.42],[-61.07,-74.52],[-61.54,-74.54],[-61.71,-74.51],[-62.33,-74.46],[-61.78,-74.72],[-61.87,-74.85],[-62.13,-74.95],[-62.59,-74.95],[-62.67,-74.7],[-63.12,-74.65],[-63.29,-74.72],[-63.06,-74.89],[-63.57,-74.87],[-63.9,-75.04],[-63.34,-75.01],[-63.04,-75.15],[-63.51,-75.16],[-64.27,-75.24],[-64.33,-75.37],[-63.76,-75.32],[-63.08,-75.35],[-63.16,-75.41],[-66.22,-76.01],[-68.1,-76.15],[-68.02,-76.22],[-69.47,-76.34],[-70.18,-76.45],[-69.98,-76.53],[-70.33,-76.68],[-70.77,-76.73],[-71.71,-76.76],[-72.41,-76.69],[-73.06,-76.69],[-73.94,-76.65],[-74.08,-76.69],[-75.21,-76.57],[-75.89,-76.62],[-76.14,-76.55],[-76.5,-76.52],[-76.93,-76.6],[-77.51,-76.56],[-77.52,-76.73],[-77.19,-76.83],[-76.32,-77.26],[-75.92,-77.34],[-75.53,-77.54],[-75.08,-77.44],[-72.72,-77.58],[-72.8,-77.7],[-73.12,-77.86],[-73.63,-78.02],[-74.27,-78.13],[-75.11,-78.19],[-75.22,-78.14],[-77.69,-77.93],[-77.78,-77.95],[-79.15,-77.84],[-79.42,-77.88],[-80.23,-77.8],[-80.76,-77.79],[-81.16,-77.85],[-81.62,-77.86],[-79.28,-78.17],[-77.41,-78.42],[-77.36,-78.62],[-77.75,-78.74],[-80.3,-78.85],[-82.4,-78.47],[-82.49,-78.47],[-83.68,-78.01],[-83.7,-78.16],[-83.02,-78.43],[-83.68,-78.33],[-83.89,-78.42],[-83.72,-78.56],[-83.25,-78.77],[-82.58,-78.94],[-81.74,-79.07],[-81.45,-79.17],[-81.11,-79.2],[-81.32,-79.3],[-81.12,-79.47],[-80.49,-79.58],[-80.55,-79.41],[-80.43,-79.26],[-78.48,-79.29],[-76.53,-79.31],[-76.07,-79.44],[-75.92,-79.52],[-76.1,-79.73],[-76.63,-79.94],[-77.42,-80.01],[-79.69,-79.98],[-79.65,-80.02],[-78.37,-80.15],[-77.67,-80.18],[-76.27,-80.08],[-76.12,-80.28],[-75.58,-80.4],[-75.42,-80.54],[-75.71,-80.64],[-75.19,-80.77],[-75.73,-80.82],[-74.84,-80.92],[-74.05,-80.8],[-72.77,-80.97],[-72.56,-80.8],[-71.28,-80.66],[-71.13,-80.6],[-70.43,-80.66],[-70.4,-80.82],[-69.98,-80.98],[-69.17,-81.03],[-68.68,-80.96],[-68.09,-81.05],[-68.37,-81.11],[-65.17,-81.51],[-64.59,-81.53],[-62.41,-81.56],[-62.21,-81.69],[-63.38,-81.72],[-63.74,-81.69],[-65.69,-81.71],[-65.62,-81.78],[-64.75,-81.8],[-63.48,-81.78],[-63.58,-81.87],[-65.8,-81.89],[-65.7,-81.97],[-66.06,-82.2],[-65.07,-82.41],[-63.84,-82.3],[-62.47,-82.26],[-62.07,-82.29],[-60.71,-82.16],[-60.51,-82.22],[-61.12,-82.34],[-62,-82.46],[-62.8,-82.52],[-62.52,-82.72],[-61.93,-82.97],[-60.98,-82.98],[-61.04,-83.12],[-61.62,-83.31],[-60.45,-83.47],[-59.47,-83.46],[-57.9,-83.01],[-57.7,-82.91],[-56.34,-82.65],[-55.93,-82.48],[-55.19,-82.46],[-54.76,-82.3],[-53.22,-82.13],[-52.64,-82.16],[-50.76,-81.96],[-50.56,-81.99],[-48.38,-81.89],[-47.43,-81.92],[-47.06,-81.99],[-46.28,-81.91],[-46.05,-82.08],[-46.09,-82.22],[-46.69,-82.41],[-46.52,-82.5],[-46.05,-82.55],[-45.52,-82.53],[-44.54,-82.38],[-44.01,-82.39],[-43.15,-82.11],[-43.19,-81.9],[-41.99,-81.62],[-41.76,-81.41],[-41.12,-81.23],[-40.4,-81.17],[-39.84,-81.04],[-38.76,-80.87],[-37.62,-81],[-37.37,-81.07],[-36.82,-80.98],[-36.03,-80.92],[-35.72,-80.79],[-35.21,-80.7],[-35.36,-80.62],[-33.48,-80.62],[-32.03,-80.44],[-30.51,-80.48],[-31.28,-80.3],[-29.92,-80.28],[-29.76,-80.18],[-26.33,-80.12],[-26.2,-80.09],[-24.25,-80.08],[-24.07,-80.01],[-22.91,-79.98],[-22.77,-79.93],[-23.74,-79.83],[-24.73,-79.78],[-26.71,-79.72],[-28.69,-79.65],[-30.67,-79.59],[-29.54,-79.28],[-30.45,-79.22],[-29.94,-79.11],[-30.3,-79.04],[-30.61,-79.07],[-32.82,-79.24],[-34.22,-79.14],[-34.26,-79.08],[-36.25,-78.85],[-36.44,-78.61],[-36.26,-78.39],[-36.01,-78.21],[-35.58,-78.15],[-35.31,-77.84],[-34.66,-77.85],[-34.71,-77.63],[-34.32,-77.47],[-33.98,-77.42],[-33.72,-77.31],[-33.12,-77.25],[-32.5,-77.13],[-31.92,-77.15],[-31.7,-76.98],[-30.69,-76.85],[-30.15,-76.64],[-29.66,-76.58],[-29.54,-76.5],[-28.86,-76.35],[-27.34,-76.17],[-26.99,-76.17],[-25.95,-75.93],[-24.33,-75.78],[-24.21,-75.76],[-23.27,-75.74],[-22.3,-75.64],[-22.07,-75.71],[-21.68,-75.67],[-21.17,-75.71],[-20.4,-75.47],[-19.77,-75.55],[-19.24,-75.55],[-18.65,-75.48],[-18.51,-75.42],[-18.87,-75.25],[-18.55,-75.15],[-18.54,-75.05],[-18.13,-74.94],[-17.8,-74.78],[-17.97,-74.64],[-17.62,-74.59],[-17.61,-74.4],[-17.46,-74.34],[-16.6,-74.31],[-15.93,-74.38],[-15.75,-74.43],[-15.2,-74.36],[-15.3,-74.22],[-15.11,-74.13],[-14.83,-74.08],[-14.36,-73.86],[-14.7,-73.79],[-15.69,-73.95],[-16.18,-73.94],[-16.2,-73.83],[-15.93,-73.75],[-16.49,-73.71],[-16.6,-73.63],[-16.44,-73.41],[-15.98,-73.3],[-15.98,-73.19],[-15.54,-73.08],[-14.88,-73.04],[-14.51,-73.12],[-14.1,-73.13],[-13.9,-72.99],[-14.22,-72.83],[-14.22,-72.71],[-13.65,-72.79],[-13.52,-72.85],[-13.18,-72.8],[-12.86,-72.65],[-12.46,-72.56],[-11.56,-72.44],[-11.36,-72.4],[-11.25,-72.1],[-11.03,-72.05],[-10.95,-71.74],[-11.53,-71.76],[-12.18,-71.62],[-12.38,-71.4],[-12.21,-71.3],[-11.88,-71.26],[-11.61,-71.42],[-11.37,-71.42],[-11.07,-71.55],[-10.84,-71.58],[-10.6,-71.53],[-10.73,-71.39],[-10.6,-71.3],[-10.1,-71.18],[-10.09,-71.06],[-10.43,-71.02],[-10.39,-70.96],[-10.07,-70.91],[-9.94,-70.94],[-9.94,-71.06],[-9.45,-71.1],[-9.11,-71.19],[-8.99,-71.28],[-9.13,-71.42],[-8.85,-71.42],[-8.61,-71.7],[-8.3,-71.63],[-7.82,-71.67],[-7.6,-71.59],[-7.78,-71.52],[-7.77,-71.43],[-7.57,-71.33],[-7.56,-71.15],[-7.89,-70.97],[-7.86,-70.83],[-7.28,-70.79],[-6.62,-70.92],[-6.55,-70.82],[-6.32,-70.71],[-6.01,-70.68],[-5.68,-70.73],[-5.57,-70.84],[-5.74,-71.04],[-6.02,-71.11],[-6.07,-71.23],[-6.28,-71.31],[-6.15,-71.37],[-5.19,-71.33],[-4.6,-71.34],[-3.71,-71.39],[-3.34,-71.43],[-3.33,-71.32],[-2.99,-71.36],[-2.89,-71.27],[-2.65,-71.29],[-2.49,-71.37],[-2.24,-71.39],[-2.13,-71.48],[-1.74,-71.42],[-1.49,-71.46],[-1.31,-71.4],[-1.31,-71.32],[-1.14,-71.26],[-0.81,-71.38],[-0.95,-71.62],[-0.47,-71.75],[0,-71.5],[0,-70.51],[0,-69.53],[0,-68.54],[0,-67.55],[0,-66.57],[0,-66.07],[0,-65.09],[0,-64.1],[0,-63.11],[0,-62.13],[0,-61.14],[0,-60.15],[0,-59.66],[0,-58.67],[0,-58.18],[0,-57.19],[0,-56.21],[0,-55.71],[0,-54.73],[0,-53.74],[0,-52.75],[0,-51.77],[0,-50.78],[0,-49.8],[0,-48.81],[0,-47.82],[0,-46.84],[0,-45.85],[0,-45.36],[0,-44.37],[0,-43.88],[0,-42.89],[0,-41.9],[0,-40.92],[0,-40.42],[0,-39.44],[0,-38.45],[0,-37.96],[0,-36.97],[-1,-36.97],[-1.49,-36.97],[-2.49,-36.97],[-3.48,-36.97],[-4.48,-36.97],[-4.98,-36.97],[-5.97,-36.97],[-6.97,-36.97],[-7.46,-36.97],[-8.46,-36.97],[-8.96,-36.97],[-9.95,-36.97],[-10.95,-36.97],[-11.94,-36.97],[-12.94,-36.97],[-13.44,-36.97],[-14.43,-36.97],[-15.43,-36.97],[-15.92,-36.97],[-16.92,-36.97],[-17.42,-36.97],[-18.41,-36.97],[-19.41,-36.97],[-20.4,-36.97],[-20.9,-36.97],[-21.89,-36.97],[-22.89,-36.97],[-23.88,-36.97],[-24.38,-36.97],[-25.38,-36.97],[-26.37,-36.97],[-26.87,-36.97],[-27.87,-36.97],[-28.86,-36.97],[-29.36,-36.97],[-30.35,-36.97],[-31.35,-36.97],[-31.85,-36.97],[-32.84,-36.97],[-33.84,-36.97],[-34.33,-36.97],[-35.33,-36.97],[-36.32,-36.97],[-36.82,-36.97],[-37.82,-36.97],[-38.81,-36.97],[-39.81,-36.97],[-40.31,-36.97],[-41.3,-36.97],[-42.3,-36.97],[-42.79,-36.97],[-43.79,-36.97],[-44.78,-36.97],[-45.78,-36.97],[-46.28,-36.97],[-47.27,-36.97],[-47.77,-36.97],[-48.76,-36.97],[-49.76,-36.97],[-50.26,-36.97],[-51.25,-36.97],[-52.25,-36.97],[-52.75,-36.97],[-53.74,-36.97],[-54.74,-36.97],[-55.23,-36.97],[-56.23,-36.97],[-56.73,-36.97],[-56.89,-37.16],[-57.06,-37.41],[-57.17,-37.54],[-57.31,-37.65],[-57.51,-37.87],[-57.54,-38.08],[-57.59,-38.15],[-58.16,-38.43],[-58.57,-38.56],[-58.73,-38.59],[-59.06,-38.69],[-59.63,-38.78],[-59.89,-38.84],[-60.87,-38.98],[-61.03,-38.97],[-61.14,-39],[-61.43,-38.98],[-61.52,-39.01],[-61.73,-38.97],[-61.84,-38.98],[-62.03,-38.94],[-62.16,-38.81],[-62.38,-38.8],[-62.39,-38.85],[-62.27,-38.95],[-62.36,-39.1],[-62.32,-39.27],[-62.17,-39.28],[-62.2,-39.4],[-62.06,-39.45],[-62.11,-39.73],[-62.16,-39.86],[-62.31,-39.87],[-62.37,-40.05],[-62.37,-40.21],[-62.48,-40.29],[-62.41,-40.46],[-62.33,-40.5],[-62.25,-40.62],[-62.25,-40.75],[-62.34,-40.87],[-62.73,-41.04],[-63.1,-41.15],[-63.32,-41.15],[-63.78,-41.16],[-63.87,-41.13],[-64.06,-41],[-64.17,-41.01],[-64.42,-40.91],[-64.77,-40.81],[-64.8,-40.72],[-64.95,-40.71],[-65.12,-40.83],[-65.18,-41.01],[-65.15,-41.18],[-65.06,-41.45],[-64.99,-41.55],[-65.04,-41.67],[-65,-41.79],[-65.07,-41.99],[-65,-42.09],[-64.86,-42.19],[-64.53,-42.24],[-64.59,-42.38],[-64.57,-42.44],[-64.13,-42.43],[-64.06,-42.39],[-64.07,-42.27],[-64.16,-42.21],[-63.81,-42.07],[-63.71,-42.13],[-63.59,-42.34],[-63.58,-42.59],[-63.62,-42.75],[-63.74,-42.82],[-64.11,-42.88],[-64.25,-42.75],[-64.22,-42.66],[-64.32,-42.54],[-64.44,-42.51],[-64.61,-42.52],[-64.82,-42.63],[-64.95,-42.65],[-65,-42.78],[-64.74,-42.87],[-64.65,-42.93],[-64.51,-42.94],[-64.33,-43.01],[-64.45,-43.07],[-64.77,-43.15],[-65.03,-43.3],[-65.03,-43.38],[-65.28,-43.59],[-65.33,-43.67],[-65.32,-43.83],[-65.22,-44.04],[-65.31,-44.2],[-65.22,-44.37],[-65.33,-44.51],[-65.69,-44.71],[-65.72,-44.87],[-65.57,-44.9],[-65.6,-45.03],[-65.69,-45.06],[-65.84,-45],[-66.2,-44.99],[-66.47,-45.08],[-66.57,-45.14],[-66.52,-45.22],[-66.87,-45.24],[-67.06,-45.35],[-67.22,-45.53],[-67.33,-45.61],[-67.36,-45.78],[-67.55,-45.93],[-67.62,-46.16],[-67.54,-46.4],[-67.42,-46.57],[-67.13,-46.71],[-66.79,-47.01],[-66.63,-47.05],[-66.2,-47.09],[-65.98,-47.07],[-65.88,-47.1],[-65.74,-47.2],[-65.71,-47.34],[-65.74,-47.51],[-65.85,-47.74],[-65.9,-47.77],[-65.85,-47.94],[-65.93,-47.94],[-65.96,-48.06],[-66.3,-48.25],[-66.47,-48.4],[-66.65,-48.43],[-67.11,-48.67],[-67.2,-48.82],[-67.41,-48.9],[-67.56,-49.02],[-67.7,-49.3],[-67.65,-49.38],[-67.71,-49.56],[-67.73,-49.78],[-67.83,-49.95],[-68.08,-50.09],[-68.33,-50.12],[-68.44,-50.2],[-68.88,-50.33],[-69.08,-50.56],[-69.15,-50.74],[-69.17,-50.98],[-69.06,-51.32],[-68.96,-51.5],[-69.12,-51.6],[-68.94,-51.65],[-68.69,-52.01],[-68.37,-52.31],[-68.57,-52.34],[-68.9,-52.3],[-69.13,-52.21],[-69.23,-52.2],[-69.48,-52.29],[-69.5,-52.39],[-69.67,-52.53],[-69.85,-52.49],[-70.32,-52.64],[-70.52,-52.72],[-70.58,-52.67],[-70.81,-52.82],[-70.82,-52.99],[-70.96,-53.22],[-70.99,-53.38],[-70.94,-53.59],[-70.97,-53.76],[-71.23,-53.87],[-71.64,-53.82],[-71.87,-53.73],[-72.05,-53.71],[-72.28,-53.58],[-72.45,-53.41],[-72.42,-53.33],[-72.28,-53.24],[-72.1,-53.27],[-71.98,-53.22],[-71.83,-53.25],[-71.47,-53.13],[-71.38,-53.13],[-71.25,-53.02],[-71.17,-52.81],[-71.25,-52.79],[-71.53,-52.87],[-71.91,-53.01],[-72.09,-53.13],[-72.29,-53.03],[-72.33,-53.22],[-72.47,-53.28],[-72.48,-53.41],[-72.36,-53.54],[-72.52,-53.54],[-73.2,-53.24],[-72.98,-53.16],[-72.89,-53.06],[-72.96,-52.82],[-72.61,-52.74],[-72.56,-52.83],[-72.31,-52.75],[-72.16,-52.65],[-71.85,-52.69],[-71.48,-52.65],[-71.57,-52.56],[-71.76,-52.57],[-72.09,-52.52],[-72.33,-52.53],[-72.41,-52.65],[-72.66,-52.52],[-72.8,-52.62],[-72.68,-52.66],[-72.79,-52.75],[-73.01,-52.83],[-72.95,-53.02],[-73.12,-53.1],[-73.33,-53.07],[-73.39,-52.98],[-73.29,-52.9],[-73.54,-52.78],[-73.3,-52.78],[-73.27,-52.67],[-73.45,-52.64],[-73.63,-52.75],[-73.69,-52.6],[-73.53,-52.46],[-73.67,-52.42],[-73.56,-52.32],[-73.58,-52.21],[-73.43,-52.15],[-73.33,-52.22],[-73.09,-52.08],[-72.89,-52.06],[-72.8,-51.94],[-72.53,-51.95],[-72.45,-51.91],[-72.47,-51.79],[-72.72,-51.84],[-72.83,-51.77],[-72.92,-51.86],[-73.15,-51.94],[-73.18,-52.08],[-73.32,-52.17],[-73.54,-52.06],[-73.68,-51.77],[-73.9,-51.61],[-73.93,-51.4],[-73.72,-51.36],[-73.78,-51.22],[-74.13,-51.19],[-74.15,-51.05],[-74.26,-50.94],[-74.1,-50.87],[-73.87,-50.89],[-73.79,-50.8],[-73.78,-50.69],[-73.64,-50.62],[-73.73,-50.56],[-73.83,-50.68],[-73.81,-50.74],[-73.95,-50.83],[-74.13,-50.76],[-74.3,-50.48],[-74.13,-50.42],[-74.48,-50.34],[-74.49,-50.26],[-74.68,-50.21],[-74.57,-50.1],[-74.25,-50.08],[-74.36,-49.99],[-74.27,-49.93],[-74.32,-49.63],[-74.21,-49.52],[-74.42,-49.37],[-74.39,-49.32],[-74.41,-49.12],[-74.46,-49.02],[-74.4,-48.97],[-74.45,-48.83],[-74.37,-48.72],[-74.39,-48.6],[-74.2,-48.47],[-74.05,-48.55],[-74,-48.41],[-74.26,-48.34],[-74.32,-48.21],[-74.44,-48.18],[-74.63,-48],[-74.42,-47.98],[-73.89,-48.02],[-73.59,-48.14],[-73.59,-48.04],[-73.66,-47.93],[-73.58,-47.8],[-73.71,-47.78],[-73.92,-47.84],[-74.07,-47.77],[-74.63,-47.77],[-74.74,-47.7],[-74.61,-47.57],[-74.42,-47.56],[-74.53,-47.42],[-74.41,-47.34],[-74.32,-47.22],[-74.14,-47.22],[-73.96,-47.06],[-74.02,-46.98],[-74.12,-46.99],[-74.24,-46.86],[-74.27,-46.78],[-74.44,-46.77],[-74.65,-46.79],[-74.68,-46.88],[-75.02,-46.72],[-75.08,-46.64],[-75.44,-46.65],[-75.35,-46.9],[-75.55,-46.95],[-75.71,-46.79],[-75.7,-46.64],[-75.52,-46.55],[-75.39,-46.43],[-75.09,-46.22],[-74.96,-46.22],[-74.71,-45.98],[-74.69,-45.84],[-74.19,-45.79],[-73.98,-46.03],[-73.99,-46.15],[-73.88,-46.14],[-73.77,-46.23],[-73.79,-46.36],[-73.99,-46.56],[-73.83,-46.58],[-73.74,-46.42],[-73.58,-46.31],[-73.65,-46.19],[-73.62,-46.1],[-73.66,-45.98],[-73.55,-45.88],[-73.49,-45.73],[-73.58,-45.72],[-73.52,-45.46],[-73.33,-45.34],[-73.26,-45.25],[-73.46,-45.27],[-73.44,-45.19],[-73.3,-45.14],[-73.41,-45.03],[-73.35,-44.96],[-73.12,-44.95],[-72.81,-44.77],[-72.73,-44.76],[-72.69,-44.49],[-72.93,-44.36],[-72.93,-44.32],[-73.14,-44.21],[-73.28,-44.17],[-73.28,-44.11],[-73.13,-44.05],[-73.14,-43.99],[-72.98,-43.76],[-73.05,-43.73],[-72.97,-43.62],[-73.11,-43.46],[-73.08,-43.32],[-72.91,-43.24],[-72.93,-43.1],[-72.86,-43.02],[-72.76,-43.01],[-72.75,-42.91],[-72.84,-42.84],[-72.86,-42.62],[-72.82,-42.5],[-72.68,-42.5],[-72.81,-42.24],[-72.62,-42.18],[-72.48,-42.31],[-72.49,-42.06],[-72.74,-42.01],[-72.86,-41.91],[-72.65,-41.72],[-72.75,-41.55],[-72.96,-41.48],[-73.11,-41.59],[-73.06,-41.7],[-73.2,-41.78],[-73.36,-41.77],[-73.52,-41.8],[-73.66,-41.76],[-73.69,-41.59],[-73.8,-41.57],[-73.85,-41.42],[-73.84,-41.33],[-73.92,-41.15],[-73.95,-40.97],[-73.84,-40.67],[-73.73,-40.54],[-73.78,-40.44],[-73.74,-40.17],[-73.66,-40.11],[-73.68,-39.94],[-73.52,-39.89],[-73.4,-39.8],[-73.41,-39.69],[-73.24,-39.49],[-73.22,-39.34],[-73.28,-39.08],[-73.36,-38.91],[-73.43,-38.69],[-73.48,-38.64],[-73.54,-38.42],[-73.46,-38.09],[-73.5,-37.93],[-73.67,-37.72],[-73.68,-37.58],[-73.6,-37.51],[-73.67,-37.36],[-73.61,-37.16],[-73.47,-37.23],[-73.28,-37.21],[-73.21,-37.16],[-73.17,-36.97],[-74.16,-36.97],[-75.15,-36.97],[-76.14,-36.97],[-77.13,-36.97],[-78.12,-36.97],[-79.11,-36.97],[-80.59,-36.97],[-81.58,-36.97],[-82.57,-36.97],[-83.56,-36.97],[-84.55,-36.97],[-86.04,-36.97],[-87.03,-36.97],[-88.51,-36.97],[-90,-36.97],[-90,-37.97],[-90,-38.96],[-90,-39.96],[-90,-40.95],[-90,-41.45],[-90,-42.45],[-90,-42.95],[-90,-43.94],[-90,-44.44],[-90,-45.44],[-90,-46.43],[-90,-47.43],[-90,-48.43],[-90,-49.42],[-90,-50.42],[-90,-50.92],[-90,-51.91],[-90,-52.91],[-90,-53.41],[-90,-54.4],[-90,-55.4],[-90,-56.4],[-90,-57.39],[-90,-58.39],[-90,-59.39],[-90,-60.38],[-90,-61.38],[-90,-62.37],[-90,-63.37],[-90,-64.37],[-90,-64.87],[-90,-65.86],[-90,-66.86],[-90,-67.36],[-90,-68.35],[-90,-69.35],[-90,-69.85],[-90,-70.84],[-90,-71.84],[-90,-72.34],[-90.59,-72.93],[-90.3,-73.19]],[[-3.23,-71.05],[-2.99,-71.18],[-3.3,-71.21],[-3.42,-71.13],[-3.23,-71.05]],[[-2.72,-70.82],[-2.3,-70.79],[-2.08,-70.83],[-2.3,-71.02],[-2.56,-71.13],[-2.8,-71.17],[-2.84,-71.06],[-2.67,-70.99],[-2.98,-70.94],[-3.19,-70.82],[-3.57,-70.69],[-3.18,-70.67],[-2.62,-70.7],[-2.72,-70.82]],[[-60.44,-70.6],[-60.54,-70.67],[-60.86,-70.71],[-60.96,-70.54],[-60.57,-70.51],[-60.44,-70.6]],[[-5.94,-70.42],[-5.88,-70.55],[-6.12,-70.61],[-6.42,-70.47],[-6.09,-70.41],[-5.94,-70.42]],[[-3.43,-70.54],[-3.49,-70.48],[-3.26,-70.33],[-2.83,-70.28],[-2.7,-70.34],[-2.69,-70.47],[-2.83,-70.52],[-3.43,-70.54]],[[-61.76,-69.45],[-61.92,-69.54],[-61.96,-69.71],[-62.12,-69.69],[-62.2,-69.51],[-62.47,-69.32],[-62.58,-69.19],[-62.38,-69.15],[-62.19,-69.19],[-61.86,-69.36],[-61.76,-69.45]],[[-59.44,-65.23],[-59.78,-65.17],[-59.65,-65.12],[-59.44,-65.23]],[[-57.31,-64.44],[-56.94,-64.33],[-56.97,-64.46],[-57.22,-64.57],[-57.46,-64.52],[-57.31,-64.44]],[[-57.51,-64.34],[-57.79,-64.32],[-57.8,-64.38],[-58.19,-64.38],[-58.28,-64.3],[-58.13,-64.1],[-58.36,-64.14],[-58.46,-64.09],[-58.26,-63.91],[-57.81,-63.82],[-57.76,-63.9],[-57.89,-63.98],[-57.83,-64.07],[-57.52,-64.02],[-57.16,-64.09],[-57.51,-64.34]],[[-57.64,-63.85],[-57.37,-63.79],[-57.38,-63.88],[-57.64,-63.85]],[[-55.72,-63.48],[-55.96,-63.58],[-56.23,-63.48],[-56.21,-63.44],[-55.81,-63.41],[-55.72,-63.48]],[[-55.16,-63.2],[-55.06,-63.32],[-55.17,-63.36],[-55.63,-63.33],[-55.9,-63.3],[-56.09,-63.39],[-56.45,-63.43],[-56.55,-63.35],[-56.37,-63.23],[-55.97,-63.15],[-55.58,-63.13],[-55.53,-63.18],[-55.16,-63.2]],[[-56.55,-63.1],[-56.6,-63.03],[-56.47,-62.98],[-56.05,-63.02],[-56.07,-63.09],[-56.27,-63.18],[-56.55,-63.1]],[[-61.16,-62.66],[-60.67,-62.55],[-60.49,-62.58],[-60.28,-62.54],[-60.13,-62.46],[-60.01,-62.53],[-59.99,-62.63],[-60.25,-62.75],[-60.38,-62.61],[-60.81,-62.67],[-61.16,-62.66]],[[-58.47,-62.16],[-58.58,-62.25],[-58.95,-62.16],[-58.68,-62],[-58.41,-61.93],[-58.22,-61.96],[-58.01,-61.9],[-57.84,-61.94],[-57.81,-62.01],[-57.99,-62.08],[-58.14,-62.06],[-58.24,-62.18],[-58.47,-62.16]],[[-55.08,-61.09],[-55.03,-61.16],[-55.28,-61.26],[-55.45,-61.12],[-55.38,-61.07],[-55.08,-61.09]],[[-46.01,-60.61],[-45.85,-60.55],[-45.49,-60.54],[-45.33,-60.63],[-45.72,-60.65],[-45.79,-60.58],[-46.01,-60.61]],[[-68,-55.63],[-68.14,-55.67],[-68.27,-55.62],[-68.25,-55.52],[-68.6,-55.46],[-68.87,-55.51],[-68.97,-55.43],[-68.86,-55.26],[-69.27,-55.21],[-69.39,-55.29],[-69.21,-55.44],[-69.44,-55.49],[-69.45,-55.41],[-69.61,-55.37],[-69.85,-55.22],[-70.03,-55.15],[-69.89,-55.06],[-69.43,-55.03],[-69.32,-54.99],[-68.83,-54.98],[-68.74,-54.95],[-68.44,-54.94],[-68.33,-55.06],[-68.53,-55.11],[-68.24,-55.29],[-68.24,-55.4],[-68,-55.63]],[[-70.3,-55.08],[-70.72,-55.12],[-70.99,-55.03],[-70.99,-54.95],[-70.51,-54.99],[-70.3,-55.08]],[[-65.16,-54.64],[-65.33,-54.91],[-65.5,-54.93],[-65.97,-54.9],[-65.99,-54.97],[-66.32,-54.99],[-66.54,-55.05],[-66.8,-54.94],[-67.03,-54.91],[-68.08,-54.85],[-68.33,-54.84],[-69.07,-54.95],[-69.79,-54.79],[-70.08,-54.85],[-70.24,-54.86],[-70.61,-54.78],[-70.76,-54.84],[-70.82,-54.75],[-71.29,-54.68],[-71.27,-54.57],[-71.4,-54.56],[-71.48,-54.68],[-71.75,-54.59],[-71.82,-54.65],[-71.96,-54.65],[-71.94,-54.51],[-71.73,-54.41],[-71.61,-54.5],[-71.51,-54.43],[-71.19,-54.43],[-71.01,-54.45],[-70.86,-54.32],[-70.43,-54.44],[-70.58,-54.27],[-70.87,-54.25],[-70.93,-54.11],[-70.32,-54.33],[-70.2,-54.32],[-70.07,-54.25],[-69.5,-54.34],[-69.17,-54.48],[-69.1,-54.45],[-69.28,-54.32],[-69.88,-54.16],[-70.06,-54.09],[-70.19,-53.81],[-70.14,-53.74],[-69.88,-53.66],[-69.65,-53.64],[-69.36,-53.52],[-69.35,-53.36],[-69.68,-53.36],[-70.26,-53.46],[-70.47,-53.31],[-70.42,-53.01],[-70.24,-53.06],[-70.13,-53.01],[-70.09,-52.91],[-70.26,-52.87],[-70.27,-52.74],[-70.13,-52.73],[-70,-52.84],[-69.91,-52.85],[-69.73,-52.77],[-69.59,-52.64],[-69.58,-52.51],[-69.37,-52.47],[-69.23,-52.64],[-69.14,-52.68],[-68.92,-52.64],[-68.75,-52.56],[-68.59,-52.65],[-68.27,-52.98],[-68.52,-53.12],[-68.55,-53.24],[-68.45,-53.3],[-68.11,-53.34],[-67.98,-53.6],[-67.79,-53.73],[-67.56,-53.84],[-67.57,-53.91],[-67.3,-54.05],[-66.91,-54.21],[-66.77,-54.25],[-66.48,-54.47],[-65.84,-54.65],[-65.7,-54.66],[-65.31,-54.63],[-65.16,-54.64]],[[-63.89,-54.73],[-64.27,-54.81],[-64.31,-54.78],[-64.61,-54.9],[-64.76,-54.83],[-64.38,-54.72],[-64.08,-54.74],[-63.89,-54.73]],[[-35.91,-54.69],[-35.89,-54.78],[-36.1,-54.89],[-36.3,-54.74],[-36.46,-54.54],[-36.81,-54.45],[-37.15,-54.26],[-37.37,-54.28],[-37.39,-54.15],[-37.72,-54.13],[-37.61,-54.04],[-37.17,-54.04],[-36.89,-54.07],[-36.62,-54.12],[-36.68,-54.25],[-36.39,-54.24],[-36.26,-54.29],[-36.24,-54.38],[-36.04,-54.46],[-36.1,-54.55],[-35.95,-54.57],[-35.91,-54.69]],[[-67.88,-55.24],[-68.16,-55.2],[-68.19,-54.98],[-67.94,-54.91],[-67.3,-54.93],[-67.18,-54.97],[-67.06,-55.07],[-67.09,-55.19],[-67.27,-55.31],[-67.41,-55.29],[-67.42,-55.22],[-67.61,-55.19],[-67.65,-55.26],[-67.88,-55.24]],[[-66.86,-55.27],[-66.9,-55.33],[-67.06,-55.33],[-66.99,-55.23],[-66.86,-55.27]],[[-69.9,-55],[-69.93,-54.9],[-69.67,-54.87],[-69.23,-54.93],[-69.21,-54.97],[-69.78,-55.03],[-69.9,-55]],[[-72.02,-54.2],[-72.23,-54.06],[-72.26,-53.95],[-72.03,-53.92],[-71.95,-53.85],[-71.83,-53.92],[-71.73,-53.9],[-71.71,-54.15],[-71.84,-54.16],[-71.86,-54.32],[-72.02,-54.2]],[[-72.3,-54.08],[-72.24,-54.11],[-72.3,-54.25],[-72.52,-54.2],[-72.33,-54.14],[-72.3,-54.08]],[[-72.53,-54.08],[-72.66,-54.05],[-72.82,-54.13],[-72.93,-54.06],[-72.74,-53.89],[-73.07,-53.83],[-73.2,-53.99],[-73.36,-53.71],[-73.62,-53.65],[-73.58,-53.58],[-73.48,-53.59],[-73.34,-53.55],[-73.39,-53.46],[-73.13,-53.49],[-73.03,-53.39],[-72.87,-53.53],[-72.66,-53.54],[-72.4,-53.63],[-72.19,-53.78],[-72.33,-53.84],[-72.39,-53.98],[-72.53,-54.08]],[[-73.39,-53.41],[-73.39,-53.53],[-73.48,-53.57],[-73.59,-53.49],[-73.56,-53.4],[-73.39,-53.41]],[[-70.46,-53.61],[-70.42,-53.8],[-70.45,-53.89],[-70.34,-54.01],[-70.44,-54.06],[-70.61,-53.95],[-70.54,-54.22],[-70.82,-54.11],[-70.88,-54.03],[-70.88,-53.84],[-70.7,-53.79],[-70.71,-53.7],[-70.46,-53.61]],[[-71.63,-54.08],[-71.66,-53.98],[-71.46,-53.94],[-71.3,-53.99],[-71.21,-54.15],[-71.01,-54.1],[-70.99,-54.27],[-71.11,-54.38],[-71.5,-54.21],[-71.65,-54.23],[-71.7,-54.17],[-71.63,-54.08]],[[-57.82,-51.69],[-57.86,-51.73],[-58.14,-51.76],[-58.2,-51.82],[-58.42,-51.89],[-58.76,-51.89],[-58.6,-52],[-58.73,-52.05],[-58.95,-52.06],[-59.14,-51.98],[-59.15,-52.13],[-59.22,-52.21],[-59.39,-52.11],[-59.47,-52.3],[-59.56,-52.24],[-59.63,-52.11],[-59.56,-52.02],[-59.58,-51.91],[-59.36,-51.82],[-59.1,-51.62],[-59.01,-51.49],[-59.08,-51.41],[-58.73,-51.33],[-58.48,-51.3],[-58.33,-51.42],[-58.45,-51.48],[-58.38,-51.54],[-58.23,-51.39],[-57.91,-51.38],[-57.8,-51.55],[-58.01,-51.51],[-58.03,-51.59],[-57.78,-51.62],[-57.82,-51.69]],[[-59.63,-51.74],[-59.87,-51.95],[-59.99,-51.99],[-60.26,-51.99],[-60.26,-52.07],[-60.36,-52.15],[-60.54,-52.22],[-60.8,-52.17],[-60.89,-52.04],[-60.63,-51.97],[-60.48,-51.97],[-60.4,-51.92],[-60.45,-51.8],[-60.61,-51.74],[-60.25,-51.61],[-60.49,-51.53],[-60.48,-51.44],[-60.15,-51.49],[-60.03,-51.39],[-59.79,-51.41],[-59.75,-51.45],[-59.26,-51.39],[-59.26,-51.46],[-59.43,-51.62],[-59.52,-51.62],[-59.63,-51.74]],[[-60.95,-51.95],[-61.12,-51.89],[-61.12,-51.83],[-60.98,-51.78],[-60.88,-51.86],[-60.95,-51.95]],[[-62.16,-40.37],[-62.03,-40.45],[-62.11,-40.56],[-62.24,-40.51],[-62.16,-40.37]],[[-73.21,-53.32],[-73.32,-53.35],[-73.42,-53.28],[-73.56,-53.32],[-73.61,-53.21],[-73.88,-53.06],[-74.09,-53.1],[-74.26,-53.09],[-74.43,-52.97],[-74.6,-52.92],[-74.57,-52.85],[-74.75,-52.76],[-74.67,-52.72],[-74.41,-52.91],[-73.88,-53],[-73.81,-53.06],[-73.66,-53.06],[-73.44,-53.14],[-73.21,-53.32]],[[-73.84,-52.7],[-73.91,-52.66],[-74.13,-52.67],[-73.89,-52.41],[-73.68,-52.47],[-73.84,-52.7]],[[-74.12,-52.4],[-74.19,-52.37],[-74.21,-52.17],[-74.12,-52.18],[-73.95,-52.31],[-74.12,-52.4]],[[-74.67,-52.39],[-74.82,-52.35],[-74.82,-52.24],[-74.59,-52.21],[-74.54,-52.27],[-74.67,-52.39]],[[-74.75,-52.04],[-74.86,-52.06],[-74.78,-51.87],[-74.64,-51.9],[-74.75,-52.04]],[[-74.89,-52],[-75.07,-51.99],[-74.93,-51.86],[-74.81,-51.63],[-74.76,-51.78],[-74.89,-52]],[[-75.06,-51.88],[-75.05,-51.72],[-74.97,-51.74],[-75.06,-51.88]],[[-75.02,-51.33],[-75.23,-51.49],[-75.22,-51.31],[-75.02,-51.33]],[[-74.74,-51.37],[-74.8,-51.43],[-74.96,-51.33],[-74.79,-51.21],[-74.6,-51.21],[-74.55,-51.28],[-74.59,-51.4],[-74.74,-51.37]],[[-74.39,-50.98],[-74.63,-51.04],[-74.89,-51.05],[-74.88,-50.89],[-74.63,-50.92],[-74.55,-50.75],[-74.39,-50.87],[-74.39,-50.98]],[[-74.91,-50.8],[-74.76,-50.76],[-74.66,-50.82],[-74.69,-50.89],[-74.84,-50.87],[-74.91,-50.8]],[[-75.13,-50.49],[-75.29,-50.65],[-75.28,-50.77],[-75.43,-50.74],[-75.48,-50.68],[-75.43,-50.51],[-75.13,-50.49]],[[-74.31,-50.83],[-74.52,-50.73],[-74.58,-50.63],[-74.38,-50.46],[-74.27,-50.62],[-74.19,-50.83],[-74.31,-50.83]],[[-74.97,-50.29],[-74.98,-50.43],[-75.12,-50.38],[-74.97,-50.29]],[[-75.04,-50.29],[-75.18,-50.38],[-75.27,-50.33],[-75.46,-50.35],[-75.4,-50.17],[-75.2,-50.26],[-75.13,-50.17],[-75.3,-50.13],[-75.33,-50],[-75.13,-50.08],[-74.95,-50.11],[-74.94,-50.22],[-75.04,-50.29]],[[-75.2,-49.77],[-75.31,-49.56],[-75.47,-49.33],[-75.43,-49.28],[-75.19,-49.3],[-75,-49.27],[-74.93,-49.31],[-74.8,-49.1],[-74.95,-49.01],[-74.95,-48.92],[-75.05,-48.86],[-74.99,-48.76],[-74.76,-48.68],[-74.53,-48.72],[-74.53,-48.87],[-74.48,-48.95],[-74.51,-49.04],[-74.46,-49.12],[-74.45,-49.32],[-74.54,-49.51],[-74.42,-49.69],[-74.49,-49.95],[-74.66,-50.05],[-74.87,-50.02],[-74.96,-49.79],[-75.13,-49.86],[-75.2,-49.77]],[[-75.45,-49.77],[-75.62,-49.86],[-75.61,-49.64],[-75.51,-49.56],[-75.36,-49.61],[-75.21,-49.79],[-75.34,-49.86],[-75.45,-49.77]],[[-75.56,-49.25],[-75.61,-49.15],[-75.44,-49.09],[-75.39,-49.18],[-75.56,-49.25]],[[-75.22,-49.01],[-75.32,-48.97],[-75.54,-48.99],[-75.65,-48.97],[-75.61,-48.86],[-75.31,-48.86],[-75.22,-49.01]],[[-74.9,-49.08],[-74.92,-49.27],[-75.09,-49.16],[-75.23,-49.12],[-75.1,-49.03],[-74.9,-49.08]],[[-75.11,-48.97],[-75.25,-48.92],[-75.21,-48.81],[-75.08,-48.89],[-75.11,-48.97]],[[-75.34,-48.62],[-75.48,-48.77],[-75.61,-48.79],[-75.65,-48.72],[-75.46,-48.7],[-75.34,-48.62]],[[-75.15,-48.66],[-75.3,-48.58],[-75.27,-48.42],[-75.46,-48.42],[-75.56,-48.38],[-75.52,-48.23],[-75.59,-48.09],[-75.38,-48.01],[-75.27,-48.17],[-75.2,-48.34],[-75.1,-48.47],[-75.07,-48.6],[-75.15,-48.66]],[[-75.33,-48.55],[-75.34,-48.61],[-75.63,-48.63],[-75.68,-48.58],[-75.61,-48.44],[-75.37,-48.45],[-75.33,-48.55]],[[-75.27,-48.03],[-75.21,-47.92],[-75.09,-47.87],[-74.94,-47.88],[-74.87,-47.82],[-74.77,-47.88],[-74.81,-47.94],[-74.73,-48.11],[-75.03,-48.03],[-75.1,-47.99],[-75.27,-48.03]],[[-75.18,-47.83],[-75.33,-47.76],[-75.09,-47.68],[-75.02,-47.8],[-75.18,-47.83]],[[-74.41,-47.94],[-74.4,-47.84],[-74.25,-47.81],[-73.93,-47.88],[-74.12,-47.95],[-74.32,-47.98],[-74.41,-47.94]],[[-75.16,-48.3],[-75.26,-48.07],[-75.02,-48.08],[-74.83,-48.15],[-74.84,-48.34],[-75.03,-48.44],[-75.16,-48.3]],[[-74.54,-48.32],[-74.6,-48.24],[-74.56,-48.12],[-74.41,-48.21],[-74.4,-48.29],[-74.54,-48.32]],[[-74.5,-48.58],[-74.53,-48.67],[-74.62,-48.69],[-74.75,-48.63],[-74.95,-48.62],[-75.03,-48.5],[-74.95,-48.42],[-74.82,-48.4],[-74.8,-48.27],[-74.67,-48.26],[-74.59,-48.4],[-74.6,-48.56],[-74.5,-48.58]],[[-75.09,-48.64],[-75.12,-48.82],[-75.23,-48.75],[-75.09,-48.64]],[[-74.5,-48.35],[-74.35,-48.28],[-74.23,-48.42],[-74.27,-48.46],[-74.5,-48.35]],[[-73.94,-51.74],[-74.05,-51.79],[-74.23,-51.71],[-74.07,-51.6],[-73.94,-51.74]],[[-74.43,-51.84],[-74.5,-51.71],[-74.32,-51.76],[-74.1,-51.88],[-74.24,-51.94],[-74.43,-51.84]],[[-73.71,-52.19],[-74.09,-52.01],[-74.05,-51.91],[-73.78,-52.06],[-73.71,-52.19]],[[-73.77,-52.38],[-74,-52.26],[-73.82,-52.24],[-73.77,-52.38]],[[-74.07,-47.02],[-73.98,-47.05],[-74.15,-47.17],[-74.23,-47.1],[-74.17,-47.01],[-74.07,-47.02]],[[-74.75,-45.81],[-74.72,-45.85],[-74.77,-45.99],[-74.92,-46.1],[-75.07,-46.09],[-75.11,-45.89],[-74.89,-45.88],[-74.75,-45.81]],[[-73.93,-45.75],[-73.97,-45.86],[-74.09,-45.81],[-74.04,-45.74],[-73.93,-45.75]],[[-73.74,-45.79],[-73.86,-45.97],[-73.94,-45.91],[-73.74,-45.79]],[[-73.73,-46.05],[-73.75,-46.19],[-73.94,-46.07],[-73.84,-46.01],[-73.73,-46.05]],[[-74.5,-45.73],[-74.49,-45.61],[-74.42,-45.45],[-74.29,-45.48],[-74.21,-45.64],[-74.34,-45.73],[-74.5,-45.73]],[[-73.67,-45.44],[-73.59,-45.48],[-73.68,-45.75],[-73.82,-45.64],[-73.77,-45.51],[-73.67,-45.44]],[[-74.07,-45.69],[-74.11,-45.59],[-74.03,-45.53],[-73.91,-45.59],[-73.92,-45.7],[-74.07,-45.69]],[[-73.73,-45.21],[-73.83,-45.24],[-74.01,-45.23],[-74.08,-45.14],[-74.18,-45.17],[-74.21,-45.04],[-73.91,-45],[-73.78,-45.04],[-73.71,-45.11],[-73.73,-45.21]],[[-73.82,-45.27],[-73.83,-45.35],[-74.01,-45.35],[-74.13,-45.32],[-74.17,-45.25],[-74.07,-45.2],[-73.99,-45.27],[-73.82,-45.27]],[[-74.27,-44.94],[-74.19,-44.87],[-73.97,-44.9],[-74.07,-45],[-74.27,-44.94]],[[-75.09,-44.8],[-75.03,-44.9],[-75.11,-44.93],[-75.2,-44.82],[-75.09,-44.8]],[[-73.93,-44.79],[-73.84,-44.78],[-73.76,-44.93],[-73.92,-44.89],[-73.93,-44.79]],[[-73.93,-44.63],[-74.01,-44.72],[-74.28,-44.8],[-74.41,-44.69],[-74.4,-44.63],[-74.03,-44.6],[-73.93,-44.63]],[[-73.66,-44.68],[-73.75,-44.74],[-73.84,-44.66],[-73.8,-44.55],[-73.7,-44.54],[-73.66,-44.68]],[[-73.38,-44.59],[-73.3,-44.61],[-73.26,-44.48],[-73,-44.36],[-72.91,-44.45],[-72.77,-44.47],[-72.72,-44.53],[-72.84,-44.71],[-73.15,-44.91],[-73.26,-44.94],[-73.41,-44.82],[-73.47,-44.64],[-73.38,-44.59]],[[-74.39,-44.55],[-74.55,-44.48],[-74.31,-44.39],[-74.22,-44.47],[-74.39,-44.55]],[[-74.14,-43.83],[-73.97,-43.83],[-73.87,-43.79],[-73.76,-43.89],[-74,-43.94],[-74.17,-43.87],[-74.14,-43.83]],[[-74.55,-45.57],[-74.58,-45.74],[-74.7,-45.73],[-74.66,-45.6],[-74.55,-45.57]],[[-74.82,-43.64],[-74.83,-43.56],[-74.65,-43.55],[-74.58,-43.64],[-74.78,-43.67],[-74.82,-43.64]],[[-74.33,-43.28],[-74.4,-43.26],[-74.34,-43.1],[-74.23,-43.02],[-74.23,-42.92],[-74.17,-42.88],[-74.13,-42.67],[-74.19,-42.43],[-74.15,-42.22],[-74.05,-42.13],[-74.06,-41.95],[-73.98,-41.87],[-73.87,-41.89],[-73.69,-41.81],[-73.54,-41.84],[-73.53,-41.97],[-73.45,-42.06],[-73.49,-42.15],[-73.37,-42.26],[-73.51,-42.33],[-73.68,-42.37],[-73.71,-42.54],[-73.81,-42.61],[-73.63,-42.74],[-73.52,-42.79],[-73.49,-42.87],[-73.65,-42.88],[-73.49,-43.1],[-73.72,-43.14],[-73.74,-43.23],[-73.68,-43.28],[-73.68,-43.38],[-73.88,-43.42],[-74.29,-43.32],[-74.33,-43.28]],[[-73.41,-42.53],[-73.63,-42.44],[-73.54,-42.38],[-73.41,-42.53]],[[-61.95,-63.31],[-62.28,-63.35],[-62.26,-63.27],[-62.04,-63.26],[-61.95,-63.31]],[[-60.89,-63.86],[-60.72,-63.69],[-60.59,-63.69],[-60.74,-63.9],[-60.89,-63.86]],[[-62.66,-64.5],[-62.67,-64.39],[-62.47,-64.25],[-62.62,-64.13],[-62.48,-64.01],[-62.27,-64.03],[-62.27,-64.1],[-62.06,-64.23],[-62.2,-64.29],[-62.24,-64.39],[-62.39,-64.47],[-62.66,-64.5]],[[-62.91,-64.52],[-62.86,-64.58],[-63.15,-64.64],[-63.34,-64.76],[-63.46,-64.72],[-63.65,-64.82],[-64.03,-64.77],[-64.2,-64.59],[-63.9,-64.53],[-63.94,-64.47],[-63.72,-64.44],[-63.57,-64.27],[-63.31,-64.25],[-63.33,-64.45],[-62.91,-64.52]],[[-66.19,-65.82],[-66.04,-65.74],[-66.07,-65.66],[-65.96,-65.55],[-65.63,-65.54],[-65.67,-65.66],[-65.86,-65.69],[-65.81,-65.84],[-66.05,-65.88],[-66.19,-65.82]],[[-69.11,-67.63],[-69.15,-67.48],[-68.84,-67.27],[-68.71,-67.11],[-68.38,-66.82],[-67.86,-66.63],[-67.64,-66.68],[-67.91,-66.81],[-68.03,-66.94],[-67.98,-67.07],[-67.68,-67.15],[-68.25,-67.37],[-67.97,-67.39],[-67.97,-67.47],[-68.14,-67.57],[-68.88,-67.76],[-69.11,-67.63]],[[-67.38,-66.9],[-67.56,-66.87],[-67.41,-66.74],[-67.24,-66.83],[-67.38,-66.9]],[[-67.29,-67.73],[-67.39,-67.78],[-67.65,-67.78],[-67.77,-67.67],[-67.5,-67.59],[-67.18,-67.6],[-67.29,-67.73]],[[-71.46,-72.63],[-72.41,-72.67],[-72.49,-72.59],[-72.8,-72.59],[-73.11,-72.47],[-73.09,-72.38],[-72.68,-72.27],[-71.87,-72.35],[-70.71,-72.4],[-70.18,-72.27],[-70.46,-72.14],[-71.04,-72.26],[-71.55,-72.28],[-72.01,-72.12],[-71.09,-72.05],[-70.77,-71.99],[-70.72,-71.91],[-71.48,-71.84],[-71.79,-71.9],[-71.83,-71.8],[-72.34,-71.61],[-72.69,-71.75],[-72.71,-71.86],[-73.04,-71.93],[-73.5,-71.84],[-73.88,-71.86],[-73.5,-72.01],[-74,-72.17],[-74.22,-72.14],[-74.4,-72.04],[-74.82,-72.06],[-75.36,-71.92],[-75.4,-71.8],[-75.18,-71.75],[-75.4,-71.67],[-75.12,-71.55],[-74.89,-71.53],[-74.64,-71.63],[-74.39,-71.67],[-74.42,-71.43],[-74.12,-71.38],[-73.46,-71.6],[-73.34,-71.54],[-73.58,-71.46],[-73.67,-71.37],[-73.41,-71.32],[-72.76,-71.4],[-72.32,-71.29],[-72.9,-71.23],[-73.12,-71.14],[-72.79,-71.06],[-72.4,-71.07],[-71.69,-71.16],[-71.31,-71.02],[-71.03,-70.96],[-70.72,-71],[-70.41,-70.95],[-70.21,-70.99],[-70.01,-71.14],[-69.8,-71.04],[-69.95,-70.88],[-70.4,-70.82],[-70.7,-70.83],[-71.17,-70.76],[-71.27,-70.68],[-71,-70.47],[-70.12,-70.33],[-69.69,-70.42],[-69.67,-70.35],[-70.11,-70.24],[-70.23,-70.14],[-70.47,-70.17],[-70.78,-70.13],[-70.94,-70.22],[-71.32,-70.18],[-71.7,-70.08],[-71.91,-69.97],[-71.85,-69.85],[-71.91,-69.71],[-71.74,-69.65],[-71.62,-69.45],[-72.14,-69.23],[-72.17,-69.06],[-72.01,-68.96],[-71.4,-68.86],[-71.01,-68.86],[-70.87,-68.81],[-70.4,-68.79],[-70.11,-68.89],[-70.08,-69.29],[-69.7,-69.32],[-69.48,-69.56],[-69.32,-69.63],[-69.28,-69.92],[-69.03,-70.16],[-68.72,-70.37],[-68.58,-70.55],[-68.47,-70.61],[-68.3,-70.87],[-68.3,-71.1],[-68.24,-71.17],[-68.27,-71.44],[-68.16,-71.61],[-68.25,-71.88],[-68.48,-71.9],[-68.34,-72.06],[-68.41,-72.22],[-68.67,-72.22],[-69.14,-72.38],[-69.22,-72.54],[-70.52,-72.67],[-71.46,-72.63]],[[-74.91,-71.02],[-76.13,-71.14],[-76.35,-71.12],[-76.54,-70.97],[-76.38,-70.89],[-76.11,-70.84],[-75.2,-70.78],[-74.82,-70.61],[-74.67,-70.7],[-74.48,-70.59],[-74.25,-70.61],[-73.88,-70.57],[-73.55,-70.72],[-73.62,-70.77],[-74.4,-70.98],[-74.91,-71.02]],[[-71.71,-70.43],[-71.82,-70.3],[-71.32,-70.3],[-71.41,-70.38],[-71.71,-70.43]],[[-75.48,-70.13],[-75.69,-70.11],[-75.83,-70.02],[-75.78,-69.92],[-75.6,-69.86],[-74.96,-69.72],[-74.41,-69.94],[-74.64,-69.99],[-74.64,-70.12],[-74.87,-70.18],[-75.48,-70.13]],[[-72.85,-69.59],[-72.98,-69.51],[-72.83,-69.43],[-72.4,-69.47],[-72.14,-69.62],[-72.21,-69.73],[-72.77,-69.65],[-72.85,-69.59]],[[-89.89,-72.88],[-89.57,-72.86],[-89.33,-72.93],[-89.59,-73.07],[-90.13,-73.09],[-90.34,-72.99],[-90.01,-72.98],[-89.89,-72.88]],[[-74.85,-72.87],[-74.5,-72.88],[-74.22,-72.99],[-74.39,-73.1],[-74.55,-73.39],[-74.36,-73.46],[-74.59,-73.61],[-75.87,-73.35],[-76.13,-73.16],[-75.86,-73.05],[-75.52,-73.11],[-75.21,-73.01],[-75.5,-72.99],[-75.76,-72.9],[-75.3,-72.82],[-74.85,-72.87]],[[-73.89,-73.12],[-73.52,-73.13],[-73.89,-73.37],[-74.15,-73.32],[-73.89,-73.12]],[[-60.53,-71.05],[-60.89,-71.02],[-60.91,-70.94],[-60.59,-70.93],[-60.53,-71.05]],[[-12.66,-72.06],[-12.49,-72.17],[-12.74,-72.19],[-12.97,-72.06],[-12.66,-72.06]],[[-16.19,-72.59],[-16.44,-72.66],[-16.52,-72.52],[-16.29,-72.49],[-16.19,-72.59]],[[-20.37,-74.43],[-20.53,-74.5],[-20.81,-74.48],[-20.96,-74.24],[-21.3,-74.11],[-21.34,-74],[-21.01,-73.87],[-20.92,-73.7],[-20.56,-73.62],[-20.5,-73.79],[-20.69,-74.1],[-20.43,-74.31],[-20.37,-74.43]],[[-52.52,-80.2],[-52.4,-80.18],[-50.54,-79.64],[-50.26,-79.54],[-50.46,-79.31],[-50.71,-79.28],[-50.48,-79.13],[-50.38,-78.93],[-50.21,-78.83],[-50.2,-78.59],[-49.28,-78.2],[-49.07,-78.04],[-47.22,-77.77],[-45.93,-77.82],[-44.51,-78.04],[-43.82,-78.25],[-43.72,-78.37],[-43.96,-78.6],[-45.16,-78.66],[-45.22,-78.82],[-43.74,-78.8],[-43.46,-78.96],[-43.43,-79.08],[-43.15,-79.18],[-43.35,-79.24],[-42.97,-79.43],[-43.02,-79.85],[-43.48,-80.09],[-43.53,-80.2],[-45.91,-80.39],[-47.82,-80.54],[-49.72,-80.69],[-49.8,-80.79],[-52.22,-80.84],[-54.16,-80.88],[-54.41,-80.74],[-54.38,-80.58],[-54.16,-80.53],[-53.46,-80.16],[-52.52,-80.2]],[[-59.29,-80.21],[-59.58,-80.21],[-59.76,-80.34],[-59.86,-80.59],[-59.82,-80.74],[-60.65,-80.96],[-62.52,-80.86],[-62.96,-80.78],[-63.14,-80.59],[-63.79,-80.61],[-64.28,-80.75],[-66.7,-80.41],[-66.8,-80.33],[-66.58,-80.23],[-65.92,-80.39],[-64.07,-80.38],[-61.75,-80.37],[-61.52,-80.24],[-61.81,-80.05],[-61.24,-79.98],[-61.47,-79.88],[-61.03,-79.81],[-60.4,-79.76],[-59.82,-79.77],[-59.78,-80.05],[-59.29,-80.21]],[[-66.15,-79.63],[-66.27,-79.72],[-65.57,-79.81],[-65.51,-79.96],[-66.22,-80.09],[-66.42,-79.96],[-66.97,-79.92],[-66.93,-79.79],[-67.83,-79.58],[-66.92,-79.57],[-66.75,-79.62],[-66.15,-79.63]],[[-66.73,-78.44],[-67.06,-78.5],[-67.4,-78.66],[-68.95,-79.1],[-69.3,-79.22],[-69.8,-79.47],[-69.65,-79.6],[-70.34,-79.7],[-71.44,-79.65],[-71.82,-79.48],[-71.75,-79.33],[-71.4,-79.1],[-70.59,-78.89],[-69.83,-78.8],[-69.44,-78.69],[-66.99,-78.31],[-66.61,-78.36],[-66.73,-78.44]],[[-68.23,-79.29],[-67.61,-79.21],[-67.06,-79.26],[-67.51,-79.4],[-67.47,-79.51],[-68.39,-79.47],[-68.5,-79.41],[-67.51,-79.32],[-68.23,-79.29]],[[-33.92,-79.31],[-34.07,-79.36],[-36.73,-79.3],[-36.66,-79.22],[-35.84,-79.17],[-35.5,-79.09],[-34.02,-79.27],[-33.92,-79.31]],[[-29.62,-79.91],[-29.99,-79.97],[-31.54,-79.9],[-32.09,-79.81],[-32.02,-79.65],[-31.59,-79.65],[-31.1,-79.81],[-30.65,-79.85],[-29.91,-79.82],[-29.62,-79.91]]]},"properties":{"featurecla":"Bathymetry","depth":0,"scalerank":0}},
{"type":"Feature","geometry":{"type":"Polygon","coordinates":[[[0,-71.5],[0.23,-71.35],[0.93,-71.18],[1.45,-71.12],[1.95,-70.99],[2.52,-70.9],[3.07,-70.89],[3.57,-70.85],[3.81,-70.8],[4.22,-70.78],[5.01,-70.64],[5.59,-70.65],[6.56,-70.58],[6.78,-70.6],[7.11,-70.55],[7.57,-70.52],[7.66,-70.47],[7.44,-70.34],[7.42,-70.2],[7.84,-70.16],[7.84,-70.34],[7.93,-70.47],[8.44,-70.48],[8.78,-70.42],[8.84,-70.35],[9.17,-70.31],[8.89,-70.22],[9.08,-70.09],[9.4,-70.1],[9.76,-70.35],[9.98,-70.45],[10.72,-70.64],[11.35,-70.74],[11.85,-70.78],[12.08,-70.67],[12.09,-70.55],[12.32,-70.37],[12.74,-70.32],[13.02,-70.24],[12.94,-70.16],[12.48,-70.13],[12.44,-70.07],[12.97,-70.05],[13.11,-70.09],[13.29,-70.25],[13.85,-70.35],[14.08,-70.35],[14.51,-70.28],[15.53,-70.34],[15.83,-70.38],[15.96,-70.19],[16.52,-70.13],[16.65,-70.19],[16.6,-70.37],[16.87,-70.44],[17.75,-70.49],[18.09,-70.54],[18.5,-70.5],[18.32,-70.32],[18.78,-70.24],[18.94,-70.17],[19.15,-70.2],[19.3,-70.37],[19.02,-70.6],[18.93,-70.74],[19.29,-70.91],[19.57,-70.95],[19.73,-70.89],[20.11,-70.93],[20.4,-70.92],[21.2,-70.81],[21.21,-70.58],[21.46,-70.42],[21.61,-70.27],[21.8,-70.24],[22.58,-70.54],[22.33,-70.76],[22.72,-70.77],[22.94,-70.83],[23.32,-70.81],[23.64,-70.55],[23.75,-70.4],[24.11,-70.41],[24.41,-70.53],[24.46,-70.61],[24.32,-70.74],[24.56,-70.85],[24.97,-70.95],[25.26,-70.98],[25.72,-70.99],[26.1,-71.04],[26.45,-71.03],[26.93,-70.92],[27.2,-70.9],[27.63,-70.74],[28.45,-70.69],[28.77,-70.59],[29.02,-70.57],[29.45,-70.4],[29.84,-70.31],[30.44,-70.27],[30.74,-70.27],[30.94,-70.21],[31.28,-70.24],[31.84,-70.15],[32.57,-70.05],[32.85,-69.95],[32.84,-69.78],[32.98,-69.67],[33,-69.52],[32.93,-69.34],[32.53,-69.12],[32.5,-68.93],[32.56,-68.86],[32.84,-68.75],[33.22,-68.67],[34.21,-68.68],[34.37,-68.81],[34.09,-68.85],[33.77,-69.05],[33.92,-69.12],[34.36,-69.13],[34.59,-69.07],[35.2,-69.29],[35.1,-69.46],[35.2,-69.58],[35.08,-69.67],[35.24,-69.74],[35.71,-69.67],[36.75,-69.64],[36.97,-69.79],[37.24,-69.83],[37.28,-69.73],[37.54,-69.68],[38.04,-69.72],[38.24,-69.8],[38.14,-69.88],[38.71,-70.19],[39.08,-70.17],[38.82,-70.06],[38.8,-69.99],[39.19,-69.89],[39.21,-69.71],[39.5,-69.69],[39.71,-69.59],[39.84,-69.39],[39.81,-69.18],[39.71,-69.07],[39.86,-68.83],[40.26,-68.8],[40.47,-68.73],[40.89,-68.71],[41.01,-68.6],[41.54,-68.47],[41.98,-68.41],[42.54,-68.38],[42.55,-68.25],[42.86,-68.1],[43.41,-68.03],[43.78,-68.05],[44,-67.97],[44.83,-67.97],[44.62,-67.86],[44.72,-67.78],[44.97,-67.73],[45.13,-67.75],[45.39,-67.7],[45.59,-67.74],[45.85,-67.66],[46.22,-67.65],[46.31,-67.56],[46.23,-67.45],[46.28,-67.33],[46.48,-67.28],[46.89,-67.26],[47.02,-67.35],[47.44,-67.41],[46.92,-67.51],[47.33,-67.57],[47.26,-67.65],[48.17,-67.66],[48.39,-67.76],[48.17,-67.89],[48.23,-68.01],[48.38,-68.02],[48.61,-67.88],[48.72,-67.68],[48.6,-67.6],[48.63,-67.45],[49.17,-67.38],[49.33,-67.29],[49.35,-67.18],[49.04,-67.15],[48.73,-67.22],[48.45,-67.18],[48.36,-67.02],[48.59,-66.94],[49.06,-66.88],[49.33,-66.88],[49.31,-67.05],[49.79,-67.03],[49.89,-67.11],[50.2,-67.12],[50.59,-67.22],[50.93,-67.12],[50.48,-67.05],[50.43,-66.96],[50.61,-66.76],[50.29,-66.77],[50.19,-66.59],[50.32,-66.39],[50.54,-66.3],[51.35,-66.22],[51.48,-66.12],[51.77,-66.04],[52.22,-65.97],[52.85,-65.96],[53.73,-65.85],[54.01,-65.89],[54.24,-65.88],[55.18,-65.93],[55.61,-66.03],[56.38,-66.45],[56.52,-66.39],[56.81,-66.41],[57.21,-66.53],[57.28,-66.58],[57.24,-66.72],[57.01,-66.73],[56.5,-66.69],[56.21,-66.59],[56.01,-66.66],[56.36,-66.72],[56.39,-66.83],[56.62,-66.85],[56.6,-66.94],[56.21,-67.08],[56.15,-67.2],[56.21,-67.34],[56.56,-67.11],[56.97,-67.05],[57.28,-67.08],[57.56,-66.99],[57.83,-67.03],[58.14,-67.15],[58.87,-67.17],[59.04,-67.24],[58.99,-67.31],[58.79,-67.34],[59.26,-67.48],[59.66,-67.51],[59.68,-67.39],[60.09,-67.41],[60.23,-67.38],[60.62,-67.4],[60.85,-67.47],[61.17,-67.51],[61.27,-67.59],[61.61,-67.54],[62.12,-67.56],[62.62,-67.66],[63.11,-67.53],[63.65,-67.5],[64.43,-67.59],[64.72,-67.65],[66.72,-67.79],[67.13,-67.76],[67.34,-67.81],[68.07,-67.85],[68.38,-67.9],[68.78,-67.89],[69.11,-67.85],[69.23,-67.76],[69.56,-67.74],[69.68,-67.86],[69.6,-68.02],[69.63,-68.12],[69.81,-68.29],[70.12,-68.49],[69.89,-68.58],[69.66,-68.58],[69.62,-68.74],[69.28,-68.83],[69.39,-68.88],[69.86,-68.87],[69.66,-68.98],[69.3,-69.05],[69.39,-69.1],[69.73,-69.17],[69.71,-69.33],[69.34,-69.32],[69.21,-69.37],[68.97,-69.31],[68.74,-69.39],[68.9,-69.45],[68.73,-69.55],[69.05,-69.56],[69.36,-69.62],[69.17,-69.79],[69.16,-69.88],[68.89,-69.99],[68.61,-70.03],[68.27,-69.83],[67.91,-69.92],[67.87,-70],[67.61,-70.01],[67.47,-70.21],[67.23,-70.3],[67.66,-70.32],[68.08,-70.45],[68.39,-70.4],[68.59,-70.47],[68.75,-70.33],[69.15,-70.31],[69.25,-70.41],[69.21,-70.67],[69.01,-70.94],[68.81,-71.08],[68.59,-71.15],[68.67,-71.2],[68.34,-71.26],[68.08,-71.37],[67.83,-71.54],[67.88,-71.67],[67.45,-71.9],[67.51,-71.99],[67.33,-72.13],[67.31,-72.34],[67.21,-72.44],[67,-72.9],[66.35,-73.13],[66.39,-73.2],[67.34,-73.3],[67.96,-73.15],[68.12,-72.95],[67.92,-72.71],[68.04,-72.62],[68.49,-72.47],[68.75,-72.49],[69.04,-72.42],[69.52,-72.43],[69.95,-72.08],[70.53,-72.05],[70.73,-71.95],[70.69,-71.83],[71.12,-71.73],[71.08,-71.63],[71.54,-71.61],[71.18,-71.49],[71.2,-71.34],[71.56,-71.22],[71.34,-71.18],[71.54,-70.96],[71.85,-70.84],[71.8,-70.72],[72.19,-70.65],[72.35,-70.68],[72.48,-70.55],[72.87,-70.43],[72.63,-70.19],[72.77,-70.07],[73.23,-69.98],[73.25,-69.86],[73.47,-69.78],[73.7,-69.86],[73.88,-69.75],[74.22,-69.73],[74.32,-69.81],[74.27,-69.91],[74.47,-69.93],[75.22,-69.87],[75.44,-69.94],[75.88,-69.78],[75.75,-69.62],[75.82,-69.53],[76.22,-69.42],[76.83,-69.35],[77,-69.21],[77.53,-69.18],[77.84,-69.13],[77.95,-69],[77.99,-68.82],[78.14,-68.76],[78.67,-68.7],[78.46,-68.5],[78.56,-68.36],[78.75,-68.26],[79.13,-68.15],[80.74,-67.88],[80.88,-67.89],[82.06,-67.67],[82.36,-67.7],[82.59,-67.6],[82.88,-67.64],[83.22,-67.58],[83.47,-67.66],[83.42,-67.43],[83.72,-67.31],[84.25,-67.22],[84.41,-67.12],[84.96,-67.08],[85.17,-67.16],[85.62,-67.19],[85.88,-67.14],[86.07,-67.04],[86.56,-67.03],[86.7,-67.06],[87.11,-66.93],[87.97,-66.77],[88.14,-66.77],[88.23,-66.85],[88.74,-66.78],[89.31,-66.81],[89.65,-66.84],[90,-66.78],[90,-65.79],[90,-64.8],[90,-63.8],[90,-62.81],[90,-61.82],[90,-60.82],[90,-59.83],[90,-58.83],[90,-57.84],[90,-56.85],[90,-55.85],[90,-54.86],[90,-54.36],[90,-53.37],[90,-52.37],[90,-51.38],[90,-50.39],[90,-49.89],[90,-48.9],[90,-47.9],[90,-46.91],[90,-45.91],[90,-45.42],[90,-44.42],[90,-43.43],[90,-42.93],[90,-41.94],[90,-40.95],[90,-39.95],[90,-38.96],[90,-37.96],[90,-36.97],[89.5,-36.97],[88.5,-36.97],[87.5,-36.97],[86.5,-36.97],[85.5,-36.97],[84.5,-36.97],[83.5,-36.97],[82.5,-36.97],[81.5,-36.97],[80.5,-36.97],[79.5,-36.97],[78.5,-36.97],[77.5,-36.97],[77,-36.97],[76,-36.97],[75.5,-36.97],[74.5,-36.97],[73.5,-36.97],[72.5,-36.97],[72,-36.97],[71,-36.97],[70,-36.97],[69,-36.97],[68.5,-36.97],[67.5,-36.97],[67,-36.97],[66,-36.97],[65,-36.97],[64.5,-36.97],[63.5,-36.97],[62.5,-36.97],[61.5,-36.97],[60.5,-36.97],[59.5,-36.97],[58.5,-36.97],[57.5,-36.97],[56.5,-36.97],[55.5,-36.97],[54.5,-36.97],[54,-36.97],[53,-36.97],[52,-36.97],[51,-36.97],[50.5,-36.97],[49.5,-36.97],[48.5,-36.97],[47.5,-36.97],[46.5,-36.97],[45.5,-36.97],[44.5,-36.97],[43.5,-36.97],[42.5,-36.97],[41.5,-36.97],[40.5,-36.97],[40,-36.97],[39,-36.97],[38,-36.97],[37,-36.97],[36,-36.97],[35,-36.97],[34,-36.97],[33.5,-36.97],[32.5,-36.97],[31.5,-36.97],[30.5,-36.97],[30,-36.97],[29,-36.97],[28,-36.97],[27,-36.97],[26,-36.97],[25,-36.97],[24,-36.97],[23,-36.97],[22,-36.97],[21,-36.97],[20.5,-36.97],[19.5,-36.97],[18.5,-36.97],[18,-36.97],[17,-36.97],[16,-36.97],[15.5,-36.97],[14.5,-36.97],[13.5,-36.97],[13,-36.97],[12,-36.97],[11.5,-36.97],[10.5,-36.97],[9.5,-36.97],[8.5,-36.97],[7.5,-36.97],[6.5,-36.97],[5.5,-36.97],[4.5,-36.97],[4,-36.97],[3,-36.97],[2,-36.97],[1,-36.97],[0,-36.97],[0,-37.96],[0,-38.45],[0,-39.44],[0,-40.42],[0,-40.92],[0,-41.9],[0,-42.89],[0,-43.88],[0,-44.37],[0,-45.36],[0,-45.85],[0,-46.84],[0,-47.82],[0,-48.81],[0,-49.8],[0,-50.78],[0,-51.77],[0,-52.75],[0,-53.74],[0,-54.73],[0,-55.71],[0,-56.21],[0,-57.19],[0,-58.18],[0,-58.67],[0,-59.66],[0,-60.15],[0,-61.14],[0,-62.13],[0,-63.11],[0,-64.1],[0,-65.09],[0,-66.07],[0,-66.57],[0,-67.55],[0,-68.54],[0,-69.53],[0,-70.51],[0,-71.5]],[[86.55,-66.7],[86.5,-66.78],[86.24,-66.74],[86.33,-66.68],[86.55,-66.7]],[[85.66,-66.74],[85.84,-66.79],[85.94,-66.89],[85.79,-66.97],[85.37,-66.88],[85.26,-66.77],[85.35,-66.72],[85.66,-66.74]],[[73.74,-53.11],[73.58,-53.19],[73.47,-53.19],[73.33,-53.03],[73.56,-53.02],[73.74,-53.11]],[[70.55,-49.18],[70.56,-49.27],[70.46,-49.36],[70.31,-49.38],[70.14,-49.34],[70.02,-49.36],[69.95,-49.43],[69.82,-49.45],[69.81,-49.53],[70.07,-49.57],[70.14,-49.51],[70.3,-49.53],[70.12,-49.71],[69.86,-49.68],[69.72,-49.58],[69.66,-49.66],[69.47,-49.63],[69.37,-49.57],[69.11,-49.6],[69.07,-49.69],[68.83,-49.72],[68.78,-49.59],[68.9,-49.43],[68.79,-49.25],[68.85,-49.15],[68.76,-49.05],[68.88,-48.94],[68.79,-48.85],[68.9,-48.82],[68.96,-48.67],[69.12,-48.73],[69.16,-48.85],[69.08,-48.97],[69.21,-49.12],[69.44,-49.01],[69.66,-49.06],[69.64,-49.12],[69.47,-49.15],[69.5,-49.24],[69.71,-49.31],[69.85,-49.21],[70.09,-49.12],[70.19,-49.16],[70.27,-49.08],[70.41,-49.06],[70.52,-49.1],[70.55,-49.18]],[[69.19,-48.99],[69.31,-48.89],[69.41,-48.93],[69.31,-49.07],[69.19,-48.99]],[[37.66,-46.83],[37.82,-46.84],[37.84,-46.96],[37.62,-46.95],[37.66,-46.83]],[[48.77,-66.72],[48.31,-66.81],[48.38,-66.7],[48.77,-66.72]],[[16.25,-69.71],[16.55,-69.72],[16.59,-69.78],[16.33,-69.83],[16.17,-70.07],[15.59,-69.93],[15.55,-69.87],[15.72,-69.76],[16.25,-69.71]],[[26.77,-70.22],[26.88,-70.32],[26.84,-70.41],[26.46,-70.45],[26.06,-70.39],[25.91,-70.28],[25.99,-70.2],[26.33,-70.07],[26.59,-70.07],[26.77,-70.22]],[[1.41,-70.04],[1.47,-70.15],[1.28,-70.27],[0.96,-70.19],[1.04,-70.05],[1.41,-70.04]],[[4.05,-70.3],[4.13,-70.26],[4.57,-70.28],[4.6,-70.42],[4.47,-70.5],[4.2,-70.47],[4.05,-70.3]],[[3.22,-70.39],[3.25,-70.49],[2.96,-70.61],[2.63,-70.6],[2.58,-70.52],[3.05,-70.39],[3.22,-70.39]],[[72.2,-70.61],[71.83,-70.62],[71.67,-70.52],[71.62,-70.35],[71.89,-70.41],[72.19,-70.54],[72.2,-70.61]],[[68.78,-72.12],[68.74,-72.26],[68.45,-72.25],[68.78,-72.12]]]},"properties":{"featurecla":"Bathymetry","depth":0,"scalerank":0}},
{"type":"Feature","geometry":{"type":"Polygon","coordinates":[[[90,-66.78],[90.37,-66.82],[90.54,-66.74],[91.15,-66.57],[91.38,-66.6],[91.96,-66.5],[92.22,-66.52],[92.37,-66.59],[92.76,-66.63],[92.97,-66.57],[93.62,-66.58],[93.75,-66.74],[94,-66.73],[94.43,-66.62],[94.55,-66.54],[94.92,-66.48],[95.32,-66.56],[95.36,-66.64],[95.64,-66.68],[95.95,-66.66],[96.41,-66.58],[96.61,-66.61],[96.97,-66.51],[97.24,-66.51],[97.47,-66.63],[97.74,-66.66],[97.84,-66.57],[98.25,-66.45],[98.53,-66.45],[98.49,-66.6],[98.62,-66.61],[98.91,-66.5],[99.01,-66.55],[98.72,-66.64],[98.91,-66.78],[99.42,-66.66],[99.47,-66.58],[99.68,-66.59],[99.92,-66.5],[100.1,-66.49],[100.47,-66.4],[100.82,-66.38],[101.07,-66.27],[101.14,-66.18],[101.33,-66.08],[101.17,-66.03],[101.34,-65.94],[101.68,-65.97],[102.34,-65.95],[102.71,-65.86],[103.31,-65.93],[103.56,-66],[103.91,-65.98],[104.42,-66.06],[104.57,-66.13],[104.86,-66.14],[105.5,-66.26],[106.77,-66.46],[107.12,-66.46],[107.43,-66.53],[107.78,-66.55],[107.89,-66.73],[108.14,-66.62],[108.3,-66.76],[108.58,-66.81],[108.83,-66.97],[109.15,-66.89],[109.39,-66.93],[109.85,-66.85],[110.45,-66.66],[110.66,-66.73],[110.65,-66.53],[110.72,-66.41],[110.49,-66.31],[110.93,-66.05],[111.62,-65.93],[111.85,-65.93],[113.2,-65.77],[113.31,-65.84],[113.78,-65.95],[114.09,-66.08],[114.41,-66.24],[114.32,-66.33],[114.67,-66.48],[115.11,-66.48],[115.17,-66.52],[115.6,-66.59],[115.78,-66.79],[115.6,-66.92],[115.16,-67.05],[114.77,-67.07],[114.03,-67.19],[113.87,-67.36],[113.65,-67.46],[114.03,-67.48],[114.67,-67.34],[114.81,-67.37],[115.21,-67.33],[115.34,-67.22],[115.8,-67.18],[115.97,-67.2],[116.5,-67.12],[116.8,-66.99],[116.85,-67.12],[116.99,-67.15],[117.3,-67.11],[117.59,-67.11],[117.73,-67.17],[117.91,-67.08],[118.37,-67.05],[118.25,-67.15],[118.67,-67.18],[119.15,-67.12],[119.33,-67.13],[119.67,-67.05],[120.35,-66.93],[120.34,-67.01],[118.73,-67.28],[119.02,-67.41],[119.93,-67.29],[120.5,-67.23],[120.92,-67.13],[121.52,-67.09],[121.85,-67.02],[121.94,-66.92],[122.24,-66.84],[123.15,-66.73],[123.52,-66.75],[123.73,-66.65],[124.02,-66.59],[124.26,-66.59],[124.41,-66.71],[124.62,-66.76],[125.15,-66.66],[125.41,-66.42],[125.7,-66.39],[125.9,-66.31],[126.09,-66.36],[126.12,-66.44],[126.85,-66.45],[126.72,-66.59],[126.82,-66.69],[126.68,-66.76],[126.7,-66.85],[126.97,-66.81],[127,-66.93],[127.33,-66.98],[127.43,-67.07],[127.84,-67.02],[128.52,-67.15],[128.68,-67.12],[128.76,-67.03],[129.01,-67.11],[129.2,-67.1],[129.27,-67.01],[129.43,-66.97],[129.38,-66.88],[129.58,-66.75],[129.53,-66.61],[129.71,-66.52],[129.72,-66.44],[130.1,-66.28],[130.34,-66.3],[130.73,-66.15],[130.87,-66.18],[131.76,-66.24],[132.15,-66.18],[132.48,-66.15],[132.83,-66.19],[133.12,-66.1],[133.5,-66.08],[133.79,-66.11],[133.91,-66.18],[134.26,-66.28],[134.35,-66.37],[134.11,-66.5],[134.42,-66.5],[134.74,-66.37],[135.18,-66.33],[135.34,-66.1],[135.49,-66.11],[135.65,-66.28],[136.16,-66.25],[136.35,-66.37],[136.64,-66.46],[136.74,-66.35],[136.94,-66.33],[137.73,-66.37],[138.02,-66.49],[138.73,-66.57],[139.25,-66.57],[139.68,-66.63],[140.08,-66.73],[140.52,-66.73],[141,-66.77],[141.26,-66.86],[141.58,-66.78],[141.98,-66.8],[142.2,-66.88],[142.48,-67.03],[142.82,-67.02],[143.47,-66.85],[143.75,-66.88],[143.88,-66.94],[143.86,-67.09],[144.15,-67.07],[144.32,-67],[144.51,-67.02],[144.66,-67.12],[144.33,-67.41],[144.09,-67.45],[144.19,-67.58],[143.91,-67.76],[143.88,-67.93],[144.47,-67.79],[144.94,-67.72],[145.24,-67.53],[145.44,-67.51],[145.58,-67.73],[145.73,-67.59],[146.05,-67.59],[146.23,-67.69],[146.11,-67.75],[146.39,-67.92],[146.8,-68],[146.56,-68.14],[147.07,-68.12],[146.72,-68.3],[146.96,-68.32],[147.04,-68.39],[147.26,-68.41],[147.63,-68.36],[148.44,-68.47],[148.69,-68.4],[148.83,-68.45],[149.39,-68.38],[149.78,-68.49],[149.91,-68.42],[150.38,-68.44],[150.85,-68.35],[151.09,-68.41],[151.08,-68.57],[150.97,-68.72],[151.24,-68.83],[151.57,-68.92],[151.61,-68.7],[151.92,-68.67],[152.16,-68.74],[152.4,-68.7],[152.86,-68.79],[153.04,-68.88],[153.25,-68.88],[153.41,-68.77],[153.84,-68.76],[153.7,-68.55],[153.71,-68.3],[153.84,-68.27],[154.72,-68.53],[154.77,-68.62],[154.45,-68.63],[154.59,-68.73],[154.84,-68.73],[155.01,-68.9],[155.31,-68.89],[155.41,-69.04],[155.59,-68.95],[155.89,-68.98],[156.35,-69.2],[156.65,-69.17],[157.14,-69.16],[157.37,-69.35],[157.63,-69.2],[157.99,-69.17],[158.27,-69.23],[158.45,-69.33],[158.79,-69.31],[159.04,-69.49],[159.28,-69.43],[159.51,-69.5],[159.75,-69.5],[160.33,-69.8],[160.3,-69.86],[159.76,-69.89],[159.88,-69.99],[160.12,-69.97],[160.64,-70.05],[160.99,-70.24],[161.19,-70.41],[161.31,-70.65],[161.45,-70.69],[161.32,-70.79],[161.42,-70.9],[161.66,-70.87],[161.99,-70.92],[162.09,-71.04],[162.43,-71.03],[162.22,-70.85],[162.04,-70.83],[162.08,-70.68],[162,-70.46],[162.09,-70.31],[162.6,-70.27],[162.71,-70.3],[162.92,-70.5],[163.42,-70.65],[163.87,-70.64],[163.87,-70.77],[164.02,-70.79],[164.2,-70.64],[164.04,-70.55],[164.24,-70.49],[164.88,-70.57],[165.31,-70.56],[165.93,-70.68],[166.37,-70.58],[166.72,-70.62],[166.46,-70.71],[166.47,-70.77],[167.42,-70.76],[167.7,-70.79],[167.83,-70.86],[167.88,-71.01],[168.1,-71.11],[167.76,-71.23],[168.5,-71.16],[168.76,-71.28],[169.27,-71.38],[169.46,-71.49],[169.79,-71.52],[170.08,-71.66],[170.36,-71.54],[170.81,-71.7],[170.95,-71.86],[170.77,-71.95],[170.26,-71.95],[170.02,-72.17],[169.78,-72.24],[170.28,-72.33],[170.34,-72.44],[170.26,-72.6],[169.73,-72.55],[169.39,-72.47],[169.13,-72.49],[168.71,-72.36],[168.32,-72.37],[168.87,-72.58],[169.3,-72.58],[169.4,-72.65],[169.68,-72.67],[169.93,-72.74],[169.58,-72.96],[169.56,-73.09],[169.22,-73.13],[169.25,-73.25],[168.98,-73.26],[168.75,-73.08],[168.39,-72.97],[168.33,-73.17],[168.04,-73.12],[167.78,-73.15],[167.17,-73.15],[166.95,-73.02],[166.71,-73.12],[166.87,-73.22],[167.93,-73.36],[167.36,-73.39],[167.31,-73.48],[167.03,-73.57],[166.61,-73.58],[165.87,-73.57],[166.29,-73.73],[166.14,-73.81],[165.67,-73.8],[165.65,-73.91],[165.26,-73.89],[165.23,-73.59],[165.03,-73.41],[164.56,-73.32],[164.54,-73.42],[164.89,-73.48],[164.91,-73.66],[164.71,-73.78],[164.95,-73.89],[164.59,-73.93],[164.89,-74.12],[165.29,-74.47],[165.24,-74.55],[164.59,-74.57],[164.32,-74.5],[163.79,-74.62],[163.67,-74.47],[163.47,-74.34],[163.18,-74.45],[163.27,-74.54],[163.01,-74.7],[162.59,-74.75],[162.54,-74.95],[162.79,-74.99],[162.54,-75.24],[162.03,-75.26],[161.78,-75.19],[161.47,-75.29],[160.98,-75.29],[161.09,-75.38],[162.19,-75.39],[162.31,-75.53],[162.2,-75.64],[162.5,-75.74],[162.9,-75.82],[162.71,-75.98],[162.74,-76.07],[162.12,-76.17],[162.77,-76.24],[162.74,-76.36],[162.88,-76.44],[162.42,-76.64],[162.93,-76.71],[162.9,-76.84],[162.63,-76.82],[162.47,-77.02],[163.07,-77.02],[163.72,-77.4],[163.8,-77.53],[163.56,-77.72],[163.91,-77.7],[164.5,-77.85],[164.53,-77.99],[164.21,-78.23],[164.53,-78.32],[165.1,-78.25],[165.69,-78.26],[165.79,-78.42],[166.57,-78.51],[167,-78.5],[167.22,-78.6],[167.07,-78.71],[166.55,-78.71],[166.09,-78.57],[165.44,-78.56],[165.31,-78.61],[164.41,-78.6],[163.85,-78.74],[163.04,-78.74],[162.91,-78.88],[162.13,-78.76],[161.51,-78.52],[161.36,-78.58],[161.52,-78.8],[161.76,-78.84],[162.07,-79.07],[161.78,-79.07],[161.21,-78.94],[161.13,-79.05],[160.39,-79.17],[160.46,-79.3],[160.71,-79.42],[159.88,-79.66],[160.76,-79.65],[159.52,-79.87],[159.97,-79.92],[160.33,-79.86],[160.85,-79.96],[161.38,-79.95],[158.78,-80.26],[158.73,-80.32],[158.21,-80.41],[158.59,-80.48],[160.75,-80.38],[160.61,-80.55],[160.1,-80.59],[160.26,-80.68],[160.86,-80.61],[161.2,-80.65],[161.01,-80.76],[160.16,-80.78],[160.6,-80.87],[160.91,-80.99],[160.92,-81.27],[160.4,-81.33],[161.45,-81.42],[161.01,-81.55],[162.48,-81.69],[162.39,-81.8],[163.21,-82.04],[163.6,-82.09],[163.84,-82.23],[160.64,-82.42],[160.86,-82.5],[163.32,-82.48],[163.28,-82.43],[164.67,-82.34],[165.23,-82.39],[165.56,-82.49],[165.37,-82.61],[166.11,-82.65],[167.31,-82.82],[167.42,-83.03],[168.12,-82.96],[168.59,-83],[168.76,-83.19],[167.75,-83.26],[168.66,-83.4],[169.38,-83.34],[170.1,-83.4],[170.22,-83.48],[171.19,-83.45],[171.33,-83.56],[172.82,-83.67],[173.68,-83.79],[173.96,-83.88],[174.97,-83.83],[175.68,-83.96],[177.54,-84.06],[178.57,-84.18],[179.35,-84.2],[180,-84.35],[180,-84.02],[180,-83.52],[180,-83.02],[180,-82.52],[180,-82.02],[180,-81.52],[180,-81.02],[180,-80.53],[180,-80.03],[180,-79.53],[180,-79.03],[180,-78.53],[180,-78.03],[180,-77.53],[180,-77.04],[180,-76.54],[180,-76.04],[180,-75.54],[180,-75.04],[180,-74.54],[180,-74.04],[180,-73.55],[180,-73.05],[180,-72.55],[180,-72.05],[180,-71.55],[180,-71.05],[180,-70.55],[180,-70.06],[180,-69.56],[180,-69.06],[180,-68.56],[180,-68.06],[180,-67.56],[180,-67.06],[180,-66.57],[180,-66.07],[180,-65.57],[180,-65.07],[180,-64.57],[180,-64.07],[180,-63.57],[180,-63.07],[180,-62.58],[180,-62.08],[180,-61.58],[180,-61.08],[180,-60.58],[180,-60.08],[180,-59.58],[180,-59.09],[180,-58.59],[180,-58.09],[180,-57.59],[180,-57.09],[180,-56.59],[180,-56.09],[180,-55.6],[180,-55.1],[180,-54.6],[180,-54.1],[180,-53.6],[180,-53.1],[180,-52.6],[180,-52.11],[180,-51.61],[180,-51.11],[180,-50.61],[180,-50.11],[180,-49.61],[180,-49.11],[180,-48.61],[180,-48.12],[180,-47.62],[180,-47.12],[180,-46.62],[180,-46.12],[180,-45.62],[180,-45.12],[180,-44.63],[180,-44.13],[180,-43.63],[180,-43.13],[180,-42.63],[180,-42.13],[180,-41.63],[180,-41.14],[180,-40.64],[180,-40.14],[180,-39.64],[180,-39.14],[180,-38.64],[180,-38.14],[180,-37.65],[180,-37.15],[180,-36.97],[179.12,-36.53],[178.23,-36.08],[177.35,-35.64],[176.46,-35.2],[175.58,-34.76],[174.69,-34.32],[173.81,-33.87],[172.92,-33.43],[172.48,-33.21],[171.51,-33.4],[170.54,-33.59],[169.57,-33.77],[168.6,-33.96],[167.63,-34.15],[166.66,-34.34],[165.69,-34.53],[164.72,-34.71],[163.75,-34.9],[162.78,-35.09],[161.81,-35.28],[160.83,-35.47],[159.86,-35.65],[158.89,-35.84],[157.92,-36.03],[156.95,-36.22],[155.98,-36.41],[155.01,-36.59],[154.04,-36.78],[153.07,-36.97],[152.97,-37.92],[152.86,-38.86],[152.76,-39.81],[152.71,-40.29],[152.6,-41.23],[152.5,-42.18],[152.45,-42.65],[152.34,-43.6],[152.24,-44.55],[152.19,-45.02],[151.22,-45.02],[149.76,-45.02],[148.79,-45.02],[147.81,-45.02],[146.35,-45.02],[144.9,-45.02],[143.44,-45.02],[142.47,-45.02],[141.49,-45.02],[140.04,-45.02],[138.58,-45.02],[138.43,-44.55],[138.13,-43.6],[137.84,-42.65],[137.54,-41.71],[137.24,-40.76],[136.95,-39.81],[136.65,-38.86],[136.35,-37.92],[136.06,-36.97],[134.57,-36.97],[133.58,-36.97],[132.59,-36.97],[131.1,-36.97],[130.11,-36.97],[128.63,-36.97],[127.64,-36.97],[126.65,-36.97],[125.66,-36.97],[124.67,-36.97],[123.68,-36.97],[122.19,-36.97],[121.2,-36.97],[120.21,-36.97],[119.22,-36.97],[118.23,-36.97],[117.24,-36.97],[116.25,-36.97],[115.26,-36.97],[113.77,-36.97],[112.78,-36.97],[111.79,-36.97],[110.8,-36.97],[109.81,-36.97],[108.82,-36.97],[107.33,-36.97],[106.34,-36.97],[104.86,-36.97],[103.87,-36.97],[102.88,-36.97],[101.39,-36.97],[100.4,-36.97],[99.41,-36.97],[98.42,-36.97],[96.93,-36.97],[95.94,-36.97],[94.95,-36.97],[93.96,-36.97],[92.97,-36.97],[91.98,-36.97],[90.99,-36.97],[90,-36.97],[90,-37.96],[90,-38.96],[90,-39.95],[90,-40.95],[90,-41.94],[90,-42.93],[90,-43.43],[90,-44.42],[90,-45.42],[90,-45.91],[90,-46.91],[90,-47.9],[90,-48.9],[90,-49.89],[90,-50.39],[90,-51.38],[90,-52.37],[90,-53.37],[90,-54.36],[90,-54.86],[90,-55.85],[90,-56.85],[90,-57.84],[90,-58.83],[90,-59.83],[90,-60.82],[90,-61.82],[90,-62.81],[90,-63.8],[90,-64.8],[90,-65.79],[90,-66.78]],[[176.95,-39.68],[177.04,-39.75],[176.84,-40.18],[176.7,-40.29],[176.61,-40.48],[176.54,-40.49],[176.35,-40.7],[176.22,-40.93],[176.12,-41.01],[176.07,-41.14],[175.97,-41.25],[175.78,-41.37],[175.33,-41.61],[175.22,-41.61],[175.18,-41.42],[175.01,-41.39],[174.87,-41.42],[174.89,-41.22],[174.81,-41.23],[174.74,-41.35],[174.61,-41.29],[174.84,-41.04],[174.94,-40.97],[175.14,-40.67],[175.19,-40.57],[175.24,-40.3],[175.15,-40.09],[174.97,-39.92],[174.84,-39.86],[174.57,-39.83],[174.44,-39.74],[174.32,-39.61],[173.99,-39.54],[173.78,-39.39],[173.78,-39.21],[173.85,-39.13],[174.21,-38.97],[174.37,-38.98],[174.58,-38.84],[174.64,-38.64],[174.64,-38.46],[174.71,-38.29],[174.71,-38.12],[174.84,-38.12],[174.89,-37.99],[174.78,-37.97],[174.85,-37.76],[174.69,-37.33],[174.57,-37.09],[174.64,-37.06],[174.7,-37.18],[174.88,-37.08],[174.83,-36.94],[174.7,-36.94],[174.52,-37.04],[174.49,-37.01],[174.36,-36.63],[174.47,-36.58],[174.44,-36.41],[174.28,-36.37],[174.29,-36.32],[174.14,-36.17],[174.04,-36.17],[174.2,-36.35],[174.08,-36.4],[174.02,-36.27],[173.86,-36.07],[173.41,-35.57],[173.1,-35.22],[173.18,-35.16],[173.2,-35.06],[173.14,-34.93],[172.8,-34.55],[172.67,-34.48],[172.74,-34.43],[173.01,-34.42],[172.91,-34.54],[173.05,-34.6],[173.12,-34.81],[173.3,-34.91],[173.4,-34.9],[173.48,-34.99],[173.66,-34.97],[173.89,-35.01],[173.97,-35.08],[174.14,-35.32],[174.33,-35.29],[174.47,-35.45],[174.47,-35.52],[174.57,-35.59],[174.52,-35.72],[174.59,-35.76],[174.58,-35.85],[174.48,-35.91],[174.5,-35.99],[174.63,-36.06],[174.63,-36.11],[174.76,-36.24],[174.72,-36.59],[174.82,-36.82],[175.08,-36.88],[175.08,-36.95],[175.24,-36.94],[175.33,-37.02],[175.32,-37.13],[175.37,-37.21],[175.6,-37.21],[175.53,-36.96],[175.45,-36.87],[175.52,-36.8],[175.5,-36.65],[175.36,-36.53],[175.44,-36.47],[175.56,-36.55],[175.62,-36.73],[175.79,-36.71],[175.79,-36.78],[175.88,-36.93],[175.92,-37.08],[175.9,-37.23],[175.94,-37.28],[175.98,-37.48],[175.94,-37.52],[176,-37.63],[176.13,-37.69],[176.23,-37.67],[176.52,-37.76],[176.72,-37.88],[176.95,-37.93],[177.15,-38.02],[177.2,-38],[177.44,-37.98],[177.56,-37.91],[177.74,-37.68],[177.88,-37.65],[178.03,-37.55],[178.28,-37.56],[178.34,-37.62],[178.51,-37.65],[178.56,-37.72],[178.35,-38],[178.32,-38.27],[178.36,-38.32],[178.29,-38.54],[178.06,-38.72],[177.96,-38.76],[177.88,-39.09],[178,-39.13],[177.87,-39.29],[177.82,-39.11],[177.76,-39.08],[177.39,-39.08],[177.06,-39.2],[176.94,-39.35],[176.95,-39.68]],[[172.5,-43.27],[172.76,-43.29],[172.72,-43.42],[172.8,-43.61],[173.05,-43.65],[173.11,-43.83],[172.88,-43.9],[172.72,-43.8],[172.5,-43.72],[172.42,-43.74],[172.37,-43.87],[172.26,-43.87],[171.87,-44.06],[171.55,-44.16],[171.33,-44.3],[171.2,-44.57],[171.2,-44.91],[171.09,-45.07],[170.98,-45.15],[170.88,-45.36],[170.91,-45.4],[170.7,-45.68],[170.79,-45.86],[170.7,-45.91],[170.49,-45.92],[170.33,-45.98],[170.23,-46.15],[169.86,-46.38],[169.85,-46.47],[169.64,-46.58],[169.17,-46.65],[169.04,-46.68],[168.88,-46.64],[168.84,-46.56],[168.59,-46.61],[168.37,-46.54],[168.22,-46.35],[168.07,-46.35],[167.85,-46.4],[167.7,-46.19],[167.46,-46.15],[167.41,-46.25],[167.17,-46.27],[167.09,-46.24],[166.76,-46.22],[166.72,-46.13],[166.62,-46.09],[166.63,-45.97],[166.47,-45.98],[166.49,-45.81],[166.89,-45.78],[166.8,-45.72],[166.7,-45.54],[166.81,-45.35],[166.88,-45.28],[167.02,-45.34],[167.08,-45.31],[167,-45.15],[167.14,-45.04],[167.2,-44.95],[167.42,-44.84],[167.75,-44.6],[167.84,-44.51],[168.17,-44.24],[168.34,-44.12],[168.41,-44.03],[168.65,-43.96],[168.75,-44.01],[168.86,-43.97],[169.19,-43.76],[169.4,-43.66],[169.73,-43.57],[169.9,-43.39],[170.03,-43.35],[170.1,-43.26],[170.24,-43.24],[170.29,-43.11],[170.51,-43.01],[170.71,-42.95],[170.86,-42.84],[170.94,-42.73],[171.12,-42.59],[171.3,-42.29],[171.33,-42.15],[171.49,-41.83],[171.47,-41.77],[171.64,-41.76],[171.9,-41.61],[171.98,-41.47],[172.07,-41.41],[172.11,-41.25],[172.11,-40.89],[172.19,-40.81],[172.36,-40.72],[172.51,-40.59],[172.64,-40.51],[172.72,-40.55],[172.69,-40.73],[172.86,-40.84],[173.02,-40.8],[173.06,-40.89],[173.03,-41.15],[173.13,-41.31],[173.21,-41.3],[173.44,-41.14],[173.57,-41.07],[173.93,-41.05],[174.02,-40.97],[174.09,-41.02],[174.21,-41],[174.26,-41.12],[174.15,-41.22],[174.06,-41.42],[174.06,-41.52],[174.17,-41.58],[174.23,-41.72],[174.29,-41.75],[174.2,-41.88],[174,-42.03],[173.89,-42.24],[173.75,-42.33],[173.71,-42.4],[173.56,-42.49],[173.52,-42.57],[173.29,-42.95],[173.08,-43.07],[172.95,-43.09],[172.81,-43.17],[172.74,-43.27],[172.5,-43.27]],[[173.78,-40.91],[173.83,-40.77],[173.96,-40.79],[173.78,-40.91]],[[175.54,-36.28],[175.36,-36.24],[175.39,-36.12],[175.53,-36.18],[175.54,-36.28]],[[168.2,-47.05],[168.19,-47.1],[168,-47.12],[167.9,-47.19],[167.65,-47.21],[167.65,-47.05],[167.82,-46.9],[167.76,-46.81],[167.79,-46.7],[167.92,-46.68],[168.18,-46.86],[168.15,-46.97],[168.2,-47.05]],[[166.24,-50.6],[166.08,-50.79],[165.97,-50.84],[165.89,-50.79],[166.06,-50.69],[166.12,-50.55],[166.24,-50.6]],[[103.29,-65.39],[103.04,-65.28],[102.83,-65.25],[102.75,-65.18],[102.91,-65.13],[103.19,-65.23],[103.17,-65.3],[103.29,-65.39]],[[100.57,-65.4],[100.93,-65.38],[101.13,-65.41],[101.25,-65.49],[101.23,-65.57],[100.97,-65.68],[100.56,-65.7],[100.3,-65.66],[100.27,-65.59],[100.39,-65.48],[100.57,-65.4]],[[92.5,-65.7],[92.67,-65.78],[92.43,-65.82],[92.24,-65.75],[92.5,-65.7]],[[100.8,-65.78],[100.76,-65.88],[100.4,-65.85],[100.53,-65.79],[100.8,-65.78]],[[96.92,-66.05],[97.02,-66.11],[96.91,-66.21],[96.41,-66.23],[96.3,-66.18],[96.42,-66.07],[96.66,-66.04],[96.92,-66.05]],[[97.41,-66.4],[97.07,-66.4],[97.17,-66.33],[97.41,-66.4]],[[98.59,-66.39],[98.71,-66.36],[98.95,-66.42],[98.73,-66.48],[98.59,-66.39]],[[164.84,-67.34],[164.88,-67.52],[164.63,-67.49],[164.7,-67.39],[164.84,-67.34]],[[169.96,-73.51],[169.84,-73.61],[169.46,-73.55],[169.68,-73.42],[169.96,-73.51]],[[162.92,-75.56],[162.82,-75.69],[162.58,-75.66],[162.92,-75.56]],[[169.27,-77.45],[169.32,-77.54],[168.87,-77.64],[168.4,-77.7],[168.09,-77.65],[167.41,-77.64],[167.26,-77.72],[166.39,-77.61],[166.37,-77.5],[166.65,-77.36],[166.4,-77.27],[166.52,-77.18],[166.83,-77.16],[167.09,-77.24],[167.07,-77.32],[167.57,-77.41],[168.22,-77.37],[169.27,-77.45]],[[167.66,-78.13],[167.5,-78.23],[166.95,-78.22],[166.32,-78.31],[166.1,-78.27],[165.99,-78.11],[166.31,-78.11],[166.8,-78.21],[167.35,-78.06],[167.66,-78.13]]]},"properties":{"featurecla":"Bathymetry","depth":0,"scalerank":0}},
{"type":"Feature","geometry":{"type":"Polygon","coordinates":[[[90,-36.97],[90,-36.47],[90,-35.47],[90,-34.97],[90,-33.97],[90,-32.97],[90,-31.97],[90,-30.97],[90,-29.98],[90,-28.98],[90,-27.98],[90,-27.48],[90,-26.48],[90,-25.48],[90,-24.48],[90,-23.48],[90,-22.98],[90,-21.98],[90,-20.98],[90,-19.98],[90,-18.98],[90,-17.99],[90,-16.99],[90,-16.49],[90,-15.49],[90,-14.49],[90,-13.49],[90,-12.49],[90,-11.49],[90,-10.49],[90,-9.49],[90,-8.49],[90,-7.49],[90,-6.99],[90,-6],[90,-5],[90,-4.5],[90,-3.5],[90,-2.5],[90,-2],[90,-1],[90,0],[89.01,0],[88.51,0],[87.52,0],[86.53,0],[86.03,0],[85.04,0],[84.05,0],[83.06,0],[82.07,0],[81.07,0],[80.08,0],[79.09,0],[78.1,0],[77.11,0],[76.11,0],[75.12,0],[74.63,0],[73.63,0],[72.64,0],[72.15,0],[71.16,0],[70.66,0],[69.67,0],[68.68,0],[67.68,0],[66.69,0],[65.7,0],[64.71,0],[64.21,0],[63.22,0],[62.23,0],[61.73,0],[60.74,0],[59.75,0],[58.76,0],[57.77,0],[56.77,0],[56.28,0],[55.29,0],[54.29,0],[53.3,0],[52.31,0],[51.32,0],[50.33,0],[49.83,0],[48.84,0],[47.85,0],[47.35,0],[46.36,0],[45.86,0],[44.87,0],[43.88,0],[42.89,0],[42.65,-0.23],[42.25,-0.69],[42.19,-0.78],[42.08,-0.86],[41.84,-1.22],[41.84,-1.26],[41.65,-1.57],[41.3,-1.96],[41.2,-1.94],[41.03,-2.04],[40.9,-2.08],[40.92,-2.22],[40.84,-2.25],[40.79,-2.33],[40.83,-2.37],[40.62,-2.55],[40.52,-2.53],[40.39,-2.56],[40.24,-2.66],[40.17,-2.76],[40.16,-2.93],[40.23,-2.99],[40.12,-3.18],[40.13,-3.25],[39.97,-3.4],[39.85,-3.63],[39.87,-3.69],[39.79,-3.92],[39.67,-4.09],[39.58,-4.28],[39.55,-4.4],[39.36,-4.63],[39.26,-4.61],[39.22,-4.72],[39.21,-4.87],[39.13,-4.92],[39.14,-5.1],[39.07,-5.19],[39,-5.47],[38.9,-5.64],[38.83,-5.82],[38.78,-6.03],[38.86,-6.16],[38.85,-6.35],[38.96,-6.47],[39.04,-6.47],[39.21,-6.64],[39.29,-6.82],[39.46,-6.86],[39.55,-6.99],[39.55,-7.12],[39.43,-7.19],[39.3,-7.45],[39.27,-7.6],[39.3,-7.69],[39.44,-7.83],[39.42,-7.9],[39.45,-8.01],[39.35,-8.26],[39.28,-8.31],[39.3,-8.51],[39.36,-8.61],[39.36,-8.69],[39.44,-8.76],[39.41,-8.87],[39.49,-8.94],[39.49,-9.08],[39.58,-9.11],[39.64,-9.19],[39.65,-9.44],[39.75,-9.75],[39.79,-9.81],[39.78,-9.93],[39.91,-10.03],[39.99,-10.14],[40.23,-10.2],[40.34,-10.35],[40.45,-10.35],[40.42,-10.44],[40.51,-10.48],[40.56,-10.58],[40.57,-10.7],[40.49,-10.76],[40.6,-10.82],[40.5,-10.96],[40.55,-11.07],[40.51,-11.19],[40.35,-11.32],[40.47,-11.42],[40.42,-11.56],[40.43,-11.64],[40.54,-12],[40.49,-12.25],[40.53,-12.39],[40.48,-12.48],[40.56,-12.53],[40.56,-12.6],[40.65,-12.76],[40.56,-12.81],[40.54,-12.89],[40.59,-12.96],[40.56,-13.1],[40.57,-13.37],[40.53,-13.51],[40.58,-13.59],[40.54,-13.66],[40.65,-14.03],[40.61,-14.14],[40.7,-14.18],[40.75,-14.27],[40.62,-14.49],[40.76,-14.4],[40.84,-14.46],[40.81,-14.61],[40.85,-14.71],[40.84,-14.8],[40.67,-14.98],[40.71,-15.07],[40.53,-15.12],[40.58,-15.2],[40.68,-15.23],[40.58,-15.45],[40.57,-15.5],[40.43,-15.62],[40.36,-15.71],[40.16,-15.92],[40.1,-16.06],[39.99,-16.22],[39.81,-16.28],[39.8,-16.37],[39.7,-16.53],[39.2,-16.82],[39.13,-16.89],[39.09,-16.98],[38.97,-17],[38.88,-17.05],[38.6,-17.09],[38.04,-17.33],[37.91,-17.36],[37.36,-17.65],[37.21,-17.75],[37.09,-17.87],[36.89,-18.19],[36.84,-18.22],[36.63,-18.44],[36.55,-18.49],[36.42,-18.69],[36.42,-18.77],[36.3,-18.78],[36.24,-18.88],[36.15,-18.9],[36.11,-18.81],[35.98,-18.92],[35.66,-19.13],[35.58,-19.27],[35.34,-19.52],[35.13,-19.71],[34.88,-19.86],[34.82,-19.79],[34.76,-19.87],[34.75,-20.03],[34.78,-20.14],[34.68,-20.35],[34.74,-20.55],[34.85,-20.67],[34.99,-20.73],[35,-20.83],[35.12,-20.97],[35.06,-21.14],[35.15,-21.45],[35.27,-21.64],[35.27,-21.77],[35.31,-21.88],[35.34,-22.09],[35.31,-22.35],[35.36,-22.44],[35.43,-22.41],[35.39,-22.32],[35.42,-22.17],[35.5,-22.14],[35.54,-22.41],[35.49,-22.56],[35.49,-22.69],[35.52,-22.91],[35.6,-22.94],[35.48,-23.18],[35.48,-23.32],[35.42,-23.48],[35.39,-23.84],[35.54,-23.86],[35.49,-24.04],[35.49,-24.11],[35.3,-24.38],[35.11,-24.6],[34.65,-24.81],[34.48,-24.85],[33.73,-25.11],[33.46,-25.21],[33.15,-25.37],[32.87,-25.54],[32.77,-25.68],[32.69,-25.89],[32.59,-25.97],[32.68,-26.19],[32.87,-26.22],[32.93,-26.27],[32.92,-26.54],[32.89,-26.65],[32.89,-26.85],[32.84,-27.12],[32.68,-27.52],[32.59,-27.88],[32.54,-28.19],[32.42,-28.38],[32.38,-28.55],[32.01,-28.87],[31.75,-28.97],[31.49,-29.21],[31.19,-29.56],[31.02,-29.87],[31.02,-29.94],[30.92,-30.02],[30.39,-30.85],[30.01,-31.29],[29.86,-31.41],[29.78,-31.43],[29.54,-31.64],[29.41,-31.68],[29.39,-31.74],[29.15,-31.97],[29.1,-32.05],[28.87,-32.29],[28.62,-32.48],[28.55,-32.56],[28.21,-32.77],[27.9,-33.04],[27.73,-33.11],[27.38,-33.36],[27.14,-33.48],[27.1,-33.53],[26.92,-33.58],[26.52,-33.76],[26.29,-33.77],[26.09,-33.72],[25.96,-33.71],[25.79,-33.74],[25.68,-33.8],[25.6,-34.05],[25.41,-34.03],[25.28,-33.98],[25.1,-33.96],[24.95,-33.99],[24.84,-34.13],[24.86,-34.19],[24.58,-34.18],[24.38,-34.11],[24.16,-34.05],[23.98,-34.04],[23.64,-33.98],[23.43,-34.01],[23.41,-34.11],[22.94,-34.08],[22.63,-34],[22.41,-34.07],[22.28,-34.06],[22.12,-34.12],[22.11,-34.19],[21.92,-34.25],[21.89,-34.34],[21.7,-34.39],[21.52,-34.35],[21.35,-34.42],[21.26,-34.42],[20.96,-34.36],[20.82,-34.39],[20.84,-34.47],[20.66,-34.44],[20.52,-34.45],[20.21,-34.67],[19.95,-34.81],[19.86,-34.75],[19.64,-34.77],[19.4,-34.6],[19.3,-34.42],[19.12,-34.4],[19.09,-34.34],[18.81,-34.36],[18.86,-34.15],[18.74,-34.08],[18.56,-34.07],[18.44,-34.14],[18.48,-34.25],[18.41,-34.3],[18.31,-34.03],[18.37,-33.93],[18.48,-33.9],[18.43,-33.7],[18.32,-33.57],[18.31,-33.48],[18.15,-33.36],[18.08,-33.2],[17.99,-33.15],[18.04,-33.05],[17.91,-33.05],[17.85,-32.83],[17.97,-32.7],[18.08,-32.78],[18.27,-32.65],[18.33,-32.49],[18.32,-32.34],[18.35,-32.26],[18.28,-31.89],[18.17,-31.66],[18.01,-31.46],[17.89,-31.34],[17.56,-30.84],[17.54,-30.75],[17.28,-30.35],[17.17,-30.01],[17.1,-29.88],[17.06,-29.68],[16.93,-29.36],[16.88,-29.3],[16.81,-29.08],[16.6,-28.86],[16.56,-28.71],[16.35,-28.56],[16.17,-28.4],[16.04,-28.26],[15.91,-28.17],[15.68,-27.95],[15.65,-27.84],[15.55,-27.75],[15.52,-27.63],[15.3,-27.32],[15.23,-26.97],[15.18,-26.92],[15.08,-26.7],[15.17,-26.6],[15.13,-26.46],[14.97,-26.34],[14.98,-26.06],[14.91,-25.92],[14.91,-25.85],[14.84,-25.76],[14.88,-25.58],[14.8,-25.26],[14.85,-25.06],[14.8,-24.92],[14.78,-24.8],[14.6,-24.56],[14.61,-24.45],[14.47,-24.16],[14.46,-24.01],[14.5,-23.93],[14.5,-23.58],[14.43,-23.42],[14.49,-23.31],[14.41,-22.97],[14.52,-22.92],[14.53,-22.85],[14.51,-22.55],[14.39,-22.28],[14.14,-21.95],[13.95,-21.78],[13.96,-21.7],[13.88,-21.59],[13.83,-21.46],[13.6,-21.16],[13.39,-20.82],[13.35,-20.64],[13.26,-20.49],[13.21,-20.27],[13.15,-20.15],[13.07,-20.11],[13.01,-19.94],[12.7,-19.41],[12.68,-19.31],[12.57,-19.1],[12.47,-19],[12.45,-18.9],[12.29,-18.7],[12.03,-18.51],[11.94,-18.23],[11.85,-18.14],[11.8,-17.96],[11.72,-17.55],[11.76,-17.27],[11.76,-17.03],[11.79,-16.81],[11.82,-16.78],[11.82,-16.48],[11.78,-16.1],[11.81,-16.02],[11.74,-15.9],[11.75,-15.8],[11.84,-15.79],[11.91,-15.68],[11.99,-15.62],[12.03,-15.49],[12.06,-15.23],[12.1,-15.17],[12.21,-14.83],[12.27,-14.75],[12.3,-14.51],[12.33,-14.43],[12.33,-14.09],[12.42,-13.88],[12.5,-13.86],[12.51,-13.44],[12.63,-13.34],[12.66,-13.26],[12.76,-13.19],[12.94,-12.98],[12.94,-12.82],[13.18,-12.6],[13.36,-12.59],[13.46,-12.51],[13.51,-12.37],[13.64,-12.25],[13.77,-11.92],[13.79,-11.77],[13.78,-11.59],[13.79,-11.34],[13.85,-11.11],[13.83,-10.91],[13.74,-10.78],[13.75,-10.65],[13.52,-10.39],[13.51,-10.28],[13.43,-10.13],[13.32,-9.98],[13.33,-9.89],[13.2,-9.71],[13.22,-9.61],[13.17,-9.4],[13,-9.09],[13.12,-8.95],[13.21,-8.81],[13.29,-8.75],[13.38,-8.76],[13.41,-8.64],[13.34,-8.47],[13.37,-8.32],[13.28,-8.18],[13.12,-7.86],[12.94,-7.44],[12.85,-7.27],[12.82,-6.95],[12.62,-6.73],[12.46,-6.47],[12.4,-6.32],[12.28,-6.15],[12.5,-6.09],[12.65,-6.03],[12.74,-6.05],[12.93,-5.98],[12.99,-5.9],[12.92,-5.81],[12.82,-5.83],[12.72,-5.93],[12.72,-5.98],[12.45,-6.05],[12.46,-5.98],[12.37,-5.95],[12.25,-5.83],[12.15,-5.62],[12.23,-5.48],[12.12,-5.18],[12.13,-5.01],[12.01,-5.02],[11.9,-4.88],[11.85,-4.75],[11.78,-4.68],[11.81,-4.58],[11.69,-4.46],[11.4,-4.22],[11.36,-4.11],[11.07,-3.91],[11.02,-3.86],[10.98,-3.71],[10.81,-3.56],[10.65,-3.45],[10.64,-3.31],[10.45,-3.13],[9.9,-2.7],[9.73,-2.48],[9.84,-2.5],[10.04,-2.61],[10.14,-2.53],[9.91,-2.47],[9.82,-2.42],[9.75,-2.47],[9.7,-2.38],[9.6,-2.35],[9.57,-2.19],[9.37,-2],[9.36,-1.91],[9.24,-1.79],[9.3,-1.58],[9.29,-1.42],[9.16,-1.4],[9.03,-1.3],[9.02,-1.17],[8.88,-0.97],[8.8,-0.73],[8.93,-0.69],[9,-0.81],[9.09,-0.69],[9.1,-0.6],[9.27,-0.41],[9.31,-0.33],[9.31,-0.2],[9.35,0],[8.36,0],[7.38,0],[6.39,0],[5.9,0],[4.92,0],[3.93,0],[2.95,0],[1.97,0],[1.48,0],[0.49,0],[0,0],[0,-0.5],[0,-1.5],[0,-2.5],[0,-3.5],[0,-4.5],[0,-5],[0,-6],[0,-6.99],[0,-7.49],[0,-8.49],[0,-9.49],[0,-9.99],[0,-10.99],[0,-11.99],[0,-12.49],[0,-13.49],[0,-14.49],[0,-14.99],[0,-15.99],[0,-16.99],[0,-17.49],[0,-18.48],[0,-18.98],[0,-19.98],[0,-20.48],[0,-21.48],[0,-22.48],[0,-22.98],[0,-23.98],[0,-24.98],[0,-25.48],[0,-26.48],[0,-27.48],[0,-27.98],[0,-28.98],[0,-29.98],[0,-30.48],[0,-31.47],[0,-32.47],[0,-33.47],[0,-34.47],[0,-34.97],[0,-35.97],[0,-36.97],[1,-36.97],[2,-36.97],[3,-36.97],[4,-36.97],[4.5,-36.97],[5.5,-36.97],[6.5,-36.97],[7.5,-36.97],[8.5,-36.97],[9.5,-36.97],[10.5,-36.97],[11.5,-36.97],[12,-36.97],[13,-36.97],[13.5,-36.97],[14.5,-36.97],[15.5,-36.97],[16,-36.97],[17,-36.97],[18,-36.97],[18.5,-36.97],[19.5,-36.97],[20.5,-36.97],[21,-36.97],[22,-36.97],[23,-36.97],[24,-36.97],[25,-36.97],[26,-36.97],[27,-36.97],[28,-36.97],[29,-36.97],[30,-36.97],[30.5,-36.97],[31.5,-36.97],[32.5,-36.97],[33.5,-36.97],[34,-36.97],[35,-36.97],[36,-36.97],[37,-36.97],[38,-36.97],[39,-36.97],[40,-36.97],[40.5,-36.97],[41.5,-36.97],[42.5,-36.97],[43.5,-36.97],[44.5,-36.97],[45.5,-36.97],[46.5,-36.97],[47.5,-36.97],[48.5,-36.97],[49.5,-36.97],[50.5,-36.97],[51,-36.97],[52,-36.97],[53,-36.97],[54,-36.97],[54.5,-36.97],[55.5,-36.97],[56.5,-36.97],[57.5,-36.97],[58.5,-36.97],[59.5,-36.97],[60.5,-36.97],[61.5,-36.97],[62.5,-36.97],[63.5,-36.97],[64.5,-36.97],[65,-36.97],[66,-36.97],[67,-36.97],[67.5,-36.97],[68.5,-36.97],[69,-36.97],[70,-36.97],[71,-36.97],[72,-36.97],[72.5,-36.97],[73.5,-36.97],[74.5,-36.97],[75.5,-36.97],[76,-36.97],[77,-36.97],[77.5,-36.97],[78.5,-36.97],[79.5,-36.97],[80.5,-36.97],[81.5,-36.97],[82.5,-36.97],[83.5,-36.97],[84.5,-36.97],[85.5,-36.97],[86.5,-36.97],[87.5,-36.97],[88.5,-36.97],[89.5,-36.97],[90,-36.97]],[[44.25,-20.38],[44.26,-20.31],[44.36,-20.14],[44.44,-20.06],[44.48,-19.91],[44.37,-19.77],[44.4,-19.61],[44.48,-19.52],[44.46,-19.42],[44.23,-19.05],[44.26,-18.8],[44.19,-18.61],[44.05,-18.43],[44.04,-18.2],[44,-17.94],[44.04,-17.77],[43.93,-17.6],[43.94,-17.46],[44.18,-17.1],[44.24,-16.97],[44.43,-16.7],[44.42,-16.55],[44.46,-16.49],[44.4,-16.37],[44.45,-16.19],[44.76,-16.2],[44.85,-16.23],[45.04,-16.12],[45.14,-15.99],[45.27,-15.92],[45.33,-16.11],[45.41,-16.05],[45.38,-15.97],[45.64,-15.94],[45.62,-15.85],[45.69,-15.78],[45.82,-15.81],[45.89,-15.78],[46.02,-15.79],[46.14,-15.7],[46.25,-15.76],[46.21,-15.82],[46.29,-15.94],[46.37,-15.96],[46.38,-15.83],[46.31,-15.69],[46.33,-15.63],[46.88,-15.23],[46.97,-15.2],[47,-15.28],[47.07,-15.32],[46.97,-15.49],[47.23,-15.43],[47.06,-15.22],[47.09,-15.13],[47.21,-15.05],[47.29,-14.92],[47.29,-14.85],[47.44,-14.67],[47.5,-14.71],[47.5,-14.85],[47.42,-14.97],[47.41,-15.09],[47.48,-15.08],[47.69,-14.7],[47.75,-14.6],[47.7,-14.45],[47.71,-14.37],[47.81,-14.22],[47.93,-14.25],[48.04,-14.15],[48.05,-14.08],[47.94,-14],[47.88,-13.78],[47.9,-13.6],[48.03,-13.52],[48.14,-13.6],[48.18,-13.75],[48.27,-13.81],[48.33,-13.78],[48.33,-13.66],[48.43,-13.52],[48.53,-13.51],[48.6,-13.44],[48.75,-13.41],[48.84,-13.26],[48.84,-13.08],[48.94,-12.93],[48.96,-12.81],[48.87,-12.64],[48.89,-12.56],[48.77,-12.45],[48.85,-12.41],[48.96,-12.47],[48.98,-12.33],[49.12,-12.24],[49.2,-12.15],[49.2,-12.05],[49.26,-11.94],[49.32,-12],[49.35,-12.15],[49.25,-12.18],[49.35,-12.3],[49.54,-12.38],[49.59,-12.48],[49.56,-12.62],[49.73,-12.74],[49.86,-12.88],[49.94,-13.03],[49.94,-13.17],[49.97,-13.33],[50.03,-13.36],[50.04,-13.5],[50.14,-13.78],[50.17,-14.06],[50.16,-14.2],[50.21,-14.29],[50.19,-14.46],[50.21,-14.62],[50.28,-14.88],[50.36,-15.03],[50.48,-15.2],[50.5,-15.32],[50.43,-15.6],[50.34,-15.81],[50.24,-15.96],[50.17,-15.98],[50.04,-15.86],[49.98,-15.73],[49.98,-15.63],[49.91,-15.56],[49.9,-15.42],[49.75,-15.44],[49.64,-15.54],[49.73,-15.91],[49.68,-16.05],[49.7,-16.12],[49.85,-16.21],[49.83,-16.41],[49.85,-16.55],[49.72,-16.71],[49.78,-16.86],[49.62,-16.89],[49.53,-17.04],[49.43,-17.28],[49.5,-17.66],[49.5,-17.8],[49.41,-18.07],[49.36,-18.42],[49.24,-18.66],[49.19,-18.84],[49.08,-19.07],[48.99,-19.38],[48.86,-19.68],[48.82,-19.9],[48.7,-20.2],[48.56,-20.58],[48.46,-20.93],[48.46,-21.01],[48.2,-21.8],[47.95,-22.35],[47.9,-22.48],[47.83,-22.9],[47.76,-23.11],[47.74,-23.26],[47.62,-23.59],[47.57,-23.85],[47.5,-24.02],[47.46,-24.04],[47.34,-24.32],[47.31,-24.49],[47.14,-24.91],[46.96,-25.07],[46.93,-25.05],[46.77,-25.15],[46.65,-25.18],[46.39,-25.16],[46.24,-25.2],[46.04,-25.28],[45.77,-25.41],[45.67,-25.49],[45.49,-25.57],[45.14,-25.58],[45.12,-25.53],[44.98,-25.47],[44.83,-25.34],[44.73,-25.3],[44.37,-25.26],[44.19,-25.07],[44.03,-25],[44,-24.87],[43.93,-24.77],[43.93,-24.65],[43.84,-24.51],[43.71,-24.41],[43.66,-24.19],[43.66,-23.87],[43.64,-23.64],[43.75,-23.57],[43.76,-23.45],[43.63,-23.34],[43.58,-23.08],[43.49,-23],[43.36,-22.83],[43.28,-22.59],[43.28,-22.43],[43.22,-22.25],[43.3,-22.17],[43.25,-22.04],[43.34,-21.77],[43.41,-21.67],[43.47,-21.67],[43.47,-21.41],[43.59,-21.27],[43.73,-21.28],[43.81,-21.22],[43.9,-20.88],[43.96,-20.77],[44.04,-20.73],[44.13,-20.5],[44.25,-20.38]],[[48.33,-13.36],[48.21,-13.38],[48.2,-13.25],[48.31,-13.25],[48.33,-13.36]],[[45.2,-12.72],[45.21,-12.85],[45.13,-12.99],[45.09,-12.76],[45.2,-12.72]],[[44.53,-12.23],[44.53,-12.35],[44.33,-12.24],[44.42,-12.12],[44.48,-12.09],[44.53,-12.23]],[[49.96,-16.78],[49.91,-16.97],[49.86,-16.92],[49.96,-16.78]],[[57.8,-20.22],[57.78,-20.32],[57.67,-20.48],[57.5,-20.52],[57.4,-20.5],[57.36,-20.43],[57.37,-20.26],[57.49,-20.14],[57.53,-20.02],[57.67,-19.99],[57.8,-20.22]],[[55.79,-21.1],[55.85,-21.16],[55.82,-21.32],[55.71,-21.37],[55.55,-21.36],[55.35,-21.27],[55.23,-21.05],[55.3,-20.91],[55.41,-20.86],[55.58,-20.87],[55.7,-20.95],[55.79,-21.1]],[[43.47,-11.82],[43.37,-11.86],[43.26,-11.82],[43.21,-11.73],[43.24,-11.67],[43.28,-11.38],[43.4,-11.42],[43.38,-11.61],[43.47,-11.82]],[[39.9,-7.64],[39.89,-7.75],[39.82,-7.91],[39.65,-7.99],[39.62,-7.94],[39.72,-7.81],[39.8,-7.79],[39.9,-7.64]],[[39.54,-6.32],[39.57,-6.42],[39.51,-6.46],[39.38,-6.36],[39.32,-6.25],[39.26,-6.3],[39.18,-6.16],[39.21,-6.11],[39.19,-5.91],[39.36,-5.8],[39.35,-5.9],[39.46,-6.2],[39.52,-6.18],[39.54,-6.32]],[[39.64,-5.41],[39.67,-5.3],[39.74,-5.24],[39.74,-5.16],[39.68,-4.95],[39.81,-4.96],[39.86,-5.23],[39.8,-5.41],[39.64,-5.41]]]},"properties":{"featurecla":"Bathymetry","depth":0,"scalerank":0}},
{"type":"Feature","geometry":{"type":"Polygon","coordinates":[[[0,-36.97],[0,-35.97],[0,-34.97],[0,-34.47],[0,-33.47],[0,-32.47],[0,-31.47],[0,-30.48],[0,-29.98],[0,-28.98],[0,-27.98],[0,-27.48],[0,-26.48],[0,-25.48],[0,-24.98],[0,-23.98],[0,-22.98],[0,-22.48],[0,-21.48],[0,-20.48],[0,-19.98],[0,-18.98],[0,-18.48],[0,-17.49],[0,-16.99],[0,-15.99],[0,-14.99],[0,-14.49],[0,-13.49],[0,-12.49],[0,-11.99],[0,-10.99],[0,-9.99],[0,-9.49],[0,-8.49],[0,-7.49],[0,-6.99],[0,-6],[0,-5],[0,-4.5],[0,-3.5],[0,-2.5],[0,-1.5],[0,-0.5],[0,0],[-1,0],[-1.99,0],[-2.98,0],[-3.98,0],[-4.97,0],[-5.97,0],[-6.47,0],[-7.46,0],[-7.96,0],[-8.95,0],[-9.45,0],[-10.45,0],[-11.44,0],[-12.44,0],[-13.43,0],[-14.43,0],[-15.42,0],[-15.92,0],[-16.91,0],[-17.91,0],[-18.41,0],[-19.4,0],[-20.4,0],[-20.89,0],[-21.89,0],[-22.88,0],[-23.38,0],[-24.37,0],[-25.37,0],[-25.87,0],[-26.86,0],[-27.86,0],[-28.85,0],[-29.35,0],[-30.34,0],[-31.34,0],[-31.84,0],[-32.83,0],[-33.33,0],[-34.32,0],[-34.82,0],[-35.82,0],[-36.31,0],[-37.31,0],[-38.3,0],[-39.3,0],[-39.8,0],[-40.79,0],[-41.29,0],[-42.28,0],[-43.28,0],[-44.27,0],[-45.27,0],[-45.76,0],[-46.76,0],[-47.75,0],[-48.01,0.41],[-48.52,1.23],[-49.04,2.04],[-49.91,1.66],[-49.87,1.36],[-49.92,1.22],[-49.89,1.17],[-49.98,1.07],[-50.31,0.82],[-50.35,0.74],[-50.47,0.65],[-50.61,0.37],[-50.79,0.17],[-50.93,0.16],[-51.07,-0.02],[-51.2,-0.05],[-51.32,-0.22],[-51.45,-0.47],[-51.52,-0.54],[-51.7,-0.75],[-51.72,-0.88],[-51.72,-1.04],[-51.83,-1.13],[-51.93,-1.18],[-51.92,-1.33],[-52.07,-1.41],[-52.2,-1.34],[-52.4,-1.42],[-52.56,-1.52],[-52.42,-1.57],[-52.28,-1.52],[-52.2,-1.68],[-52.12,-1.62],[-51.91,-1.57],[-51.67,-1.4],[-51.44,-1.31],[-51.4,-1.25],[-51.27,-1.22],[-51.16,-1.1],[-51.03,-1.04],[-50.94,-0.91],[-50.84,-0.91],[-50.82,-1.03],[-50.9,-1.12],[-50.82,-1.23],[-50.82,-1.44],[-50.77,-1.54],[-50.69,-1.61],[-50.65,-1.74],[-50.57,-1.89],[-50.37,-1.97],[-50.28,-1.89],[-49.98,-1.83],[-49.81,-1.9],[-49.68,-1.91],[-49.49,-1.76],[-49.45,-1.87],[-49.38,-1.9],[-49.45,-2.18],[-49.5,-2.26],[-49.55,-2.41],[-49.53,-2.63],[-49.44,-2.47],[-49.43,-2.37],[-49.33,-2.2],[-49.23,-1.95],[-49.15,-1.86],[-49.12,-1.77],[-49.01,-1.68],[-48.97,-1.6],[-48.81,-1.62],[-48.64,-1.39],[-48.54,-1.58],[-48.44,-1.57],[-48.41,-1.46],[-48.5,-1.45],[-48.48,-1.28],[-48.34,-1.32],[-48.27,-1.13],[-48.3,-1.06],[-48.2,-1.03],[-48.16,-0.96],[-48.14,-0.84],[-48.15,-0.78],[-48.02,-0.72],[-47.95,-0.74],[-47.73,-0.64],[-47.65,-0.72],[-47.6,-0.68],[-47.58,-0.58],[-47.41,-0.66],[-47.29,-0.59],[-47.08,-0.75],[-46.86,-0.77],[-46.77,-0.87],[-46.61,-0.81],[-46.56,-0.93],[-46.48,-0.92],[-46.48,-1.02],[-46.41,-1.04],[-46.22,-1.01],[-46.22,-1.14],[-46.09,-1.08],[-46.06,-1.15],[-45.96,-1.22],[-45.89,-1.17],[-45.81,-1.28],[-45.7,-1.16],[-45.66,-1.33],[-45.6,-1.27],[-45.52,-1.31],[-45.5,-1.48],[-45.4,-1.44],[-45.34,-1.58],[-45.37,-1.68],[-45.28,-1.73],[-45.23,-1.68],[-45.25,-1.58],[-45.16,-1.48],[-45.09,-1.46],[-44.89,-1.5],[-44.92,-1.58],[-44.72,-1.72],[-44.71,-1.81],[-44.52,-1.85],[-44.49,-2],[-44.66,-2.23],[-44.55,-2.22],[-44.5,-2.15],[-44.4,-2.2],[-44.36,-2.31],[-44.4,-2.4],[-44.47,-2.4],[-44.65,-2.77],[-44.69,-2.99],[-44.61,-3.11],[-44.43,-2.95],[-44.37,-2.67],[-44.37,-2.55],[-44.07,-2.4],[-44.03,-2.51],[-44.14,-2.67],[-44.26,-2.77],[-44.06,-2.78],[-44.01,-2.63],[-43.74,-2.52],[-43.62,-2.51],[-43.48,-2.54],[-43.45,-2.34],[-43.31,-2.35],[-42.92,-2.49],[-42.82,-2.55],[-42.71,-2.56],[-42.63,-2.64],[-42.45,-2.75],[-42.26,-2.76],[-42.22,-2.81],[-42,-2.81],[-42,-2.72],[-41.82,-2.73],[-41.68,-2.88],[-41.34,-2.92],[-41.26,-2.88],[-41.14,-2.89],[-40.58,-2.83],[-40.5,-2.79],[-39.99,-2.85],[-39.68,-3.02],[-39.49,-3.15],[-39.36,-3.18],[-39.08,-3.38],[-38.99,-3.4],[-38.92,-3.51],[-38.81,-3.55],[-38.66,-3.68],[-38.46,-3.72],[-38.38,-3.87],[-38.25,-3.96],[-38.11,-4.16],[-37.85,-4.38],[-37.77,-4.4],[-37.71,-4.52],[-37.61,-4.61],[-37.32,-4.7],[-37.27,-4.74],[-37.18,-4.91],[-37.13,-4.93],[-36.9,-4.94],[-36.79,-5.05],[-36.59,-5.1],[-36.42,-5.08],[-36.13,-5.1],[-36,-5.05],[-35.51,-5.14],[-35.42,-5.21],[-35.26,-5.48],[-35.2,-5.69],[-35.15,-5.92],[-35.11,-6],[-35.09,-6.19],[-35.04,-6.24],[-34.96,-6.54],[-34.97,-6.62],[-34.9,-6.89],[-34.86,-6.91],[-34.86,-7.07],[-34.8,-7.16],[-34.81,-7.48],[-34.81,-7.62],[-34.9,-7.72],[-34.89,-7.8],[-34.81,-7.91],[-34.85,-8.07],[-34.93,-8.24],[-34.94,-8.35],[-35.13,-8.81],[-35.15,-8.91],[-35.31,-9.19],[-35.39,-9.31],[-35.48,-9.37],[-35.58,-9.53],[-35.85,-9.73],[-35.88,-9.86],[-35.95,-9.91],[-36.04,-10.06],[-36.25,-10.25],[-36.29,-10.35],[-36.41,-10.5],[-36.58,-10.55],[-36.9,-10.77],[-37.04,-10.95],[-37.17,-11.2],[-37.29,-11.32],[-37.32,-11.41],[-37.43,-11.57],[-37.65,-12.05],[-37.79,-12.26],[-38.05,-12.64],[-38.32,-12.94],[-38.51,-13.02],[-38.48,-12.85],[-38.51,-12.72],[-38.63,-12.7],[-38.72,-12.62],[-38.74,-12.74],[-38.83,-12.87],[-38.74,-12.88],[-38.8,-13.02],[-38.89,-13.07],[-38.84,-13.16],[-38.96,-13.26],[-39.06,-13.4],[-39.01,-13.5],[-38.97,-13.67],[-39.01,-13.83],[-38.93,-13.9],[-38.92,-14],[-38.99,-14.21],[-38.99,-14.31],[-39.07,-14.67],[-39.02,-14.82],[-39,-15.23],[-38.92,-15.72],[-38.86,-15.84],[-39.05,-16.44],[-39.14,-16.8],[-39.12,-16.9],[-39.21,-17.16],[-39.22,-17.3],[-39.18,-17.6],[-39.14,-17.68],[-39.28,-17.87],[-39.38,-17.9],[-39.5,-18.01],[-39.62,-18.19],[-39.72,-18.52],[-39.74,-18.68],[-39.74,-18.9],[-39.7,-19.24],[-39.71,-19.42],[-39.79,-19.6],[-39.83,-19.66],[-40.03,-19.76],[-40.15,-20.02],[-40.19,-20.19],[-40.28,-20.31],[-40.35,-20.5],[-40.42,-20.62],[-40.48,-20.65],[-40.58,-20.8],[-40.73,-20.84],[-40.8,-20.93],[-40.81,-21.04],[-40.97,-21.27],[-40.96,-21.36],[-41.07,-21.52],[-41.02,-21.61],[-41.02,-21.72],[-40.97,-21.95],[-41,-22.01],[-41.24,-22.15],[-41.47,-22.2],[-41.67,-22.28],[-41.77,-22.35],[-41.97,-22.54],[-41.99,-22.7],[-41.92,-22.78],[-41.99,-22.83],[-42.06,-22.95],[-42.38,-22.94],[-42.62,-22.94],[-42.7,-22.97],[-43.03,-22.97],[-43.12,-22.93],[-43.1,-22.84],[-43.03,-22.78],[-43.08,-22.67],[-43.27,-22.75],[-43.24,-22.84],[-43.16,-22.9],[-43.22,-23],[-43.45,-23.02],[-43.54,-23.05],[-43.73,-22.94],[-43.86,-22.9],[-44.06,-22.94],[-44.19,-23.05],[-44.3,-23],[-44.34,-22.92],[-44.44,-23],[-44.67,-23.06],[-44.71,-23.19],[-44.67,-23.23],[-44.51,-23.27],[-44.58,-23.35],[-44.67,-23.34],[-44.84,-23.39],[-44.92,-23.35],[-45.08,-23.5],[-45.25,-23.59],[-45.3,-23.57],[-45.43,-23.66],[-45.41,-23.82],[-45.51,-23.84],[-45.72,-23.77],[-45.86,-23.76],[-46.08,-23.83],[-46.23,-23.99],[-46.36,-23.89],[-46.41,-24.01],[-46.59,-24.09],[-46.97,-24.3],[-47.05,-24.43],[-47.18,-24.53],[-47.44,-24.68],[-47.54,-24.7],[-47.83,-24.89],[-47.89,-24.96],[-47.89,-25.06],[-47.95,-25.2],[-48.09,-25.33],[-48.25,-25.41],[-48.3,-25.34],[-48.41,-25.28],[-48.46,-25.47],[-48.64,-25.44],[-48.62,-25.53],[-48.52,-25.51],[-48.36,-25.57],[-48.43,-25.62],[-48.52,-25.77],[-48.61,-26.04],[-48.58,-26.16],[-48.8,-26.3],[-48.64,-26.38],[-48.61,-26.46],[-48.66,-26.56],[-48.68,-26.72],[-48.63,-26.77],[-48.62,-26.98],[-48.58,-27.02],[-48.61,-27.3],[-48.55,-27.34],[-48.65,-27.48],[-48.58,-27.59],[-48.65,-27.65],[-48.63,-27.77],[-48.57,-27.86],[-48.66,-28.21],[-48.78,-28.49],[-48.82,-28.61],[-48.94,-28.65],[-49.34,-28.92],[-49.55,-29.13],[-49.81,-29.44],[-50.05,-29.81],[-50.32,-30.46],[-50.72,-31.04],[-51.03,-31.38],[-51.15,-31.48],[-51.56,-31.78],[-51.86,-31.93],[-52.03,-32.11],[-52.09,-31.86],[-52.05,-31.81],[-51.92,-31.87],[-51.79,-31.79],[-51.67,-31.77],[-51.51,-31.62],[-51.43,-31.5],[-51.33,-31.52],[-51.24,-31.46],[-51.18,-31.36],[-51.18,-31.15],[-50.99,-31.05],[-50.94,-30.9],[-50.73,-30.79],[-50.68,-30.64],[-50.69,-30.35],[-50.61,-30.49],[-50.54,-30.32],[-50.6,-30.19],[-50.67,-30.29],[-50.8,-30.32],[-50.9,-30.31],[-50.94,-30.43],[-51.03,-30.38],[-51.01,-30.28],[-51.12,-30.26],[-51.31,-30.15],[-51.29,-30.27],[-51.2,-30.4],[-51.25,-30.46],[-51.29,-30.62],[-51.38,-30.66],[-51.36,-30.88],[-51.46,-30.89],[-51.48,-31.01],[-51.44,-31.08],[-51.62,-31.14],[-51.65,-31.26],[-51.92,-31.31],[-52,-31.43],[-52,-31.55],[-52.09,-31.61],[-52.1,-31.69],[-52.2,-31.73],[-52.25,-31.84],[-52.17,-31.94],[-52.26,-32.05],[-52.14,-32.12],[-52.13,-32.18],[-52.25,-32.28],[-52.38,-32.5],[-52.47,-32.8],[-52.62,-33.1],[-52.82,-33.32],[-53.09,-33.53],[-53.27,-33.68],[-53.4,-33.75],[-53.47,-33.83],[-53.54,-34.06],[-53.71,-34.2],[-53.78,-34.34],[-53.76,-34.39],[-53.97,-34.49],[-54.12,-34.61],[-54.15,-34.67],[-54.31,-34.71],[-54.94,-34.97],[-55.08,-34.88],[-55.26,-34.9],[-55.38,-34.8],[-55.6,-34.77],[-55.79,-34.77],[-56.07,-34.9],[-56.31,-34.91],[-56.42,-34.83],[-56.45,-34.76],[-56.57,-34.76],[-56.8,-34.7],[-56.9,-34.64],[-57.12,-34.46],[-57.2,-34.44],[-57.54,-34.45],[-57.62,-34.43],[-57.82,-34.48],[-58.08,-34.19],[-58.2,-34.16],[-58.32,-33.99],[-58.39,-33.94],[-58.43,-33.78],[-58.43,-33.53],[-58.39,-33.47],[-58.41,-33.37],[-58.35,-33.28],[-58.37,-33.15],[-58.31,-33.11],[-58.17,-33.11],[-58.08,-33.03],[-58.05,-32.91],[-58.12,-32.82],[-58.16,-32.58],[-58.22,-32.53],[-58.18,-32.83],[-58.14,-32.9],[-58.15,-33.05],[-58.24,-33.1],[-58.38,-33.08],[-58.43,-33.23],[-58.41,-33.3],[-58.52,-33.45],[-58.55,-33.68],[-58.4,-34.03],[-58.38,-34.19],[-58.46,-34.27],[-58.45,-34.37],[-58.51,-34.44],[-58.47,-34.52],[-58.32,-34.66],[-58.15,-34.75],[-57.87,-34.83],[-57.76,-34.91],[-57.52,-35.01],[-57.25,-35.25],[-57.13,-35.42],[-57.14,-35.48],[-57.35,-35.73],[-57.39,-35.86],[-57.37,-35.99],[-57.25,-36.17],[-57.11,-36.28],[-56.93,-36.36],[-56.77,-36.34],[-56.7,-36.4],[-56.67,-36.6],[-56.67,-36.89],[-56.73,-36.97],[-56.23,-36.97],[-55.23,-36.97],[-54.74,-36.97],[-53.74,-36.97],[-52.75,-36.97],[-52.25,-36.97],[-51.25,-36.97],[-50.26,-36.97],[-49.76,-36.97],[-48.76,-36.97],[-47.77,-36.97],[-47.27,-36.97],[-46.28,-36.97],[-45.78,-36.97],[-44.78,-36.97],[-43.79,-36.97],[-42.79,-36.97],[-42.3,-36.97],[-41.3,-36.97],[-40.31,-36.97],[-39.81,-36.97],[-38.81,-36.97],[-37.82,-36.97],[-36.82,-36.97],[-36.32,-36.97],[-35.33,-36.97],[-34.33,-36.97],[-33.84,-36.97],[-32.84,-36.97],[-31.85,-36.97],[-31.35,-36.97],[-30.35,-36.97],[-29.36,-36.97],[-28.86,-36.97],[-27.87,-36.97],[-26.87,-36.97],[-26.37,-36.97],[-25.38,-36.97],[-24.38,-36.97],[-23.88,-36.97],[-22.89,-36.97],[-21.89,-36.97],[-20.9,-36.97],[-20.4,-36.97],[-19.41,-36.97],[-18.41,-36.97],[-17.42,-36.97],[-16.92,-36.97],[-15.92,-36.97],[-15.43,-36.97],[-14.43,-36.97],[-13.44,-36.97],[-12.94,-36.97],[-11.94,-36.97],[-10.95,-36.97],[-9.95,-36.97],[-8.96,-36.97],[-8.46,-36.97],[-7.46,-36.97],[-6.97,-36.97],[-5.97,-36.97],[-4.98,-36.97],[-4.48,-36.97],[-3.48,-36.97],[-2.49,-36.97],[-1.49,-36.97],[-1,-36.97],[0,-36.97]],[[-49.83,-0.1],[-49.74,0],[-49.63,0.06],[-49.43,0.07],[-49.35,-0.01],[-49.44,-0.12],[-49.69,-0.14],[-49.83,-0.1]],[[-50.97,-0.29],[-51.03,-0.17],[-50.95,-0.01],[-50.77,0.05],[-50.66,-0.02],[-50.63,-0.09],[-50.92,-0.33],[-50.97,-0.29]],[[-50.63,0.07],[-50.61,0.18],[-50.45,0.13],[-50.45,-0.02],[-50.56,0],[-50.63,0.07]],[[-50.38,0.24],[-50.43,0.17],[-50.52,0.21],[-50.41,0.43],[-50.43,0.55],[-50.35,0.57],[-50.36,0.41],[-50.32,0.29],[-50.38,0.24]],[[-50.04,0.3],[-49.92,0.29],[-49.65,0.39],[-49.56,0.39],[-49.53,0.3],[-49.69,0.21],[-49.83,0.01],[-50,-0.05],[-50.07,0.02],[-50.21,0.04],[-50.3,0.01],[-50.38,0.13],[-50.37,0.21],[-50.11,0.22],[-50.04,0.3]],[[-50.31,0.41],[-50.3,0.53],[-50.24,0.59],[-50.04,0.61],[-50.04,0.51],[-50.28,0.36],[-50.31,0.41]],[[-48.46,-0.58],[-48.54,-0.89],[-48.61,-0.93],[-48.64,-1.08],[-48.84,-1.21],[-48.79,-1.28],[-48.84,-1.44],[-48.92,-1.5],[-49.07,-1.53],[-49.18,-1.4],[-49.22,-1.62],[-49.37,-1.65],[-49.56,-1.65],[-49.56,-1.72],[-49.82,-1.82],[-50.05,-1.7],[-50.16,-1.78],[-50.29,-1.73],[-50.3,-1.8],[-50.41,-1.83],[-50.56,-1.8],[-50.59,-1.68],[-50.74,-1.53],[-50.8,-1.42],[-50.81,-1.31],[-50.78,-1.17],[-50.8,-0.91],[-50.77,-0.81],[-50.78,-0.66],[-50.7,-0.36],[-50.58,-0.19],[-50.41,-0.16],[-50.37,-0.11],[-50.1,-0.13],[-49.65,-0.24],[-49.43,-0.23],[-49.39,-0.18],[-49.22,-0.14],[-48.93,-0.16],[-48.89,-0.22],[-48.7,-0.24],[-48.6,-0.23],[-48.43,-0.26],[-48.37,-0.37],[-48.45,-0.49],[-48.46,-0.58]],[[-48.19,-0.82],[-48.16,-0.87],[-48.21,-1.02],[-48.32,-0.97],[-48.24,-0.84],[-48.19,-0.82]],[[-48.34,-1.07],[-48.3,-1.13],[-48.38,-1.22],[-48.46,-1.16],[-48.42,-1.08],[-48.34,-1.07]],[[-49.29,-1.76],[-49.37,-1.9],[-49.45,-1.85],[-49.34,-1.71],[-49.29,-1.76]],[[-51.19,-0.61],[-51.16,-0.68],[-51.23,-0.84],[-51.27,-1.02],[-51.33,-1.01],[-51.43,-1.19],[-51.79,-1.45],[-51.89,-1.48],[-51.95,-1.42],[-51.87,-1.24],[-51.72,-1.13],[-51.68,-0.85],[-51.51,-0.61],[-51.31,-0.52],[-51.19,-0.61]],[[-50.82,-0.62],[-50.84,-0.72],[-50.93,-0.73],[-51.1,-0.83],[-51.1,-0.73],[-50.96,-0.61],[-50.84,-0.56],[-50.82,-0.62]],[[-51.17,-0.14],[-51.15,-0.26],[-51.2,-0.34],[-51.38,-0.46],[-51.26,-0.22],[-51.17,-0.14]],[[-50.2,0.75],[-50.27,0.81],[-50.13,0.91],[-50.02,0.89],[-50.1,0.76],[-50.2,0.75]],[[-44.89,-1.27],[-44.89,-1.33],[-44.98,-1.4],[-45.03,-1.34],[-44.97,-1.26],[-44.89,-1.27]],[[-43.63,-2.25],[-43.63,-2.4],[-43.74,-2.41],[-43.74,-2.33],[-43.63,-2.25]],[[-44.1,-23.15],[-44.23,-23.19],[-44.24,-23.07],[-44.1,-23.15]],[[-45.21,-23.91],[-45.39,-23.94],[-45.45,-23.88],[-45.32,-23.73],[-45.23,-23.77],[-45.21,-23.91]],[[-48.54,-26.34],[-48.61,-26.41],[-48.7,-26.32],[-48.63,-26.24],[-48.49,-26.24],[-48.54,-26.34]],[[-48.43,-27.4],[-48.38,-27.46],[-48.41,-27.6],[-48.5,-27.7],[-48.53,-27.48],[-48.43,-27.4]]]},"properties":{"featurecla":"Bathymetry","depth":0,"scalerank":0}},
{"type":"Feature","geometry":{"type":"Polygon","coordinates":[[[-90,-36.97],[-90,-35.97],[-90,-35.47],[-90,-34.47],[-90,-33.48],[-90,-32.48],[-90,-31.98],[-90,-30.98],[-90,-29.98],[-90,-29.48],[-90,-28.49],[-90,-27.49],[-90,-26.49],[-90,-25.99],[-90,-24.99],[-90,-23.99],[-90,-23],[-90,-22.5],[-90,-21.5],[-90,-20.5],[-90,-19.5],[-90,-18.51],[-90,-18.01],[-90,-17.01],[-90,-16.51],[-90,-15.51],[-90,-15.01],[-90,-14.01],[-90,-13.02],[-90,-12.52],[-90,-11.52],[-90,-11.02],[-90,-10.02],[-90,-9.02],[-90,-8.03],[-90,-7.53],[-90,-6.53],[-90,-5.53],[-90,-4.53],[-90,-3.53],[-90,-2.54],[-90,-1.54],[-90,-0.54],[-90,0.46],[-90,1.46],[-90,2.45],[-90.95,2.45],[-91.42,2.45],[-92.37,2.45],[-92.84,2.45],[-92.84,1.47],[-92.83,0.49],[-92.83,0],[-93.82,0],[-94.82,0],[-95.82,0],[-96.81,0],[-97.81,0],[-98.8,0],[-99.8,0],[-100.3,0],[-101.3,0],[-102.29,0],[-102.79,0],[-103.79,0],[-104.78,0],[-105.78,0],[-106.78,0],[-107.77,0],[-108.77,0],[-109.76,0],[-110.26,0],[-111.26,0],[-111.76,0],[-112.75,0],[-113.75,0],[-114.25,0],[-115.24,0],[-116.24,0],[-116.74,0],[-117.73,0],[-118.73,0],[-119.73,0],[-120.72,0],[-121.72,0],[-122.22,0],[-123.21,0],[-124.21,0],[-125.21,0],[-126.2,0],[-127.2,0],[-128.19,0],[-128.69,0],[-129.69,0],[-130.19,0],[-131.18,0],[-132.18,0],[-133.18,0],[-134.17,0],[-135.17,0],[-136.16,0],[-137.16,0],[-138.16,0],[-138.66,0],[-139.65,0],[-140.15,0],[-141.15,0],[-142.14,0],[-142.64,0],[-143.64,0],[-144.63,0],[-145.13,0],[-146.13,0],[-147.12,0],[-148.12,0],[-149.12,0],[-150.11,0],[-150.61,0],[-151.61,0],[-152.6,0],[-153.6,0],[-154.6,0],[-155.59,0],[-156.59,0],[-157.58,0],[-158.58,0],[-159.08,0],[-160.07,0],[-160.57,0],[-161.57,0],[-162.57,0],[-163.06,0],[-164.06,0],[-164.56,0],[-165.55,0],[-166.55,0],[-167.55,0],[-168.54,0],[-169.54,0],[-170.54,0],[-171.53,0],[-172.53,0],[-173.52,0],[-174.52,0],[-175.02,0],[-176.01,0],[-176.51,0],[-177.51,0],[-178.51,0],[-179,0],[-180,0],[-180,-0.25],[-180,-0.75],[-180,-1.25],[-180,-1.75],[-180,-2.24],[-180,-2.74],[-180,-3.24],[-180,-3.74],[-180,-4.24],[-180,-4.74],[-180,-5.24],[-180,-5.73],[-180,-6.23],[-180,-6.73],[-180,-7.23],[-180,-7.73],[-180,-8.23],[-180,-8.73],[-180,-9.22],[-180,-9.72],[-180,-10.22],[-180,-10.72],[-180,-11.22],[-180,-11.72],[-180,-12.22],[-180,-12.71],[-180,-13.21],[-180,-13.71],[-180,-14.21],[-180,-14.71],[-180,-15.21],[-180,-15.71],[-180,-16.15],[-180,-16.17],[-180,-16.2],[-180,-16.49],[-180,-16.54],[-180,-16.7],[-180,-16.79],[-179.92,-16.69],[-179.82,-16.78],[-180,-16.96],[-180,-17.2],[-180,-17.7],[-180,-18.2],[-180,-18.7],[-180,-19.2],[-180,-19.7],[-180,-20.19],[-180,-20.69],[-180,-21.19],[-180,-21.69],[-180,-22.19],[-180,-22.69],[-180,-23.19],[-180,-23.68],[-180,-24.18],[-180,-24.68],[-180,-25.18],[-180,-25.68],[-180,-26.18],[-180,-26.68],[-180,-27.17],[-180,-27.67],[-180,-28.17],[-180,-28.67],[-180,-29.17],[-180,-29.67],[-180,-30.17],[-180,-30.66],[-180,-31.16],[-180,-31.66],[-180,-32.16],[-180,-32.66],[-180,-33.16],[-180,-33.66],[-180,-34.16],[-180,-34.65],[-180,-35.15],[-180,-35.65],[-180,-36.15],[-180,-36.65],[-180,-36.97],[-179.5,-36.97],[-178.5,-36.97],[-177.5,-36.97],[-176.5,-36.97],[-176,-36.97],[-175,-36.97],[-174.5,-36.97],[-173.5,-36.97],[-172.5,-36.97],[-172,-36.97],[-171,-36.97],[-170.5,-36.97],[-169.5,-36.97],[-168.5,-36.97],[-168,-36.97],[-167,-36.97],[-166,-36.97],[-165.5,-36.97],[-164.5,-36.97],[-163.5,-36.97],[-163,-36.97],[-162,-36.97],[-161,-36.97],[-160,-36.97],[-159,-36.97],[-158.5,-36.97],[-157.5,-36.97],[-156.5,-36.97],[-155.5,-36.97],[-155,-36.97],[-154,-36.97],[-153,-36.97],[-152,-36.97],[-151,-36.97],[-150,-36.97],[-149,-36.97],[-148.5,-36.97],[-147.5,-36.97],[-147,-36.97],[-146,-36.97],[-145.5,-36.97],[-144.5,-36.97],[-144,-36.97],[-143,-36.97],[-142,-36.97],[-141.5,-36.97],[-140.5,-36.97],[-139.5,-36.97],[-138.5,-36.97],[-137.5,-36.97],[-136.5,-36.97],[-135.5,-36.97],[-134.5,-36.97],[-134,-36.97],[-133,-36.97],[-132,-36.97],[-131.5,-36.97],[-130.5,-36.97],[-129.5,-36.97],[-128.5,-36.97],[-127.5,-36.97],[-126.5,-36.97],[-126,-36.97],[-125,-36.97],[-124,-36.97],[-123.5,-36.97],[-122.5,-36.97],[-121.5,-36.97],[-120.5,-36.97],[-119.5,-36.97],[-118.5,-36.97],[-118,-36.97],[-117,-36.97],[-116,-36.97],[-115.5,-36.97],[-114.5,-36.97],[-113.5,-36.97],[-112.5,-36.97],[-111.5,-36.97],[-110.5,-36.97],[-109.5,-36.97],[-109,-36.97],[-108,-36.97],[-107.5,-36.97],[-106.5,-36.97],[-106,-36.97],[-105,-36.97],[-104,-36.97],[-103,-36.97],[-102.5,-36.97],[-101.5,-36.97],[-101,-36.97],[-100,-36.97],[-99,-36.97],[-98.5,-36.97],[-97.5,-36.97],[-97,-36.97],[-96,-36.97],[-95,-36.97],[-94.5,-36.97],[-93.5,-36.97],[-93,-36.97],[-92,-36.97],[-91,-36.97],[-90,-36.97]],[[-109.23,-27.09],[-109.24,-27.13],[-109.45,-27.19],[-109.37,-27.06],[-109.23,-27.09]],[[-175.07,-21.12],[-175.15,-21.27],[-175.33,-21.17],[-175.25,-21.11],[-175.15,-21.17],[-175.07,-21.12]],[[-169.85,-18.97],[-169.79,-19.05],[-169.9,-19.14],[-169.95,-19.09],[-169.85,-18.97]],[[-149.18,-17.73],[-149.15,-17.8],[-149.19,-17.87],[-149.28,-17.84],[-149.34,-17.72],[-149.45,-17.76],[-149.59,-17.73],[-149.64,-17.6],[-149.6,-17.53],[-149.43,-17.5],[-149.35,-17.54],[-149.3,-17.71],[-149.18,-17.73]],[[-151.48,-16.74],[-151.35,-16.86],[-151.46,-16.9],[-151.48,-16.74]],[[-170.59,-14.26],[-170.76,-14.37],[-170.83,-14.32],[-170.66,-14.25],[-170.59,-14.26]],[[-171.56,-13.95],[-171.47,-14.05],[-171.74,-14.05],[-171.94,-13.99],[-172.06,-13.91],[-172.04,-13.85],[-171.88,-13.81],[-171.79,-13.82],[-171.57,-13.9],[-171.56,-13.95]],[[-172.2,-13.59],[-172.18,-13.7],[-172.21,-13.8],[-172.3,-13.77],[-172.52,-13.81],[-172.6,-13.7],[-172.75,-13.58],[-172.53,-13.48],[-172.37,-13.46],[-172.28,-13.49],[-172.2,-13.59]],[[-138.84,-9.74],[-138.87,-9.79],[-139.16,-9.82],[-139.17,-9.76],[-139.05,-9.7],[-138.84,-9.74]],[[-140.05,-8.82],[-140.1,-8.92],[-140.23,-8.93],[-140.22,-8.78],[-140.05,-8.82]],[[-90.38,-1.25],[-90.4,-1.33],[-90.52,-1.31],[-90.47,-1.22],[-90.38,-1.25]],[[-90.81,-0.73],[-90.86,-0.87],[-90.93,-0.97],[-91.01,-0.97],[-91.16,-1.03],[-91.4,-1.02],[-91.5,-0.9],[-91.44,-0.78],[-91.23,-0.66],[-91.17,-0.68],[-91.09,-0.57],[-91.21,-0.48],[-91.24,-0.39],[-91.35,-0.31],[-91.42,-0.03],[-91.55,-0.05],[-91.6,0],[-91.38,0.15],[-91.32,0.14],[-91.28,0.03],[-91.21,-0.01],[-91.18,-0.21],[-91.12,-0.3],[-91.01,-0.37],[-90.96,-0.44],[-90.96,-0.61],[-90.89,-0.63],[-90.81,-0.73]],[[-90.19,-0.54],[-90.2,-0.68],[-90.34,-0.78],[-90.43,-0.76],[-90.54,-0.68],[-90.49,-0.53],[-90.25,-0.49],[-90.19,-0.54]],[[-91.4,-0.45],[-91.51,-0.49],[-91.64,-0.4],[-91.67,-0.28],[-91.47,-0.25],[-91.4,-0.31],[-91.4,-0.45]],[[-90.57,-0.28],[-90.59,-0.36],[-90.74,-0.35],[-90.85,-0.28],[-90.81,-0.15],[-90.63,-0.2],[-90.57,-0.28]]]},"properties":{"featurecla":"Bathymetry","depth":0,"scalerank":0}},
{"type":"Feature","geometry":{"type":"Polygon","coordinates":[[[-73.17,-36.97],[-73.16,-36.73],[-73,-36.71],[-72.83,-36.31],[-72.84,-36.18],[-72.78,-35.95],[-72.6,-35.81],[-72.6,-35.69],[-72.65,-35.57],[-72.53,-35.49],[-72.48,-35.36],[-72.36,-35.21],[-72.23,-35.12],[-72.19,-34.89],[-72.06,-34.66],[-72.05,-34.4],[-72,-34.37],[-72.03,-34.16],[-71.86,-33.91],[-71.81,-33.78],[-71.69,-33.72],[-71.64,-33.5],[-71.71,-33.43],[-71.67,-33.36],[-71.72,-33.17],[-71.65,-33.02],[-71.57,-33],[-71.45,-32.64],[-71.48,-32.54],[-71.41,-32.37],[-71.54,-32.19],[-71.51,-31.98],[-71.54,-31.84],[-71.51,-31.78],[-71.57,-31.59],[-71.67,-31.15],[-71.65,-30.98],[-71.71,-30.78],[-71.71,-30.61],[-71.68,-30.34],[-71.64,-30.25],[-71.52,-30.28],[-71.45,-30.16],[-71.38,-30.15],[-71.41,-29.99],[-71.29,-29.91],[-71.32,-29.79],[-71.34,-29.52],[-71.31,-29.42],[-71.38,-29.28],[-71.49,-29.19],[-71.49,-29.04],[-71.52,-28.94],[-71.49,-28.85],[-71.39,-28.8],[-71.3,-28.67],[-71.31,-28.58],[-71.17,-28.36],[-71.14,-27.95],[-71.04,-27.67],[-70.91,-27.62],[-70.89,-27.49],[-70.95,-27.37],[-70.96,-27.16],[-70.87,-27.12],[-70.79,-27],[-70.82,-26.89],[-70.73,-26.75],[-70.69,-26.54],[-70.71,-26.49],[-70.64,-26.32],[-70.67,-26.16],[-70.63,-26.01],[-70.71,-25.84],[-70.69,-25.69],[-70.63,-25.63],[-70.65,-25.54],[-70.53,-25.46],[-70.44,-25.34],[-70.44,-25.19],[-70.5,-25.1],[-70.47,-24.98],[-70.52,-24.92],[-70.58,-24.73],[-70.55,-24.61],[-70.58,-24.52],[-70.5,-24.1],[-70.53,-24],[-70.5,-23.78],[-70.41,-23.65],[-70.41,-23.51],[-70.59,-23.42],[-70.6,-23.24],[-70.56,-23.06],[-70.45,-23.1],[-70.37,-23.05],[-70.3,-22.92],[-70.31,-22.79],[-70.28,-22.7],[-70.2,-22.01],[-70.15,-21.86],[-70.15,-21.66],[-70.1,-21.61],[-70.06,-21.43],[-70.09,-21.35],[-70.08,-21.23],[-70.16,-21.04],[-70.13,-20.94],[-70.21,-20.74],[-70.21,-20.53],[-70.17,-20.45],[-70.19,-20.37],[-70.13,-20.27],[-70.16,-20.22],[-70.12,-20.07],[-70.16,-19.82],[-70.15,-19.72],[-70.21,-19.6],[-70.23,-19.41],[-70.29,-19.3],[-70.28,-19.11],[-70.36,-18.77],[-70.35,-18.64],[-70.3,-18.45],[-70.42,-18.32],[-70.68,-18.16],[-70.91,-17.95],[-71.09,-17.87],[-71.22,-17.75],[-71.39,-17.69],[-71.36,-17.63],[-71.4,-17.4],[-71.51,-17.28],[-71.81,-17.19],[-71.95,-17.07],[-72.2,-16.92],[-72.29,-16.88],[-72.36,-16.76],[-72.59,-16.66],[-72.69,-16.66],[-72.89,-16.55],[-73.06,-16.49],[-73.19,-16.41],[-73.28,-16.39],[-73.42,-16.29],[-73.7,-16.22],[-73.84,-16.15],[-74.03,-16.01],[-74.05,-15.96],[-74.44,-15.8],[-74.46,-15.73],[-74.85,-15.57],[-75.16,-15.39],[-75.17,-15.31],[-75.24,-15.21],[-75.36,-15.14],[-75.55,-14.88],[-75.84,-14.73],[-75.93,-14.65],[-75.98,-14.46],[-76.09,-14.37],[-76.15,-14.22],[-76.28,-14.14],[-76.28,-13.95],[-76.39,-13.91],[-76.36,-13.8],[-76.26,-13.86],[-76.18,-13.54],[-76.22,-13.36],[-76.48,-13.04],[-76.52,-12.87],[-76.63,-12.75],[-76.68,-12.62],[-76.81,-12.48],[-76.79,-12.38],[-76.85,-12.3],[-77.04,-12.2],[-77.05,-12.11],[-77.17,-12.07],[-77.15,-11.93],[-77.23,-11.63],[-77.32,-11.49],[-77.65,-11.29],[-77.59,-11.17],[-77.67,-10.93],[-77.76,-10.76],[-77.85,-10.67],[-77.92,-10.53],[-78.06,-10.35],[-78.1,-10.2],[-78.17,-10.14],[-78.18,-10.04],[-78.23,-9.95],[-78.23,-9.79],[-78.37,-9.62],[-78.43,-9.42],[-78.48,-9.33],[-78.5,-9.19],[-78.57,-9.1],[-78.68,-8.88],[-78.76,-8.78],[-78.76,-8.61],[-78.94,-8.44],[-78.9,-8.38],[-78.99,-8.22],[-79.12,-8.07],[-79.3,-7.94],[-79.47,-7.72],[-79.44,-7.67],[-79.58,-7.46],[-79.61,-7.27],[-79.7,-7.18],[-79.71,-7.11],[-79.93,-6.88],[-79.96,-6.79],[-80.12,-6.65],[-80.3,-6.54],[-80.79,-6.3],[-80.85,-6.24],[-81.1,-6.07],[-81.15,-5.98],[-81.15,-5.88],[-81.04,-5.82],[-80.94,-5.85],[-80.86,-5.74],[-80.86,-5.65],[-80.93,-5.46],[-81.2,-5.21],[-81.17,-5.09],[-81.06,-5.02],[-81.22,-4.81],[-81.34,-4.68],[-81.31,-4.64],[-81.33,-4.48],[-81.28,-4.4],[-81.25,-4.24],[-81.07,-4.1],[-80.99,-3.97],[-80.87,-3.87],[-80.77,-3.71],[-80.61,-3.62],[-80.54,-3.51],[-80.37,-3.47],[-80.34,-3.37],[-80.14,-3.33],[-80.07,-3.22],[-79.95,-3.2],[-79.83,-2.81],[-79.73,-2.57],[-79.84,-2.38],[-79.92,-2.57],[-79.98,-2.61],[-80.07,-2.56],[-80.18,-2.59],[-80.32,-2.71],[-80.47,-2.62],[-80.66,-2.42],[-80.91,-2.32],[-80.95,-2.24],[-80.74,-2.1],[-80.76,-1.97],[-80.73,-1.9],[-80.78,-1.74],[-80.85,-1.62],[-80.82,-1.5],[-80.77,-1.48],[-80.74,-1.34],[-80.83,-1.23],[-80.92,-1.07],[-80.82,-0.95],[-80.62,-0.94],[-80.55,-0.89],[-80.52,-0.74],[-80.42,-0.6],[-80.5,-0.38],[-80.43,-0.34],[-80.37,-0.22],[-80.23,-0.14],[-80.11,0],[-80.59,0],[-81.53,0],[-82.47,0],[-83.42,0],[-84.36,0],[-85.3,0],[-86.25,0],[-86.25,0.98],[-86.25,1.47],[-86.25,2.45],[-86.72,2.45],[-87.65,2.45],[-88.59,2.45],[-89.06,2.45],[-90,2.45],[-90,1.46],[-90,0.46],[-90,-0.54],[-90,-1.54],[-90,-2.54],[-90,-3.53],[-90,-4.53],[-90,-5.53],[-90,-6.53],[-90,-7.53],[-90,-8.03],[-90,-9.02],[-90,-10.02],[-90,-11.02],[-90,-11.52],[-90,-12.52],[-90,-13.02],[-90,-14.01],[-90,-15.01],[-90,-15.51],[-90,-16.51],[-90,-17.01],[-90,-18.01],[-90,-18.51],[-90,-19.5],[-90,-20.5],[-90,-21.5],[-90,-22.5],[-90,-23],[-90,-23.99],[-90,-24.99],[-90,-25.99],[-90,-26.49],[-90,-27.49],[-90,-28.49],[-90,-29.48],[-90,-29.98],[-90,-30.98],[-90,-31.98],[-90,-32.48],[-90,-33.48],[-90,-34.47],[-90,-35.47],[-90,-35.97],[-90,-36.97],[-88.51,-36.97],[-87.03,-36.97],[-86.04,-36.97],[-84.55,-36.97],[-83.56,-36.97],[-82.57,-36.97],[-81.58,-36.97],[-80.59,-36.97],[-79.11,-36.97],[-78.12,-36.97],[-77.13,-36.97],[-76.14,-36.97],[-75.15,-36.97],[-74.16,-36.97],[-73.17,-36.97]],[[-89.31,-0.69],[-89.25,-0.72],[-89.43,-0.93],[-89.55,-0.95],[-89.63,-0.92],[-89.49,-0.81],[-89.41,-0.71],[-89.31,-0.69]],[[-80.06,-2.66],[-79.95,-2.71],[-80.13,-3.02],[-80.27,-3.02],[-80.26,-2.84],[-80.21,-2.72],[-80.06,-2.66]]]},"properties":{"featurecla":"Bathymetry","depth":0,"scalerank":0}},
{"type":"Feature","geometry":{"type":"Polygon","coordinates":[[[180,-36.97],[180,-36.65],[180,-36.15],[180,-35.65],[180,-35.15],[180,-34.65],[180,-34.16],[180,-33.66],[180,-33.16],[180,-32.66],[180,-32.16],[180,-31.66],[180,-31.16],[180,-30.66],[180,-30.17],[180,-29.67],[180,-29.17],[180,-28.67],[180,-28.17],[180,-27.67],[180,-27.17],[180,-26.68],[180,-26.18],[180,-25.68],[180,-25.18],[180,-24.68],[180,-24.18],[180,-23.68],[180,-23.19],[180,-22.69],[180,-22.19],[180,-21.69],[180,-21.19],[180,-20.69],[180,-20.19],[180,-19.7],[180,-19.2],[180,-18.7],[180,-18.2],[180,-17.7],[180,-17.2],[180,-16.96],[179.9,-16.94],[180,-16.79],[180,-16.7],[180,-16.54],[180,-16.49],[180,-16.2],[180,-16.17],[179.85,-16.29],[179.74,-16.46],[179.6,-16.54],[179.57,-16.63],[179.49,-16.71],[179.55,-16.77],[179.85,-16.51],[179.9,-16.72],[179.64,-16.75],[179.6,-16.79],[179.3,-16.81],[179.35,-16.73],[179.27,-16.69],[179.17,-16.72],[179.04,-16.82],[179.03,-16.92],[178.88,-16.86],[178.8,-16.98],[178.71,-17],[178.6,-16.78],[178.48,-16.76],[178.57,-16.62],[178.68,-16.67],[178.85,-16.55],[178.92,-16.47],[179.05,-16.45],[179.24,-16.4],[179.33,-16.41],[179.46,-16.32],[179.76,-16.18],[179.86,-16.23],[180,-16.15],[180,-15.71],[180,-15.21],[180,-14.71],[180,-14.21],[180,-13.71],[180,-13.21],[180,-12.71],[180,-12.22],[180,-11.72],[180,-11.22],[180,-10.72],[180,-10.22],[180,-9.72],[180,-9.22],[180,-8.73],[180,-8.23],[180,-7.73],[180,-7.23],[180,-6.73],[180,-6.23],[180,-5.73],[180,-5.24],[180,-4.74],[180,-4.24],[180,-3.74],[180,-3.24],[180,-2.74],[180,-2.24],[180,-1.75],[180,-1.25],[180,-0.75],[180,-0.25],[180,0],[179,0],[178.01,0],[177.01,0],[176.01,0],[175.02,0],[174.52,0],[173.52,0],[172.53,0],[171.53,0],[171.03,0],[170.04,0],[169.54,0],[168.54,0],[167.55,0],[167.05,0],[166.05,0],[165.55,0],[164.56,0],[163.56,0],[162.56,0],[161.57,0],[161.07,0],[160.07,0],[159.08,0],[158.08,0],[157.58,0],[156.59,0],[155.59,0],[155.09,0],[154.09,0],[153.6,0],[152.6,0],[151.6,0],[151.11,0],[150.11,0],[149.11,0],[148.61,0],[147.62,0],[147.12,0],[146.12,0],[145.13,0],[144.63,0],[143.63,0],[143.13,0],[142.14,0],[141.14,0],[140.15,0],[139.15,0],[138.15,0],[137.16,0],[136.16,0],[135.16,0],[134.67,0],[133.67,0],[132.67,0],[131.68,0],[131.18,0],[130.84,0.86],[130.5,1.72],[130.16,2.58],[129.82,3.44],[128.9,3.13],[127.97,2.83],[127.05,2.53],[126.13,2.23],[125.67,2.08],[125.39,2.1],[125.35,2.11],[124.85,2.16],[123.86,2.26],[122.88,2.36],[121.89,2.46],[120.9,2.56],[119.91,2.66],[119.75,2.2],[119.43,1.27],[119.12,0.34],[118.8,-0.58],[118.49,-1.51],[118.17,-2.44],[117.86,-3.36],[117.54,-4.29],[117.22,-5.22],[117.07,-5.68],[116.12,-5.47],[115.17,-5.27],[114.22,-5.06],[113.27,-4.85],[112.32,-4.65],[111.37,-4.44],[110.42,-4.23],[109.95,-4.13],[109.51,-4.31],[108.63,-4.67],[107.75,-5.03],[106.87,-5.4],[105.99,-5.76],[105.46,-6.27],[104.57,-6.49],[103.68,-6.71],[102.78,-6.93],[101.89,-7.15],[101,-7.37],[100.11,-7.59],[99.89,-7.14],[99.46,-6.25],[99.03,-5.36],[98.59,-4.47],[98.16,-3.57],[97.72,-2.68],[97.29,-1.79],[96.86,-0.89],[96.42,0],[95.44,0],[94.45,0],[93.95,0],[92.96,0],[92.47,0],[91.48,0],[90.99,0],[90,0],[90,-1],[90,-2],[90,-2.5],[90,-3.5],[90,-4.5],[90,-5],[90,-6],[90,-6.99],[90,-7.49],[90,-8.49],[90,-9.49],[90,-10.49],[90,-11.49],[90,-12.49],[90,-13.49],[90,-14.49],[90,-15.49],[90,-16.49],[90,-16.99],[90,-17.99],[90,-18.98],[90,-19.98],[90,-20.98],[90,-21.98],[90,-22.98],[90,-23.48],[90,-24.48],[90,-25.48],[90,-26.48],[90,-27.48],[90,-27.98],[90,-28.98],[90,-29.98],[90,-30.97],[90,-31.97],[90,-32.97],[90,-33.97],[90,-34.97],[90,-35.47],[90,-36.47],[90,-36.97],[90.99,-36.97],[91.98,-36.97],[92.97,-36.97],[93.96,-36.97],[94.95,-36.97],[95.94,-36.97],[96.93,-36.97],[98.42,-36.97],[99.41,-36.97],[100.4,-36.97],[101.39,-36.97],[102.88,-36.97],[103.87,-36.97],[104.86,-36.97],[106.34,-36.97],[107.33,-36.97],[108.82,-36.97],[109.81,-36.97],[110.8,-36.97],[111.79,-36.97],[112.78,-36.97],[113.77,-36.97],[115.26,-36.97],[116.25,-36.97],[117.24,-36.97],[118.23,-36.97],[119.22,-36.97],[120.21,-36.97],[121.2,-36.97],[122.19,-36.97],[123.68,-36.97],[124.67,-36.97],[125.66,-36.97],[126.65,-36.97],[127.64,-36.97],[128.63,-36.97],[130.11,-36.97],[131.1,-36.97],[132.59,-36.97],[133.58,-36.97],[134.57,-36.97],[136.06,-36.97],[136.35,-37.92],[136.65,-38.86],[136.95,-39.81],[137.24,-40.76],[137.54,-41.71],[137.84,-42.65],[138.13,-43.6],[138.43,-44.55],[138.58,-45.02],[140.04,-45.02],[141.49,-45.02],[142.47,-45.02],[143.44,-45.02],[144.9,-45.02],[146.35,-45.02],[147.81,-45.02],[148.79,-45.02],[149.76,-45.02],[151.22,-45.02],[152.19,-45.02],[152.24,-44.55],[152.34,-43.6],[152.45,-42.65],[152.5,-42.18],[152.6,-41.23],[152.71,-40.29],[152.76,-39.81],[152.86,-38.86],[152.97,-37.92],[153.07,-36.97],[154.04,-36.78],[155.01,-36.59],[155.98,-36.41],[156.95,-36.22],[157.92,-36.03],[158.89,-35.84],[159.86,-35.65],[160.83,-35.47],[161.81,-35.28],[162.78,-35.09],[163.75,-34.9],[164.72,-34.71],[165.69,-34.53],[166.66,-34.34],[167.63,-34.15],[168.6,-33.96],[169.57,-33.77],[170.54,-33.59],[171.51,-33.4],[172.48,-33.21],[172.92,-33.43],[173.81,-33.87],[174.69,-34.32],[175.58,-34.76],[176.46,-35.2],[177.35,-35.64],[178.23,-36.08],[179.12,-36.53],[180,-36.97]],[[128.53,2.6],[128.57,2.63],[128.69,2.48],[128.64,2.26],[128.57,2.11],[128.49,2.05],[128.34,2.04],[128.25,2.11],[128.2,2.27],[128.32,2.46],[128.47,2.59],[128.53,2.6]],[[128.06,2.19],[127.94,1.98],[127.86,1.93],[127.85,1.83],[127.94,1.8],[128.01,1.72],[128,1.63],[128.04,1.54],[127.97,1.3],[127.89,1.16],[127.83,1.14],[127.64,1],[127.66,0.89],[127.8,0.8],[127.92,0.87],[127.94,1.01],[128.05,1.12],[128.16,1.13],[128.2,1.2],[128.14,1.3],[128.19,1.37],[128.36,1.5],[128.46,1.54],[128.72,1.57],[128.69,1.45],[128.74,1.4],[128.7,1.17],[128.7,1.07],[128.44,0.93],[128.32,0.9],[128.3,0.82],[128.21,0.77],[128.31,0.67],[128.68,0.54],[128.7,0.33],[128.82,0.31],[128.86,0.24],[128.54,0.33],[128.47,0.39],[128.26,0.39],[128.15,0.46],[127.96,0.48],[127.91,0.44],[127.88,0.3],[127.92,0.15],[127.89,-0.02],[128.02,-0.31],[128.04,-0.42],[128.23,-0.71],[128.41,-0.89],[128.25,-0.87],[128.25,-0.8],[128.05,-0.71],[127.85,-0.37],[127.71,-0.29],[127.67,-0.23],[127.7,0.05],[127.68,0.16],[127.71,0.28],[127.57,0.42],[127.53,0.56],[127.56,0.74],[127.62,0.83],[127.51,0.89],[127.49,1.05],[127.43,1.13],[127.41,1.23],[127.54,1.48],[127.52,1.53],[127.58,1.75],[127.69,1.93],[127.92,2.17],[128.06,2.19]],[[130.76,-0.02],[130.82,0],[131.15,-0.09],[131.3,-0.16],[131.34,-0.28],[131.24,-0.39],[131.16,-0.33],[131.02,-0.37],[130.95,-0.35],[130.88,-0.25],[130.7,-0.08],[130.63,-0.13],[130.81,-0.32],[130.89,-0.3],[130.95,-0.37],[130.87,-0.43],[130.73,-0.44],[130.68,-0.34],[130.58,-0.33],[130.45,-0.27],[130.32,-0.26],[130.28,-0.1],[130.37,-0.12],[130.5,-0.06],[130.76,-0.02]],[[132.4,-0.35],[132.71,-0.36],[132.91,-0.45],[133.15,-0.53],[133.39,-0.72],[133.75,-0.75],[133.98,-0.72],[134.1,-0.81],[134.04,-0.96],[134.13,-1.15],[134.2,-1.21],[134.28,-1.35],[134.23,-1.44],[134.21,-1.57],[134.09,-1.68],[134.16,-2.04],[134.15,-2.18],[134.19,-2.38],[134.33,-2.52],[134.4,-2.74],[134.46,-2.85],[134.53,-2.83],[134.47,-2.58],[134.56,-2.46],[134.66,-2.56],[134.67,-2.83],[134.7,-2.96],[134.82,-3.05],[134.88,-3.24],[134.98,-3.33],[135.32,-3.39],[135.47,-3.36],[135.56,-3.29],[135.64,-3.18],[135.72,-3.15],[135.84,-3.01],[135.91,-2.99],[135.96,-2.78],[136.02,-2.71],[136.2,-2.62],[136.27,-2.56],[136.29,-2.45],[136.4,-2.22],[136.48,-2.21],[136.68,-2.26],[136.76,-2.25],[136.95,-2.14],[137.15,-2.11],[137.23,-2.07],[137.2,-1.95],[137.1,-1.89],[137.14,-1.79],[137.35,-1.71],[137.53,-1.6],[137.79,-1.48],[137.92,-1.48],[138.07,-1.61],[138.23,-1.65],[138.36,-1.71],[138.67,-1.79],[138.8,-1.92],[139.11,-2.01],[139.28,-2.12],[139.86,-2.37],[140.06,-2.35],[140.1,-2.32],[140.21,-2.4],[140.33,-2.46],[140.39,-2.4],[140.61,-2.44],[140.73,-2.49],[140.73,-2.63],[141.04,-2.59],[141.28,-2.64],[141.34,-2.7],[141.58,-2.79],[141.91,-2.97],[142,-2.96],[142.18,-3.08],[142.5,-3.2],[143.03,-3.36],[143.13,-3.35],[143.48,-3.42],[143.62,-3.54],[143.82,-3.62],[143.95,-3.72],[144,-3.79],[144.2,-3.84],[144.35,-3.8],[144.51,-3.82],[144.55,-3.97],[144.73,-4.03],[144.87,-4.1],[145.05,-4.34],[145.18,-4.39],[145.35,-4.39],[145.69,-4.77],[145.81,-4.86],[145.79,-4.97],[145.81,-5.07],[145.78,-5.24],[145.73,-5.42],[145.76,-5.48],[145.96,-5.47],[146.28,-5.58],[146.46,-5.6],[146.66,-5.75],[146.81,-5.84],[146.93,-5.84],[147.04,-5.94],[147.24,-5.97],[147.29,-5.93],[147.45,-5.96],[147.62,-6.11],[147.73,-6.27],[147.83,-6.34],[147.87,-6.48],[147.85,-6.69],[147.78,-6.72],[147.19,-6.74],[147.13,-6.71],[146.98,-6.74],[146.94,-6.84],[146.96,-6.95],[147.06,-7.05],[147.07,-7.15],[147.14,-7.21],[147.16,-7.39],[147.23,-7.49],[147.35,-7.52],[147.58,-7.7],[147.61,-7.82],[147.68,-7.81],[147.73,-7.93],[147.88,-7.94],[147.97,-7.99],[148,-8.06],[148.11,-8.06],[148.21,-8.31],[148.24,-8.57],[148.44,-8.67],[148.49,-8.75],[148.5,-8.88],[148.56,-9.03],[148.62,-9.08],[148.76,-9.1],[148.89,-9.05],[149.24,-9],[149.32,-9.02],[149.31,-9.12],[149.18,-9.37],[149.23,-9.49],[149.33,-9.52],[149.46,-9.59],[149.62,-9.62],[149.73,-9.6],[149.89,-9.64],[150.01,-9.64],[150.06,-9.72],[149.73,-9.81],[149.73,-9.85],[149.94,-10.06],[150.13,-10.1],[150.2,-10.1],[150.3,-10.18],[150.46,-10.2],[150.59,-10.24],[150.62,-10.34],[150.4,-10.3],[150.35,-10.37],[150.65,-10.48],[150.69,-10.56],[150.42,-10.68],[150.32,-10.66],[150.21,-10.7],[150.07,-10.64],[150.01,-10.56],[150,-10.44],[149.94,-10.44],[149.75,-10.34],[149.46,-10.35],[149.37,-10.28],[149.33,-10.31],[149.07,-10.23],[148.98,-10.28],[148.74,-10.23],[148.54,-10.17],[148.4,-10.2],[148.23,-10.11],[148.02,-10.12],[147.98,-10.17],[147.88,-10.05],[147.76,-10.06],[147.62,-9.99],[147.52,-9.88],[147.49,-9.77],[147.31,-9.54],[147.23,-9.54],[147.05,-9.46],[146.97,-9.28],[146.92,-9.26],[146.91,-9.12],[146.78,-9.06],[146.63,-9.02],[146.56,-8.94],[146.58,-8.82],[146.44,-8.61],[146.36,-8.56],[146.28,-8.44],[146.22,-8.26],[146.12,-8.2],[146.1,-8.1],[146,-8.05],[145.88,-8.04],[145.61,-7.93],[145.47,-7.95],[145.32,-7.86],[144.88,-7.78],[144.87,-7.71],[144.77,-7.68],[144.7,-7.62],[144.63,-7.66],[144.56,-7.61],[144.43,-7.61],[144.36,-7.69],[144.24,-7.73],[144.21,-7.8],[143.92,-7.69],[143.84,-7.72],[143.86,-7.81],[143.96,-7.97],[143.9,-8.03],[143.77,-8.04],[143.65,-7.98],[143.55,-8.03],[143.63,-8.19],[143.59,-8.24],[143.34,-8.25],[142.98,-8.34],[142.84,-8.29],[142.77,-8.33],[142.9,-8.41],[143.13,-8.49],[143.26,-8.59],[143.4,-8.78],[143.41,-8.96],[143.31,-9.02],[143.17,-9.04],[143.05,-9.09],[142.94,-9.18],[142.65,-9.33],[142.58,-9.32],[142.47,-9.24],[142.22,-9.16],[141.87,-9.22],[141.78,-9.2],[141.63,-9.23],[141.51,-9.22],[141.42,-9.15],[141.31,-9.15],[141.23,-9.21],[141.12,-9.22],[141.01,-9.12],[140.86,-9.05],[140.62,-8.81],[140.51,-8.64],[140.25,-8.41],[140.03,-8.25],[139.93,-8.11],[139.63,-8.12],[139.51,-8.18],[139.36,-8.2],[139.2,-8.1],[139.09,-8.13],[138.91,-8.29],[138.84,-8.14],[138.86,-8.1],[138.92,-8.08],[138.91,-8.04],[138.91,-7.92],[138.99,-7.87],[139.01,-7.75],[139.09,-7.56],[138.96,-7.51],[138.89,-7.36],[138.69,-7.19],[138.76,-7.11],[138.57,-6.94],[138.58,-6.89],[138.74,-6.9],[138.82,-6.81],[138.67,-6.69],[138.68,-6.6],[138.47,-6.4],[138.39,-6.23],[138.37,-6.09],[138.28,-5.95],[138.27,-5.89],[138.16,-5.77],[138.07,-5.73],[138.06,-5.58],[137.91,-5.39],[137.82,-5.36],[137.71,-5.22],[137.58,-5.18],[137.27,-5],[136.95,-4.92],[136.82,-4.93],[136.36,-4.68],[136.27,-4.68],[136.04,-4.59],[135.97,-4.52],[135.72,-4.5],[135.43,-4.43],[135.19,-4.45],[134.96,-4.32],[134.82,-4.26],[134.66,-4.13],[134.69,-3.91],[134.53,-4.02],[134.43,-3.91],[134.36,-3.93],[134.32,-4.02],[134.19,-3.94],[134.17,-3.79],[133.96,-3.84],[133.84,-3.64],[133.8,-3.69],[133.71,-3.61],[133.64,-3.46],[133.7,-3.43],[133.68,-3.23],[133.85,-3.09],[133.88,-2.96],[133.67,-3.12],[133.66,-3.36],[133.57,-3.48],[133.59,-3.57],[133.41,-3.72],[133.46,-3.85],[133.27,-4.05],[133.21,-4.08],[133.08,-4.06],[132.97,-4.11],[132.91,-4.09],[132.79,-3.93],[132.78,-3.79],[132.73,-3.68],[132.76,-3.63],[132.88,-3.64],[132.93,-3.55],[132.83,-3.46],[132.81,-3.28],[132.69,-3.34],[132.6,-3.24],[132.55,-3.11],[132.33,-2.95],[132.19,-2.92],[132.08,-2.96],[132,-2.91],[132.04,-2.79],[132.12,-2.7],[132.2,-2.68],[132.59,-2.72],[132.74,-2.81],[132.84,-2.74],[133.03,-2.48],[133.26,-2.42],[133.32,-2.49],[133.61,-2.53],[133.71,-2.6],[133.74,-2.52],[133.92,-2.39],[133.95,-2.29],[133.86,-2.22],[133.94,-2.11],[133.71,-2.18],[133.55,-2.25],[133.3,-2.2],[133.17,-2.22],[132.94,-2.28],[132.82,-2.25],[132.7,-2.31],[132.56,-2.19],[132.35,-2.27],[132.21,-2.17],[132.07,-2.11],[131.97,-1.96],[131.93,-1.81],[131.93,-1.71],[131.82,-1.6],[131.57,-1.48],[131.43,-1.5],[131.32,-1.47],[131.21,-1.52],[131.13,-1.45],[131,-1.46],[131.03,-1.28],[131.18,-1.22],[131.25,-1.08],[131.29,-0.91],[131.24,-0.82],[131.49,-0.75],[131.59,-0.76],[131.88,-0.68],[132.1,-0.47],[132.27,-0.38],[132.4,-0.35]],[[136.05,-0.85],[136.2,-1.07],[136.3,-1.05],[136.38,-1.09],[136.29,-1.18],[136.14,-1.22],[135.99,-1.17],[135.91,-1.19],[135.83,-1.11],[135.78,-0.87],[135.74,-0.82],[135.64,-0.88],[135.48,-0.76],[135.39,-0.72],[135.37,-0.65],[135.68,-0.69],[135.78,-0.75],[135.85,-0.7],[136.05,-0.85]],[[134.99,-1.03],[134.96,-1.13],[134.85,-1.11],[134.8,-1.03],[134.83,-0.96],[134.94,-0.96],[134.99,-1.03]],[[149.75,-1.51],[149.67,-1.58],[149.54,-1.46],[149.57,-1.36],[149.72,-1.43],[149.75,-1.51]],[[135.46,-1.59],[135.9,-1.65],[136.19,-1.65],[136.39,-1.73],[136.7,-1.73],[136.85,-1.77],[136.64,-1.88],[136.45,-1.9],[136.34,-1.86],[136.27,-1.91],[136.18,-1.86],[136.08,-1.84],[135.72,-1.7],[135.48,-1.67],[135.46,-1.59]],[[146.82,-1.96],[147.11,-1.96],[147.33,-2.03],[147.22,-2.18],[147.13,-2.16],[146.95,-2.19],[146.65,-2.17],[146.54,-2.2],[146.52,-2.14],[146.62,-2.11],[146.58,-2.02],[146.65,-1.96],[146.82,-1.96]],[[150.16,-2.39],[150.21,-2.37],[150.45,-2.48],[150.45,-2.66],[150.36,-2.68],[150.19,-2.68],[149.99,-2.47],[150.16,-2.39]],[[150.89,-2.68],[151.02,-2.7],[151.17,-2.79],[151.22,-2.87],[151.44,-2.91],[151.69,-3.07],[151.83,-3.19],[152.05,-3.25],[152.22,-3.46],[152.36,-3.54],[152.42,-3.66],[152.49,-3.64],[152.58,-3.82],[152.78,-3.9],[152.87,-3.99],[152.96,-4],[153.07,-4.19],[153.14,-4.27],[153.14,-4.38],[153.05,-4.45],[153.08,-4.6],[152.98,-4.76],[152.87,-4.79],[152.73,-4.65],[152.67,-4.45],[152.7,-4.29],[152.69,-4.16],[152.52,-3.85],[152.36,-3.69],[152.29,-3.57],[152.17,-3.49],[151.98,-3.46],[151.81,-3.36],[151.61,-3.17],[151.47,-3.12],[151.43,-3.05],[151.09,-2.83],[150.79,-2.73],[150.89,-2.68]],[[151.92,-2.84],[151.91,-2.71],[152.01,-2.74],[152.01,-2.82],[151.92,-2.84]],[[152.54,-3.13],[152.57,-3.04],[152.65,-3.05],[152.67,-3.14],[152.63,-3.22],[152.54,-3.13]],[[152.41,-4.33],[152.37,-4.47],[152.41,-4.68],[152.39,-4.79],[152.29,-4.94],[152.14,-5],[151.99,-4.97],[151.99,-5.16],[152.12,-5.29],[152.15,-5.37],[152.1,-5.46],[151.97,-5.53],[151.79,-5.58],[151.74,-5.53],[151.48,-5.53],[151.47,-5.68],[151.36,-5.83],[151.21,-5.94],[150.88,-6.05],[150.8,-6.12],[150.59,-6.18],[150.47,-6.27],[150.27,-6.3],[150.05,-6.26],[149.91,-6.29],[149.63,-6.3],[149.46,-6.1],[149.3,-6.06],[149.14,-6.14],[149.01,-6.03],[148.85,-5.98],[148.77,-5.87],[148.62,-5.81],[148.55,-5.84],[148.39,-5.78],[148.32,-5.65],[148.34,-5.53],[148.43,-5.44],[148.56,-5.54],[148.65,-5.48],[148.83,-5.53],[148.98,-5.47],[149.2,-5.57],[149.22,-5.6],[149.39,-5.59],[149.61,-5.51],[149.72,-5.57],[149.8,-5.51],[149.87,-5.53],[149.98,-5.44],[149.92,-5.35],[150.01,-5.25],[150.03,-5.03],[150.16,-5.02],[150.18,-5.1],[150.06,-5.18],[150.06,-5.34],[150.14,-5.53],[150.31,-5.56],[150.42,-5.46],[150.59,-5.49],[150.63,-5.56],[150.72,-5.53],[150.81,-5.44],[150.88,-5.49],[151.02,-5.39],[151.03,-5.26],[151.08,-5.16],[151.25,-4.99],[151.39,-4.91],[151.61,-4.97],[151.7,-4.82],[151.67,-4.65],[151.61,-4.45],[151.55,-4.4],[151.51,-4.23],[151.54,-4.18],[151.73,-4.22],[151.82,-4.21],[151.88,-4.31],[151.96,-4.33],[152.14,-4.2],[152.18,-4.3],[152.26,-4.33],[152.41,-4.33]],[[154.54,-5.1],[154.62,-5.01],[154.68,-5.05],[154.73,-5.24],[154.69,-5.43],[154.63,-5.46],[154.57,-5.29],[154.58,-5.14],[154.54,-5.1]],[[154.7,-5.43],[154.73,-5.43],[154.9,-5.55],[155.07,-5.55],[155.19,-5.77],[155.2,-5.85],[155.28,-5.88],[155.4,-6.01],[155.45,-6.14],[155.71,-6.28],[155.81,-6.36],[155.92,-6.52],[155.97,-6.73],[155.82,-6.78],[155.72,-6.87],[155.52,-6.84],[155.36,-6.75],[155.19,-6.55],[155.22,-6.5],[155.23,-6.36],[155.18,-6.29],[154.98,-6.19],[154.96,-6.13],[154.76,-5.95],[154.75,-5.83],[154.7,-5.77],[154.77,-5.56],[154.7,-5.43]],[[156.48,-6.75],[156.45,-6.63],[156.55,-6.61],[156.67,-6.67],[156.78,-6.78],[157.04,-6.9],[157.12,-6.98],[157.15,-7.12],[157.28,-7.21],[157.3,-7.27],[157.53,-7.37],[157.44,-7.41],[157.2,-7.34],[157.1,-7.33],[157.06,-7.27],[156.93,-7.21],[156.69,-6.9],[156.48,-6.75]],[[158.45,-7.56],[158.61,-7.59],[158.65,-7.56],[158.99,-7.8],[159.09,-7.9],[159.4,-7.98],[159.43,-8.03],[159.84,-8.33],[159.8,-8.39],[159.86,-8.48],[159.83,-8.54],[159.63,-8.36],[159.35,-8.26],[158.85,-7.97],[158.69,-7.81],[158.58,-7.74],[158.58,-7.67],[158.45,-7.56]],[[160.7,-8.32],[160.75,-8.31],[161,-8.6],[160.94,-8.69],[160.95,-8.81],[161.15,-8.95],[161.2,-9.14],[161.33,-9.44],[161.38,-9.51],[161.31,-9.58],[161.24,-9.45],[160.97,-9.22],[160.87,-9.15],[160.76,-8.95],[160.65,-8.6],[160.72,-8.55],[160.59,-8.38],[160.7,-8.32]],[[161.38,-9.4],[161.42,-9.39],[161.55,-9.6],[161.57,-9.75],[161.39,-9.65],[161.38,-9.4]],[[160.81,-9.81],[160.82,-9.87],[160.64,-9.94],[160.43,-9.89],[160.32,-9.82],[160.12,-9.82],[159.84,-9.79],[159.72,-9.71],[159.6,-9.51],[159.62,-9.3],[159.71,-9.25],[159.78,-9.28],[159.94,-9.43],[160.37,-9.41],[160.5,-9.54],[160.65,-9.61],[160.67,-9.7],[160.79,-9.73],[160.81,-9.81]],[[151.28,-9.93],[151.3,-9.97],[151.21,-10.19],[151.16,-10.15],[150.96,-10.1],[150.88,-9.9],[150.92,-9.83],[151.04,-9.98],[151.13,-10.04],[151.18,-9.95],[151.28,-9.93]],[[161.32,-10.2],[161.5,-10.25],[161.74,-10.41],[161.84,-10.45],[161.96,-10.44],[162.01,-10.48],[162.11,-10.46],[162.22,-10.63],[162.28,-10.68],[162.27,-10.81],[162.1,-10.82],[161.79,-10.73],[161.75,-10.68],[161.52,-10.56],[161.55,-10.5],[161.51,-10.36],[161.28,-10.31],[161.32,-10.2]],[[166.03,-10.65],[166.14,-10.67],[166.05,-10.77],[165.93,-10.78],[165.86,-10.87],[165.76,-10.81],[165.88,-10.66],[166.03,-10.65]],[[142.61,-10.87],[142.63,-10.93],[142.74,-10.98],[142.79,-11.08],[142.8,-11.28],[142.87,-11.39],[142.82,-11.48],[142.86,-11.61],[142.87,-11.85],[142.97,-11.93],[143.12,-11.91],[143.2,-11.98],[143.09,-12.15],[143.08,-12.33],[143.25,-12.39],[143.32,-12.56],[143.43,-12.61],[143.37,-12.8],[143.5,-12.86],[143.53,-13.33],[143.59,-13.44],[143.53,-13.77],[143.62,-13.96],[143.69,-14.01],[143.71,-14.21],[143.78,-14.4],[143.86,-14.47],[143.95,-14.5],[144.07,-14.45],[144.16,-14.37],[144.19,-14.26],[144.3,-14.31],[144.45,-14.24],[144.51,-14.17],[144.58,-14.26],[144.58,-14.36],[144.68,-14.56],[144.89,-14.61],[144.94,-14.73],[145.15,-14.84],[145.28,-14.95],[145.24,-15.17],[145.3,-15.28],[145.26,-15.39],[145.27,-15.54],[145.37,-15.75],[145.36,-15.9],[145.46,-16.06],[145.43,-16.2],[145.46,-16.27],[145.4,-16.44],[145.46,-16.48],[145.58,-16.67],[145.66,-16.73],[145.78,-16.89],[145.94,-16.93],[145.88,-17.04],[145.97,-17.24],[146.07,-17.39],[146.07,-17.52],[146.15,-17.63],[146.1,-17.71],[146.1,-17.93],[146,-18.16],[146.02,-18.26],[146.1,-18.35],[146.18,-18.38],[146.21,-18.49],[146.34,-18.53],[146.29,-18.71],[146.28,-18.87],[146.45,-19.06],[146.65,-19.18],[146.75,-19.17],[146.91,-19.3],[146.98,-19.28],[147.17,-19.4],[147.42,-19.41],[147.55,-19.52],[147.59,-19.72],[147.68,-19.83],[147.86,-19.82],[147.95,-19.91],[148.07,-19.88],[148.13,-19.94],[148.25,-19.96],[148.26,-20.08],[148.45,-20.19],[148.44,-20.1],[148.57,-20.06],[148.61,-20.21],[148.79,-20.29],[148.85,-20.42],[148.66,-20.56],[148.74,-20.72],[148.82,-20.76],[148.91,-20.87],[148.97,-20.87],[149.05,-20.98],[149.15,-21],[149.23,-21.09],[149.2,-21.18],[149.23,-21.27],[149.29,-21.32],[149.36,-21.49],[149.43,-21.58],[149.48,-21.72],[149.44,-21.79],[149.48,-21.95],[149.61,-22.24],[149.71,-22.38],[149.83,-22.39],[149.88,-22.47],[150.02,-22.55],[149.92,-22.3],[149.99,-22.16],[150.05,-22.14],[150.15,-22.27],[150.22,-22.39],[150.3,-22.42],[150.51,-22.54],[150.57,-22.32],[150.64,-22.34],[150.76,-22.48],[150.75,-22.61],[150.83,-22.7],[150.77,-22.97],[150.76,-23.16],[150.83,-23.28],[150.79,-23.31],[150.86,-23.52],[151.03,-23.58],[151.13,-23.68],[151.19,-23.8],[151.28,-23.82],[151.4,-23.95],[151.58,-24.06],[151.78,-24.02],[151.81,-24.14],[151.93,-24.21],[152.06,-24.51],[152.15,-24.62],[152.31,-24.72],[152.4,-24.75],[152.49,-24.85],[152.51,-25],[152.68,-25.24],[152.91,-25.29],[152.94,-25.48],[152.89,-25.69],[153.12,-25.93],[153.2,-25.95],[153.14,-26.06],[153.08,-26.28],[153.11,-26.46],[153.11,-26.65],[153.15,-26.68],[153.15,-26.92],[153.21,-27.05],[153.08,-27.11],[153.04,-27.17],[153.11,-27.24],[153.21,-27.47],[153.31,-27.58],[153.32,-27.65],[153.45,-27.81],[153.45,-28.07],[153.59,-28.27],[153.56,-28.46],[153.58,-28.59],[153.63,-28.66],[153.61,-28.87],[153.45,-29.04],[153.42,-29.16],[153.34,-29.32],[153.37,-29.4],[153.32,-29.7],[153.26,-29.94],[153.2,-30.04],[153.2,-30.13],[153.05,-30.47],[152.99,-30.73],[153.01,-30.84],[153.09,-30.93],[153.06,-31.08],[152.98,-31.17],[152.98,-31.32],[152.92,-31.42],[152.93,-31.48],[152.85,-31.57],[152.69,-31.89],[152.61,-31.95],[152.51,-32.16],[152.52,-32.43],[152.24,-32.61],[152.17,-32.68],[152.19,-32.76],[151.94,-32.82],[151.83,-32.86],[151.67,-33.06],[151.63,-33.19],[151.5,-33.36],[151.42,-33.53],[151.34,-33.55],[151.29,-33.89],[151.25,-34],[151.16,-34.02],[151.17,-34.11],[151.03,-34.2],[150.92,-34.33],[150.92,-34.49],[150.83,-34.78],[150.75,-34.86],[150.78,-34.99],[150.7,-35.03],[150.7,-35.2],[150.55,-35.21],[150.49,-35.37],[150.41,-35.47],[150.41,-35.54],[150.31,-35.7],[150.22,-35.75],[150.23,-35.84],[150.16,-35.96],[150.12,-36.15],[150.14,-36.32],[150.08,-36.39],[150.07,-36.57],[149.93,-36.83],[149.9,-36.93],[150.02,-37.22],[149.95,-37.28],[149.99,-37.5],[149.79,-37.55],[149.67,-37.7],[149.48,-37.79],[149.3,-37.8],[148.94,-37.79],[148.72,-37.82],[148.6,-37.81],[148.31,-37.82],[147.92,-37.92],[147.59,-38.08],[147.4,-38.22],[146.88,-38.64],[146.41,-38.74],[146.26,-38.7],[146.29,-38.91],[146.4,-38.86],[146.45,-38.95],[146.43,-39.09],[146.26,-39],[146.18,-38.87],[146.09,-38.82],[146,-38.9],[145.92,-38.9],[145.81,-38.65],[145.57,-38.66],[145.45,-38.55],[145.43,-38.44],[145.56,-38.39],[145.48,-38.24],[145.3,-38.23],[145.02,-38.49],[144.89,-38.48],[144.8,-38.38],[144.98,-38.34],[145.12,-38.16],[145.11,-38.05],[145.03,-38],[144.98,-37.9],[144.8,-37.94],[144.52,-38.08],[144.73,-38.16],[144.65,-38.29],[144.4,-38.3],[144.25,-38.4],[144.05,-38.49],[143.84,-38.69],[143.7,-38.73],[143.54,-38.86],[143.33,-38.76],[143.24,-38.76],[143.06,-38.64],[142.81,-38.58],[142.65,-38.47],[142.4,-38.37],[142.22,-38.41],[141.95,-38.28],[141.76,-38.26],[141.67,-38.28],[141.6,-38.39],[141.43,-38.38],[141.37,-38.29],[141.13,-38.13],[140.95,-38.05],[140.71,-38.07],[140.6,-38.04],[140.36,-37.88],[140.24,-37.67],[140.14,-37.6],[140.11,-37.52],[139.99,-37.49],[139.79,-37.27],[139.74,-37.18],[139.79,-37.13],[139.67,-36.95],[139.78,-36.9],[139.86,-36.77],[139.85,-36.62],[139.57,-36.08],[139.46,-35.96],[139.48,-35.9],[139.19,-35.69],[139.04,-35.6],[139.14,-35.5],[139.23,-35.55],[139.24,-35.69],[139.34,-35.69],[139.36,-35.59],[139.22,-35.51],[139.38,-35.46],[139.3,-35.36],[139.22,-35.32],[139.1,-35.39],[138.96,-35.41],[138.97,-35.48],[138.88,-35.56],[138.75,-35.54],[138.64,-35.57],[138.53,-35.65],[138.18,-35.67],[138.12,-35.56],[138.29,-35.47],[138.43,-35.35],[138.51,-35.06],[138.49,-34.87],[138.54,-34.74],[138.44,-34.68],[138.26,-34.44],[138.23,-34.32],[138.08,-34.13],[138.02,-34.23],[138.04,-34.31],[137.93,-34.41],[137.88,-34.59],[137.91,-34.62],[137.75,-35.06],[137.67,-35.18],[137.56,-35.13],[137.4,-35.12],[137.24,-35.17],[137.17,-35.24],[137.04,-35.23],[136.95,-35.28],[136.84,-35.25],[136.96,-35.1],[136.94,-35.04],[137.03,-34.9],[137.14,-34.93],[137.27,-34.91],[137.39,-34.95],[137.45,-34.92],[137.51,-34.62],[137.46,-34.45],[137.49,-34.26],[137.45,-34.16],[137.55,-34.07],[137.53,-34.02],[137.62,-33.94],[137.6,-33.88],[137.72,-33.79],[137.78,-33.69],[137.93,-33.62],[137.94,-33.53],[137.81,-33.26],[137.85,-33.19],[138.04,-33.13],[137.96,-33],[137.9,-32.79],[137.67,-32.96],[137.45,-33.14],[137.38,-33.39],[137.22,-33.65],[137.16,-33.71],[137.02,-33.73],[136.97,-33.68],[136.81,-33.81],[136.61,-33.9],[136.58,-33.95],[136.37,-34.07],[136.23,-34.31],[136.11,-34.38],[136.12,-34.45],[135.94,-34.53],[135.86,-34.7],[136.01,-34.98],[135.74,-34.86],[135.6,-34.88],[135.43,-34.71],[135.4,-34.47],[135.35,-34.28],[135.27,-34.12],[135.26,-34],[135.19,-33.89],[134.85,-33.64],[134.87,-33.54],[134.81,-33.35],[134.66,-33.23],[134.45,-33.15],[134.33,-33.21],[134.28,-33.16],[134.19,-32.95],[134.06,-32.91],[134.13,-32.84],[134.07,-32.71],[134.27,-32.73],[134.27,-32.59],[134.15,-32.46],[133.85,-32.53],[133.86,-32.46],[133.95,-32.39],[133.81,-32.25],[133.59,-32.1],[133.55,-32.17],[133.42,-32.13],[133.41,-32.21],[133.15,-32.2],[133.06,-32.11],[132.93,-32.06],[132.8,-31.96],[132.59,-31.93],[132.48,-31.96],[132.48,-32.03],[132.23,-32.03],[132.08,-31.91],[131.78,-31.73],[131.54,-31.61],[131.18,-31.48],[130.83,-31.6],[130.16,-31.57],[129.45,-31.64],[129.2,-31.66],[128.99,-31.69],[128.66,-31.85],[128.22,-32.02],[128.02,-32.08],[127.77,-32.12],[127.53,-32.21],[127.29,-32.27],[127.05,-32.3],[126.68,-32.32],[126.37,-32.28],[126.19,-32.23],[126.01,-32.27],[125.87,-32.33],[125.54,-32.55],[125.34,-32.6],[125,-32.74],[124.9,-32.83],[124.71,-32.9],[124.36,-32.95],[124.2,-33.04],[124.12,-33.12],[124.01,-33.35],[123.95,-33.57],[123.76,-33.71],[123.74,-33.79],[123.57,-33.88],[123.34,-33.9],[123.27,-33.99],[123.15,-34],[123.08,-33.88],[122.79,-33.88],[122.57,-33.91],[122.56,-33.96],[122.31,-33.92],[122.19,-34.02],[122.11,-33.96],[122.02,-33.83],[121.81,-33.9],[121.53,-33.82],[121.33,-33.82],[121.17,-33.87],[120.57,-33.89],[120.42,-33.97],[120.18,-33.93],[120,-33.93],[119.81,-33.98],[119.57,-34.14],[119.47,-34.29],[119.48,-34.36],[119.38,-34.44],[119.12,-34.47],[118.93,-34.45],[118.88,-34.51],[118.73,-34.56],[118.71,-34.65],[118.48,-34.72],[118.39,-34.83],[118.39,-34.91],[118.26,-34.91],[118.12,-34.99],[117.85,-35.03],[117.81,-35.07],[117.68,-35.05],[117.54,-35.09],[117.36,-35.02],[117.17,-35.01],[116.9,-35.05],[116.47,-35],[116.25,-34.88],[116.02,-34.83],[115.75,-34.54],[115.61,-34.45],[115.33,-34.31],[115.18,-34.3],[115.11,-34.34],[115.02,-34.26],[114.97,-34.08],[114.96,-33.68],[115.05,-33.54],[115.12,-33.62],[115.28,-33.65],[115.43,-33.6],[115.52,-33.51],[115.67,-33.29],[115.67,-33.02],[115.6,-32.66],[115.77,-32.6],[115.71,-32.54],[115.75,-32.46],[115.71,-32.3],[115.76,-32.19],[115.73,-32.06],[115.74,-31.93],[115.68,-31.65],[115.45,-31.3],[115.31,-30.99],[115.18,-30.83],[115.1,-30.63],[114.97,-30.21],[114.94,-30.03],[114.97,-29.9],[114.95,-29.66],[114.98,-29.48],[114.83,-29.09],[114.65,-28.91],[114.58,-28.79],[114.59,-28.66],[114.53,-28.52],[114.42,-28.4],[114.31,-28.23],[114.17,-28.11],[114.1,-27.82],[114.14,-27.69],[114.07,-27.45],[114.01,-27.32],[113.76,-26.92],[113.59,-26.68],[113.3,-26.4],[113.24,-26.24],[113.45,-26.2],[113.55,-26.38],[113.6,-26.52],[113.69,-26.61],[113.85,-26.54],[113.89,-26.49],[113.88,-26.34],[113.78,-26.24],[113.68,-26.22],[113.58,-26.09],[113.56,-25.94],[113.42,-25.73],[113.42,-25.65],[113.53,-25.62],[113.76,-25.9],[113.7,-26.15],[113.8,-26.21],[113.85,-26.12],[113.94,-26.19],[113.97,-26.33],[114.1,-26.45],[114.23,-26.32],[114.19,-26.2],[114.26,-25.99],[114.26,-25.84],[114.16,-25.79],[113.93,-25.45],[113.8,-25.17],[113.71,-25.12],[113.61,-24.89],[113.6,-24.73],[113.44,-24.53],[113.39,-24.41],[113.39,-24.25],[113.43,-24.17],[113.41,-24.05],[113.46,-23.91],[113.6,-23.63],[113.74,-23.53],[113.78,-23.33],[113.75,-23.16],[113.81,-23.05],[113.81,-22.93],[113.76,-22.79],[113.66,-22.73],[113.65,-22.58],[113.73,-22.48],[113.8,-22.33],[113.9,-22.05],[114.01,-21.86],[114.16,-21.79],[114.08,-22.18],[114.17,-22.32],[114.11,-22.48],[114.18,-22.52],[114.29,-22.44],[114.37,-22.48],[114.39,-22.36],[114.5,-22.16],[114.52,-22.07],[114.65,-21.84],[114.93,-21.69],[115.11,-21.67],[115.22,-21.6],[115.45,-21.51],[115.6,-21.34],[115.81,-21.24],[115.94,-21.06],[116.15,-20.97],[116.22,-20.84],[116.27,-20.86],[116.43,-20.82],[116.59,-20.74],[116.74,-20.62],[116.88,-20.71],[117.06,-20.62],[117.35,-20.73],[117.67,-20.67],[117.84,-20.62],[117.94,-20.49],[118.14,-20.36],[118.37,-20.36],[118.61,-20.31],[118.7,-20.32],[118.83,-20.26],[119.07,-19.98],[119.21,-19.96],[119.38,-20],[119.57,-20.07],[119.8,-19.97],[120.24,-19.91],[120.65,-19.76],[120.95,-19.63],[121.19,-19.47],[121.31,-19.35],[121.52,-19.07],[121.64,-18.81],[121.64,-18.72],[121.77,-18.66],[121.77,-18.55],[121.82,-18.45],[121.91,-18.46],[122.02,-18.38],[122.22,-18.2],[122.32,-18.15],[122.36,-18],[122.2,-17.95],[122.21,-17.71],[122.14,-17.56],[122.15,-17.34],[122.17,-17.26],[122.28,-17.14],[122.28,-17.09],[122.41,-16.97],[122.58,-16.96],[122.53,-16.87],[122.57,-16.79],[122.7,-16.79],[122.76,-16.6],[122.89,-16.51],[122.92,-16.42],[123.01,-16.37],[122.96,-16.58],[123.15,-16.81],[123.14,-16.91],[123.26,-17.01],[123.4,-17.33],[123.55,-17.52],[123.57,-17.36],[123.64,-17.18],[123.58,-17.09],[123.64,-16.99],[123.84,-17.13],[123.79,-17],[123.9,-16.86],[123.77,-16.88],[123.69,-16.73],[123.57,-16.62],[123.65,-16.48],[123.65,-16.36],[123.54,-16.27],[123.59,-16.16],[123.77,-16.16],[123.73,-16.26],[123.84,-16.37],[123.99,-16.29],[124.13,-16.27],[124.22,-16.4],[124.34,-16.41],[124.4,-16.35],[124.59,-16.4],[124.6,-16.33],[124.41,-16.34],[124.38,-16.21],[124.43,-16.14],[124.52,-16.18],[124.59,-16.09],[124.61,-15.81],[124.52,-15.97],[124.4,-15.87],[124.38,-15.69],[124.4,-15.56],[124.5,-15.47],[124.63,-15.5],[124.7,-15.37],[124.7,-15.3],[124.8,-15.29],[124.92,-15.36],[125.05,-15.5],[125.09,-15.35],[125.04,-15.28],[124.93,-15.34],[124.84,-15.14],[124.91,-15.1],[125.13,-15.05],[125.22,-15.06],[125.31,-15.15],[125.37,-15.11],[125.35,-14.99],[125.2,-14.93],[125.23,-14.86],[125.14,-14.73],[125.47,-14.52],[125.58,-14.53],[125.62,-14.4],[125.59,-14.26],[125.69,-14.28],[125.66,-14.36],[125.74,-14.44],[125.82,-14.46],[125.83,-14.57],[125.93,-14.52],[126.04,-14.51],[125.99,-14.38],[126.06,-14.35],[126.07,-14.23],[126.14,-14.2],[126.13,-14.09],[126.07,-14.03],[126.15,-13.93],[126.19,-14.16],[126.25,-14.22],[126.39,-14.01],[126.5,-14],[126.57,-14.2],[126.7,-14.12],[126.7,-14.01],[126.82,-13.94],[126.75,-13.79],[126.95,-13.72],[127.07,-13.83],[127.11,-13.95],[127.32,-13.92],[127.42,-13.94],[127.49,-14.06],[127.67,-14.18],[127.79,-14.37],[127.91,-14.5],[128.18,-14.7],[128.07,-15.13],[128.22,-15.26],[128.2,-15.06],[128.31,-14.9],[128.42,-15.04],[128.4,-14.82],[128.53,-14.75],[128.83,-14.84],[129.05,-14.88],[129.17,-14.96],[129.18,-15.06],[129.26,-15.11],[129.22,-14.84],[129.32,-14.86],[129.48,-14.93],[129.6,-15.12],[129.66,-15.09],[129.61,-14.94],[129.65,-14.84],[129.72,-14.79],[129.61,-14.67],[129.59,-14.57],[129.36,-14.41],[129.37,-14.33],[129.49,-14.14],[129.5,-14.09],[129.72,-14.02],[129.71,-13.88],[129.82,-13.76],[129.79,-13.68],[129.84,-13.51],[129.97,-13.53],[130.16,-13.43],[130.27,-13.32],[130.12,-13.16],[130.13,-12.94],[130.25,-12.94],[130.35,-12.84],[130.34,-12.7],[130.58,-12.57],[130.62,-12.44],[130.78,-12.43],[130.9,-12.33],[131.03,-12.36],[131,-12.17],[131.12,-12.15],[131.22,-12.21],[131.33,-12.19],[131.41,-12.27],[131.49,-12.3],[131.78,-12.27],[131.9,-12.22],[132.05,-12.31],[132.27,-12.18],[132.42,-12.23],[132.44,-12.15],[132.63,-12.04],[132.65,-11.87],[132.59,-11.78],[132.7,-11.65],[132.59,-11.62],[132.5,-11.48],[132.37,-11.43],[132.24,-11.45],[132.08,-11.52],[131.86,-11.3],[131.94,-11.25],[132.01,-11.14],[132.11,-11.29],[132.19,-11.35],[132.24,-11.2],[132.35,-11.15],[132.38,-11.21],[132.47,-11.23],[132.67,-11.51],[132.76,-11.49],[132.91,-11.33],[133.01,-11.43],[133.14,-11.67],[133.26,-11.73],[133.35,-11.69],[133.48,-11.79],[133.62,-11.83],[133.8,-11.71],[133.9,-11.74],[133.84,-11.86],[133.94,-11.91],[134.13,-11.89],[134.19,-12.02],[134.29,-11.97],[134.38,-12.04],[134.6,-12.05],[134.77,-11.95],[134.86,-12.13],[134.97,-12.15],[135.07,-12.26],[135.26,-12.22],[135.3,-12.13],[135.39,-12.09],[135.54,-12.08],[135.57,-11.99],[135.74,-11.94],[135.77,-12.07],[135.65,-12.16],[135.67,-12.24],[135.77,-12.26],[135.88,-12.15],[136.03,-12.31],[135.99,-12.36],[136.02,-12.46],[136.25,-12.44],[136.36,-12.26],[136.31,-12.2],[136.18,-12.19],[136.3,-12.05],[136.45,-11.94],[136.53,-11.99],[136.59,-12.17],[136.69,-12.28],[136.88,-12.22],[136.95,-12.36],[136.86,-12.43],[136.74,-12.48],[136.74,-12.55],[136.68,-12.67],[136.47,-12.79],[136.49,-12.85],[136.64,-12.95],[136.5,-12.98],[136.57,-13.06],[136.45,-13.22],[136.31,-13.16],[136.18,-13.24],[136.1,-13.16],[136.05,-13.25],[135.88,-13.33],[135.92,-13.38],[135.85,-13.46],[135.84,-13.6],[135.94,-13.75],[136,-13.8],[135.99,-13.9],[135.92,-13.96],[135.9,-14.14],[135.76,-14.27],[135.68,-14.41],[135.62,-14.43],[135.53,-14.58],[135.52,-14.65],[135.39,-14.74],[135.47,-14.95],[135.55,-15.02],[135.65,-15.04],[135.86,-15.18],[135.95,-15.26],[136.24,-15.42],[136.27,-15.55],[136.42,-15.62],[136.61,-15.75],[136.77,-15.9],[136.91,-15.94],[136.99,-15.86],[137.05,-15.92],[137.25,-16.02],[137.36,-16.12],[137.55,-16.17],[137.75,-16.25],[137.87,-16.44],[138.06,-16.61],[138.18,-16.7],[138.49,-16.79],[138.66,-16.78],[138.75,-16.84],[139.04,-16.92],[139.16,-17.03],[139.14,-17.12],[139.21,-17.29],[139.27,-17.35],[139.44,-17.38],[139.64,-17.53],[139.93,-17.62],[140,-17.71],[140.24,-17.7],[140.51,-17.64],[140.76,-17.48],[140.83,-17.45],[140.88,-17.35],[140.96,-17.07],[140.95,-17.02],[141.2,-16.7],[141.23,-16.57],[141.3,-16.44],[141.35,-16.22],[141.42,-16.08],[141.4,-15.9],[141.44,-15.65],[141.49,-15.48],[141.64,-15.14],[141.67,-15.01],[141.6,-14.88],[141.52,-14.48],[141.59,-14.25],[141.58,-14.08],[141.49,-13.95],[141.47,-13.78],[141.56,-13.49],[141.69,-13.26],[141.64,-13.16],[141.59,-12.98],[141.63,-12.91],[141.75,-12.82],[141.81,-12.67],[141.81,-12.58],[141.67,-12.44],[141.8,-12.06],[141.87,-11.97],[141.92,-12.07],[141.98,-12.04],[141.95,-11.9],[142.13,-11.34],[142.16,-11.15],[142.15,-10.98],[142.17,-10.93],[142.32,-10.9],[142.4,-10.82],[142.45,-10.71],[142.62,-10.75],[142.55,-10.84],[142.61,-10.87]],[[154.23,-11.32],[154.3,-11.39],[154.1,-11.43],[154.09,-11.32],[154.23,-11.32]],[[153.44,-11.43],[153.7,-11.52],[153.75,-11.61],[153.61,-11.61],[153.44,-11.58],[153.39,-11.5],[153.27,-11.45],[153.26,-11.35],[153.44,-11.43]],[[160.02,-11.6],[159.96,-11.52],[160,-11.46],[160.29,-11.62],[160.39,-11.66],[160.56,-11.77],[160.48,-11.84],[160.38,-11.78],[160.36,-11.72],[160.23,-11.63],[160.17,-11.65],[160.02,-11.6]],[[166.87,-11.59],[166.92,-11.67],[166.84,-11.71],[166.77,-11.63],[166.87,-11.59]],[[167.45,-13.92],[167.39,-13.8],[167.49,-13.71],[167.55,-13.79],[167.53,-13.88],[167.45,-13.92]],[[167.49,-14.16],[167.6,-14.19],[167.53,-14.32],[167.43,-14.32],[167.41,-14.19],[167.49,-14.16]],[[166.53,-14.78],[166.56,-14.65],[166.61,-14.63],[166.74,-14.83],[166.8,-15.15],[166.92,-15.16],[166.96,-15.1],[166.97,-14.98],[167.06,-15],[167.09,-15.14],[167.14,-15.15],[167.19,-15.31],[167.17,-15.37],[167.23,-15.52],[167.1,-15.58],[166.95,-15.58],[166.79,-15.66],[166.62,-15.39],[166.65,-15.26],[166.53,-14.78]],[[168.1,-14.92],[168.14,-14.96],[168.19,-15.21],[168.18,-15.4],[168.13,-15.4],[168.13,-15.16],[168.1,-14.92]],[[168,-15.28],[167.93,-15.42],[167.84,-15.48],[167.73,-15.48],[167.68,-15.43],[167.8,-15.32],[168,-15.28]],[[168.15,-15.46],[168.26,-15.86],[168.25,-15.98],[168.19,-15.97],[168.12,-15.66],[168.15,-15.46]],[[167.34,-15.91],[167.4,-16.09],[167.79,-16.36],[167.8,-16.49],[167.73,-16.52],[167.62,-16.49],[167.52,-16.58],[167.46,-16.57],[167.38,-16.37],[167.38,-16.2],[167.32,-16.12],[167.23,-16.17],[167.15,-16.08],[167.19,-15.89],[167.34,-15.91]],[[168.14,-16.09],[168.21,-16.13],[168.23,-16.23],[168.32,-16.28],[168.29,-16.34],[168.14,-16.36],[167.92,-16.26],[168.07,-16.18],[168.14,-16.09]],[[168.19,-16.58],[168.33,-16.79],[168.18,-16.81],[168.12,-16.71],[168.19,-16.58]],[[167.2,-15.63],[167.23,-15.74],[167.09,-15.7],[167.09,-15.63],[167.2,-15.63]],[[178.21,-17.31],[178.3,-17.43],[178.45,-17.55],[178.6,-17.65],[178.57,-17.75],[178.64,-17.86],[178.59,-17.93],[178.7,-18.02],[178.68,-18.07],[178.47,-18.14],[178.4,-18.1],[178.28,-18.15],[178.17,-18.25],[177.86,-18.27],[177.83,-18.23],[177.59,-18.17],[177.47,-18.16],[177.34,-18.11],[177.25,-17.95],[177.28,-17.85],[177.37,-17.82],[177.44,-17.74],[177.39,-17.64],[177.62,-17.45],[177.83,-17.37],[177.93,-17.41],[178.21,-17.31]],[[146.29,-18.27],[146.35,-18.41],[146.29,-18.49],[146.22,-18.47],[146.2,-18.38],[146.09,-18.27],[146.29,-18.27]],[[169.12,-18.62],[169.22,-18.82],[169.33,-18.9],[169.25,-18.98],[168.99,-18.88],[168.99,-18.69],[169.12,-18.62]],[[178.39,-18.94],[178.5,-19.01],[178.34,-19.05],[178.39,-18.94]],[[168.4,-17.82],[168.29,-17.71],[168.18,-17.66],[168.32,-17.53],[168.45,-17.55],[168.51,-17.65],[168.59,-17.7],[168.54,-17.8],[168.4,-17.82]],[[169.32,-19.59],[169.22,-19.49],[169.24,-19.34],[169.35,-19.33],[169.37,-19.47],[169.5,-19.53],[169.44,-19.66],[169.32,-19.59]],[[169.76,-20.14],[169.9,-20.19],[169.83,-20.25],[169.74,-20.21],[169.76,-20.14]],[[164.5,-20.3],[164.58,-20.39],[164.73,-20.47],[164.83,-20.58],[165.06,-20.73],[165.22,-20.76],[165.27,-20.87],[165.41,-20.95],[165.41,-21.06],[165.6,-21.19],[165.62,-21.27],[165.75,-21.3],[165.85,-21.38],[165.91,-21.38],[166.07,-21.47],[166.22,-21.6],[166.41,-21.71],[166.57,-21.87],[166.78,-22.01],[166.94,-22.08],[167.03,-22.23],[167.01,-22.32],[166.91,-22.39],[166.78,-22.39],[166.63,-22.28],[166.48,-22.29],[166.29,-22.15],[166.24,-22.15],[166.14,-22.05],[166.14,-21.98],[166.06,-21.9],[165.99,-21.96],[165.87,-21.86],[165.82,-21.86],[165.73,-21.74],[165.68,-21.76],[165.41,-21.62],[165.29,-21.58],[165.17,-21.48],[165.12,-21.4],[164.92,-21.29],[164.83,-21.18],[164.8,-21.08],[164.73,-21.06],[164.66,-20.95],[164.52,-20.89],[164.37,-20.76],[164.29,-20.58],[164.19,-20.53],[164.13,-20.3],[164.04,-20.3],[164.05,-20.11],[164.24,-20.29],[164.32,-20.23],[164.5,-20.3]],[[167.18,-20.69],[167.31,-20.73],[167.28,-20.9],[167.39,-20.94],[167.43,-21.03],[167.42,-21.15],[167.33,-21.16],[167.27,-21.09],[167.15,-21.07],[167.07,-21],[167.19,-20.79],[167.18,-20.69]],[[167.99,-21.34],[168.01,-21.45],[168.14,-21.43],[168.13,-21.6],[168.04,-21.66],[167.96,-21.64],[167.86,-21.5],[167.9,-21.39],[167.99,-21.34]],[[167.42,-22.65],[167.42,-22.56],[167.52,-22.57],[167.51,-22.67],[167.42,-22.65]],[[150.98,-23.49],[151.02,-23.45],[151.19,-23.51],[151.3,-23.75],[151.21,-23.78],[150.98,-23.49]],[[153.2,-24.75],[153.28,-24.69],[153.28,-24.86],[153.37,-25.01],[153.16,-25.46],[153.08,-25.67],[153,-25.73],[152.95,-25.55],[153.07,-25.33],[153.04,-25.18],[153.23,-25.03],[153.24,-24.91],[153.16,-24.81],[153.2,-24.75]],[[137.61,-35.92],[137.62,-36],[137.46,-36.08],[137.37,-36.01],[137.21,-35.98],[137.14,-36.04],[137.02,-36.02],[136.72,-36.06],[136.66,-35.97],[136.53,-35.91],[136.62,-35.75],[136.81,-35.71],[137.07,-35.67],[137.35,-35.59],[137.44,-35.61],[137.62,-35.58],[137.58,-35.73],[137.69,-35.76],[137.91,-35.73],[138.06,-35.76],[138.13,-35.86],[138.05,-35.92],[137.93,-35.88],[137.76,-35.87],[137.61,-35.92]],[[113.18,-26],[113.05,-25.94],[112.96,-25.79],[112.92,-25.63],[112.92,-25.52],[113.01,-25.5],[113.05,-25.72],[113.18,-26]],[[115.41,-20.85],[115.31,-20.8],[115.4,-20.69],[115.47,-20.75],[115.41,-20.85]],[[124.55,-15.44],[124.47,-15.33],[124.55,-15.3],[124.64,-15.4],[124.55,-15.44]],[[131.29,-11.72],[131.1,-11.83],[130.98,-11.93],[130.71,-11.8],[130.5,-11.65],[130.48,-11.54],[130.43,-11.48],[130.37,-11.23],[130.4,-11.15],[130.51,-11.28],[130.57,-11.28],[130.69,-11.42],[130.85,-11.36],[130.89,-11.31],[131.01,-11.35],[131.15,-11.25],[131.27,-11.19],[131.33,-11.24],[131.43,-11.25],[131.47,-11.39],[131.53,-11.39],[131.43,-11.61],[131.38,-11.58],[131.29,-11.72]],[[130.5,-11.84],[130.32,-11.77],[130.15,-11.82],[130.05,-11.82],[130.06,-11.69],[130.2,-11.65],[130.15,-11.49],[130.27,-11.34],[130.35,-11.34],[130.4,-11.43],[130.4,-11.53],[130.46,-11.59],[130.45,-11.69],[130.55,-11.7],[130.63,-11.8],[130.5,-11.84]],[[132.49,-11.17],[132.55,-11.03],[132.63,-11.25],[132.57,-11.31],[132.49,-11.17]],[[136.76,-11.03],[136.72,-11.17],[136.59,-11.38],[136.56,-11.35],[136.76,-11.03]],[[136.68,-13.66],[136.72,-13.83],[136.79,-13.92],[136.72,-14.06],[136.72,-14.19],[136.81,-14.16],[136.96,-14.23],[136.9,-14.3],[136.73,-14.26],[136.64,-14.28],[136.46,-14.22],[136.41,-14],[136.43,-13.88],[136.59,-13.81],[136.58,-13.68],[136.68,-13.66]],[[136.98,-15.63],[137.08,-15.65],[137.07,-15.85],[137,-15.79],[136.98,-15.63]],[[139.49,-16.43],[139.6,-16.4],[139.7,-16.44],[139.71,-16.53],[139.61,-16.55],[139.55,-16.48],[139.47,-16.57],[139.44,-16.66],[139.3,-16.72],[139.14,-16.7],[139.22,-16.53],[139.29,-16.47],[139.49,-16.43]],[[139.43,-17.14],[139.4,-17.1],[139.51,-16.99],[139.57,-17.1],[139.43,-17.14]],[[122.88,-10.92],[122.82,-10.89],[122.81,-10.78],[123.05,-10.71],[123.16,-10.63],[123.23,-10.54],[123.34,-10.49],[123.36,-10.59],[123.42,-10.62],[123.24,-10.74],[123.21,-10.81],[122.99,-10.87],[122.88,-10.92]],[[121.8,-10.6],[121.69,-10.56],[121.92,-10.42],[121.99,-10.52],[121.86,-10.6],[121.8,-10.6]],[[142.21,-10.6],[142.28,-10.69],[142.15,-10.76],[142.12,-10.65],[142.21,-10.6]],[[150.84,-9.7],[150.74,-9.65],[150.55,-9.62],[150.43,-9.42],[150.51,-9.34],[150.67,-9.44],[150.76,-9.4],[150.89,-9.52],[150.93,-9.65],[150.84,-9.7]],[[150.38,-9.38],[150.34,-9.52],[150.17,-9.44],[150.11,-9.36],[150.14,-9.25],[150.21,-9.21],[150.33,-9.28],[150.38,-9.38]],[[152.72,-9.23],[152.7,-9.14],[152.6,-9.07],[152.6,-8.99],[152.79,-9],[152.95,-9.09],[152.89,-9.25],[152.72,-9.23]],[[160.14,-8.99],[160.26,-9.01],[160.26,-9.12],[160.1,-9.06],[160.14,-8.99]],[[159.2,-9.02],[159.1,-9.12],[159.04,-9.07],[159.12,-9],[159.2,-9.02]],[[151.14,-8.82],[151.05,-8.73],[151.12,-8.58],[151,-8.52],[151.04,-8.44],[151.14,-8.59],[151.1,-8.76],[151.14,-8.82]],[[157.35,-8.41],[157.41,-8.5],[157.28,-8.62],[157.2,-8.57],[157.35,-8.41]],[[157.79,-8.57],[157.58,-8.44],[157.63,-8.4],[157.57,-8.28],[157.48,-8.26],[157.23,-8.32],[157.22,-8.22],[157.32,-8.19],[157.38,-8.03],[157.5,-7.96],[157.61,-8.07],[157.61,-8.17],[157.67,-8.24],[157.75,-8.23],[157.84,-8.34],[157.9,-8.5],[157.79,-8.57]],[[156.6,-8.19],[156.54,-8.07],[156.61,-8.04],[156.6,-8.19]],[[156.7,-7.94],[156.62,-7.81],[156.52,-7.72],[156.5,-7.63],[156.61,-7.57],[156.68,-7.67],[156.81,-7.72],[156.7,-7.89],[156.7,-7.94]],[[156.96,-7.93],[157.09,-7.85],[157.19,-7.95],[157.18,-8.11],[157.05,-8.13],[156.95,-7.98],[156.96,-7.93]],[[158.1,-8.52],[158.14,-8.57],[158.11,-8.69],[158.01,-8.77],[157.88,-8.68],[157.89,-8.6],[157.96,-8.52],[158.1,-8.52]],[[155.73,-7.12],[155.67,-7.08],[155.75,-6.97],[155.87,-7.05],[155.73,-7.12]],[[147.99,-5.86],[147.9,-5.77],[147.77,-5.61],[147.78,-5.5],[148.05,-5.61],[148.07,-5.75],[147.99,-5.86]],[[147.16,-5.44],[147.01,-5.33],[147.02,-5.24],[147.13,-5.19],[147.21,-5.26],[147.24,-5.36],[147.16,-5.44]],[[146.03,-4.72],[145.94,-4.76],[145.88,-4.69],[145.91,-4.59],[146,-4.53],[146.05,-4.59],[146.03,-4.72]],[[123.8,-10.37],[123.52,-10.34],[123.49,-10.25],[123.55,-10.19],[123.75,-10.1],[123.75,-10.05],[123.58,-10.01],[123.65,-9.89],[123.69,-9.61],[123.86,-9.49],[123.99,-9.35],[124.16,-9.3],[124.19,-9.26],[124.43,-9.18],[124.6,-9.16],[124.69,-9.07],[124.87,-8.99],[124.97,-8.92],[125.1,-8.78],[125.14,-8.63],[125.38,-8.57],[125.47,-8.57],[125.63,-8.52],[125.9,-8.48],[126.07,-8.52],[126.24,-8.49],[126.41,-8.42],[126.55,-8.49],[126.72,-8.41],[126.84,-8.39],[126.97,-8.31],[127.07,-8.36],[127.19,-8.33],[127.3,-8.43],[127.01,-8.68],[126.85,-8.75],[126.69,-8.76],[126.58,-8.81],[126.51,-8.91],[126.43,-8.95],[126.17,-8.99],[125.95,-9.13],[125.85,-9.12],[125.68,-9.19],[125.61,-9.19],[125.38,-9.28],[125.2,-9.42],[125.13,-9.43],[125,-9.54],[124.97,-9.66],[124.85,-9.75],[124.73,-9.9],[124.54,-10.04],[124.42,-10.16],[124.12,-10.17],[124.03,-10.28],[123.93,-10.29],[123.8,-10.37]],[[123.34,-10.34],[123.32,-10.27],[123.4,-10.16],[123.49,-10.2],[123.39,-10.33],[123.34,-10.34]],[[120.5,-10.26],[120.39,-10.26],[120.16,-10.22],[120.09,-10.16],[119.98,-9.99],[119.7,-9.85],[119.67,-9.8],[119.48,-9.75],[119.41,-9.79],[119.28,-9.74],[119.18,-9.74],[119.04,-9.68],[118.94,-9.57],[119.02,-9.44],[119.17,-9.39],[119.63,-9.34],[119.82,-9.38],[119.95,-9.29],[120.07,-9.44],[120.24,-9.51],[120.25,-9.61],[120.33,-9.67],[120.44,-9.63],[120.58,-9.73],[120.67,-9.89],[120.79,-9.96],[120.83,-10.09],[120.71,-10.21],[120.5,-10.26]],[[117.15,-9.06],[117.01,-9.11],[116.76,-9.02],[116.74,-8.87],[116.82,-8.79],[116.75,-8.67],[116.79,-8.58],[116.98,-8.5],[117.2,-8.36],[117.35,-8.45],[117.56,-8.41],[117.63,-8.46],[117.65,-8.55],[117.77,-8.6],[117.81,-8.72],[117.89,-8.7],[117.97,-8.75],[118.07,-8.66],[118.19,-8.66],[118.29,-8.61],[118.06,-8.45],[118,-8.47],[117.82,-8.35],[117.71,-8.23],[117.73,-8.16],[117.9,-8.09],[118.12,-8.11],[118.24,-8.33],[118.37,-8.34],[118.44,-8.26],[118.65,-8.29],[118.7,-8.37],[118.81,-8.3],[118.99,-8.31],[119.05,-8.47],[119.04,-8.63],[119.14,-8.62],[119.15,-8.74],[118.99,-8.76],[118.9,-8.69],[118.77,-8.71],[118.75,-8.78],[118.47,-8.87],[118.3,-8.76],[118.16,-8.87],[118.08,-8.84],[117.89,-8.94],[117.74,-8.91],[117.56,-9],[117.33,-9.06],[117.23,-9.02],[117.15,-9.06]],[[116.4,-8.95],[116.37,-8.91],[116.2,-8.92],[116.07,-8.86],[116,-8.9],[115.83,-8.79],[116.06,-8.71],[116.07,-8.58],[116.03,-8.45],[116.1,-8.41],[116.27,-8.25],[116.38,-8.2],[116.63,-8.28],[116.74,-8.39],[116.68,-8.56],[116.5,-8.8],[116.57,-8.9],[116.43,-8.91],[116.4,-8.95]],[[115.24,-8.82],[115.16,-8.66],[114.93,-8.47],[114.8,-8.41],[114.64,-8.4],[114.55,-8.33],[114.47,-8.22],[114.45,-8.12],[114.69,-8.14],[114.86,-8.19],[115.02,-8.17],[115.14,-8.07],[115.22,-8.06],[115.5,-8.17],[115.71,-8.38],[115.6,-8.5],[115.32,-8.62],[115.25,-8.71],[115.24,-8.82]],[[114.42,-8.47],[114.46,-8.62],[114.59,-8.66],[114.6,-8.78],[114.39,-8.75],[114.39,-8.66],[114.3,-8.61],[114.2,-8.65],[113.72,-8.53],[113.64,-8.46],[113.41,-8.39],[113.35,-8.32],[113.2,-8.28],[112.99,-8.32],[112.9,-8.4],[112.83,-8.38],[112.67,-8.45],[112.37,-8.34],[111.93,-8.3],[111.79,-8.26],[111.67,-8.37],[111.44,-8.28],[111.28,-8.25],[111.17,-8.28],[111.11,-8.24],[111,-8.25],[110.48,-8.11],[110.03,-7.88],[109.66,-7.78],[109.43,-7.77],[109.37,-7.71],[109.1,-7.69],[109.01,-7.73],[108.89,-7.68],[108.87,-7.61],[108.76,-7.69],[108.54,-7.69],[108.45,-7.82],[108.33,-7.82],[107.95,-7.74],[107.86,-7.75],[107.81,-7.69],[107.69,-7.66],[107.59,-7.57],[107.41,-7.5],[107.21,-7.49],[107.11,-7.46],[106.52,-7.41],[106.38,-7.31],[106.4,-7.21],[106.54,-7.05],[106.54,-6.98],[106.28,-6.98],[106.05,-6.84],[105.96,-6.82],[105.77,-6.85],[105.56,-6.86],[105.31,-6.81],[105.26,-6.77],[105.36,-6.66],[105.45,-6.81],[105.71,-6.53],[105.82,-6.43],[105.83,-6.23],[105.89,-6.07],[106.05,-5.88],[106.18,-6.01],[106.26,-5.94],[106.5,-6.03],[106.55,-6.01],[106.72,-6.03],[106.79,-6.1],[106.99,-6.08],[107.04,-5.91],[107.15,-5.97],[107.35,-5.98],[107.47,-6.15],[107.62,-6.19],[107.68,-6.24],[107.81,-6.19],[108.09,-6.33],[108.22,-6.24],[108.36,-6.25],[108.37,-6.34],[108.46,-6.44],[108.54,-6.49],[108.61,-6.76],[108.75,-6.81],[108.83,-6.79],[108.92,-6.84],[109,-6.79],[109.14,-6.86],[109.35,-6.88],[109.53,-6.84],[109.73,-6.86],[109.9,-6.92],[110.2,-6.89],[110.36,-6.97],[110.47,-6.95],[110.57,-6.84],[110.64,-6.69],[110.66,-6.57],[110.73,-6.46],[110.92,-6.4],[111.05,-6.46],[111.12,-6.65],[111.16,-6.69],[111.34,-6.71],[111.43,-6.7],[111.49,-6.62],[111.61,-6.66],[111.74,-6.78],[111.88,-6.81],[111.98,-6.78],[112.07,-6.89],[112.19,-6.9],[112.36,-6.87],[112.5,-6.91],[112.58,-6.99],[112.7,-7.25],[112.82,-7.26],[112.81,-7.41],[112.76,-7.53],[112.84,-7.59],[113.04,-7.66],[113.13,-7.73],[113.24,-7.74],[113.3,-7.79],[113.53,-7.7],[113.8,-7.72],[113.95,-7.68],[114.02,-7.62],[114.14,-7.7],[114.26,-7.7],[114.38,-7.75],[114.47,-7.83],[114.45,-8.01],[114.36,-8.41],[114.42,-8.47]],[[109.04,-7.78],[108.79,-7.72],[108.82,-7.68],[108.96,-7.72],[109.04,-7.78]],[[120.45,-5.84],[120.56,-5.98],[120.52,-6.34],[120.43,-6.19],[120.45,-6.14],[120.45,-5.84]],[[132.67,-5.86],[132.68,-5.75],[132.73,-5.66],[132.81,-5.86],[132.74,-5.95],[132.67,-5.86]],[[112.71,-5.74],[112.73,-5.83],[112.6,-5.85],[112.65,-5.73],[112.71,-5.74]],[[119.81,-5.69],[119.65,-5.68],[119.55,-5.63],[119.52,-5.56],[119.44,-5.52],[119.35,-5.36],[119.38,-5.19],[119.46,-5.07],[119.53,-4.88],[119.49,-4.75],[119.59,-4.56],[119.63,-4.31],[119.6,-4.24],[119.63,-3.97],[119.59,-3.97],[119.46,-3.71],[119.51,-3.58],[119.5,-3.5],[119.3,-3.43],[119.21,-3.49],[119.03,-3.51],[118.93,-3.57],[118.84,-3.35],[118.85,-3.3],[118.76,-3.09],[118.85,-3.05],[118.88,-2.86],[118.77,-2.86],[118.76,-2.78],[118.82,-2.62],[118.91,-2.65],[119.01,-2.58],[119.14,-2.44],[119.13,-2.2],[119.22,-2.01],[119.35,-1.93],[119.37,-1.83],[119.31,-1.69],[119.33,-1.57],[119.3,-1.39],[119.33,-1.21],[119.45,-1.1],[119.54,-0.85],[119.68,-0.74],[119.74,-0.64],[119.81,-0.83],[119.87,-0.79],[119.79,-0.61],[119.76,-0.47],[119.79,-0.11],[119.73,-0.12],[119.64,-0.05],[119.68,0.03],[119.83,-0.09],[119.89,0.07],[119.79,0.2],[119.87,0.29],[119.85,0.34],[119.91,0.47],[120.03,0.52],[120.02,0.67],[120.06,0.74],[120.24,0.83],[120.28,0.99],[120.35,0.96],[120.34,0.87],[120.47,0.8],[120.57,0.78],[120.68,0.99],[120.8,1.07],[120.82,1.31],[120.97,1.35],[121.16,1.3],[121.26,1.23],[121.43,1.23],[121.48,1.12],[121.63,1.06],[121.93,1.1],[121.97,1.03],[122.09,1.06],[122.24,1.01],[122.45,1.02],[122.62,0.97],[122.85,0.82],[122.92,0.86],[122.97,0.96],[123.1,0.93],[123.37,0.93],[123.56,0.87],[123.83,0.83],[123.95,0.84],[124.01,0.9],[124.15,0.95],[124.31,1.04],[124.39,1.19],[124.59,1.2],[124.55,1.36],[124.62,1.42],[124.69,1.4],[124.85,1.49],[124.84,1.59],[124.97,1.72],[125.04,1.68],[125.18,1.67],[125.17,1.58],[125.25,1.48],[125.14,1.42],[125.03,1.18],[124.9,0.97],[124.82,0.94],[124.66,0.81],[124.5,0.53],[124.51,0.5],[124.32,0.4],[124.07,0.35],[123.75,0.31],[123.63,0.27],[123.57,0.3],[123.39,0.3],[123.24,0.32],[123.07,0.52],[122.98,0.48],[122.61,0.48],[122.32,0.5],[122.17,0.47],[122.04,0.48],[121.99,0.45],[121.8,0.43],[121.69,0.52],[121.53,0.54],[121.51,0.49],[121.16,0.46],[121.12,0.41],[120.99,0.45],[120.89,0.42],[120.68,0.53],[120.5,0.53],[120.38,0.48],[120.27,0.38],[120.13,0.18],[120.08,0.01],[120.02,-0.07],[120,-0.21],[120.02,-0.36],[120.09,-0.66],[120.24,-0.89],[120.33,-0.94],[120.41,-0.9],[120.5,-0.98],[120.58,-1.11],[120.57,-1.22],[120.68,-1.39],[120.8,-1.34],[120.89,-1.4],[120.99,-1.38],[121.07,-1.42],[121.17,-1.32],[121.2,-1.2],[121.27,-1.15],[121.5,-0.86],[121.66,-0.81],[121.71,-0.94],[121.93,-0.96],[122.11,-0.93],[122.16,-0.8],[122.21,-0.76],[122.61,-0.75],[122.72,-0.79],[122.91,-0.76],[122.82,-0.61],[123.03,-0.6],[123.08,-0.56],[123.24,-0.57],[123.4,-0.64],[123.45,-0.76],[123.38,-1],[123.31,-1.05],[123.24,-1.02],[123.06,-0.88],[122.81,-0.92],[122.72,-1.11],[122.65,-1.16],[122.48,-1.38],[122.37,-1.49],[122.18,-1.61],[122.04,-1.61],[121.8,-1.72],[121.69,-1.91],[121.54,-1.92],[121.44,-1.81],[121.31,-1.78],[121.33,-1.92],[121.54,-2.06],[121.56,-2.13],[121.7,-2.18],[121.82,-2.29],[121.88,-2.41],[122.02,-2.62],[122.02,-2.69],[122.18,-2.81],[122.19,-2.87],[122.31,-2.93],[122.28,-3.04],[122.39,-3.13],[122.47,-3.16],[122.43,-3.24],[122.36,-3.22],[122.25,-3.38],[122.29,-3.45],[122.2,-3.56],[122.25,-3.66],[122.36,-3.73],[122.44,-3.73],[122.53,-3.87],[122.66,-3.89],[122.62,-3.95],[122.68,-4.12],[122.82,-4.14],[122.91,-4.2],[122.9,-4.39],[122.77,-4.48],[122.68,-4.48],[122.6,-4.4],[122.5,-4.44],[122.43,-4.42],[122.11,-4.52],[122.05,-4.63],[122.04,-4.71],[122.11,-4.79],[121.99,-4.86],[121.82,-4.81],[121.7,-4.84],[121.55,-4.74],[121.48,-4.66],[121.54,-4.23],[121.58,-4.24],[121.63,-4.09],[121.56,-4.02],[121.35,-3.97],[121.24,-3.81],[121.16,-3.8],[120.89,-3.54],[120.87,-3.45],[120.98,-3.27],[121.07,-3.19],[121.05,-3.07],[121.08,-2.98],[121.07,-2.75],[121.01,-2.66],[120.78,-2.61],[120.58,-2.68],[120.54,-2.75],[120.23,-2.95],[120.29,-3.16],[120.42,-3.27],[120.4,-3.38],[120.42,-3.67],[120.45,-3.73],[120.35,-3.93],[120.35,-4.1],[120.38,-4.17],[120.4,-4.57],[120.44,-4.63],[120.39,-4.83],[120.31,-4.87],[120.31,-4.99],[120.26,-5.15],[120.38,-5.34],[120.46,-5.6],[120.42,-5.62],[120.32,-5.51],[120.1,-5.6],[119.91,-5.57],[119.81,-5.69]],[[127.21,-0.25],[127.28,-0.37],[127.25,-0.5],[127.18,-0.53],[127.1,-0.44],[127.11,-0.29],[127.21,-0.25]],[[127.52,-0.3],[127.57,-0.32],[127.68,-0.46],[127.61,-0.63],[127.65,-0.71],[127.79,-0.69],[127.9,-0.77],[127.82,-0.86],[127.75,-0.89],[127.65,-0.83],[127.63,-0.75],[127.47,-0.82],[127.4,-0.62],[127.3,-0.51],[127.32,-0.34],[127.46,-0.41],[127.52,-0.3]],[[127.25,-0.61],[127.32,-0.79],[127.16,-0.77],[127.21,-0.62],[127.25,-0.61]],[[121.7,-0.54],[121.68,-0.47],[121.85,-0.4],[121.88,-0.51],[121.73,-0.48],[121.7,-0.54]],[[121.9,-0.41],[121.87,-0.33],[122.04,-0.33],[122.03,-0.41],[121.9,-0.41]],[[130.41,-0.91],[130.45,-0.82],[130.52,-0.84],[130.63,-0.81],[130.82,-0.87],[130.62,-0.91],[130.41,-0.91]],[[130.83,-0.91],[130.94,-0.93],[131.03,-0.91],[131.07,-1.08],[130.98,-1.35],[130.85,-1.33],[130.75,-1.22],[130.68,-0.96],[130.83,-0.91]],[[127.71,-1.34],[127.81,-1.42],[127.9,-1.43],[128.05,-1.55],[128.13,-1.57],[128.15,-1.67],[128.05,-1.71],[127.93,-1.68],[127.7,-1.69],[127.53,-1.73],[127.38,-1.63],[127.4,-1.49],[127.62,-1.33],[127.71,-1.34]],[[130.27,-1.7],[130.41,-1.78],[130.44,-1.85],[130.26,-2.05],[130.13,-2.07],[130.07,-2.02],[129.93,-2],[129.74,-1.91],[129.75,-1.86],[130.01,-1.75],[130.27,-1.7]],[[126,-2.03],[125.98,-2.18],[126.09,-2.44],[125.97,-2.4],[125.95,-2.27],[125.9,-2.23],[125.86,-2.09],[125.96,-1.97],[126,-2.03]],[[123.49,-1.71],[123.5,-1.51],[123.62,-1.62],[123.57,-1.72],[123.49,-1.71]],[[123.25,-1.6],[123.18,-1.62],[123.11,-1.56],[123.18,-1.49],[123.16,-1.31],[123.09,-1.35],[122.99,-1.51],[122.87,-1.58],[122.81,-1.44],[122.84,-1.27],[122.9,-1.18],[123.2,-1.16],[123.25,-1.22],[123.2,-1.31],[123.26,-1.38],[123.35,-1.23],[123.54,-1.27],[123.53,-1.43],[123.41,-1.52],[123.33,-1.42],[123.26,-1.47],[123.25,-1.6]],[[124.37,-1.71],[124.38,-1.67],[124.63,-1.63],[125.02,-1.72],[125.19,-1.7],[125.28,-1.73],[125.32,-1.86],[125.11,-1.9],[125.01,-1.94],[124.85,-1.9],[124.54,-2.01],[124.41,-2],[124.34,-1.89],[124.37,-1.71]],[[125.39,-1.78],[125.5,-1.81],[125.7,-1.82],[125.99,-1.79],[126.29,-1.81],[126.27,-1.87],[125.98,-1.9],[125.44,-1.93],[125.39,-1.78]],[[129.53,-2.78],[130.05,-2.99],[130.34,-2.98],[130.49,-3.09],[130.58,-3.12],[130.62,-3.21],[130.67,-3.4],[130.76,-3.41],[130.87,-3.57],[130.83,-3.69],[130.82,-3.87],[130.61,-3.78],[130.42,-3.64],[130.13,-3.53],[129.98,-3.46],[129.89,-3.33],[129.54,-3.3],[129.5,-3.33],[129.56,-3.44],[129.49,-3.46],[129.36,-3.41],[129.24,-3.4],[129.11,-3.35],[128.96,-3.36],[128.95,-3.22],[128.88,-3.2],[128.69,-3.35],[128.68,-3.43],[128.48,-3.46],[128.4,-3.41],[128.28,-3.22],[128.18,-3.19],[128.14,-3.08],[128.07,-3.2],[128.02,-3.37],[127.93,-3.32],[127.88,-3.21],[128.01,-3.07],[128.1,-3.07],[128.11,-2.98],[128.18,-2.86],[128.38,-2.86],[128.52,-2.83],[128.6,-2.85],[128.87,-2.86],[129.05,-2.8],[129.06,-2.9],[129.12,-2.96],[129.36,-2.86],[129.37,-2.81],[129.53,-2.78]],[[126.7,-3.86],[126.44,-3.75],[126.17,-3.6],[126.15,-3.53],[126.05,-3.45],[125.99,-3.25],[126.09,-3.11],[126.19,-3.18],[126.3,-3.11],[126.42,-3.07],[126.72,-3.06],[126.84,-3.07],[126.89,-3.13],[127.09,-3.2],[127.05,-3.31],[127.26,-3.37],[127.24,-3.61],[127.12,-3.65],[126.95,-3.77],[126.7,-3.86]],[[128.24,-3.52],[128.35,-3.53],[128.34,-3.61],[128.24,-3.72],[128.13,-3.75],[128.04,-3.72],[127.99,-3.77],[127.92,-3.69],[128.03,-3.59],[128.16,-3.58],[128.24,-3.52]],[[128.48,-3.52],[128.56,-3.59],[128.39,-3.63],[128.41,-3.54],[128.48,-3.52]],[[123.2,-4.19],[123.14,-4.24],[123.04,-4.21],[122.95,-4.05],[123.02,-3.98],[123.1,-4.01],[123.2,-3.99],[123.25,-4.09],[123.2,-4.19]],[[123.02,-4.39],[123.15,-4.51],[123.2,-4.61],[123.15,-4.72],[123.05,-4.75],[123.02,-4.93],[122.96,-4.99],[122.98,-5.09],[123.19,-5.25],[123.21,-5.3],[123.15,-5.39],[123.07,-5.42],[122.98,-5.39],[122.88,-5.46],[122.92,-5.53],[122.83,-5.68],[122.72,-5.63],[122.64,-5.66],[122.57,-5.51],[122.76,-5.21],[122.85,-4.82],[122.85,-4.65],[122.91,-4.47],[123.02,-4.39]],[[123.59,-5.37],[123.52,-5.28],[123.62,-5.27],[123.59,-5.37]],[[133.11,-5.31],[133.18,-5.31],[133.11,-5.6],[133.02,-5.55],[133.11,-5.31]],[[134.57,-5.43],[134.63,-5.44],[134.76,-5.67],[134.73,-5.71],[134.76,-5.89],[134.73,-6.03],[134.77,-6.09],[134.75,-6.22],[134.7,-6.32],[134.61,-6.37],[134.33,-6.22],[134.28,-6.08],[134.36,-5.85],[134.35,-5.71],[134.49,-5.45],[134.57,-5.43]],[[134.48,-6.53],[134.5,-6.64],[134.4,-6.72],[134.31,-6.86],[134.19,-6.92],[134.07,-6.83],[134.13,-6.33],[134.12,-6.17],[134.29,-6.3],[134.35,-6.4],[134.45,-6.44],[134.48,-6.53]],[[138.62,-6.77],[138.75,-6.77],[138.73,-6.87],[138.62,-6.77]],[[115.46,-6.84],[115.27,-6.98],[115.22,-6.9],[115.28,-6.84],[115.46,-6.84]],[[120.62,-7],[120.74,-7.07],[120.67,-7.15],[120.62,-7.11],[120.62,-7]],[[128.53,-7.13],[128.62,-7.06],[128.69,-7.1],[128.64,-7.22],[128.53,-7.13]],[[131.92,-7.1],[131.98,-7.17],[131.77,-7.16],[131.76,-7.11],[131.92,-7.1]],[[131.65,-7.23],[131.65,-7.31],[131.7,-7.41],[131.64,-7.6],[131.56,-7.71],[131.39,-7.85],[131.36,-7.95],[131.28,-7.94],[131.23,-8],[131.12,-8],[131.09,-7.87],[131.16,-7.81],[131.12,-7.73],[131.18,-7.65],[131.25,-7.47],[131.35,-7.44],[131.53,-7.17],[131.64,-7.11],[131.74,-7.2],[131.65,-7.23]],[[138.4,-7.4],[138.62,-7.36],[138.8,-7.37],[138.94,-7.54],[139.05,-7.56],[138.99,-7.74],[138.98,-7.83],[138.88,-7.93],[138.9,-8.08],[138.82,-8.09],[138.66,-8.17],[138.6,-8.25],[138.44,-8.38],[138.29,-8.42],[138.18,-8.38],[137.85,-8.38],[137.68,-8.43],[137.64,-8.39],[137.76,-8.07],[137.8,-8.04],[137.89,-7.82],[137.97,-7.74],[138.03,-7.61],[138.24,-7.46],[138.4,-7.4]],[[138.56,-8.37],[138.56,-8.31],[138.69,-8.18],[138.83,-8.19],[138.89,-8.41],[138.56,-8.37]],[[130.9,-8.25],[131.04,-8.08],[131.16,-8.15],[130.99,-8.23],[130.9,-8.25]],[[125.09,-8.16],[125.14,-8.23],[125.12,-8.35],[124.77,-8.41],[124.65,-8.41],[124.42,-8.46],[124.33,-8.41],[124.41,-8.31],[124.4,-8.22],[124.45,-8.15],[124.57,-8.13],[124.67,-8.17],[125.09,-8.16]],[[124.2,-8.47],[124.08,-8.56],[123.99,-8.34],[124.1,-8.38],[124.26,-8.18],[124.31,-8.22],[124.3,-8.32],[124.2,-8.47]],[[123.6,-8.46],[123.4,-8.59],[123.32,-8.53],[123.36,-8.41],[123.52,-8.34],[123.6,-8.36],[123.64,-8.28],[123.8,-8.18],[123.94,-8.27],[123.78,-8.31],[123.73,-8.39],[123.6,-8.46]],[[122.8,-8.47],[122.85,-8.55],[122.81,-8.61],[122.57,-8.67],[122.41,-8.74],[122.11,-8.73],[122.01,-8.8],[121.79,-8.88],[121.4,-8.79],[121.34,-8.92],[121.17,-8.9],[121.07,-8.94],[120.92,-8.93],[120.83,-8.82],[120.76,-8.87],[120.64,-8.84],[120.59,-8.8],[120.38,-8.8],[120.24,-8.82],[120.13,-8.77],[119.98,-8.81],[119.82,-8.78],[119.8,-8.6],[119.92,-8.46],[120.11,-8.39],[120.28,-8.27],[120.65,-8.26],[120.74,-8.33],[120.98,-8.34],[121.03,-8.39],[121.29,-8.48],[121.38,-8.57],[121.51,-8.6],[121.68,-8.51],[121.83,-8.47],[122.03,-8.5],[122.14,-8.54],[122.29,-8.63],[122.5,-8.58],[122.49,-8.48],[122.6,-8.4],[122.76,-8.36],[122.88,-8.29],[122.79,-8.23],[122.8,-8.11],[122.86,-8.07],[122.98,-8.15],[123.02,-8.33],[122.9,-8.36],[122.9,-8.45],[122.8,-8.47]],[[119.45,-8.65],[119.38,-8.57],[119.43,-8.49],[119.57,-8.51],[119.45,-8.65]],[[129.76,-8.05],[129.69,-8.04],[129.59,-7.92],[129.59,-7.84],[129.72,-7.8],[129.84,-7.84],[129.86,-7.93],[129.76,-8.05]],[[125.81,-8.01],[125.81,-7.86],[125.87,-7.81],[125.95,-7.68],[126.2,-7.71],[126.33,-7.7],[126.5,-7.59],[126.63,-7.57],[126.72,-7.67],[126.71,-7.75],[126.56,-7.82],[126.47,-7.97],[126.42,-7.93],[126.19,-7.92],[126.07,-7.88],[125.93,-7.91],[125.81,-8.01]],[[127.36,-7.66],[127.37,-7.51],[127.49,-7.58],[127.36,-7.66]],[[127.83,-8.1],[128.12,-8.18],[127.99,-8.25],[127.8,-8.18],[127.83,-8.1]],[[128.24,-8.26],[128.1,-8.28],[128.1,-8.21],[128.22,-8.21],[128.24,-8.26]],[[123.02,-8.39],[123.04,-8.33],[123.19,-8.23],[123.33,-8.25],[123.29,-8.4],[123.02,-8.39]],[[113.55,-7.23],[113.27,-7.22],[113.13,-7.23],[112.82,-7.16],[112.74,-7.16],[112.69,-7.06],[112.84,-6.93],[112.92,-6.89],[113.45,-6.88],[113.53,-6.9],[113.92,-6.86],[114.09,-6.93],[114.05,-7.01],[113.91,-7.05],[113.83,-7.13],[113.67,-7.11],[113.58,-7.15],[113.55,-7.23]],[[134.16,-6.2],[134.13,-6.03],[134.23,-6.03],[134.23,-6.13],[134.4,-6.28],[134.33,-6.31],[134.16,-6.2]],[[134.37,-6.33],[134.44,-6.29],[134.6,-6.4],[134.51,-6.51],[134.37,-6.33]],[[121.98,-5.47],[121.88,-5.39],[121.81,-5.26],[121.85,-5.1],[121.98,-5.08],[122.06,-5.19],[122.05,-5.43],[121.98,-5.47]],[[122.4,-5.06],[122.33,-4.84],[122.4,-4.74],[122.5,-4.73],[122.66,-4.62],[122.74,-4.64],[122.78,-4.94],[122.64,-5.08],[122.61,-5.24],[122.66,-5.32],[122.61,-5.41],[122.54,-5.43],[122.41,-5.35],[122.3,-5.39],[122.28,-5.33],[122.34,-5.11],[122.4,-5.06]],[[117.48,-8.2],[117.56,-8.15],[117.66,-8.15],[117.57,-8.36],[117.48,-8.2]],[[115.55,-8.67],[115.62,-8.77],[115.59,-8.81],[115.47,-8.72],[115.55,-8.67]],[[143.53,-8.49],[143.38,-8.43],[143.37,-8.37],[143.57,-8.37],[143.61,-8.46],[143.53,-8.49]],[[130.69,-0.45],[130.64,-0.53],[130.52,-0.52],[130.63,-0.41],[130.69,-0.45]],[[143.89,-40.03],[143.84,-39.93],[143.86,-39.7],[144.08,-39.63],[144.14,-39.93],[144.11,-40.03],[143.92,-40.13],[143.89,-40.03]],[[147.95,-39.71],[148.17,-39.94],[148.3,-39.96],[148.33,-40.17],[148.31,-40.24],[148.07,-40.26],[147.91,-39.98],[147.76,-39.88],[147.85,-39.83],[147.95,-39.71]],[[148.21,-40.34],[148.35,-40.31],[148.48,-40.43],[148.41,-40.49],[148.3,-40.43],[148.08,-40.45],[148.07,-40.35],[148.21,-40.34]],[[145.25,-40.72],[145.34,-40.84],[145.71,-40.93],[145.79,-41.02],[145.92,-41.04],[146.21,-41.16],[146.42,-41.17],[147.02,-40.98],[147.17,-41.01],[147.29,-40.94],[147.44,-41.01],[147.6,-40.85],[147.67,-40.83],[147.82,-40.89],[147.92,-40.85],[147.98,-40.74],[148.21,-40.84],[148.33,-41],[148.27,-41.15],[148.33,-41.32],[148.28,-41.45],[148.31,-41.61],[148.26,-41.8],[148.33,-41.92],[148.3,-42.05],[148.15,-42],[148.07,-42.2],[147.98,-42.32],[148.01,-42.51],[147.94,-42.59],[147.95,-42.72],[147.89,-42.82],[148,-42.91],[147.96,-43.01],[148,-43.18],[147.87,-43.14],[147.79,-43.24],[147.65,-43.07],[147.89,-43.03],[147.84,-42.9],[147.69,-42.9],[147.59,-42.82],[147.48,-42.91],[147.36,-42.93],[147.33,-43.04],[147.26,-43.11],[147.26,-43.25],[147.1,-43.3],[146.94,-43.5],[146.93,-43.61],[146.71,-43.63],[146.51,-43.53],[146.31,-43.53],[146.03,-43.48],[145.99,-43.38],[146.03,-43.32],[145.96,-43.23],[145.87,-43.26],[145.76,-43.18],[145.73,-43.1],[145.58,-42.96],[145.51,-42.96],[145.39,-42.77],[145.35,-42.65],[145.26,-42.6],[145.2,-42.25],[145.28,-42.18],[145.21,-41.97],[144.93,-41.71],[144.77,-41.34],[144.68,-41.22],[144.68,-41.08],[144.61,-41],[144.7,-40.89],[144.69,-40.7],[144.98,-40.74],[145.12,-40.82],[145.23,-40.8],[145.25,-40.72]],[[148.01,-42.73],[148.02,-42.61],[148.13,-42.59],[148.1,-42.72],[148.01,-42.73]],[[147.29,-43.28],[147.37,-43.39],[147.32,-43.5],[147.15,-43.5],[147.17,-43.37],[147.29,-43.28]]]},"properties":{"featurecla":"Bathymetry","depth":0,"scalerank":0}},
{"type":"Feature","geometry":{"type":"Polygon","coordinates":[[[9.35,0],[9.31,0.32],[9.38,0.31],[9.42,0.21],[9.71,0.13],[9.68,0.22],[9.57,0.3],[9.5,0.29],[9.41,0.47],[9.31,0.54],[9.31,0.61],[9.52,0.68],[9.63,0.64],[9.62,0.81],[9.56,0.96],[9.58,1.04],[9.51,1.14],[9.41,1.11],[9.36,1.15],[9.41,1.28],[9.56,1.5],[9.62,1.67],[9.71,1.76],[9.8,1.9],[9.77,2.09],[9.82,2.38],[9.82,2.56],[9.87,2.75],[9.88,2.88],[9.96,3.08],[9.9,3.27],[9.78,3.44],[9.64,3.54],[9.62,3.75],[9.59,3.81],[9.66,3.94],[9.58,4.01],[9.48,3.99],[9.41,3.9],[9.12,4.02],[8.97,4.1],[8.99,4.22],[8.92,4.32],[8.89,4.46],[8.93,4.53],[8.87,4.6],[8.7,4.5],[8.58,4.49],[8.47,4.71],[8.36,4.8],[8.36,4.63],[8.3,4.55],[8.03,4.56],[7.76,4.52],[7.56,4.53],[7.35,4.58],[7.17,4.61],[7.18,4.5],[6.97,4.37],[6.86,4.42],[6.85,4.35],[6.72,4.35],[6.71,4.51],[6.65,4.51],[6.7,4.35],[6.46,4.33],[6.1,4.28],[5.95,4.34],[5.78,4.46],[5.59,4.64],[5.49,4.84],[5.36,5.17],[5.34,5.34],[5.2,5.5],[5.01,5.85],[4.89,6.01],[4.72,6.16],[4.51,6.31],[4.41,6.36],[4.13,6.41],[3.54,6.45],[3.45,6.58],[3.4,6.55],[3.38,6.4],[3.08,6.38],[2.93,6.39],[2.31,6.33],[1.88,6.27],[1.43,6.18],[1.13,6.07],[1.05,5.99],[1,5.84],[0.91,5.78],[0.72,5.76],[0.32,5.78],[0.16,5.72],[0,5.62],[0,4.68],[0,4.21],[0,3.28],[0,2.34],[0,1.4],[0,0.47],[0,0],[0.49,0],[1.48,0],[1.97,0],[2.95,0],[3.93,0],[4.92,0],[5.9,0],[6.39,0],[7.38,0],[8.36,0],[9.35,0]],[[8.92,3.75],[8.96,3.64],[8.86,3.51],[8.77,3.32],[8.7,3.21],[8.45,3.27],[8.42,3.34],[8.47,3.46],[8.56,3.46],[8.62,3.56],[8.63,3.65],[8.7,3.76],[8.92,3.75]],[[7.46,1.67],[7.43,1.56],[7.33,1.57],[7.4,1.7],[7.46,1.67]],[[6.68,0.41],[6.75,0.34],[6.74,0.22],[6.66,0.11],[6.52,0.03],[6.46,0.22],[6.53,0.35],[6.68,0.41]]]},"properties":{"featurecla":"Bathymetry","depth":0,"scalerank":0}},
{"type":"Feature","geometry":{"type":"Polygon","coordinates":[[[90,0],[90,1],[90,1.49],[90,2.49],[90,2.99],[90,3.98],[90,4.48],[90,5.47],[90,6.47],[90,6.97],[90,7.96],[90,8.96],[90,9.95],[90,10.45],[90,11.45],[90,12.44],[90,13.44],[90,13.93],[90,14.93],[90,15.92],[90,16.92],[90,17.92],[89.45,18.64],[88.9,19.37],[88.35,20.1],[87.8,20.83],[87.25,21.56],[87.06,21.48],[86.92,21.33],[86.84,21.17],[86.84,21.08],[86.95,20.85],[87,20.66],[86.92,20.62],[86.73,20.46],[86.7,20.28],[86.5,20.18],[86.47,20.09],[86.37,19.96],[86.27,19.91],[85.74,19.77],[85.55,19.69],[85.57,19.88],[85.46,19.9],[85.22,19.74],[85.1,19.51],[85.18,19.48],[84.87,19.22],[84.74,19.03],[84.63,18.92],[84.42,18.64],[84.28,18.53],[84.08,18.27],[83.78,18.14],[83.61,18.05],[83.43,17.85],[83.42,17.81],[83.24,17.59],[83.09,17.53],[82.9,17.41],[82.72,17.35],[82.47,17.21],[82.3,17.03],[82.27,16.87],[82.37,16.81],[82.31,16.58],[81.99,16.41],[81.76,16.32],[81.5,16.36],[81.32,16.37],[81.25,16.32],[81.16,16.04],[81.16,15.99],[81,15.85],[80.91,15.85],[80.83,15.75],[80.78,15.88],[80.69,15.9],[80.47,15.83],[80.36,15.78],[80.26,15.67],[80.17,15.44],[80.09,15.3],[80.05,15.01],[80.11,14.7],[80.2,14.57],[80.17,14.34],[80.12,14.24],[80.16,13.99],[80.24,13.84],[80.25,13.76],[80.2,13.64],[80.09,13.66],[80.06,13.6],[80.12,13.5],[80.22,13.49],[80.33,13.43],[80.35,13.35],[80.33,13.2],[80.29,13.07],[80.26,12.84],[80.23,12.67],[80.16,12.47],[79.86,12.02],[79.79,11.77],[79.75,11.58],[79.82,11.39],[79.86,11.16],[79.84,10.95],[79.86,10.38],[79.85,10.28],[79.76,10.26],[79.53,10.32],[79.4,10.32],[79.3,10.27],[79.24,10.17],[79.28,10.04],[79.2,9.97],[79.09,9.8],[78.98,9.67],[78.91,9.47],[78.93,9.42],[79.09,9.25],[78.96,9.27],[78.84,9.24],[78.62,9.14],[78.45,9.12],[78.24,8.97],[78.18,8.86],[78.14,8.67],[78.13,8.49],[78.06,8.37],[77.81,8.23],[77.75,8.17],[77.64,8.16],[77.51,8.08],[77.32,8.13],[77,8.37],[76.7,8.74],[76.54,8.91],[76.36,9.33],[76.31,9.49],[76.34,9.7],[76.39,9.68],[76.36,9.92],[76.28,9.98],[76.25,10.1],[76.18,10.17],[76.05,10.51],[75.92,10.77],[75.83,11.1],[75.7,11.42],[75.62,11.47],[75.53,11.69],[75.29,11.98],[75.19,12.02],[75.13,12.21],[74.96,12.54],[74.82,12.86],[74.72,13.33],[74.61,13.84],[74.5,14.01],[74.47,14.18],[74.43,14.24],[74.39,14.41],[74.31,14.52],[74.26,14.7],[74.11,14.78],[74.13,14.85],[74.04,14.92],[74.03,15],[73.91,15.08],[73.95,15.16],[73.89,15.44],[73.77,15.5],[73.69,15.71],[73.59,15.9],[73.45,16.07],[73.44,16.16],[73.38,16.33],[73.38,16.4],[73.32,16.51],[73.32,16.69],[73.27,16.85],[73.29,16.98],[73.23,17.3],[73.17,17.41],[73.13,17.54],[73.12,17.72],[73.02,17.95],[72.98,18.08],[72.98,18.3],[72.89,18.44],[72.92,18.55],[72.86,18.68],[72.85,18.77],[72.93,18.83],[72.89,18.99],[72.82,19.05],[72.77,19.27],[72.79,19.35],[72.75,19.47],[72.8,19.53],[72.72,19.61],[72.71,19.75],[72.65,19.84],[72.71,20.01],[72.75,20.28],[72.88,20.51],[72.89,20.62],[72.94,20.77],[72.78,21.04],[72.8,21.13],[72.61,21.27],[72.57,21.39],[72.62,21.49],[72.75,21.57],[72.8,21.67],[72.53,21.71],[72.56,21.84],[72.51,21.96],[72.54,22.16],[72.63,22.21],[72.75,22.16],[72.79,22.22],[72.66,22.27],[72.55,22.28],[72.48,22.23],[72.21,22.27],[72.32,22.18],[72.26,22.01],[72.13,21.98],[72.17,21.79],[72.3,21.65],[72.24,21.48],[72.1,21.32],[72.1,21.21],[71.72,21.03],[71.46,20.89],[71.32,20.85],[70.98,20.71],[70.84,20.7],[70.54,20.81],[70.34,20.93],[70.06,21.15],[69.81,21.43],[69.48,21.75],[69.2,21.98],[68.99,22.2],[68.94,22.3],[68.97,22.4],[69.21,22.4],[69.21,22.27],[69.36,22.33],[69.62,22.36],[69.74,22.47],[69.79,22.42],[69.96,22.54],[70.18,22.56],[70.32,22.78],[70.38,22.9],[70.53,23.02],[70.47,23.13],[70.4,23.07],[70.4,22.95],[70.27,22.96],[69.83,22.86],[69.72,22.75],[69.59,22.76],[69.34,22.83],[69.24,22.84],[69.04,22.95],[68.87,23.02],[68.69,23.13],[68.55,23.26],[68.56,23.36],[68.42,23.45],[68.41,23.7],[68.33,23.59],[68.18,23.59],[68.18,23.75],[68.06,23.72],[68.02,23.77],[67.86,23.87],[67.8,23.81],[67.63,23.8],[67.52,23.91],[67.44,24.07],[67.35,24.07],[67.3,24.19],[67.25,24.47],[67.15,24.64],[67.18,24.76],[66.97,24.84],[66.68,24.83],[66.72,25.23],[66.55,25.37],[66.59,25.43],[66.44,25.6],[66.25,25.47],[65.86,25.42],[65.67,25.35],[65.4,25.39],[65.23,25.37],[65.16,25.3],[64.81,25.33],[64.72,25.31],[64.66,25.23],[64.52,25.28],[64.42,25.24],[64.36,25.28],[64.07,25.35],[63.94,25.33],[63.8,25.37],[63.57,25.36],[63.49,25.28],[63.5,25.19],[63.18,25.26],[63.03,25.22],[62.77,25.26],[62.48,25.26],[62.37,25.18],[62.25,25.21],[62.08,25.2],[62.08,25.1],[61.88,25.1],[61.84,25.04],[61.72,25.04],[61.78,25.16],[61.68,25.2],[61.5,25.21],[61.5,25.13],[61.41,25.06],[61.19,25.12],[61.03,25.21],[60.63,25.27],[60.6,25.41],[60.55,25.45],[60.43,25.42],[60.36,25.33],[60.27,25.38],[60.21,25.32],[60.08,25.37],[59.9,25.33],[59.77,25.39],[59.54,25.4],[59.45,25.46],[59.12,25.39],[58.99,25.42],[58.92,25.51],[58.81,25.56],[58.55,25.59],[58.32,25.58],[58.17,25.54],[58.07,25.56],[57.96,25.69],[57.79,25.64],[57.77,25.73],[57.52,25.74],[57.33,25.78],[57.25,25.96],[57.16,26.09],[57.21,26.17],[57.13,26.26],[57.08,26.45],[57.09,26.62],[56.97,26.97],[56.86,27.05],[56.81,27.14],[56.58,27.15],[56.35,27.2],[56.12,27.16],[55.94,27.03],[55.68,27],[55.61,26.95],[55.55,26.81],[55.4,26.76],[55.27,26.79],[55.21,26.73],[55.1,26.7],[54.8,26.5],[54.62,26.51],[54.56,26.58],[54.39,26.61],[54.31,26.71],[54.15,26.71],[54,26.75],[53.82,26.7],[53.72,26.71],[53.49,26.85],[53.41,26.99],[53.07,27.1],[52.85,27.22],[52.73,27.3],[52.6,27.35],[52.57,27.54],[52.42,27.65],[52.24,27.68],[52.01,27.83],[51.86,27.85],[51.72,27.83],[51.59,27.85],[51.38,27.99],[51.26,28.16],[51.26,28.27],[51.14,28.4],[51.07,28.57],[51.06,28.74],[50.98,28.82],[50.88,28.83],[50.81,28.91],[50.89,28.98],[50.92,29.07],[50.84,29.14],[50.64,29.14],[50.66,29.45],[50.4,29.65],[50.24,29.87],[50.14,29.94],[50.13,30.12],[50.07,30.2],[49.91,30.2],[49.6,30.03],[49.53,30.02],[49.48,30.16],[49.25,30.16],[49,30.31],[49.06,30.41],[49.18,30.37],[49.26,30.42],[49.17,30.51],[48.98,30.52],[48.86,30.35],[48.92,30.25],[48.93,30.08],[48.88,30.02],[48.66,29.99],[48.52,29.93],[48.34,29.96],[48.21,30.02],[48.04,30.04],[47.95,29.99],[48.02,29.78],[48.08,29.74],[48.18,29.56],[47.97,29.58],[47.85,29.5],[47.73,29.36],[47.9,29.34],[47.99,29.39],[48.1,29.35],[48.09,29.29],[48.16,29.02],[48.33,28.76],[48.41,28.57],[48.49,28.5],[48.53,28.3],[48.62,28.22],[48.61,28.13],[48.74,27.96],[48.88,27.84],[48.79,27.74],[48.87,27.61],[48.97,27.62],[49.09,27.55],[49.24,27.55],[49.16,27.43],[49.3,27.33],[49.34,27.19],[49.41,27.13],[49.52,27.19],[49.7,26.96],[49.87,26.86],[49.94,26.86],[50.07,26.73],[49.98,26.71],[50.03,26.49],[50.19,26.4],[50.22,26.22],[50.16,26.1],[49.98,26.14],[50.1,25.99],[50.12,25.87],[50.23,25.62],[50.35,25.48],[50.46,25.45],[50.53,25.29],[50.56,25.05],[50.66,24.98],[50.73,24.88],[50.77,24.73],[50.86,24.8],[50.85,24.89],[50.78,25.09],[50.75,25.42],[50.78,25.53],[50.88,25.63],[50.9,25.79],[51.05,26.05],[51.25,26.16],[51.35,26.1],[51.39,25.97],[51.51,25.95],[51.58,25.88],[51.55,25.65],[51.47,25.52],[51.52,25.43],[51.51,25.31],[51.59,25.28],[51.62,25.14],[51.59,24.95],[51.5,24.86],[51.44,24.68],[51.27,24.62],[51.4,24.49],[51.31,24.41],[51.28,24.3],[51.48,24.31],[51.63,24.23],[51.78,24.24],[51.81,24],[52.22,23.97],[52.34,24.01],[52.63,24.19],[52.67,24.14],[53.07,24.12],[53.17,24.17],[53.25,24.1],[53.44,24.12],[53.58,24.05],[53.85,24.06],[54.12,24.14],[54.32,24.27],[54.45,24.32],[54.48,24.43],[54.56,24.46],[54.71,24.8],[55.08,25.02],[55.3,25.26],[55.36,25.35],[55.47,25.41],[55.52,25.54],[55.63,25.54],[55.66,25.6],[55.84,25.71],[56.01,25.88],[56.09,26.11],[56.18,26.25],[56.3,26.21],[56.32,26.31],[56.47,26.21],[56.38,26.1],[56.4,25.99],[56.36,25.81],[56.29,25.74],[56.28,25.63],[56.37,25.53],[56.38,25.33],[56.36,25.06],[56.41,24.9],[56.49,24.7],[56.61,24.5],[56.8,24.3],[56.94,24.12],[57.15,23.95],[57.33,23.88],[57.65,23.79],[57.8,23.78],[57.91,23.72],[58.04,23.72],[58.23,23.68],[58.28,23.63],[58.41,23.62],[58.49,23.66],[58.6,23.64],[58.63,23.59],[58.79,23.51],[58.81,23.42],[58.92,23.34],[59.08,23.06],[59.21,22.97],[59.3,22.79],[59.41,22.67],[59.54,22.58],[59.78,22.54],[59.84,22.45],[59.79,22.2],[59.69,22.08],[59.65,21.93],[59.5,21.76],[59.45,21.62],[59.34,21.44],[59.17,21.36],[58.92,21.14],[58.81,20.99],[58.79,20.93],[58.68,20.83],[58.6,20.66],[58.52,20.42],[58.47,20.37],[58.22,20.4],[58.26,20.59],[58.1,20.58],[58.08,20.48],[57.96,20.4],[57.97,20.33],[57.86,20.26],[57.85,20.11],[57.76,19.84],[57.7,19.75],[57.7,19.55],[57.77,19.41],[57.75,19.27],[57.81,19.16],[57.84,19.02],[57.71,18.94],[57.5,18.95],[57.21,18.91],[56.92,18.81],[56.78,18.73],[56.66,18.6],[56.56,18.15],[56.46,18.08],[56.34,17.94],[56.19,17.96],[55.91,17.91],[55.65,17.9],[55.45,17.84],[55.36,17.68],[55.26,17.61],[55.23,17.52],[55.3,17.42],[55.25,17.23],[55.03,17.01],[54.81,16.95],[54.59,17.04],[54.39,17.04],[54.02,16.99],[53.98,16.91],[53.75,16.87],[53.58,16.75],[53.34,16.73],[53.07,16.63],[52.98,16.63],[52.85,16.56],[52.6,16.48],[52.42,16.37],[52.29,16.26],[52.22,16.15],[52.16,15.98],[52.22,15.85],[52.23,15.62],[52.05,15.57],[51.68,15.4],[51.66,15.33],[51.55,15.32],[51.37,15.23],[51.07,15.15],[50.55,15.05],[50.18,14.84],[50.04,14.82],[49.94,14.84],[49.58,14.74],[49.08,14.51],[49,14.32],[48.89,14.25],[48.85,14.17],[48.68,14.04],[48.56,14.05],[48.45,14.01],[48.34,14.02],[48.19,13.97],[48.14,14.03],[48.02,14.06],[47.87,13.96],[47.67,13.89],[47.4,13.65],[47.17,13.59],[46.91,13.53],[46.7,13.43],[46.31,13.41],[46.23,13.44],[45.94,13.4],[45.67,13.34],[45.49,13.19],[45.4,13.07],[45.19,13.01],[45.02,12.84],[44.94,12.83],[44.87,12.73],[44.69,12.8],[44.54,12.8],[44.43,12.69],[44.19,12.62],[43.95,12.6],[43.91,12.65],[43.68,12.74],[43.59,12.75],[43.46,12.69],[43.47,12.85],[43.38,13.02],[43.25,13.21],[43.25,13.53],[43.28,13.58],[43.28,13.72],[43.23,13.88],[43.1,14.08],[42.99,14.45],[43.03,14.54],[42.94,14.79],[42.94,14.95],[42.89,15.01],[42.86,15.14],[42.67,15.24],[42.7,15.31],[42.8,15.25],[42.77,15.49],[42.72,15.57],[42.7,15.72],[42.82,15.87],[42.84,16.05],[42.79,16.47],[42.72,16.57],[42.74,16.67],[42.64,16.82],[42.54,16.88],[42.54,17],[42.44,17.07],[42.4,17.16],[42.34,17.17],[42.3,17.45],[42.15,17.57],[42.09,17.65],[41.87,17.82],[41.72,17.91],[41.59,18.1],[41.45,18.36],[41.44,18.46],[41.36,18.57],[41.27,18.6],[41.21,18.7],[41.25,18.83],[41.17,18.87],[41.14,18.96],[41.18,19.07],[41.07,19.13],[41.01,19.3],[40.96,19.34],[40.94,19.51],[40.78,19.6],[40.79,19.71],[40.73,19.79],[40.63,19.79],[40.52,19.97],[40.27,20.13],[40.07,20.29],[39.92,20.26],[39.76,20.35],[39.65,20.46],[39.49,20.71],[39.51,20.75],[39.3,20.93],[39.17,21.19],[39.08,21.32],[39.17,21.4],[39.12,21.52],[39.08,21.71],[38.98,21.86],[38.93,22.01],[39.01,22],[39.04,22.13],[39.04,22.24],[39.14,22.39],[39.08,22.44],[39.08,22.55],[38.96,22.77],[38.96,22.87],[38.89,22.97],[38.81,22.98],[38.81,23.09],[38.71,23.24],[38.6,23.57],[38.49,23.64],[38.45,23.78],[38.37,23.87],[38.19,23.98],[38.08,24.07],[37.87,24.15],[37.68,24.29],[37.52,24.27],[37.43,24.37],[37.46,24.44],[37.15,24.85],[37.26,24.87],[37.28,24.96],[37.23,25.19],[37.11,25.32],[36.94,25.65],[36.82,25.76],[36.72,25.75],[36.66,25.86],[36.7,26.02],[36.54,26.08],[36.38,26.33],[36.23,26.63],[36.1,26.75],[35.98,26.95],[35.83,27.09],[35.81,27.19],[35.56,27.46],[35.49,27.63],[35.32,27.88],[35.18,28],[35.22,28.05],[35.05,28.12],[34.9,28.08],[34.78,28.1],[34.63,28.16],[34.8,28.53],[34.78,28.66],[34.84,28.82],[34.85,29.05],[34.96,29.36],[35,29.52],[34.85,29.46],[34.74,29.31],[34.73,29.2],[34.67,29.11],[34.63,28.77],[34.41,28.31],[34.46,28.17],[34.43,27.98],[34.24,27.79],[34.08,27.8],[33.99,27.89],[33.76,28.02],[33.56,28.3],[33.43,28.37],[33.23,28.57],[33.19,28.68],[33.23,28.76],[33.18,28.82],[33.15,29.03],[32.89,29.24],[32.82,29.41],[32.74,29.46],[32.68,29.6],[32.69,29.73],[32.56,29.97],[32.47,29.92],[32.49,29.85],[32.39,29.73],[32.34,29.6],[32.39,29.53],[32.59,29.35],[32.66,29.09],[32.63,28.97],[32.68,28.88],[32.82,28.75],[32.87,28.58],[33,28.49],[33.13,28.29],[33.34,28.09],[33.51,27.96],[33.58,27.85],[33.52,27.75],[33.52,27.64],[33.56,27.54],[33.63,27.5],[33.69,27.34],[33.83,27.26],[33.84,27.12],[34,26.85],[33.95,26.82],[33.94,26.65],[34.01,26.61],[34.34,26],[34.55,25.73],[34.63,25.57],[34.68,25.43],[34.99,24.91],[35.24,24.4],[35.39,24.28],[35.49,24.11],[35.61,24.02],[35.72,23.99],[35.68,23.91],[35.51,23.98],[35.47,23.8],[35.51,23.76],[35.49,23.5],[35.54,23.41],[35.57,23.21],[35.65,23.07],[35.7,22.93],[35.89,22.74],[35.98,22.69],[36.2,22.65],[36.27,22.59],[36.31,22.49],[36.43,22.43],[36.44,22.36],[36.56,22.3],[36.71,22.17],[36.76,22.18],[36.9,22.07],[36.87,21.82],[36.9,21.68],[36.98,21.47],[37.11,21.28],[37.15,21.17],[37.09,21.06],[37.15,20.94],[37.17,20.75],[37.23,20.57],[37.18,20.46],[37.18,20.35],[37.22,20.12],[37.2,19.98],[37.26,19.82],[37.24,19.66],[37.29,19.48],[37.33,19.16],[37.36,19.13],[37.43,18.86],[37.55,18.71],[37.67,18.74],[37.81,18.62],[37.93,18.59],[38.04,18.46],[38.08,18.35],[38.15,18.25],[38.25,18.24],[38.58,18.08],[38.62,17.95],[38.79,17.67],[38.93,17.4],[39.06,17.03],[39.16,16.63],[39.2,16.3],[39.24,16.11],[39.31,15.89],[39.43,15.82],[39.48,15.61],[39.46,15.52],[39.59,15.53],[39.66,15.34],[39.72,15.26],[39.7,15.12],[39.81,15.08],[39.85,15.17],[39.78,15.3],[39.77,15.39],[39.88,15.5],[40.01,15.38],[40.07,15.35],[40.03,15.24],[40.14,15.06],[40.16,14.98],[40.3,14.92],[40.38,14.99],[40.55,14.99],[40.73,14.82],[40.72,14.76],[40.81,14.7],[41.16,14.64],[41.31,14.49],[41.34,14.4],[41.51,14.21],[41.54,14.13],[41.62,14.06],[41.68,13.94],[41.81,13.93],[41.84,13.88],[41.98,13.84],[42.1,13.65],[42.29,13.57],[42.34,13.42],[42.38,13.22],[42.52,13.24],[42.66,13.07],[42.74,13.02],[42.77,12.86],[42.96,12.81],[43,12.9],[43.09,12.82],[43.16,12.64],[43.31,12.48],[43.41,12.24],[43.42,12.09],[43.38,12],[43.21,11.96],[43.04,11.8],[42.9,11.78],[42.75,11.71],[42.68,11.58],[42.53,11.58],[42.54,11.5],[42.64,11.49],[42.69,11.55],[42.88,11.58],[43.12,11.58],[43.27,11.46],[43.46,11.35],[43.49,11.24],[43.58,11.14],[43.66,10.99],[43.83,10.8],[44.27,10.46],[44.39,10.4],[44.59,10.38],[44.75,10.43],[44.96,10.42],[45,10.46],[45.25,10.6],[45.34,10.67],[45.49,10.68],[45.59,10.77],[45.8,10.88],[45.98,10.8],[46.1,10.77],[46.21,10.8],[46.34,10.71],[46.45,10.69],[46.66,10.75],[46.88,10.89],[47.01,10.94],[47.18,11.08],[47.37,11.17],[47.52,11.19],[47.68,11.11],[47.77,11.13],[47.95,11.13],[48.16,11.15],[48.34,11.28],[48.65,11.33],[48.9,11.25],[49.24,11.3],[49.52,11.39],[49.58,11.46],[49.85,11.46],[49.93,11.51],[50.07,11.51],[50.27,11.59],[50.44,11.69],[50.51,11.77],[50.58,11.92],[50.8,11.99],[50.97,11.93],[51.03,11.89],[51.29,11.83],[51.25,11.65],[51.12,11.51],[51.08,11.34],[51.09,11.19],[51.17,11.16],[51.12,10.99],[51.14,10.68],[51.1,10.49],[51.19,10.55],[51.29,10.48],[51.4,10.48],[51.37,10.37],[51.24,10.43],[51.09,10.41],[50.93,10.33],[50.88,10.1],[50.9,10.02],[50.81,9.62],[50.84,9.46],[50.77,9.32],[50.68,9.26],[50.65,9.11],[50.42,8.86],[50.39,8.73],[50.33,8.64],[50.29,8.49],[50.16,8.32],[50.06,8.13],[49.93,8.05],[49.84,7.96],[49.8,7.83],[49.82,7.74],[49.59,7.31],[49.37,7.03],[49.25,6.81],[49.2,6.67],[49.07,6.42],[49.09,6.31],[49.04,6.14],[48.85,5.82],[48.7,5.59],[48.65,5.48],[48.55,5.38],[48.45,5.21],[48.2,4.91],[48.06,4.61],[47.95,4.46],[47.58,4.06],[47.49,3.94],[47.01,3.44],[46.83,3.23],[46.63,3.02],[46.49,2.91],[46.24,2.67],[46.03,2.44],[45.83,2.31],[45.23,1.97],[45,1.87],[44.55,1.56],[44.15,1.23],[43.93,1.01],[43.78,0.92],[43.47,0.62],[43.29,0.41],[43.09,0.22],[42.89,0],[43.88,0],[44.87,0],[45.86,0],[46.36,0],[47.35,0],[47.85,0],[48.84,0],[49.83,0],[50.33,0],[51.32,0],[52.31,0],[53.3,0],[54.29,0],[55.29,0],[56.28,0],[56.77,0],[57.77,0],[58.76,0],[59.75,0],[60.74,0],[61.73,0],[62.23,0],[63.22,0],[64.21,0],[64.71,0],[65.7,0],[66.69,0],[67.68,0],[68.68,0],[69.67,0],[70.66,0],[71.16,0],[72.15,0],[72.64,0],[73.63,0],[74.63,0],[75.12,0],[76.11,0],[77.11,0],[78.1,0],[79.09,0],[80.08,0],[81.07,0],[82.07,0],[83.06,0],[84.05,0],[85.04,0],[86.03,0],[86.53,0],[87.52,0],[88.51,0],[89.01,0],[90,0]],[[56.21,27],[56.19,26.92],[56.08,26.79],[55.95,26.7],[55.88,26.74],[55.71,26.69],[55.5,26.59],[55.3,26.54],[55.35,26.65],[55.74,26.78],[55.79,26.84],[55.76,26.95],[55.9,26.91],[56.04,26.98],[56.21,27]],[[48.35,29.71],[48.23,29.6],[48.16,29.63],[48.05,29.8],[48.16,29.88],[48.19,29.98],[48.34,29.79],[48.35,29.71]],[[50.55,26.19],[50.61,26.11],[50.6,25.85],[50.55,25.85],[50.46,25.99],[50.49,26.05],[50.45,26.15],[50.55,26.19]],[[53.66,24.16],[53.72,24.23],[53.84,24.26],[53.95,24.2],[53.92,24.14],[53.74,24.13],[53.66,24.16]],[[58.91,20.63],[58.95,20.52],[58.84,20.44],[58.79,20.29],[58.72,20.22],[58.64,20.22],[58.64,20.36],[58.75,20.44],[58.85,20.61],[58.91,20.63]],[[54.47,12.54],[54.44,12.48],[54.25,12.43],[54.14,12.35],[53.97,12.34],[53.78,12.3],[53.57,12.33],[53.51,12.42],[53.33,12.52],[53.39,12.56],[53.4,12.66],[53.5,12.71],[53.65,12.7],[53.76,12.62],[54.01,12.65],[54.12,12.7],[54.47,12.54]],[[40.39,15.64],[40.29,15.57],[40.21,15.6],[40.06,15.59],[40.04,15.72],[39.92,15.78],[40.09,15.85],[40.14,15.79],[40.16,15.64],[40.23,15.63],[40.29,15.7],[40.39,15.64]],[[41.92,16.79],[41.83,16.89],[41.95,16.94],[41.92,16.79]],[[81.88,7.09],[81.89,7.02],[81.83,6.77],[81.78,6.61],[81.68,6.46],[81.36,6.23],[81.11,6.12],[80.81,6.04],[80.71,5.96],[80.59,5.92],[80.25,6.01],[80.1,6.13],[80.03,6.27],[79.97,6.54],[79.86,6.81],[79.86,7.01],[79.81,7.18],[79.83,7.23],[79.78,7.59],[79.8,7.66],[79.76,7.87],[79.76,7.99],[79.83,8.14],[79.82,8.27],[79.87,8.54],[79.94,8.64],[79.93,8.8],[79.95,8.95],[80.05,9.03],[80.12,9.23],[80.12,9.31],[80.05,9.39],[80.27,9.5],[80.29,9.45],[80.43,9.5],[80.27,9.61],[80.17,9.65],[80.09,9.62],[79.95,9.69],[79.91,9.77],[79.99,9.82],[80.23,9.83],[80.41,9.62],[80.74,9.36],[80.83,9.24],[80.93,9.02],[81.09,8.85],[81.23,8.65],[81.21,8.47],[81.37,8.48],[81.45,8.13],[81.52,8],[81.57,7.99],[81.61,7.83],[81.7,7.75],[81.71,7.65],[81.77,7.57],[81.76,7.51],[81.86,7.41],[81.88,7.33],[81.88,7.09]]]},"properties":{"featurecla":"Bathymetry","depth":0,"scalerank":0}},
{"type":"Feature","geometry":{"type":"Polygon","coordinates":[[[-88.79,69.12],[-88.45,69.54],[-90,70.21],[-90.52,70.86],[-91.03,71.5],[-90.79,71.88],[-90.3,72.63],[-89.82,73.39],[-89.33,74.14],[-90.74,74.29],[-92.62,74.48],[-93.16,75.27],[-93.7,76.07],[-96.85,76.14],[-97.21,76.47],[-97.92,77.14],[-95.56,77.17],[-92.24,77.21],[-92.66,77.87],[-93.99,78.34],[-94.87,78.66],[-96.64,79.29],[-97.56,80.14],[-98.17,80.71],[-97.26,81.03],[-95.44,81.67],[-93.63,82.31],[-91.81,82.95],[-90,83.58],[-90,84.57],[-90,85.07],[-90,86.05],[-90,87.04],[-90,88.03],[-90,88.52],[-90,89.51],[-90,90],[-90.12,90],[-90.62,90],[-91.12,90],[-91.62,90],[-92.12,90],[-92.62,90],[-93.12,90],[-93.62,90],[-94.12,90],[-94.62,90],[-95.12,90],[-95.62,90],[-96.12,90],[-96.62,90],[-97.12,90],[-97.61,90],[-98.11,90],[-98.61,90],[-99.11,90],[-99.61,90],[-100.11,90],[-100.61,90],[-101.11,90],[-101.61,90],[-102.11,90],[-102.61,90],[-103.11,90],[-103.61,90],[-104.11,90],[-104.6,90],[-105.1,90],[-105.6,90],[-106.1,90],[-106.6,90],[-107.1,90],[-107.6,90],[-108.1,90],[-108.6,90],[-109.1,90],[-109.6,90],[-110.1,90],[-110.6,90],[-111.1,90],[-111.6,90],[-112.09,90],[-112.59,90],[-113.09,90],[-113.59,90],[-114.09,90],[-114.59,90],[-115.09,90],[-115.59,90],[-116.09,90],[-116.59,90],[-117.09,90],[-117.59,90],[-118.09,90],[-118.59,90],[-119.08,90],[-119.58,90],[-120.08,90],[-120.58,90],[-121.08,90],[-121.58,90],[-122.08,90],[-122.58,90],[-123.08,90],[-123.58,90],[-124.08,90],[-124.58,90],[-125.08,90],[-125.58,90],[-126.07,90],[-126.57,90],[-127.07,90],[-127.57,90],[-128.07,90],[-128.57,90],[-129.07,90],[-129.57,90],[-130.07,90],[-130.57,90],[-131.07,90],[-131.57,90],[-132.07,90],[-132.57,90],[-133.07,90],[-133.56,90],[-134.06,90],[-134.56,90],[-135.06,90],[-135.56,90],[-136.06,90],[-136.56,90],[-137.06,90],[-137.56,90],[-138.06,90],[-138.56,90],[-139.06,90],[-139.56,90],[-140.06,90],[-140.55,90],[-141.05,90],[-141.55,90],[-142.05,90],[-142.55,90],[-143.05,90],[-143.55,90],[-144.05,90],[-144.55,90],[-145.05,90],[-145.55,90],[-146.05,90],[-146.55,90],[-147.05,90],[-147.55,90],[-148.04,90],[-148.54,90],[-149.04,90],[-149.54,90],[-150.04,90],[-150.54,90],[-151.04,90],[-151.54,90],[-152.04,90],[-152.54,90],[-153.04,90],[-153.54,90],[-154.04,90],[-154.54,90],[-155.03,90],[-155.53,90],[-156.03,90],[-156.53,90],[-157.03,90],[-157.53,90],[-158.03,90],[-158.53,90],[-159.03,90],[-159.53,90],[-160.03,90],[-160.53,90],[-161.03,90],[-161.53,90],[-162.02,90],[-162.52,90],[-163.02,90],[-163.52,90],[-164.02,90],[-164.52,90],[-165.02,90],[-165.52,90],[-166.02,90],[-166.52,90],[-167.02,90],[-167.52,90],[-168.02,90],[-168.52,90],[-169.02,90],[-169.51,90],[-170.01,90],[-170.51,90],[-171.01,90],[-171.51,90],[-172.01,90],[-172.51,90],[-173.01,90],[-173.51,90],[-174.01,90],[-174.51,90],[-175.01,90],[-175.51,90],[-176.01,90],[-176.5,90],[-177,90],[-177.5,90],[-178,90],[-178.5,90],[-179,90],[-179.5,90],[-180,90],[-180,89.5],[-180,89],[-180,88.5],[-180,88.01],[-180,87.51],[-180,87.01],[-180,86.51],[-180,86.01],[-180,85.51],[-180,85.01],[-180,84.52],[-180,84.02],[-180,83.52],[-180,83.02],[-180,82.52],[-180,82.02],[-180,81.52],[-180,81.02],[-180,80.53],[-180,80.03],[-180,79.53],[-180,79.03],[-180,78.53],[-180,78.03],[-180,77.53],[-180,77.04],[-180,76.54],[-180,76.04],[-180,75.54],[-180,75.04],[-180,74.54],[-180,74.04],[-180,73.55],[-180,73.05],[-180,72.55],[-180,72.05],[-180,71.55],[-180,71.54],[-179.74,71.59],[-179.33,71.56],[-179.07,71.6],[-178.39,71.54],[-177.72,71.31],[-177.44,71.24],[-177.64,71.12],[-177.93,71.04],[-178.88,70.98],[-179.34,70.91],[-180,70.99],[-180,70.55],[-180,70.06],[-180,69.56],[-180,69.06],[-180,68.98],[-179.71,68.92],[-179.51,68.92],[-179.36,68.83],[-178.84,68.75],[-178.64,68.64],[-178.7,68.54],[-178.04,68.43],[-177.97,68.33],[-177.61,68.2],[-177.46,68.25],[-177.26,68.21],[-176.72,68.03],[-176.78,67.97],[-176.5,67.89],[-176.24,67.9],[-176.05,67.85],[-176.3,67.72],[-176.27,67.67],[-175.91,67.59],[-175.71,67.58],[-175.92,67.75],[-175.82,67.81],[-175.29,67.67],[-175.16,67.34],[-174.91,67.41],[-174.81,67.36],[-174.89,67.21],[-174.91,67.04],[-174.76,66.91],[-174.69,66.76],[-174.97,66.67],[-174.44,66.53],[-174.43,66.36],[-174.3,66.35],[-174.02,66.47],[-173.93,66.34],[-173.71,66.37],[-173.83,66.51],[-174.2,66.59],[-173.93,66.67],[-174.03,66.96],[-174.28,67.05],[-173.55,67.09],[-173.26,67.02],[-173,66.92],[-172.67,66.89],[-172.36,66.93],[-171.9,66.97],[-171.63,66.91],[-171.67,66.85],[-171.33,66.74],[-171.36,66.67],[-170.86,66.51],[-170.57,66.35],[-170.15,66.25],[-170.09,66.17],[-169.7,66.13],[-169.89,66.04],[-170.14,66],[-170.53,65.85],[-170.57,65.76],[-170.49,65.67],[-170.67,65.6],[-170.98,65.59],[-171.04,65.47],[-171.25,65.52],[-171.81,65.49],[-172.32,65.62],[-172.29,65.67],[-172.68,65.7],[-172.67,65.62],[-172.39,65.58],[-172.39,65.43],[-172.16,65.42],[-172.2,65.22],[-172.09,65.05],[-172.32,64.95],[-172.7,64.88],[-172.82,64.61],[-172.47,64.56],[-172.39,64.41],[-172.59,64.37],[-172.84,64.45],[-172.82,64.32],[-173.11,64.24],[-173.99,64.41],[-174.07,64.55],[-174.65,64.73],[-174.59,64.82],[-175.06,64.76],[-175.46,64.8],[-175.63,64.92],[-175.77,64.94],[-175.74,65.12],[-175.88,65.26],[-175.91,65.4],[-176.98,65.61],[-177.25,65.54],[-177.42,65.44],[-178.28,65.44],[-178.53,65.51],[-178.41,65.68],[-178.63,65.73],[-178.87,65.89],[-178.73,65.99],[-178.68,66.1],[-178.5,66.14],[-178.62,66.3],[-178.79,66.17],[-178.98,66.16],[-179.17,66.29],[-179.31,66.13],[-179.77,66.1],[-179.83,65.93],[-179.72,65.78],[-179.28,65.63],[-179.26,65.53],[-179.5,65.4],[-179.52,65.24],[-179.66,65.14],[-180,65.07],[-180,64.57],[-180,64.07],[-180,63.57],[-180,63.07],[-180,62.58],[-180,62.08],[-180,61.58],[-180,61.08],[-180,60.58],[-180,60.08],[-180,59.58],[-180,59.09],[-180,58.59],[-180,58.09],[-180,57.59],[-180,57.09],[-180,56.59],[-180,56.09],[-180,55.6],[-180,55.1],[-180,54.6],[-180,54.1],[-180,53.6],[-180,53.1],[-180,52.6],[-180,52.11],[-180,51.61],[-180,51.11],[-180,50.61],[-180,50.11],[-180,49.61],[-180,49.11],[-180,48.61],[-180,48.12],[-180,47.62],[-180,47.12],[-180,46.62],[-180,46.12],[-180,45.62],[-180,45.24],[-179.01,45.24],[-178.02,45.24],[-177.03,45.24],[-176.03,45.24],[-175.04,45.24],[-173.55,45.24],[-172.56,45.24],[-171.08,45.24],[-169.59,45.24],[-168.6,45.24],[-167.6,45.24],[-166.61,45.24],[-165.13,45.24],[-164.13,45.24],[-162.65,45.24],[-161.66,45.24],[-160.66,45.24],[-159.18,45.24],[-158.18,45.24],[-156.7,45.24],[-155.21,45.24],[-154.22,45.24],[-152.73,45.24],[-151.24,45.24],[-150.25,45.24],[-149.26,45.24],[-148.27,45.24],[-147.28,45.24],[-146.29,45.24],[-144.8,45.24],[-143.81,45.24],[-142.81,45.24],[-141.33,45.24],[-140.34,45.24],[-139.34,45.24],[-138.35,45.24],[-136.87,45.24],[-135.87,45.24],[-134.39,45.24],[-132.9,45.24],[-131.41,45.24],[-130.42,45.24],[-129.43,45.24],[-128.44,45.24],[-127.45,45.24],[-126.45,45.24],[-124.97,45.24],[-123.97,45.24],[-123.97,45.45],[-123.92,45.66],[-123.98,45.76],[-123.94,46.08],[-123.87,46.16],[-123.61,46.19],[-123.52,46.24],[-123.69,46.31],[-123.93,46.25],[-124.06,46.36],[-123.9,46.44],[-123.91,46.73],[-124.09,46.74],[-124.01,46.98],[-124.17,47.04],[-124.21,47.23],[-124.32,47.36],[-124.35,47.55],[-124.42,47.74],[-124.64,47.91],[-124.73,48.17],[-124.66,48.32],[-124.57,48.37],[-124.4,48.29],[-124.23,48.26],[-124.05,48.18],[-123.7,48.16],[-123.58,48.14],[-123.25,48.12],[-123.11,48.15],[-123,48.09],[-122.79,48.08],[-122.68,47.94],[-122.74,47.79],[-122.84,47.78],[-122.95,47.6],[-122.76,47.67],[-122.59,47.9],[-122.53,47.91],[-122.47,47.76],[-122.63,47.69],[-122.51,47.52],[-122.59,47.34],[-122.8,47.2],[-122.92,47.28],[-122.97,47.18],[-122.8,47.16],[-122.72,47.09],[-122.32,47.37],[-122.41,47.64],[-122.41,47.78],[-122.32,47.94],[-122.21,48.01],[-122.36,48.12],[-122.39,48.31],[-122.53,48.37],[-122.44,48.58],[-122.53,48.77],[-122.65,48.76],[-122.77,48.89],[-122.78,49.02],[-122.95,49.08],[-123.21,49.13],[-123.18,49.22],[-123.25,49.27],[-123.25,49.6],[-123.49,49.52],[-123.55,49.39],[-123.96,49.52],[-124.06,49.63],[-124.02,49.73],[-124.17,49.78],[-124.4,49.77],[-124.73,49.95],[-124.61,50.23],[-124.71,50.32],[-125.06,50.33],[-125.13,50.44],[-125.39,50.5],[-125.7,50.44],[-125.84,50.53],[-125.95,50.48],[-126.24,50.5],[-126.22,50.64],[-126.02,50.67],[-126.13,50.75],[-126.18,50.85],[-126.39,50.85],[-126.49,50.82],[-126.58,50.91],[-126.67,50.88],[-126.86,50.94],[-127.02,50.82],[-127.43,50.94],[-127.63,51.1],[-127.78,51.17],[-127.79,51.23],[-127.66,51.4],[-127.87,51.67],[-127.89,51.82],[-127.85,51.92],[-127.68,51.95],[-127.64,52.08],[-127.28,52.24],[-127.16,52.36],[-127.22,52.46],[-127.45,52.41],[-127.5,52.36],[-127.8,52.26],[-128.02,52.35],[-128.09,52.51],[-128.23,52.33],[-128.33,52.39],[-128.23,52.46],[-128.24,52.56],[-128.13,52.75],[-128.48,52.87],[-128.55,53.14],[-128.88,53.31],[-128.88,53.45],[-128.78,53.56],[-128.79,53.78],[-128.86,53.83],[-129.11,53.72],[-129.23,53.63],[-129.24,53.45],[-129.33,53.4],[-129.85,53.76],[-130.1,53.95],[-130.11,54.16],[-130.28,54.21],[-130.27,54.36],[-130.46,54.35],[-130.43,54.57],[-130.37,54.66],[-130.2,54.73],[-130.13,54.89],[-130.02,54.97],[-129.96,55.1],[-129.68,55.38],[-129.84,55.37],[-129.83,55.28],[-130.06,55],[-130.23,55.04],[-130.37,54.91],[-130.58,54.81],[-130.93,54.82],[-130.93,54.94],[-131.01,55.01],[-130.95,55.07],[-131.06,55.2],[-130.87,55.34],[-130.89,55.72],[-131.17,55.94],[-131.41,56.01],[-131.74,55.89],[-131.83,55.67],[-131.94,55.6],[-131.96,55.5],[-132.17,55.59],[-132.26,55.74],[-132.09,55.85],[-131.94,56.01],[-131.96,56.16],[-131.81,56.2],[-131.97,56.36],[-132.16,56.38],[-132.2,56.47],[-132.48,56.6],[-132.48,56.74],[-132.67,56.8],[-132.86,56.92],[-132.77,56.97],[-133.09,57.09],[-133.55,57.18],[-133.39,57.34],[-133.5,57.53],[-133.66,57.62],[-133.57,57.72],[-133.21,57.59],[-133.18,57.62],[-133.69,57.79],[-133.86,57.96],[-134.06,58.07],[-134.07,58.28],[-134.24,58.21],[-134.5,58.35],[-134.77,58.4],[-134.83,58.51],[-135.14,58.83],[-135.13,58.9],[-135.23,59.13],[-135.36,59.11],[-135.39,58.95],[-135.23,58.77],[-135.23,58.61],[-135.1,58.44],[-135.05,58.31],[-135.15,58.22],[-135.31,58.25],[-135.42,58.39],[-135.63,58.43],[-135.89,58.38],[-135.84,58.53],[-136.06,58.83],[-136.27,58.76],[-136.63,58.89],[-136.13,58.57],[-136.03,58.39],[-136.08,58.35],[-136.37,58.3],[-136.49,58.31],[-136.6,58.22],[-136.98,58.41],[-137.13,58.4],[-137.52,58.56],[-137.55,58.62],[-137.93,58.8],[-137.98,58.92],[-138.18,59.03],[-138.98,59.27],[-139.21,59.32],[-139.86,59.55],[-139.66,59.58],[-139.47,59.72],[-139.62,59.89],[-140.32,59.7],[-140.62,59.71],[-140.86,59.75],[-141.27,59.85],[-141.26,60.01],[-141.39,60.03],[-141.73,59.96],[-141.97,60.03],[-142.8,60.11],[-143.2,60.07],[-143.61,60.05],[-143.92,60],[-144.05,60.08],[-144.35,60.2],[-144.57,60.19],[-144.91,60.38],[-144.79,60.46],[-145.02,60.53],[-145.24,60.37],[-145.39,60.36],[-145.57,60.45],[-145.94,60.46],[-145.68,60.61],[-145.69,60.66],[-146.22,60.76],[-146.48,60.69],[-146.51,60.82],[-146.68,60.88],[-146.82,61.03],[-147.1,61.02],[-147.36,60.89],[-147.94,60.91],[-148.17,61.02],[-148.31,60.9],[-148.59,60.83],[-148.26,60.76],[-148.21,60.62],[-148.08,60.6],[-147.94,60.44],[-148.28,60.28],[-148.14,60.23],[-148.4,59.99],[-148.56,59.96],[-148.93,59.97],[-149.34,60.02],[-149.58,59.9],[-149.74,59.89],[-149.81,59.72],[-149.92,59.72],[-150.11,59.58],[-150.33,59.48],[-150.55,59.54],[-150.65,59.42],[-151.09,59.29],[-151.11,59.22],[-151.4,59.26],[-151.57,59.18],[-151.74,59.17],[-151.98,59.28],[-151.89,59.41],[-151.65,59.49],[-151.44,59.49],[-151.27,59.56],[-151.11,59.79],[-151.47,59.64],[-151.75,59.68],[-151.88,59.79],[-151.71,60.04],[-151.47,60.19],[-151.39,60.36],[-151.31,60.39],[-151.28,60.54],[-151.42,60.72],[-151.07,60.79],[-150.76,60.93],[-150.45,61.03],[-150.33,61.03],[-150.23,60.94],[-150.04,60.92],[-149.82,60.98],[-149.62,60.99],[-150.07,61.16],[-149.98,61.25],[-150.45,61.25],[-150.63,61.3],[-151.06,61.16],[-151.15,61.06],[-151.57,60.99],[-151.75,60.92],[-151.84,60.75],[-152.05,60.67],[-152.34,60.48],[-152.42,60.3],[-152.7,60.17],[-152.59,60.09],[-152.74,59.91],[-153.02,59.89],[-153.06,59.71],[-153.32,59.64],[-153.57,59.64],[-153.59,59.57],[-153.79,59.54],[-153.72,59.47],[-154.08,59.38],[-154.2,59.08],[-153.71,59.07],[-153.33,58.93],[-153.44,58.73],[-153.69,58.62],[-153.9,58.62],[-154,58.39],[-154.3,58.32],[-154.17,58.22],[-154.28,58.13],[-154.44,58.14],[-154.58,58.02],[-154.79,58],[-155.02,58.03],[-155.07,57.9],[-155.33,57.83],[-155.39,57.73],[-155.61,57.79],[-155.61,57.67],[-155.82,57.57],[-156.05,57.52],[-156.34,57.42],[-156.39,57.31],[-156.35,57.18],[-156.49,57.11],[-156.57,56.98],[-156.77,57.01],[-157.05,56.88],[-157.19,56.78],[-157.4,56.77],[-157.57,56.72],[-157.48,56.62],[-157.66,56.61],[-157.75,56.67],[-157.91,56.65],[-157.88,56.48],[-158.07,56.51],[-158.17,56.46],[-158.36,56.47],[-158.63,56.3],[-158.35,56.33],[-158.32,56.17],[-158.44,56.13],[-158.48,56.03],[-158.86,56.01],[-158.93,55.92],[-159.1,55.93],[-159.63,55.81],[-159.83,55.85],[-160.16,55.66],[-160.44,55.58],[-160.48,55.49],[-160.78,55.45],[-160.92,55.52],[-161.02,55.43],[-161.28,55.35],[-161.52,55.38],[-161.39,55.57],[-161.44,55.64],[-161.62,55.61],[-161.71,55.53],[-161.72,55.39],[-161.89,55.24],[-161.96,55.13],[-162.27,55.02],[-162.42,55.1],[-162.58,55.3],[-162.72,55.22],[-162.61,55.17],[-162.65,55],[-162.88,54.94],[-163.04,55.1],[-163.18,55.14],[-163.22,55.05],[-163.06,54.93],[-163.32,54.81],[-163.39,54.86],[-163.28,54.94],[-163.33,55.12],[-163.05,55.21],[-162.96,55.17],[-162.65,55.36],[-162.23,55.7],[-161.83,55.88],[-161.46,55.95],[-161.12,55.96],[-160.82,55.74],[-160.69,55.86],[-160.52,55.94],[-160.57,56.01],[-160.46,56.11],[-160.37,56.28],[-160.19,56.39],[-159.75,56.58],[-159.46,56.63],[-159.18,56.76],[-158.95,56.84],[-158.68,56.79],[-158.68,57.02],[-158.31,57.31],[-158.08,57.4],[-157.94,57.5],[-157.71,57.57],[-157.71,57.73],[-157.64,57.91],[-157.61,58.11],[-157.53,58.26],[-157.57,58.32],[-157.5,58.46],[-157.06,58.73],[-157.08,58.89],[-157.48,58.8],[-157.57,58.75],[-158.15,58.61],[-158.32,58.65],[-158.41,58.77],[-158.57,58.82],[-158.49,58.92],[-158.58,58.96],[-158.79,58.82],[-158.89,58.71],[-158.77,58.52],[-158.83,58.4],[-159.05,58.42],[-159.38,58.76],[-159.73,58.91],[-159.91,58.78],[-160.05,58.88],[-160.26,58.91],[-160.35,59.07],[-160.67,58.95],[-161.36,58.73],[-161.36,58.66],[-161.56,58.6],[-161.91,58.63],[-161.87,58.72],[-161.72,58.75],[-161.8,58.98],[-161.61,59.08],[-161.97,59.13],[-162.03,59.23],[-161.95,59.39],[-161.71,59.5],[-161.88,59.7],[-162.08,59.88],[-162.11,59.97],[-162.37,60.18],[-162.53,60],[-162.75,60],[-162.81,59.94],[-163.09,59.86],[-163.61,59.8],[-163.88,59.8],[-164.1,59.83],[-164.21,59.95],[-164.2,60.03],[-164.41,60.09],[-164.49,60.18],[-164.75,60.29],[-164.99,60.34],[-165.31,60.58],[-165,60.71],[-165.03,60.79],[-164.67,60.92],[-164.67,60.83],[-164.27,60.79],[-164.22,60.69],[-163.96,60.78],[-163.81,60.73],[-163.79,60.58],[-163.46,60.68],[-163.42,60.76],[-163.77,60.89],[-164.01,60.86],[-164.56,60.85],[-164.63,60.93],[-164.86,60.95],[-165.13,60.92],[-165.2,60.98],[-165.06,61.06],[-165.21,61.15],[-165.37,61.07],[-165.62,61.14],[-165.62,61.28],[-165.83,61.31],[-165.92,61.4],[-165.78,61.52],[-165.92,61.56],[-166.14,61.52],[-166.2,61.59],[-165.91,61.7],[-166.1,61.82],[-165.61,61.85],[-165.74,61.97],[-165.71,62.12],[-165.59,62.18],[-165.27,62.44],[-165.13,62.52],[-164.87,62.54],[-164.81,62.62],[-164.88,62.84],[-164.72,63.01],[-164.44,63.03],[-164.58,63.14],[-164.37,63.23],[-164.15,63.26],[-163.77,63.22],[-163.6,63.11],[-163.35,63.03],[-163.09,63.06],[-162.88,63.14],[-162.81,63.22],[-162.6,63.28],[-162.24,63.55],[-162.09,63.45],[-161.57,63.46],[-161.19,63.51],[-160.79,63.75],[-160.77,63.82],[-160.93,64.05],[-160.97,64.25],[-161.23,64.41],[-161.49,64.46],[-161.46,64.52],[-161.04,64.51],[-160.8,64.64],[-160.88,64.81],[-161.18,64.94],[-161.42,64.77],[-161.72,64.79],[-162.08,64.72],[-162.27,64.62],[-162.61,64.51],[-162.83,64.5],[-163.24,64.65],[-163.39,64.6],[-163.05,64.51],[-163.13,64.41],[-163.54,64.56],[-164.34,64.59],[-165.04,64.45],[-165.45,64.51],[-166.19,64.59],[-166.37,64.64],[-166.48,64.73],[-166.39,64.9],[-166.68,64.98],[-166.75,65.06],[-166.25,65.26],[-166.31,65.31],[-166.94,65.39],[-167.4,65.4],[-168.08,65.59],[-167.82,65.72],[-167.58,65.72],[-167.56,65.81],[-167.35,65.9],[-167.06,65.88],[-166.88,65.95],[-166.72,66.06],[-166.29,66.18],[-166.09,66.13],[-165.75,66.11],[-165.5,66.15],[-165.89,66.24],[-165.77,66.32],[-165.31,66.44],[-164.95,66.46],[-164.72,66.56],[-163.99,66.61],[-163.76,66.5],[-163.9,66.4],[-163.89,66.17],[-163.68,66.08],[-163.35,66.1],[-163.12,66.07],[-162.76,66.1],[-162.65,66.04],[-162.39,66.04],[-162.18,66.08],[-161.92,66.04],[-161.69,66.14],[-161.57,66.26],[-161.11,66.21],[-161,66.24],[-161.14,66.34],[-161.51,66.41],[-161.74,66.41],[-161.93,66.56],[-162.26,66.72],[-162.44,66.73],[-162.64,66.9],[-162.33,66.96],[-162.01,66.77],[-162.08,66.67],[-161.87,66.53],[-161.61,66.45],[-161.06,66.49],[-160.78,66.37],[-160.25,66.4],[-160.22,66.53],[-160.33,66.6],[-160.55,66.59],[-160.88,66.67],[-161.14,66.65],[-161.31,66.54],[-161.56,66.57],[-161.87,66.71],[-161.88,66.81],[-161.73,66.95],[-161.84,67.05],[-162.44,66.99],[-162.73,67.05],[-162.94,67.03],[-163.69,67.1],[-163.77,67.14],[-163.81,67.34],[-163.96,67.5],[-164.15,67.62],[-164.45,67.71],[-164.69,67.82],[-164.86,67.85],[-165.44,68.06],[-165.93,68.14],[-166.1,68.24],[-166.55,68.36],[-166.37,68.44],[-166.24,68.56],[-166.19,68.78],[-166.24,68.87],[-165.66,68.86],[-165.04,68.88],[-164.35,68.93],[-163.96,69],[-163.62,69.12],[-163.16,69.36],[-162.95,69.79],[-162.54,69.96],[-162.46,70.06],[-162.01,70.28],[-161.34,70.26],[-160.86,70.35],[-160.22,70.58],[-159.95,70.64],[-159.67,70.8],[-159.36,70.76],[-158.04,70.84],[-157.56,70.95],[-157.23,71.07],[-156.82,71.31],[-156.6,71.35],[-156.43,71.26],[-156.24,71.27],[-156,71.19],[-155.62,71.18],[-155.59,71.07],[-156.09,70.93],[-155.92,70.83],[-155.54,70.87],[-155.52,70.95],[-155.2,71.04],[-155.11,71.15],[-154.78,71.08],[-154.6,71],[-154.71,70.91],[-154.54,70.83],[-154.13,70.79],[-153.89,70.9],[-153.51,70.89],[-153.3,70.93],[-152.55,70.89],[-152.22,70.82],[-152.51,70.69],[-152.46,70.56],[-151.76,70.57],[-151.98,70.45],[-151.18,70.45],[-150.51,70.5],[-150.12,70.44],[-149.89,70.51],[-149.34,70.51],[-148.8,70.41],[-148.38,70.31],[-148.26,70.35],[-147.8,70.29],[-147.81,70.24],[-147.12,70.17],[-146.85,70.19],[-145.88,70.17],[-145.6,70.08],[-144.94,69.98],[-144.59,69.98],[-144.39,70.04],[-143.24,70.12],[-142.6,70.01],[-142.27,69.86],[-141.65,69.76],[-141.41,69.65],[-141.22,69.67],[-140.64,69.62],[-140.22,69.6],[-139.92,69.62],[-139.7,69.57],[-139.14,69.51],[-138.64,69.28],[-138.31,69.23],[-138.1,69.14],[-137.19,68.95],[-136.99,68.95],[-136.66,68.88],[-136.5,68.92],[-136.07,68.89],[-135.64,68.76],[-135.37,68.78],[-135.63,68.89],[-135.87,68.91],[-135.99,69.02],[-135.97,69.22],[-135.84,69.31],[-135.57,69.34],[-135.22,69.3],[-135.28,69.41],[-135.16,69.48],[-134.64,69.48],[-134.41,69.66],[-134.22,69.68],[-134.12,69.54],[-133.79,69.49],[-134.09,69.34],[-133.7,69.34],[-133.63,69.4],[-133.2,69.41],[-132.97,69.52],[-132.89,69.66],[-132.67,69.66],[-132.55,69.74],[-132.14,69.69],[-131.84,69.77],[-131.62,69.88],[-131.26,69.94],[-131.08,69.89],[-130.94,70.08],[-130.32,70.14],[-129.93,70.08],[-129.65,70.22],[-129.41,70.12],[-129.6,69.99],[-130.57,69.76],[-130.94,69.57],[-131.09,69.63],[-131.5,69.57],[-131.98,69.54],[-132.11,69.36],[-132.77,69.26],[-132.91,69.13],[-133.2,69.04],[-133.21,68.95],[-133.45,68.79],[-133.12,68.81],[-132.94,68.86],[-132.51,68.81],[-132.55,68.92],[-132.83,68.92],[-132.86,69.07],[-132.37,69.15],[-131.88,69.28],[-131.6,69.47],[-131.43,69.44],[-131.16,69.5],[-130.75,69.45],[-130.46,69.58],[-130.34,69.7],[-129.7,69.79],[-129.61,69.82],[-129.17,69.83],[-129.16,69.71],[-128.99,69.68],[-128.31,69.99],[-128.37,70.1],[-128.11,70.19],[-127.59,70.24],[-128.03,70.29],[-128.2,70.45],[-128.08,70.56],[-127.93,70.57],[-127.45,70.41],[-127.14,70.25],[-126.87,70],[-126.7,69.77],[-126.25,69.53],[-125.94,69.41],[-125.45,69.32],[-125.16,69.39],[-125.15,69.45],[-125.42,69.6],[-125.37,69.69],[-125.03,69.75],[-124.9,69.94],[-124.99,70.05],[-124.38,70.14],[-124.51,69.92],[-124.4,69.86],[-124.51,69.74],[-124.07,69.67],[-124.43,69.47],[-124.44,69.37],[-123.54,69.38],[-123.36,69.5],[-123.18,69.5],[-123.1,69.68],[-123.16,69.77],[-122.95,69.84],[-122.48,69.8],[-122.04,69.82],[-121.43,69.77],[-120.81,69.62],[-120.28,69.41],[-120,69.35],[-119.79,69.35],[-118.67,69.23],[-118.48,69.13],[-118.04,69.02],[-117.37,68.95],[-117.17,68.89],[-116.96,68.91],[-116.21,68.83],[-116.09,68.89],[-116.16,68.98],[-115.59,68.98],[-114.99,68.87],[-114.74,68.76],[-114.52,68.72],[-114.38,68.61],[-114.2,68.57],[-114.06,68.44],[-113.91,68.4],[-114.06,68.3],[-114.34,68.24],[-114.45,68.27],[-114.84,68.26],[-114.9,68.15],[-115.18,68.14],[-115.25,68.04],[-115.53,67.93],[-115.12,67.8],[-114.79,67.82],[-114.4,67.74],[-113.86,67.7],[-113.32,67.71],[-113.04,67.67],[-112.42,67.68],[-111.88,67.76],[-111.53,67.77],[-111.29,67.83],[-111.02,67.77],[-110.42,67.95],[-109.97,67.97],[-109.7,67.81],[-109.72,67.72],[-109.45,67.74],[-109.07,67.72],[-108.93,67.53],[-108.6,67.63],[-108.44,67.43],[-107.99,67.28],[-107.88,67.05],[-108.14,67.08],[-108.21,67.03],[-108,66.83],[-107.7,66.62],[-107.28,66.36],[-107.2,66.38],[-107.56,66.59],[-107.66,66.71],[-107.76,67.01],[-107.48,66.92],[-107.25,67.08],[-107.53,67.21],[-107.66,67.37],[-107.59,67.5],[-107.99,67.69],[-107.94,67.85],[-107.66,67.95],[-107.92,68.01],[-107.88,68.09],[-107.43,68.04],[-106.93,68.13],[-106.81,68.21],[-106.49,68.25],[-106.28,68.39],[-105.7,68.49],[-105.88,68.64],[-106.52,68.53],[-106.57,68.42],[-107.01,68.37],[-107.13,68.3],[-107.85,68.33],[-107.73,68.21],[-108.34,68.16],[-108.4,68.27],[-108.82,68.27],[-108.28,68.62],[-107.29,68.7],[-106.8,68.82],[-106.27,68.91],[-106.2,68.94],[-105.75,68.87],[-105.47,68.72],[-105.54,68.65],[-105.41,68.53],[-105.54,68.45],[-105.1,68.27],[-104.6,68.24],[-104.68,68.14],[-104.48,68.03],[-103.88,68.02],[-103.53,68.13],[-103.34,68.11],[-103.37,68.02],[-103.08,67.93],[-102.95,67.93],[-102.76,67.82],[-102.24,67.73],[-101.94,67.79],[-101.83,67.72],[-101.53,67.68],[-101.25,67.77],[-100.96,67.75],[-100.72,67.85],[-100.17,67.84],[-99.42,67.79],[-99.25,67.72],[-98.92,67.71],[-98.36,67.81],[-98.73,67.96],[-98.74,68.06],[-98.52,68.05],[-98.24,67.91],[-98.09,67.76],[-97.59,67.6],[-97.06,67.68],[-97.12,67.78],[-97.64,68.01],[-98.17,67.88],[-98.45,68.07],[-98.32,68.17],[-98.49,68.22],[-98.54,68.34],[-98.43,68.38],[-98.19,68.31],[-98.1,68.37],[-97.79,68.41],[-98.01,68.5],[-97.86,68.54],[-97.26,68.47],[-97.01,68.35],[-96.93,68.24],[-96.69,68.29],[-96.49,68.22],[-96.8,68.07],[-96.56,68.04],[-96.4,68.17],[-96.01,68.25],[-96.22,67.78],[-96.17,67.7],[-96.47,67.55],[-96.33,67.44],[-96.11,67.42],[-96.23,67.32],[-96.08,67.23],[-95.73,67.38],[-95.52,67.22],[-95.26,67.26],[-95.4,67.48],[-95.32,67.51],[-95.46,67.64],[-95.7,67.71],[-95.55,67.81],[-95.58,67.9],[-95.42,68.02],[-95.23,68.07],[-94.86,68.03],[-94.34,68.24],[-94.2,68.37],[-93.95,68.48],[-93.55,68.56],[-93.73,68.61],[-93.58,68.86],[-93.63,68.96],[-93.9,69.02],[-94.04,68.92],[-94.11,68.76],[-94.41,68.72],[-94.64,68.76],[-94.55,68.89],[-94.14,69.13],[-94.32,69.16],[-94.24,69.34],[-94.03,69.37],[-93.81,69.31],[-93.7,69.23],[-93.43,69.36],[-93.56,69.53],[-93.87,69.49],[-93.93,69.44],[-94.32,69.45],[-94.56,69.64],[-94.88,69.57],[-95.41,69.69],[-95.65,69.78],[-95.98,69.79],[-96.49,70.1],[-96.56,70.32],[-96.19,70.62],[-96.4,70.69],[-96.62,70.83],[-96.49,71.03],[-96.56,71.13],[-96.43,71.26],[-96.21,71.39],[-95.99,71.42],[-95.66,71.29],[-95.47,71.36],[-95.46,71.48],[-95.94,71.55],[-95.85,71.63],[-95.49,71.72],[-95.3,71.72],[-95.23,71.95],[-94.55,72],[-94.4,71.95],[-94.54,71.77],[-94.05,71.79],[-93.72,71.7],[-93.82,71.66],[-93.22,71.47],[-92.99,71.36],[-92.86,71.15],[-92.91,70.9],[-92.61,70.69],[-92.25,70.63],[-91.99,70.33],[-91.72,70.36],[-91.69,70.23],[-91.55,70.14],[-92,70.12],[-92.27,70.21],[-92.47,70.1],[-92.11,70.09],[-91.94,70.02],[-92.26,69.88],[-92.55,69.82],[-92.87,69.7],[-92.47,69.7],[-92.1,69.56],[-91.8,69.51],[-91.43,69.67],[-91.25,69.64],[-91.11,69.51],[-90.65,69.54],[-90.48,69.45],[-90.8,69.37],[-90.81,69.26],[-91.03,69.22],[-90.67,69.09],[-90.63,69],[-90.45,68.89],[-90.49,68.59],[-90.6,68.44],[-90.36,68.37],[-90.27,68.24],[-90,68.38],[-89.84,68.54],[-89.94,68.62],[-89.69,68.82],[-89.75,68.92],[-89.67,69.04],[-89.33,69.25],[-89.04,69.27],[-88.79,69.12]],[[-90.25,69.3],[-90.51,69.33],[-90.3,69.44],[-90.15,69.37],[-90.25,69.3]],[[-90.5,69.24],[-90.77,69.35],[-90.62,69.38],[-90.5,69.24]],[[-90.29,73.92],[-90.2,73.9],[-90.51,73.7],[-91.18,73.35],[-91.86,72.85],[-92.17,72.73],[-92.38,72.71],[-93.4,72.79],[-94.16,72.77],[-93.79,72.69],[-93.46,72.46],[-93.81,72.32],[-94.09,72.06],[-95.15,71.97],[-95.09,72.1],[-95.21,72.2],[-95.14,72.46],[-95.31,72.61],[-95.59,72.7],[-95.67,72.8],[-95.62,72.93],[-95.72,73.01],[-95.58,73.16],[-95.6,73.39],[-95.69,73.46],[-95.61,73.6],[-95.73,73.64],[-95.45,73.77],[-95.02,73.67],[-94.84,73.69],[-95.32,73.89],[-95.25,74.01],[-94.37,74.13],[-93.77,74.14],[-93.27,74.18],[-92.8,74.13],[-92.11,73.98],[-91.81,74.03],[-90.99,74.01],[-90.29,73.92]],[[-96.32,72.47],[-96.3,72.43],[-96.72,72.3],[-96.55,72.26],[-96.48,72.13],[-96.49,71.92],[-96.56,71.84],[-96.96,71.81],[-97.08,71.7],[-97.46,71.62],[-97.97,71.66],[-98.38,71.65],[-98.04,71.53],[-98.22,71.41],[-98.54,71.29],[-98.83,71.3],[-98.95,71.37],[-99.24,71.35],[-99.41,71.55],[-99.6,71.64],[-99.86,71.86],[-100.04,71.87],[-100.45,72.06],[-100.64,72.19],[-100.93,72.2],[-101.2,72.33],[-101.4,72.28],[-101.84,72.33],[-101.97,72.5],[-102.61,72.66],[-102.76,72.81],[-102.48,73.04],[-102.11,73.09],[-101.76,73.02],[-101.82,72.97],[-101.54,72.89],[-101.3,72.72],[-100.87,72.7],[-100.76,72.75],[-100.43,72.74],[-100.3,72.87],[-100.06,72.9],[-100.11,73.03],[-100.47,73.2],[-100.39,73.34],[-100.86,73.26],[-101.29,73.36],[-101.56,73.47],[-101.23,73.61],[-100.87,73.62],[-101.1,73.74],[-100.89,73.83],[-100.3,73.86],[-100,73.95],[-99.7,73.85],[-99.22,73.74],[-98.1,73.82],[-97.57,73.89],[-97.26,73.86],[-96.96,73.74],[-96.99,73.63],[-97.67,73.49],[-97.16,73.45],[-97.3,73.37],[-97.83,73.28],[-98.35,73.04],[-97.66,73.04],[-97.26,72.96],[-97.29,72.87],[-96.93,72.68],[-96.71,72.71],[-96.45,72.64],[-96.32,72.47]],[[-100.87,69.81],[-100.96,69.66],[-101.33,69.68],[-101.43,69.77],[-101.71,69.69],[-102.02,69.81],[-102.58,69.74],[-102.49,69.69],[-102.51,69.56],[-102.78,69.54],[-103.16,69.62],[-103.3,69.69],[-103.51,69.62],[-103.04,69.52],[-103.04,69.37],[-102.55,69.41],[-102.46,69.48],[-102.05,69.48],[-101.94,69.42],[-102.24,69.26],[-101.95,69.26],[-101.77,69.12],[-101.96,68.97],[-102.39,68.93],[-102.52,68.87],[-103.01,68.8],[-103.16,68.84],[-103.38,68.78],[-104.45,68.94],[-104.59,68.86],[-105.12,68.9],[-105.25,68.95],[-104.92,69.05],[-105.46,69.1],[-105.55,69.15],[-105.89,69.18],[-106.2,69.15],[-106.41,69.19],[-106.27,69.29],[-106.32,69.4],[-106.58,69.5],[-106.77,69.38],[-106.96,69.36],[-106.93,69.24],[-107.33,69.03],[-107.94,68.94],[-108.54,68.95],[-108.56,68.88],[-108.95,68.74],[-109.62,68.64],[-110.23,68.63],[-110.38,68.58],[-110.61,68.62],[-111.25,68.52],[-111.53,68.54],[-112.58,68.51],[-112.75,68.46],[-113.24,68.45],[-113.1,68.54],[-113.35,68.59],[-113.47,68.71],[-113.66,68.8],[-113.67,68.91],[-113.57,69.06],[-113.7,69.16],[-113.58,69.2],[-114.4,69.29],[-115.19,69.24],[-115.97,69.3],[-116.63,69.46],[-116.62,69.57],[-117.25,69.76],[-117.44,69.99],[-117.36,70.05],[-116.97,70.13],[-116.03,70.22],[-114.18,70.32],[-113.64,70.26],[-113.48,70.28],[-112.59,70.2],[-112.26,70.31],[-111.94,70.26],[-111.81,70.35],[-112.07,70.41],[-112.14,70.49],[-112.93,70.57],[-113.21,70.65],[-113.56,70.64],[-113.99,70.72],[-114.18,70.67],[-115.58,70.58],[-116.04,70.58],[-116.23,70.64],[-116.99,70.6],[-117.37,70.63],[-117.59,70.61],[-117.71,70.7],[-118.19,70.84],[-118.41,70.97],[-118.39,71.02],[-117.8,71.17],[-117.47,71.19],[-116.81,71.29],[-115.9,71.39],[-116.18,71.5],[-116.82,71.43],[-117.05,71.44],[-117.55,71.37],[-118.16,71.38],[-118.31,71.43],[-118.13,71.54],[-117.77,71.59],[-118.08,71.66],[-118.36,71.59],[-118.49,71.66],[-119.05,71.63],[-119.14,71.77],[-119.05,71.94],[-118.75,72.05],[-118.68,72.14],[-118.13,72.23],[-118.12,72.31],[-118.43,72.35],[-118.59,72.43],[-118.51,72.51],[-118.19,72.64],[-117.87,72.7],[-117.37,72.92],[-116.89,72.97],[-116.64,73.03],[-115.76,73.19],[-115.57,73.2],[-114.58,73.38],[-114.27,73.34],[-113.96,73.12],[-114.05,72.97],[-114.02,72.8],[-114.36,72.75],[-114.32,72.59],[-113.44,72.75],[-113.6,72.78],[-113.19,72.99],[-113.02,73.02],[-112.08,72.9],[-111.22,72.72],[-111.29,72.57],[-111.56,72.44],[-111.9,72.35],[-111.66,72.29],[-111.41,72.43],[-111.09,72.41],[-110.73,72.57],[-110.24,72.53],[-110.05,72.44],[-109.79,72.5],[-110.17,72.69],[-110.23,72.82],[-110.48,72.84],[-110.7,73.01],[-110.08,73],[-109.38,72.77],[-109.18,72.77],[-108.87,72.61],[-108.63,72.57],[-108.66,72.36],[-108.41,72.13],[-108.42,71.99],[-108.19,71.95],[-108.29,71.8],[-107.99,71.68],[-107.67,71.71],[-107.25,71.9],[-107.62,72.02],[-107.78,72.14],[-107.72,72.3],[-107.89,72.47],[-107.88,72.57],[-108.14,72.89],[-108.16,73.05],[-108.3,73.13],[-108.05,73.24],[-108.01,73.35],[-107.66,73.33],[-107.17,73.2],[-107.01,73.31],[-106.82,73.31],[-106.23,73.09],[-105.83,73.05],[-105.61,72.95],[-105.33,72.75],[-105.46,72.7],[-105.2,72.48],[-105.28,72.44],[-104.96,72.18],[-105.04,72.11],[-104.38,71.6],[-104.41,71.51],[-104.28,71.36],[-104.5,71.33],[-104.46,71.21],[-104.59,71.07],[-104.11,70.9],[-104.02,70.78],[-103.84,70.74],[-103.54,70.6],[-103.13,70.58],[-102.41,70.43],[-101.95,70.27],[-101.69,70.31],[-101.58,70.13],[-101,70.17],[-100.96,69.94],[-100.87,69.81]],[[-95.21,68.86],[-95.44,68.74],[-95.81,68.73],[-96.3,68.48],[-96.52,68.45],[-97.04,68.55],[-97.16,68.52],[-97.56,68.56],[-97.76,68.65],[-98.27,68.74],[-98.52,68.75],[-98.86,68.83],[-98.97,68.95],[-99.18,68.83],[-99.42,68.89],[-99.59,69.04],[-99.31,69.16],[-99.01,69.14],[-98.71,69.2],[-98.41,69.35],[-98.61,69.44],[-98.6,69.56],[-98.37,69.57],[-98.22,69.8],[-97.93,69.9],[-97.48,69.78],[-97.22,69.68],[-96.89,69.5],[-96.53,69.43],[-96.22,69.31],[-95.95,69.14],[-95.98,69.05],[-95.85,68.89],[-95.57,68.84],[-95.4,68.9],[-95.21,68.86]],[[-104.49,68.52],[-104.43,68.44],[-104.66,68.4],[-104.9,68.46],[-105.06,68.55],[-104.68,68.58],[-104.49,68.52]],[[-101.69,68.77],[-101.68,68.67],[-101.83,68.58],[-102.29,68.66],[-101.98,68.83],[-101.69,68.77]],[[-100.21,68.8],[-100.36,68.72],[-100.62,68.77],[-100.63,69],[-100.4,69.03],[-100.23,68.93],[-100.21,68.8]],[[-100.98,69.48],[-101.26,69.43],[-101.38,69.54],[-101.26,69.58],[-100.98,69.48]],[[-95.94,69.42],[-96.01,69.48],[-95.92,69.59],[-95.63,69.62],[-95.38,69.52],[-95.41,69.39],[-95.53,69.33],[-95.78,69.47],[-95.94,69.42]],[[-96.55,69.48],[-96.64,69.56],[-96.15,69.56],[-96.15,69.37],[-96.55,69.48]],[[-115.32,73.51],[-115.75,73.36],[-116.46,73.26],[-117.22,73.07],[-117.39,73.06],[-118.04,72.89],[-118.72,72.75],[-119.16,72.63],[-119.34,72.35],[-119.77,72.23],[-120.2,72.22],[-120.2,72.09],[-120.43,71.96],[-120.38,71.7],[-120.64,71.49],[-121.42,71.38],[-121.7,71.47],[-122.16,71.26],[-122.63,71.17],[-122.8,71.09],[-123.1,71.08],[-123.44,71.25],[-123.62,71.46],[-124.06,71.7],[-124.66,71.8],[-125.23,71.94],[-125.27,71.98],[-125.79,71.95],[-125.75,72.15],[-125.3,72.49],[-125.06,72.57],[-124.95,72.7],[-125.04,72.83],[-124.49,72.93],[-124.86,73.09],[-124.67,73.18],[-124.45,73.42],[-124.07,73.54],[-124.06,73.66],[-123.77,73.77],[-124.15,73.85],[-124.47,74.07],[-124.55,74.27],[-124.76,74.35],[-123.3,74.45],[-122.62,74.46],[-121.58,74.56],[-121.13,74.51],[-120.93,74.42],[-120.16,74.28],[-119.66,74.23],[-119.14,74.21],[-119.07,74.09],[-118.8,74.13],[-118.73,74.22],[-118.07,74.28],[-117.42,74.23],[-116.87,74.09],[-115.92,73.73],[-115.65,73.68],[-115.32,73.51]],[[-105.4,75.67],[-105.69,75.53],[-105.66,75.36],[-105.9,75.26],[-105.84,75.18],[-106.01,75.06],[-106.76,75],[-107.01,74.92],[-107.69,74.98],[-108.42,74.92],[-108.65,75.05],[-108.82,75.07],[-109.36,74.95],[-109.58,74.86],[-109.88,74.87],[-110.34,74.8],[-111,74.62],[-111.41,74.57],[-111.66,74.5],[-112.44,74.41],[-113.02,74.4],[-113.69,74.44],[-114.17,74.57],[-114.44,74.68],[-114.23,74.76],[-113.75,74.83],[-113.5,74.84],[-112.8,74.99],[-111.56,75.01],[-111.03,75.18],[-112.35,75.12],[-112.69,75.17],[-112.86,75.11],[-113.89,75.06],[-113.94,75.18],[-113.78,75.34],[-114.05,75.37],[-114.44,75.07],[-114.96,74.97],[-115.2,75],[-115.41,75.1],[-115.72,74.97],[-116.17,75.04],[-116.55,75.19],[-116.77,75.12],[-117.51,75.2],[-117.67,75.29],[-117.2,75.48],[-116.04,75.48],[-115.59,75.59],[-115.7,75.65],[-116.12,75.58],[-117.2,75.58],[-117.23,75.63],[-116.89,75.79],[-114.87,75.87],[-114.86,75.91],[-116.2,75.87],[-116.71,75.9],[-116.71,76.06],[-116.53,76.16],[-116.16,76.2],[-115.84,76.18],[-115.87,76.36],[-115.51,76.46],[-114.45,76.5],[-114.21,76.47],[-114.14,76.32],[-113.96,76.19],[-113.35,76.27],[-112.99,76.27],[-112.43,76.17],[-112.36,76.03],[-111.86,75.95],[-111.49,75.81],[-111.36,75.72],[-111.41,75.62],[-111.27,75.53],[-110.51,75.57],[-108.9,75.49],[-108.83,75.62],[-109.1,75.75],[-109.69,75.81],[-110.05,75.9],[-109.43,76],[-109.38,76.09],[-109.54,76.19],[-110.38,76.3],[-110.4,76.4],[-109.55,76.63],[-109.49,76.72],[-109.18,76.82],[-108.75,76.86],[-108.45,76.73],[-108.69,76.6],[-108.62,76.42],[-108.34,76.4],[-108.08,76.29],[-108.46,76.1],[-108.36,76.05],[-107.86,76.07],[-107.65,75.97],[-107.05,75.89],[-106.61,76.06],[-106.34,76.06],[-105.76,75.99],[-105.51,75.89],[-105.4,75.67]],[[-97.42,75.52],[-97.72,75.57],[-97.92,75.52],[-98.12,75.3],[-97.76,75.24],[-97.68,75.17],[-98.04,75.03],[-98.75,74.99],[-98.95,75.01],[-99.65,74.98],[-100.33,75.01],[-100.4,75.16],[-100.25,75.26],[-100.68,75.34],[-100.57,75.43],[-100.04,75.46],[-100.28,75.53],[-99.7,75.6],[-99.82,75.66],[-100.22,75.67],[-101.45,75.61],[-102.06,75.55],[-102.78,75.54],[-102.69,75.68],[-102.26,75.87],[-101.59,75.92],[-101.91,76.09],[-101.74,76.18],[-102.1,76.22],[-102.04,76.41],[-101.81,76.46],[-101.41,76.44],[-101.09,76.34],[-101.13,76.26],[-100.46,76.1],[-100.48,76.23],[-100,76.3],[-100.32,76.39],[-100.68,76.38],[-100.96,76.48],[-100.27,76.65],[-99.59,76.63],[-99.26,76.47],[-98.9,76.62],[-98.51,76.64],[-98.08,76.53],[-97.67,76.49],[-97.79,76.32],[-97.5,76.16],[-97.65,75.95],[-97.57,75.87],[-97.9,75.74],[-97.42,75.7],[-97.42,75.52]],[[-96.58,75.44],[-96.96,75.38],[-97.05,75.5],[-96.42,75.59],[-95.91,75.56],[-96.24,75.47],[-96.58,75.44]],[[-93.44,74.94],[-93.46,74.72],[-93.61,74.65],[-94.72,74.63],[-95.09,74.69],[-95.31,74.81],[-95.9,74.83],[-96.09,74.91],[-96.4,74.94],[-96.6,75.06],[-96.47,75.19],[-96.17,75.29],[-95.79,75.5],[-95.28,75.6],[-94.9,75.64],[-94.39,75.6],[-93.5,75.27],[-93.44,74.94]],[[-95.36,74.59],[-95.35,74.5],[-95.87,74.58],[-95.56,74.64],[-95.36,74.59]],[[-103.64,75.2],[-103.87,75.06],[-104.23,75.02],[-104.91,75.12],[-104.68,75.35],[-104.4,75.43],[-104.13,75.44],[-103.82,75.37],[-103.64,75.2]],[[-102.87,75.77],[-103.33,75.75],[-103.04,75.91],[-102.21,75.99],[-102.5,75.8],[-102.87,75.77]],[[-102.57,75.99],[-103.69,75.89],[-103.73,75.98],[-102.44,76.09],[-102.57,75.99]],[[-103.81,76.03],[-104.37,76.08],[-104.31,76.21],[-102.73,76.32],[-102.53,76.16],[-102.84,76.08],[-103.81,76.03]],[[-104.4,76.47],[-104.65,76.6],[-104.02,76.67],[-103.88,76.58],[-103.02,76.42],[-103.34,76.33],[-104.38,76.32],[-104.4,76.47]],[[-101.16,76.58],[-101.24,76.65],[-100.97,76.74],[-100.63,76.76],[-100.33,76.71],[-101.16,76.58]],[[-94.49,75.98],[-94.32,75.76],[-94.66,75.75],[-94.82,75.81],[-94.85,75.95],[-94.49,75.98]],[[-117.78,75.9],[-117.93,75.74],[-118.61,75.5],[-119.41,75.6],[-118.62,75.92],[-118.14,75.99],[-117.66,76.13],[-117.46,76.09],[-117.78,75.9]],[[-119.32,76.2],[-119.68,76.09],[-119.49,76.04],[-119.86,75.86],[-120.49,75.85],[-120.39,75.97],[-120.72,76.03],[-120.69,76.16],[-120.99,76.16],[-120.96,76.01],[-121.44,75.94],[-121.85,76.05],[-122.13,76.03],[-122.43,75.93],[-122.73,75.98],[-122.49,76.14],[-122.86,76.18],[-122.38,76.41],[-121.55,76.44],[-121.2,76.68],[-120.92,76.7],[-120.37,76.81],[-120.09,77.01],[-119.39,77.19],[-119.29,77.29],[-118.82,77.36],[-118.18,77.36],[-117.85,77.39],[-117.23,77.29],[-116.86,77.32],[-116.91,77.47],[-116.41,77.56],[-115.78,77.43],[-115.4,77.32],[-115.93,77.21],[-116.25,77.2],[-116.22,77.04],[-115.83,76.97],[-116.04,76.83],[-115.89,76.7],[-116.32,76.58],[-117.07,76.53],[-116.93,76.36],[-117.35,76.26],[-117.82,76.33],[-118.01,76.4],[-117.93,76.68],[-117.76,76.76],[-118.34,76.77],[-118.3,76.57],[-118.95,76.52],[-118.65,76.43],[-118.65,76.29],[-119.32,76.2]],[[-109.6,78.07],[-109.69,77.97],[-110.22,77.9],[-110.84,77.87],[-110.72,77.77],[-110.13,77.78],[-110.06,77.63],[-110.24,77.5],[-110.88,77.41],[-111.28,77.43],[-112.11,77.33],[-112.47,77.37],[-112.6,77.45],[-113.2,77.53],[-113.32,77.81],[-113.24,77.9],[-112.27,78.02],[-110.71,78.1],[-109.7,78.1],[-109.6,78.07]],[[-105.61,79.1],[-105.45,79.27],[-105.16,79.3],[-103.72,79.36],[-103.12,79.29],[-102.61,79.08],[-102.66,78.99],[-101.65,79.08],[-100.99,78.93],[-101.21,78.82],[-100.91,78.77],[-100.52,78.82],[-99.99,78.74],[-100.06,78.64],[-99.56,78.6],[-99.8,78.31],[-99.04,78.08],[-99.02,77.89],[-99.18,77.84],[-99.94,77.78],[-100.61,77.86],[-100.83,78.02],[-100.81,78.1],[-101.04,78.2],[-102.16,78.29],[-102.77,78.27],[-102.74,78.38],[-103.66,78.32],[-103.95,78.24],[-104.47,78.27],[-104.82,78.36],[-105.02,78.52],[-104.64,78.58],[-104.04,78.52],[-103.5,78.51],[-103.38,78.77],[-104.22,78.79],[-103.86,78.88],[-104.08,78.99],[-104.46,78.96],[-104.58,78.86],[-105.03,78.83],[-104.68,79.01],[-104.95,79.05],[-105.4,79.01],[-105.61,79.1]],[[-96.91,77.8],[-96.99,77.92],[-97.74,78.04],[-97.66,78.1],[-96.94,78.08],[-96.87,78.14],[-97.77,78.25],[-98.07,78.41],[-98.36,78.45],[-98.36,78.77],[-98.15,78.82],[-97.45,78.8],[-96.54,78.69],[-96.27,78.54],[-95.7,78.53],[-95.12,78.45],[-94.83,78.36],[-95.37,78.25],[-94.89,78.11],[-95.06,77.97],[-95.38,77.97],[-95.81,77.9],[-96.63,77.88],[-96.91,77.8]],[[-93.25,77.64],[-93.48,77.49],[-93.81,77.44],[-94.33,77.48],[-95.99,77.48],[-96.3,77.59],[-96.24,77.71],[-95.51,77.81],[-94.95,77.79],[-93.61,77.78],[-93.21,77.72],[-93.25,77.64]],[[-104.39,77.19],[-104.75,77.11],[-105.24,77.21],[-105.54,77.3],[-105.77,77.47],[-105.91,77.77],[-105.5,77.72],[-105,77.54],[-104.79,77.42],[-104.42,77.31],[-104.39,77.19]],[[-102.45,77.74],[-102.4,77.89],[-101.65,77.89],[-101.21,77.84],[-100.96,77.76],[-101.56,77.73],[-101.79,77.68],[-102.45,77.74]],[[-109.26,78.46],[-109.34,78.35],[-109.82,78.3],[-110.84,78.32],[-111.15,78.39],[-111.43,78.27],[-111.78,78.27],[-112.18,78.38],[-113.06,78.27],[-113.34,78.34],[-113.21,78.41],[-112.15,78.56],[-111.82,78.55],[-111.28,78.67],[-110.43,78.77],[-109.86,78.67],[-109.35,78.54],[-109.26,78.46]],[[-113.69,77.87],[-113.72,77.77],[-114.3,77.71],[-115.12,77.96],[-114.68,78.03],[-114.11,78],[-113.69,77.87]],[[-114.84,76.76],[-114.43,76.88],[-113.85,76.9],[-113.45,76.77],[-113.83,76.73],[-114.84,76.76]],[[-99.25,73.86],[-99.39,73.92],[-98.75,74.03],[-97.73,74.12],[-97.81,73.98],[-98.14,73.88],[-98.83,73.83],[-99.25,73.86]],[[-104.68,73.63],[-104.5,73.57],[-104.57,73.33],[-104.74,73.19],[-105.2,72.94],[-105.49,72.96],[-105.95,73.16],[-106.12,73.29],[-106.51,73.41],[-107.04,73.48],[-106.6,73.71],[-105.17,73.76],[-104.68,73.63]],[[-100.35,70.49],[-100.66,70.55],[-100.67,70.63],[-100.34,70.61],[-100.35,70.49]],[[-97.07,73.14],[-96.81,73.19],[-96.57,73.05],[-96.66,72.96],[-96.93,72.92],[-97.1,72.99],[-97.07,73.14]],[[-100.15,80],[-99.78,80.15],[-98.87,80.08],[-98.65,79.79],[-98.78,79.71],[-99.3,79.76],[-99.58,79.9],[-100.07,79.88],[-100.15,80]],[[-172.24,64.82],[-172.18,64.74],[-172.63,64.68],[-172.46,64.83],[-172.24,64.82]],[[-168.74,63.28],[-168.81,63.17],[-169.29,63.19],[-169.72,63.02],[-169.82,63.13],[-170.11,63.2],[-170.44,63.36],[-170.86,63.46],[-171.08,63.44],[-171.44,63.32],[-171.74,63.38],[-171.85,63.52],[-171.72,63.75],[-171.5,63.65],[-170.94,63.57],[-170.66,63.67],[-170.3,63.7],[-170.08,63.62],[-170.04,63.53],[-169.55,63.36],[-169.33,63.36],[-169.12,63.3],[-169.01,63.35],[-168.74,63.28]],[[-165.58,59.95],[-165.6,59.91],[-165.98,59.88],[-166.24,59.81],[-166.41,59.85],[-166.61,59.86],[-167.04,60],[-167.19,60.03],[-167.44,60.2],[-167.29,60.24],[-166.87,60.21],[-166.79,60.29],[-166.46,60.39],[-166.19,60.4],[-165.99,60.32],[-165.79,60.34],[-165.68,60.3],[-165.73,60.18],[-165.58,59.95]],[[-160.95,58.74],[-160.69,58.81],[-160.9,58.57],[-161.07,58.55],[-161.06,58.7],[-160.95,58.74]],[[-163.07,54.69],[-163.43,54.68],[-163.62,54.61],[-163.79,54.64],[-164.13,54.62],[-164.33,54.53],[-164.41,54.44],[-164.65,54.39],[-164.85,54.42],[-164.96,54.59],[-164.7,54.68],[-164.55,54.88],[-164.31,54.89],[-163.92,55.04],[-163.57,55.06],[-163.42,54.91],[-163.37,54.79],[-163.14,54.77],[-163.07,54.69]],[[-130.74,54.61],[-130.96,54.45],[-130.92,54.63],[-130.74,54.61]],[[-132.7,54.7],[-132.86,54.74],[-133.04,54.88],[-133.22,55.1],[-133,55.06],[-132.94,54.95],[-132.72,54.78],[-132.7,54.7]],[[-131.98,54.83],[-132,54.69],[-132.3,54.74],[-132.26,54.84],[-132.42,54.93],[-132.58,54.95],[-132.51,55.11],[-132.61,55.12],[-132.96,55.28],[-133.21,55.28],[-133.06,55.62],[-133.25,55.58],[-133.36,55.62],[-133.39,55.71],[-133.15,55.82],[-133.24,55.9],[-133.29,56.17],[-133.61,56.21],[-133.59,56.35],[-133.29,56.31],[-133.18,56.33],[-133.05,56.23],[-133.06,56.05],[-132.92,56.07],[-132.74,56],[-132.46,55.78],[-132.46,55.67],[-132.35,55.64],[-132.29,55.54],[-132.4,55.52],[-132.09,55.28],[-131.99,55.27],[-131.98,54.83]],[[-159.9,55.14],[-160.02,55.05],[-160.15,55.12],[-159.9,55.14]],[[-160.5,55.19],[-160.63,55.15],[-160.85,55.21],[-160.85,55.33],[-160.7,55.41],[-160.57,55.32],[-160.5,55.19]],[[-133.31,55.8],[-133.49,55.71],[-133.68,55.79],[-133.5,55.82],[-133.31,55.8]],[[-133.61,56.08],[-133.39,56.16],[-133.3,56.01],[-133.47,56.02],[-133.63,55.92],[-133.79,55.94],[-133.61,56.08]],[[-133.88,56.49],[-133.85,56.43],[-133.98,56.28],[-133.9,56.22],[-133.95,56.09],[-134.2,56.15],[-134.28,56.36],[-134.11,56.39],[-134.07,56.48],[-134.25,56.56],[-134.36,56.68],[-134.41,56.84],[-134.18,56.92],[-134.01,56.89],[-133.8,56.78],[-133.71,56.6],[-133.86,56.59],[-133.88,56.49]],[[-132.61,56.4],[-132.65,56.28],[-132.87,56.24],[-133.05,56.36],[-132.92,56.45],[-132.7,56.46],[-132.61,56.4]],[[-132.55,56.3],[-132.39,56.33],[-132.36,56.22],[-132.09,56.11],[-132.17,56.05],[-132.12,55.95],[-132.3,55.92],[-132.43,55.97],[-132.45,56.06],[-132.65,56.06],[-132.7,56.12],[-132.68,56.23],[-132.55,56.3]],[[-132,56.34],[-131.93,56.19],[-132.07,56.12],[-132.35,56.28],[-132.34,56.48],[-132.12,56.34],[-132,56.34]],[[-133.91,57.08],[-133.58,57.05],[-133.39,57],[-133.11,57],[-132.98,56.94],[-132.99,56.81],[-132.93,56.64],[-133.15,56.46],[-133.35,56.48],[-133.53,56.44],[-133.66,56.46],[-133.7,56.83],[-134.02,57.02],[-133.91,57.08]],[[-132.96,56.79],[-132.82,56.8],[-132.53,56.6],[-132.79,56.5],[-132.94,56.52],[-132.89,56.63],[-132.96,56.79]],[[-134.62,56.74],[-134.61,56.56],[-134.65,56.34],[-134.63,56.26],[-134.75,56.22],[-134.88,56.33],[-135.05,56.54],[-135.15,56.75],[-135.37,56.83],[-135.29,56.89],[-135.31,57.05],[-135.41,57.16],[-135.67,57.35],[-135.38,57.55],[-134.99,57.4],[-134.97,57.31],[-134.81,57.18],[-134.69,56.85],[-134.62,56.74]],[[-152.16,57.63],[-152.33,57.45],[-152.59,57.45],[-152.69,57.28],[-153.1,57.22],[-153.25,57.24],[-153.61,57.02],[-153.56,56.99],[-153.84,56.84],[-153.96,56.75],[-154.13,56.79],[-153.88,56.98],[-154.16,56.97],[-154.24,56.9],[-154.53,56.99],[-154.54,57.17],[-154.6,57.26],[-154.81,57.35],[-154.61,57.53],[-154.24,57.67],[-154.06,57.66],[-153.81,57.41],[-153.75,57.56],[-153.93,57.73],[-153.92,57.81],[-153.72,57.9],[-153.57,57.84],[-153.56,57.74],[-153.35,57.81],[-153.19,57.81],[-153.2,57.95],[-152.86,57.93],[-152.73,57.83],[-152.64,57.92],[-152.49,57.91],[-152.33,57.83],[-152.46,57.77],[-152.47,57.66],[-152.16,57.63]],[[-135.85,57.39],[-135.95,57.52],[-136.14,57.64],[-136.09,57.69],[-136.28,57.78],[-136.39,57.89],[-136.3,58.01],[-136.41,58.13],[-136.22,58.15],[-136.1,58.22],[-135.98,58.17],[-135.81,58.27],[-135.39,58.14],[-134.92,58.03],[-134.94,57.81],[-135.01,57.79],[-135.37,57.81],[-135.2,57.71],[-134.91,57.76],[-134.81,57.5],[-135.06,57.47],[-135.63,57.71],[-135.55,57.47],[-135.71,57.37],[-135.85,57.39]],[[-151.97,58.33],[-151.97,58.24],[-152.13,58.17],[-152.33,58.17],[-152.71,58.05],[-152.8,57.99],[-153.01,58.05],[-153.23,58.17],[-153.04,58.31],[-152.79,58.29],[-152.79,58.37],[-152.65,58.48],[-152.5,58.46],[-152.48,58.36],[-152.1,58.37],[-151.97,58.33]],[[-134.35,57.09],[-134.5,57.03],[-134.62,57.11],[-134.62,57.23],[-134.46,57.39],[-134.65,57.6],[-134.72,57.75],[-134.72,57.9],[-134.8,58.11],[-134.92,58.21],[-134.97,58.36],[-134.87,58.37],[-134.69,58.17],[-134.19,58.17],[-134.17,58.08],[-134,57.94],[-134.31,57.98],[-134.21,57.84],[-133.94,57.62],[-133.86,57.36],[-134.13,57.26],[-134.35,57.09]],[[-134.6,58.24],[-134.48,58.33],[-134.26,58.2],[-134.6,58.24]],[[-135.6,57.17],[-135.55,57.14],[-135.63,57.01],[-135.84,56.99],[-135.76,57.11],[-135.84,57.25],[-135.82,57.33],[-135.62,57.28],[-135.6,57.17]],[[-152.91,57.16],[-153.33,57.02],[-153.41,57.08],[-153.26,57.21],[-153.15,57.16],[-152.91,57.16]],[[-153.3,57.83],[-153.54,57.94],[-153.48,57.98],[-153.28,57.9],[-153.3,57.83]],[[-130.96,55.59],[-131.07,55.26],[-131.19,55.19],[-131.51,55.31],[-131.66,55.34],[-131.81,55.48],[-131.65,55.55],[-131.71,55.63],[-131.67,55.84],[-131.58,55.91],[-131.28,55.97],[-131.18,55.92],[-130.94,55.65],[-130.96,55.59]],[[-131.48,55.01],[-131.62,55.02],[-131.53,55.15],[-131.4,55.22],[-131.35,55.06],[-131.48,55.01]],[[-131.82,55.41],[-131.64,55.3],[-131.74,55.14],[-131.85,55.3],[-131.82,55.41]],[[-132.58,53.21],[-132.76,53.32],[-132.71,53.37],[-132.52,53.41],[-132.93,53.52],[-132.89,53.62],[-133.14,53.9],[-133.04,54.04],[-133.04,54.16],[-132.83,54.13],[-132.65,54.14],[-132.54,54.04],[-132.3,54.11],[-132.15,53.99],[-132.11,53.88],[-132.24,53.78],[-132.53,53.7],[-132.38,53.65],[-132.16,53.7],[-132.19,53.77],[-132.08,53.89],[-132.13,54.03],[-131.92,54.04],[-131.71,54.12],[-131.69,53.99],[-131.87,53.78],[-131.94,53.52],[-131.91,53.36],[-132.01,53.25],[-132.22,53.23],[-132.4,53.15],[-132.58,53.21]],[[-166.29,53.73],[-166.55,53.63],[-166.66,53.5],[-166.76,53.45],[-166.88,53.48],[-167.39,53.34],[-167.5,53.28],[-167.67,53.24],[-167.85,53.31],[-167.72,53.38],[-167.47,53.43],[-167.32,53.42],[-167.16,53.48],[-167.16,53.62],[-166.95,53.72],[-167.16,53.86],[-167.02,53.96],[-166.75,54.02],[-166.61,53.99],[-166.64,53.88],[-166.46,53.9],[-166.44,53.75],[-166.29,53.73]],[[-167.86,53.39],[-168.14,53.27],[-168.29,53.24],[-168.49,53.04],[-168.75,52.96],[-168.86,53.01],[-168.77,53.08],[-168.76,53.19],[-168.61,53.28],[-168.36,53.27],[-168.41,53.41],[-168.2,53.54],[-168.01,53.57],[-167.79,53.5],[-167.86,53.39]],[[-131.11,52.17],[-131.17,52.12],[-131.38,52.2],[-131.68,52.49],[-131.88,52.58],[-131.94,52.65],[-132.13,52.75],[-132.34,52.94],[-132.23,53.03],[-132.5,53.04],[-132.54,53.15],[-132.37,53.13],[-132.07,53.16],[-131.9,53.24],[-131.61,53.06],[-131.62,52.92],[-131.85,52.87],[-131.83,52.73],[-131.73,52.7],[-131.66,52.54],[-131.41,52.45],[-131.33,52.3],[-131.14,52.32],[-131.11,52.17]],[[-128.23,52.21],[-128.3,52.13],[-128.52,52.16],[-128.45,52.24],[-128.23,52.21]],[[-128.14,51.86],[-128.22,51.95],[-128.16,52.03],[-128,52.07],[-127.95,51.99],[-128.04,51.84],[-128.14,51.86]],[[-176.44,51.79],[-176.59,51.69],[-176.88,51.72],[-176.92,51.79],[-176.78,51.83],[-176.78,51.94],[-176.65,51.95],[-176.64,51.86],[-176.44,51.79]],[[-127.92,51.52],[-128.09,51.49],[-128.16,51.63],[-128.01,51.72],[-127.92,51.52]],[[-177.8,51.8],[-177.81,51.7],[-177.95,51.73],[-178.21,51.88],[-177.95,51.92],[-177.8,51.8]],[[-177.12,51.93],[-177.13,51.75],[-177.28,51.68],[-177.39,51.73],[-177.22,51.82],[-177.12,51.93]],[[-174.05,52.24],[-174.1,52.14],[-174.23,52.1],[-174.37,52.11],[-174.72,52.02],[-174.97,52.06],[-174.56,52.18],[-174.33,52.2],[-174.23,52.27],[-174.35,52.36],[-174.19,52.42],[-173.99,52.31],[-174.05,52.24]],[[-173.12,52.11],[-173.38,52.04],[-173.84,52.04],[-173.84,52.12],[-173.53,52.14],[-173.51,52.11],[-173.12,52.11]],[[-172.41,52.39],[-172.31,52.32],[-172.53,52.25],[-172.56,52.35],[-172.41,52.39]],[[-127.24,52.43],[-127.28,52.29],[-127.45,52.24],[-127.64,52.14],[-127.7,52],[-127.89,51.95],[-127.82,52.2],[-127.51,52.31],[-127.41,52.39],[-127.24,52.43]],[[-128.31,52.43],[-128.44,52.53],[-128.45,52.74],[-128.32,52.69],[-128.28,52.51],[-128.31,52.43]],[[-128.56,52.61],[-128.47,52.49],[-128.53,52.44],[-128.73,52.52],[-128.72,52.6],[-128.56,52.61]],[[-128.8,52.7],[-128.93,52.67],[-129.06,52.74],[-129.18,52.94],[-129.19,53.02],[-129.09,53.09],[-129.08,53.3],[-128.91,53.29],[-128.63,53.16],[-128.54,53.02],[-128.53,52.85],[-128.61,52.61],[-128.76,52.6],[-128.75,52.74],[-128.65,52.91],[-128.75,52.91],[-128.8,52.7]],[[-128.93,52.61],[-128.93,52.53],[-129.06,52.52],[-129.29,52.76],[-129.26,52.83],[-128.93,52.61]],[[-129.74,53.24],[-129.75,53.17],[-129.94,53.17],[-130.09,53.31],[-130.31,53.39],[-130.53,53.56],[-130.5,53.64],[-130.26,53.58],[-129.97,53.46],[-129.74,53.24]],[[-129.29,53.11],[-129.32,53.22],[-129.18,53.31],[-129.13,53.12],[-129.29,53.11]],[[-130.25,53.89],[-130.2,53.92],[-129.83,53.74],[-129.67,53.59],[-129.34,53.36],[-129.57,53.22],[-129.8,53.38],[-129.93,53.6],[-130.03,53.58],[-130.1,53.71],[-130.2,53.73],[-130.25,53.89]],[[-128.91,53.41],[-128.93,53.33],[-129.15,53.36],[-129.02,53.53],[-128.91,53.41]],[[-129.17,53.39],[-129.16,53.63],[-129.06,53.68],[-128.84,53.72],[-128.88,53.58],[-128.98,53.58],[-129.09,53.51],[-129.17,53.39]],[[-130.41,53.69],[-130.29,53.76],[-130.14,53.7],[-130.09,53.57],[-130.33,53.62],[-130.41,53.69]],[[-130.45,53.98],[-130.54,53.91],[-130.67,53.99],[-130.39,54.1],[-130.23,53.97],[-130.35,53.84],[-130.45,53.9],[-130.45,53.98]],[[-165.74,54.13],[-166.04,54.04],[-166.12,54.12],[-166.07,54.19],[-165.88,54.21],[-165.74,54.13]],[[-123.32,48.5],[-123.44,48.44],[-123.55,48.33],[-123.65,48.31],[-123.89,48.37],[-124.39,48.52],[-124.67,48.57],[-124.82,48.65],[-125.09,48.73],[-125.19,48.8],[-125.01,48.9],[-124.97,48.99],[-125.15,49],[-125.22,48.95],[-125.37,48.99],[-125.49,48.92],[-125.74,49.05],[-125.7,49.18],[-125.84,49.27],[-125.96,49.23],[-126.08,49.38],[-126.41,49.42],[-126.57,49.41],[-126.56,49.59],[-126.45,49.64],[-126.48,49.71],[-126.61,49.73],[-126.65,49.9],[-126.77,49.91],[-126.94,49.86],[-127.14,49.87],[-127.23,49.95],[-127.16,50.07],[-127.36,50.03],[-127.49,50.13],[-127.78,50.09],[-127.9,50.14],[-127.78,50.23],[-127.88,50.34],[-127.92,50.47],[-127.59,50.49],[-127.59,50.56],[-128.06,50.45],[-128.32,50.61],[-128.41,50.78],[-128.08,50.87],[-127.88,50.87],[-127.51,50.77],[-127.2,50.62],[-126.46,50.47],[-126.12,50.46],[-125.96,50.4],[-125.74,50.36],[-125.59,50.37],[-125.44,50.31],[-125.35,50.12],[-125.22,50.02],[-125.18,49.92],[-124.88,49.72],[-124.91,49.62],[-124.79,49.47],[-124.55,49.38],[-124.16,49.31],[-123.95,49.23],[-123.93,49.14],[-123.81,49.12],[-123.78,48.99],[-123.59,48.84],[-123.54,48.64],[-123.39,48.62],[-123.32,48.5]],[[-122.75,48.66],[-122.86,48.6],[-123.03,48.64],[-122.93,48.71],[-122.75,48.66]],[[-122.36,47.98],[-122.53,47.97],[-122.6,48.13],[-122.74,48.21],[-122.59,48.31],[-122.55,48.02],[-122.46,48.05],[-122.36,47.98]],[[-126.66,49.79],[-126.62,49.63],[-126.68,49.59],[-126.91,49.69],[-126.97,49.83],[-126.77,49.88],[-126.66,49.79]],[[-126.62,50.67],[-126.4,50.81],[-126.27,50.83],[-126.19,50.74],[-126.29,50.65],[-126.62,50.67]],[[-125.34,50.3],[-125.29,50.44],[-125.17,50.38],[-125.34,50.3]],[[-125.2,50.04],[-125.32,50.14],[-125.35,50.24],[-125.18,50.23],[-125.23,50.13],[-125.2,50.04]],[[-147.11,60.29],[-147.01,60.23],[-147.23,60.13],[-147.49,59.94],[-147.84,59.79],[-147.89,59.86],[-147.7,60],[-147.38,60.14],[-147.3,60.23],[-147.11,60.29]],[[-146.19,60.4],[-146.49,60.36],[-146.72,60.39],[-146.59,60.48],[-146.35,60.47],[-146.19,60.4]],[[-147.77,60.41],[-147.63,60.37],[-147.74,60.26],[-147.87,60.27],[-147.77,60.41]]]},"properties":{"featurecla":"Bathymetry","depth":0,"scalerank":0}},
{"type":"Feature","geometry":{"type":"Polygon","coordinates":[[[-88.79,69.12],[-88.25,68.93],[-88.02,68.81],[-87.79,68.33],[-87.94,68.2],[-88.19,68.27],[-88.41,68.28],[-88.28,68.13],[-88.37,67.98],[-88.15,67.68],[-87.98,67.62],[-87.48,67.36],[-87.33,67.17],[-86.96,67.26],[-86.96,67.37],[-86.78,67.42],[-86.5,67.38],[-86.53,67.69],[-86.39,67.81],[-85.9,68.05],[-85.89,68.18],[-85.72,68.4],[-85.73,68.64],[-85.67,68.73],[-85.22,68.72],[-84.96,68.76],[-85.15,68.83],[-84.92,68.94],[-84.95,69.02],[-84.77,69.09],[-85.22,69.13],[-85.35,69.2],[-85.53,69.46],[-85.46,69.57],[-85.54,69.65],[-85.33,69.79],[-84.69,69.85],[-84.34,69.86],[-83.75,69.71],[-83.36,69.68],[-83.25,69.71],[-82.58,69.67],[-82.62,69.57],[-82.28,69.42],[-82.24,69.24],[-81.99,69.28],[-81.75,69.27],[-81.34,69.19],[-81.36,69.1],[-81.7,68.91],[-81.37,68.86],[-81.23,68.77],[-81.27,68.64],[-81.63,68.51],[-82.02,68.43],[-82.59,68.5],[-82.37,68.36],[-82.31,68.15],[-82.11,68.11],[-82.17,68],[-82.09,67.9],[-81.64,67.69],[-81.46,67.63],[-81.24,67.46],[-81.42,67.09],[-81.53,67],[-81.95,66.98],[-82.18,66.77],[-82.37,66.73],[-82.63,66.56],[-83.01,66.55],[-83.03,66.5],[-83.37,66.35],[-83.57,66.37],[-83.68,66.53],[-83.85,66.55],[-84.14,66.71],[-84.24,66.84],[-84.41,66.89],[-84.37,66.97],[-85,66.97],[-85.21,66.92],[-85.13,66.84],[-84.87,66.95],[-84.6,66.94],[-84.55,66.83],[-84.35,66.76],[-84.21,66.59],[-83.96,66.48],[-83.69,66.2],[-83.97,66.2],[-84.2,66.32],[-84.4,66.3],[-84.38,66.19],[-85.27,66.29],[-85.32,66.48],[-85.42,66.57],[-85.75,66.52],[-86.14,66.5],[-86.62,66.51],[-86.79,66.43],[-86.62,66.31],[-86.34,66.29],[-85.86,66.16],[-85.97,66.04],[-86.41,65.9],[-86.47,65.73],[-86.83,65.56],[-87.1,65.47],[-87.08,65.4],[-87.38,65.33],[-87.93,65.33],[-88.21,65.41],[-88.55,65.58],[-88.58,65.65],[-88.97,65.7],[-89.34,65.84],[-89.69,65.95],[-89.84,65.83],[-89.74,65.73],[-89.49,65.62],[-89.39,65.5],[-89.18,65.44],[-89.04,65.33],[-87.75,65.27],[-87.37,65.28],[-87.05,65.24],[-86.94,65.14],[-87.31,64.8],[-87.6,64.56],[-87.76,64.52],[-88.04,64.18],[-88.22,64.14],[-88.73,63.97],[-89.18,64.04],[-89.56,64.03],[-89.83,64.11],[-89.94,64.07],[-89.81,63.96],[-90.12,63.96],[-89.97,63.82],[-90.17,63.66],[-90.74,63.58],[-90.97,63.58],[-91.23,63.63],[-91.37,63.7],[-91.75,63.75],[-92.37,63.78],[-92.79,63.9],[-93.07,63.93],[-93.48,64.03],[-93.77,63.99],[-93.53,63.85],[-93.22,63.91],[-92.63,63.78],[-92.13,63.71],[-91.78,63.71],[-91.59,63.58],[-91.32,63.5],[-91.02,63.47],[-90.79,63.36],[-90.7,63.27],[-90.64,63.07],[-90.83,62.94],[-91.03,62.95],[-91.44,62.79],[-91.98,62.85],[-92.16,62.8],[-92.33,62.85],[-92.45,62.79],[-92.2,62.67],[-91.9,62.64],[-91.98,62.53],[-92.26,62.56],[-92.72,62.46],[-92.59,62.24],[-92.78,62.24],[-93.07,62.18],[-92.94,62.1],[-93.21,61.99],[-93.34,61.9],[-93.5,61.86],[-93.3,61.75],[-93.84,61.56],[-93.98,61.46],[-93.83,61.33],[-94.01,61.24],[-94.24,60.9],[-94.35,60.86],[-94.52,60.55],[-94.68,60.47],[-94.62,60.39],[-94.71,60.27],[-94.7,60.11],[-94.82,59.96],[-94.78,59.78],[-94.82,59.65],[-94.72,59.37],[-94.77,59.3],[-94.81,59.02],[-94.69,58.92],[-94.49,58.82],[-94.4,58.71],[-94.15,58.77],[-93.88,58.76],[-93.72,58.79],[-93.19,58.76],[-93.13,58.68],[-93.13,58.53],[-92.96,58.26],[-92.81,58.08],[-92.76,57.87],[-92.46,57.45],[-92.46,57.22],[-92.67,57],[-92.28,57.07],[-92.22,57.02],[-91.03,57.26],[-90.59,57.23],[-89.83,56.98],[-89.39,56.93],[-89.06,56.85],[-88.92,56.85],[-88.64,56.69],[-88.5,56.65],[-88.31,56.54],[-87.98,56.44],[-87.62,56.1],[-87.32,55.96],[-86.87,55.91],[-86.29,55.73],[-85.9,55.66],[-85.68,55.59],[-85.44,55.43],[-85.15,55.36],[-85.13,55.3],[-84.61,55.25],[-84.23,55.3],[-84.08,55.28],[-83.93,55.33],[-83.77,55.28],[-83.24,55.22],[-82.92,55.22],[-82.82,55.15],[-82.67,55.17],[-82.46,55.14],[-82.28,55.05],[-82.2,54.83],[-82.42,54.38],[-82.43,54.23],[-82.24,54.07],[-82.13,53.81],[-82.22,53.6],[-82.12,53.28],[-82.24,53.22],[-82.3,52.97],[-81.99,52.8],[-81.92,52.68],[-81.56,52.46],[-81.58,52.32],[-81.39,52.13],[-80.98,52],[-80.92,51.91],[-80.78,51.85],[-80.59,51.71],[-80.52,51.54],[-80.44,51.48],[-80.43,51.36],[-80.11,51.3],[-79.74,51.12],[-79.68,51.31],[-79.7,51.39],[-79.52,51.48],[-79.56,51.56],[-79.35,51.66],[-78.88,51.4],[-78.79,51.47],[-78.79,51.61],[-78.93,51.66],[-79.01,51.8],[-78.84,51.84],[-78.89,51.95],[-78.75,51.98],[-78.71,52.06],[-78.59,52.11],[-78.5,52.36],[-78.52,52.48],[-78.79,52.66],[-78.78,52.87],[-78.89,52.92],[-78.98,53.07],[-78.9,53.2],[-78.99,53.45],[-78.93,53.56],[-79.06,53.62],[-79.06,53.76],[-79.01,53.85],[-79.13,54.11],[-79.36,54.2],[-79.46,54.31],[-79.53,54.58],[-79.68,54.69],[-79.48,54.76],[-78.97,54.85],[-78.87,54.91],[-78.39,55.03],[-78.16,55.14],[-77.78,55.27],[-77.64,55.38],[-77.11,55.68],[-77.04,55.78],[-76.66,56.07],[-76.55,56.3],[-76.52,56.44],[-76.5,56.78],[-76.56,57.03],[-76.53,57.09],[-76.59,57.27],[-76.81,57.61],[-76.81,57.68],[-77.08,57.96],[-77.47,58.21],[-77.6,58.27],[-78.03,58.39],[-78.01,58.42],[-78.27,58.52],[-78.31,58.57],[-78.55,58.61],[-78.47,58.72],[-78.56,58.94],[-78.3,58.96],[-78.29,59.05],[-78.13,59.11],[-78.11,59.21],[-77.82,59.29],[-77.77,59.41],[-77.88,59.48],[-77.74,59.54],[-77.72,59.62],[-77.46,59.68],[-77.37,59.9],[-77.28,60.03],[-77.56,60.05],[-77.6,60.11],[-77.47,60.22],[-77.74,60.43],[-77.59,60.5],[-77.83,60.64],[-77.61,60.76],[-77.86,60.79],[-78.17,60.87],[-77.81,61.09],[-77.75,61.23],[-77.79,61.45],[-77.61,61.46],[-77.71,61.62],[-77.94,61.69],[-78.08,61.89],[-78.17,62.17],[-78.15,62.3],[-77.49,62.59],[-76.76,62.51],[-76.6,62.46],[-75.97,62.35],[-75.83,62.31],[-75.49,62.3],[-75.33,62.32],[-75.01,62.27],[-74.79,62.18],[-74.7,62.25],[-74.42,62.25],[-74.28,62.32],[-73.98,62.38],[-73.87,62.46],[-73.67,62.48],[-73.57,62.39],[-73.21,62.31],[-73.06,62.19],[-72.75,62.15],[-72.62,62.1],[-72.61,61.94],[-72.23,61.88],[-71.96,61.71],[-71.65,61.65],[-71.69,61.54],[-71.86,61.42],[-71.67,61.38],[-71.7,61.28],[-71.4,61.15],[-71.23,61.17],[-70.94,61.07],[-70.76,61.09],[-70.6,61.03],[-70.33,61.1],[-70.11,61.06],[-70.06,60.86],[-69.92,60.81],[-69.69,60.96],[-69.65,61.06],[-69.54,61.08],[-69.39,60.88],[-69.38,60.8],[-69.72,60.68],[-69.69,60.56],[-69.75,60.33],[-69.6,60.22],[-69.61,60.1],[-69.77,59.97],[-69.59,59.88],[-69.66,59.7],[-69.57,59.6],[-69.76,59.49],[-69.67,59.46],[-69.63,59.31],[-69.45,59.36],[-69.25,59.32],[-69.24,59.23],[-69.53,59.19],[-69.45,58.9],[-69.57,58.81],[-69.72,58.87],[-70.03,58.81],[-70.14,58.76],[-69.93,58.7],[-69.83,58.6],[-69.26,58.9],[-68.79,58.92],[-68.64,58.9],[-68.36,58.78],[-68.35,58.62],[-68.2,58.45],[-68.32,58.25],[-68.25,58.24],[-68.14,58.52],[-67.89,58.5],[-67.92,58.41],[-67.68,58.42],[-67.73,58.33],[-67.65,58.25],[-67.06,58.39],[-66.95,58.5],[-66.62,58.5],[-66.63,58.59],[-66.47,58.72],[-66.39,58.85],[-66.11,58.78],[-65.98,58.92],[-65.86,58.94],[-65.64,59.07],[-65.74,59.27],[-65.54,59.26],[-65.58,59.36],[-65.41,59.42],[-65.43,59.53],[-65.55,59.73],[-65.42,59.82],[-65.14,59.9],[-65.12,60.01],[-64.95,60.19],[-64.85,60.37],[-64.63,60.35],[-64.42,60.26],[-64.45,60.07],[-64.22,60.05],[-64.13,59.91],[-64.19,59.78],[-64.15,59.68],[-63.96,59.69],[-63.95,59.61],[-63.73,59.51],[-63.81,59.37],[-63.53,59.35],[-63.37,59.22],[-63.44,59.12],[-63.19,59.06],[-63.22,59.01],[-63.09,58.89],[-62.93,58.82],[-62.85,58.67],[-62.94,58.6],[-63.18,58.5],[-63.01,58.43],[-62.78,58.5],[-62.58,58.5],[-62.66,58.18],[-63.08,58.16],[-62.97,58.1],[-62.58,58.17],[-62.31,58.03],[-62.14,57.83],[-62.01,57.78],[-61.89,57.62],[-62.07,57.55],[-62.29,57.52],[-62.38,57.43],[-62.03,57.46],[-61.82,57.38],[-61.89,57.27],[-61.87,57.17],[-61.53,57.16],[-61.38,57.12],[-61.34,56.99],[-61.5,56.98],[-61.81,56.79],[-61.69,56.73],[-61.87,56.64],[-61.76,56.49],[-61.98,56.51],[-61.83,56.38],[-61.63,56.28],[-61.55,56.2],[-61.37,56.23],[-61.35,55.97],[-61.07,55.93],[-61.07,55.85],[-60.78,55.86],[-60.76,55.78],[-60.61,55.73],[-60.49,55.81],[-60.35,55.58],[-60.42,55.43],[-60.36,55.39],[-60.46,55.15],[-60.29,55.23],[-59.94,55.24],[-59.82,55.32],[-59.72,55.27],[-59.86,55.14],[-59.43,55.14],[-59.25,55.22],[-59.01,55.15],[-59.03,55.02],[-58.88,54.9],[-58.68,54.82],[-58.2,54.8],[-58.14,54.74],[-57.85,54.74],[-57.67,54.63],[-57.45,54.65],[-57.35,54.59],[-57.39,54.5],[-57.68,54.38],[-57.9,54.39],[-58.19,54.36],[-58.25,54.25],[-58.47,54.23],[-58.73,54.15],[-58.88,54.15],[-59.4,54.05],[-59.3,54.02],[-58.7,54.12],[-58.71,54.03],[-58.86,54.05],[-58.97,53.97],[-59.22,53.93],[-59.53,53.82],[-59.79,53.85],[-60.11,53.76],[-60.11,53.55],[-60.04,53.48],[-60.35,53.38],[-60.1,53.34],[-60.03,53.36],[-59.86,53.5],[-59.51,53.56],[-59.37,53.65],[-59.08,53.69],[-59.07,53.8],[-58.85,53.94],[-58.22,54.06],[-58.42,54.14],[-58.23,54.24],[-58.01,54.24],[-57.36,54.14],[-57.21,53.88],[-57.11,53.79],[-57.15,53.74],[-57.46,53.65],[-57.33,53.58],[-57.27,53.49],[-57.14,53.55],[-57.13,53.62],[-56.98,53.73],[-56.63,53.74],[-56.63,53.66],[-56.43,53.62],[-56.04,53.58],[-56.03,53.43],[-55.81,53.33],[-55.82,53.19],[-55.75,53.15],[-55.96,53.02],[-55.83,52.92],[-55.81,52.83],[-56.06,52.77],[-55.93,52.64],[-56.07,52.57],[-56,52.52],[-55.74,52.49],[-55.65,52.44],[-55.82,52.31],[-55.71,52.22],[-55.68,52.11],[-55.89,52.01],[-55.93,51.93],[-56.21,51.8],[-56.34,51.78],[-56.97,51.43],[-57.19,51.42],[-57.25,51.51],[-57.67,51.43],[-57.75,51.46],[-57.98,51.33],[-58.23,51.28],[-58.45,51.32],[-58.66,51.21],[-58.72,51.11],[-58.95,51.04],[-58.99,50.79],[-59.13,50.8],[-59.2,50.73],[-59.41,50.67],[-59.58,50.48],[-59.8,50.45],[-59.85,50.31],[-60.06,50.25],[-60.15,50.29],[-60.29,50.25],[-60.54,50.23],[-60.84,50.26],[-61.17,50.19],[-61.31,50.2],[-61.72,50.1],[-61.85,50.22],[-62.21,50.24],[-62.33,50.29],[-62.43,50.27],[-62.85,50.29],[-63.18,50.29],[-63.25,50.24],[-63.44,50.22],[-63.72,50.3],[-63.99,50.31],[-64.25,50.27],[-64.47,50.32],[-64.63,50.28],[-64.89,50.27],[-65.26,50.32],[-65.74,50.26],[-65.93,50.29],[-66.16,50.2],[-66.54,50.22],[-66.75,50.05],[-66.95,49.99],[-67.04,49.83],[-67.13,49.83],[-67.23,49.61],[-67.25,49.46],[-67.38,49.34],[-68.12,49.27],[-68.18,49.12],[-68.37,49.14],[-68.63,49.02],[-68.64,48.92],[-68.78,48.91],[-69.07,48.76],[-69.14,48.6],[-69.23,48.59],[-69.29,48.46],[-69.45,48.3],[-69.65,48.16],[-69.8,48.16],[-69.99,48.28],[-70.14,48.27],[-70.37,48.37],[-70.44,48.36],[-70.75,48.43],[-70.74,48.36],[-70.48,48.36],[-70.16,48.25],[-70.03,48.25],[-69.87,48.16],[-69.74,48.12],[-69.93,47.77],[-70.2,47.6],[-70.24,47.5],[-70.5,47.43],[-70.6,47.25],[-70.71,47.12],[-70.96,47.02],[-71.35,46.74],[-71.69,46.67],[-71.88,46.69],[-72.06,46.59],[-72.23,46.55],[-72.26,46.47],[-72.46,46.4],[-72.6,46.3],[-72.84,46.26],[-72.99,46.21],[-73.02,46.11],[-73.16,46.07],[-73.29,45.88],[-73.5,45.73],[-73.76,45.68],[-73.91,45.53],[-74.08,45.46],[-73.96,45.35],[-74.15,45.32],[-74.05,45.23],[-73.89,45.34],[-73.69,45.43],[-73.56,45.41],[-73.41,45.75],[-73.26,45.85],[-73.14,46.06],[-72.93,46.14],[-72.73,46.18],[-72.5,46.36],[-72.27,46.42],[-72.19,46.53],[-72.01,46.57],[-71.85,46.67],[-71.71,46.63],[-71.3,46.75],[-71.16,46.84],[-70.97,46.86],[-70.9,46.9],[-70.53,47.01],[-70.39,47.12],[-70.19,47.32],[-70.08,47.37],[-70.03,47.47],[-69.8,47.62],[-69.55,47.84],[-69.45,47.99],[-69.32,48.03],[-69.05,48.23],[-68.81,48.37],[-68.73,48.38],[-68.21,48.64],[-67.96,48.7],[-67.55,48.86],[-67.43,48.87],[-66.62,49.12],[-66.22,49.21],[-65.88,49.22],[-65.57,49.27],[-64.96,49.22],[-64.61,49.12],[-64.22,48.89],[-64.3,48.83],[-64.28,48.73],[-64.16,48.63],[-64.2,48.52],[-64.33,48.42],[-64.55,48.39],[-64.7,48.32],[-64.78,48.2],[-65.29,48.01],[-65.43,48],[-65.5,48.05],[-65.78,48.12],[-65.95,48.2],[-66.1,48.1],[-66.27,48.12],[-66.26,48.01],[-65.97,47.92],[-65.82,47.91],[-65.74,47.85],[-65.63,47.67],[-65.48,47.68],[-65.21,47.82],[-65.03,47.85],[-64.99,47.79],[-64.83,47.82],[-64.68,47.72],[-64.89,47.56],[-64.87,47.49],[-64.96,47.29],[-65.33,47.1],[-64.83,47.09],[-64.81,46.99],[-64.91,46.89],[-64.86,46.78],[-64.71,46.69],[-64.72,46.58],[-64.61,46.42],[-64.63,46.33],[-64.51,46.24],[-64.25,46.23],[-64.15,46.17],[-64.02,46.19],[-63.81,46.14],[-63.91,46.06],[-63.9,45.98],[-63.81,45.89],[-63.45,45.82],[-63.19,45.74],[-63.07,45.78],[-62.74,45.76],[-62.47,45.61],[-62.27,45.7],[-61.92,45.89],[-61.89,45.7],[-61.62,45.61],[-61.47,45.68],[-61.32,45.54],[-61.27,45.44],[-61.39,45.42],[-61.45,45.35],[-61.14,45.35],[-60.97,45.31],[-61.07,45.22],[-61.33,45.23],[-61.39,45.16],[-61.57,45.15],[-61.64,45.09],[-61.81,45.1],[-61.88,45.03],[-62.55,44.87],[-62.66,44.81],[-62.81,44.79],[-63.02,44.7],[-63.12,44.75],[-63.28,44.64],[-63.59,44.66],[-63.52,44.52],[-63.72,44.46],[-63.81,44.51],[-63.93,44.51],[-63.94,44.62],[-64.06,44.64],[-64.13,44.55],[-64.35,44.46],[-64.34,44.33],[-64.56,44.08],[-64.67,44],[-64.82,43.95],[-64.89,43.84],[-65.03,43.71],[-65.1,43.74],[-65.25,43.67],[-65.46,43.53],[-65.67,43.5],[-65.78,43.57],[-65.77,43.67],[-65.91,43.82],[-65.96,43.74],[-66.12,43.74],[-66.17,43.89],[-66.15,44],[-66.21,44.11],[-66.11,44.34],[-66.03,44.44],[-65.85,44.56],[-65.94,44.58],[-65.79,44.7],[-65.23,44.96],[-64.86,45.14],[-64.51,45.23],[-64.37,45.2],[-64.22,45.11],[-64.12,45.22],[-63.83,45.28],[-63.59,45.4],[-64.07,45.41],[-64.31,45.4],[-64.39,45.37],[-64.58,45.42],[-64.72,45.32],[-64.94,45.35],[-64.83,45.48],[-64.65,45.56],[-64.43,45.71],[-64.42,45.79],[-64.59,45.83],[-64.76,45.63],[-64.88,45.63],[-64.99,45.56],[-65.32,45.46],[-65.54,45.33],[-65.91,45.21],[-66.04,45.29],[-66.13,45.28],[-66.19,45.18],[-66.43,45.08],[-66.49,45.16],[-66.75,45.06],[-66.91,45.1],[-67.02,45.17],[-67.1,45.04],[-66.98,44.82],[-67.22,44.64],[-67.4,44.61],[-67.54,44.65],[-67.57,44.55],[-67.81,44.58],[-67.9,44.42],[-68.1,44.39],[-68.11,44.48],[-68.27,44.49],[-68.56,44.4],[-68.53,44.29],[-68.76,44.33],[-68.83,44.48],[-68.99,44.42],[-69,44.29],[-69.12,44.04],[-69.26,43.93],[-69.37,44.02],[-69.48,43.88],[-69.57,43.94],[-69.65,43.9],[-69.79,43.74],[-69.99,43.86],[-70.11,43.81],[-70.24,43.7],[-70.2,43.56],[-70.36,43.53],[-70.38,43.39],[-70.54,43.33],[-69.6,43.04],[-68.67,42.76],[-67.73,42.47],[-66.79,42.18],[-65.86,41.9],[-64.92,41.61],[-63.99,41.33],[-63.05,41.04],[-62.12,40.76],[-61.18,40.47],[-60.24,40.19],[-58.84,39.76],[-57.85,39.9],[-56.86,40.05],[-55.88,40.19],[-54.89,40.34],[-53.9,40.48],[-52.91,40.63],[-51.92,40.77],[-50.93,40.92],[-49.94,41.07],[-48.95,41.21],[-47.97,41.36],[-46.98,41.5],[-45.99,41.65],[-45,41.79],[-44.01,41.94],[-43.02,42.08],[-42.03,42.23],[-41.04,42.37],[-40.06,42.52],[-39.07,42.66],[-38.08,42.81],[-37.09,42.95],[-36.1,43.1],[-35.11,43.24],[-34.12,43.39],[-33.14,43.53],[-32.15,43.68],[-31.16,43.82],[-30.17,43.97],[-29.18,44.12],[-28.19,44.26],[-27.2,44.41],[-26.21,44.55],[-25.23,44.7],[-24.24,44.84],[-23.25,44.99],[-22.26,45.13],[-21.27,45.28],[-20.28,45.42],[-19.29,45.57],[-18.31,45.71],[-17.34,45.62],[-16.37,45.52],[-15.4,45.42],[-14.43,45.32],[-13.46,45.23],[-12.49,45.13],[-11.52,45.03],[-10.55,44.94],[-9.58,44.84],[-8.62,44.74],[-7.65,44.64],[-6.68,44.55],[-5.71,44.45],[-4.74,44.35],[-3.77,44.26],[-2.8,44.16],[-1.35,44.01],[-1.25,44.5],[-1.19,44.67],[-1.07,44.72],[-1.17,44.78],[-1.23,44.71],[-1.2,45.12],[-1.16,45.28],[-1.14,45.49],[-1.06,45.53],[-0.92,45.45],[-0.84,45.51],[-1.19,45.71],[-1.23,45.79],[-1.07,45.9],[-1.05,46.04],[-1.18,46.23],[-1.5,46.42],[-1.6,46.43],[-1.8,46.5],[-1.86,46.64],[-2.12,46.82],[-2.1,46.93],[-1.99,47.05],[-2.28,47.25],[-2.4,47.29],[-2.5,47.53],[-2.74,47.55],[-2.76,47.64],[-3.07,47.58],[-3.35,47.72],[-3.46,47.71],[-3.52,47.77],[-3.85,47.8],[-3.89,47.86],[-4.09,47.88],[-4.23,47.8],[-4.35,47.86],[-4.43,47.98],[-4.68,48.07],[-4.36,48.12],[-4.3,48.2],[-4.46,48.25],[-4.32,48.36],[-4.43,48.4],[-4.62,48.35],[-4.78,48.38],[-4.76,48.52],[-4.56,48.63],[-3.97,48.73],[-3.95,48.67],[-3.73,48.72],[-3.61,48.68],[-3.52,48.84],[-3.37,48.82],[-3.09,48.87],[-3.08,48.83],[-2.83,48.66],[-2.81,48.6],[-2.64,48.54],[-2.31,48.69],[-2.22,48.6],[-1.98,48.69],[-1.84,48.62],[-1.58,48.64],[-1.55,48.75],[-1.61,49.22],[-1.71,49.34],[-1.82,49.4],[-1.88,49.53],[-1.81,49.69],[-1.6,49.65],[-1.39,49.71],[-1.23,49.64],[-1.31,49.56],[-1.12,49.35],[-1.07,49.4],[-0.82,49.36],[-0.41,49.34],[-0.22,49.28],[0,49.33],[0,50.19],[0.84,50.65],[1.68,51.1],[2.52,51.56],[3.36,52.01],[2.69,52.72],[2.02,53.43],[1.35,54.15],[0.67,54.86],[0,55.57],[0,56.07],[0,57.06],[0,58.06],[0,58.56],[0,59.56],[0,60.06],[0,61.06],[0,61.56],[0,62.55],[0,63.55],[0,64.55],[0,65.05],[0,66.05],[0,66.55],[0,67.54],[0,68.54],[0,69.54],[0,70.04],[0,71.04],[0,71.54],[0,72.53],[0,73.03],[0,74.03],[0,74.53],[0,75.53],[0,76.53],[0,77.52],[0,78.02],[0,79.02],[0,79.52],[0,80.52],[0,81.52],[0,82.51],[0,83.01],[0,84.01],[0,84.51],[0,85.51],[0,86.51],[0,87.5],[0,88],[0,89],[0,90],[-90,90],[-90,89.51],[-90,88.52],[-90,88.03],[-90,87.04],[-90,86.05],[-90,85.07],[-90,84.57],[-90,83.58],[-91.81,82.95],[-93.63,82.31],[-95.44,81.67],[-97.26,81.03],[-98.17,80.71],[-97.56,80.14],[-96.64,79.29],[-94.87,78.66],[-93.99,78.34],[-92.66,77.87],[-92.24,77.21],[-95.56,77.17],[-97.92,77.14],[-97.21,76.47],[-96.85,76.14],[-93.7,76.07],[-93.16,75.27],[-92.62,74.48],[-90.74,74.29],[-89.33,74.14],[-89.82,73.39],[-90.3,72.63],[-90.79,71.88],[-91.03,71.5],[-90.52,70.86],[-90,70.21],[-88.45,69.54],[-88.79,69.12]],[[-54.28,49.58],[-54.31,49.67],[-54.09,49.75],[-54.02,49.67],[-54.28,49.58]],[[-52.63,47.53],[-52.73,47.33],[-52.79,47.31],[-52.87,47.1],[-52.85,47.03],[-52.94,46.79],[-53.07,46.67],[-53.21,46.64],[-53.27,46.71],[-53.37,46.73],[-53.55,46.62],[-53.62,46.66],[-53.6,46.91],[-53.64,46.99],[-53.51,47.12],[-53.57,47.16],[-53.82,46.96],[-54.05,46.81],[-54.19,46.83],[-54.15,47.01],[-53.91,47.37],[-53.89,47.53],[-54.01,47.81],[-54.14,47.84],[-54.46,47.5],[-54.6,47.41],[-54.76,47.36],[-54.87,47.38],[-54.99,47.28],[-55.1,47.06],[-55.19,47.02],[-55.25,46.92],[-55.42,46.87],[-55.59,46.9],[-55.65,46.87],[-55.85,46.87],[-55.98,46.97],[-55.87,47.08],[-55.49,47.14],[-55.3,47.27],[-55.26,47.41],[-55.18,47.46],[-54.95,47.51],[-54.89,47.62],[-55.07,47.6],[-55.38,47.69],[-55.47,47.63],[-55.4,47.57],[-55.44,47.47],[-55.77,47.46],[-56.05,47.54],[-55.86,47.6],[-55.97,47.76],[-56.23,47.63],[-56.39,47.61],[-56.67,47.63],[-56.78,47.53],[-56.98,47.59],[-57.12,47.57],[-57.33,47.63],[-57.85,47.65],[-58.1,47.7],[-58.57,47.64],[-58.77,47.6],[-58.92,47.6],[-59.11,47.56],[-59.3,47.61],[-59.28,47.76],[-59.4,47.88],[-59.24,48.02],[-59,48.12],[-58.72,48.31],[-58.54,48.45],[-58.52,48.51],[-58.7,48.55],[-59.08,48.51],[-59.21,48.56],[-58.97,48.68],[-58.95,48.61],[-58.79,48.56],[-58.69,48.6],[-58.67,48.73],[-58.54,48.87],[-58.44,49.06],[-58.14,49.09],[-58.1,49.18],[-58.23,49.27],[-58.19,49.44],[-57.93,49.59],[-57.94,49.71],[-57.61,50.17],[-57.46,50.48],[-57.3,50.65],[-57.33,50.71],[-57.17,50.75],[-56.98,50.88],[-56.98,50.99],[-56.8,51.14],[-56.8,51.24],[-56.72,51.32],[-56.49,51.41],[-56.11,51.53],[-55.89,51.63],[-55.84,51.56],[-55.51,51.6],[-55.41,51.58],[-55.49,51.39],[-55.62,51.3],[-55.81,51.35],[-55.97,51.35],[-56.02,51.22],[-55.85,51.23],[-55.72,51.18],[-55.74,51.07],[-55.87,50.92],[-56.23,50.57],[-56.28,50.49],[-56.43,50.38],[-56.52,50.2],[-56.74,50.03],[-56.72,49.95],[-56.8,49.8],[-56.73,49.69],[-56.49,49.89],[-56.43,49.89],[-56.32,50.04],[-56.15,50.16],[-56.07,50.1],[-55.72,49.93],[-55.58,49.9],[-55.81,49.8],[-55.94,49.61],[-55.64,49.39],[-55.58,49.47],[-55.16,49.55],[-55.13,49.47],[-55.21,49.39],[-55.22,49.26],[-54.74,49.32],[-54.54,49.53],[-54.45,49.48],[-54.48,49.4],[-54.26,49.42],[-54.04,49.48],[-53.68,49.37],[-53.45,49.24],[-53.61,49.04],[-53.92,48.92],[-53.88,48.75],[-53.7,48.66],[-53.77,48.55],[-53.52,48.46],[-53.41,48.62],[-53.26,48.53],[-53.14,48.64],[-52.98,48.6],[-53.06,48.44],[-53.19,48.36],[-53.36,48.36],[-53.39,48.29],[-53.54,48.24],[-53.64,48.17],[-53.75,48.19],[-53.85,48.19],[-53.9,48.24],[-53.94,48.18],[-53.91,48.09],[-53.68,48.08],[-53.62,48],[-53.74,47.82],[-53.85,47.71],[-53.61,47.54],[-53.48,47.69],[-53.5,47.75],[-53.28,48.02],[-52.87,48.12],[-53.05,47.93],[-53.17,47.75],[-53.16,47.68],[-53.24,47.59],[-53.11,47.43],[-52.86,47.61],[-52.8,47.79],[-52.7,47.76],[-52.63,47.53]],[[-60.08,45.79],[-60.4,45.64],[-60.73,45.57],[-61.01,45.61],[-61.13,45.56],[-61.22,45.6],[-61.33,45.57],[-61.46,45.71],[-61.54,46.04],[-61.46,46.15],[-61.29,46.24],[-61.09,46.45],[-60.87,46.8],[-60.77,46.84],[-60.6,47.03],[-60.46,47],[-60.49,46.91],[-60.31,46.85],[-60.35,46.62],[-60.51,46.37],[-60.43,46.28],[-60.61,46.13],[-60.7,46.09],[-60.82,45.94],[-60.96,45.92],[-60.98,45.82],[-61.1,45.78],[-60.73,45.71],[-60.71,45.79],[-60.42,45.98],[-60.72,45.9],[-60.78,45.95],[-60.62,46.02],[-60.62,46.1],[-60.35,46.31],[-60.17,46.23],[-60.08,46.25],[-59.88,46.18],[-59.83,46],[-59.86,45.94],[-60.08,45.79]],[[-62,46.46],[-62.17,46.36],[-62.31,46.34],[-62.44,46.22],[-62.58,46.24],[-62.53,46.06],[-62.55,45.97],[-62.78,45.96],[-62.93,46.04],[-63,46.18],[-63.11,46.21],[-63.23,46.15],[-63.63,46.22],[-63.93,46.42],[-64.13,46.42],[-64.11,46.54],[-64.23,46.64],[-64.38,46.63],[-64.42,46.68],[-64.23,46.9],[-64.05,47.02],[-63.97,46.89],[-64.09,46.78],[-63.83,46.61],[-63.88,46.52],[-63.73,46.44],[-63.64,46.57],[-63.33,46.5],[-63.19,46.43],[-62.95,46.42],[-62.52,46.48],[-62.19,46.49],[-62,46.46]],[[-64.32,49.79],[-64.42,49.81],[-64.45,49.91],[-64.13,49.95],[-63.94,49.9],[-63.37,49.83],[-62.96,49.74],[-62.89,49.7],[-62.53,49.6],[-62.39,49.49],[-62.2,49.41],[-61.88,49.35],[-61.66,49.15],[-61.81,49.07],[-61.88,49.08],[-62.25,49.07],[-62.51,49.14],[-62.68,49.15],[-63.09,49.23],[-63.28,49.31],[-63.59,49.39],[-63.64,49.51],[-63.93,49.67],[-64.32,49.79]],[[-6.11,53.5],[-6.1,53.29],[-6,52.96],[-6.13,52.82],[-6.22,52.67],[-6.21,52.55],[-6.45,52.36],[-6.32,52.24],[-6.37,52.18],[-6.6,52.18],[-6.79,52.21],[-6.9,52.15],[-7.44,52.13],[-7.59,51.99],[-7.83,51.95],[-7.89,51.88],[-8.13,51.8],[-8.21,51.88],[-8.35,51.89],[-8.3,51.76],[-8.54,51.65],[-8.85,51.6],[-8.89,51.56],[-9.11,51.55],[-9.35,51.47],[-9.43,51.56],[-9.81,51.45],[-9.77,51.59],[-9.98,51.73],[-10.11,51.75],[-10.23,51.85],[-10.27,51.99],[-9.93,52.07],[-10.03,52.14],[-10.27,52.14],[-10.42,52.1],[-10.45,52.19],[-10.28,52.27],[-9.84,52.25],[-9.85,52.43],[-9.58,52.57],[-9.55,52.64],[-9.82,52.6],[-9.58,52.74],[-9.5,52.75],[-9.43,52.88],[-9.44,52.97],[-9.27,53.15],[-9.16,53.11],[-8.96,53.15],[-9.02,53.28],[-9.51,53.23],[-9.74,53.31],[-9.9,53.33],[-10.03,53.39],[-10.15,53.54],[-9.93,53.6],[-9.91,53.76],[-9.57,53.8],[-9.62,53.9],[-9.76,53.9],[-9.84,53.96],[-9.99,54.21],[-9.79,54.34],[-9.21,54.27],[-9.05,54.29],[-8.87,54.27],[-8.49,54.29],[-8.61,54.38],[-8.29,54.48],[-8.12,54.65],[-8.6,54.62],[-8.8,54.7],[-8.49,54.85],[-8.4,54.96],[-8.46,55],[-8.26,55.16],[-7.81,55.2],[-7.53,55.13],[-7.51,55.27],[-7.33,55.37],[-6.94,55.24],[-7.16,55.15],[-7.2,55.06],[-7.02,55.07],[-6.95,55.2],[-6.75,55.18],[-6.48,55.25],[-6.04,55.17],[-6.06,55.07],[-5.8,54.84],[-5.7,54.82],[-5.75,54.68],[-5.54,54.66],[-5.43,54.47],[-5.61,54.26],[-5.86,54.23],[-5.91,54.09],[-6.19,53.98],[-6.35,54],[-6.38,53.92],[-6.24,53.87],[-6.22,53.65],[-6.09,53.58],[-6.11,53.5]],[[-3.32,56.37],[-3.23,56.36],[-2.95,56.43],[-2.58,56.28],[-2.78,56.19],[-2.96,56.21],[-3.13,56.12],[-3.3,55.98],[-2.94,55.97],[-2.8,56.06],[-2.64,56.06],[-2.31,55.94],[-2.15,55.92],[-1.82,55.64],[-1.63,55.59],[-1.58,55.48],[-1.57,55.29],[-1.48,55.09],[-1.37,54.98],[-1.28,54.75],[-1.1,54.62],[-0.79,54.56],[-0.56,54.48],[-0.4,54.27],[-0.23,54.16],[-0.11,54.13],[-0.22,54.02],[-0.15,53.9],[0.13,53.64],[-0.05,53.57],[0.22,53.42],[0.34,53.23],[0.33,53.09],[0.02,52.91],[0.25,52.8],[0.38,52.79],[0.49,52.93],[0.57,52.97],[0.97,52.97],[1.27,52.93],[1.64,52.78],[1.75,52.63],[1.77,52.49],[1.63,52.27],[1.58,52.08],[1.33,51.94],[1.29,51.86],[1.14,51.78],[0.99,51.83],[0.89,51.78],[0.95,51.68],[0.92,51.59],[0.55,51.41],[0.76,51.36],[0.98,51.35],[1.42,51.39],[1.41,51.22],[1.36,51.13],[1.03,51.04],[0.95,50.91],[0.8,50.94],[0.62,50.86],[0.37,50.82],[0.27,50.75],[-0.17,50.83],[-0.57,50.8],[-0.81,50.73],[-0.94,50.84],[-1.06,50.78],[-1.32,50.8],[-1.67,50.74],[-1.95,50.71],[-1.98,50.6],[-2.44,50.64],[-2.48,50.59],[-2.69,50.69],[-2.86,50.73],[-3.26,50.67],[-3.47,50.59],[-3.49,50.41],[-3.63,50.31],[-3.65,50.23],[-3.83,50.23],[-3.95,50.32],[-4.03,50.29],[-4.22,50.42],[-4.5,50.33],[-4.75,50.33],[-4.8,50.23],[-5.02,50.19],[-5.11,50.1],[-5.1,50.01],[-5.21,49.97],[-5.32,50.09],[-5.47,50.13],[-5.58,50.05],[-5.71,50.05],[-5.68,50.16],[-5.51,50.22],[-5.44,50.19],[-5.05,50.43],[-5.03,50.52],[-4.79,50.6],[-4.55,50.81],[-4.53,51.01],[-4.34,51],[-4.23,51.06],[-4.15,51.21],[-3.77,51.25],[-3.38,51.19],[-3.06,51.21],[-2.96,51.37],[-2.7,51.51],[-2.69,51.6],[-3.11,51.5],[-3.18,51.4],[-3.54,51.4],[-3.72,51.48],[-3.85,51.62],[-3.97,51.56],[-4.27,51.55],[-4.29,51.67],[-4.38,51.73],[-4.65,51.73],[-4.71,51.65],[-4.94,51.6],[-5.13,51.86],[-5.29,51.92],[-4.78,52.06],[-4.64,52.14],[-4.51,52.14],[-4.2,52.28],[-4.1,52.39],[-4.05,52.54],[-4.12,52.63],[-4.05,52.72],[-4.13,52.78],[-4.13,52.89],[-4.23,52.92],[-4.41,52.89],[-4.5,52.83],[-4.76,52.81],[-4.6,52.93],[-4.36,53.03],[-4.34,53.11],[-4.23,53.16],[-4.15,53.23],[-4.07,53.23],[-3.77,53.32],[-3.56,53.29],[-3.19,53.38],[-3.06,53.43],[-3.1,53.57],[-2.95,53.71],[-3.05,53.77],[-3.02,53.93],[-2.8,54.13],[-2.85,54.18],[-3.24,54.11],[-3.41,54.28],[-3.47,54.39],[-3.63,54.51],[-3.39,54.88],[-3.45,54.98],[-3.58,54.97],[-3.6,54.88],[-3.84,54.87],[-3.96,54.77],[-4.12,54.77],[-4.24,54.84],[-4.35,54.81],[-4.35,54.7],[-4.51,54.7],[-4.6,54.78],[-4.86,54.87],[-4.95,54.81],[-5.13,54.85],[-5.17,55.01],[-5.05,55.02],[-5.01,55.14],[-4.88,55.22],[-4.83,55.33],[-4.62,55.5],[-4.67,55.58],[-4.92,55.71],[-4.86,55.76],[-4.98,55.87],[-5.31,56.01],[-5.45,56.01],[-5.41,55.87],[-5.32,55.78],[-5.43,55.72],[-5.45,55.59],[-5.64,55.3],[-5.77,55.3],[-5.79,55.4],[-5.72,55.45],[-5.72,55.56],[-5.58,55.76],[-5.7,55.92],[-5.59,56.01],[-5.52,56.17],[-5.6,56.26],[-5.51,56.4],[-5.39,56.47],[-5.41,56.55],[-5.67,56.5],[-6,56.62],[-5.91,56.76],[-5.74,56.89],[-5.83,57],[-5.6,57.28],[-5.81,57.35],[-5.87,57.5],[-5.76,57.63],[-5.81,57.84],[-5.61,57.93],[-5.49,57.86],[-5.29,57.98],[-5.31,58.24],[-5.1,58.28],[-5.17,58.35],[-5.05,58.45],[-4.99,58.63],[-4.73,58.58],[-4.48,58.57],[-4.38,58.52],[-4.16,58.56],[-3.81,58.57],[-3.2,58.66],[-3.02,58.64],[-3.13,58.51],[-3.09,58.41],[-3.22,58.31],[-3.44,58.24],[-3.52,58.17],[-4.03,57.95],[-4.14,57.85],[-3.91,57.81],[-4.12,57.59],[-4.03,57.56],[-3.84,57.59],[-3.49,57.71],[-3.28,57.72],[-3.08,57.67],[-2.92,57.7],[-2.43,57.67],[-2.11,57.7],[-1.93,57.68],[-1.83,57.61],[-1.76,57.47],[-1.98,57.32],[-2.05,57.12],[-2.16,57.02],[-2.22,56.87],[-2.44,56.73],[-2.53,56.58],[-2.76,56.48],[-3.06,56.45],[-3.32,56.37]],[[-1.08,50.71],[-1.17,50.6],[-1.32,50.59],[-1.51,50.71],[-1.3,50.77],[-1.08,50.71]],[[-4.1,53.31],[-4.1,53.25],[-4.2,53.22],[-4.23,53.18],[-4.34,53.13],[-4.5,53.18],[-4.57,53.28],[-4.55,53.4],[-4.28,53.4],[-4.2,53.3],[-4.1,53.31]],[[-4.61,54.06],[-4.77,54.1],[-4.71,54.22],[-4.44,54.4],[-4.31,54.29],[-4.39,54.19],[-4.61,54.06]],[[-5.07,55.51],[-5.16,55.43],[-5.35,55.48],[-5.39,55.59],[-5.36,55.69],[-5.16,55.68],[-5.07,55.51]],[[-6.03,55.73],[-6.22,55.63],[-6.32,55.73],[-6.49,55.74],[-6.41,55.86],[-6.12,55.93],[-6.03,55.73]],[[-5.8,56.11],[-5.74,56.08],[-5.96,55.8],[-6.08,55.92],[-5.92,56.06],[-5.8,56.11]],[[-61.01,56.04],[-61.17,56.03],[-61.13,56.15],[-60.96,56.1],[-61.01,56.04]],[[-5.69,56.43],[-5.72,56.35],[-6.15,56.28],[-6.33,56.28],[-6.13,56.47],[-6.29,56.53],[-6.29,56.61],[-6.06,56.64],[-5.95,56.52],[-5.72,56.49],[-5.69,56.43]],[[-61.63,56.85],[-61.46,56.96],[-61.35,56.86],[-61.37,56.69],[-61.45,56.63],[-61.65,56.74],[-61.63,56.85]],[[-6.56,57.35],[-6.71,57.38],[-6.71,57.51],[-6.56,57.56],[-6.37,57.53],[-6.42,57.65],[-6.31,57.7],[-6.15,57.59],[-6.15,57.42],[-6.11,57.32],[-5.69,57.19],[-5.92,57.05],[-6.02,57.2],[-6.32,57.16],[-6.56,57.35]],[[-7.24,57.33],[-7.27,57.15],[-7.39,57.13],[-7.46,57.24],[-7.35,57.41],[-7.24,57.33]],[[-61.61,57.42],[-61.85,57.42],[-61.72,57.54],[-61.61,57.42]],[[-61.85,57.59],[-61.79,57.51],[-61.93,57.46],[-62.02,57.52],[-61.85,57.59]],[[-7.13,57.65],[-7.13,57.54],[-7.29,57.51],[-7.54,57.59],[-7.18,57.69],[-7.13,57.65]],[[-61.9,57.76],[-61.8,57.84],[-61.65,57.79],[-61.75,57.71],[-61.9,57.76]],[[-6.96,57.74],[-7.08,57.81],[-6.9,57.94],[-7.04,57.96],[-7.13,58.12],[-7.06,58.23],[-6.9,58.17],[-6.82,58.29],[-6.35,58.46],[-6.17,58.42],[-6.19,58.34],[-6.32,58.27],[-6.39,58.1],[-6.35,58.04],[-6.54,57.92],[-6.84,57.81],[-6.96,57.74]],[[-57.87,54.82],[-58.02,54.76],[-58.16,54.76],[-58.23,54.85],[-57.94,54.93],[-57.87,54.82]],[[-53.57,48.19],[-53.57,48.08],[-53.88,48.11],[-53.93,48.18],[-53.77,48.18],[-53.7,48.15],[-53.65,48.16],[-53.57,48.19]],[[-2.73,58.97],[-2.84,58.88],[-2.97,58.95],[-3.2,58.92],[-3.37,59.02],[-3.32,59.13],[-3.08,59.13],[-3.01,59.02],[-2.73,58.97]],[[-43.71,59.9],[-43.79,59.82],[-44.05,59.81],[-44.1,59.88],[-43.96,59.98],[-43.71,59.9]],[[-1.1,60.42],[-1.08,60.32],[-1.27,59.88],[-1.38,59.91],[-1.26,60.12],[-1.67,60.24],[-1.66,60.31],[-1.4,60.32],[-1.44,60.46],[-1.34,60.53],[-1.1,60.42]],[[-43.17,60.07],[-43.19,60],[-43.48,60.05],[-43.59,59.92],[-43.9,59.99],[-44.11,60.11],[-44.07,60.18],[-43.17,60.07]],[[-35.99,65.98],[-36.2,65.93],[-36.39,66.02],[-36.83,65.92],[-36.88,65.87],[-37.21,65.78],[-37.64,65.93],[-37.8,66.05],[-37.55,66.12],[-37.56,66.17],[-37.22,66.35],[-37.62,66.33],[-38.1,66.39],[-38.14,66.34],[-37.76,66.3],[-37.97,66.12],[-37.99,65.95],[-38.18,65.97],[-38.27,65.91],[-38.11,65.77],[-38.22,65.65],[-38.6,65.65],[-38.67,65.59],[-39.2,65.59],[-39.45,65.55],[-39.64,65.68],[-39.73,65.57],[-39.87,65.51],[-40.03,65.58],[-40.13,65.46],[-39.88,65.44],[-39.86,65.24],[-40.12,65.17],[-40.18,65.04],[-40.44,65.05],[-40.65,65.14],[-40.76,65.08],[-41.08,65.07],[-41.05,64.88],[-40.63,64.69],[-40.56,64.51],[-40.36,64.36],[-40.84,64.38],[-41.08,64.31],[-41.52,64.33],[-41.39,64.18],[-41.09,64.15],[-40.71,64.16],[-40.56,64.11],[-40.61,63.81],[-40.51,63.73],[-40.88,63.66],[-40.76,63.56],[-40.8,63.5],[-41.05,63.5],[-41.17,63.39],[-41.53,63.43],[-41.67,63.51],[-41.77,63.51],[-41.91,63.46],[-41.47,63.23],[-41.55,63.05],[-41.75,62.84],[-42.02,62.8],[-42.42,62.82],[-42.71,62.69],[-42.38,62.57],[-42.25,62.44],[-42.41,62.35],[-42.27,62.25],[-42.31,62.1],[-42.42,62.01],[-42.12,62.01],[-42.19,61.87],[-42.42,61.7],[-42.33,61.62],[-42.53,61.53],[-42.5,61.36],[-42.71,61.29],[-42.72,61.15],[-42.93,61.1],[-42.67,61.03],[-42.73,60.93],[-42.89,60.85],[-42.79,60.75],[-42.83,60.61],[-42.98,60.55],[-43.2,60.55],[-43.32,60.44],[-43.09,60.26],[-43.14,60.08],[-43.99,60.19],[-44.29,60.17],[-44.43,60.16],[-44.48,60.12],[-44.59,59.99],[-44.97,60.04],[-45.06,60.16],[-45.19,60.21],[-44.93,60.33],[-44.94,60.48],[-45.21,60.44],[-45.39,60.52],[-45.61,60.52],[-45.98,60.58],[-45.77,60.65],[-45.72,60.74],[-46,60.8],[-46.03,60.91],[-46.38,61.08],[-46.41,61.01],[-46.63,60.99],[-46.64,60.91],[-46.86,60.8],[-47.06,60.86],[-47.03,60.97],[-47.44,60.83],[-47.93,60.84],[-48.08,60.97],[-48.02,61.05],[-48.62,61.21],[-48.51,61.3],[-48.55,61.38],[-48.85,61.4],[-49.24,61.61],[-49.06,61.65],[-49.12,61.81],[-49.26,61.73],[-49.43,61.85],[-49.39,61.95],[-49.16,61.97],[-48.92,62.07],[-49.16,62.09],[-49.31,62],[-49.58,62.07],[-49.5,62.15],[-49.7,62.27],[-50.01,62.32],[-50.31,62.49],[-50.18,62.77],[-50.42,62.95],[-50.56,62.98],[-50.61,63.1],[-50.4,63.19],[-50.59,63.23],[-50.89,63.15],[-51.06,63.18],[-51.13,63.5],[-51.4,63.58],[-51.54,63.69],[-51.4,63.81],[-51.41,63.93],[-51.58,64.04],[-50.88,64.1],[-50.81,64.18],[-51.44,64.08],[-51.63,64.12],[-51.73,64.21],[-51.13,64.21],[-50.9,64.41],[-50.62,64.47],[-50.78,64.6],[-50.48,64.71],[-50.3,64.67],[-50.15,64.49],[-49.65,64.34],[-49.68,64.42],[-50.06,64.53],[-50.08,64.71],[-50.54,64.77],[-50.66,64.82],[-50.91,64.69],[-51.07,64.67],[-51.25,64.76],[-51.42,64.61],[-51.51,64.47],[-51.84,64.23],[-52.14,64.22],[-52.18,64.44],[-52.09,64.61],[-52.16,64.68],[-51.87,64.82],[-51.53,64.87],[-51.73,64.96],[-51.88,64.84],[-52.16,64.86],[-52.04,64.96],[-52.28,65.08],[-52.2,65.28],[-52.44,65.27],[-52.57,65.32],[-52.27,65.45],[-52.79,65.53],[-52.76,65.67],[-53.19,65.68],[-53.24,65.74],[-53.07,65.81],[-53.27,65.92],[-53.46,65.96],[-53.35,66.11],[-53.66,66.14],[-53.57,66.25],[-53.7,66.36],[-53.62,66.51],[-53.4,66.53],[-53.43,66.65],[-53.29,66.69],[-53.05,66.67],[-52.67,66.69],[-53.1,66.93],[-53.65,66.91],[-53.63,67],[-53.96,67.1],[-53.84,67.18],[-53.41,67.2],[-53.07,67.26],[-52.15,67.37],[-52.15,67.41],[-53.11,67.28],[-53.51,67.27],[-53.77,67.21],[-53.88,67.23],[-53.81,67.42],[-53.38,67.53],[-53.05,67.7],[-52.41,67.77],[-51.86,67.64],[-51.12,67.66],[-51.27,67.86],[-51.44,67.75],[-51.7,67.7],[-51.86,67.75],[-52.23,67.77],[-52.34,67.82],[-52.82,67.8],[-53.06,67.74],[-53.33,67.6],[-53.58,67.52],[-53.74,67.61],[-53.54,67.72],[-53.69,67.81],[-53.2,67.97],[-53.14,68.11],[-52.58,68.19],[-51.93,68.05],[-51.22,68.07],[-50.6,67.91],[-50.46,67.95],[-50.93,68.05],[-51.23,68.16],[-51.22,68.27],[-51.65,68.27],[-52.45,68.18],[-52.63,68.24],[-52.81,68.22],[-53.09,68.32],[-52.78,68.42],[-52.62,68.53],[-51.96,68.59],[-51.96,68.54],[-51.57,68.52],[-51.15,68.58],[-50.93,68.67],[-51.1,68.87],[-51.14,69.04],[-51.08,69.13],[-50.79,69.13],[-50.48,69.02],[-50.17,69.03],[-50.47,69.21],[-50.47,69.3],[-50.89,69.17],[-51.12,69.21],[-50.91,69.34],[-50.85,69.63],[-50.59,69.79],[-50.25,69.78],[-50.33,69.89],[-50.59,69.93],[-50.5,70.04],[-50.94,69.96],[-51.44,69.97],[-51.63,70.02],[-52.33,70.05],[-52.61,70.22],[-53.23,70.35],[-53.84,70.38],[-54.02,70.41],[-54.59,70.68],[-54.33,70.8],[-53.98,70.83],[-53.43,70.75],[-52.79,70.76],[-52.45,70.7],[-51.84,70.51],[-51.55,70.43],[-50.66,70.33],[-50.77,70.42],[-50.99,70.42],[-51.35,70.57],[-50.88,70.66],[-51.4,70.7],[-51.19,70.89],[-51.46,70.91],[-51.91,71.02],[-51.83,71.07],[-51.21,70.96],[-51.2,71.02],[-51.84,71.14],[-52.24,71.13],[-51.54,71.31],[-51.75,71.36],[-52.05,71.25],[-52.26,71.37],[-52.99,71.42],[-52.7,71.53],[-52.26,71.58],[-52.66,71.68],[-53.27,71.71],[-52.85,71.87],[-53.68,71.74],[-53.74,71.65],[-54.09,71.64],[-53.85,71.55],[-53.95,71.44],[-54.63,71.35],[-54.98,71.44],[-55.29,71.38],[-55.51,71.45],[-55.66,71.6],[-55.58,71.65],[-55.85,71.72],[-55.37,71.83],[-55.27,71.93],[-55.55,72.04],[-54.88,72.25],[-54.88,72.37],[-55.22,72.36],[-55.65,72.45],[-55.51,72.52],[-54.97,72.52],[-54.77,72.67],[-54.65,72.84],[-54.98,73],[-55.47,73.07],[-55.46,73.26],[-55.27,73.39],[-55.5,73.47],[-55.84,73.68],[-55.95,73.86],[-56.33,74.04],[-56.2,74.12],[-56.26,74.24],[-56.6,74.24],[-56.5,74.37],[-56.61,74.45],[-56.24,74.5],[-56.88,74.71],[-56.85,74.81],[-57.08,74.92],[-57.29,74.91],[-58.13,75.11],[-58.24,75.21],[-58.66,75.38],[-58.17,75.5],[-58.56,75.65],[-59.04,75.7],[-59.27,75.88],[-59.68,75.9],[-59.71,75.96],[-60.12,76.03],[-60.83,76.03],[-60.87,76.16],[-61.85,76.2],[-62.4,76.24],[-63.17,76.36],[-63.48,76.38],[-63.72,76.18],[-64.03,76.14],[-64.38,76.26],[-65.07,76.14],[-65.36,76.14],[-65.35,76.03],[-65.89,76.1],[-65.74,76.28],[-66.22,76.23],[-66.41,76.09],[-67.05,76.27],[-67.31,76.16],[-67.03,76.06],[-66.49,75.95],[-68.43,76.08],[-69.1,76.28],[-69.64,76.38],[-69.58,76.44],[-68.9,76.52],[-68.73,76.59],[-68.03,76.58],[-67.99,76.68],[-68.91,76.66],[-69.92,76.75],[-70.1,76.8],[-70.66,76.8],[-71.35,76.99],[-71.34,77.07],[-70.9,77.19],[-69.06,77.26],[-68.37,77.38],[-67.44,77.38],[-66.77,77.36],[-66.66,77.42],[-66.2,77.42],[-66.05,77.49],[-66.28,77.62],[-66.61,77.67],[-67.14,77.67],[-67.25,77.57],[-67.59,77.52],[-68.64,77.51],[-69.22,77.45],[-70.26,77.56],[-70.07,77.67],[-70.68,77.68],[-70.07,77.86],[-70.38,77.86],[-70.68,77.78],[-71.31,77.77],[-71.91,77.89],[-72.78,78.11],[-72.9,78.17],[-72.68,78.25],[-72.85,78.32],[-72.64,78.39],[-72.59,78.52],[-71.94,78.56],[-71.55,78.64],[-70.81,78.62],[-70.75,78.7],[-69.44,78.81],[-68.97,78.9],[-69.03,78.98],[-68.04,79.08],[-66.68,79.14],[-66.12,79.1],[-65.15,79.38],[-64.86,79.51],[-65.01,79.66],[-64.94,79.78],[-65.13,79.85],[-64.93,80.07],[-65.31,80.1],[-65.86,80.01],[-66.17,80.07],[-67.05,80.06],[-67.46,80.18],[-67.46,80.34],[-66.79,80.46],[-66.76,80.55],[-66.14,80.61],[-66.05,80.67],[-65.12,80.78],[-64.75,81],[-63.93,81.06],[-63.83,81.11],[-62.98,81.23],[-62.2,81.2],[-61.5,81.11],[-60.94,81.18],[-61.3,81.37],[-60.79,81.51],[-61.45,81.75],[-61.28,81.82],[-60.07,81.95],[-58.84,81.86],[-58.68,81.68],[-58.14,81.67],[-58.49,81.88],[-59.47,82],[-58.61,82.11],[-57.03,82.19],[-54.44,82.37],[-54.09,82.32],[-53.56,82.12],[-53.51,81.91],[-53.77,81.75],[-53.79,81.56],[-52.93,81.87],[-53.02,82.01],[-50.89,81.88],[-49.83,81.87],[-49.46,81.95],[-50.58,82.15],[-51.11,82.51],[-49.01,82.45],[-48.74,82.36],[-47.23,82.17],[-46.01,82.04],[-45.93,81.95],[-45.16,81.79],[-44.3,81.81],[-44.52,81.94],[-44.88,81.98],[-44.4,82.11],[-44.78,82.18],[-44.7,82.26],[-43.84,82.34],[-43.73,82.41],[-44.43,82.5],[-44.59,82.56],[-45.66,82.73],[-44.96,82.77],[-41.82,82.75],[-41.26,82.71],[-40.63,82.58],[-39.96,82.54],[-39.95,82.69],[-40.98,82.77],[-46.56,82.89],[-46.85,82.98],[-46.43,83.06],[-45.15,83.16],[-43.04,83.21],[-42.67,83.28],[-41.74,83.19],[-40.69,82.99],[-39.44,82.96],[-38.78,83.07],[-37.63,83.15],[-38.86,83.26],[-38.69,83.43],[-38.06,83.43],[-37.59,83.51],[-36.74,83.54],[-35.24,83.54],[-32.49,83.63],[-31.63,83.59],[-30.65,83.6],[-25.65,83.3],[-26.08,83.21],[-30.74,83.14],[-32.16,83.06],[-31.55,82.99],[-30.1,83.13],[-27.38,83.06],[-26.55,83.08],[-25.22,83.17],[-24.84,83.11],[-24.75,83],[-25.09,82.91],[-24.06,82.9],[-23.66,82.84],[-22.57,82.8],[-21.32,82.61],[-21.4,82.56],[-22.31,82.43],[-22.44,82.34],[-23.89,82.28],[-27.86,82.19],[-29.85,82.14],[-29.94,82.09],[-31.77,81.96],[-32.78,81.84],[-32.72,81.69],[-32.11,81.74],[-31.68,81.83],[-30.8,81.87],[-29.04,82],[-27.76,82.06],[-24.62,81.99],[-24.71,81.78],[-26.31,81.62],[-26.39,81.43],[-25.62,81.56],[-24.53,81.65],[-23.31,81.79],[-23.2,82.02],[-21.39,82.08],[-21.12,81.98],[-21.03,81.77],[-21.26,81.52],[-22.27,81.15],[-22.56,81.12],[-23.5,80.75],[-22.93,80.81],[-22.97,80.88],[-21.96,81.02],[-21.36,81.2],[-20.95,81.24],[-20.69,81.36],[-19.39,81.64],[-19.25,81.55],[-19.46,81.37],[-18.66,81.5],[-17.15,81.41],[-16.45,81.64],[-16.49,81.75],[-15.21,81.81],[-13.92,81.81],[-13.06,81.72],[-12.03,81.64],[-11.68,81.5],[-11.64,81.39],[-12.17,81.33],[-12.54,81.19],[-13.68,81],[-14.55,80.99],[-14.2,80.91],[-14.29,80.78],[-15.32,80.71],[-15.42,80.65],[-16.25,80.64],[-17.06,80.66],[-18.59,80.57],[-19.47,80.67],[-20.41,80.54],[-20.22,80.5],[-19.49,80.63],[-18.06,80.49],[-17.31,80.51],[-16.9,80.58],[-16.45,80.48],[-15.79,80.4],[-16.45,80.22],[-17.87,80.16],[-19.47,80.26],[-19.97,80.08],[-20.42,79.84],[-20.11,79.82],[-19.98,79.7],[-19.49,79.77],[-19.21,79.71],[-19.57,79.39],[-19.41,79.29],[-18.94,79.26],[-18.96,79.15],[-19.55,79.11],[-19.91,79.02],[-19.78,78.93],[-19.93,78.83],[-20.65,78.83],[-20.98,78.77],[-20.89,78.56],[-21.05,78.5],[-21.3,78.27],[-21.32,78.08],[-21.63,78],[-21.55,77.91],[-21.78,77.85],[-21.97,77.68],[-21.33,77.68],[-21.37,77.78],[-20.96,77.97],[-20.76,77.97],[-19.96,77.79],[-19.36,77.73],[-18.98,77.62],[-19.41,77.54],[-20.02,77.69],[-20.77,77.62],[-20.34,77.55],[-20.54,77.48],[-20.23,77.37],[-19.73,77.34],[-19.38,77.22],[-19.08,77.32],[-18.62,77.29],[-18.32,77.21],[-18.27,76.92],[-18.5,76.75],[-19.06,76.84],[-19.39,76.83],[-19.9,76.93],[-20.51,76.95],[-21.04,76.79],[-21.31,76.79],[-21.5,76.7],[-21.82,76.7],[-21.95,76.77],[-22.74,76.7],[-21.94,76.62],[-21.67,76.53],[-21.57,76.38],[-21.7,76.26],[-20.89,76.31],[-20.49,76.22],[-19.94,76.26],[-19.67,76.13],[-20.27,75.99],[-19.75,75.89],[-19.48,75.74],[-19.59,75.67],[-19.38,75.54],[-19.34,75.4],[-19.43,75.23],[-19.59,75.14],[-19.88,75.15],[-20.17,75.34],[-20.67,75.29],[-20.56,75.2],[-20.69,75.13],[-20.69,74.89],[-20.76,74.83],[-20.52,74.68],[-20.07,74.66],[-19.72,74.59],[-19.45,74.68],[-19.27,74.65],[-19.27,74.52],[-18.97,74.48],[-19.37,74.27],[-19.63,74.24],[-20.2,74.28],[-20.36,74.45],[-21.26,74.47],[-21.77,74.44],[-22.05,74.32],[-22.24,74.18],[-22.23,74.1],[-21.99,74],[-21.59,74.06],[-20.69,73.89],[-20.37,73.9],[-20.29,73.8],[-20.48,73.76],[-20.54,73.45],[-21.28,73.46],[-22.31,73.25],[-23.11,73.35],[-23.99,73.6],[-24.06,73.82],[-24.41,73.73],[-24.38,73.56],[-24.72,73.49],[-25.29,73.47],[-25.45,73.35],[-25.7,73.27],[-26.15,73.24],[-25.72,73.14],[-25.05,73.08],[-24.98,73.03],[-25.32,72.89],[-25.7,72.9],[-25.99,72.8],[-25.88,72.74],[-25.52,72.84],[-24.85,72.72],[-24.69,72.55],[-24.85,72.43],[-24.52,72.42],[-24.34,72.33],[-23.76,72.24],[-23.58,72.15],[-23.11,72.07],[-23.01,72.01],[-22.5,71.9],[-23.06,71.71],[-23.01,71.64],[-22.31,71.7],[-22.53,71.46],[-22.48,71.26],[-22.36,71.27],[-22.29,71.43],[-21.94,71.49],[-21.67,71.4],[-21.73,71.33],[-21.66,71.19],[-21.78,71.09],[-21.57,70.96],[-21.76,70.87],[-21.62,70.74],[-21.73,70.58],[-21.48,70.54],[-21.69,70.43],[-22.02,70.5],[-22.66,70.44],[-23.35,70.44],[-23.93,70.61],[-24.18,70.8],[-24.26,71.08],[-24.67,71.27],[-25.12,71.31],[-25.58,71.52],[-26.08,71.59],[-26.79,71.55],[-27.16,71.67],[-27.22,71.75],[-27.88,71.98],[-28.36,72.01],[-28.46,71.94],[-27.97,71.87],[-27.33,71.72],[-27.38,71.66],[-27.03,71.53],[-26.69,71.48],[-26.45,71.51],[-25.73,71.47],[-25.41,71.35],[-25.6,71.17],[-26.43,70.97],[-26.83,70.94],[-27.51,70.94],[-27.79,71.02],[-28.18,70.97],[-27.92,70.88],[-28.01,70.74],[-28.31,70.56],[-29.17,70.47],[-29.11,70.39],[-28.79,70.47],[-28.28,70.51],[-28.23,70.37],[-26.74,70.48],[-26.53,70.47],[-26.32,70.38],[-26.7,70.29],[-26.97,70.33],[-27.3,70.25],[-27.44,70.18],[-27.9,70.09],[-27.59,70.06],[-27.47,69.96],[-27.28,69.99],[-27.19,70.17],[-26.85,70.26],[-26.33,70.2],[-25.91,70.31],[-25.31,70.41],[-24.48,70.25],[-23.56,70.11],[-22.37,70.12],[-22.08,70.13],[-22.38,69.97],[-22.58,69.94],[-22.88,69.96],[-23.25,69.85],[-23.11,69.77],[-23.7,69.72],[-23.62,69.62],[-23.81,69.51],[-24.1,69.53],[-24.62,69.28],[-25.02,69.23],[-25.04,69.13],[-25.67,68.87],[-25.94,68.79],[-26.24,68.79],[-26.42,68.66],[-27.18,68.61],[-27.31,68.54],[-27.91,68.51],[-28.09,68.44],[-29.01,68.35],[-29.19,68.26],[-29.51,68.22],[-29.99,68.38],[-30.15,68.24],[-30.01,68.13],[-30.37,68.11],[-30.91,68.05],[-31.41,68.12],[-31.69,68.1],[-31.74,68.2],[-31.99,68.26],[-32,68.09],[-32.13,68.05],[-32.1,67.91],[-32.27,67.86],[-32.52,67.87],[-32.7,67.76],[-32.93,67.69],[-33.19,67.56],[-33.36,67.53],[-33.28,67.42],[-33.42,67.34],[-33.37,67.25],[-33.52,67.2],[-33.75,66.99],[-33.95,66.93],[-34.09,66.72],[-34.26,66.58],[-34.54,66.5],[-34.64,66.38],[-34.97,66.29],[-35.22,66.37],[-35.22,66.24],[-35.45,66.3],[-35.66,66.28],[-35.59,66.11],[-35.81,66.08],[-35.99,65.98]],[[-14.56,66.38],[-14.96,66.3],[-14.96,66.19],[-15.18,66.11],[-15.08,66.05],[-14.68,66.06],[-14.6,65.96],[-14.82,65.82],[-14.69,65.75],[-14.4,65.73],[-13.82,65.54],[-13.61,65.51],[-13.69,65.31],[-13.52,65.17],[-13.53,65.06],[-13.87,64.79],[-14.05,64.72],[-14.49,64.66],[-14.51,64.44],[-14.71,64.41],[-15,64.26],[-15.36,64.34],[-15.46,64.25],[-15.99,64.14],[-16.35,63.97],[-16.61,63.87],[-16.9,63.81],[-17.86,63.74],[-17.82,63.67],[-17.96,63.52],[-18.13,63.48],[-18.73,63.4],[-19.29,63.44],[-19.77,63.53],[-20.19,63.54],[-20.44,63.67],[-21.17,63.88],[-21.66,63.83],[-21.79,63.87],[-22.07,63.84],[-22.34,63.86],[-22.72,63.83],[-22.69,63.95],[-22.2,64.02],[-21.96,64.08],[-21.82,64.24],[-21.96,64.3],[-22.09,64.47],[-22.2,64.47],[-22.39,64.64],[-22.32,64.75],[-22.53,64.81],[-22.78,64.79],[-23.25,64.83],[-23.83,64.73],[-23.95,64.76],[-24.06,64.89],[-23.85,64.93],[-23.64,64.9],[-23.51,64.95],[-23.22,64.95],[-23.21,65.02],[-22.67,65.01],[-22.38,65.06],[-22.16,65.03],[-21.83,65.04],[-21.74,65.16],[-22.03,65.11],[-22.56,65.17],[-22.49,65.23],[-22.2,65.32],[-21.9,65.45],[-22,65.5],[-22.2,65.43],[-22.59,65.54],[-22.79,65.51],[-22.93,65.57],[-23.25,65.49],[-23.37,65.5],[-23.9,65.4],[-23.97,65.46],[-24.2,65.5],[-24.48,65.49],[-24.28,65.64],[-24.09,65.65],[-24.05,65.8],[-23.63,65.71],[-23.87,65.88],[-23.79,66.07],[-23.46,66.2],[-23.03,66.11],[-22.86,66.03],[-22.45,66.08],[-22.87,66.16],[-23.1,66.32],[-22.85,66.47],[-22.38,66.43],[-22.21,66.29],[-21.98,66.27],[-21.75,66.19],[-21.72,66.08],[-21.32,65.99],[-21.28,65.86],[-21.42,65.76],[-21.44,65.64],[-21.3,65.56],[-21.37,65.49],[-21.2,65.41],[-20.92,65.6],[-20.67,65.69],[-20.58,65.54],[-20.33,65.63],[-20.26,65.74],[-20.45,66.03],[-20.18,66.13],[-20.03,66.08],[-19.88,65.91],[-19.71,65.87],[-19.65,65.76],[-19.42,65.75],[-19.41,65.86],[-19.5,65.98],[-19.36,66.09],[-19.16,66.1],[-18.94,66.19],[-18.69,66.17],[-18.54,66.08],[-18.54,65.97],[-18.23,65.94],[-18.33,66.1],[-18.3,66.18],[-17.91,66.15],[-17.67,66.01],[-17.42,65.99],[-17.22,66.19],[-16.99,66.2],[-16.92,66.12],[-16.49,66.19],[-16.42,66.29],[-16.52,66.37],[-16.54,66.51],[-16.02,66.54],[-15.92,66.42],[-15.71,66.4],[-15.78,66.29],[-15.42,66.17],[-15.3,66.27],[-15.11,66.28],[-14.84,66.39],[-14.56,66.38]],[[-40.67,64.22],[-40.93,64.21],[-40.95,64.3],[-40.69,64.29],[-40.67,64.22]],[[-40.14,64.49],[-40.41,64.47],[-40.5,64.5],[-40.58,64.69],[-40.87,64.9],[-40.72,64.93],[-40.5,64.83],[-40.51,64.7],[-40.14,64.49]],[[-37.45,65.79],[-37.47,65.71],[-37.31,65.68],[-37.74,65.57],[-37.95,65.62],[-37.95,65.8],[-37.64,65.91],[-37.45,65.79]],[[-41.15,63.28],[-41.16,63.22],[-41.44,63.24],[-41.86,63.47],[-41.7,63.5],[-41.58,63.43],[-41.15,63.28]],[[-42.04,62.77],[-42.02,62.71],[-42.39,62.69],[-42.36,62.81],[-42.04,62.77]],[[-7.06,62.29],[-6.94,62.34],[-6.61,62.2],[-6.69,62.07],[-6.86,62.16],[-6.96,62.19],[-7.06,62.29]],[[-7.22,62.17],[-7,62.18],[-6.86,62.15],[-6.72,62.03],[-6.86,61.99],[-7.03,62.12],[-7.22,62.17]],[[-7.38,62.09],[-7.29,62.16],[-7.04,62.09],[-7.18,62.03],[-7.38,62.09]],[[-6.65,61.4],[-6.83,61.47],[-6.92,61.57],[-6.74,61.58],[-6.65,61.4]],[[-44.35,59.98],[-44.49,60.01],[-44.42,60.15],[-44.25,60.11],[-44.2,60.05],[-44.35,59.98]],[[-44.01,59.99],[-44.28,59.88],[-44.37,59.92],[-44.2,60.03],[-44.01,59.99]],[[-45.15,60.38],[-45.18,60.27],[-45.4,60.19],[-45.36,60.37],[-45.15,60.38]],[[-64.48,60.33],[-64.75,60.37],[-64.86,60.47],[-64.64,60.49],[-64.44,60.37],[-64.48,60.33]],[[-67.88,60.5],[-67.85,60.42],[-67.96,60.33],[-68.32,60.2],[-68.44,60.26],[-68.24,60.59],[-68,60.59],[-67.88,60.5]],[[-47.72,60.76],[-47.9,60.68],[-48.04,60.7],[-48.24,60.8],[-47.93,60.84],[-47.72,60.76]],[[-46.55,60.8],[-46.69,60.83],[-46.2,60.95],[-46.18,60.9],[-46.55,60.8]],[[-64.84,61.35],[-64.98,61.38],[-65.49,61.6],[-65.43,61.66],[-65.05,61.7],[-64.72,61.66],[-64.7,61.46],[-64.84,61.35]],[[-65.24,61.92],[-64.96,61.88],[-64.83,61.76],[-64.9,61.73],[-65.15,61.78],[-65.24,61.92]],[[-72.95,66.73],[-73.01,66.78],[-72.8,67.04],[-72.35,67.12],[-72.19,67.28],[-72.37,67.33],[-72.44,67.53],[-72.67,67.7],[-72.62,67.8],[-72.86,67.86],[-72.99,68.17],[-73.2,68.28],[-73.73,68.31],[-73.95,68.41],[-73.76,68.51],[-73.72,68.62],[-73.89,68.71],[-74.1,68.69],[-73.89,68.55],[-74.37,68.54],[-74.54,68.67],[-74.88,68.83],[-74.7,68.94],[-75.2,68.9],[-75.5,68.93],[-75.93,68.82],[-76.33,68.7],[-76.62,68.68],[-76.67,68.77],[-76.53,68.88],[-76.64,69.02],[-76.42,69.06],[-75.99,69.01],[-75.57,69.16],[-75.69,69.29],[-76.22,69.42],[-76.39,69.41],[-76.63,69.55],[-77.04,69.61],[-76.87,69.69],[-76.87,69.82],[-77.15,69.82],[-77.49,69.86],[-77.68,69.82],[-77.68,70.18],[-77.89,70.26],[-78.15,70.2],[-78.39,70.22],[-78.66,70.35],[-78.74,70.46],[-79.16,70.5],[-79.57,70.39],[-79.13,70.31],[-78.97,70.33],[-78.77,70.19],[-78.67,70.01],[-78.7,69.93],[-78.89,69.89],[-79.43,69.88],[-79.68,69.85],[-79.84,69.95],[-80.55,70.05],[-81.01,70.06],[-81.07,70.1],[-81.57,70.11],[-81.4,70.01],[-81.19,70],[-80.78,69.76],[-80.95,69.74],[-81.6,69.98],[-81.88,69.97],[-81.86,69.86],[-82.13,69.82],[-82.44,69.84],[-83.05,70.01],[-83.67,69.95],[-84.08,69.99],[-84.69,70.01],[-84.95,70.07],[-85.37,70.11],[-85.35,70.03],[-85.78,70],[-86.27,70.11],[-86.55,70.24],[-86.64,70.33],[-86.86,70.33],[-87.03,70.47],[-87.43,70.32],[-87.85,70.24],[-88.14,70.4],[-88.69,70.47],[-88.91,70.54],[-89.08,70.7],[-89.3,70.78],[-89.45,70.91],[-89.13,71.03],[-88.64,71.05],[-88.32,70.96],[-87.89,70.94],[-87.36,70.95],[-87.23,71.01],[-88.07,71.21],[-88.62,71.24],[-89.81,71.33],[-89.96,71.42],[-89.98,71.66],[-89.8,71.76],[-90.1,71.92],[-89.99,72.07],[-89.76,72.13],[-89.96,72.26],[-89.83,72.4],[-89.75,72.61],[-89.32,72.88],[-89.31,73.05],[-89.05,73.25],[-88.41,73.53],[-87.76,73.72],[-86.71,73.85],[-86.02,73.85],[-85.11,73.81],[-84.88,73.75],[-84.95,73.67],[-85.58,73.51],[-86.03,73.3],[-86.28,73.09],[-86.7,72.82],[-86.68,72.65],[-86.33,72.5],[-86.25,72.39],[-86.46,72.2],[-86.41,72.01],[-86.13,71.79],[-85.5,71.51],[-84.96,71.43],[-84.86,71.28],[-85.2,71.27],[-85.54,71.18],[-84.86,71.16],[-84.7,71.43],[-84.53,71.47],[-84.71,71.68],[-84.89,71.63],[-85.26,71.67],[-85.44,71.81],[-85.75,71.95],[-85.57,72.06],[-85.5,72.21],[-85.04,72.25],[-84.78,72.36],[-85.34,72.41],[-85.51,72.46],[-85.7,72.63],[-85.65,72.87],[-85.46,73.11],[-85.03,73.14],[-85.19,73.23],[-85.11,73.32],[-84.84,73.39],[-84.01,73.5],[-83.64,73.6],[-82.83,73.74],[-82.05,73.74],[-81.53,73.72],[-81.23,73.54],[-81.22,73.32],[-81.13,73.25],[-80.64,73.17],[-80.55,73.09],[-80.64,72.93],[-80.27,72.73],[-80.56,72.63],[-80.51,72.38],[-80.83,72.26],[-80.76,71.98],[-80.4,72.05],[-80.48,72.18],[-80.05,72.4],[-79.75,72.4],[-79.55,72.29],[-79.28,72.39],[-78.94,72.2],[-78.57,72.36],[-78.54,72.51],[-78.37,72.59],[-77.98,72.7],[-77.6,72.76],[-76.89,72.74],[-76.65,72.64],[-75.74,72.58],[-75.2,72.5],[-74.94,72.26],[-75.06,72.13],[-74.24,72.08],[-74.12,71.97],[-74.26,71.82],[-74.55,71.8],[-74.74,71.73],[-74.63,71.66],[-74.28,71.73],[-73.91,71.78],[-73.6,71.76],[-73.69,71.59],[-73.56,71.56],[-73.25,71.33],[-72.97,71.29],[-72.99,71.41],[-72.76,71.44],[-72.83,71.5],[-72.64,71.55],[-72.47,71.65],[-71.58,71.52],[-71.12,71.27],[-71.45,71.07],[-71.86,71.11],[-72.05,71.08],[-72.36,70.88],[-72.16,70.83],[-72.34,70.76],[-71.95,70.79],[-71.59,70.87],[-71.32,70.89],[-71.15,71.04],[-70.79,71.11],[-70.64,71.08],[-70.52,70.94],[-70.71,70.84],[-70.62,70.73],[-69.91,70.88],[-69.59,70.77],[-69.2,70.78],[-69.1,70.72],[-68.36,70.58],[-68.3,70.5],[-68.46,70.37],[-68.72,70.32],[-69.47,70.25],[-69.21,70.19],[-68.71,70.21],[-68.64,70.15],[-68.93,69.96],[-68.66,69.94],[-68.55,70.06],[-68.34,70.07],[-68.32,70.22],[-68.16,70.32],[-67.81,70.26],[-67.55,70.15],[-67.25,69.96],[-67.12,69.73],[-67.35,69.72],[-67.75,69.78],[-68.01,69.78],[-68.35,69.63],[-68.59,69.59],[-68.01,69.46],[-67.79,69.48],[-67.23,69.46],[-66.79,69.34],[-66.67,69.18],[-67.36,69.19],[-67.68,69.18],[-68.08,69.22],[-68.12,69.13],[-67.74,69.04],[-68.04,68.97],[-68.13,68.84],[-68.4,68.85],[-68.55,68.75],[-68.12,68.69],[-68.36,68.63],[-67.93,68.53],[-67.66,68.56],[-67.06,68.47],[-66.77,68.24],[-66.82,68.1],[-66.54,68.15],[-66.31,68.13],[-66.21,68.01],[-65.81,67.87],[-65.76,67.97],[-65.45,67.99],[-65.18,67.97],[-64.96,68.05],[-64.72,67.99],[-65.05,67.85],[-64.82,67.78],[-64.61,67.83],[-64.29,67.73],[-64.23,67.61],[-63.94,67.36],[-64.02,67.31],[-64.36,67.3],[-64.3,67.24],[-64.01,67.28],[-63.89,67.24],[-63.41,67.22],[-63.16,67.34],[-62.98,67.22],[-63.25,67.13],[-63.23,67.04],[-63.35,66.89],[-62.91,66.97],[-62.28,66.95],[-62.3,67.02],[-62,67.04],[-61.61,66.87],[-61.3,66.68],[-61.27,66.6],[-61.58,66.55],[-61.49,66.37],[-61.93,66.29],[-62.22,66.4],[-62.54,66.23],[-62.17,66.12],[-61.95,66.02],[-62.43,65.98],[-62.31,65.83],[-62.51,65.79],[-62.59,65.66],[-62.79,65.6],[-62.9,65.65],[-63.16,65.65],[-63.37,65.54],[-63.5,65.37],[-63.41,65.03],[-63.66,64.92],[-63.89,65.09],[-64.18,65.18],[-64.46,65.21],[-64.54,65.11],[-64.73,65.16],[-64.69,65.24],[-64.9,65.28],[-64.87,65.43],[-65.07,65.39],[-65.11,65.5],[-65.29,65.56],[-65.5,65.77],[-65.35,65.91],[-64.91,66.01],[-64.96,66.08],[-65.39,65.98],[-65.9,65.95],[-65.96,66.11],[-66.15,66.14],[-66.47,66.34],[-66.73,66.37],[-66.85,66.59],[-66.96,66.54],[-67.38,66.55],[-67.14,66.44],[-67.3,66.28],[-67.57,66.42],[-67.85,66.41],[-67.75,66.25],[-67.29,66.11],[-67.3,66],[-67.17,65.93],[-67.81,65.88],[-68.03,65.99],[-68.14,65.93],[-68.1,65.8],[-67.92,65.76],[-67.93,65.62],[-67.45,65.68],[-67.27,65.65],[-67.43,65.5],[-67.06,65.45],[-67.17,65.27],[-66.94,65.22],[-66.97,65.09],[-66.81,65.06],[-66.65,64.97],[-66.21,64.9],[-66.01,64.75],[-65.9,64.73],[-65.82,64.88],[-65.58,64.76],[-65.59,64.65],[-65.73,64.52],[-65.08,64.48],[-65.27,64.3],[-65.31,64.19],[-65.08,64.08],[-65.19,64.02],[-64.66,64.03],[-64.65,63.98],[-64.9,63.9],[-64.93,63.78],[-64.68,63.74],[-64.5,63.64],[-64.56,63.56],[-64.48,63.29],[-64.63,63.24],[-64.77,63.33],[-64.93,63.57],[-65.1,63.55],[-64.91,63.29],[-65.03,63.25],[-64.82,63.14],[-64.76,63.06],[-64.89,62.87],[-65.1,62.96],[-65.2,62.9],[-64.96,62.66],[-65.17,62.57],[-65.35,62.71],[-65.27,62.79],[-65.6,62.83],[-65.67,62.91],[-65.89,62.93],[-66.05,63],[-66.19,62.95],[-66.42,63.01],[-66.52,63.08],[-66.7,63.04],[-66.81,63.17],[-67,63.23],[-67.01,63.29],[-67.24,63.32],[-67.5,63.44],[-67.69,63.63],[-67.87,63.46],[-68.12,63.6],[-68.4,63.66],[-68.5,63.74],[-68.93,63.76],[-68.76,63.55],[-68.4,63.38],[-68.15,63.16],[-67.8,63.09],[-67.63,63.1],[-67.53,63],[-67.2,62.88],[-66.98,62.7],[-66.55,62.56],[-66.3,62.35],[-65.93,62.2],[-66.13,62.09],[-65.95,61.9],[-66.27,61.86],[-66.56,61.91],[-66.77,62.02],[-67.22,62.1],[-67.4,62.15],[-67.67,62.16],[-67.98,62.21],[-68.55,62.25],[-68.96,62.39],[-69.03,62.38],[-69.45,62.55],[-69.59,62.66],[-69.5,62.75],[-69.63,62.79],[-70.07,62.75],[-70.24,62.75],[-70.49,62.87],[-70.83,62.9],[-71.01,63],[-71.03,63.08],[-71.37,63.05],[-71.69,63.17],[-71.77,63.28],[-71.69,63.42],[-71.28,63.57],[-71.58,63.59],[-71.57,63.69],[-71.83,63.78],[-71.93,63.69],[-72.32,63.68],[-72.32,63.78],[-72.6,63.87],[-72.88,64.09],[-72.91,64.17],[-73.08,64.2],[-73.13,64.29],[-73.39,64.28],[-73.48,64.41],[-73.4,64.49],[-73.45,64.59],[-73.89,64.55],[-74,64.33],[-74.11,64.34],[-74,64.58],[-74.08,64.64],[-74.55,64.63],[-74.65,64.53],[-74.54,64.43],[-74.71,64.38],[-74.93,64.43],[-75.24,64.46],[-75.36,64.51],[-75.71,64.58],[-75.75,64.46],[-75.86,64.38],[-76.36,64.35],[-76.32,64.28],[-76.73,64.3],[-76.69,64.19],[-77.13,64.3],[-77.38,64.32],[-77.66,64.38],[-77.76,64.34],[-78.18,64.59],[-78.19,64.75],[-78.07,64.82],[-78.14,64.96],[-77.96,65.05],[-77.63,65.15],[-77.31,65.2],[-77.51,65.33],[-77.44,65.46],[-77.24,65.47],[-77.09,65.42],[-76.68,65.41],[-75.76,65.21],[-75.74,65.16],[-75.45,65.08],[-75.41,64.98],[-75.6,64.87],[-75.37,64.84],[-75.41,65.06],[-75.56,65.17],[-75.8,65.25],[-75.72,65.31],[-75.22,65.25],[-74.87,65.4],[-74.5,65.34],[-74.18,65.53],[-73.88,65.54],[-73.67,65.46],[-73.5,65.49],[-73.68,65.67],[-73.72,65.77],[-74.01,65.86],[-74.42,66.08],[-74.47,66.15],[-74.35,66.23],[-74.08,66.3],[-73.46,66.55],[-73.33,66.66],[-72.95,66.73]],[[-75.03,68.17],[-75.01,68.11],[-75.16,67.95],[-75.04,67.82],[-75.07,67.55],[-75.39,67.36],[-75.51,67.36],[-75.89,67.26],[-76.24,67.27],[-76.63,67.23],[-76.98,67.24],[-77.18,67.43],[-77.32,67.71],[-77.21,67.87],[-76.88,68.15],[-76.69,68.26],[-76.3,68.33],[-76.08,68.3],[-75.91,68.34],[-75.14,68.24],[-75.03,68.17]],[[-73.36,67.84],[-73.41,67.78],[-74.4,67.78],[-74.64,67.86],[-74.78,67.99],[-74.76,68.06],[-74.28,68.08],[-73.41,67.97],[-73.36,67.84]],[[-78.91,68.32],[-78.81,68.28],[-79.04,68.17],[-79.18,68.22],[-79.15,68.35],[-78.91,68.32]],[[-74.84,68.42],[-74.88,68.34],[-75.38,68.5],[-75.39,68.63],[-75.26,68.72],[-74.99,68.67],[-74.77,68.49],[-74.84,68.42]],[[-79.08,68.88],[-79.21,68.83],[-79.42,68.93],[-79.2,69.08],[-78.86,69.15],[-78.73,69.33],[-78.31,69.39],[-78.21,69.3],[-78.46,69.23],[-78.55,69.1],[-78.83,68.92],[-79.08,68.88]],[[-76.69,69.41],[-76.68,69.31],[-76.99,69.15],[-77.26,69.15],[-77.39,69.27],[-77.36,69.39],[-77.11,69.45],[-76.69,69.41]],[[-78.39,69.65],[-78.14,69.75],[-77.94,69.65],[-78.09,69.58],[-78.52,69.48],[-78.69,69.56],[-78.39,69.65]],[[-79.97,69.63],[-79.94,69.54],[-80.22,69.53],[-80.21,69.62],[-80.8,69.7],[-80.5,69.79],[-79.97,69.73],[-79.67,69.82],[-79.41,69.78],[-79.35,69.69],[-79.61,69.62],[-79.97,69.63]],[[-87.08,69.99],[-87.28,70.04],[-87.32,70.12],[-86.8,70.09],[-86.65,70.12],[-86.5,69.99],[-87.08,69.99]],[[-56.13,73.83],[-56.62,73.82],[-56.59,73.91],[-56.13,73.83]],[[-80.9,73.61],[-80.81,73.72],[-80.56,73.77],[-80.13,73.7],[-79.95,73.71],[-79.45,73.64],[-78.97,73.64],[-78.14,73.67],[-77.21,73.51],[-77.04,73.36],[-76.76,73.32],[-76.52,73.13],[-76.27,73.1],[-76.33,72.97],[-76.12,72.94],[-76.13,72.85],[-76.32,72.82],[-77.32,72.86],[-77.42,72.88],[-78.17,72.9],[-78.64,72.85],[-79.18,72.75],[-79.57,72.76],[-79.95,72.85],[-80.18,73.05],[-80.16,73.23],[-80.8,73.29],[-80.88,73.45],[-80.78,73.5],[-80.9,73.61]],[[-55.74,72.61],[-55.61,72.76],[-55.2,72.85],[-55.09,72.74],[-55.53,72.56],[-55.74,72.61]],[[-55.05,72.32],[-55.34,72.18],[-55.64,72.23],[-55.2,72.34],[-55.05,72.32]],[[-72.74,71.66],[-72.77,71.53],[-73.04,71.59],[-72.74,71.66]],[[-72.95,71.52],[-72.82,71.45],[-73.27,71.36],[-73.35,71.53],[-73.17,71.57],[-72.95,71.52]],[[-52.48,71.26],[-52.66,71.17],[-52.96,71.15],[-53.12,71.21],[-53.17,71.35],[-52.97,71.39],[-52.41,71.35],[-52.48,71.26]],[[-53.9,71.08],[-53.95,71.17],[-53.61,71.32],[-53.39,71.15],[-53.45,71.06],[-53.67,71.03],[-53.9,71.08]],[[-71.51,71.02],[-71.44,70.91],[-72.12,70.83],[-72.23,70.92],[-72.05,70.95],[-72.01,71.05],[-71.51,71.02]],[[-51.82,70.94],[-51.67,70.85],[-52.16,70.89],[-52.11,70.97],[-51.82,70.94]],[[-52.9,69.35],[-53.59,69.24],[-54.15,69.34],[-54.2,69.45],[-53.8,69.43],[-53.68,69.48],[-53.88,69.56],[-54.13,69.55],[-54.74,69.59],[-54.99,69.7],[-54.77,69.97],[-54.83,70.2],[-54.45,70.31],[-53.9,70.29],[-53.27,70.2],[-53.03,70.12],[-52.73,69.93],[-52,69.81],[-51.84,69.63],[-52.14,69.48],[-52.9,69.35]],[[-67.91,69.53],[-68.22,69.61],[-67.89,69.71],[-67.73,69.66],[-67.91,69.53]],[[-51.22,69.91],[-51.01,69.93],[-50.67,69.83],[-50.97,69.72],[-50.95,69.56],[-51.25,69.54],[-51.34,69.74],[-51.18,69.82],[-51.22,69.91]],[[-66.3,68.27],[-66.32,68.16],[-66.65,68.2],[-66.3,68.27]],[[-62.26,65.75],[-62.13,65.68],[-62.3,65.63],[-62.47,65.71],[-62.26,65.75]],[[-65.55,64.55],[-65.44,64.69],[-65.28,64.67],[-65.55,64.55]],[[-64.89,63.79],[-64.81,63.88],[-64.64,63.92],[-64.6,63.79],[-64.89,63.79]],[[-64.09,63.34],[-64.26,63.33],[-64.42,63.47],[-64.5,63.62],[-64.35,63.67],[-64.22,63.39],[-64.09,63.34]],[[-64.38,62.53],[-64.39,62.46],[-64.59,62.37],[-64.92,62.42],[-64.84,62.56],[-64.53,62.56],[-64.38,62.53]],[[-70.24,62.62],[-70.36,62.53],[-70.68,62.55],[-70.96,62.8],[-70.79,62.84],[-70.49,62.77],[-70.24,62.62]],[[-82.19,62.99],[-81.86,62.92],[-81.96,62.8],[-81.96,62.7],[-82.3,62.59],[-82.42,62.47],[-82.75,62.31],[-83.13,62.18],[-83.28,62.25],[-83.42,62.24],[-83.67,62.15],[-83.75,62.31],[-83.91,62.4],[-83.91,62.49],[-83.71,62.57],[-83.55,62.7],[-83.52,62.83],[-83.3,62.93],[-83.12,62.85],[-82.74,62.94],[-82.42,62.93],[-82.19,62.99]],[[-74.02,62.67],[-74.12,62.6],[-74.38,62.63],[-74.38,62.68],[-74.02,62.67]],[[-79.28,62.27],[-79.27,62.15],[-79.55,61.76],[-79.75,61.59],[-80.18,61.77],[-80.29,61.93],[-80.21,62.14],[-79.83,62.41],[-79.56,62.42],[-79.28,62.27]],[[-77.54,63.29],[-77.64,63.14],[-77.94,63.09],[-78.21,63.21],[-78.53,63.39],[-78.54,63.45],[-78.19,63.49],[-77.7,63.44],[-77.54,63.29]],[[-80.18,63.77],[-80.47,63.73],[-80.6,63.64],[-81.02,63.45],[-81.64,63.58],[-82.07,63.69],[-82.48,63.69],[-82.52,63.8],[-82.36,63.85],[-82.53,63.97],[-83.14,64.01],[-82.98,64.12],[-83.01,64.19],[-83.54,64.11],[-83.69,64.01],[-83.6,63.93],[-83.63,63.77],[-83.78,63.77],[-84.06,63.62],[-84.28,63.63],[-84.41,63.55],[-84.48,63.39],[-84.59,63.32],[-84.95,63.19],[-85.27,63.12],[-85.51,63.13],[-85.64,63.24],[-85.66,63.42],[-85.62,63.67],[-85.79,63.71],[-86.29,63.65],[-86.66,63.66],[-86.87,63.56],[-87.06,63.55],[-87.22,63.66],[-87.18,63.73],[-86.9,63.93],[-86.19,64.1],[-86.21,64.18],[-86.36,64.31],[-86.41,64.44],[-86.35,64.65],[-86.16,64.94],[-86.23,64.99],[-86.15,65.1],[-86.17,65.29],[-86.03,65.67],[-85.94,65.76],[-85.61,65.91],[-85.49,65.8],[-85.2,65.81],[-85.05,65.61],[-85.32,65.54],[-85.08,65.46],[-85.02,65.35],[-84.85,65.21],[-84.58,65.49],[-84.44,65.41],[-84.15,65.33],[-84.1,65.21],[-83.84,65.17],[-83.4,65.14],[-83.21,64.95],[-82.88,64.88],[-82.71,64.78],[-82.37,64.77],[-82.12,64.69],[-81.77,64.51],[-81.71,64.25],[-81.63,64.12],[-81.91,64.07],[-81.97,63.99],[-81.46,64.04],[-81.37,64.07],[-81.06,64.03],[-80.89,64.12],[-80.18,63.77]],[[-76.69,63.49],[-76.7,63.37],[-76.98,63.41],[-77.29,63.56],[-77.42,63.59],[-77.4,63.69],[-77.12,63.69],[-76.71,63.57],[-76.69,63.49]],[[-85,66.01],[-84.71,65.84],[-84.57,65.64],[-84.71,65.56],[-84.86,65.66],[-85.11,65.76],[-85.19,65.95],[-85,66.01]],[[-84.47,66.09],[-84.07,66.06],[-83.69,65.93],[-83.8,65.82],[-83.47,65.73],[-83.48,65.66],[-83.8,65.69],[-83.87,65.78],[-84.14,65.77],[-84.12,65.91],[-84.19,65.97],[-84.43,66.03],[-84.47,66.09]],[[-77.97,63.97],[-77.95,64.01],[-77.6,64.04],[-77.71,63.94],[-77.97,63.97]],[[-51.3,64.38],[-51.45,64.41],[-51.26,64.56],[-51.09,64.57],[-51.3,64.38]],[[-53.29,71.54],[-53.45,71.58],[-53.4,71.67],[-52.78,71.67],[-53.11,71.54],[-53.29,71.54]],[[-79.56,74.99],[-79.4,74.88],[-80.25,74.76],[-80.16,74.62],[-80.54,74.56],[-81.32,74.56],[-81.79,74.46],[-82.23,74.51],[-82.92,74.55],[-83.33,74.78],[-83.49,74.58],[-84.26,74.51],[-84.68,74.52],[-85.33,74.5],[-86.6,74.47],[-87.64,74.46],[-88.52,74.5],[-88.57,74.56],[-88.41,74.76],[-89.08,74.72],[-89.15,74.61],[-89.43,74.55],[-89.95,74.53],[-90.7,74.65],[-90.89,74.76],[-91.23,74.74],[-91.1,74.63],[-91.51,74.64],[-91.62,74.71],[-92.02,74.78],[-92.06,74.96],[-92.2,75.08],[-92.5,75.22],[-92.46,75.38],[-92.3,75.51],[-92,75.6],[-92.18,75.75],[-92.18,75.89],[-92.63,76.02],[-92.65,76.12],[-93.13,76.37],[-93.59,76.3],[-94.85,76.27],[-95.03,76.33],[-95.82,76.4],[-96.11,76.5],[-96.14,76.58],[-96.5,76.7],[-96.31,76.81],[-96.85,76.93],[-96.32,77.02],[-95.77,77.08],[-95.19,77],[-94.51,76.97],[-94.11,76.89],[-93.7,76.92],[-92.95,76.63],[-92.69,76.6],[-92.15,76.62],[-92,76.66],[-91.44,76.69],[-91.01,76.66],[-90.57,76.56],[-90.45,76.41],[-89.3,76.3],[-89.38,76.18],[-90.46,76.18],[-91.16,76.2],[-91.24,76.16],[-90.19,76.07],[-89.69,75.9],[-89.2,75.8],[-89.26,75.64],[-89.1,75.49],[-88.75,75.48],[-88.9,75.61],[-88.58,75.66],[-88.25,75.48],[-87.75,75.58],[-87.11,75.59],[-86.78,75.48],[-86.2,75.42],[-86.01,75.54],[-85.3,75.57],[-85.04,75.66],[-84.29,75.71],[-83.92,75.81],[-83.09,75.74],[-82.33,75.84],[-81.11,75.78],[-81.29,75.66],[-81.02,75.64],[-80.5,75.66],[-80.08,75.59],[-79.5,75.39],[-79.63,75.18],[-79.97,75.1],[-80.44,75.04],[-80.2,74.96],[-79.78,75.03],[-79.56,74.99]],[[-61.09,82.33],[-61.31,82.2],[-62.26,82.02],[-64.37,81.72],[-65.36,81.73],[-65.86,81.63],[-67.67,81.59],[-66.65,81.5],[-68.04,81.37],[-67.79,81.32],[-65.74,81.49],[-64.55,81.55],[-64.69,81.39],[-65.4,81.27],[-65.99,81.23],[-66.67,81.04],[-68.28,80.76],[-69.13,80.54],[-69.37,80.4],[-69.67,80.36],[-70.21,80.19],[-70.75,80.21],[-70.49,80.06],[-71.14,79.79],[-72.23,79.66],[-72.92,79.71],[-73.06,79.81],[-74.23,79.9],[-74.84,79.85],[-73.39,79.75],[-73.13,79.56],[-73.32,79.51],[-74.03,79.45],[-74.7,79.45],[-75.03,79.37],[-76.01,79.44],[-75.91,79.35],[-76.89,79.35],[-77.37,79.28],[-75.95,79.24],[-74.47,79.23],[-74.78,79.16],[-74.45,79.08],[-75.09,79.03],[-75.76,79.08],[-76.09,79.2],[-78.06,79.18],[-76.13,79.12],[-77.16,79.07],[-75.78,78.98],[-75.74,78.9],[-74.77,78.83],[-75.01,78.54],[-76.13,78.5],[-76.08,78.47],[-75.11,78.38],[-75.63,78.2],[-76.6,78.26],[-76.82,78.19],[-76.19,78.13],[-75.58,78.11],[-75.9,77.97],[-76.23,78.02],[-76.88,77.91],[-77.15,77.95],[-78.43,77.91],[-77.98,77.82],[-78.05,77.73],[-77.74,77.6],[-78.29,77.38],[-78.82,77.38],[-79.13,77.29],[-79.65,77.32],[-79.97,77.28],[-80.78,77.34],[-81.36,77.48],[-81.74,77.43],[-81.2,77.32],[-81.85,77.29],[-81.62,77.2],[-81.1,77.29],[-80.15,77.21],[-79.43,77.24],[-79.03,77.16],[-79.03,77.09],[-79.38,76.93],[-78.87,76.92],[-78.09,77.02],[-77.72,76.82],[-77.77,76.66],[-78.01,76.64],[-78.14,76.53],[-78.5,76.46],[-78.77,76.58],[-79.01,76.42],[-79.35,76.3],[-79.55,76.32],[-80.67,76.16],[-81.1,76.22],[-80.77,76.42],[-81.25,76.55],[-81.4,76.48],[-81.94,76.49],[-82.28,76.4],[-82.8,76.39],[-83.69,76.43],[-84.05,76.55],[-84.24,76.45],[-84.94,76.42],[-84.41,76.31],[-85.2,76.28],[-85.25,76.32],[-86.22,76.37],[-86.59,76.48],[-86.72,76.35],[-87.09,76.38],[-87.63,76.34],[-88.4,76.39],[-88.36,76.49],[-89.17,76.42],[-89.66,76.57],[-89.42,76.69],[-89.54,76.86],[-88.72,77.01],[-88.29,77.14],[-87.47,77.11],[-87.13,77.21],[-87.35,77.33],[-87.68,77.35],[-87.65,77.49],[-88.19,77.64],[-88.18,77.8],[-87.19,77.9],[-86.85,77.89],[-86.22,77.79],[-85.97,77.71],[-85.78,77.5],[-85.4,77.4],[-84.62,77.38],[-83.8,77.43],[-84.08,77.51],[-84.76,77.52],[-84.83,77.59],[-85.28,77.66],[-85.19,77.8],[-85.66,77.95],[-85.06,78.06],[-84.95,78.24],[-85.49,78.12],[-86.23,78.06],[-86.22,78.17],[-86.53,78.21],[-86.77,78.12],[-87.49,78.13],[-87.48,78.45],[-87.16,78.55],[-86.94,78.71],[-86.61,78.81],[-85.76,78.83],[-85.25,78.92],[-84.71,78.87],[-83.75,78.84],[-83.16,78.72],[-82.98,78.86],[-82.4,78.83],[-81.77,78.87],[-81.7,78.98],[-82.53,78.89],[-82.97,78.94],[-84.28,78.96],[-84.75,79.04],[-84.33,79.19],[-84.49,79.41],[-84.88,79.49],[-85.02,79.62],[-85.32,79.68],[-86.45,79.75],[-86.45,79.94],[-86.64,80.15],[-86.44,80.32],[-85.89,80.34],[-85.32,80.27],[-84.63,80.28],[-83.79,80.25],[-83.11,80.07],[-82.17,79.87],[-81.59,79.6],[-80.88,79.65],[-81.63,79.77],[-81.66,79.91],[-81.46,79.95],[-82.17,80.02],[-83.16,80.34],[-80.35,80.47],[-80.05,80.53],[-79.04,80.55],[-78.79,80.62],[-79.96,80.61],[-79.39,80.7],[-78.53,80.78],[-77.51,80.83],[-78,80.91],[-78.85,80.86],[-78.89,81.01],[-77.84,81.28],[-78.19,81.31],[-79.15,81.1],[-79.61,80.83],[-81.22,80.63],[-82.91,80.54],[-83.3,80.7],[-83.81,80.74],[-83.8,80.56],[-84.4,80.51],[-85.12,80.5],[-86.12,80.54],[-86.75,80.6],[-86.55,80.72],[-85.39,81.06],[-86.11,80.99],[-87.06,80.73],[-87.28,80.63],[-88.1,80.68],[-89.39,80.88],[-89.27,80.95],[-88.41,81],[-87.62,80.98],[-86.7,81.01],[-86.02,81.08],[-85.53,81.19],[-85.88,81.24],[-86.52,81.13],[-87.39,81.07],[-87.86,81.08],[-89.83,81.01],[-90.35,81.17],[-89.98,81.25],[-89.92,81.34],[-89.24,81.41],[-89.51,81.49],[-90.35,81.38],[-90.83,81.46],[-89.91,81.6],[-90.68,81.68],[-91.01,81.61],[-91.95,81.63],[-91.71,81.73],[-91.01,81.84],[-90.24,81.9],[-89.64,81.86],[-88.68,82.06],[-88,82.11],[-86.96,82.05],[-86.85,82.22],[-85.67,82.24],[-85.35,82.29],[-85.76,82.47],[-83.67,82.35],[-82.4,82.25],[-81.59,82.12],[-80.02,81.97],[-79.86,82.03],[-80.93,82.1],[-82.71,82.38],[-82.07,82.67],[-80.6,82.56],[-81.58,82.79],[-81.47,82.83],[-79.9,82.77],[-80.35,82.86],[-80.16,82.94],[-79.34,82.98],[-78.99,82.88],[-78.42,82.87],[-77.39,82.99],[-76.14,83.05],[-74.2,83],[-73.65,82.93],[-72.59,83.1],[-69.69,83.12],[-69.48,83.05],[-67.6,82.97],[-66.36,82.89],[-67.25,82.77],[-68.43,82.68],[-67.44,82.66],[-65.85,82.84],[-65.13,82.9],[-64.75,82.83],[-63.45,82.83],[-63.65,82.72],[-62.96,82.59],[-63.07,82.54],[-61.58,82.49],[-61.09,82.33]],[[-70.36,77.42],[-71.08,77.38],[-70.9,77.47],[-70.36,77.42]],[[-71.58,77.39],[-71.7,77.32],[-72.13,77.32],[-72.53,77.39],[-72.34,77.46],[-71.58,77.39]],[[-89.67,76.73],[-89.86,76.62],[-89.83,76.49],[-90.06,76.49],[-90.57,76.72],[-90.53,76.79],[-89.98,76.84],[-89.67,76.73]],[[-89.66,77.36],[-90.09,77.2],[-90.92,77.31],[-91.2,77.41],[-91.17,77.62],[-90.88,77.66],[-90.3,77.63],[-89.78,77.49],[-89.66,77.36]],[[-96.62,80.04],[-96.02,80.07],[-94.85,80.05],[-94.55,80.16],[-95.4,80.13],[-96.32,80.26],[-96.03,80.58],[-94.38,80.62],[-94.7,80.73],[-95.5,80.81],[-95.23,81.02],[-94.16,81.1],[-93.31,81.09],[-93.22,81.21],[-93.78,81.21],[-94.4,81.26],[-94.19,81.37],[-93.1,81.35],[-92.24,81.26],[-91.83,81.16],[-91.71,81.04],[-91.15,80.81],[-90.71,80.7],[-90.64,80.57],[-89.83,80.53],[-89.32,80.54],[-89.06,80.47],[-89.26,80.3],[-89.04,80.19],[-88.6,80.12],[-88.15,80.1],[-88.71,80.29],[-88.47,80.44],[-87.7,80.41],[-87.58,80.18],[-88.02,80.14],[-87.94,80.07],[-87.24,80.07],[-86.97,79.88],[-87.19,79.63],[-86.31,79.65],[-86.04,79.57],[-85.56,79.58],[-85.39,79.45],[-84.92,79.3],[-85.51,79.17],[-86.5,79.07],[-86.61,78.97],[-87.31,78.81],[-87.54,78.67],[-87.86,78.69],[-88.04,78.48],[-88.55,78.43],[-88.77,78.19],[-89.05,78.18],[-89.35,78.34],[-89.79,78.4],[-89.71,78.23],[-90.33,78.34],[-90.35,78.14],[-90.88,78.14],[-92.12,78.23],[-92.29,78.3],[-92.95,78.44],[-92.88,78.51],[-91.74,78.56],[-92.66,78.61],[-93.35,78.61],[-93.81,78.77],[-94.27,78.97],[-93.59,79.06],[-93.43,79.16],[-92.84,79.15],[-91.88,79.16],[-92.63,79.25],[-92.58,79.38],[-93.5,79.36],[-93.79,79.28],[-94.39,79.37],[-94.96,79.29],[-95.65,79.39],[-95.61,79.56],[-96.54,79.85],[-96.62,80.04]],[[-44.53,82.41],[-45.07,82.22],[-44.73,82.1],[-46.88,82.36],[-47.18,82.51],[-47.7,82.64],[-46.32,82.68],[-45.32,82.56],[-44.53,82.41]],[[-78.9,76.12],[-78.86,76.05],[-79.14,75.98],[-79.28,75.88],[-79.72,75.88],[-78.9,76.12]],[[-53.27,82.17],[-53.34,82.26],[-52.79,82.32],[-52.47,82.2],[-51.23,82.01],[-52.11,82],[-53.19,82.11],[-53.27,82.17]],[[-19.46,81.95],[-19.09,82.04],[-18.68,81.87],[-19.05,81.83],[-19.46,81.95]],[[-19.52,80.03],[-19.6,80.15],[-19.21,80.21],[-18.77,80.11],[-19.52,80.03]],[[-18.76,79.97],[-17.74,80.09],[-17.28,80.01],[-17.84,79.74],[-18.49,79.69],[-19.09,79.78],[-19.36,79.87],[-18.76,79.97]],[[-19.12,78.71],[-19.61,78.77],[-19.15,78.93],[-19.12,78.71]],[[-19.32,77.88],[-19.31,77.8],[-20.47,77.95],[-19.98,77.99],[-19.75,77.89],[-19.32,77.88]],[[-18.55,76.05],[-18.87,76.19],[-19.11,76.47],[-18.98,76.63],[-18.66,76.63],[-18.72,76.51],[-18.65,76.18],[-18.55,76.05]],[[-17.32,75.14],[-17.5,75],[-18.1,75.04],[-18.45,74.99],[-18.93,75.05],[-18.8,75.34],[-18.51,75.37],[-17.81,75.09],[-17.59,75.15],[-17.32,75.14]],[[-19.81,74.89],[-19.73,74.86],[-20.14,74.7],[-20.43,74.73],[-20.68,74.82],[-20.61,74.99],[-20.19,75.04],[-19.96,75],[-19.81,74.89]],[[-18.74,74.63],[-18.82,74.55],[-19.22,74.59],[-18.9,74.68],[-18.74,74.63]],[[-20.35,74.25],[-20.16,74.17],[-21.03,74.1],[-21.93,74.21],[-21.84,74.35],[-21.25,74.46],[-20.55,74.41],[-20.35,74.25]],[[-24.52,73.05],[-25.06,73.12],[-25.43,73.12],[-25.71,73.18],[-25.31,73.32],[-25.24,73.41],[-24.46,73.43],[-23.23,73.25],[-22.98,73.11],[-24.47,73.04],[-24.52,73.05]],[[-21.93,72.74],[-22.65,72.7],[-22.82,72.82],[-23.16,72.88],[-23.62,72.87],[-23.83,72.91],[-24.53,72.9],[-24.54,72.99],[-23.78,73.02],[-23.24,73.08],[-22.26,72.98],[-21.9,72.92],[-22.16,72.8],[-21.93,72.74]],[[-21.95,72.43],[-22.36,72.43],[-22.64,72.47],[-22.68,72.36],[-22.05,72.27],[-22.25,72.12],[-22.52,72.13],[-22.95,72.24],[-23.07,72.31],[-23.91,72.47],[-24.35,72.59],[-24.49,72.83],[-23.93,72.88],[-23.63,72.84],[-23.15,72.84],[-22.72,72.63],[-21.95,72.49],[-21.95,72.43]],[[-24.8,72.92],[-24.94,72.78],[-25.29,72.83],[-25.15,72.89],[-24.8,72.92]],[[-7.96,71.17],[-8.01,71.03],[-8.7,70.94],[-9.02,70.81],[-9.12,70.87],[-8.51,71.02],[-8.33,71.15],[-7.96,71.17]],[[-25.32,70.75],[-25.3,70.66],[-25.83,70.6],[-25.96,70.54],[-26.28,70.58],[-26.58,70.52],[-28.07,70.43],[-27.93,70.64],[-27.68,70.65],[-27.07,70.89],[-26.66,70.9],[-25.7,71.09],[-25.68,70.98],[-25.41,70.92],[-25.32,70.75]],[[-27.72,70.74],[-27.75,70.87],[-27.24,70.89],[-27.37,70.82],[-27.72,70.74]],[[-86.58,68.29],[-86.41,68.21],[-86.37,67.96],[-86.41,67.84],[-86.6,67.73],[-86.84,67.79],[-86.95,67.92],[-86.85,68.02],[-86.99,68.07],[-86.75,68.29],[-86.58,68.29]],[[-79.55,56.04],[-79.58,56.11],[-79.87,55.84],[-80.03,55.9],[-79.74,56.16],[-79.55,56.27],[-79.41,56.23],[-79.23,56.55],[-79.13,56.54],[-79.04,56.37],[-79.1,56.23],[-79.19,56.21],[-79.35,55.98],[-79.47,55.88],[-79.65,55.9],[-79.55,56.04]],[[-79.98,56.2],[-80.1,56.24],[-80,56.33],[-79.74,56.37],[-79.72,56.31],[-79.98,56.2]],[[-78.76,56.17],[-78.84,56.25],[-78.83,56.36],[-78.66,56.42],[-78.68,56.2],[-78.76,56.17]],[[-80.76,52.92],[-80.67,52.74],[-80.78,52.72],[-81.03,52.75],[-81.29,52.84],[-81.47,52.86],[-81.95,52.97],[-82.06,53.02],[-81.88,53.18],[-81.42,53.23],[-81.12,53.2],[-80.88,53.03],[-80.76,52.92]],[[-79.4,52.08],[-79.32,52.03],[-79.41,51.94],[-79.62,51.94],[-79.66,51.99],[-79.4,52.08]],[[-69.1,59.13],[-69.23,58.98],[-69.35,59.14],[-69.1,59.13]],[[-70.84,47.03],[-70.86,46.95],[-71.03,46.86],[-71.09,46.91],[-70.84,47.03]],[[-73.5,45.71],[-73.54,45.48],[-73.62,45.44],[-73.79,45.47],[-73.5,45.71]],[[-68.24,44.42],[-68.18,44.33],[-68.41,44.26],[-68.35,44.42],[-68.24,44.42]]]},"properties":{"featurecla":"Bathymetry","depth":0,"scalerank":0}},
{"type":"Feature","geometry":{"type":"Polygon","coordinates":[[[0,49.33],[0.26,49.46],[0.08,49.54],[0.24,49.73],[0.67,49.88],[0.76,49.88],[1.17,49.96],[1.39,50.08],[1.52,50.21],[1.57,50.45],[1.58,50.87],[1.73,50.94],[1.97,51.01],[2.47,51.07],[3.12,51.33],[3.54,51.42],[3.46,51.56],[3.56,51.59],[3.83,51.61],[4.06,51.51],[4.12,51.63],[4.03,51.78],[4.01,51.98],[4.14,52.01],[4.28,52.11],[4.51,52.34],[4.6,52.51],[4.67,52.8],[4.75,52.97],[4.91,52.91],[5.08,52.95],[5.38,53.1],[5.45,53.22],[5.59,53.3],[5.98,53.41],[6.35,53.41],[6.73,53.46],[6.87,53.43],[6.9,53.35],[7.08,53.34],[7.02,53.45],[7.09,53.59],[7.23,53.67],[7.5,53.68],[7.95,53.72],[8.17,53.55],[8.06,53.5],[8.21,53.41],[8.32,53.51],[8.35,53.61],[8.57,53.55],[8.48,53.68],[8.57,53.86],[8.68,53.89],[8.86,53.83],[9.11,53.87],[8.92,53.94],[9.02,54.1],[8.81,54.18],[8.89,54.3],[8.65,54.27],[8.63,54.39],[8.86,54.41],[9.01,54.51],[8.69,54.74],[8.65,54.82],[8.64,55.02],[8.69,55.14],[8.62,55.44],[8.44,55.46],[8.29,55.58],[8.09,55.56],[8.19,55.81],[8.39,55.93],[8.28,56.08],[8.11,56.12],[8.13,56.21],[8.12,56.55],[8.44,56.58],[8.6,56.5],[8.88,56.76],[9.11,56.8],[9.15,56.64],[9.33,56.67],[9.18,56.78],[9.16,56.89],[9.29,57],[9.11,57.04],[8.68,56.95],[8.49,56.73],[8.59,56.68],[8.54,56.59],[8.37,56.68],[8.27,56.84],[8.59,57.11],[8.78,57.1],[8.98,57.16],[9.23,57.14],[9.41,57.17],[9.57,57.24],[9.79,57.46],[9.97,57.59],[10.2,57.6],[10.47,57.72],[10.43,57.57],[10.55,57.44],[10.54,57.24],[10.45,57.18],[10.27,56.91],[10.36,56.56],[10.55,56.52],[10.79,56.54],[10.96,56.45],[10.91,56.33],[10.75,56.22],[10.55,56.18],[10.38,56.2],[10.26,56.1],[10.25,55.91],[10.04,55.82],[9.98,55.71],[9.71,55.54],[9.59,55.43],[9.71,55.25],[9.49,55.16],[9.57,55.05],[9.74,54.98],[9.8,54.78],[9.97,54.76],[10.03,54.65],[10.02,54.55],[10.2,54.46],[10.78,54.32],[10.94,54.38],[11.08,54.34],[11.07,54.18],[10.75,54.04],[10.89,53.96],[11.18,54.02],[11.24,53.95],[11.46,53.92],[11.49,54],[11.66,54.14],[12.11,54.18],[12.34,54.3],[12.5,54.47],[12.88,54.37],[13.01,54.44],[13.11,54.28],[13.29,54.23],[13.48,54.13],[13.68,54.17],[13.81,54.1],[13.76,54.03],[13.89,53.91],[13.82,53.88],[13.98,53.77],[14.26,53.75],[14.41,53.68],[14.54,53.7],[14.58,53.85],[14.44,53.87],[14.27,53.83],[14.2,53.88],[13.88,53.84],[13.93,53.9],[13.9,53.97],[14.05,54.01],[14.37,53.92],[14.78,54.03],[15.29,54.14],[15.67,54.2],[15.86,54.25],[16.22,54.28],[16.32,54.4],[16.57,54.56],[16.94,54.61],[17.04,54.67],[17.34,54.75],[17.89,54.82],[18.32,54.84],[18.43,54.78],[18.57,54.55],[18.59,54.43],[18.72,54.38],[19,54.34],[19.38,54.38],[19.53,54.41],[19.83,54.6],[19.96,54.77],[19.92,54.89],[20.03,54.95],[20.76,54.95],[21.08,54.9],[21.23,54.94],[21.18,55.19],[21.29,55.31],[21.22,55.52],[21.07,55.74],[21.06,56.04],[20.97,56.25],[21.01,56.6],[21.07,56.85],[21.22,56.91],[21.4,57.04],[21.42,57.29],[21.7,57.56],[22,57.6],[22.48,57.74],[22.66,57.59],[23.03,57.39],[23.13,57.37],[23.25,57.11],[23.34,57.06],[23.7,56.97],[23.95,57.01],[24.21,57.12],[24.38,57.23],[24.41,57.34],[24.36,57.69],[24.29,57.83],[24.46,58.07],[24.47,58.25],[24.53,58.35],[24.36,58.4],[24.29,58.32],[24.11,58.24],[23.98,58.32],[23.74,58.34],[23.68,58.5],[23.57,58.55],[23.49,58.67],[23.58,58.79],[23.42,58.91],[23.52,59.12],[23.47,59.21],[23.76,59.28],[24.09,59.31],[24.08,59.4],[24.31,59.42],[24.4,59.48],[24.62,59.44],[24.7,59.49],[25.19,59.52],[25.41,59.49],[25.5,59.57],[25.68,59.63],[26,59.63],[26.09,59.59],[26.46,59.55],[26.67,59.55],[26.83,59.48],[27.12,59.44],[27.41,59.45],[27.87,59.41],[28.02,59.48],[28.07,59.58],[27.99,59.7],[28.09,59.8],[28.22,59.69],[28.38,59.67],[28.43,59.81],[28.58,59.83],[28.85,59.79],[28.98,59.83],[29.01,59.93],[29.16,60],[29.8,59.94],[30.12,59.87],[30.21,60],[29.95,60.03],[29.85,60.17],[29.7,60.2],[29.42,60.17],[29.09,60.18],[28.79,60.34],[28.61,60.39],[28.72,60.72],[28.4,60.67],[28.22,60.55],[28.03,60.53],[27.73,60.54],[27.71,60.49],[27.46,60.46],[27.05,60.55],[27,60.49],[26.69,60.42],[26.49,60.44],[26.32,60.38],[26.09,60.42],[25.74,60.25],[25.2,60.25],[25.18,60.18],[24.77,60.14],[24.61,60.1],[24.47,60],[24.3,60.07],[23.77,59.97],[23.56,59.98],[23.24,59.9],[23.21,60.05],[23.06,60.04],[22.87,60.18],[23.01,60.28],[22.94,60.32],[22.74,60.24],[22.45,60.25],[22.63,60.38],[22.29,60.38],[22.06,60.44],[21.77,60.6],[21.66,60.57],[21.47,60.61],[21.42,60.76],[21.33,60.83],[21.39,60.94],[21.34,61],[21.54,61.23],[21.51,61.52],[21.62,61.55],[21.37,61.94],[21.24,61.99],[21.34,62.36],[21.21,62.36],[21.12,62.5],[21.19,62.6],[21.11,62.78],[21.23,62.86],[21.38,62.87],[21.44,63.04],[21.62,63.2],[21.87,63.26],[21.91,63.18],[22.2,63.24],[22.37,63.32],[22.2,63.43],[22.43,63.49],[22.5,63.62],[22.68,63.7],[22.83,63.65],[22.92,63.8],[23.37,63.95],[23.38,64.05],[23.6,64.03],[23.72,64.21],[23.83,64.23],[24,64.38],[24.34,64.53],[24.42,64.68],[24.77,64.87],[25.07,64.92],[25.26,64.82],[25.44,64.97],[25.28,65.19],[25.35,65.48],[25.09,65.61],[24.82,65.66],[24.67,65.64],[24.52,65.8],[24.16,65.82],[24.03,65.79],[23.37,65.82],[23.09,65.73],[22.84,65.81],[22.36,65.76],[22.17,65.55],[21.94,65.41],[21.49,65.39],[21.7,65.29],[21.54,65.23],[21.62,65.15],[21.38,64.96],[21.26,64.96],[21.18,64.84],[21.49,64.49],[21.61,64.45],[21.24,64.31],[20.97,64.15],[20.9,63.98],[20.69,63.8],[20.5,63.82],[20.32,63.74],[20.31,63.65],[20.07,63.67],[19.75,63.52],[19.45,63.51],[19.28,63.44],[19.03,63.18],[18.61,63.18],[18.47,63.02],[18.51,62.9],[18.27,62.88],[18.15,62.82],[17.93,62.82],[18.04,62.59],[17.86,62.5],[17.35,62.4],[17.57,62.2],[17.34,61.92],[17.4,61.72],[17.1,61.64],[17.18,61.49],[17.1,61.4],[17.21,61.24],[17.16,60.95],[17.28,60.78],[17.24,60.7],[17.41,60.64],[17.57,60.65],[17.64,60.52],[17.92,60.6],[17.97,60.52],[18.28,60.35],[18.43,60.35],[18.42,60.19],[18.65,60.15],[18.82,60.07],[18.9,59.95],[19.07,59.9],[18.86,59.8],[18.69,59.61],[18.28,59.42],[18.04,59.4],[18.39,59.18],[18.04,59.06],[17.93,58.91],[17.75,58.92],[17.09,58.66],[16.92,58.63],[16.23,58.67],[16.41,58.6],[16.64,58.63],[16.79,58.57],[16.87,58.48],[16.72,58.44],[16.82,58.21],[16.68,58.01],[16.46,57.89],[16.68,57.76],[16.61,57.68],[16.69,57.47],[16.53,57.36],[16.47,57.18],[16.55,57.11],[16.44,57.01],[16.47,56.95],[16.36,56.76],[16.1,56.42],[16.04,56.26],[15.85,56.09],[15.57,56.21],[15.49,56.18],[14.69,56.15],[14.77,56.03],[14.57,56.06],[14.35,55.95],[14.21,55.82],[14.2,55.73],[14.36,55.52],[14.18,55.39],[13.88,55.43],[13.63,55.42],[13.38,55.35],[13,55.4],[12.93,55.58],[13.06,55.67],[12.92,55.75],[12.93,55.83],[12.82,55.89],[12.61,56.12],[12.5,56.28],[12.7,56.22],[12.83,56.27],[12.62,56.42],[12.83,56.44],[12.93,56.55],[12.87,56.65],[12.73,56.65],[12.6,56.82],[12.38,56.91],[12.33,57.02],[12.2,57.15],[12.06,57.46],[11.9,57.52],[11.84,57.68],[11.69,57.88],[11.88,58.2],[11.81,58.33],[11.57,58.25],[11.38,58.35],[11.22,58.37],[11.25,58.65],[11.18,58.74],[11.23,58.8],[11.11,58.95],[11.22,59.09],[10.73,59.24],[10.64,59.37],[10.69,59.48],[10.66,59.59],[10.48,59.51],[10.44,59.35],[10.28,59.1],[9.85,58.96],[9.66,58.96],[9.43,58.89],[9.34,58.75],[8.51,58.29],[8.35,58.24],[8.12,58.1],[7.65,58.06],[7.39,58.02],[7.16,58.05],[7,58.03],[6.87,58.13],[6.54,58.11],[6.63,58.24],[6.4,58.27],[6.14,58.34],[5.93,58.48],[5.7,58.52],[5.48,58.75],[5.63,58.93],[5.88,58.96],[5.87,59.09],[6.01,59.15],[6.11,59.27],[5.83,59.52],[5.75,59.45],[5.86,59.35],[5.65,59.33],[5.48,59.28],[5.2,59.43],[5.18,59.51],[5.44,59.71],[5.75,59.68],[5.83,59.77],[5.72,59.83],[5.77,59.93],[6.1,60.09],[6.14,60.22],[6.35,60.37],[6.19,60.38],[6.11,60.25],[5.85,60.14],[5.86,60.02],[5.68,60.04],[5.73,60.13],[5.3,60.19],[5.17,60.28],[5.27,60.39],[5.24,60.49],[5.62,60.42],[5.71,60.47],[5.74,60.71],[5.3,60.56],[5.1,60.65],[5.03,60.74],[5,61.02],[5.07,61.07],[5.43,61.03],[5.53,61.08],[5.89,61.12],[6.1,61.12],[6.38,61.05],[6.57,61.12],[6.79,61.15],[7,61.09],[7.3,61.13],[7.23,61.18],[7.01,61.13],[6.56,61.22],[6.43,61.11],[5.94,61.17],[5.56,61.14],[5.42,61.08],[5.13,61.15],[4.96,61.27],[5.06,61.44],[5.29,61.48],[5.33,61.56],[5.23,61.63],[4.99,61.63],[4.97,61.74],[5.24,61.82],[5.36,61.91],[5.24,61.96],[5.3,62.07],[5.07,62.16],[5.18,62.21],[5.62,62.16],[5.93,62.2],[6.03,62.31],[6.5,62.4],[6.3,62.46],[6.32,62.61],[6.62,62.59],[6.78,62.65],[7.09,62.65],[7.37,62.59],[7.31,62.74],[6.97,62.73],[7.02,62.84],[6.91,62.93],[7.27,63.01],[7.5,62.91],[7.75,62.94],[8,63.09],[8.25,63.01],[8.33,62.88],[8.48,62.91],[8.36,63.01],[8.22,63.03],[8.24,63.15],[8.62,63.13],[8.51,63.31],[8.74,63.33],[8.79,63.43],[9.17,63.4],[9.24,63.51],[9.42,63.52],[9.52,63.6],[9.7,63.64],[9.81,63.51],[9.96,63.43],[10.3,63.47],[10.58,63.43],[10.78,63.49],[10.76,63.63],[11.03,63.72],[11.46,63.8],[11.42,63.85],[11.1,63.89],[10.91,63.73],[10.64,63.68],[10.42,63.58],[10.08,63.51],[9.92,63.51],[9.8,63.69],[9.59,63.67],[9.55,63.77],[9.99,63.93],[10.01,64.12],[10.46,64.29],[10.62,64.45],[11.08,64.52],[11.36,64.41],[11.52,64.52],[11.4,64.66],[11.62,64.84],[11.35,64.8],[11.4,64.92],[11.78,64.98],[11.98,65.07],[12.12,65.05],[12.47,65.09],[12.5,65.14],[12.34,65.3],[12.6,65.43],[12.4,65.53],[12.35,65.64],[12.66,65.81],[12.68,65.93],[12.92,65.95],[12.87,66.13],[13.23,66.19],[13.23,66.3],[13,66.36],[13.17,66.41],[13.08,66.5],[13.28,66.66],[13.48,66.68],[13.69,66.84],[13.59,66.94],[13.92,66.93],[14.22,66.98],[14.36,67.16],[14.78,67.21],[15.09,67.21],[15.14,67.31],[14.67,67.22],[14.41,67.28],[14.8,67.42],[14.73,67.49],[15.2,67.64],[15.04,67.68],[15.06,67.84],[15.79,67.95],[15.97,68.01],[15.71,68.08],[16.1,68.16],[16.04,68.03],[16.28,67.98],[16.32,68.13],[16.17,68.2],[16.17,68.32],[16.53,68.44],[16.46,68.51],[16.63,68.64],[17.23,68.76],[17.69,68.89],[17.44,68.91],[17.68,69.09],[18.08,69.17],[18,69.29],[18.3,69.49],[18.85,69.55],[19.1,69.74],[19.3,69.78],[19.78,69.8],[20.01,69.77],[20.11,69.88],[20.31,69.96],[20.51,69.77],[20.89,69.85],[21.17,69.88],[21.25,70],[21.56,69.99],[21.58,69.93],[21.9,69.83],[21.94,69.99],[21.21,70.21],[21.44,70.27],[21.82,70.27],[21.99,70.32],[22.6,70.22],[22.97,70.21],[23,70.08],[23.36,70.12],[23.28,70.23],[23.49,70.24],[23.51,70.37],[24.26,70.61],[24.35,70.69],[24.27,70.84],[24.57,70.8],[24.67,70.98],[24.86,70.93],[25.34,70.95],[25.71,70.9],[25.83,70.83],[25.35,70.61],[25.25,70.53],[25.2,70.31],[24.98,70.23],[24.94,70.1],[25.25,70.1],[25.52,70.28],[25.44,70.34],[26.01,70.63],[26.07,70.71],[26.61,70.95],[26.74,70.82],[26.51,70.43],[26.66,70.43],[26.98,70.53],[27.29,70.74],[27.39,70.88],[27.12,70.92],[27.25,71.03],[27.48,71.01],[27.57,71.1],[27.88,71.04],[28.55,70.98],[28.48,70.89],[28.13,70.74],[28.23,70.62],[27.85,70.48],[28.14,70.45],[28.4,70.55],[28.53,70.72],[28.79,70.87],[29.22,70.86],[29.38,70.77],[30.21,70.68],[30.46,70.56],[31.06,70.37],[30.93,70.26],[30.55,70.25],[30.32,70.12],[30.13,70.07],[29.23,70.12],[28.75,70.17],[28.73,70.09],[29.14,70.06],[29.69,69.97],[29.78,69.84],[29.99,69.77],[30.17,69.88],[30.45,69.81],[30.84,69.81],[31.26,69.76],[31.41,69.72],[31.7,69.74],[31.75,69.85],[32.05,69.96],[32.52,69.8],[32.92,69.78],[33.12,69.66],[32.87,69.58],[32.5,69.63],[32.42,69.5],[32.69,69.5],[33.52,69.43],[33.38,69.31],[33.85,69.34],[34.42,69.31],[34.66,69.25],[35.26,69.22],[35.33,69.28],[35.97,69.18],[36.25,69.11],[37.46,68.74],[37.68,68.71],[38.07,68.51],[38.32,68.45],[38.43,68.36],[38.66,68.38],[39.52,68.08],[39.86,68.06],[40.36,67.9],[40.8,67.73],[41.02,67.7],[41,67.47],[41.15,67.42],[41.11,67.25],[41.34,67.17],[41.36,67.01],[41.18,66.81],[40.74,66.6],[40.72,66.54],[40.44,66.41],[40.08,66.29],[39.34,66.13],[38.55,66.05],[37.93,66.09],[37.55,66.14],[37.27,66.23],[36.89,66.29],[36.41,66.29],[35.77,66.36],[35.38,66.42],[34.89,66.6],[34.43,66.55],[34.28,66.67],[33.83,66.7],[33.59,66.82],[33.48,66.73],[33.1,66.86],[32.84,66.98],[32.85,67.07],[32.38,67.16],[32.31,67.06],[32.56,66.99],[32.48,66.91],[32.71,66.8],[32.89,66.78],[33.03,66.59],[33.19,66.58],[33.35,66.48],[33.7,66.44],[33.62,66.31],[33.97,66.25],[34.5,66.12],[34.87,65.88],[34.77,65.77],[34.78,65.6],[34.63,65.49],[34.37,65.39],[34.47,65.29],[34.82,65.04],[34.78,64.97],[34.94,64.86],[34.8,64.76],[34.98,64.61],[34.85,64.56],[34.96,64.45],[35.28,64.38],[35.41,64.29],[35.62,64.34],[35.81,64.34],[35.98,64.2],[36.24,64.12],[36.29,64.01],[36.7,63.92],[37.17,63.9],[37.29,63.82],[37.61,63.82],[37.61,63.88],[38,63.96],[38.09,64.06],[37.91,64.22],[38,64.32],[37.69,64.43],[37.34,64.34],[37.12,64.39],[36.74,64.68],[36.56,64.72],[36.57,64.9],[36.81,64.96],[36.9,65.15],[37.01,65.17],[37.4,65.1],[37.71,65.02],[37.79,64.92],[38.05,64.85],[38.36,64.85],[38.51,64.79],[38.92,64.73],[39.3,64.65],[39.57,64.55],[40.06,64.62],[40.18,64.56],[40.53,64.58],[40.41,64.76],[40.38,64.92],[40.11,65.07],[39.71,65.4],[39.83,65.61],[40.28,65.73],[40.8,65.99],[41.34,66.06],[41.86,66.3],[42.2,66.53],[42.64,66.45],[42.75,66.4],[43.25,66.44],[43.41,66.33],[43.65,66.28],[44.05,66.08],[44.12,66.32],[44.37,66.52],[44.49,66.68],[44.36,66.78],[44.5,66.92],[44.21,67.12],[43.76,67.22],[43.79,67.34],[44,67.58],[44.13,67.8],[44.09,67.84],[44.24,68.26],[44.16,68.34],[43.33,68.61],[43.48,68.67],[43.98,68.55],[45.31,68.55],[45.94,68.45],[46.03,68.32],[46.53,68.13],[46.55,68.04],[46.72,67.84],[46,67.77],[45.35,67.73],[45.31,67.59],[45.03,67.53],[44.92,67.44],[44.95,67.32],[45.31,67.21],[45.59,67.16],[45.85,66.89],[46.04,66.83],[46.49,66.88],[46.58,66.82],[46.93,66.84],[47.41,66.93],[47.59,66.92],[47.73,67],[47.7,67.2],[47.77,67.34],[47.95,67.44],[47.82,67.56],[48.01,67.65],[48.26,67.68],[48.53,67.67],[48.92,67.69],[48.81,67.77],[48.84,67.87],[49.13,67.86],[49.65,67.98],[50.43,68.22],[50.8,68.38],[50.95,68.34],[51.34,68.4],[51.56,68.48],[52.06,68.54],[52.33,68.49],[52.16,68.4],[52.4,68.34],[52.73,68.47],[52.5,68.62],[52.81,68.77],[53.44,68.92],[54.1,69],[54.36,68.96],[53.96,68.88],[53.84,68.71],[53.72,68.66],[53.92,68.49],[53.93,68.39],[53.62,68.34],[53.32,68.35],[53.24,68.25],[53.81,68.25],[54.24,68.21],[54.47,68.3],[54.65,68.19],[54.86,68.19],[54.94,68.4],[55.39,68.56],[55.79,68.59],[55.95,68.65],[56.2,68.62],[56.63,68.64],[56.85,68.57],[57.33,68.56],[57.6,68.74],[57.93,68.75],[57.98,68.85],[58.88,69],[59.42,68.77],[59.06,68.62],[59.11,68.4],[59.67,68.34],[59.96,68.47],[59.77,68.67],[60.47,68.72],[60.7,68.82],[60.94,68.96],[60.84,69.16],[60.58,69.15],[60.52,69.33],[60.14,69.58],[60.23,69.66],[60.65,69.67],[60.77,69.85],[60.93,69.87],[61.41,69.79],[62.16,69.75],[62.63,69.74],[63.41,69.67],[64.13,69.55],[64.55,69.45],[64.86,69.3],[65.42,69.18],[65.82,69.14],[65.85,69.06],[66.11,69.04],[66.68,68.9],[66.99,68.88],[67.06,68.78],[67.33,68.7],[67.9,68.47],[68.13,68.42],[68.38,68.23],[68.6,68.32],[68.57,68.38],[68.92,68.64],[69.11,68.88],[69,68.96],[68.79,68.92],[68.49,68.97],[68.13,69.22],[68.02,69.34],[68.1,69.4],[67.97,69.49],[67.63,69.59],[67.1,69.69],[66.86,69.64],[66.77,69.74],[66.87,70],[67.25,70.02],[67.33,70.11],[67.09,70.22],[67.28,70.48],[67.22,70.55],[67.32,70.78],[67.14,70.84],[66.69,70.77],[66.61,70.88],[66.82,71],[66.65,71.08],[66.81,71.16],[66.93,71.3],[67.31,71.35],[67.95,71.53],[68.48,71.84],[68.64,72.03],[68.87,72.53],[68.99,72.71],[69.28,72.84],[69.59,72.88],[70.17,72.9],[70.66,72.89],[71.56,72.92],[71.67,72.89],[72.5,72.79],[72.8,72.67],[72.73,72.62],[72.86,72.27],[72.6,72.06],[72.52,71.92],[72.35,71.86],[72.36,71.74],[72.21,71.61],[71.84,71.53],[71.84,71.43],[72.11,71.29],[72.67,71.11],[72.63,71.01],[72.83,70.89],[72.78,70.7],[72.69,70.63],[72.77,70.43],[72.46,70.3],[72.62,70.16],[72.49,70.04],[72.69,69.84],[72.5,69.65],[72.63,69.51],[72.65,69.29],[72.49,69.2],[72.58,68.94],[72.85,68.8],[73.07,68.75],[73.54,68.58],[73.64,68.5],[73.09,68.21],[73.08,68.12],[73.2,67.98],[73.2,67.87],[73.02,67.72],[72.79,67.63],[72.61,67.63],[72.41,67.48],[72.4,67.33],[72.06,67.31],[72.23,67.17],[71.72,66.92],[71.5,66.93],[71.49,66.81],[71.58,66.66],[71.08,66.63],[70.98,66.54],[70.69,66.52],[70.41,66.56],[70.3,66.64],[70.68,66.72],[70.58,66.76],[70.32,66.68],[70.17,66.71],[69.94,66.86],[69.6,66.79],[69.13,66.83],[69.11,66.62],[69.39,66.51],[69.73,66.48],[69.9,66.42],[70.36,66.33],[71.15,66.37],[71.68,66.32],[71.83,66.23],[71.99,66.23],[72.35,66.31],[72.37,66.47],[72.49,66.62],[72.94,66.66],[73,66.74],[73.49,66.82],[73.66,66.94],[73.87,67.01],[73.95,67.23],[73.9,67.3],[74.1,67.43],[74.73,67.69],[74.82,67.94],[74.7,68.18],[74.33,68.39],[74.47,68.54],[74.45,68.69],[74.63,68.77],[75.19,68.87],[75.62,68.9],[75.82,68.94],[76.38,68.99],[76.61,68.97],[76.7,68.86],[76.66,68.76],[77.32,68.53],[77.3,68.38],[77.17,68.28],[77.36,68.23],[77.23,68.12],[77.19,67.99],[77.31,67.91],[77.12,67.77],[77.68,67.62],[78.05,67.54],[78.23,67.58],[78.52,67.56],[78.48,67.67],[78.11,67.66],[77.92,67.73],[77.62,67.73],[77.46,67.79],[77.47,68],[77.54,68.13],[77.75,68.23],[78.1,68.25],[78.09,68.36],[77.96,68.5],[77.72,68.62],[77.68,68.89],[77.23,68.99],[76.93,69.01],[76.75,69.12],[76.43,69.14],[76.04,69.24],[75.51,69.26],[75.09,69.13],[74.72,69.09],[74.25,69.14],[73.96,69.08],[73.75,69.18],[73.9,69.41],[73.86,69.48],[73.52,69.75],[73.66,69.86],[73.77,70.1],[73.73,70.18],[74.01,70.3],[74.32,70.52],[74.32,70.67],[73.95,70.84],[73.91,70.95],[73.75,71.04],[73.56,71.26],[73.04,71.44],[73.48,71.65],[73.53,71.82],[73.94,71.91],[74.33,71.96],[74.93,72.1],[75.08,72.21],[75.11,72.35],[75,72.67],[74.75,72.81],[74.98,72.88],[75.32,72.82],[75.43,72.69],[75.7,72.55],[75.57,72.47],[75.72,72.25],[75.52,72.15],[75.44,71.99],[75.29,71.96],[75.26,71.74],[75.49,71.67],[75.53,71.54],[75.23,71.4],[75.34,71.33],[76.02,71.24],[77.78,71.14],[78,70.96],[78.46,70.89],[78.61,70.96],[78.5,71.12],[78.24,71.11],[78.28,71.26],[77.87,71.34],[77.67,71.29],[77.23,71.36],[77.07,71.43],[76.71,71.46],[76.33,71.56],[76.03,71.92],[76.35,72],[76.95,72.04],[77.58,71.83],[78.11,71.88],[78.2,72],[77.94,72.12],[77.56,72.07],[77.49,72.18],[77.74,72.22],[78.09,72.36],[78.5,72.41],[79.02,72.38],[79.39,72.39],[80.01,72.21],[80.83,72.08],[80.65,72.03],[81.25,71.86],[81.34,71.76],[81.74,71.7],[82.19,71.71],[82.87,71.79],[83.32,71.68],[82.99,71.46],[82.82,71.39],[82.3,71.29],[82.35,71.1],[82.2,71.02],[82.41,70.79],[82.24,70.7],[82.16,70.57],[82.45,70.61],[82.48,70.8],[82.69,70.96],[83.13,70.88],[83.14,70.76],[82.99,70.57],[83.01,70.43],[82.66,70.26],[82.67,70.17],[82.88,70.09],[83.18,70.14],[82.95,70.33],[83.48,70.34],[83.77,70.48],[83.38,71.03],[83.15,71.24],[83.54,71.5],[83.63,71.61],[83.36,71.84],[82.79,71.91],[82.19,72.09],[82.3,72.13],[82.2,72.28],[81.59,72.35],[81.21,72.35],[80.7,72.55],[80.63,72.73],[80.84,72.92],[80.75,73.04],[80.51,73.08],[80.53,73.28],[80.27,73.31],[80.61,73.45],[80.57,73.58],[80.83,73.57],[81.53,73.65],[81.96,73.66],[83.48,73.66],[83.73,73.7],[84.37,73.71],[84.79,73.76],[85.01,73.71],[85.43,73.71],[85.6,73.82],[86.02,73.87],[86.78,73.9],[87.08,73.87],[87.01,73.78],[86.52,73.67],[86.2,73.56],[87.16,73.61],[87.43,73.82],[87.24,73.86],[87,74.05],[86.73,74.13],[86.8,74.18],[86.51,74.26],[86.02,74.26],[86.16,74.36],[86.48,74.46],[86.49,74.57],[86.19,74.62],[85.74,74.64],[85.94,74.73],[86.64,74.7],[87.08,74.77],[87.1,74.86],[87.39,74.94],[87.35,75.04],[86.9,75.09],[87.02,75.16],[87.59,75.14],[87.91,75.1],[88.31,75.18],[88.61,75.34],[89.13,75.45],[89.72,75.45],[90.23,75.6],[90.31,75.72],[90,75.92],[90,76.83],[90,77.74],[90,78.2],[90,79.11],[90,80.02],[90,80.47],[88.84,81.28],[90,81.73],[90,82.22],[90,83.19],[90,83.68],[90,84.65],[90,85.14],[90,86.11],[90,86.59],[90,87.57],[90,88.54],[90,89.51],[90,90],[0,90],[0,89],[0,88],[0,87.5],[0,86.51],[0,85.51],[0,84.51],[0,84.01],[0,83.01],[0,82.51],[0,81.52],[0,80.52],[0,79.52],[0,79.02],[0,78.02],[0,77.52],[0,76.53],[0,75.53],[0,74.53],[0,74.03],[0,73.03],[0,72.53],[0,71.54],[0,71.04],[0,70.04],[0,69.54],[0,68.54],[0,67.54],[0,66.55],[0,66.05],[0,65.05],[0,64.55],[0,63.55],[0,62.55],[0,61.56],[0,61.06],[0,60.06],[0,59.56],[0,58.56],[0,58.06],[0,57.06],[0,56.07],[0,55.57],[0.67,54.86],[1.35,54.15],[2.02,53.43],[2.69,52.72],[3.36,52.01],[2.52,51.56],[1.68,51.1],[0.84,50.65],[0,50.19],[0,49.33]],[[56.99,74.69],[56.63,74.69],[56.47,74.8],[55.94,74.78],[55.88,74.85],[56.54,74.92],[55.87,75],[55.81,75.16],[56.37,75.19],[56.61,75.11],[56.88,75.22],[56.76,75.29],[57.05,75.4],[57.74,75.33],[57.56,75.52],[58.19,75.59],[58.26,75.69],[59.14,75.87],[59.4,75.94],[59.75,75.93],[60.05,75.99],[60.27,76.11],[60.84,76.12],[61.08,76.28],[61.64,76.31],[62.09,76.25],[62.78,76.27],[62.96,76.21],[63.72,76.35],[64.03,76.32],[64.83,76.48],[65.17,76.48],[65.61,76.58],[65.75,76.68],[66.41,76.85],[66.94,76.95],[67.59,77.01],[68.46,76.97],[68.93,76.72],[68.75,76.51],[68.34,76.35],[68.29,76.28],[67.91,76.26],[67.15,76.1],[66.69,76.06],[66.18,75.96],[65.22,75.85],[63.86,75.67],[63.61,75.68],[63.3,75.59],[63.03,75.59],[62.27,75.44],[62.05,75.45],[60.83,75.15],[60.56,74.87],[60.28,74.75],[59.93,74.73],[59.87,74.63],[59.6,74.6],[59.22,74.62],[59.09,74.49],[58.57,74.39],[58.73,74.24],[58.51,74.22],[58.1,74.06],[57.88,73.93],[57.95,73.81],[57.59,73.7],[57.57,73.61],[57.33,73.57],[57.25,73.46],[56.91,73.31],[56.58,73.26],[56.12,73.29],[55.77,73.35],[55.43,73.33],[55.02,73.44],[54.47,73.39],[54.2,73.5],[54.54,73.61],[54.07,73.61],[53.63,73.76],[53.87,73.78],[54.25,73.92],[54.73,73.98],[54.68,74.07],[55.02,74.17],[55.62,74.19],[55.53,74.35],[55.23,74.38],[55.71,74.52],[55.53,74.65],[55.9,74.66],[56.39,74.72],[56.56,74.68],[56.99,74.69]],[[20.21,78.64],[19.76,78.62],[19.68,78.51],[18.99,78.47],[19.07,78.38],[18.92,78.18],[19.06,78.09],[18.58,78.06],[18.33,77.9],[18.45,77.76],[18.19,77.49],[17.81,77.49],[17.48,77.31],[17.32,76.98],[16.94,76.78],[17.19,76.7],[16.81,76.57],[16.34,76.62],[16.28,76.71],[15.94,76.76],[15.58,76.92],[16.09,77.03],[15.35,77.01],[15.04,77.13],[14.37,77.2],[14.32,77.28],[13.96,77.43],[13.91,77.53],[14.44,77.59],[14.77,77.55],[15.85,77.53],[15.85,77.58],[14.97,77.62],[15.12,77.7],[16.87,77.81],[16.68,77.87],[15.79,77.84],[15.55,77.88],[15.09,77.79],[14.46,77.76],[13.72,77.77],[13.59,78.06],[13.87,78.1],[15.03,78.12],[15.3,78.22],[15.56,78.24],[15.8,78.34],[16.94,78.35],[16.41,78.43],[16.5,78.55],[16.83,78.67],[16.46,78.68],[16.32,78.57],[16,78.48],[15.44,78.46],[15.21,78.66],[14.8,78.64],[14.38,78.5],[14.28,78.31],[13.86,78.21],[12.91,78.25],[12.86,78.36],[12.36,78.49],[12.35,78.6],[12.02,78.61],[11.64,78.75],[11.86,78.86],[11.56,78.89],[11.57,78.98],[12.12,79.26],[11.59,79.27],[11.7,79.17],[11.28,79.1],[10.84,79.37],[10.9,79.47],[10.71,79.56],[11.2,79.72],[11.82,79.85],[12.77,79.77],[13.06,79.83],[13.8,79.88],[13.97,79.78],[13.74,79.71],[13.01,79.67],[12.65,79.59],[13.48,79.59],[13.88,79.54],[14.55,79.81],[14.86,79.77],[15.26,79.62],[15.5,79.33],[16.13,79.06],[16.15,79.23],[15.96,79.31],[15.65,79.85],[16.29,80.07],[16.62,79.99],[17.56,79.9],[18.35,79.63],[18.73,79.54],[18.88,79.44],[18.95,79.16],[19.79,79.17],[19.91,79.01],[20.45,78.95],[21.52,78.85],[21.51,78.75],[21.04,78.64],[20.21,78.64]],[[21.02,78.22],[20.66,78.39],[20.18,78.5],[20.87,78.56],[21.18,78.62],[21.98,78.57],[22.24,78.49],[22.27,78.27],[21.02,78.22]],[[24.42,77.83],[23.89,77.51],[23.35,77.38],[23.23,77.26],[22.7,77.24],[22.43,77.26],[22.44,77.44],[22.19,77.5],[20.92,77.44],[20.87,77.57],[21.19,77.6],[21.26,77.73],[21.66,77.92],[20.88,78.09],[20.99,78.14],[21.7,78.21],[22.4,78.2],[22.97,78.26],[23.47,78.15],[23.07,78.07],[23.12,77.99],[23.63,77.87],[24.42,77.83]],[[89.69,77.28],[89.75,77.16],[89.3,77.15],[89.13,77.22],[89.3,77.31],[89.69,77.28]],[[12.14,78.24],[11.31,78.45],[10.53,78.79],[10.84,78.88],[11.18,78.73],[11.27,78.57],[11.89,78.4],[12.14,78.24]],[[27.17,80.07],[27.15,79.85],[26.5,79.72],[25.83,79.63],[25.97,79.53],[25.65,79.4],[25.18,79.34],[24.77,79.37],[24.29,79.31],[24.05,79.19],[22.93,79.22],[22.42,79.41],[21.71,79.37],[20.82,79.38],[20.73,79.46],[20.2,79.47],[19.69,79.55],[19.63,79.61],[20.48,79.69],[21.85,79.71],[21.89,79.82],[20.17,79.79],[19.49,79.72],[18.78,79.72],[18.15,79.92],[18.81,79.98],[18.38,80.04],[18.01,80.19],[19.4,80.14],[19.11,80.26],[19.8,80.49],[20.19,80.42],[20.88,80.21],[21.85,80.27],[21.76,80.15],[22.37,80.11],[22.56,80.31],[22.83,80.41],[23.27,80.45],[23.31,80.29],[23.06,80.25],[23.6,80.14],[23.76,80.28],[24.38,80.33],[24.89,80.26],[25.94,80.19],[26.81,80.17],[27.17,80.07]],[[51.69,80.73],[50.95,80.54],[49.73,80.49],[49.82,80.4],[49.49,80.36],[48.84,80.39],[48.65,80.32],[49.11,80.19],[48.44,80.1],[47.63,80.12],[47.93,80.25],[47.45,80.24],[47.1,80.17],[46.66,80.27],[47.09,80.37],[47.43,80.32],[48.2,80.42],[48.01,80.55],[48.41,80.57],[48.83,80.5],[49.63,80.64],[49,80.78],[49.68,80.85],[50.72,80.9],[51.69,80.73]],[[55.79,80.64],[55.43,80.71],[56.53,80.79],[56.93,80.66],[55.79,80.64]],[[55.77,80.78],[54.88,80.72],[54.41,80.85],[55.1,80.9],[55.77,80.78]],[[54.56,81],[54.86,81.08],[55.58,81.01],[56.02,81.04],[56.65,80.94],[57.68,80.82],[57.06,80.69],[56.67,80.81],[55.8,80.85],[55.4,80.96],[54.56,81]],[[55.65,81.2],[55.83,81.32],[56.73,81.4],[57.69,81.33],[56.43,81.17],[55.65,81.2]],[[57.27,81.43],[57.01,81.54],[58.4,81.47],[58.31,81.38],[57.27,81.43]],[[62.5,81.65],[62.77,81.71],[63.68,81.69],[63.47,81.59],[62.5,81.65]],[[58.3,81.71],[58.16,81.83],[59.21,81.86],[59.36,81.75],[58.3,81.71]],[[62.77,80.89],[63.14,80.97],[64.04,80.99],[64.42,81.19],[65.23,81.14],[65.45,80.92],[65,80.81],[64.43,80.74],[63.13,80.68],[62.62,80.8],[62.77,80.89]],[[58.13,80.78],[58.16,80.87],[58.93,80.88],[58.93,80.78],[58.13,80.78]],[[57.34,80.89],[56.8,81.03],[57.64,81.02],[58.28,80.93],[57.84,80.85],[57.34,80.89]],[[60.26,81.04],[60.61,81.09],[61.68,81.11],[61.6,81.03],[60.99,80.92],[60.07,80.98],[60.26,81.04]],[[58.65,81.04],[58.25,80.96],[57.88,81.03],[58.07,81.11],[58.65,81.04]],[[62.22,80.81],[62.07,80.61],[61.71,80.6],[61.04,80.41],[60.31,80.5],[59.64,80.43],[59.24,80.53],[59.23,80.64],[59.69,80.84],[60.56,80.82],[62.07,80.88],[62.22,80.81]],[[57.53,80.13],[57.22,80.24],[57.27,80.39],[56.95,80.48],[58.45,80.47],[59.19,80.38],[58.19,80.29],[57.91,80.18],[57.53,80.13]],[[55.71,80.1],[56.02,80.18],[55.99,80.34],[57.13,80.31],[57.14,80.12],[56.96,80.07],[55.71,80.1]],[[50.08,80.07],[49.53,80.16],[50.23,80.23],[50.08,80.07]],[[52.62,80.18],[52.57,80.29],[52.86,80.41],[53.34,80.4],[53.59,80.24],[53.49,80.17],[52.62,80.18]],[[51.35,79.95],[50.55,79.99],[51,80.1],[51.35,79.95]],[[59,79.98],[58.8,80.04],[59.53,80.12],[59.93,79.99],[59.21,79.93],[59,79.98]],[[79.81,80.97],[80.44,80.94],[80.33,80.86],[79.13,80.81],[79.24,80.95],[79.81,80.97]],[[33.1,80.23],[32.83,80.13],[31.61,80.07],[31.5,80.12],[33.1,80.23]],[[46.69,80.53],[46.07,80.57],[45.49,80.52],[45.09,80.65],[46.92,80.75],[47.54,80.86],[48.28,80.83],[48.65,80.76],[48.76,80.66],[48.06,80.66],[47.56,80.75],[46.99,80.55],[46.69,80.53]],[[77.61,79.52],[76.7,79.48],[76.17,79.57],[76.48,79.64],[77.61,79.52]],[[20.1,79.12],[20.47,79.13],[20.83,79.06],[20.41,79],[20.1,79.12]],[[82.24,75.38],[81.69,75.28],[81.49,75.36],[81.94,75.39],[82.24,75.38]],[[86.08,74.56],[86.11,74.49],[85.66,74.47],[85.79,74.57],[86.08,74.56]],[[75.92,73.52],[75.8,73.45],[75.36,73.47],[75.62,73.55],[75.92,73.52]],[[71.67,73.23],[71.49,73.15],[70.66,73.1],[70.26,73.04],[69.93,73.13],[70.07,73.26],[69.98,73.41],[70.47,73.5],[70.95,73.52],[71.11,73.44],[71.14,73.27],[71.46,73.35],[71.67,73.23]],[[74.73,73.11],[74.65,72.94],[74.47,72.9],[74.09,73.03],[74.21,73.11],[74.73,73.11]],[[79.56,72.77],[79.4,72.7],[78.91,72.74],[78.59,72.86],[79.14,73.1],[79.37,73.03],[79.56,72.77]],[[51.41,71.81],[51.44,71.94],[51.61,72.09],[51.96,72.12],[52.33,72.07],[52.48,72.17],[52.4,72.22],[52.67,72.31],[52.7,72.5],[52.91,72.6],[52.79,72.68],[52.4,72.72],[52.62,72.86],[53.14,72.96],[53.16,73.15],[53.32,73.22],[53.75,73.3],[54.19,73.27],[54.53,73.38],[54.93,73.43],[55.3,73.34],[56.44,73.23],[56.55,73.12],[56.23,73.01],[56.22,72.83],[56.14,72.78],[55.74,72.78],[55.68,72.57],[55.47,72.44],[55.38,72.3],[55.57,72.2],[55.34,72.07],[55.36,71.94],[55.5,71.9],[55.67,71.61],[56.03,71.37],[56.11,71.26],[57.06,70.86],[57.48,70.79],[57.64,70.73],[57.44,70.63],[57.17,70.61],[56.36,70.65],[56.13,70.6],[55.82,70.61],[55.44,70.74],[55.23,70.67],[55.27,70.59],[54.76,70.68],[54.69,70.77],[54.49,70.78],[54.01,70.76],[53.68,70.91],[53.67,71],[53.49,71.07],[54.08,71.1],[53.58,71.2],[53.25,71.46],[52.87,71.4],[52.61,71.47],[52.57,71.58],[51.86,71.46],[51.53,71.57],[51.41,71.81]],[[60.54,69.82],[60.48,69.72],[60.2,69.69],[59.56,69.72],[59.6,69.82],[59.43,69.89],[59.05,69.9],[58.7,70],[58.61,70.14],[58.45,70.2],[58.52,70.33],[58.73,70.42],[59.02,70.48],[59.32,70.37],[59.78,70.13],[60.01,70.1],[60.48,69.92],[60.54,69.82]],[[53.23,71.22],[53.12,71.09],[52.8,71.09],[52.77,71.17],[52.56,71.25],[52.25,71.27],[52.26,71.35],[52.74,71.41],[53.06,71.24],[53.23,71.22]],[[26.14,71.04],[26.07,70.98],[25.53,70.93],[25.29,71.05],[25.55,71.14],[26.14,71.04]],[[19.16,74.53],[19.3,74.48],[19.07,74.35],[18.79,74.48],[19.16,74.53]],[[22.42,70.51],[22.14,70.48],[22.27,70.67],[22.54,70.72],[22.77,70.65],[23.13,70.76],[23.09,70.59],[22.91,70.54],[22.64,70.56],[22.42,70.51]],[[23.66,70.5],[23.59,70.42],[23.22,70.28],[22.95,70.36],[22.9,70.45],[23.31,70.52],[23.48,70.62],[23.66,70.5]],[[22.92,70.3],[22.73,70.26],[22.37,70.33],[22.69,70.39],[22.92,70.3]],[[24.07,70.66],[24.1,70.59],[23.87,70.51],[23.7,70.57],[23.64,70.7],[23.82,70.75],[24.07,70.66]],[[20.79,70.09],[20.43,70.07],[20.42,70.17],[20.59,70.24],[20.82,70.19],[20.79,70.09]],[[19.81,70],[19.72,69.86],[19.53,69.92],[19.81,70]],[[19.62,70.02],[19.41,69.84],[19.12,69.79],[18.77,69.96],[18.88,70.02],[19.21,70.1],[19.39,69.99],[19.62,70.02]],[[19,69.83],[19.03,69.74],[18.8,69.68],[18.82,69.59],[18.26,69.53],[18.36,69.79],[18.65,69.8],[18.82,69.89],[19,69.83]],[[18.07,69.44],[17.92,69.33],[17.96,69.18],[17.52,69.16],[16.82,69.05],[16.92,69.32],[17.26,69.48],[17.77,69.55],[18.05,69.5],[18.07,69.44]],[[16.53,68.72],[16.48,68.55],[16.09,68.53],[15.9,68.37],[15.69,68.34],[15.22,68.34],[15.24,68.56],[15.51,68.64],[15.46,68.8],[15.68,68.96],[15.91,68.96],[15.86,68.78],[15.93,68.68],[16.2,68.76],[16.31,68.87],[16.51,68.8],[16.53,68.72]],[[16.42,68.49],[16.4,68.41],[16.09,68.4],[16.19,68.51],[16.42,68.49]],[[15,68.37],[14.76,68.26],[14.2,68.15],[14.3,68.31],[14.65,68.43],[15.17,68.45],[15,68.37]],[[14.03,68.26],[13.72,68.08],[13.49,68.11],[13.5,68.24],[13.64,68.29],[14.03,68.26]],[[13.05,68.1],[13.13,67.95],[12.84,67.88],[13.05,68.1]],[[14.4,68.66],[14.44,68.76],[14.72,68.76],[15.3,68.91],[15.39,68.73],[15.34,68.65],[15.06,68.58],[14.82,68.64],[15.17,68.7],[15.07,68.75],[14.62,68.63],[14.4,68.66]],[[15.53,68.91],[15.46,69.01],[15.57,69.11],[15.79,69.16],[15.86,69.25],[16.15,69.29],[16.06,69.14],[15.85,69.03],[15.53,68.91]],[[12.45,65.43],[12.49,65.39],[12.25,65.28],[12.2,65.47],[12.45,65.43]],[[8.36,63.67],[8.81,63.79],[8.74,63.69],[8.36,63.67]],[[9.14,63.57],[9.11,63.53],[8.5,63.43],[8.32,63.51],[8.55,63.6],[8.97,63.66],[9.14,63.57]],[[7.91,63.34],[7.78,63.41],[8,63.47],[8.18,63.39],[7.91,63.34]],[[5.99,62.4],[6.07,62.35],[5.87,62.26],[5.8,62.36],[5.99,62.4]],[[5.74,62.28],[5.78,62.21],[5.55,62.19],[5.56,62.29],[5.74,62.28]],[[4.87,61.89],[5.22,61.85],[4.92,61.78],[4.87,61.89]],[[5.69,60.68],[5.68,60.48],[5.49,60.44],[5.32,60.55],[5.69,60.68]],[[5.62,60.07],[5.57,59.92],[5.38,60],[5.62,60.07]],[[5.49,59.86],[5.31,59.79],[5.25,59.91],[5.42,59.94],[5.49,59.86]],[[5.31,59.76],[5.08,59.77],[5.17,59.85],[5.31,59.76]],[[11.74,58.06],[11.73,58],[11.53,57.95],[11.52,58.05],[11.74,58.06]],[[4.04,51.69],[3.98,51.62],[3.8,51.7],[3.94,51.74],[4.04,51.69]],[[8.83,56.74],[8.65,56.68],[8.55,56.77],[8.65,56.89],[8.84,56.87],[8.83,56.74]],[[11.14,57.33],[11.03,57.2],[10.85,57.26],[11.14,57.33]],[[12.04,54.89],[12.17,54.84],[11.96,54.69],[11.75,54.87],[11.88,54.98],[11.65,55.18],[11.42,55.22],[11.25,55.21],[11.16,55.32],[11.21,55.42],[11.07,55.68],[11.25,55.73],[11.64,55.94],[11.76,55.75],[12.03,55.94],[11.87,55.97],[12.25,56.13],[12.49,56.1],[12.62,56.04],[12.51,55.92],[12.6,55.8],[12.6,55.71],[12.47,55.61],[12.25,55.55],[12.22,55.43],[12.44,55.35],[12.39,55.26],[12.18,55.23],[12.05,55.14],[12.15,54.99],[12.04,54.89]],[[12.42,55.03],[12.23,54.89],[12.13,54.95],[12.42,55.03]],[[15.15,55.13],[15.07,54.99],[14.7,55.09],[14.75,55.3],[15.15,55.13]],[[13.7,54.39],[13.5,54.34],[13.35,54.24],[13.12,54.34],[13.25,54.39],[13.17,54.55],[13.37,54.53],[13.47,54.58],[13.64,54.59],[13.58,54.47],[13.7,54.39]],[[11.26,54.48],[11.19,54.43],[11.01,54.47],[11.12,54.54],[11.26,54.48]],[[11.85,54.73],[11.81,54.66],[11.61,54.67],[11.45,54.63],[11.19,54.73],[11.03,54.76],[11.02,54.9],[11.23,54.96],[11.37,54.88],[11.57,54.85],[11.73,54.87],[11.85,54.73]],[[10.85,55.04],[10.84,54.94],[10.74,54.75],[10.64,54.84],[10.7,54.93],[10.85,55.04]],[[10.67,55.06],[10.54,55.03],[10.31,55.06],[10.11,55.18],[9.88,55.25],[9.81,55.44],[9.89,55.51],[10.31,55.62],[10.49,55.55],[10.5,55.46],[10.7,55.44],[10.83,55.31],[10.73,55.07],[10.67,55.06]],[[10.01,54.98],[9.97,54.86],[9.78,54.92],[9.8,55.02],[10.01,54.98]],[[17.12,57.32],[16.88,56.92],[16.78,56.81],[16.64,56.57],[16.57,56.35],[16.41,56.23],[16.4,56.54],[16.62,56.87],[16.72,56.89],[16.89,57.12],[16.97,57.3],[17.12,57.32]],[[19.04,57.87],[18.94,57.73],[18.81,57.71],[18.76,57.51],[18.77,57.36],[18.71,57.24],[18.43,57.15],[18.34,57.08],[18.36,56.99],[18.2,56.92],[18.23,57.13],[18.1,57.26],[18.18,57.38],[18.11,57.51],[18.46,57.8],[18.78,57.84],[18.9,57.9],[19.04,57.87]],[[23.23,58.5],[23.09,58.39],[22.76,58.24],[22.54,58.25],[22.32,58.21],[22.19,57.98],[22,57.99],[22.09,58.08],[22.02,58.23],[21.87,58.26],[21.99,58.39],[21.9,58.47],[22.11,58.5],[22.32,58.58],[22.64,58.59],[22.9,58.62],[23.23,58.5]],[[23.38,58.58],[23.22,58.54],[23.06,58.6],[23.15,58.68],[23.29,58.67],[23.38,58.58]],[[22.29,58.9],[22.46,58.97],[22.6,59.09],[22.74,59.01],[22.93,58.98],[23.04,58.84],[22.74,58.81],[22.56,58.69],[22.38,58.88],[22.29,58.9]],[[20.21,60.22],[20.01,60.09],[19.75,60.1],[19.68,60.26],[19.93,60.28],[20.09,60.36],[20.28,60.28],[20.21,60.22]],[[22.84,60.24],[22.85,60.11],[22.73,60.05],[22.47,60],[22.47,60.18],[22.84,60.24]],[[11.81,58.23],[11.8,58.13],[11.71,58.1],[11.43,58.16],[11.74,58.29],[11.81,58.23]],[[50.32,69.15],[49.95,69.07],[49.72,68.89],[49.25,68.78],[48.59,68.73],[48.22,68.91],[48.22,69.07],[48.3,69.28],[48.45,69.37],[48.81,69.49],[49.27,69.51],[50.16,69.26],[50.32,69.15]],[[35.87,65.03],[35.6,65.04],[35.52,65.14],[35.82,65.15],[35.87,65.03]],[[40.45,64.58],[40.19,64.57],[40.23,64.7],[40.45,64.58]],[[67.33,69.57],[67.26,69.44],[67.06,69.45],[67.15,69.56],[67.33,69.57]],[[70.13,66.56],[69.84,66.49],[69.55,66.59],[69.42,66.77],[69.73,66.77],[70.09,66.69],[70.13,66.56]],[[78.28,72.55],[78.39,72.49],[77.59,72.29],[76.92,72.29],[76.91,72.37],[77.23,72.46],[77.31,72.55],[77.61,72.63],[78.28,72.55]]]},"properties":{"featurecla":"Bathymetry","depth":0,"scalerank":0}},
{"type":"Feature","geometry":{"type":"Polygon","coordinates":[[[90.23,75.6],[90.86,75.67],[91.29,75.63],[92.01,75.73],[93.55,75.85],[93.52,75.95],[93.01,75.94],[93.21,76.04],[93.79,76.04],[93.69,76.13],[94.74,76.12],[95.26,76.12],[95.39,76.16],[96.11,76.11],[96.08,75.96],[96.48,76.02],[96.83,75.92],[97.2,75.99],[97.84,75.99],[97.8,76.09],[98.58,76.23],[99.17,76.21],[99.26,76.13],[99.75,76.05],[99.88,76.1],[99.56,76.28],[99.07,76.35],[98.87,76.52],[99.51,76.47],[100.23,76.49],[100.85,76.54],[101.04,76.52],[101.23,76.77],[100.86,76.84],[100.92,76.98],[101.21,76.99],[101.21,77.1],[102.16,77.4],[102.89,77.55],[103.2,77.66],[103.59,77.63],[104.02,77.73],[104.68,77.71],[104.98,77.59],[105.33,77.54],[105.87,77.57],[105.98,77.44],[105.46,77.24],[104.88,77.17],[104.87,77.09],[105.8,77.11],[106.5,77.02],[106.83,77.05],[107.25,77.01],[107.47,76.91],[107.08,76.81],[106.61,76.56],[107.04,76.51],[107.59,76.51],[107.98,76.62],[107.95,76.74],[108.68,76.72],[109.33,76.76],[110.06,76.69],[110.36,76.76],[111.56,76.68],[112.2,76.47],[112.67,76.36],[112.74,76.27],[113.26,76.27],[113.46,76.15],[113.52,75.93],[113.89,75.85],[113.62,75.66],[113.26,75.69],[112.56,75.85],[112.52,75.77],[112.82,75.74],[112.88,75.65],[113.21,75.65],[113.34,75.54],[113.71,75.46],[113.61,75.28],[112.88,74.99],[112.15,74.88],[111.95,74.73],[111.74,74.66],[111.47,74.7],[110.96,74.55],[110.5,74.48],[110.21,74.37],[110,74.37],[109.89,74.2],[109.48,74.08],[109,74.02],[108.62,73.87],[108.49,73.77],[108.09,73.66],[107.78,73.62],[107.15,73.62],[107.13,73.53],[106.65,73.31],[106.23,73.32],[106.06,73.27],[106.01,73.16],[105.65,72.91],[105.29,72.8],[105.48,72.77],[105.75,72.86],[106.14,72.91],[106.25,72.97],[106.18,73.09],[106.36,73.19],[106.78,73.14],[107.04,73.18],[107.72,73.17],[108.39,73.32],[109.22,73.39],[109.43,73.45],[109.71,73.45],[110.42,73.61],[110.9,73.69],[110.66,73.79],[110.29,73.71],[109.8,73.71],[109.53,73.78],[109.84,73.89],[110.02,74.01],[110.58,73.99],[111.01,73.91],[111.2,73.98],[111.44,73.81],[111.8,73.74],[112.37,73.71],[112.82,73.75],[113.11,73.89],[113.4,73.69],[113.13,73.45],[113.49,73.34],[113.49,73.51],[113.92,73.54],[114.11,73.6],[114.67,73.59],[115.41,73.71],[116.17,73.68],[116.6,73.67],[117.44,73.59],[118.45,73.59],[119,73.49],[118.71,73.44],[118.49,73.48],[118.35,73.28],[118.46,73.21],[118.92,73.12],[119.78,73.02],[120.66,72.98],[121.05,72.93],[121.39,72.98],[121.96,72.96],[122.04,72.89],[122.61,73.03],[123.14,72.92],[123.34,72.98],[123.38,73.16],[123.55,73.22],[123.33,73.35],[123.25,73.55],[123.9,73.71],[124.22,73.72],[124.34,73.8],[124.73,73.71],[125.21,73.65],[125.37,73.57],[125.65,73.53],[126.23,73.55],[126.4,73.51],[126.39,73.41],[126.91,73.46],[126.9,73.54],[127.99,73.47],[128.44,73.24],[128.89,73.22],[129.07,73.13],[129.44,73.03],[129.36,72.94],[128.93,72.98],[128.29,72.91],[128.23,72.82],[128.36,72.79],[129.31,72.72],[129.2,72.66],[128.66,72.71],[127.96,72.66],[128.19,72.57],[128.61,72.48],[129.12,72.48],[129.49,72.35],[129.52,72.25],[129.15,72.1],[128.49,72.2],[128.53,72.26],[127.77,72.39],[127.91,72.29],[128.19,72.23],[128.62,71.96],[128.66,71.86],[128.93,71.74],[128.88,71.6],[129.12,71.62],[129.25,71.55],[129.39,71.35],[129.65,71.26],[129.76,71.15],[130.16,71.05],[130.3,70.94],[130.88,70.77],[131.23,70.75],[131.55,70.89],[131.95,71.29],[132.26,71.68],[132.54,71.88],[132.81,71.83],[132.73,71.77],[132.99,71.72],[133.15,71.58],[133.65,71.44],[134.17,71.37],[134.49,71.38],[134.78,71.43],[135.03,71.54],[135.32,71.53],[135.42,71.59],[135.99,71.63],[136.77,71.52],[136.89,71.46],[137.36,71.37],[137.43,71.27],[137.77,71.17],[138.01,71.34],[137.83,71.39],[138.03,71.48],[138.04,71.56],[138.76,71.64],[139.05,71.57],[139.19,71.42],[139.44,71.5],[139.72,71.46],[140,71.52],[139.73,71.67],[139.71,71.87],[139.57,71.93],[139.87,72.18],[139.56,72.23],[139.19,72.16],[139.14,72.3],[139.54,72.5],[140.07,72.48],[140.58,72.5],[140.88,72.54],[141.01,72.69],[140.66,72.81],[140.73,72.9],[141.39,72.84],[141.55,72.77],[142.23,72.7],[142.54,72.72],[143.09,72.69],[143.49,72.7],[143.71,72.67],[145.41,72.56],[145.71,72.5],[146.12,72.47],[146.79,72.33],[145.69,72.36],[145.33,72.35],[144.94,72.44],[144.71,72.37],[144.42,72.18],[145.07,72.26],[146.93,72.31],[146.5,72.07],[146.24,71.99],[145.99,72.03],[146.32,72.14],[145.85,72.16],[145.62,72.08],[145.79,72.03],[145.75,71.91],[145.22,71.84],[144.91,71.7],[145.34,71.66],[146.16,71.82],[147.2,72.33],[147.75,72.34],[148.4,72.31],[148.96,72.25],[149.61,72.15],[150.07,71.92],[150.02,71.85],[149.71,71.77],[149.41,71.9],[149.04,71.76],[149.18,71.69],[149.77,71.65],[149.97,71.53],[150.67,71.47],[150.86,71.37],[151.49,71.33],[152.1,71.05],[151.97,70.94],[152.21,70.88],[152.61,70.83],[152.99,70.83],[153.93,70.89],[154.24,70.96],[155.94,71.1],[157.59,71.07],[157.99,71.05],[158.52,70.97],[159.24,70.83],[159.69,70.67],[160.02,70.42],[160.11,70.26],[159.69,69.89],[159.8,69.81],[160.38,69.67],[160.93,69.64],[161.01,69.58],[160.92,69.46],[161.02,69.28],[160.96,69.11],[161.29,69.04],[161.39,68.94],[161.57,69.01],[161.4,69.22],[161.44,69.38],[161.6,69.43],[161.7,69.5],[162.03,69.55],[162.21,69.66],[162.62,69.68],[162.77,69.65],[163.17,69.72],[163.77,69.69],[164.03,69.77],[164.44,69.62],[164.83,69.57],[165.27,69.6],[165.67,69.6],[166.08,69.52],[166.63,69.53],[166.94,69.5],[167.51,69.7],[167.67,69.77],[167.94,69.72],[167.93,69.65],[168.24,69.56],[168.19,69.38],[168.29,69.24],[168.85,69.19],[169.42,69.02],[169.45,68.85],[169.63,68.78],[170.35,68.83],[170.89,68.99],[171.03,69.05],[170.89,69.18],[170.91,69.3],[170.75,69.39],[170.58,69.6],[170.29,69.58],[170.23,69.69],[170.59,69.76],[170.52,69.94],[170.61,70.12],[171.32,70.07],[171.99,69.99],[172.79,69.96],[172.86,69.9],[173.37,69.79],[173.48,69.84],[173.46,69.95],[173.93,69.85],[174.07,69.89],[175.09,69.85],[175.5,69.87],[175.93,69.78],[176.5,69.75],[176.73,69.67],[177.36,69.62],[178.21,69.44],[178.36,69.49],[178.77,69.42],[178.75,69.28],[179.07,69.3],[179.36,69.22],[180,68.98],[180,69.06],[180,69.56],[180,70.06],[180,70.55],[180,70.99],[179.67,70.87],[179.13,70.88],[178.83,70.81],[178.62,71.04],[178.91,71.24],[179.18,71.3],[179.56,71.45],[180,71.54],[180,71.55],[180,72.05],[180,72.55],[180,73.05],[180,73.55],[180,74.04],[180,74.54],[180,75.04],[180,75.54],[180,76.04],[180,76.54],[180,77.04],[180,77.53],[180,78.03],[180,78.53],[180,79.03],[180,79.53],[180,80.03],[180,80.53],[180,81.02],[180,81.52],[180,82.02],[180,82.52],[180,83.02],[180,83.52],[180,84.02],[180,84.52],[180,85.01],[180,85.51],[180,86.01],[180,86.51],[180,87.01],[180,87.51],[180,88.01],[180,88.5],[180,89],[180,89.5],[180,90],[179.5,90],[179,90],[178.5,90],[178,90],[177.5,90],[177,90],[176.5,90],[176.01,90],[175.51,90],[175.01,90],[174.51,90],[174.01,90],[173.51,90],[173.01,90],[172.51,90],[172.01,90],[171.51,90],[171.01,90],[170.51,90],[170.01,90],[169.51,90],[169.02,90],[168.52,90],[168.02,90],[167.52,90],[167.02,90],[166.52,90],[166.02,90],[165.52,90],[165.02,90],[164.52,90],[164.02,90],[163.52,90],[163.02,90],[162.52,90],[162.02,90],[161.53,90],[161.03,90],[160.53,90],[160.03,90],[159.53,90],[159.03,90],[158.53,90],[158.03,90],[157.53,90],[157.03,90],[156.53,90],[156.03,90],[155.53,90],[155.03,90],[154.54,90],[154.04,90],[153.54,90],[153.04,90],[152.54,90],[152.04,90],[151.54,90],[151.04,90],[150.54,90],[150.04,90],[149.54,90],[149.04,90],[148.54,90],[148.04,90],[147.55,90],[147.05,90],[146.55,90],[146.05,90],[145.55,90],[145.05,90],[144.55,90],[144.05,90],[143.55,90],[143.05,90],[142.55,90],[142.05,90],[141.55,90],[141.05,90],[140.55,90],[140.06,90],[139.56,90],[139.06,90],[138.56,90],[138.06,90],[137.56,90],[137.06,90],[136.56,90],[136.06,90],[135.56,90],[135.06,90],[134.56,90],[134.06,90],[133.56,90],[133.07,90],[132.57,90],[132.07,90],[131.57,90],[131.07,90],[130.57,90],[130.07,90],[129.57,90],[129.07,90],[128.57,90],[128.07,90],[127.57,90],[127.07,90],[126.57,90],[126.07,90],[125.58,90],[125.08,90],[124.58,90],[124.08,90],[123.58,90],[123.08,90],[122.58,90],[122.08,90],[121.58,90],[121.08,90],[120.58,90],[120.08,90],[119.58,90],[119.08,90],[118.59,90],[118.09,90],[117.59,90],[117.09,90],[116.59,90],[116.09,90],[115.59,90],[115.09,90],[114.59,90],[114.09,90],[113.59,90],[113.09,90],[112.59,90],[112.09,90],[111.6,90],[111.1,90],[110.6,90],[110.1,90],[109.6,90],[109.1,90],[108.6,90],[108.1,90],[107.6,90],[107.1,90],[106.6,90],[106.1,90],[105.6,90],[105.1,90],[104.6,90],[104.11,90],[103.61,90],[103.11,90],[102.61,90],[102.11,90],[101.61,90],[101.11,90],[100.61,90],[100.11,90],[99.61,90],[99.11,90],[98.61,90],[98.11,90],[97.61,90],[97.12,90],[96.62,90],[96.12,90],[95.62,90],[95.12,90],[94.62,90],[94.12,90],[93.62,90],[93.12,90],[92.62,90],[92.12,90],[91.62,90],[91.12,90],[90.62,90],[90.12,90],[90,90],[90,89.51],[90,88.54],[90,87.57],[90,86.59],[90,86.11],[90,85.14],[90,84.65],[90,83.68],[90,83.19],[90,82.22],[90,81.73],[88.84,81.28],[90,80.47],[90,80.02],[90,79.11],[90,78.2],[90,77.74],[90,76.83],[90,75.92],[90.31,75.72],[90.23,75.6]],[[128.32,72.81],[128.42,72.87],[128.99,72.93],[129.22,72.93],[129.42,72.81],[129.21,72.76],[128.32,72.81]],[[143.47,73.32],[143.57,73.23],[143.17,73.18],[142.54,73.21],[141.51,73.3],[140.79,73.41],[140.5,73.41],[139.97,73.33],[139.77,73.42],[139.91,73.47],[140.23,73.45],[140.49,73.49],[140.87,73.78],[141.13,73.88],[142.05,73.92],[142.58,73.83],[143.41,73.54],[143.54,73.44],[143.47,73.32]],[[136.26,73.96],[136.04,73.94],[135.44,74.16],[135.59,74.24],[136.03,74.1],[136.26,73.96]],[[113.41,74.44],[113.43,74.39],[113.16,74.23],[112.77,74.09],[112.16,74.14],[111.94,74.22],[111.58,74.26],[111.47,74.34],[111.99,74.4],[112.11,74.55],[112.75,74.5],[113.31,74.48],[113.41,74.44]],[[141.1,74.15],[141.04,74],[140.44,73.91],[140.16,74.07],[140.22,74.22],[140.89,74.28],[141.1,74.15]],[[145.37,75.54],[144.73,75.43],[144.69,75.16],[144.33,75.05],[144,75.02],[143.75,75.08],[143.41,75.07],[142.87,75.16],[142.49,75.38],[142.53,75.48],[143.01,75.6],[143,75.71],[142.32,75.71],[142.08,75.53],[142.2,75.35],[142.41,75.27],[142.63,75.1],[143.45,75.01],[143.46,74.9],[142.82,74.88],[142.36,74.82],[141.84,75],[141.37,74.92],[141.11,74.92],[140.07,74.83],[139.85,74.96],[139.5,74.95],[139.56,74.85],[139.34,74.69],[139.02,74.66],[138.82,74.71],[138.17,74.78],[137.9,74.85],[137.79,74.98],[137.15,75.13],[136.86,75.36],[137.43,75.39],[137.18,75.54],[137.28,75.59],[137.07,75.73],[137.2,75.79],[137.59,75.77],[137.43,75.95],[138.03,76.03],[138.14,76.12],[138.53,76.19],[138.96,76.21],[139.11,76.1],[139.91,75.94],[139.79,75.89],[140.15,75.8],[140.55,75.76],[140.44,75.65],[141.06,75.65],[140.86,75.74],[140.91,75.98],[141.39,76.14],[141.7,76.12],[142.15,76.01],[142.55,75.86],[143.06,75.81],[143.58,75.87],[143.95,75.83],[144.81,75.64],[145.17,75.61],[145.37,75.54]],[[150.83,75.16],[150.61,74.89],[149.8,74.81],[149.72,74.77],[149.21,74.76],[148.17,74.8],[147.66,74.95],[147.09,75.01],[146.65,75.13],[146.22,75.18],[146.07,75.24],[146.28,75.4],[146.39,75.59],[146.77,75.51],[146.64,75.45],[146.8,75.37],[147.16,75.34],[147.37,75.44],[148.41,75.42],[148.44,75.29],[148.61,75.22],[149.13,75.27],[150.13,75.23],[150.63,75.12],[150.83,75.16]],[[135.99,75.53],[135.84,75.38],[135.45,75.38],[135.59,75.57],[135.6,75.76],[136.16,75.63],[135.99,75.53]],[[111.96,76.6],[112.53,76.62],[112.62,76.46],[111.96,76.6]],[[149.37,76.74],[149.2,76.63],[148.45,76.62],[148.87,76.73],[149.37,76.74]],[[105.42,78.58],[105.36,78.51],[104.79,78.34],[104.19,78.33],[103.71,78.26],[102.87,78.22],[101.21,78.19],[101.01,78.13],[100.04,77.96],[99.51,77.94],[99.27,78.04],[100.05,78.34],[100,78.42],[100.29,78.59],[100.25,78.67],[101.03,79.03],[101.03,79.12],[101.31,79.24],[101.96,79.29],[102.3,79.43],[103.14,79.33],[102.74,79.16],[102.64,79.01],[103.35,79.12],[103.99,79.13],[104.07,79],[104.38,78.99],[104.5,78.86],[105.18,78.81],[105.42,78.58]],[[107.7,78.14],[107.57,78.07],[106.4,78.13],[106.48,78.16],[107.57,78.19],[107.7,78.14]],[[99.89,79.04],[99.88,78.93],[99.41,78.82],[97.76,78.81],[97.26,78.85],[96.8,78.99],[95.93,78.99],[95.42,79.11],[95.02,79.04],[94.36,79.24],[94.31,79.48],[93.75,79.54],[93.79,79.66],[94.17,79.78],[94.69,79.82],[94.29,79.9],[94.94,80.07],[95.5,80.11],[96.36,80.1],[97.59,80.17],[98.06,80.03],[97.77,79.95],[98.26,79.87],[98.58,79.98],[99.2,80.05],[100.02,79.82],[99.71,79.57],[99.75,79.36],[99.58,79.17],[99.89,79.04]],[[93.63,79.93],[93.67,79.83],[93.05,79.72],[92.62,79.67],[91.92,79.68],[92.1,79.81],[91.07,79.85],[91.26,79.9],[91.11,80.05],[91.78,80.06],[92.65,79.98],[93.63,79.93]],[[97.75,80.74],[97.19,80.65],[97.02,80.53],[97.21,80.36],[97.19,80.23],[95.03,80.14],[93.69,80],[92.5,80.16],[92.11,80.29],[91.47,80.35],[92.1,80.4],[91.92,80.47],[92.74,80.51],[92.89,80.68],[92.68,80.76],[92.72,80.89],[93.05,81],[94.89,81.14],[95.1,81.27],[95.78,81.29],[96.55,81.08],[96.97,80.91],[97.79,80.82],[97.75,80.74]],[[91.55,81.15],[91.19,81.06],[90,81.11],[90.07,81.21],[91.45,81.19],[91.55,81.15]],[[96.53,77.21],[96.48,77.08],[96.01,76.99],[95.7,77.08],[96.53,77.21]],[[96.64,76.27],[96.35,76.25],[96.4,76.16],[95.89,76.15],[95.31,76.2],[95.31,76.28],[96.64,76.27]],[[120.28,73.1],[120.23,73.04],[119.8,73.04],[119.66,73.11],[120.02,73.17],[120.28,73.1]],[[128.83,72.66],[128.78,72.55],[128.34,72.56],[128.13,72.64],[128.65,72.68],[128.83,72.66]],[[137.91,71.56],[137.77,71.43],[137.34,71.43],[137.04,71.51],[137.22,71.58],[137.71,71.6],[137.91,71.56]],[[169.45,69.85],[169.31,69.77],[169.31,69.66],[169.19,69.58],[168.87,69.57],[168.17,69.7],[168.06,69.76],[167.79,69.81],[167.82,69.88],[168.26,70.02],[168.83,69.94],[169.23,69.91],[169.45,69.85]],[[161.63,69.56],[161.62,69.45],[161.41,69.42],[161.39,69.59],[161.63,69.56]],[[161.49,69.03],[161.14,69.09],[161.32,69.24],[161.49,69.03]]]},"properties":{"featurecla":"Bathymetry","depth":0,"scalerank":0}},
{"type":"Feature","geometry":{"type":"Polygon","coordinates":[[[-80.11,0],[-80.07,0.05],[-80.04,0.18],[-80.05,0.32],[-79.99,0.37],[-80.04,0.44],[-80.02,0.56],[-80.09,0.65],[-80.08,0.82],[-79.86,0.88],[-79.77,0.96],[-79.57,0.98],[-79.46,1.07],[-79.25,1.08],[-79.15,1.11],[-79.07,1.21],[-78.96,1.16],[-78.83,1.38],[-78.82,1.46],[-79,1.61],[-78.97,1.68],[-78.85,1.82],[-78.76,1.83],[-78.57,1.78],[-78.55,1.86],[-78.59,2],[-78.67,2.03],[-78.7,2.19],[-78.59,2.4],[-78.43,2.59],[-78.33,2.65],[-78.28,2.54],[-78.09,2.51],[-78.1,2.65],[-77.95,2.67],[-77.9,2.58],[-77.78,2.58],[-77.75,2.63],[-77.81,2.75],[-77.64,2.9],[-77.65,3.07],[-77.51,3.19],[-77.46,3.36],[-77.37,3.4],[-77.31,3.55],[-77.2,3.62],[-77.15,3.8],[-77.25,3.84],[-77.31,3.91],[-77.19,4.07],[-77.32,4.05],[-77.35,3.93],[-77.43,4],[-77.44,4.16],[-77.35,4.22],[-77.39,4.35],[-77.32,4.55],[-77.32,4.71],[-77.37,5],[-77.36,5.3],[-77.41,5.46],[-77.49,5.59],[-77.36,5.61],[-77.26,5.7],[-77.25,5.79],[-77.35,6.03],[-77.48,6.19],[-77.42,6.24],[-77.4,6.4],[-77.34,6.54],[-77.41,6.69],[-77.53,6.71],[-77.57,6.8],[-77.7,6.92],[-77.65,6.98],[-77.79,7.15],[-77.92,7.24],[-78.01,7.38],[-78.14,7.5],[-78.24,7.65],[-78.33,7.84],[-78.39,7.92],[-78.43,8.08],[-78.29,8.08],[-78.24,8.15],[-78.31,8.25],[-78.18,8.3],[-78.16,8.39],[-78.3,8.45],[-78.45,8.39],[-78.49,8.47],[-78.5,8.63],[-78.61,8.67],[-78.76,8.83],[-78.83,8.81],[-78.87,8.89],[-79.01,8.96],[-79.18,9.01],[-79.39,9.02],[-79.48,9],[-79.6,8.89],[-79.7,8.86],[-79.76,8.8],[-79.77,8.58],[-79.86,8.55],[-79.97,8.44],[-80.22,8.3],[-80.38,8.31],[-80.47,8.22],[-80.46,8.04],[-80.35,7.99],[-80.3,7.88],[-80.14,7.75],[-80.05,7.64],[-79.99,7.5],[-80.14,7.42],[-80.25,7.43],[-80.36,7.38],[-80.38,7.31],[-80.47,7.25],[-80.71,7.22],[-80.87,7.21],[-80.95,7.56],[-81.02,7.65],[-81.09,7.79],[-81.18,7.82],[-81.2,7.64],[-81.53,7.71],[-81.57,7.85],[-81.62,7.89],[-81.71,8.13],[-82.11,8.23],[-82.2,8.2],[-82.28,8.34],[-82.4,8.29],[-82.51,8.28],[-82.66,8.32],[-82.81,8.3],[-82.88,8.22],[-82.97,8.22],[-83.15,8.37],[-83.1,8.43],[-83.14,8.55],[-83.38,8.74],[-83.48,8.71],[-83.4,8.59],[-83.29,8.52],[-83.28,8.4],[-83.35,8.39],[-83.46,8.44],[-83.58,8.44],[-83.74,8.62],[-83.63,8.73],[-83.59,8.84],[-83.63,9.04],[-83.79,9.2],[-83.92,9.29],[-84.1,9.38],[-84.27,9.48],[-84.52,9.52],[-84.62,9.58],[-84.68,9.69],[-84.63,9.78],[-84.76,9.98],[-84.85,9.97],[-85.09,10.17],[-85.24,10.12],[-85.14,10],[-84.96,9.95],[-84.86,9.82],[-84.96,9.73],[-85.15,9.61],[-85.33,9.83],[-85.64,9.91],[-85.78,10.08],[-85.84,10.23],[-85.86,10.35],[-85.81,10.49],[-85.63,10.62],[-85.67,10.78],[-85.91,10.89],[-85.88,10.95],[-85.74,10.94],[-85.75,11.02],[-85.82,11.19],[-85.93,11.31],[-86.16,11.48],[-86.24,11.57],[-86.34,11.61],[-86.5,11.76],[-86.69,12.02],[-86.8,12.22],[-87.07,12.39],[-87.12,12.46],[-87.34,12.62],[-87.45,12.74],[-87.65,12.87],[-87.67,12.98],[-87.58,13.06],[-87.47,12.98],[-87.44,12.92],[-87.29,13.01],[-87.42,13.11],[-87.44,13.19],[-87.55,13.36],[-87.62,13.42],[-87.72,13.36],[-87.83,13.41],[-87.87,13.37],[-87.8,13.27],[-87.93,13.16],[-88.21,13.16],[-88.47,13.22],[-88.53,13.2],[-88.79,13.25],[-89.06,13.37],[-89.25,13.47],[-89.53,13.49],[-89.68,13.53],[-89.81,13.53],[-89.84,13.6],[-90,13.69],[-90,12.72],[-90,12.23],[-90,11.26],[-90,10.77],[-90,9.79],[-90,9.3],[-90,8.32],[-90,7.34],[-90,6.37],[-90,5.88],[-90,4.9],[-90,4.41],[-90,3.43],[-90,2.45],[-89.06,2.45],[-88.59,2.45],[-87.65,2.45],[-86.72,2.45],[-86.25,2.45],[-86.25,1.47],[-86.25,0.98],[-86.25,0],[-85.3,0],[-84.36,0],[-83.42,0],[-82.47,0],[-81.53,0],[-80.59,0],[-80.11,0]],[[-78.89,8.46],[-78.83,8.34],[-78.97,8.31],[-78.97,8.44],[-78.89,8.46]],[[-81.66,7.4],[-81.75,7.35],[-81.84,7.43],[-81.83,7.58],[-81.74,7.64],[-81.71,7.55],[-81.72,7.45],[-81.66,7.4]]]},"properties":{"featurecla":"Bathymetry","depth":0,"scalerank":0}},
{"type":"Feature","geometry":{"type":"Polygon","coordinates":[[[-90,2.45],[-90,3.43],[-90,4.41],[-90,4.9],[-90,5.88],[-90,6.37],[-90,7.34],[-90,8.32],[-90,9.3],[-90,9.79],[-90,10.77],[-90,11.26],[-90,12.23],[-90,12.72],[-90,13.69],[-90.4,13.86],[-90.71,13.93],[-90.91,13.91],[-91.17,13.93],[-91.32,13.96],[-91.55,14.06],[-91.76,14.18],[-92.05,14.41],[-92.25,14.55],[-92.7,15],[-92.82,15.14],[-92.82,15.17],[-92.98,15.27],[-93.23,15.5],[-93.66,15.84],[-93.94,16.01],[-93.9,16.09],[-94.04,16.13],[-94.13,16.22],[-94.22,16.2],[-94.36,16.29],[-94.44,16.19],[-94.7,16.2],[-94.59,16.28],[-94.65,16.36],[-94.76,16.29],[-94.85,16.43],[-95.06,16.27],[-94.9,16.21],[-95.23,16.16],[-95.43,15.98],[-95.57,15.96],[-95.66,15.91],[-95.96,15.83],[-96.24,15.68],[-96.43,15.7],[-96.56,15.66],[-96.68,15.71],[-96.85,15.73],[-97.02,15.81],[-97.16,15.9],[-97.27,15.94],[-97.53,15.97],[-97.77,15.98],[-98.09,16.17],[-98.12,16.21],[-98.45,16.28],[-98.57,16.32],[-98.78,16.56],[-98.86,16.53],[-99.37,16.67],[-99.61,16.68],[-99.74,16.73],[-99.99,16.91],[-101.01,17.25],[-101.18,17.41],[-101.46,17.53],[-101.5,17.61],[-101.64,17.67],[-101.81,17.89],[-102.04,17.99],[-102.19,17.92],[-102.29,17.96],[-102.6,18.05],[-102.74,18.07],[-103.02,18.19],[-103.11,18.19],[-103.36,18.27],[-103.5,18.33],[-103.58,18.49],[-103.71,18.6],[-103.7,18.65],[-103.98,18.87],[-104.33,19.02],[-104.35,19.11],[-104.45,19.1],[-104.64,19.16],[-104.73,19.23],[-104.81,19.23],[-105.02,19.37],[-105.07,19.45],[-105.09,19.56],[-105.25,19.67],[-105.53,20.03],[-105.55,20.2],[-105.66,20.31],[-105.7,20.41],[-105.58,20.49],[-105.33,20.51],[-105.23,20.64],[-105.36,20.76],[-105.51,20.77],[-105.31,21.03],[-105.23,21.06],[-105.22,21.2],[-105.24,21.34],[-105.18,21.44],[-105.41,21.6],[-105.63,21.96],[-105.66,22.05],[-105.66,22.26],[-105.73,22.5],[-105.8,22.64],[-105.94,22.78],[-106.03,22.83],[-106.22,23.05],[-106.43,23.23],[-106.52,23.41],[-106.79,23.63],[-106.9,23.85],[-107.04,23.98],[-107.38,24.21],[-107.54,24.35],[-107.48,24.4],[-107.52,24.51],[-107.62,24.46],[-107.74,24.51],[-107.82,24.6],[-108,24.65],[-108.04,24.79],[-108.16,24.88],[-108.19,24.99],[-108.11,25.03],[-108.11,25.12],[-108.22,25.17],[-108.33,25.16],[-108.45,25.27],[-108.73,25.41],[-108.79,25.54],[-108.89,25.49],[-109.12,25.54],[-109.17,25.65],[-109.44,25.79],[-109.43,26.02],[-109.27,26.18],[-109.23,26.33],[-109.26,26.5],[-109.43,26.67],[-109.55,26.73],[-109.69,26.68],[-109.86,26.8],[-109.91,26.95],[-109.92,27.06],[-109.98,27.12],[-110.09,27.1],[-110.29,27.15],[-110.4,27.25],[-110.5,27.39],[-110.55,27.38],[-110.63,27.61],[-110.59,27.84],[-110.67,27.9],[-110.81,27.93],[-110.86,27.88],[-111,27.96],[-111.06,27.94],[-111.25,28.05],[-111.44,28.31],[-111.47,28.38],[-111.71,28.46],[-111.76,28.58],[-111.92,28.72],[-111.89,28.78],[-112.15,28.96],[-112.26,29.33],[-112.36,29.32],[-112.42,29.38],[-112.38,29.49],[-112.51,29.62],[-112.69,29.91],[-112.75,29.92],[-112.75,30.19],[-112.85,30.29],[-112.87,30.43],[-112.99,30.53],[-113.08,30.67],[-113.13,30.81],[-113.1,30.98],[-113.06,31.03],[-113.05,31.16],[-113.12,31.22],[-113.55,31.3],[-113.61,31.35],[-113.66,31.5],[-113.88,31.6],[-114.03,31.49],[-114.16,31.49],[-114.49,31.68],[-114.58,31.76],[-114.75,31.81],[-114.83,31.79],[-114.78,31.66],[-114.85,31.53],[-114.85,31.39],[-114.89,31.16],[-114.83,31.01],[-114.72,30.94],[-114.69,30.74],[-114.7,30.64],[-114.63,30.42],[-114.66,30.18],[-114.53,29.97],[-114.43,29.91],[-114.39,29.78],[-114.27,29.77],[-114.05,29.6],[-113.77,29.41],[-113.62,29.25],[-113.66,29.22],[-113.48,28.95],[-113.38,28.9],[-113.35,28.8],[-113.26,28.84],[-113.19,28.74],[-113.1,28.5],[-113,28.46],[-112.9,28.48],[-112.85,28.38],[-112.87,28.28],[-112.79,28.19],[-112.8,28.02],[-112.77,27.86],[-112.6,27.65],[-112.37,27.56],[-112.29,27.37],[-112.15,27.16],[-112.01,27.12],[-111.97,27.07],[-112.02,26.98],[-111.87,26.83],[-111.91,26.73],[-111.74,26.54],[-111.68,26.58],[-111.79,26.69],[-111.85,26.88],[-111.82,26.9],[-111.56,26.7],[-111.57,26.58],[-111.44,26.52],[-111.46,26.4],[-111.39,26.33],[-111.4,26.25],[-111.32,26.07],[-111.36,25.96],[-111.31,25.78],[-111.23,25.72],[-111.19,25.61],[-111.03,25.46],[-110.9,25.14],[-110.76,25.01],[-110.66,24.81],[-110.72,24.68],[-110.74,24.55],[-110.69,24.47],[-110.68,24.36],[-110.56,24.21],[-110.4,24.18],[-110.3,24.22],[-110.33,24.33],[-110.23,24.34],[-110.17,24.25],[-110.02,24.17],[-109.99,24.05],[-109.83,24.06],[-109.84,23.95],[-109.7,23.8],[-109.68,23.65],[-109.48,23.56],[-109.43,23.46],[-109.43,23.3],[-109.53,23.11],[-109.71,23.03],[-109.73,22.99],[-109.9,22.87],[-109.95,22.87],[-110.1,23.02],[-110.17,23.32],[-110.31,23.54],[-110.4,23.61],[-110.58,23.68],[-111.04,24.1],[-111.44,24.32],[-111.62,24.47],[-111.68,24.59],[-111.81,24.51],[-111.85,24.65],[-111.97,24.78],[-112.09,24.77],[-112.14,25.09],[-112.08,25.26],[-112.06,25.63],[-112.08,25.71],[-112.2,26],[-112.29,26.05],[-112.34,26.18],[-112.44,26.26],[-112.5,26.24],[-112.73,26.37],[-113.06,26.6],[-113.14,26.76],[-113.29,26.75],[-113.36,26.8],[-113.5,26.79],[-113.54,26.72],[-113.64,26.73],[-113.73,26.8],[-113.82,26.95],[-114.01,26.98],[-114.11,27.11],[-114.29,27.15],[-114.49,27.24],[-114.51,27.41],[-114.6,27.48],[-114.73,27.52],[-114.89,27.69],[-115,27.72],[-115.05,27.82],[-114.92,27.84],[-114.6,27.77],[-114.5,27.77],[-114.33,27.87],[-114.28,27.74],[-114.15,27.67],[-113.95,27.66],[-113.99,27.75],[-114.1,27.71],[-114.17,27.83],[-114.04,28.03],[-114.11,28.12],[-114.06,28.21],[-114.12,28.26],[-114.04,28.46],[-114.17,28.65],[-114.27,28.66],[-114.4,28.86],[-114.53,28.93],[-114.63,29.09],[-114.72,29.12],[-114.97,29.38],[-115.19,29.43],[-115.29,29.53],[-115.5,29.61],[-115.7,29.76],[-115.73,29.94],[-115.81,29.97],[-115.78,30.09],[-115.84,30.35],[-115.93,30.4],[-116,30.36],[-116.05,30.48],[-116.03,30.63],[-116.07,30.81],[-116.18,30.86],[-116.25,30.96],[-116.34,30.96],[-116.31,31.15],[-116.34,31.22],[-116.53,31.44],[-116.68,31.55],[-116.62,31.86],[-116.75,31.91],[-116.84,31.99],[-116.95,32.25],[-117.02,32.28],[-117.12,32.45],[-117.14,32.62],[-117.26,32.7],[-117.28,32.84],[-117.25,32.89],[-117.32,33.11],[-117.51,33.34],[-117.78,33.53],[-117.98,33.64],[-118.09,33.73],[-118.25,33.77],[-118.3,33.71],[-118.41,33.74],[-118.39,33.84],[-118.44,33.95],[-118.54,34.04],[-118.78,34.02],[-118.94,34.04],[-119.22,34.15],[-119.27,34.25],[-119.45,34.37],[-119.62,34.42],[-119.88,34.41],[-120.01,34.46],[-120.13,34.47],[-120.47,34.45],[-120.51,34.52],[-120.65,34.59],[-120.6,34.7],[-120.62,34.86],[-120.67,34.91],[-120.63,35.04],[-120.64,35.14],[-120.79,35.18],[-120.9,35.25],[-120.87,35.41],[-121.01,35.46],[-121.17,35.64],[-121.27,35.66],[-121.34,35.79],[-121.46,35.89],[-121.49,35.98],[-121.63,36.11],[-121.9,36.31],[-121.95,36.49],[-121.81,36.68],[-121.79,36.81],[-121.86,36.93],[-121.94,36.98],[-122.06,36.95],[-122.15,36.98],[-122.4,37.19],[-122.4,37.36],[-122.46,37.5],[-122.52,37.53],[-122.49,37.67],[-122.52,37.78],[-122.42,37.81],[-122.36,37.59],[-122.15,37.58],[-122.16,37.66],[-122.25,37.75],[-122.4,37.97],[-122.23,38.06],[-122.15,38.02],[-121.97,38.07],[-122.06,38.13],[-122.12,38.06],[-122.27,38.07],[-122.4,38.15],[-122.49,38.1],[-122.53,37.82],[-122.82,38],[-122.92,38.03],[-122.97,38.27],[-123.13,38.45],[-123.25,38.51],[-123.43,38.69],[-123.65,38.85],[-123.73,38.96],[-123.69,39.03],[-123.82,39.35],[-123.77,39.54],[-123.85,39.83],[-124.12,40.11],[-124.36,40.26],[-124.41,40.44],[-124.27,40.7],[-124.21,40.7],[-124.11,41.02],[-124.16,41.14],[-124.12,41.18],[-124.06,41.44],[-124.16,41.74],[-124.26,41.78],[-124.22,41.85],[-124.22,42.01],[-124.36,42.11],[-124.43,42.33],[-124.39,42.57],[-124.41,42.66],[-124.52,42.75],[-124.55,42.85],[-124.44,43.03],[-124.38,43.34],[-124.28,43.42],[-124.15,43.88],[-124.06,44.61],[-124.07,44.82],[-123.97,45.15],[-123.97,45.24],[-124.97,45.24],[-126.45,45.24],[-127.45,45.24],[-128.44,45.24],[-129.43,45.24],[-130.42,45.24],[-131.41,45.24],[-132.9,45.24],[-134.39,45.24],[-135.87,45.24],[-136.87,45.24],[-138.35,45.24],[-139.34,45.24],[-140.34,45.24],[-141.33,45.24],[-142.81,45.24],[-143.81,45.24],[-144.8,45.24],[-146.29,45.24],[-147.28,45.24],[-148.27,45.24],[-149.26,45.24],[-150.25,45.24],[-151.24,45.24],[-152.73,45.24],[-154.22,45.24],[-155.21,45.24],[-156.7,45.24],[-158.18,45.24],[-159.18,45.24],[-160.66,45.24],[-161.66,45.24],[-162.65,45.24],[-164.13,45.24],[-165.13,45.24],[-166.61,45.24],[-167.6,45.24],[-168.6,45.24],[-169.59,45.24],[-171.08,45.24],[-172.56,45.24],[-173.55,45.24],[-175.04,45.24],[-176.03,45.24],[-177.03,45.24],[-178.02,45.24],[-179.01,45.24],[-180,45.24],[-180,45.12],[-180,44.63],[-180,44.13],[-180,43.63],[-180,43.13],[-180,42.63],[-180,42.13],[-180,41.63],[-180,41.14],[-180,40.64],[-180,40.14],[-180,39.64],[-180,39.14],[-180,38.64],[-180,38.14],[-180,37.65],[-180,37.15],[-180,36.65],[-180,36.15],[-180,35.65],[-180,35.15],[-180,34.65],[-180,34.16],[-180,33.66],[-180,33.16],[-180,32.66],[-180,32.16],[-180,31.66],[-180,31.16],[-180,30.66],[-180,30.17],[-180,29.67],[-180,29.17],[-180,28.67],[-180,28.17],[-180,27.67],[-180,27.17],[-180,26.68],[-180,26.18],[-180,25.68],[-180,25.18],[-180,24.68],[-180,24.18],[-180,23.68],[-180,23.19],[-180,22.69],[-180,22.19],[-180,21.69],[-180,21.19],[-180,20.69],[-180,20.19],[-180,19.7],[-180,19.2],[-180,18.7],[-180,18.2],[-180,17.7],[-180,17.2],[-180,16.7],[-180,16.2],[-180,15.71],[-180,15.21],[-180,14.71],[-180,14.21],[-180,13.71],[-180,13.21],[-180,12.71],[-180,12.22],[-180,11.72],[-180,11.22],[-180,10.72],[-180,10.22],[-180,9.72],[-180,9.22],[-180,8.73],[-180,8.23],[-180,7.73],[-180,7.23],[-180,6.73],[-180,6.23],[-180,5.73],[-180,5.24],[-180,4.74],[-180,4.24],[-180,3.74],[-180,3.24],[-180,2.74],[-180,2.24],[-180,1.75],[-180,1.25],[-180,0.75],[-180,0.25],[-180,0],[-179,0],[-178.51,0],[-177.51,0],[-176.51,0],[-176.01,0],[-175.02,0],[-174.52,0],[-173.52,0],[-172.53,0],[-171.53,0],[-170.54,0],[-169.54,0],[-168.54,0],[-167.55,0],[-166.55,0],[-165.55,0],[-164.56,0],[-164.06,0],[-163.06,0],[-162.57,0],[-161.57,0],[-160.57,0],[-160.07,0],[-159.08,0],[-158.58,0],[-157.58,0],[-156.59,0],[-155.59,0],[-154.6,0],[-153.6,0],[-152.6,0],[-151.61,0],[-150.61,0],[-150.11,0],[-149.12,0],[-148.12,0],[-147.12,0],[-146.13,0],[-145.13,0],[-144.63,0],[-143.64,0],[-142.64,0],[-142.14,0],[-141.15,0],[-140.15,0],[-139.65,0],[-138.66,0],[-138.16,0],[-137.16,0],[-136.16,0],[-135.17,0],[-134.17,0],[-133.18,0],[-132.18,0],[-131.18,0],[-130.19,0],[-129.69,0],[-128.69,0],[-128.19,0],[-127.2,0],[-126.2,0],[-125.21,0],[-124.21,0],[-123.21,0],[-122.22,0],[-121.72,0],[-120.72,0],[-119.73,0],[-118.73,0],[-117.73,0],[-116.74,0],[-116.24,0],[-115.24,0],[-114.25,0],[-113.75,0],[-112.75,0],[-111.76,0],[-111.26,0],[-110.26,0],[-109.76,0],[-108.77,0],[-107.77,0],[-106.78,0],[-105.78,0],[-104.78,0],[-103.79,0],[-102.79,0],[-102.29,0],[-101.3,0],[-100.3,0],[-99.8,0],[-98.8,0],[-97.81,0],[-96.81,0],[-95.82,0],[-94.82,0],[-93.82,0],[-92.83,0],[-92.83,0.49],[-92.84,1.47],[-92.84,2.45],[-92.37,2.45],[-91.42,2.45],[-90.95,2.45],[-90,2.45]],[[-119.53,34.03],[-119.72,33.96],[-119.85,33.97],[-119.86,34.07],[-119.63,34.01],[-119.53,34.03]],[[-120.04,34.04],[-120,33.94],[-120.11,33.89],[-120.22,34.01],[-120.04,34.04]],[[-115.19,28.34],[-115.16,28.17],[-115.21,28.04],[-115.33,28.12],[-115.24,28.23],[-115.19,28.34]],[[-111.75,24.45],[-111.71,24.32],[-111.97,24.52],[-111.86,24.52],[-111.75,24.45]],[[-159.3,22.15],[-159.33,21.96],[-159.44,21.87],[-159.61,21.9],[-159.76,21.98],[-159.79,22.06],[-159.72,22.16],[-159.59,22.22],[-159.4,22.24],[-159.3,22.15]],[[-157.71,21.35],[-157.79,21.25],[-157.91,21.31],[-158.09,21.29],[-158.23,21.48],[-158.24,21.58],[-158.12,21.59],[-158.01,21.7],[-157.96,21.71],[-157.84,21.53],[-157.84,21.46],[-157.71,21.35]],[[-156.75,21.17],[-156.76,21.1],[-156.87,21.05],[-157.07,21.1],[-157.27,21.09],[-157.26,21.22],[-156.9,21.17],[-156.75,21.17]],[[-156,20.8],[-156,20.69],[-156.13,20.62],[-156.3,20.58],[-156.41,20.59],[-156.46,20.78],[-156.62,20.81],[-156.7,20.92],[-156.67,21],[-156.6,21.03],[-156.48,20.9],[-156.3,20.95],[-156.12,20.84],[-156,20.8]],[[-156.85,20.88],[-156.8,20.81],[-156.91,20.73],[-156.98,20.76],[-156.99,20.93],[-156.85,20.88]],[[-154.9,19.57],[-154.82,19.48],[-154.98,19.34],[-155.2,19.26],[-155.29,19.26],[-155.5,19.14],[-155.62,18.96],[-155.68,18.93],[-155.88,19.03],[-155.92,19.14],[-155.89,19.33],[-155.98,19.61],[-156.06,19.73],[-155.93,19.87],[-155.82,20.02],[-155.88,20.1],[-155.87,20.26],[-155.74,20.24],[-155.59,20.12],[-155.53,20.13],[-155.33,20.05],[-155.17,19.95],[-155.09,19.86],[-154.9,19.57]],[[-110.95,18.8],[-110.98,18.72],[-111.07,18.77],[-111,18.87],[-110.95,18.8]],[[-157.19,1.76],[-157.29,1.75],[-157.45,1.8],[-157.38,1.9],[-157.33,1.84],[-157.19,1.76]],[[-110.71,25.1],[-110.59,25.03],[-110.65,24.95],[-110.71,25.1]],[[-112.27,28.77],[-112.38,28.77],[-112.58,28.88],[-112.49,28.97],[-112.5,29.08],[-112.44,29.2],[-112.28,29.23],[-112.27,29.14],[-112.2,29.02],[-112.27,28.77]],[[-113.14,29.06],[-113.23,29.06],[-113.59,29.41],[-113.55,29.53],[-113.48,29.53],[-113.35,29.38],[-113.37,29.31],[-113.18,29.29],[-113.17,29.13],[-113.14,29.06]]]},"properties":{"featurecla":"Bathymetry","depth":0,"scalerank":0}},
{"type":"Feature","geometry":{"type":"Polygon","coordinates":[[[180,0],[180,0.25],[180,0.75],[180,1.25],[180,1.75],[180,2.24],[180,2.74],[180,3.24],[180,3.74],[180,4.24],[180,4.74],[180,5.24],[180,5.73],[180,6.23],[180,6.73],[180,7.23],[180,7.73],[180,8.23],[180,8.73],[180,9.22],[180,9.72],[180,10.22],[180,10.72],[180,11.22],[180,11.72],[180,12.22],[180,12.71],[180,13.21],[180,13.71],[180,14.21],[180,14.71],[180,15.21],[180,15.71],[180,16.2],[180,16.7],[180,17.2],[180,17.7],[180,18.2],[180,18.7],[180,19.2],[180,19.7],[180,20.19],[180,20.69],[180,21.19],[180,21.69],[180,22.19],[180,22.69],[180,23.19],[180,23.68],[180,24.18],[180,24.68],[180,25.18],[180,25.68],[180,26.18],[180,26.68],[180,27.17],[180,27.67],[180,28.17],[180,28.67],[180,29.17],[180,29.67],[180,30.17],[180,30.66],[180,31.16],[180,31.66],[180,32.16],[180,32.66],[180,33.16],[180,33.66],[180,34.16],[180,34.65],[180,35.15],[180,35.65],[180,36.15],[180,36.65],[180,37.15],[180,37.65],[180,38.14],[180,38.64],[180,39.14],[180,39.64],[180,40.14],[180,40.64],[180,41.14],[180,41.63],[180,42.13],[180,42.63],[180,43.13],[180,43.63],[180,44.13],[180,44.63],[180,45.12],[180,45.24],[179.01,45.15],[178.02,45.06],[177.02,44.97],[176.03,44.88],[175.04,44.79],[174.05,44.69],[173.06,44.6],[172.06,44.51],[171.07,44.42],[170.08,44.33],[169.09,44.24],[168.09,44.15],[167.1,44.06],[166.11,43.97],[165.12,43.87],[164.13,43.78],[163.13,43.69],[162.14,43.6],[161.15,43.51],[160.16,43.42],[159.17,43.33],[158.17,43.24],[157.18,43.14],[156.19,43.05],[155.2,42.96],[154.21,42.87],[153.21,42.78],[152.22,42.69],[151.23,42.6],[150.24,42.51],[149.24,42.41],[148.25,42.32],[147.26,42.23],[146.27,42.14],[145.28,42.05],[144.28,41.96],[143.29,41.87],[142.3,41.78],[141.31,41.69],[140.51,41.44],[139.7,41.19],[139.36,41.5],[139.34,41.52],[138.62,42.15],[137.91,42.78],[137.2,43.42],[136.49,44.05],[136.13,44.48],[135.89,44.4],[135.79,44.26],[135.66,44.17],[135.62,44.04],[135.54,44],[135.49,43.83],[135.35,43.72],[135.23,43.68],[135.14,43.51],[134.97,43.46],[134.59,43.23],[134.19,43.08],[134.11,43],[133.93,42.88],[133.6,42.85],[133.44,42.78],[133.3,42.76],[133.16,42.69],[133,42.8],[132.82,42.76],[132.77,42.88],[132.58,42.84],[132.5,42.92],[132.4,42.94],[132.29,42.88],[132.3,43.06],[132.36,43.29],[132.1,43.18],[131.95,43.07],[131.85,43.1],[131.99,43.27],[131.76,43.29],[131.75,43.23],[131.52,43.01],[131.47,42.87],[131.27,42.78],[131.19,42.56],[131.13,42.65],[130.85,42.66],[130.72,42.7],[130.66,42.66],[130.86,42.52],[130.79,42.46],[130.7,42.29],[130.62,42.27],[130.48,42.34],[130.2,42.17],[130.2,42.1],[130.07,42.08],[129.96,41.9],[129.77,41.76],[129.69,41.65],[129.66,41.46],[129.8,41.37],[129.71,41.12],[129.75,40.91],[129.72,40.83],[129.57,40.84],[129.21,40.68],[129.17,40.57],[129.08,40.47],[128.98,40.46],[128.86,40.37],[128.66,40.32],[128.66,40.2],[128.36,40.1],[128.3,40.03],[128.16,40.02],[128.01,40.05],[127.89,39.96],[127.87,39.89],[127.62,39.83],[127.52,39.75],[127.51,39.65],[127.57,39.6],[127.48,39.44],[127.38,39.37],[127.37,39.24],[127.45,39.17],[127.77,39.11],[127.85,39],[128.01,38.86],[128.09,38.84],[128.21,38.73],[128.28,38.76],[128.56,38.29],[128.63,38.14],[128.92,37.8],[129.06,37.68],[129.15,37.51],[129.33,37.28],[129.41,37.03],[129.47,36.77],[129.42,36.62],[129.44,36.41],[129.39,36.32],[129.38,36.2],[129.43,36],[129.54,36.07],[129.5,35.75],[129.44,35.64],[129.45,35.51],[129.36,35.45],[129.36,35.35],[129.27,35.32],[129.19,35.16],[129,35.08],[128.53,35.1],[128.44,34.97],[128.44,34.84],[128.22,34.94],[128.06,34.93],[128.02,35],[127.83,34.94],[127.74,34.96],[127.64,34.9],[127.77,34.83],[127.75,34.74],[127.64,34.7],[127.51,34.88],[127.39,34.76],[127.5,34.61],[127.32,34.44],[127.22,34.55],[127.29,34.72],[127.15,34.69],[127.01,34.61],[126.99,34.54],[126.89,34.42],[126.81,34.45],[126.63,34.39],[126.53,34.29],[126.48,34.35],[126.49,34.51],[126.32,34.57],[126.27,34.64],[126.29,34.75],[126.36,34.75],[126.41,34.84],[126.37,35.02],[126.45,35.07],[126.36,35.19],[126.36,35.27],[126.51,35.58],[126.47,35.64],[126.6,35.71],[126.73,35.89],[126.61,35.93],[126.69,36],[126.53,36.22],[126.57,36.31],[126.42,36.61],[126.2,36.71],[126.13,36.77],[126.23,36.87],[126.34,36.82],[126.57,36.99],[126.71,36.99],[126.76,37.05],[126.66,37.25],[126.73,37.31],[126.6,37.44],[126.6,37.55],[126.53,37.75],[126.4,37.89],[126.06,37.8],[125.9,37.86],[125.8,37.99],[125.72,37.95],[125.61,37.81],[125.47,37.73],[125.35,37.74],[125.3,37.9],[125.16,37.87],[125.01,37.91],[125.14,38.1],[125.01,38.06],[124.9,38.12],[124.79,38.1],[124.87,38.26],[124.88,38.36],[125.06,38.57],[125.26,38.67],[125.14,38.8],[125.2,38.99],[125.29,39.15],[125.43,39.3],[125.35,39.46],[125.23,39.59],[125.05,39.6],[124.87,39.71],[124.67,39.62],[124.55,39.82],[124.43,39.83],[124.32,39.91],[123.99,39.81],[123.62,39.87],[123.59,39.78],[123.41,39.8],[123.25,39.75],[123.17,39.67],[123.01,39.68],[122.64,39.51],[122.4,39.41],[122.12,39.2],[122.13,39.14],[121.81,38.97],[121.65,38.99],[121.65,38.86],[121.48,38.81],[121.34,38.81],[121.15,38.73],[121.09,38.9],[121.67,39.09],[121.6,39.22],[121.78,39.37],[121.55,39.36],[121.44,39.51],[121.31,39.5],[121.31,39.6],[121.45,39.62],[121.51,39.69],[121.46,39.75],[121.54,39.86],[121.77,39.92],[122.09,40.23],[122.11,40.31],[122.21,40.38],[122.3,40.5],[122.14,40.62],[122.05,40.75],[121.85,40.83],[121.58,40.84],[121.36,40.94],[121.18,40.92],[120.99,40.83],[120.94,40.69],[120.83,40.67],[120.8,40.6],[120.62,40.47],[120.5,40.33],[120.44,40.19],[119.95,40.06],[119.91,40],[119.54,39.89],[119.34,39.72],[119.26,39.54],[119.31,39.43],[119.18,39.35],[118.94,39.14],[118.62,39.16],[118.34,39.03],[118.24,39.05],[118.14,39.17],[118.05,39.22],[117.89,39.2],[117.72,39.09],[117.71,38.98],[117.58,38.81],[117.57,38.61],[117.72,38.38],[117.84,38.27],[118.08,38.14],[118.22,38.14],[118.45,38.11],[118.54,38.07],[118.65,38.15],[118.84,38.15],[119,37.96],[119.24,37.77],[119.04,37.72],[118.98,37.61],[118.94,37.38],[118.97,37.28],[119.15,37.18],[119.44,37.12],[119.77,37.15],[119.9,37.25],[119.86,37.36],[120.06,37.44],[120.3,37.6],[120.31,37.67],[120.46,37.75],[120.74,37.83],[120.93,37.82],[121.03,37.71],[121.14,37.7],[121.19,37.58],[121.38,37.57],[121.48,37.47],[121.59,37.42],[121.66,37.47],[122.13,37.48],[122.3,37.42],[122.46,37.42],[122.66,37.38],[122.55,37.31],[122.6,37.21],[122.45,37.15],[122.45,37.06],[122.53,36.94],[122.32,36.82],[122.2,36.84],[122.21,36.92],[122.04,36.98],[121.79,36.89],[121.74,36.84],[121.56,36.77],[121.41,36.75],[121.16,36.67],[120.92,36.55],[120.95,36.46],[120.75,36.46],[120.65,36.33],[120.7,36.14],[120.35,36.04],[120.29,36.07],[120.36,36.19],[120.27,36.23],[120.11,36.2],[120.1,36.1],[120.24,35.97],[120.04,35.84],[120,35.73],[119.9,35.74],[119.81,35.65],[119.65,35.58],[119.55,35.38],[119.42,35.31],[119.36,35.1],[119.21,35.05],[119.2,34.78],[119.35,34.78],[119.64,34.55],[119.83,34.47],[119.94,34.46],[120.12,34.36],[120.26,34.31],[120.37,34.04],[120.41,33.86],[120.5,33.75],[120.51,33.66],[120.63,33.48],[120.66,33.34],[120.74,33.28],[120.73,33.2],[120.81,33.14],[120.83,33.03],[120.9,33.01],[120.91,32.84],[120.86,32.72],[120.91,32.63],[121.12,32.51],[121.35,32.41],[121.42,32.25],[121.44,32.11],[121.66,32.06],[121.82,31.95],[121.92,31.75],[121.82,31.69],[121.68,31.72],[121.29,31.89],[121.12,31.8],[120.98,31.81],[120.81,32.02],[120.63,32.08],[120.49,32.08],[120.27,31.95],[120.13,31.94],[119.99,32.02],[119.91,32.14],[119.92,32.2],[119.82,32.31],[119.69,32.32],[119.69,32.24],[119.79,32.2],[119.86,32.09],[120.01,31.95],[120.23,31.91],[120.52,32.02],[120.75,31.98],[120.82,31.83],[120.9,31.76],[121.14,31.68],[121.32,31.5],[121.55,31.37],[121.73,31.28],[121.88,31.1],[121.98,30.91],[121.91,30.86],[121.63,30.84],[121.41,30.77],[121.33,30.7],[121.2,30.67],[121.13,30.6],[120.98,30.54],[120.94,30.42],[120.73,30.23],[120.89,30.17],[120.99,30.21],[121.15,30.33],[121.25,30.35],[121.38,30.33],[121.51,30.22],[121.68,30],[121.91,29.92],[121.98,29.82],[121.7,29.57],[121.46,29.53],[121.47,29.42],[121.92,29.64],[121.97,29.6],[121.91,29.28],[121.94,29.21],[121.84,29.16],[121.75,29.2],[121.61,29.21],[121.59,29.29],[121.47,29.19],[121.5,29.1],[121.62,29.11],[121.68,29.03],[121.67,28.83],[121.61,28.72],[121.51,28.66],[121.61,28.48],[121.66,28.34],[121.41,28.3],[121.29,28.18],[121.24,28.31],[121.14,28.34],[121.12,28.22],[121.01,28.1],[120.97,27.99],[120.84,27.96],[120.81,27.83],[120.67,27.63],[120.6,27.57],[120.68,27.49],[120.62,27.38],[120.55,27.4],[120.52,27.2],[120.36,27.1],[120.28,27.11],[120.24,26.93],[120.13,26.93],[120.02,26.84],[120.13,26.8],[120.08,26.65],[119.95,26.8],[119.89,26.69],[119.73,26.76],[119.58,26.79],[119.55,26.62],[119.68,26.62],[119.82,26.45],[119.69,26.46],[119.66,26.36],[119.75,26.33],[119.83,26.43],[119.88,26.36],[119.78,26.3],[119.67,26.28],[119.46,25.98],[119.2,26.09],[119.25,25.97],[119.35,25.94],[119.44,25.96],[119.57,26.05],[119.7,25.97],[119.62,25.89],[119.59,25.69],[119.46,25.63],[119.56,25.56],[119.65,25.39],[119.48,25.37],[119.5,25.47],[119.37,25.52],[119.31,25.6],[119.24,25.48],[119.11,25.41],[119.29,25.33],[119.34,25.24],[119.29,25.19],[119.14,25.22],[118.99,25.22],[118.88,25.04],[119,24.95],[118.72,24.84],[118.75,24.72],[118.57,24.57],[118.43,24.63],[118.35,24.58],[118.13,24.62],[118.04,24.58],[117.99,24.39],[118.09,24.34],[118.13,24.26],[117.99,24.19],[117.94,24.21],[117.89,24.03],[117.79,24],[117.58,23.89],[117.46,23.79],[117.29,23.76],[117.26,23.66],[117.08,23.56],[117.02,23.66],[116.92,23.64],[116.85,23.52],[116.87,23.45],[116.75,23.33],[116.73,23.26],[116.53,23.11],[116.56,23.02],[116.49,22.94],[116.38,22.93],[116.3,22.96],[116.17,22.86],[116.08,22.87],[115.96,22.8],[115.81,22.81],[115.65,22.89],[115.58,22.88],[115.52,22.74],[115.37,22.69],[115.33,22.79],[115.25,22.84],[115.07,22.8],[114.87,22.6],[114.74,22.61],[114.75,22.75],[114.72,22.79],[114.56,22.73],[114.52,22.69],[114.54,22.57],[114.62,22.51],[114.52,22.45],[114.48,22.55],[114.4,22.61],[114.25,22.57],[114.39,22.37],[114.28,22.39],[114.28,22.27],[114.18,22.29],[114.11,22.37],[113.91,22.38],[113.74,22.76],[113.66,22.8],[113.61,22.99],[113.54,23.06],[113.47,22.92],[113.37,22.88],[113.49,22.77],[113.44,22.74],[113.6,22.58],[113.55,22.44],[113.59,22.24],[113.48,22.16],[113.3,22.18],[113.23,22.04],[113.16,22.02],[113.03,22.14],[113.03,21.96],[112.96,21.88],[112.88,21.88],[112.83,21.97],[112.65,21.85],[112.61,21.78],[112.44,21.83],[112.36,21.73],[112.24,21.71],[112.17,21.81],[111.99,21.76],[111.69,21.6],[111.63,21.53],[111.44,21.53],[111.3,21.5],[111.21,21.53],[110.87,21.38],[110.79,21.4],[110.68,21.31],[110.64,21.23],[110.48,21.22],[110.42,21.38],[110.36,21.29],[110.39,21.16],[110.27,21.09],[110.16,20.99],[110.16,20.85],[110.39,20.83],[110.34,20.73],[110.41,20.59],[110.48,20.57],[110.53,20.48],[110.4,20.3],[110.28,20.25],[110.13,20.25],[110.03,20.3],[110.02,20.42],[109.82,20.52],[109.75,20.63],[109.77,20.82],[109.69,20.84],[109.66,20.93],[109.71,21.06],[109.67,21.12],[109.77,21.22],[109.81,21.36],[109.9,21.39],[109.92,21.49],[109.71,21.48],[109.57,21.58],[109.53,21.49],[109.44,21.46],[109.32,21.46],[109.21,21.42],[109.14,21.51],[109.14,21.6],[109.07,21.64],[108.97,21.61],[108.86,21.68],[108.75,21.65],[108.57,21.81],[108.46,21.86],[108.51,21.69],[108.45,21.66],[108.14,21.58],[107.93,21.44],[107.88,21.53],[107.78,21.5],[107.75,21.41],[107.65,21.38],[107.6,21.3],[107.39,21.28],[107.39,21.18],[107.33,21.01],[107.22,21],[107.16,20.93],[107.07,20.96],[106.95,20.95],[106.87,20.88],[106.76,20.94],[106.75,20.8],[106.79,20.73],[106.7,20.69],[106.57,20.52],[106.59,20.45],[106.57,20.23],[106.4,20.2],[106.26,20.06],[106.11,19.96],[106.03,20],[105.96,19.93],[105.92,19.77],[105.81,19.6],[105.78,19.39],[105.81,19.28],[105.75,19.24],[105.74,19.11],[105.64,19.07],[105.61,18.99],[105.65,18.89],[105.78,18.75],[105.83,18.59],[105.98,18.4],[106.1,18.29],[106.27,18.2],[106.4,18.11],[106.52,17.95],[106.45,17.87],[106.47,17.75],[106.63,17.47],[106.76,17.34],[107.11,17.09],[107.13,17.01],[107.22,16.91],[107.6,16.6],[107.67,16.5],[107.76,16.46],[107.81,16.31],[107.9,16.28],[107.95,16.36],[108.15,16.22],[108.14,16.12],[108.24,16.09],[108.31,15.96],[108.41,15.87],[108.46,15.75],[108.62,15.53],[108.7,15.45],[108.88,15.34],[108.92,15.26],[108.9,15.15],[108.94,14.98],[109.01,14.82],[109.08,14.73],[109.07,14.58],[109.18,14.3],[109.27,13.92],[109.31,13.88],[109.3,13.76],[109.23,13.74],[109.3,13.58],[109.23,13.39],[109.31,13.34],[109.31,13.13],[109.47,12.91],[109.2,12.65],[109.2,12.55],[109.34,12.41],[109.28,12.36],[109.21,12.39],[109.21,12.07],[109.29,11.97],[109.2,11.95],[109.13,11.86],[109.24,11.74],[109.14,11.57],[109.03,11.52],[109.02,11.36],[108.93,11.31],[108.82,11.32],[108.73,11.18],[108.58,11.18],[108.47,11.05],[108.36,11.01],[108.34,10.95],[108.11,10.92],[108,10.7],[107.88,10.72],[107.58,10.57],[107.53,10.51],[107.33,10.44],[107.27,10.38],[107.18,10.48],[106.96,10.5],[106.94,10.6],[106.88,10.65],[106.83,10.63],[106.77,10.69],[106.74,10.67],[106.77,10.6],[106.75,10.58],[106.73,10.52],[106.79,10.39],[106.78,10.28],[106.49,10.3],[106.72,10.2],[106.79,10.11],[106.67,10.03],[106.61,9.94],[106.7,9.9],[106.61,9.82],[106.4,9.97],[106.53,9.76],[106.58,9.65],[106.48,9.55],[106.4,9.54],[106.07,9.75],[106.2,9.54],[106.19,9.37],[106.02,9.32],[105.54,9.13],[105.44,9.04],[105.33,8.84],[105.26,8.76],[105.18,8.74],[105.1,8.63],[104.86,8.57],[104.85,8.73],[104.77,8.82],[104.81,8.94],[104.81,9.05],[104.84,9.56],[104.86,9.74],[104.89,9.85],[104.97,9.85],[105.08,9.94],[105.09,10],[105,10.09],[104.9,10.1],[104.8,10.21],[104.71,10.22],[104.62,10.15],[104.59,10.26],[104.45,10.43],[104.29,10.54],[103.85,10.59],[103.75,10.51],[103.62,10.5],[103.51,10.64],[103.57,10.73],[103.67,10.76],[103.72,10.89],[103.66,11.03],[103.53,11.16],[103.47,11.13],[103.4,10.88],[103.28,10.93],[103.18,10.86],[103.1,10.93],[103.11,11.16],[103.08,11.27],[103.11,11.46],[103.03,11.54],[102.98,11.53],[102.91,11.67],[102.91,11.74],[102.78,11.9],[102.75,12.04],[102.63,12.15],[102.57,12.09],[102.47,12.15],[102.3,12.19],[102.23,12.32],[102.07,12.49],[101.96,12.54],[101.83,12.67],[101.69,12.7],[101.64,12.65],[101.44,12.62],[101.09,12.68],[100.93,12.62],[100.84,12.71],[100.92,12.83],[100.87,12.91],[100.93,13.03],[100.88,13.1],[100.95,13.2],[100.91,13.29],[100.98,13.36],[100.95,13.47],[100.65,13.52],[100.34,13.48],[100.29,13.51],[100.04,13.4],[99.97,13.26],[100.07,13.15],[100.1,13.06],[99.99,12.79],[99.96,12.63],[100.01,12.38],[99.98,12.28],[100.02,12.19],[99.96,12.07],[99.86,11.97],[99.81,11.83],[99.82,11.74],[99.75,11.71],[99.64,11.52],[99.57,11.33],[99.59,11.2],[99.49,11.11],[99.51,10.9],[99.24,10.54],[99.25,10.44],[99.15,10.36],[99.2,10.21],[99.16,10.13],[99.17,9.84],[99.14,9.79],[99.18,9.64],[99.32,9.39],[99.23,9.32],[99.26,9.23],[99.38,9.19],[99.47,9.2],[99.52,9.27],[99.69,9.32],[99.85,9.29],[99.92,9.1],[99.96,8.64],[100.04,8.55],[100.1,8.42],[100.22,8.45],[100.27,8.32],[100.3,8.12],[100.44,7.48],[100.32,7.62],[100.31,7.76],[100.21,7.78],[100.14,7.7],[100.19,7.51],[100.3,7.34],[100.37,7.33],[100.4,7.21],[100.49,7.14],[100.61,7.19],[100.77,6.98],[100.85,6.96],[101,6.86],[101.19,6.86],[101.24,6.9],[101.39,6.91],[101.57,6.83],[101.77,6.5],[102.02,6.3],[102.16,6.2],[102.2,6.23],[102.38,6.13],[102.5,5.9],[102.7,5.71],[102.88,5.57],[102.96,5.54],[103.12,5.38],[103.45,4.8],[103.47,4.55],[103.45,4.49],[103.49,4.34],[103.45,4.18],[103.4,4.12],[103.44,3.98],[103.34,3.76],[103.4,3.6],[103.48,3.51],[103.43,3.37],[103.46,3.2],[103.43,2.96],[103.47,2.85],[103.64,2.67],[103.77,2.62],[103.84,2.52],[103.84,2.46],[103.95,2.34],[103.98,2.19],[104.12,1.95],[104.12,1.89],[104.2,1.8],[104.26,1.64],[104.29,1.45],[104.22,1.35],[103.84,1.48],[103.68,1.44],[103.5,1.29],[103.45,1.36],[103.37,1.54],[103.21,1.61],[103.04,1.72],[102.93,1.75],[102.8,1.86],[102.72,1.85],[102.65,1.94],[102.49,2.09],[102.19,2.22],[101.99,2.39],[101.86,2.42],[101.78,2.58],[101.54,2.66],[101.4,2.82],[101.29,2.85],[101.28,2.91],[101.37,3],[101.32,3.12],[101.3,3.27],[101.11,3.47],[101.04,3.62],[100.72,3.87],[100.72,3.99],[100.78,4.09],[100.63,4.16],[100.57,4.32],[100.63,4.53],[100.58,4.85],[100.45,4.91],[100.36,5.08],[100.41,5.13],[100.43,5.3],[100.39,5.38],[100.38,5.5],[100.34,5.67],[100.38,5.81],[100.35,6.01],[100.25,6.22],[100.17,6.29],[100.1,6.52],[100,6.57],[99.96,6.66],[99.8,6.82],[99.69,6.88],[99.69,7.12],[99.58,7.16],[99.52,7.31],[99.47,7.28],[99.37,7.34],[99.29,7.62],[99.14,7.74],[99.03,7.72],[99.06,7.85],[98.92,8.05],[98.83,8.01],[98.75,8.07],[98.74,8.21],[98.7,8.3],[98.62,8.29],[98.6,8.37],[98.45,8.33],[98.46,8.22],[98.42,8.15],[98.28,8.24],[98.2,8.53],[98.24,8.65],[98.22,8.74],[98.38,9.07],[98.33,9.2],[98.38,9.32],[98.47,9.62],[98.54,9.71],[98.51,9.84],[98.6,9.95],[98.52,10.03],[98.49,10.2],[98.53,10.36],[98.46,10.72],[98.58,10.77],[98.63,10.91],[98.71,10.92],[98.71,11.1],[98.76,11.27],[98.7,11.39],[98.77,11.76],[98.68,11.68],[98.61,11.73],[98.72,11.96],[98.7,12.05],[98.55,12.28],[98.68,12.32],[98.61,12.43],[98.62,12.56],[98.69,12.71],[98.58,13.03],[98.58,13.19],[98.48,13.28],[98.43,13.48],[98.3,13.67],[98.24,13.71],[98.1,13.7],[98.1,13.88],[98.06,14.01],[98.11,14.13],[97.99,14.33],[97.98,14.44],[97.84,14.74],[97.79,14.88],[97.81,15.17],[97.73,15.34],[97.79,15.41],[97.74,15.6],[97.73,15.84],[97.58,16.01],[97.65,16.28],[97.63,16.44],[97.65,16.51],[97.55,16.54],[97.4,16.52],[97.34,16.63],[97.26,16.7],[97.18,16.92],[97.2,17],[97.1,17.13],[97.07,17.25],[96.91,17.28],[96.85,17.21],[96.91,17.02],[96.8,16.74],[96.62,16.52],[96.44,16.48],[96.27,16.6],[96.25,16.55],[96.34,16.44],[96.29,16.37],[96.07,16.31],[95.98,16.22],[95.88,16.21],[95.76,16.15],[95.66,15.95],[95.52,15.8],[95.4,15.72],[95.29,15.74],[95.28,15.84],[95.17,15.78],[95.12,15.89],[94.98,15.76],[94.86,15.78],[94.84,15.96],[94.79,15.96],[94.72,15.86],[94.66,15.85],[94.56,15.96],[94.64,16.04],[94.68,16.21],[94.64,16.28],[94.52,16.29],[94.51,16.19],[94.34,16],[94.24,15.98],[94.22,16.16],[94.27,16.54],[94.33,16.53],[94.4,16.79],[94.38,16.89],[94.46,16.95],[94.46,17.05],[94.51,17.17],[94.51,17.28],[94.57,17.31],[94.55,17.54],[94.6,17.62],[94.5,17.79],[94.45,17.97],[94.48,18.09],[94.4,18.29],[94.39,18.36],[94.28,18.48],[94.21,18.74],[94.13,18.85],[94.05,18.84],[94.07,19.04],[94.03,19.2],[93.96,19.13],[93.97,18.92],[93.93,18.86],[93.75,18.97],[93.5,19.31],[93.48,19.39],[93.61,19.4],[93.67,19.31],[93.8,19.24],[93.93,19.3],[93.99,19.39],[93.98,19.46],[93.91,19.47],[93.74,19.62],[93.69,19.72],[93.6,19.78],[93.71,19.92],[93.57,19.92],[93.41,19.98],[93.37,20.09],[93.27,20.05],[93.19,20.06],[93.15,19.99],[93.05,19.99],[92.98,20.09],[93.02,20.15],[92.94,20.21],[92.86,20.12],[92.77,20.2],[92.9,20.31],[92.84,20.39],[92.83,20.48],[92.65,20.42],[92.54,20.53],[92.45,20.67],[92.3,20.76],[92.19,21],[92.05,21.15],[92.05,21.3],[91.96,21.42],[92.02,21.6],[91.95,21.72],[91.97,21.78],[91.91,21.78],[91.92,21.86],[91.86,22.11],[91.77,22.26],[91.74,22.41],[91.68,22.53],[91.46,22.78],[91.24,22.7],[91.26,22.64],[91.2,22.54],[91.13,22.53],[90.95,22.58],[90.77,22.78],[90.72,22.94],[90.63,23.09],[90.67,23.27],[90.6,23.39],[90.26,23.44],[90.43,23.33],[90.57,23.29],[90.61,23.25],[90.6,23.12],[90.47,23.08],[90.51,22.94],[90.41,22.76],[90.49,22.72],[90.51,22.61],[90.61,22.47],[90.61,22.31],[90.56,22.2],[90.46,22.09],[90.33,22.04],[90.27,21.86],[90.18,21.8],[90.02,21.86],[90.05,21.99],[89.93,22],[89.88,22.29],[89.84,22.27],[89.87,22.11],[89.84,22.05],[89.89,21.9],[89.81,21.84],[89.65,21.83],[89.67,21.75],[89.47,21.78],[89.37,21.83],[89.19,21.79],[89.1,21.82],[89.06,21.94],[88.99,21.91],[89.08,21.62],[89,21.6],[88.88,21.67],[88.76,21.56],[88.68,21.7],[88.69,21.95],[88.63,21.96],[88.57,21.85],[88.62,21.71],[88.58,21.57],[88.39,21.6],[88.25,21.56],[88.18,21.68],[88.2,21.81],[88.15,21.89],[88.14,22.06],[88.05,21.99],[87.97,21.84],[87.7,21.66],[87.25,21.56],[87.8,20.83],[88.35,20.1],[88.9,19.37],[89.45,18.64],[90,17.92],[90,16.92],[90,15.92],[90,14.93],[90,13.93],[90,13.44],[90,12.44],[90,11.45],[90,10.45],[90,9.95],[90,8.96],[90,7.96],[90,6.97],[90,6.47],[90,5.47],[90,4.48],[90,3.98],[90,2.99],[90,2.49],[90,1.49],[90,1],[90,0],[90.99,0],[91.48,0],[92.47,0],[92.96,0],[93.95,0],[94.45,0],[95.44,0],[96.42,0],[96.86,-0.89],[97.29,-1.79],[97.72,-2.68],[98.16,-3.57],[98.59,-4.47],[99.03,-5.36],[99.46,-6.25],[99.89,-7.14],[100.11,-7.59],[101,-7.37],[101.89,-7.15],[102.78,-6.93],[103.68,-6.71],[104.57,-6.49],[105.46,-6.27],[105.99,-5.76],[106.87,-5.4],[107.75,-5.03],[108.63,-4.67],[109.51,-4.31],[109.95,-4.13],[110.42,-4.23],[111.37,-4.44],[112.32,-4.65],[113.27,-4.85],[114.22,-5.06],[115.17,-5.27],[116.12,-5.47],[117.07,-5.68],[117.22,-5.22],[117.54,-4.29],[117.86,-3.36],[118.17,-2.44],[118.49,-1.51],[118.8,-0.58],[119.12,0.34],[119.43,1.27],[119.75,2.2],[119.91,2.66],[120.9,2.56],[121.89,2.46],[122.88,2.36],[123.86,2.26],[124.85,2.16],[125.35,2.11],[125.39,2.1],[125.67,2.08],[126.13,2.23],[127.05,2.53],[127.97,2.83],[128.9,3.13],[129.82,3.44],[130.16,2.58],[130.5,1.72],[130.84,0.86],[131.18,0],[131.68,0],[132.67,0],[133.67,0],[134.67,0],[135.16,0],[136.16,0],[137.16,0],[138.15,0],[139.15,0],[140.15,0],[141.14,0],[142.14,0],[143.13,0],[143.63,0],[144.63,0],[145.13,0],[146.12,0],[147.12,0],[147.62,0],[148.61,0],[149.11,0],[150.11,0],[151.11,0],[151.6,0],[152.6,0],[153.6,0],[154.09,0],[155.09,0],[155.59,0],[156.59,0],[157.58,0],[158.08,0],[159.08,0],[160.07,0],[161.07,0],[161.57,0],[162.56,0],[163.56,0],[164.56,0],[165.55,0],[166.05,0],[167.05,0],[167.55,0],[168.54,0],[169.54,0],[170.04,0],[171.03,0],[171.53,0],[172.53,0],[173.52,0],[174.52,0],[175.02,0],[176.01,0],[177.01,0],[178.01,0],[179,0],[180,0]],[[125.65,3.47],[125.62,3.4],[125.51,3.48],[125.52,3.58],[125.44,3.64],[125.51,3.71],[125.65,3.47]],[[117.63,3.44],[117.68,3.42],[117.67,3.27],[117.57,3.31],[117.54,3.43],[117.63,3.44]],[[119.28,5.34],[119.27,5.2],[119.16,5.11],[118.68,4.94],[118.58,4.97],[118.51,4.93],[118.43,5.02],[118.36,5.04],[118.22,4.97],[118.14,4.88],[118.22,4.76],[118.33,4.65],[118.44,4.61],[118.6,4.52],[118.65,4.44],[118.54,4.36],[118.33,4.34],[118.14,4.3],[118,4.23],[117.89,4.26],[117.67,4.43],[117.61,4.38],[117.65,4.28],[117.61,4.18],[117.51,4.12],[117.52,4.05],[117.78,3.8],[117.83,3.7],[117.75,3.64],[117.65,3.63],[117.55,3.66],[117.43,3.63],[117.22,3.65],[117.2,3.55],[117.33,3.44],[117.45,3.43],[117.37,3.31],[117.35,3.18],[117.45,3.17],[117.48,3.1],[117.62,3.09],[117.66,3],[117.63,2.81],[117.78,2.76],[117.83,2.61],[118.06,2.37],[118.09,2.26],[117.98,2.19],[117.86,2.04],[117.87,1.92],[117.92,1.82],[118.01,1.78],[118.13,1.65],[118.43,1.49],[118.52,1.37],[118.61,1.35],[118.78,1.2],[118.86,1.06],[119.01,1.04],[119,0.96],[118.8,0.8],[118.69,0.85],[118.57,0.8],[118.19,0.88],[117.98,0.98],[118.03,0.86],[117.99,0.79],[117.91,0.84],[117.81,0.81],[117.74,0.74],[117.72,0.65],[117.62,0.5],[117.62,0.42],[117.52,0.29],[117.48,0.06],[117.53,-0.03],[117.48,-0.09],[117.43,-0.26],[117.49,-0.39],[117.47,-0.51],[117.6,-0.42],[117.58,-0.63],[117.54,-0.69],[117.62,-0.79],[117.49,-0.8],[117.45,-0.87],[117.36,-0.88],[117.3,-0.82],[117.25,-0.91],[117.16,-0.98],[117.02,-1.2],[116.82,-1.26],[116.76,-1.37],[116.61,-1.42],[116.54,-1.48],[116.56,-1.61],[116.32,-1.7],[116.47,-1.91],[116.46,-2.02],[116.36,-2.09],[116.39,-2.19],[116.53,-2.17],[116.6,-2.22],[116.54,-2.51],[116.31,-2.52],[116.39,-2.59],[116.37,-2.65],[116.37,-2.82],[116.33,-2.93],[116.11,-2.93],[116.26,-3.14],[116.16,-3.17],[116.17,-3.27],[116.09,-3.31],[116.01,-3.45],[115.97,-3.61],[115.84,-3.63],[115.76,-3.7],[115.58,-3.78],[115.06,-3.99],[114.88,-4.07],[114.71,-4.17],[114.61,-4.13],[114.63,-4.01],[114.6,-3.86],[114.61,-3.68],[114.54,-3.56],[114.52,-3.48],[114.41,-3.49],[114.26,-3.4],[114.11,-3.35],[113.89,-3.43],[113.71,-3.47],[113.63,-3.46],[113.64,-3.3],[113.62,-3.19],[113.47,-3.18],[113.35,-3.25],[113.24,-3.18],[113.18,-3.08],[113.04,-2.99],[112.95,-3.09],[113.02,-3.16],[112.62,-3.42],[112.52,-3.44],[112.39,-3.34],[112.3,-3.31],[112.12,-3.38],[111.91,-3.57],[111.82,-3.55],[111.84,-3.36],[111.81,-3.19],[111.83,-3.06],[111.76,-2.91],[111.58,-3.01],[111.45,-2.93],[111.3,-2.94],[111.06,-3.06],[110.91,-3.08],[110.76,-3.01],[110.66,-3.08],[110.62,-2.91],[110.51,-2.87],[110.26,-3],[110.2,-2.9],[110.25,-2.79],[110.2,-2.64],[110.22,-2.53],[110.16,-2.44],[110.14,-2.29],[110.1,-2.2],[110.13,-2.07],[110.08,-1.92],[109.95,-1.87],[109.92,-1.77],[109.99,-1.73],[110.03,-1.65],[110.07,-1.43],[110.03,-1.29],[109.93,-1.22],[109.92,-1.1],[109.84,-1.09],[109.73,-0.95],[109.68,-0.98],[109.6,-0.95],[109.58,-0.89],[109.44,-0.85],[109.41,-0.91],[109.27,-0.85],[109.25,-0.7],[109.36,-0.65],[109.12,-0.5],[109.09,-0.29],[109.18,-0.21],[109.19,-0.08],[109.17,0.11],[109.1,0.24],[108.92,0.34],[108.94,0.45],[108.91,0.53],[108.93,0.64],[108.88,0.71],[108.86,0.83],[108.94,0.88],[108.98,1],[108.93,1.14],[109.06,1.38],[109.1,1.56],[109.25,1.67],[109.35,1.81],[109.34,1.94],[109.56,1.99],[109.65,1.94],[109.73,1.84],[109.89,1.76],[109.93,1.69],[110.17,1.7],[110.21,1.68],[110.37,1.72],[110.73,1.55],[110.84,1.57],[110.97,1.5],[111.04,1.68],[111.14,1.68],[111.1,1.77],[111.21,2.07],[111.18,2.15],[111.21,2.39],[111.25,2.42],[111.37,2.34],[111.45,2.37],[111.4,2.48],[111.44,2.68],[111.67,2.84],[111.86,2.88],[112.01,2.89],[112.97,3.14],[113.06,3.22],[113.07,3.28],[113.28,3.48],[113.39,3.65],[113.43,3.75],[113.74,4],[113.95,4.27],[114,4.6],[114.25,4.59],[114.53,4.69],[114.72,4.88],[114.93,5],[115.06,5.05],[115.02,4.93],[115.03,4.82],[115.13,4.85],[115.2,4.95],[115.36,4.9],[115.48,5.03],[115.56,5.07],[115.56,5.21],[115.49,5.22],[115.36,5.32],[115.4,5.42],[115.55,5.54],[115.59,5.62],[115.67,5.53],[115.85,5.56],[115.92,5.75],[116.05,5.84],[116.07,5.93],[116.2,6.22],[116.32,6.31],[116.35,6.38],[116.5,6.5],[116.65,6.72],[116.67,6.88],[116.75,7.01],[116.83,6.97],[116.86,6.82],[116.78,6.63],[116.82,6.58],[116.97,6.71],[117.05,6.83],[117.03,6.91],[117.08,6.99],[117.14,7],[117.25,6.95],[117.23,6.84],[117.31,6.63],[117.44,6.55],[117.51,6.6],[117.64,6.52],[117.74,6.39],[117.72,6.25],[117.61,6.18],[117.67,6.08],[117.65,5.96],[117.88,5.95],[118.02,6.06],[118.13,5.86],[118.06,5.81],[117.94,5.81],[117.96,5.69],[118.05,5.72],[118.13,5.69],[118.18,5.81],[118.26,5.83],[118.41,5.8],[118.59,5.68],[118.74,5.55],[118.97,5.43],[119.09,5.41],[119.2,5.44],[119.28,5.34]],[[120.25,5.27],[120.19,5.2],[120.03,5.16],[119.95,5.08],[119.82,5.06],[119.83,5.13],[119.96,5.22],[120.09,5.26],[120.2,5.35],[120.25,5.27]],[[126.87,4.33],[126.92,4.28],[126.81,4.16],[126.81,4.04],[126.76,3.99],[126.66,4.03],[126.79,4.24],[126.71,4.26],[126.71,4.42],[126.73,4.54],[126.82,4.55],[126.88,4.46],[126.87,4.33]],[[117.7,4.11],[117.74,4.03],[117.67,3.98],[117.59,4.06],[117.7,4.11]],[[117.85,4.2],[117.9,4.18],[117.93,4.06],[117.84,4.04],[117.64,4.22],[117.7,4.27],[117.85,4.2]],[[117.52,3.48],[117.25,3.51],[117.27,3.59],[117.39,3.57],[117.52,3.48]],[[116.3,-3.72],[116.31,-3.88],[116.12,-4.04],[116.06,-4.04],[116.07,-3.8],[116.01,-3.65],[116.05,-3.48],[116.13,-3.32],[116.27,-3.22],[116.26,-3.41],[116.3,-3.72]],[[116.4,-3.39],[116.43,-3.41],[116.39,-3.63],[116.32,-3.53],[116.4,-3.39]],[[100.95,1.83],[100.89,2.04],[100.8,2.16],[100.81,2.25],[100.91,2.3],[101.05,2.29],[101.07,2.22],[101.3,2.05],[101.38,1.77],[101.43,1.71],[101.59,1.65],[101.71,1.67],[101.78,1.64],[102.02,1.44],[102.12,1.39],[102.15,1.25],[102.2,1.18],[102.19,1.07],[102.24,0.98],[102.43,0.8],[102.55,0.74],[102.67,0.75],[102.88,0.73],[103.06,0.56],[103.07,0.44],[102.72,0.26],[102.76,0.23],[102.9,0.27],[103.08,0.38],[103.17,0.41],[103.22,0.49],[103.36,0.54],[103.54,0.43],[103.71,0.31],[103.76,0.24],[103.79,-0.01],[103.67,-0.02],[103.49,-0.12],[103.47,-0.18],[103.49,-0.25],[103.4,-0.38],[103.48,-0.37],[103.57,-0.48],[103.42,-0.52],[103.38,-0.73],[103.46,-0.76],[103.65,-0.94],[103.84,-1.03],[103.96,-0.98],[104.21,-1.07],[104.38,-1.03],[104.4,-1.19],[104.44,-1.3],[104.45,-1.53],[104.56,-1.86],[104.64,-1.92],[104.66,-2.03],[104.77,-2],[104.87,-2.08],[104.88,-2.16],[104.74,-2.34],[104.77,-2.43],[104.88,-2.28],[105.12,-2.38],[105.2,-2.35],[105.62,-2.4],[105.61,-2.55],[105.67,-2.66],[105.78,-2.69],[105.79,-2.86],[105.88,-2.95],[106.02,-2.97],[106.05,-3.05],[106.06,-3.27],[105.93,-3.37],[105.88,-3.45],[105.82,-3.67],[105.85,-3.74],[105.95,-3.83],[105.87,-4],[105.81,-4.24],[105.82,-4.3],[105.91,-4.47],[105.87,-4.85],[105.91,-4.94],[105.87,-5.04],[105.86,-5.26],[105.83,-5.38],[105.83,-5.65],[105.78,-5.83],[105.6,-5.81],[105.55,-5.66],[105.48,-5.66],[105.31,-5.47],[105.25,-5.46],[105.2,-5.68],[105.12,-5.78],[104.79,-5.61],[104.71,-5.53],[104.62,-5.49],[104.53,-5.56],[104.69,-5.81],[104.7,-5.93],[104.56,-5.93],[104.54,-5.84],[104.38,-5.69],[104.3,-5.64],[104.26,-5.54],[104.11,-5.45],[103.9,-5.22],[103.91,-5.14],[103.71,-4.96],[103.41,-4.87],[103.39,-4.81],[103.17,-4.62],[102.92,-4.49],[102.88,-4.42],[102.7,-4.27],[102.31,-3.99],[102.3,-3.85],[102.22,-3.64],[102.07,-3.55],[101.64,-3.25],[101.56,-3.16],[101.42,-2.93],[101.33,-2.74],[101.1,-2.59],[100.92,-2.33],[100.83,-2.14],[100.89,-2.04],[100.86,-1.89],[100.78,-1.82],[100.65,-1.59],[100.63,-1.51],[100.57,-1.44],[100.57,-1.33],[100.41,-1.26],[100.37,-1.15],[100.41,-1.04],[100.35,-0.98],[100.3,-0.82],[100.16,-0.67],[100,-0.46],[99.81,-0.29],[99.76,-0.17],[99.75,-0.03],[99.61,0.1],[99.41,0.16],[99.32,0.24],[99.24,0.22],[99.14,0.27],[99.13,0.41],[99.09,0.62],[99.04,0.65],[99.04,0.78],[98.98,0.83],[98.98,0.92],[98.92,1.12],[98.79,1.41],[98.73,1.51],[98.82,1.62],[98.76,1.76],[98.66,1.76],[98.54,1.94],[98.35,2],[98.15,2.16],[97.98,2.24],[97.74,2.28],[97.66,2.41],[97.64,2.67],[97.6,2.87],[97.42,2.93],[97.33,3.03],[97.27,3.21],[97.18,3.25],[97.02,3.52],[96.92,3.61],[96.88,3.68],[96.76,3.75],[96.56,3.75],[96.43,3.83],[96.19,4.13],[96.01,4.23],[95.62,4.63],[95.56,4.65],[95.43,4.83],[95.29,5.19],[95.2,5.29],[95.25,5.4],[95.2,5.55],[95.41,5.65],[95.51,5.6],[95.61,5.63],[95.89,5.51],[95.93,5.41],[96.13,5.28],[96.36,5.23],[96.65,5.22],[96.83,5.28],[96.97,5.27],[97.27,5.16],[97.5,5.25],[97.66,5.07],[97.91,4.89],[98.05,4.55],[98.21,4.5],[98.28,4.43],[98.26,4.18],[98.31,4.08],[98.48,4.05],[98.68,3.91],[98.71,3.8],[98.8,3.73],[98.96,3.67],[99.18,3.55],[99.49,3.34],[99.59,3.23],[99.75,3.18],[99.78,3.12],[99.98,2.95],[100.02,2.73],[100.13,2.68],[100.2,2.71],[100.31,2.57],[100.38,2.36],[100.43,2.27],[100.56,2.16],[100.67,2.13],[100.86,2],[100.95,1.83]],[[101.72,2.06],[101.78,1.95],[101.72,1.78],[101.58,1.71],[101.46,1.77],[101.39,1.93],[101.44,2.06],[101.53,2.06],[101.65,2.13],[101.72,2.06]],[[102.5,1.36],[102.43,1.3],[102.33,1.41],[102.13,1.46],[102,1.59],[102.07,1.62],[102.15,1.58],[102.35,1.55],[102.49,1.49],[102.5,1.36]],[[102.47,1.24],[102.45,1.1],[102.46,0.96],[102.33,0.96],[102.23,1.1],[102.24,1.22],[102.2,1.3],[102.22,1.41],[102.29,1.4],[102.47,1.24]],[[104.65,1.1],[104.66,0.94],[104.6,0.84],[104.48,0.86],[104.45,0.94],[104.45,1.06],[104.32,1],[104.23,1.09],[104.4,1.2],[104.59,1.14],[104.65,1.1]],[[103.29,0.63],[103.28,0.54],[103.17,0.51],[103.14,0.57],[103.21,0.71],[103.29,0.63]],[[103.05,0.8],[103.01,0.69],[102.85,0.8],[102.68,0.8],[102.56,0.78],[102.41,0.87],[102.5,0.97],[102.47,1.07],[102.56,1.13],[102.66,1],[102.76,1.01],[103.02,0.85],[103.05,0.8]],[[103.49,0.78],[103.42,0.66],[103.35,0.76],[103.4,0.88],[103.49,0.78]],[[103.13,0.93],[103.09,0.84],[102.79,1.03],[102.64,1.04],[102.72,1.15],[102.8,1.16],[103.04,1.04],[103.13,0.93]],[[104.15,1.16],[104.13,1.05],[104.05,0.98],[103.95,1.01],[103.9,1.09],[104.04,1.18],[104.15,1.16]],[[103.96,1.39],[103.95,1.32],[103.84,1.27],[103.65,1.31],[103.68,1.41],[103.8,1.45],[103.96,1.39]],[[104.93,-0.24],[104.85,-0.3],[104.74,-0.21],[104.54,-0.27],[104.44,-0.18],[104.49,-0.14],[104.53,-0.01],[104.62,0],[104.77,-0.19],[104.85,-0.14],[104.93,-0.24]],[[103.71,-0.27],[103.71,-0.35],[103.61,-0.39],[103.46,-0.33],[103.56,-0.22],[103.71,-0.27]],[[104.55,-0.4],[104.59,-0.48],[104.52,-0.6],[104.34,-0.54],[104.26,-0.48],[104.32,-0.36],[104.38,-0.4],[104.47,-0.33],[104.55,-0.4]],[[109.76,-1.1],[109.7,-1.19],[109.48,-1.3],[109.42,-1.25],[109.45,-1],[109.59,-0.97],[109.66,-1],[109.7,-0.98],[109.76,-1.1]],[[106.77,-2.56],[106.67,-2.7],[106.61,-2.87],[106.61,-2.94],[106.75,-3.02],[106.71,-3.09],[106.6,-3.07],[106.53,-3.11],[106.45,-2.98],[106.09,-2.84],[105.99,-2.82],[105.9,-2.63],[105.94,-2.5],[105.83,-2.4],[105.8,-2.17],[105.61,-2.11],[105.57,-2.07],[105.45,-2.12],[105.31,-2.14],[105.23,-2.07],[105.15,-2.08],[105.15,-1.94],[105.38,-1.82],[105.39,-1.74],[105.35,-1.65],[105.46,-1.56],[105.61,-1.54],[105.65,-1.71],[105.72,-1.77],[105.76,-1.65],[105.72,-1.52],[105.88,-1.49],[106.03,-1.58],[106.04,-1.68],[106.17,-1.88],[106.16,-2.01],[106.2,-2.18],[106.26,-2.35],[106.35,-2.46],[106.77,-2.56]],[[108.29,-2.85],[108.2,-3.01],[108.19,-3.14],[108.09,-3.16],[107.99,-3.24],[107.97,-3.15],[107.89,-3.09],[107.75,-3.2],[107.6,-3.23],[107.64,-3.12],[107.58,-3.01],[107.61,-2.92],[107.59,-2.79],[107.64,-2.75],[107.67,-2.56],[107.79,-2.55],[108.07,-2.59],[108.2,-2.68],[108.29,-2.85]],[[106.91,-2.93],[106.86,-3.03],[106.72,-2.97],[106.81,-2.89],[106.91,-2.93]],[[108.96,-1.57],[108.93,-1.64],[108.83,-1.66],[108.81,-1.57],[108.9,-1.53],[108.96,-1.57]],[[102.41,-5.4],[102.3,-5.47],[102.1,-5.33],[102.17,-5.28],[102.27,-5.31],[102.41,-5.4]],[[100.4,-3.18],[100.19,-2.97],[100.19,-2.79],[100.26,-2.79],[100.47,-3.02],[100.47,-3.11],[100.4,-3.18]],[[100.21,-2.69],[100.14,-2.82],[100.01,-2.82],[99.98,-2.48],[100.21,-2.69]],[[99.82,-2.29],[99.71,-2.31],[99.53,-2.16],[99.59,-2.01],[99.69,-2.07],[99.72,-2.16],[99.82,-2.29]],[[99.27,-1.63],[99.21,-1.64],[99.24,-1.78],[99.1,-1.8],[98.88,-1.68],[98.81,-1.53],[98.59,-1.2],[98.64,-1.09],[98.66,-0.96],[98.88,-0.91],[98.94,-1.07],[98.98,-1.09],[99.12,-1.37],[99.16,-1.41],[99.21,-1.57],[99.27,-1.63]],[[98.5,-0.46],[98.39,-0.58],[98.32,-0.54],[98.37,-0.35],[98.45,-0.26],[98.51,-0.36],[98.5,-0.46]],[[98.48,-0.16],[98.56,-0.28],[98.51,-0.32],[98.34,-0.04],[98.44,-0.05],[98.48,-0.16]],[[98.55,0.16],[98.72,0.18],[98.84,0.14],[98.84,0.08],[98.69,0.07],[98.54,0.09],[98.55,0.16]],[[97.93,1],[97.9,0.91],[97.88,0.64],[97.83,0.56],[97.7,0.57],[97.61,0.82],[97.39,0.95],[97.39,1.02],[97.23,1.28],[97.08,1.43],[97.24,1.42],[97.32,1.47],[97.35,1.55],[97.49,1.48],[97.69,1.19],[97.79,1.14],[97.93,1]],[[96.48,2.41],[96.41,2.34],[96.31,2.37],[96.24,2.45],[96.07,2.58],[95.93,2.6],[95.7,2.78],[95.77,2.91],[95.88,2.92],[95.98,2.79],[96.09,2.76],[96.25,2.6],[96.44,2.49],[96.48,2.41]],[[100.31,5.45],[100.34,5.42],[100.29,5.26],[100.19,5.27],[100.19,5.4],[100.31,5.45]],[[111.41,2.39],[111.31,2.45],[111.3,2.7],[111.38,2.7],[111.38,2.52],[111.41,2.39]],[[105.8,3],[105.81,2.9],[105.7,2.88],[105.72,2.98],[105.8,3]],[[108.4,3.87],[108.32,3.68],[108.17,3.65],[108.09,3.7],[108.18,3.82],[108.06,3.86],[107.98,4.01],[108.17,4.18],[108.26,4.13],[108.39,4],[108.4,3.87]],[[126.57,7.3],[126.61,7.26],[126.48,7.07],[126.47,7],[126.35,7],[126.3,6.89],[126.21,6.93],[126.17,6.88],[126.25,6.77],[126.23,6.47],[126.18,6.36],[126.1,6.51],[126.08,6.84],[125.98,6.94],[125.99,7.01],[125.9,7.1],[125.81,7.35],[125.66,7.24],[125.66,7.13],[125.51,7.02],[125.48,6.91],[125.39,6.77],[125.4,6.6],[125.47,6.59],[125.57,6.52],[125.71,6.15],[125.67,5.95],[125.39,5.57],[125.3,5.59],[125.3,5.67],[125.18,5.8],[125.26,5.95],[125.25,6.09],[125.17,6.11],[125.07,5.86],[124.94,5.86],[124.6,6],[124.42,6.11],[124.25,6.19],[124.05,6.44],[124.05,6.67],[123.97,6.82],[123.97,6.97],[124.03,7.12],[124.18,7.23],[124.25,7.4],[124.14,7.46],[124.07,7.6],[123.91,7.7],[123.79,7.71],[123.72,7.8],[123.59,7.84],[123.44,7.8],[123.49,7.66],[123.35,7.57],[123.45,7.45],[123.42,7.37],[123.23,7.52],[123.19,7.63],[123.11,7.73],[123.05,7.66],[123,7.47],[122.83,7.55],[122.79,7.67],[122.81,7.74],[122.7,7.79],[122.6,7.76],[122.44,7.61],[122.49,7.58],[122.35,7.45],[122.38,7.39],[122.27,7.25],[122.24,7.1],[122.15,6.93],[122.04,6.92],[121.94,6.98],[121.9,7.06],[121.93,7.22],[122.05,7.3],[122.05,7.44],[122.11,7.6],[122.13,7.82],[122.29,8.01],[122.44,8.07],[122.65,8.12],[122.92,8.15],[123.01,8.23],[122.96,8.27],[122.99,8.4],[123.06,8.5],[123.33,8.55],[123.36,8.62],[123.48,8.7],[123.76,8.61],[123.84,8.45],[123.87,8.36],[123.87,8.11],[124.04,8.19],[124.23,8.21],[124.32,8.51],[124.41,8.61],[124.54,8.56],[124.64,8.48],[124.75,8.5],[124.79,8.73],[124.78,8.95],[124.82,9.01],[124.92,8.99],[125.12,8.83],[125.19,8.88],[125.18,9],[125.23,9.08],[125.31,8.99],[125.46,8.99],[125.53,9.03],[125.54,9.19],[125.47,9.41],[125.4,9.68],[125.46,9.81],[125.57,9.76],[125.62,9.63],[125.93,9.49],[126.01,9.29],[126.08,9.24],[126.22,9.31],[126.18,9.09],[126.31,8.96],[126.35,8.85],[126.3,8.77],[126.14,8.65],[126.22,8.56],[126.36,8.53],[126.39,8.29],[126.46,8.23],[126.4,7.93],[126.41,7.83],[126.49,7.75],[126.58,7.72],[126.57,7.63],[126.61,7.47],[126.57,7.3]],[[134.65,7.72],[134.66,7.59],[134.59,7.42],[134.52,7.36],[134.49,7.47],[134.57,7.61],[134.64,7.63],[134.65,7.72]],[[158.29,6.94],[158.34,6.88],[158.29,6.8],[158.19,6.79],[158.13,6.91],[158.18,6.98],[158.29,6.94]],[[125.79,6.95],[125.67,7.07],[125.71,7.19],[125.78,7.14],[125.79,6.95]],[[121.38,6.01],[121.42,5.95],[121.28,5.86],[121.23,5.94],[121.08,5.89],[121.01,5.92],[120.93,5.89],[120.87,5.96],[120.91,6.02],[121.04,6.1],[121.38,6.01]],[[122.3,6.63],[122.24,6.57],[122.19,6.45],[121.96,6.4],[121.88,6.5],[121.84,6.67],[121.94,6.68],[122.07,6.74],[122.3,6.63]],[[122.97,7.38],[122.82,7.29],[122.79,7.38],[122.91,7.44],[122.97,7.38]],[[117.17,7.34],[117.28,7.31],[117.23,7.19],[117.06,7.13],[117.06,7.27],[117.17,7.34]],[[117.08,8.06],[117.07,7.85],[117,7.82],[116.95,7.93],[116.96,8.06],[117.08,8.06]],[[119.67,10.55],[119.71,10.49],[119.56,10.37],[119.47,10.38],[119.36,10.33],[119.24,10.18],[119.2,10.06],[119.07,10.01],[118.87,9.97],[118.75,9.89],[118.78,9.79],[118.73,9.63],[118.5,9.31],[118.34,9.18],[118.13,9.13],[118.01,8.89],[117.91,8.83],[117.77,8.7],[117.57,8.66],[117.51,8.51],[117.32,8.45],[117.2,8.33],[117.22,8.5],[117.29,8.64],[117.45,8.79],[117.66,9.06],[117.77,9.09],[117.8,9.16],[117.9,9.26],[118,9.23],[118.13,9.34],[118.35,9.64],[118.53,9.77],[118.72,10.04],[118.82,10.19],[118.95,10.22],[119.07,10.39],[119.15,10.4],[119.28,10.51],[119.34,10.72],[119.22,10.85],[119.32,11],[119.41,11.05],[119.42,11.3],[119.51,11.4],[119.57,11.26],[119.52,11.14],[119.56,11.06],[119.5,10.97],[119.52,10.84],[119.59,10.84],[119.59,10.67],[119.67,10.55]],[[119.95,10.6],[119.99,10.54],[119.81,10.45],[119.78,10.54],[119.85,10.64],[119.95,10.6]],[[123.17,11.48],[123.11,11.27],[123.13,11.18],[123.04,11.16],[123.01,11.09],[122.84,11.02],[122.78,10.96],[122.76,10.81],[122.63,10.77],[122.59,10.7],[122.23,10.64],[122.1,10.57],[122.04,10.47],[121.93,10.47],[121.98,10.62],[121.94,10.78],[122.05,11.02],[122.05,11.23],[122.11,11.66],[122.08,11.72],[121.86,11.76],[121.9,11.89],[121.96,11.93],[122.12,11.82],[122.39,11.73],[122.62,11.51],[122.73,11.59],[122.85,11.59],[122.9,11.44],[123.12,11.55],[123.17,11.48]],[[125.27,10.32],[125,10.2],[125.02,10.03],[124.88,10.13],[124.78,10.15],[124.79,10.3],[124.74,10.4],[124.74,10.49],[124.8,10.66],[124.78,10.82],[124.62,11],[124.51,10.87],[124.4,10.95],[124.42,11.02],[124.4,11.3],[124.31,11.47],[124.33,11.56],[124.44,11.45],[124.5,11.44],[124.63,11.3],[124.74,11.33],[124.85,11.43],[124.98,11.38],[124.97,11.29],[125.03,11.18],[125.05,10.97],[125.01,10.8],[125.19,10.6],[125.2,10.43],[125.27,10.32]],[[125.72,9.91],[125.61,9.97],[125.5,10.1],[125.54,10.22],[125.56,10.37],[125.68,10.4],[125.66,10.26],[125.71,10.07],[125.68,9.96],[125.72,9.91]],[[124.57,9.87],[124.62,9.8],[124.59,9.73],[124.5,9.77],[124.41,9.66],[124.29,9.61],[124.07,9.6],[123.94,9.62],[123.81,9.74],[123.81,9.8],[123.89,9.91],[124.05,9.98],[124.08,10.05],[124.18,10.14],[124.33,10.16],[124.59,10.02],[124.57,9.87]],[[126.17,9.83],[126.12,9.76],[126.02,9.78],[125.98,9.9],[126.08,10.06],[126.17,9.83]],[[124.05,10.83],[124.02,10.75],[124.05,10.63],[124.04,10.48],[123.97,10.33],[123.81,10.24],[123.72,10.16],[123.64,10.04],[123.64,9.96],[123.51,9.65],[123.49,9.57],[123.37,9.43],[123.31,9.51],[123.38,9.94],[123.42,10.04],[123.51,10.12],[123.6,10.32],[123.71,10.46],[123.76,10.64],[123.85,10.75],[123.92,10.94],[123.92,11.03],[124.04,11.13],[124.05,10.83]],[[123.57,10.83],[123.49,10.55],[123.39,10.44],[123.29,10.09],[123.16,9.87],[123.2,9.49],[123.32,9.34],[123.3,9.22],[123.23,9.11],[123.03,9.04],[122.93,9.12],[122.87,9.32],[122.6,9.43],[122.5,9.56],[122.4,9.84],[122.47,9.97],[122.71,9.99],[122.88,10.12],[122.86,10.23],[122.87,10.35],[122.82,10.53],[122.91,10.6],[122.97,10.72],[122.97,10.88],[123.21,11],[123.33,10.95],[123.52,10.92],[123.57,10.83]],[[123.7,9.17],[123.64,9.1],[123.48,9.17],[123.66,9.29],[123.7,9.17]],[[124.78,9.2],[124.79,9.08],[124.67,9.13],[124.65,9.22],[124.71,9.25],[124.78,9.2]],[[122.71,10.73],[122.74,10.64],[122.63,10.44],[122.53,10.42],[122.53,10.59],[122.57,10.67],[122.71,10.73]],[[125.3,9.97],[125.15,10.07],[125.24,10.1],[125.3,9.97]],[[124.6,11.56],[124.61,11.49],[124.46,11.49],[124.37,11.68],[124.5,11.69],[124.6,11.56]],[[125.71,11.15],[125.58,11.15],[125.44,11.1],[125.32,11.15],[125.21,11.13],[125.2,11.23],[125.13,11.28],[125,11.29],[125,11.42],[124.83,11.51],[125,11.62],[125.03,11.73],[124.93,11.74],[124.79,11.86],[124.68,12.03],[124.49,12.1],[124.39,12.22],[124.28,12.53],[124.36,12.54],[124.68,12.52],[124.98,12.56],[125.06,12.53],[125.17,12.58],[125.27,12.5],[125.35,12.4],[125.36,12.29],[125.5,12.25],[125.46,12.11],[125.52,12.05],[125.45,11.96],[125.46,11.84],[125.5,11.7],[125.47,11.6],[125.56,11.42],[125.64,11.37],[125.57,11.27],[125.71,11.15]],[[124.05,11.8],[123.71,11.95],[123.54,12.19],[123.42,12.2],[123.35,12.1],[123.18,11.93],[123.21,12.11],[123.28,12.16],[123.22,12.27],[123.27,12.42],[123.23,12.58],[123.32,12.57],[123.36,12.5],[123.45,12.51],[123.55,12.46],[123.7,12.32],[123.77,12.21],[123.88,12.21],[124.04,11.99],[124.05,11.8]],[[120.02,11.89],[120.07,11.74],[120.01,11.68],[119.87,11.91],[119.93,11.96],[120.02,11.89]],[[120.35,12.03],[120.13,11.97],[119.98,12.03],[119.87,12.23],[119.94,12.28],[120.02,12.25],[120.2,12.11],[120.29,12.14],[120.35,12.03]],[[122.12,12.67],[122.14,12.56],[122.08,12.32],[122,12.21],[121.92,12.3],[121.99,12.44],[121.99,12.57],[122.12,12.67]],[[123.79,12.38],[123.73,12.41],[123.58,12.62],[123.61,12.69],[123.73,12.6],[123.79,12.38]],[[122.69,12.4],[122.61,12.28],[122.51,12.38],[122.43,12.41],[122.48,12.49],[122.65,12.47],[122.69,12.4]],[[121.53,12.7],[121.55,12.64],[121.44,12.52],[121.43,12.38],[121.27,12.27],[121.24,12.21],[121.13,12.24],[120.92,12.51],[120.91,12.63],[120.8,12.73],[120.76,13],[120.64,13.18],[120.48,13.3],[120.44,13.43],[120.37,13.38],[120.31,13.44],[120.36,13.52],[120.57,13.51],[120.75,13.47],[120.95,13.53],[121.04,13.41],[121.22,13.4],[121.43,13.22],[121.49,13.04],[121.49,12.77],[121.53,12.7]],[[122.3,18.4],[122.31,18.25],[122.18,18.12],[122.18,17.98],[122.14,17.8],[122.16,17.62],[122.25,17.36],[122.37,17.35],[122.44,17.29],[122.41,17.18],[122.53,17.09],[122.47,16.99],[122.46,16.9],[122.35,16.64],[122.21,16.42],[122.2,16.26],[121.95,16.14],[121.75,16.08],[121.58,15.93],[121.55,15.83],[121.64,15.72],[121.38,15.31],[121.49,15.16],[121.59,14.86],[121.73,14.72],[121.63,14.7],[121.61,14.61],[121.66,14.42],[121.76,14.25],[121.73,14.19],[121.94,14],[122.23,13.91],[122.2,13.99],[122.29,14.02],[122.17,14.14],[122.47,14.35],[122.6,14.3],[122.75,14.33],[122.85,14.28],[123.01,14.11],[123.08,13.99],[123.09,13.9],[123.05,13.78],[123.11,13.72],[123.27,13.75],[123.31,13.82],[123.28,13.94],[123.22,13.99],[123.25,14.07],[123.33,14.07],[123.48,13.95],[123.94,13.78],[123.8,13.69],[123.59,13.73],[123.53,13.63],[123.67,13.49],[123.79,13.31],[123.75,13.15],[123.82,13.07],[123.87,13.14],[123.98,13.1],[124.08,13.01],[124.14,12.8],[124.1,12.56],[123.98,12.55],[123.88,12.65],[123.82,12.83],[124,12.88],[124.03,12.96],[123.89,12.97],[123.82,12.88],[123.73,12.85],[123.67,12.92],[123.6,12.9],[123.44,13.04],[123.31,13.01],[123.28,13.12],[123.3,13.24],[123.19,13.36],[123.17,13.45],[122.97,13.53],[122.81,13.65],[122.86,13.69],[122.74,13.82],[122.52,13.93],[122.5,13.65],[122.62,13.55],[122.6,13.51],[122.67,13.38],[122.69,13.23],[122.59,13.17],[122.51,13.24],[122.5,13.37],[122.32,13.59],[122.21,13.61],[122.12,13.75],[121.99,13.81],[121.72,13.97],[121.69,13.93],[121.48,13.85],[121.43,13.8],[121.46,13.69],[121.28,13.6],[121.16,13.64],[121.03,13.64],[121.05,13.72],[120.91,13.8],[120.9,13.91],[120.75,13.93],[120.72,13.86],[120.62,13.85],[120.6,13.97],[120.62,14.1],[120.59,14.2],[120.63,14.27],[120.71,14.3],[120.88,14.46],[120.97,14.5],[120.94,14.67],[120.83,14.76],[120.64,14.79],[120.55,14.84],[120.54,14.7],[120.58,14.66],[120.6,14.51],[120.56,14.44],[120.4,14.46],[120.37,14.62],[120.29,14.65],[120.19,14.77],[120.09,14.79],[120.05,14.93],[120.05,15.06],[120.01,15.27],[119.89,15.43],[119.96,15.51],[119.9,15.6],[119.92,15.69],[119.88,15.91],[119.76,15.94],[119.78,16.14],[119.76,16.2],[119.81,16.37],[119.93,16.35],[119.9,16.25],[120.09,16.15],[120.11,16.07],[120.19,16.03],[120.33,16.06],[120.4,16.17],[120.34,16.29],[120.31,16.54],[120.28,16.61],[120.31,16.78],[120.43,16.96],[120.4,17.22],[120.44,17.37],[120.4,17.52],[120.33,17.56],[120.35,17.68],[120.43,17.92],[120.48,18],[120.47,18.09],[120.59,18.36],[120.56,18.47],[120.61,18.54],[120.77,18.56],[120.85,18.64],[120.93,18.57],[121.11,18.64],[121.42,18.48],[121.61,18.36],[121.85,18.29],[121.97,18.29],[122.11,18.39],[122.15,18.52],[122.22,18.52],[122.3,18.4]],[[122.01,15.01],[121.98,14.84],[122.03,14.74],[122,14.67],[121.91,14.67],[121.93,14.76],[121.82,14.95],[121.84,15.05],[122.01,15.01]],[[124.42,13.87],[124.39,13.71],[124.29,13.6],[124.17,13.53],[124.03,13.67],[124.12,13.78],[124.12,14.05],[124.2,14.09],[124.28,13.96],[124.42,13.87]],[[144.89,13.64],[144.95,13.6],[144.91,13.52],[144.81,13.45],[144.76,13.29],[144.68,13.25],[144.65,13.44],[144.78,13.52],[144.84,13.63],[144.89,13.64]],[[123.28,12.86],[123.19,12.86],[123.04,13],[122.95,13.04],[123.04,13.13],[123.16,12.94],[123.28,12.86]],[[122.1,13.42],[122.12,13.36],[121.99,13.2],[121.82,13.34],[121.81,13.45],[121.91,13.52],[121.99,13.53],[122.12,13.46],[122.1,13.42]],[[120.26,13.71],[120.09,13.79],[120.1,13.87],[120.24,13.8],[120.26,13.71]],[[111.01,19.68],[110.88,19.54],[110.82,19.55],[110.76,19.43],[110.7,19.42],[110.59,19.18],[110.56,19.06],[110.47,18.88],[110.47,18.78],[110.43,18.68],[110.27,18.67],[110.1,18.54],[110.05,18.39],[109.92,18.42],[109.75,18.4],[109.68,18.25],[109.57,18.19],[109.44,18.29],[109.22,18.31],[109.09,18.37],[109,18.37],[108.8,18.49],[108.69,18.5],[108.69,18.72],[108.63,18.84],[108.65,18.92],[108.62,19.1],[108.66,19.16],[108.63,19.29],[108.69,19.38],[108.77,19.39],[108.94,19.51],[109.02,19.6],[109.16,19.65],[109.17,19.81],[109.3,19.92],[109.47,19.83],[109.53,19.95],[109.72,20.01],[109.81,19.95],[109.88,19.98],[110.01,19.96],[110.09,19.98],[110.16,20.07],[110.26,20.03],[110.38,20.08],[110.58,19.98],[110.57,20.08],[110.64,20.11],[110.79,20.01],[110.93,20],[111.01,19.68]],[[121.53,19.32],[121.41,19.3],[121.4,19.4],[121.53,19.38],[121.53,19.32]],[[106.87,10.46],[106.76,10.49],[106.75,10.57],[106.79,10.6],[106.75,10.67],[106.77,10.67],[106.81,10.63],[106.85,10.61],[106.84,10.56],[106.87,10.46]],[[110.62,21.19],[110.54,21.1],[110.49,21.21],[110.62,21.19]],[[121.91,24.95],[121.82,24.85],[121.81,24.64],[121.86,24.55],[121.78,24.43],[121.77,24.31],[121.66,24.19],[121.61,24.08],[121.63,24.03],[121.52,23.66],[121.46,23.34],[121.41,23.25],[121.4,23.15],[121.3,22.96],[121.19,22.84],[121.14,22.74],[121.02,22.65],[120.95,22.53],[120.88,22.29],[120.88,22.06],[120.84,21.93],[120.7,21.98],[120.7,22.11],[120.62,22.3],[120.51,22.42],[120.33,22.52],[120.18,22.88],[120.17,23.01],[120.06,23.15],[120.13,23.36],[120.12,23.52],[120.19,23.77],[120.29,23.91],[120.34,24.02],[120.49,24.23],[120.57,24.4],[120.65,24.48],[120.7,24.61],[120.85,24.71],[120.93,24.88],[121.06,25.05],[121.38,25.16],[121.44,25.24],[121.6,25.27],[121.72,25.15],[121.89,25.11],[121.91,24.95]],[[125.39,24.78],[125.26,24.73],[125.27,24.86],[125.39,24.78]],[[124.33,24.58],[124.24,24.36],[124.14,24.38],[124.33,24.58]],[[123.81,24.39],[123.94,24.34],[123.87,24.26],[123.68,24.29],[123.81,24.39]],[[118.09,24.56],[118.18,24.54],[118.14,24.43],[118.07,24.45],[118.09,24.56]],[[119.85,25.54],[119.72,25.41],[119.7,25.51],[119.78,25.65],[119.85,25.54]],[[128.34,26.8],[128.24,26.63],[128.17,26.62],[127.94,26.45],[127.78,26.23],[127.8,26.14],[127.65,26.08],[127.64,26.19],[127.74,26.32],[127.73,26.44],[127.94,26.53],[127.89,26.62],[128.01,26.63],[128.23,26.8],[128.34,26.8]],[[129.71,28.46],[129.55,28.33],[129.42,28.25],[129.37,28.17],[129.24,28.21],[129.23,28.3],[129.69,28.51],[129.71,28.46]],[[122.33,30.02],[122.29,29.93],[122.18,29.99],[122.01,30.03],[121.97,30.15],[122.09,30.15],[122.29,30.07],[122.33,30.02]],[[130.67,30.37],[130.58,30.24],[130.44,30.24],[130.39,30.34],[130.5,30.47],[130.67,30.37]],[[131.05,30.84],[131.08,30.7],[131.04,30.56],[130.89,30.34],[130.85,30.47],[130.93,30.54],[130.94,30.67],[131.05,30.84]],[[131.66,32.48],[131.45,31.88],[131.48,31.76],[131.45,31.65],[131.35,31.39],[131.27,31.38],[131.21,31.45],[131.07,31.45],[131.01,31.36],[131.1,31.33],[130.92,31.11],[130.73,31.05],[130.8,31.34],[130.7,31.46],[130.7,31.55],[130.8,31.61],[130.8,31.69],[130.69,31.73],[130.61,31.68],[130.53,31.51],[130.52,31.43],[130.57,31.31],[130.66,31.26],[130.64,31.19],[130.52,31.17],[130.45,31.25],[130.22,31.25],[130.19,31.32],[130.29,31.44],[130.34,31.63],[130.17,31.79],[130.22,31.93],[130.18,32.09],[130.33,32.13],[130.48,32.35],[130.56,32.43],[130.64,32.61],[130.58,32.7],[130.59,32.82],[130.43,32.94],[130.42,33.08],[130.36,33.14],[130.22,33.16],[130.13,33.1],[130.22,32.98],[130.24,32.88],[130.34,32.86],[130.38,32.75],[130.34,32.67],[130.18,32.59],[130.13,32.64],[130.21,32.73],[130.09,32.79],[129.95,32.75],[129.89,32.66],[129.77,32.81],[129.7,32.84],[129.63,32.98],[129.73,33.12],[129.55,33.23],[129.58,33.37],[129.81,33.35],[129.79,33.45],[129.85,33.53],[130.06,33.5],[130.16,33.53],[130.16,33.63],[130.29,33.57],[130.39,33.6],[130.39,33.68],[130.47,33.74],[130.45,33.81],[130.68,33.93],[130.83,33.94],[130.99,33.9],[131.01,33.75],[131.08,33.63],[131.42,33.58],[131.52,33.68],[131.67,33.67],[131.73,33.58],[131.7,33.41],[131.51,33.27],[131.71,33.27],[131.87,33.2],[131.81,33.13],[131.93,33.07],[131.9,32.98],[131.98,32.89],[131.93,32.78],[131.8,32.68],[131.66,32.48]],[[121.84,31.61],[121.98,31.54],[121.98,31.48],[121.85,31.44],[121.31,31.66],[121.18,31.78],[121.26,31.84],[121.48,31.77],[121.66,31.65],[121.84,31.61]],[[130.16,32.55],[130.2,32.48],[130.2,32.34],[130.01,32.19],[129.98,32.36],[130.03,32.52],[130.16,32.55]],[[128.88,32.67],[128.66,32.6],[128.64,32.76],[128.84,32.76],[128.88,32.67]],[[129.56,33.41],[129.56,33.37],[129.45,33.2],[129.34,33.18],[129.56,33.41]],[[126.95,33.48],[126.84,33.31],[126.29,33.2],[126.17,33.27],[126.21,33.38],[126.31,33.46],[126.48,33.52],[126.79,33.56],[126.95,33.48]],[[133.42,34.45],[133.34,34.35],[133.25,34.43],[133.17,34.29],[133.08,34.32],[132.84,34.31],[132.78,34.24],[132.66,34.2],[132.56,34.22],[132.5,34.36],[132.38,34.37],[132.22,34.24],[132.21,33.99],[132.06,33.9],[131.74,34.06],[131.48,34.03],[131.27,33.93],[131.04,34.05],[130.93,33.95],[130.86,34.11],[130.92,34.18],[130.87,34.28],[130.93,34.35],[131.07,34.42],[131.24,34.38],[131.41,34.42],[131.45,34.52],[131.6,34.66],[131.86,34.71],[131.87,34.76],[132.06,34.91],[132.32,35.06],[132.41,35.18],[132.64,35.29],[132.64,35.44],[132.86,35.51],[132.97,35.52],[133.11,35.6],[133.24,35.56],[133.26,35.5],[133.42,35.46],[133.58,35.53],[133.73,35.5],[134.03,35.52],[134.24,35.55],[134.54,35.67],[134.8,35.67],[134.93,35.64],[135.08,35.74],[135.23,35.77],[135.3,35.69],[135.26,35.56],[135.45,35.57],[135.48,35.52],[135.65,35.48],[135.71,35.56],[135.85,35.58],[135.98,35.64],[135.96,35.73],[136.1,35.78],[135.99,35.89],[135.96,35.97],[136.13,36.22],[136.43,36.43],[136.64,36.66],[136.76,36.87],[136.77,36.98],[136.67,37.15],[136.75,37.36],[136.93,37.4],[137.11,37.49],[137.3,37.53],[137.23,37.29],[137.11,37.28],[137.01,37.18],[136.93,37.22],[136.87,37.07],[137.05,37.08],[137.05,36.97],[137.01,36.84],[137.16,36.76],[137.33,36.76],[137.43,36.92],[137.9,37.06],[138.1,37.17],[138.24,37.18],[138.55,37.38],[138.77,37.63],[138.86,37.83],[139.06,37.95],[139.3,38.04],[139.43,38.17],[139.46,38.37],[139.6,38.65],[139.77,38.82],[139.89,39.13],[139.93,39.29],[140,39.33],[140.05,39.5],[140.06,39.73],[140.03,39.82],[139.88,39.89],[139.82,39.96],[139.98,40.13],[140.02,40.36],[139.95,40.42],[139.94,40.54],[139.86,40.61],[140.05,40.77],[140.11,40.74],[140.27,40.81],[140.32,41.03],[140.3,41.11],[140.33,41.24],[140.48,41.18],[140.64,41.17],[140.67,40.9],[140.8,40.84],[140.87,40.92],[140.98,40.94],[141.11,40.87],[141.19,40.91],[141.27,41.19],[141.21,41.26],[141.06,41.18],[140.98,41.2],[140.8,41.13],[140.77,41.2],[140.84,41.42],[140.91,41.5],[141.11,41.46],[141.28,41.35],[141.46,41.38],[141.39,41.16],[141.41,40.82],[141.44,40.67],[141.52,40.54],[141.58,40.54],[141.74,40.38],[141.88,40.14],[141.85,40.05],[141.95,40],[142.01,39.75],[141.98,39.65],[142.07,39.54],[141.91,39.33],[141.91,39.11],[141.81,39.03],[141.64,38.99],[141.64,38.89],[141.53,38.78],[141.57,38.72],[141.47,38.57],[141.55,38.52],[141.47,38.44],[141.1,38.37],[140.97,38.17],[140.93,38.05],[140.93,37.89],[141.02,37.73],[141.04,37.38],[141.01,37.13],[140.96,36.97],[140.8,36.89],[140.69,36.62],[140.62,36.51],[140.62,36.34],[140.56,36.28],[140.58,36.16],[140.65,36.01],[140.84,35.74],[140.66,35.69],[140.48,35.57],[140.39,35.38],[140.39,35.2],[140.32,35.13],[140.13,35.12],[139.99,35.02],[139.87,35.01],[139.82,35.2],[139.82,35.33],[139.9,35.42],[140.01,35.47],[140.08,35.6],[139.95,35.67],[139.81,35.64],[139.78,35.5],[139.66,35.38],[139.65,35.3],[139.73,35.27],[139.66,35.18],[139.53,35.3],[139.41,35.32],[139.23,35.29],[139.15,35.24],[139.09,35.11],[139.09,35],[139.14,34.87],[139.09,34.84],[138.94,34.66],[138.84,34.6],[138.74,34.73],[138.8,35.12],[138.7,35.14],[138.55,35.1],[138.51,34.98],[138.37,34.92],[138.34,34.83],[138.22,34.71],[138.19,34.6],[138.05,34.65],[137.89,34.67],[137.79,34.64],[137.68,34.67],[137.43,34.67],[137.14,34.59],[137.12,34.64],[137.31,34.73],[137.3,34.8],[136.92,34.78],[136.83,34.87],[136.82,34.95],[136.73,35.03],[136.66,34.98],[136.62,34.85],[136.53,34.77],[136.52,34.68],[136.63,34.59],[136.92,34.43],[136.85,34.31],[136.59,34.26],[136.52,34.27],[136.3,34.15],[136.24,34.06],[136.27,33.97],[136.1,33.89],[135.96,33.59],[135.77,33.48],[135.44,33.55],[135.33,33.67],[135.39,33.71],[135.07,33.89],[135.09,34.07],[135.19,34.14],[135.11,34.32],[135.21,34.34],[135.32,34.43],[135.41,34.56],[135.4,34.66],[135.34,34.71],[135.05,34.62],[134.96,34.64],[134.74,34.77],[134.52,34.76],[134.33,34.7],[134.25,34.72],[134.18,34.61],[133.98,34.53],[133.94,34.45],[133.82,34.46],[133.7,34.53],[133.47,34.42],[133.42,34.45]],[[134.37,34.55],[134.35,34.43],[134.26,34.42],[134.2,34.51],[134.37,34.55]],[[135,34.61],[135.03,34.58],[134.9,34.42],[134.96,34.27],[134.73,34.19],[134.66,34.29],[134.8,34.45],[135,34.61]],[[134.69,33.83],[134.39,33.62],[134.27,33.51],[134.19,33.25],[133.93,33.49],[133.74,33.54],[133.61,33.52],[133.47,33.45],[133.41,33.39],[133.27,33.35],[133.25,33.22],[133.1,33.05],[133.02,33.02],[132.92,32.78],[132.81,32.74],[132.62,32.8],[132.71,32.91],[132.47,32.93],[132.45,33.05],[132.54,33.24],[132.42,33.3],[132.38,33.47],[132.5,33.62],[132.68,33.72],[132.71,33.9],[132.77,34],[132.92,34.07],[132.94,34.14],[133.13,33.93],[133.32,33.99],[133.51,33.97],[133.62,34.05],[133.67,34.22],[133.95,34.38],[134.08,34.35],[134.15,34.39],[134.26,34.29],[134.44,34.21],[134.59,34.23],[134.63,34.18],[134.6,34.01],[134.7,33.95],[134.69,33.83]],[[129.31,34.28],[129.28,34.13],[129.17,34.15],[129.2,34.32],[129.31,34.28]],[[129.45,34.62],[129.45,34.51],[129.36,34.41],[129.27,34.38],[129.32,34.65],[129.45,34.62]],[[128.07,34.82],[128.06,34.71],[127.87,34.72],[127.83,34.87],[127.96,34.81],[128.07,34.82]],[[128.75,34.87],[128.62,34.73],[128.49,34.87],[128.69,34.99],[128.75,34.87]],[[133.37,36.27],[133.33,36.16],[133.19,36.22],[133.29,36.34],[133.37,36.27]],[[138.46,38.07],[138.58,38.04],[138.49,37.89],[138.27,37.8],[138.34,37.97],[138.23,38.01],[138.31,38.17],[138.52,38.31],[138.46,38.07]],[[126.38,34.5],[126.35,34.41],[126.21,34.36],[126.12,34.44],[126.27,34.54],[126.38,34.5]],[[126.51,37.6],[126.41,37.6],[126.37,37.79],[126.52,37.75],[126.51,37.6]],[[107.08,20.8],[107.01,20.73],[106.91,20.82],[107.02,20.86],[107.08,20.8]],[[107.58,21.21],[107.47,21.1],[107.37,21.06],[107.47,21.28],[107.58,21.21]],[[100.07,9.59],[100.06,9.46],[99.96,9.42],[99.93,9.57],[100.07,9.59]],[[104.08,10.37],[104.09,10.25],[104.01,10.03],[103.94,10.27],[103.86,10.32],[104,10.45],[104.08,10.37]],[[102.4,12.04],[102.29,11.99],[102.26,12.13],[102.31,12.15],[102.4,12.04]],[[99.9,6.36],[99.73,6.26],[99.72,6.35],[99.85,6.47],[99.9,6.36]],[[93.92,7.02],[93.89,6.8],[93.81,6.81],[93.72,6.99],[93.65,7.01],[93.68,7.18],[93.81,7.24],[93.87,7.2],[93.92,7.02]],[[93.73,7.37],[93.64,7.26],[93.62,7.37],[93.73,7.37]],[[98.42,7.9],[98.4,7.82],[98.27,7.89],[98.28,8.19],[98.44,8.07],[98.42,7.9]],[[93.43,7.96],[93.37,7.88],[93.31,7.95],[93.39,8.02],[93.43,7.96]],[[92.81,9.23],[92.83,9.15],[92.73,9.13],[92.71,9.2],[92.81,9.23]],[[92.59,10.77],[92.57,10.58],[92.51,10.51],[92.4,10.58],[92.38,10.78],[92.43,10.85],[92.53,10.9],[92.59,10.77]],[[93.05,13.28],[93.05,13.13],[93.02,13.03],[92.91,12.98],[92.96,12.86],[92.99,12.7],[92.99,12.52],[92.94,12.44],[92.89,12.21],[92.77,12.08],[92.74,11.96],[92.8,11.87],[92.73,11.51],[92.63,11.58],[92.6,11.72],[92.56,11.74],[92.54,11.89],[92.64,12.04],[92.64,12.14],[92.79,12.21],[92.78,12.31],[92.72,12.36],[92.72,12.6],[92.76,12.65],[92.74,12.81],[92.8,12.86],[92.81,13.02],[92.85,13.15],[92.85,13.34],[92.96,13.55],[93.04,13.57],[93.05,13.28]],[[98.47,12.58],[98.47,12.48],[98.39,12.36],[98.3,12.34],[98.33,12.51],[98.3,12.6],[98.33,12.67],[98.47,12.58]],[[98.6,11.97],[98.48,11.89],[98.44,12.02],[98.6,11.97]],[[98.54,11.8],[98.55,11.62],[98.44,11.56],[98.38,11.7],[98.38,11.78],[98.54,11.8]],[[98.28,11.8],[98.32,11.73],[98.28,11.48],[98.19,11.53],[98.24,11.62],[98.28,11.8]],[[97.59,16.42],[97.57,16.22],[97.46,16.3],[97.45,16.45],[97.52,16.51],[97.59,16.42]],[[94.83,15.93],[94.8,15.8],[94.72,15.81],[94.83,15.93]],[[94.66,16.22],[94.63,16.08],[94.58,16.01],[94.41,15.91],[94.39,16],[94.49,16.06],[94.61,16.22],[94.66,16.22]],[[93.75,18.8],[93.75,18.71],[93.65,18.68],[93.5,18.84],[93.62,18.91],[93.74,18.87],[93.75,18.8]],[[93.97,19.42],[93.97,19.36],[93.86,19.28],[93.77,19.3],[93.64,19.49],[93.73,19.55],[93.82,19.47],[93.88,19.48],[93.97,19.42]],[[91.94,21.76],[91.98,21.61],[91.96,21.51],[91.87,21.55],[91.85,21.69],[91.86,21.75],[91.94,21.76]],[[90.79,22.5],[90.86,22.43],[90.84,22.18],[90.77,22.08],[90.66,21.99],[90.6,22.04],[90.67,22.27],[90.69,22.38],[90.65,22.55],[90.56,22.6],[90.58,22.76],[90.67,22.72],[90.79,22.5]],[[91.47,22.59],[91.56,22.48],[91.51,22.4],[91.42,22.53],[91.47,22.59]],[[91.15,22.36],[91.19,22.23],[91.06,22.09],[91.07,22.39],[91.15,22.36]],[[90.65,22.85],[90.53,22.77],[90.47,22.85],[90.59,22.88],[90.65,22.85]]]},"properties":{"featurecla":"Bathymetry","depth":0,"scalerank":0}},
{"type":"Feature","geometry":{"type":"Polygon","coordinates":[[[0,0],[0,0.47],[0,1.4],[0,2.34],[0,3.28],[0,4.21],[0,4.68],[0,5.62],[-0.37,5.49],[-0.51,5.37],[-0.64,5.34],[-0.8,5.21],[-1.05,5.2],[-1.23,5.1],[-1.32,5.09],[-1.57,5.02],[-1.71,4.94],[-1.75,4.88],[-1.91,4.82],[-1.98,4.75],[-2.09,4.74],[-2.36,4.92],[-2.69,5.01],[-2.96,5.05],[-2.98,5.11],[-3.14,5.14],[-3.21,5.22],[-3.13,5.37],[-3.23,5.36],[-3.31,5.12],[-3.72,5.19],[-3.84,5.2],[-4.13,5.31],[-4.48,5.29],[-4.44,5.23],[-4.18,5.28],[-4,5.23],[-4.62,5.18],[-4.78,5.14],[-5.52,5.1],[-5.63,5.06],[-5.85,5.03],[-6.14,4.92],[-6.58,4.76],[-6.63,4.72],[-6.91,4.66],[-7.06,4.54],[-7.17,4.52],[-7.46,4.34],[-7.71,4.36],[-7.83,4.45],[-8.1,4.55],[-8.26,4.58],[-8.3,4.63],[-8.44,4.68],[-8.61,4.79],[-8.75,4.84],[-8.85,4.91],[-9.01,4.98],[-9.28,5.15],[-9.47,5.32],[-9.5,5.39],[-9.7,5.55],[-10.04,5.85],[-10.05,5.9],[-10.4,6.18],[-10.66,6.23],[-10.79,6.29],[-10.82,6.44],[-11.05,6.58],[-11.35,6.7],[-11.37,6.81],[-11.49,6.93],[-11.84,7.15],[-12.31,7.33],[-12.51,7.39],[-12.43,7.53],[-12.53,7.69],[-12.71,7.71],[-12.88,7.83],[-12.9,8.08],[-12.98,8.24],[-13.16,8.19],[-13.18,8.28],[-13.27,8.42],[-13.21,8.49],[-13.14,8.43],[-13.01,8.56],[-13.11,8.58],[-13.17,8.53],[-13.24,8.67],[-13.24,8.83],[-13.14,8.92],[-13.29,8.97],[-13.32,9.08],[-13.32,9.35],[-13.43,9.37],[-13.56,9.51],[-13.63,9.65],[-13.62,9.72],[-13.75,9.77],[-13.74,9.83],[-13.84,9.86],[-13.95,9.97],[-14.15,10.06],[-14.35,10.23],[-14.46,10.23],[-14.46,10.33],[-14.58,10.48],[-14.66,10.48],[-14.63,10.62],[-14.79,10.75],[-14.75,10.82],[-14.84,10.97],[-14.9,10.99],[-14.97,10.82],[-15.07,10.84],[-15.15,11.09],[-15.21,11.13],[-15.36,11.14],[-15.41,11.19],[-15.41,11.34],[-15.51,11.36],[-15.4,11.53],[-15.55,11.73],[-15.44,11.89],[-15.5,11.94],[-15.58,11.85],[-15.83,11.75],[-15.97,11.77],[-15.93,11.89],[-15.98,11.92],[-16.13,11.89],[-16.22,11.91],[-16.33,12],[-16.37,12.19],[-16.47,12.19],[-16.66,12.33],[-16.72,12.32],[-16.8,12.43],[-16.76,12.71],[-16.79,12.84],[-16.76,12.89],[-16.75,13.04],[-16.79,13.09],[-16.83,13.34],[-16.68,13.5],[-16.62,13.48],[-16.59,13.34],[-16.55,13.29],[-16.42,13.26],[-16.26,13.32],[-16.52,13.36],[-16.52,13.45],[-16.58,13.64],[-16.71,13.77],[-16.8,14.11],[-16.88,14.19],[-16.94,14.36],[-17.06,14.45],[-17.18,14.65],[-17.33,14.74],[-17.37,14.8],[-17.14,14.93],[-16.88,15.23],[-16.74,15.47],[-16.54,15.77],[-16.53,15.98],[-16.54,16.27],[-16.47,16.49],[-16.46,16.64],[-16.34,16.94],[-16.17,17.26],[-16.05,17.67],[-16.02,17.96],[-16.07,18.48],[-16.13,18.63],[-16.2,18.98],[-16.28,19.13],[-16.37,19.22],[-16.47,19.27],[-16.46,19.38],[-16.36,19.42],[-16.28,19.53],[-16.38,19.57],[-16.23,19.79],[-16.3,19.92],[-16.21,20.03],[-16.26,20.14],[-16.2,20.22],[-16.3,20.33],[-16.39,20.57],[-16.48,20.68],[-16.55,20.58],[-16.67,20.67],[-16.75,20.87],[-16.93,21.15],[-17.02,21.03],[-17,20.93],[-17.1,20.84],[-17.01,21.45],[-16.97,21.59],[-16.97,21.78],[-16.92,21.93],[-16.82,22.13],[-16.71,22.28],[-16.52,22.31],[-16.47,22.38],[-16.43,22.51],[-16.36,22.58],[-16.34,22.73],[-16.29,22.9],[-16.17,22.97],[-16.14,23.19],[-15.97,23.51],[-15.77,23.79],[-15.77,23.96],[-15.62,24.03],[-15.44,24.22],[-15.3,24.35],[-15.17,24.49],[-15.01,24.56],[-14.91,24.69],[-14.84,24.92],[-14.85,25.21],[-14.78,25.45],[-14.71,25.53],[-14.62,25.78],[-14.52,25.92],[-14.49,26.13],[-14.41,26.26],[-14.3,26.3],[-14.16,26.43],[-14.05,26.44],[-13.92,26.5],[-13.62,26.69],[-13.5,26.86],[-13.4,27.18],[-13.3,27.32],[-13.17,27.69],[-13.06,27.74],[-12.97,27.91],[-12.84,27.97],[-12.51,28],[-12.34,28.05],[-12.06,28.09],[-12.01,28.12],[-11.49,28.33],[-11.33,28.52],[-11.05,28.76],[-10.57,28.99],[-10.45,29.09],[-10.35,29.23],[-10.26,29.28],[-10.14,29.43],[-10.05,29.6],[-9.82,29.84],[-9.66,30.13],[-9.61,30.4],[-9.7,30.54],[-9.89,30.69],[-9.82,30.79],[-9.84,31.14],[-9.81,31.37],[-9.85,31.4],[-9.69,31.64],[-9.67,31.73],[-9.37,32.03],[-9.27,32.23],[-9.29,32.35],[-9.25,32.47],[-9.26,32.58],[-9.11,32.68],[-9,32.8],[-8.87,32.88],[-8.63,33.13],[-8.53,33.27],[-8.45,33.26],[-8.24,33.4],[-8.11,33.43],[-7.87,33.53],[-7.5,33.65],[-7.23,33.8],[-7.1,33.84],[-6.93,33.94],[-6.82,34.04],[-6.67,34.28],[-6.56,34.42],[-6.29,34.88],[-6.21,35.12],[-6.02,35.5],[-5.93,35.78],[-5.6,35.82],[-5.45,35.92],[-5.35,35.83],[-5.32,35.71],[-5.25,35.58],[-5.07,35.42],[-4.77,35.24],[-4.38,35.15],[-3.96,35.25],[-3.76,35.22],[-3.67,35.29],[-3.59,35.23],[-3.41,35.2],[-3.2,35.24],[-2.96,35.37],[-2.9,35.26],[-2.88,35.15],[-2.56,35.1],[-2.42,35.15],[-2.22,35.09],[-2.05,35.08],[-1.76,35.13],[-1.51,35.3],[-1.4,35.31],[-1.27,35.39],[-1.19,35.57],[-1.03,35.68],[-0.9,35.71],[-0.83,35.77],[-0.68,35.72],[-0.52,35.78],[-0.48,35.86],[-0.35,35.91],[-0.26,35.82],[-0.12,35.79],[0,35.84],[0,36.8],[0,37.77],[0,38.26],[0.59,38.73],[0,39.2],[0,39.94],[-0.19,39.72],[-0.32,39.52],[-0.3,39.32],[-0.22,39.18],[-0.21,39.08],[-0.12,38.95],[-0.01,38.87],[0.15,38.83],[0.23,38.76],[-0.01,38.62],[-0.09,38.54],[-0.33,38.47],[-0.41,38.36],[-0.52,38.3],[-0.5,38.21],[-0.61,38.18],[-0.65,37.99],[-0.72,37.94],[-0.85,37.72],[-0.71,37.62],[-0.93,37.56],[-1.07,37.58],[-1.17,37.54],[-1.32,37.56],[-1.47,37.48],[-1.49,37.43],[-1.67,37.36],[-1.81,37.21],[-1.9,36.95],[-2,36.89],[-2.07,36.78],[-2.2,36.74],[-2.36,36.84],[-2.58,36.81],[-2.66,36.69],[-2.76,36.68],[-2.93,36.75],[-3.23,36.75],[-3.42,36.7],[-3.6,36.74],[-3.73,36.72],[-3.84,36.75],[-4.06,36.75],[-4.22,36.71],[-4.43,36.71],[-4.52,36.58],[-4.72,36.49],[-4.9,36.51],[-4.99,36.46],[-5.19,36.41],[-5.33,36.19],[-5.44,36.16],[-5.45,36.06],[-5.61,36.01],[-5.8,36.09],[-5.92,36.18],[-6.04,36.19],[-6.16,36.3],[-6.22,36.4],[-6.23,36.58],[-6.39,36.64],[-6.43,36.75],[-6.36,36.79],[-6.5,36.96],[-6.74,37.1],[-7.03,37.21],[-7.33,37.2],[-7.51,37.17],[-7.79,37.02],[-7.98,37],[-8.18,37.09],[-8.44,37.08],[-8.63,37.12],[-8.88,37.05],[-8.99,37.06],[-8.88,37.23],[-8.8,37.49],[-8.83,37.6],[-8.8,37.84],[-8.87,37.97],[-8.77,38.19],[-8.8,38.36],[-8.91,38.51],[-9.05,38.44],[-9.2,38.41],[-9.18,38.55],[-9.25,38.67],[-9.05,38.69],[-8.94,38.78],[-9.01,38.91],[-9.11,38.81],[-9.11,38.71],[-9.32,38.67],[-9.49,38.71],[-9.49,38.82],[-9.42,38.93],[-9.44,39.03],[-9.35,39.2],[-9.35,39.37],[-9.24,39.42],[-9.09,39.58],[-9.07,39.68],[-8.87,40.12],[-8.91,40.2],[-8.87,40.28],[-8.77,40.58],[-8.64,40.69],[-8.7,40.78],[-8.66,40.99],[-8.67,41.13],[-8.74,41.25],[-8.77,41.47],[-8.88,41.74],[-8.87,41.86],[-8.9,42.1],[-8.8,42.26],[-8.87,42.41],[-8.82,42.57],[-8.9,42.63],[-8.98,42.55],[-9.07,42.6],[-8.98,42.79],[-9.11,42.77],[-9.14,42.92],[-9.25,43.02],[-9.22,43.16],[-9.05,43.2],[-8.97,43.29],[-8.84,43.34],[-8.69,43.29],[-8.51,43.33],[-8.33,43.47],[-8.31,43.55],[-8.09,43.66],[-8.06,43.71],[-7.77,43.74],[-7.54,43.73],[-7.37,43.68],[-7.23,43.57],[-6.65,43.58],[-6.51,43.55],[-6.22,43.6],[-6.07,43.57],[-5.91,43.59],[-5.85,43.66],[-5.71,43.57],[-5.42,43.56],[-5.18,43.49],[-4.84,43.45],[-4.73,43.42],[-4.19,43.41],[-3.83,43.5],[-3.72,43.48],[-3.55,43.52],[-3.47,43.45],[-3.11,43.35],[-2.93,43.44],[-2.76,43.45],[-2.37,43.32],[-2.1,43.3],[-1.81,43.4],[-1.66,43.4],[-1.48,43.58],[-1.35,44.01],[-2.8,44.16],[-3.77,44.26],[-4.74,44.35],[-5.71,44.45],[-6.68,44.55],[-7.65,44.64],[-8.62,44.74],[-9.58,44.84],[-10.55,44.94],[-11.52,45.03],[-12.49,45.13],[-13.46,45.23],[-14.43,45.32],[-15.4,45.42],[-16.37,45.52],[-17.34,45.62],[-18.31,45.71],[-19.29,45.57],[-20.28,45.42],[-21.27,45.28],[-22.26,45.13],[-23.25,44.99],[-24.24,44.84],[-25.23,44.7],[-26.21,44.55],[-27.2,44.41],[-28.19,44.26],[-29.18,44.12],[-30.17,43.97],[-31.16,43.82],[-32.15,43.68],[-33.14,43.53],[-34.12,43.39],[-35.11,43.24],[-36.1,43.1],[-37.09,42.95],[-38.08,42.81],[-39.07,42.66],[-40.06,42.52],[-41.04,42.37],[-42.03,42.23],[-43.02,42.08],[-44.01,41.94],[-45,41.79],[-45.99,41.65],[-46.98,41.5],[-47.97,41.36],[-48.95,41.21],[-49.94,41.07],[-50.93,40.92],[-51.92,40.77],[-52.91,40.63],[-53.9,40.48],[-54.89,40.34],[-55.88,40.19],[-56.86,40.05],[-57.85,39.9],[-58.84,39.76],[-60.24,40.19],[-61.18,40.47],[-62.12,40.76],[-63.05,41.04],[-63.99,41.33],[-64.92,41.61],[-65.86,41.9],[-66.79,42.18],[-67.73,42.47],[-68.67,42.76],[-69.6,43.04],[-70.54,43.33],[-70.57,43.23],[-70.71,43.07],[-70.82,42.87],[-70.82,42.72],[-70.65,42.6],[-70.86,42.55],[-70.84,42.5],[-70.97,42.42],[-71.04,42.31],[-70.78,42.26],[-70.63,42.09],[-70.65,41.96],[-70.57,41.96],[-70.53,41.82],[-70.44,41.76],[-70.27,41.72],[-70.07,41.77],[-69.94,41.86],[-69.94,41.67],[-70.43,41.63],[-70.5,41.56],[-70.66,41.52],[-70.66,41.72],[-70.77,41.65],[-70.91,41.61],[-71.19,41.47],[-71.21,41.65],[-71.36,41.75],[-71.44,41.57],[-71.43,41.47],[-71.5,41.37],[-71.83,41.32],[-71.9,41.35],[-72.29,41.28],[-72.78,41.27],[-73.17,41.17],[-73.56,41.02],[-73.63,41.01],[-73.82,40.84],[-73.93,40.8],[-74.1,40.65],[-74.21,40.63],[-74.28,40.5],[-74.2,40.44],[-74.03,40.42],[-73.97,40.33],[-74.06,40.01],[-74.1,40.01],[-74.17,39.7],[-74.36,39.55],[-74.65,39.2],[-74.75,39.05],[-74.88,38.94],[-74.97,38.94],[-74.89,39.15],[-75.03,39.21],[-75.16,39.2],[-75.25,39.3],[-75.36,39.34],[-75.39,39.22],[-75.39,39.06],[-75.31,38.93],[-75.17,38.79],[-75.08,38.8],[-75.07,38.68],[-75.13,38.59],[-75.06,38.55],[-75.15,38.24],[-75.24,38.23],[-75.29,38.11],[-75.43,37.96],[-75.49,37.83],[-75.82,37.45],[-75.89,37.36],[-75.97,37.13],[-76.01,37.32],[-75.89,37.56],[-75.92,37.61],[-75.71,37.83],[-75.79,37.98],[-75.89,37.99],[-75.81,38.14],[-75.91,38.27],[-76.03,38.24],[-76.22,38.34],[-76.32,38.47],[-76.15,38.67],[-76.34,38.73],[-76.3,38.82],[-76.21,38.81],[-76.15,38.9],[-76.13,39.12],[-76.27,39.15],[-76.17,39.32],[-76.03,39.39],[-76.07,39.47],[-76.21,39.36],[-76.42,39.32],[-76.45,39.19],[-76.4,39.01],[-76.55,38.78],[-76.52,38.72],[-76.51,38.53],[-76.4,38.39],[-76.42,38.32],[-76.32,38.14],[-76.43,38.13],[-76.62,38.22],[-76.75,38.23],[-76.92,38.29],[-76.88,38.18],[-76.61,38.15],[-76.53,38.03],[-76.25,37.9],[-76.32,37.73],[-76.36,37.52],[-76.24,37.45],[-76.38,37.27],[-76.47,37.21],[-76.3,37.14],[-76.3,37.01],[-76.43,36.98],[-76.48,36.91],[-76.32,36.88],[-76.27,36.96],[-76.13,36.92],[-75.99,36.91],[-75.93,36.71],[-75.92,36.4],[-75.86,36.16],[-76.02,36.19],[-76.2,36.1],[-76.41,36.08],[-76.52,36.01],[-76.69,36.06],[-76.73,35.95],[-76.39,35.94],[-76.2,35.99],[-76.05,35.98],[-75.99,35.89],[-75.85,35.98],[-75.72,35.83],[-75.75,35.61],[-75.9,35.58],[-76.15,35.35],[-76.27,35.35],[-76.44,35.4],[-76.49,35.23],[-76.66,35.18],[-76.56,35.12],[-76.76,34.99],[-76.55,35],[-76.38,34.97],[-76.34,34.9],[-76.5,34.77],[-76.66,34.72],[-76.9,34.74],[-77.2,34.65],[-77.25,34.59],[-77.54,34.47],[-77.67,34.38],[-77.83,34.21],[-77.91,33.96],[-78.03,33.89],[-78.25,33.93],[-78.56,33.87],[-78.76,33.78],[-78.94,33.64],[-79.13,33.42],[-79.2,33.19],[-79.39,33.02],[-79.58,33.01],[-79.61,32.92],[-79.74,32.8],[-79.85,32.76],[-79.89,32.69],[-80.01,32.61],[-80.15,32.58],[-80.33,32.49],[-80.41,32.48],[-80.44,32.37],[-80.55,32.28],[-80.64,32.27],[-80.76,32.36],[-80.8,32.32],[-80.68,32.21],[-80.89,32.07],[-80.84,32],[-81.06,31.79],[-81.2,31.72],[-81.3,31.57],[-81.36,31.42],[-81.27,31.27],[-81.39,31.14],[-81.42,31.03],[-81.5,30.97],[-81.52,30.84],[-81.5,30.7],[-81.43,30.68],[-81.45,30.51],[-81.39,30.38],[-81.39,30.3],[-81.26,29.79],[-81.18,29.59],[-80.92,29.07],[-80.61,28.61],[-80.77,28.61],[-80.75,28.72],[-80.85,28.79],[-80.74,28.37],[-80.38,27.67],[-80.35,27.51],[-80.18,27.15],[-80.08,26.97],[-80.04,26.81],[-80.03,26.59],[-80.05,26.56],[-80.13,25.89],[-80.2,25.75],[-80.31,25.62],[-80.34,25.49],[-80.31,25.37],[-80.43,25.22],[-80.58,25.24],[-80.71,25.15],[-80.85,25.19],[-80.91,25.15],[-81.09,25.12],[-81.18,25.23],[-81.15,25.33],[-80.94,25.21],[-80.98,25.32],[-81.15,25.4],[-81.32,25.78],[-81.4,25.85],[-81.66,25.98],[-81.8,26.1],[-81.86,26.45],[-82.04,26.53],[-82.08,26.68],[-82.06,26.87],[-82.14,26.94],[-82.2,26.8],[-82.31,26.85],[-82.56,27.28],[-82.57,27.4],[-82.66,27.52],[-82.58,27.55],[-82.54,27.65],[-82.4,27.8],[-82.6,27.98],[-82.68,28.01],[-82.72,27.93],[-82.6,27.88],[-82.64,27.7],[-82.68,27.7],[-82.84,27.83],[-82.77,28.11],[-82.79,28.19],[-82.66,28.45],[-82.64,28.75],[-82.64,28.9],[-82.76,29.01],[-82.77,29.12],[-82.85,29.18],[-83.02,29.17],[-83.08,29.27],[-83.16,29.31],[-83.22,29.41],[-83.4,29.53],[-83.41,29.67],[-83.53,29.72],[-83.68,29.92],[-83.86,30],[-84.02,30.11],[-84.27,30.09],[-84.39,30.02],[-84.35,29.9],[-84.51,29.92],[-84.73,29.79],[-84.89,29.73],[-85.12,29.72],[-85.31,29.69],[-85.3,29.8],[-85.36,29.89],[-85.67,30.12],[-85.71,30.25],[-85.86,30.22],[-86.07,30.31],[-86.36,30.38],[-86.15,30.46],[-86.29,30.5],[-86.48,30.48],[-86.68,30.42],[-87.04,30.39],[-86.94,30.46],[-87.02,30.52],[-87.16,30.47],[-87.33,30.32],[-87.79,30.24],[-87.78,30.31],[-87.92,30.42],[-87.94,30.66],[-88.05,30.65],[-88.11,30.45],[-88.12,30.34],[-88.36,30.4],[-88.47,30.32],[-88.74,30.35],[-88.93,30.44],[-89.01,30.38],[-89.33,30.3],[-89.44,30.19],[-89.71,30.18],[-89.77,30.24],[-89.97,30.26],[-90.06,30.36],[-90.22,30.39],[-90.41,30.22],[-90.43,30.14],[-90.34,30.07],[-90.17,30.02],[-90.04,30.04],[-89.88,30.15],[-89.79,30.1],[-89.84,30],[-89.69,29.88],[-89.62,29.88],[-89.57,29.99],[-89.43,30.06],[-89.46,29.83],[-89.64,29.62],[-89.67,29.52],[-89.54,29.47],[-89.34,29.35],[-89.2,29.35],[-89.02,29.15],[-89.19,29.03],[-89.38,29.09],[-89.48,29.24],[-89.76,29.34],[-89.91,29.48],[-90.08,29.54],[-90.04,29.37],[-90.1,29.28],[-90.08,29.17],[-90.23,29.09],[-90.25,29.25],[-90.39,29.3],[-90.56,29.3],[-90.71,29.12],[-90.83,29.18],[-90.93,29.17],[-91.23,29.24],[-91.33,29.29],[-91.22,29.4],[-91.32,29.5],[-91.53,29.53],[-91.57,29.65],[-91.68,29.75],[-91.88,29.76],[-91.98,29.83],[-92.13,29.76],[-92.11,29.62],[-92.28,29.53],[-92.68,29.6],[-93.03,29.73],[-93.2,29.77],[-93.45,29.77],[-93.74,29.74],[-93.83,29.7],[-93.89,29.81],[-93.78,29.86],[-93.76,29.96],[-93.85,29.99],[-93.92,29.87],[-93.93,29.78],[-93.88,29.68],[-94.06,29.68],[-94.65,29.45],[-94.61,29.55],[-94.76,29.52],[-94.69,29.7],[-94.74,29.78],[-94.83,29.77],[-94.88,29.67],[-95.02,29.72],[-95.02,29.54],[-94.89,29.38],[-95.07,29.2],[-95.16,29.15],[-95.16,29.05],[-95.38,28.88],[-95.6,28.76],[-95.82,28.73],[-96.2,28.59],[-96.26,28.69],[-96.35,28.64],[-96.56,28.65],[-96.58,28.58],[-96.4,28.43],[-96.65,28.32],[-96.78,28.44],[-96.78,28.24],[-96.88,28.15],[-97.16,28.13],[-97.02,28.04],[-97.18,27.84],[-97.27,27.88],[-97.39,27.83],[-97.36,27.74],[-97.26,27.68],[-97.42,27.33],[-97.53,27.35],[-97.63,27.3],[-97.52,27.23],[-97.45,27.13],[-97.48,27.02],[-97.55,27.01],[-97.55,26.83],[-97.49,26.78],[-97.42,26.53],[-97.45,26.42],[-97.35,26.35],[-97.36,26.29],[-97.31,26.12],[-97.24,25.98],[-97.14,25.97],[-97.17,25.72],[-97.32,25.39],[-97.46,25.18],[-97.65,24.52],[-97.72,24.01],[-97.72,23.74],[-97.77,23.26],[-97.74,22.97],[-97.79,22.81],[-97.89,22.63],[-97.77,22.25],[-97.76,22.1],[-97.61,21.84],[-97.51,21.72],[-97.32,21.56],[-97.35,21.42],[-97.43,21.34],[-97.47,21.44],[-97.38,21.55],[-97.49,21.64],[-97.63,21.79],[-97.71,21.83],[-97.66,21.64],[-97.58,21.5],[-97.49,21.48],[-97.5,21.4],[-97.34,21.05],[-97.2,20.81],[-97.15,20.65],[-97.03,20.51],[-96.68,20.16],[-96.46,19.87],[-96.41,19.74],[-96.36,19.54],[-96.28,19.31],[-96.16,19.23],[-96.04,19.07],[-95.98,19.06],[-95.85,18.72],[-95.73,18.76],[-95.5,18.71],[-95.21,18.71],[-95,18.56],[-94.81,18.52],[-94.58,18.19],[-94.47,18.14],[-94.21,18.19],[-93.68,18.35],[-93.58,18.42],[-93.44,18.44],[-92.94,18.45],[-92.86,18.47],[-92.68,18.62],[-92.41,18.67],[-92.06,18.7],[-91.95,18.69],[-91.99,18.54],[-91.88,18.54],[-91.83,18.48],[-91.54,18.45],[-91.5,18.51],[-91.33,18.57],[-91.27,18.74],[-91.37,18.77],[-91.43,18.88],[-91.16,19.02],[-90.94,19.16],[-90.73,19.38],[-90.71,19.69],[-90.66,19.78],[-90.48,19.92],[-90.5,20.07],[-90.47,20.41],[-90.49,20.53],[-90.45,20.74],[-90.36,21],[-90.1,21.16],[-89.79,21.28],[-89.12,21.36],[-88.7,21.46],[-88.61,21.53],[-88.45,21.58],[-88.28,21.56],[-88.13,21.62],[-87.96,21.6],[-87.62,21.52],[-87.47,21.47],[-87.24,21.44],[-87.13,21.52],[-87.13,21.62],[-87,21.57],[-86.92,21.45],[-86.83,21.43],[-86.82,21.2],[-86.74,21.16],[-86.82,21.02],[-86.88,20.86],[-87.07,20.62],[-87.23,20.49],[-87.44,20.19],[-87.47,20.07],[-87.47,19.88],[-87.6,19.77],[-87.63,19.71],[-87.73,19.68],[-87.73,19.6],[-87.67,19.55],[-87.42,19.56],[-87.43,19.49],[-87.53,19.41],[-87.5,19.33],[-87.55,19.13],[-87.61,19.02],[-87.66,18.77],[-87.72,18.68],[-87.77,18.41],[-87.84,18.26],[-87.94,18.44],[-88.08,18.5],[-88,18.69],[-88.04,18.87],[-88.22,18.61],[-88.31,18.44],[-88.38,18.38],[-88.19,18.34],[-88.11,18.37],[-88.09,18.12],[-88.21,17.88],[-88.21,17.77],[-88.28,17.58],[-88.23,17.5],[-88.29,17.34],[-88.3,17.18],[-88.22,16.97],[-88.28,16.89],[-88.31,16.65],[-88.39,16.55],[-88.45,16.39],[-88.54,16.27],[-88.74,16.23],[-88.75,16.15],[-88.93,15.98],[-88.91,15.89],[-88.79,15.86],[-88.63,15.75],[-88.45,15.86],[-88.15,15.68],[-87.91,15.87],[-87.72,15.92],[-87.62,15.89],[-87.51,15.8],[-87.35,15.85],[-87.15,15.8],[-86.88,15.76],[-86.77,15.81],[-86.7,15.79],[-86.47,15.8],[-86.34,15.78],[-86.21,15.87],[-85.99,15.9],[-85.9,15.98],[-85.81,16],[-85.7,15.98],[-85.61,15.91],[-85.49,15.87],[-85.25,15.88],[-85.08,15.99],[-85,15.99],[-84.68,15.88],[-84.66,15.77],[-84.48,15.78],[-84.46,15.83],[-84.29,15.81],[-84.02,15.54],[-84.12,15.43],[-84.08,15.36],[-83.91,15.38],[-83.77,15.29],[-83.62,15.3],[-83.41,15.27],[-83.36,15.23],[-83.28,15.07],[-83.18,14.99],[-83.41,14.83],[-83.3,14.77],[-83.19,14.39],[-83.22,14.25],[-83.35,14.05],[-83.43,13.96],[-83.49,13.74],[-83.57,13.29],[-83.51,12.9],[-83.54,12.58],[-83.49,12.47],[-83.49,12.4],[-83.6,12.41],[-83.62,12.57],[-83.56,12.59],[-83.54,12.8],[-83.65,12.79],[-83.59,12.63],[-83.77,12.55],[-83.71,12.34],[-83.66,12.26],[-83.71,12.05],[-83.76,11.95],[-83.84,11.87],[-83.78,11.81],[-83.7,11.85],[-83.65,11.61],[-83.76,11.56],[-83.79,11.44],[-83.87,11.37],[-83.84,11.14],[-83.75,10.98],[-83.64,10.93],[-83.47,10.49],[-83.39,10.38],[-83.2,10.13],[-83.02,9.96],[-82.77,9.66],[-82.64,9.63],[-82.35,9.4],[-82.39,9.29],[-82.35,9.21],[-82.26,9.18],[-82.25,9.01],[-82.14,8.99],[-82.11,8.94],[-81.9,8.97],[-81.79,8.93],[-81.76,9.06],[-81.54,8.81],[-81.3,8.78],[-81.09,8.81],[-80.82,8.89],[-80.73,9],[-80.64,9.05],[-80.41,9.14],[-80.29,9.15],[-80.1,9.22],[-80,9.32],[-79.91,9.31],[-79.69,9.5],[-79.66,9.58],[-79.55,9.63],[-79.19,9.54],[-79.05,9.53],[-79.06,9.46],[-78.9,9.42],[-78.78,9.45],[-78.44,9.4],[-78.21,9.29],[-78.02,9.23],[-77.89,9.08],[-77.86,9.11],[-77.74,8.96],[-77.72,8.89],[-77.57,8.79],[-77.48,8.67],[-77.35,8.67],[-77.27,8.5],[-77.13,8.41],[-77.05,8.28],[-76.98,8.25],[-76.83,8.14],[-76.93,7.96],[-76.85,7.91],[-76.76,7.92],[-76.73,8.08],[-76.77,8.26],[-76.77,8.4],[-76.84,8.5],[-76.95,8.55],[-76.89,8.62],[-76.67,8.68],[-76.26,9.01],[-76.17,9.25],[-76.08,9.34],[-75.91,9.43],[-75.81,9.39],[-75.62,9.45],[-75.58,9.62],[-75.66,9.71],[-75.57,10.07],[-75.65,10.19],[-75.52,10.32],[-75.49,10.43],[-75.51,10.59],[-75.4,10.68],[-75.31,10.71],[-75.27,10.8],[-75.04,10.92],[-75.02,10.97],[-74.84,11.11],[-74.5,10.97],[-74.46,10.75],[-74.36,10.78],[-74.28,10.99],[-74.22,11.08],[-74.24,11.2],[-74.19,11.32],[-74,11.36],[-73.83,11.28],[-73.4,11.28],[-73.29,11.29],[-73.05,11.49],[-72.93,11.56],[-72.76,11.7],[-72.45,11.79],[-72.26,11.89],[-72.14,12.1],[-72.17,12.23],[-72,12.26],[-71.91,12.21],[-71.88,12.34],[-71.8,12.32],[-71.69,12.39],[-71.66,12.47],[-71.53,12.45],[-71.24,12.33],[-71.11,12.09],[-71.14,12.02],[-71.3,11.92],[-71.38,11.76],[-71.51,11.71],[-71.67,11.68],[-71.96,11.59],[-71.94,11.38],[-71.86,11.22],[-71.77,11.11],[-71.77,11.02],[-71.72,10.96],[-71.69,10.84],[-71.58,10.72],[-71.61,10.64],[-71.63,10.45],[-71.78,10.34],[-71.9,10.14],[-71.98,10.09],[-72.04,9.93],[-72.12,9.83],[-72,9.65],[-71.97,9.5],[-71.73,9.36],[-71.76,9.12],[-71.69,9.06],[-71.51,9.05],[-71.27,9.14],[-71.15,9.29],[-71.06,9.36],[-71.09,9.56],[-71.04,9.76],[-71.07,9.86],[-71.21,9.98],[-71.27,10.15],[-71.36,10.22],[-71.53,10.54],[-71.53,10.75],[-71.45,10.8],[-71.42,10.9],[-71.46,10.97],[-71.29,10.99],[-71.18,11.03],[-70.87,11.2],[-70.69,11.25],[-70.51,11.25],[-70.29,11.36],[-70.18,11.38],[-70.05,11.52],[-69.95,11.52],[-69.81,11.43],[-69.75,11.48],[-69.79,11.65],[-69.85,11.69],[-70.19,11.6],[-70.21,11.73],[-70.3,11.87],[-70.21,12.11],[-70.02,12.2],[-69.93,12.16],[-69.84,12.02],[-69.81,11.8],[-69.7,11.54],[-69.62,11.47],[-69.5,11.51],[-69.38,11.49],[-69.27,11.54],[-69.06,11.45],[-68.86,11.45],[-68.66,11.35],[-68.48,11.21],[-68.42,11.18],[-68.26,10.9],[-68.33,10.81],[-68.24,10.58],[-68.13,10.49],[-67.94,10.47],[-67.56,10.53],[-67.17,10.56],[-67.01,10.61],[-66.54,10.63],[-66.33,10.61],[-66.25,10.65],[-66.12,10.6],[-66.12,10.5],[-65.87,10.31],[-65.58,10.19],[-65.46,10.15],[-65.17,10.1],[-65.08,10.05],[-64.96,10.1],[-64.75,10.11],[-64.63,10.25],[-64.49,10.24],[-64.34,10.39],[-64.14,10.48],[-64.03,10.45],[-63.82,10.45],[-63.68,10.48],[-63.85,10.56],[-63.97,10.58],[-64.16,10.57],[-64.25,10.52],[-64.27,10.65],[-64.13,10.62],[-64.07,10.65],[-63.92,10.63],[-63.76,10.67],[-63.53,10.63],[-63.47,10.67],[-63.24,10.69],[-63.17,10.73],[-62.9,10.7],[-62.72,10.76],[-62.15,10.69],[-61.98,10.73],[-61.96,10.65],[-62.24,10.64],[-62.33,10.53],[-62.66,10.57],[-62.86,10.53],[-62.83,10.41],[-62.74,10.38],[-62.67,10.29],[-62.52,10.18],[-62.41,9.92],[-62.29,9.73],[-62.24,9.84],[-62.26,9.94],[-62.2,10.02],[-62.03,9.96],[-61.88,9.82],[-61.79,9.83],[-61.59,9.78],[-61.58,9.87],[-61.44,9.82],[-61.34,9.71],[-61.13,9.57],[-61.05,9.58],[-60.97,9.5],[-60.86,9.46],[-60.78,9.34],[-60.82,9.27],[-60.92,9.24],[-60.98,9.17],[-61.01,9.05],[-61.1,8.96],[-61.13,8.81],[-61.18,8.74],[-61.21,8.61],[-61.52,8.6],[-61.43,8.48],[-61.35,8.48],[-61.28,8.4],[-61.18,8.49],[-60.99,8.51],[-60.98,8.57],[-60.69,8.6],[-60.61,8.55],[-60.46,8.53],[-60.37,8.64],[-60.2,8.62],[-60.02,8.56],[-59.81,8.35],[-59.76,8.41],[-59.45,8.24],[-59.17,8.06],[-59.02,7.93],[-58.78,7.66],[-58.66,7.59],[-58.46,7.31],[-58.49,7.01],[-58.55,6.95],[-58.61,6.69],[-58.57,6.64],[-58.46,6.82],[-58.4,6.88],[-58.27,6.88],[-58.18,6.82],[-58.07,6.82],[-57.89,6.7],[-57.6,6.43],[-57.55,6.31],[-57.47,6.34],[-57.29,6.23],[-57.17,6.09],[-57.13,5.82],[-57.07,5.95],[-56.96,6.01],[-56.66,5.98],[-56.57,5.94],[-56.3,5.89],[-56,5.81],[-55.95,5.9],[-55.84,5.98],[-55.64,5.99],[-55.34,5.96],[-55.22,5.9],[-55.14,5.97],[-55.01,5.99],[-54.77,5.99],[-54.47,5.94],[-54.04,5.84],[-53.99,5.75],[-53.78,5.71],[-53.52,5.58],[-53.3,5.54],[-53.25,5.55],[-53.08,5.47],[-52.99,5.46],[-52.78,5.32],[-52.75,5.27],[-52.4,4.97],[-52.3,4.95],[-52.24,4.86],[-52.09,4.76],[-51.93,4.59],[-51.9,4.66],[-51.8,4.61],[-51.72,4.33],[-51.65,4.19],[-51.55,4.26],[-51.56,4.36],[-51.52,4.44],[-51.39,4.36],[-51.22,4.17],[-51.18,4.03],[-51.18,3.8],[-51.08,3.88],[-51.08,3.49],[-51.09,3.38],[-51.04,3.23],[-51.04,3.15],[-50.94,2.82],[-50.9,2.79],[-50.74,2.38],[-50.71,2.24],[-50.47,1.82],[-50.18,1.82],[-49.95,1.72],[-49.91,1.66],[-49.04,2.04],[-48.52,1.23],[-48.01,0.41],[-47.75,0],[-46.76,0],[-45.76,0],[-45.27,0],[-44.27,0],[-43.28,0],[-42.28,0],[-41.29,0],[-40.79,0],[-39.8,0],[-39.3,0],[-38.3,0],[-37.31,0],[-36.31,0],[-35.82,0],[-34.82,0],[-34.32,0],[-33.33,0],[-32.83,0],[-31.84,0],[-31.34,0],[-30.34,0],[-29.35,0],[-28.85,0],[-27.86,0],[-26.86,0],[-25.87,0],[-25.37,0],[-24.37,0],[-23.38,0],[-22.88,0],[-21.89,0],[-20.89,0],[-20.4,0],[-19.4,0],[-18.41,0],[-17.91,0],[-16.91,0],[-15.92,0],[-15.42,0],[-14.43,0],[-13.43,0],[-12.44,0],[-11.44,0],[-10.45,0],[-9.45,0],[-8.95,0],[-7.96,0],[-7.46,0],[-6.47,0],[-5.97,0],[-4.97,0],[-3.98,0],[-2.98,0],[-1.99,0],[-1,0],[0,0]],[[-71.92,41.06],[-71.93,41.04],[-72.41,40.86],[-72.61,40.8],[-72.73,40.81],[-72.95,40.74],[-73.23,40.71],[-73.37,40.66],[-73.56,40.64],[-73.71,40.58],[-73.83,40.65],[-73.99,40.57],[-74.04,40.64],[-73.91,40.79],[-73.76,40.81],[-73.72,40.87],[-73.49,40.95],[-73.22,40.91],[-73.11,40.97],[-72.78,40.97],[-72.61,40.99],[-72.46,40.91],[-72.37,40.99],[-72.16,41.05],[-72.11,41],[-71.92,41.06]],[[-70.58,41.43],[-70.51,41.36],[-70.78,41.35],[-70.72,41.42],[-70.58,41.43]],[[-31.21,39.51],[-31.13,39.42],[-31.18,39.36],[-31.28,39.4],[-31.21,39.51]],[[-27.02,38.69],[-27.06,38.64],[-27.33,38.67],[-27.39,38.76],[-27.3,38.8],[-27.14,38.8],[-27.02,38.69]],[[-28.11,38.45],[-28.24,38.38],[-28.3,38.41],[-28.46,38.41],[-28.55,38.48],[-28.49,38.56],[-28.37,38.55],[-28.11,38.45]],[[-28.61,38.6],[-28.75,38.52],[-28.84,38.6],[-28.72,38.65],[-28.61,38.6]],[[-25.2,37.86],[-25.19,37.74],[-25.51,37.71],[-25.7,37.74],[-25.83,37.82],[-25.76,37.91],[-25.68,37.84],[-25.46,37.83],[-25.2,37.86]],[[-16.79,32.69],[-16.85,32.64],[-16.98,32.65],[-17.14,32.71],[-17.25,32.81],[-17.2,32.87],[-17.07,32.81],[-16.92,32.84],[-16.75,32.73],[-16.79,32.69]],[[-13.48,29.24],[-13.46,29.13],[-13.48,29],[-13.71,28.91],[-13.77,28.84],[-13.86,28.86],[-13.83,29],[-13.75,29.08],[-13.53,29.15],[-13.48,29.24]],[[-17.76,28.82],[-17.72,28.73],[-17.75,28.62],[-17.83,28.46],[-18,28.75],[-17.91,28.86],[-17.76,28.82]],[[-13.97,28.74],[-13.84,28.72],[-13.85,28.4],[-13.97,28.23],[-14.21,28.16],[-14.21,28.23],[-14.15,28.42],[-14.04,28.59],[-13.97,28.74]],[[-15.39,28.03],[-15.38,27.85],[-15.58,27.73],[-15.69,27.76],[-15.79,27.84],[-15.82,28],[-15.73,28.06],[-15.71,28.17],[-15.42,28.14],[-15.39,28.03]],[[-17.93,27.85],[-17.88,27.81],[-17.99,27.64],[-18.06,27.76],[-17.93,27.85]],[[-16.43,28.15],[-16.55,28.02],[-16.68,28],[-16.84,28.21],[-16.92,28.35],[-16.77,28.37],[-16.51,28.42],[-16.41,28.52],[-16.3,28.57],[-16.23,28.49],[-16.36,28.38],[-16.43,28.15]],[[-17.31,28.21],[-17.21,28.21],[-17.1,28.1],[-17.23,28.02],[-17.34,28.1],[-17.31,28.21]],[[-80.68,28.58],[-80.61,28.57],[-80.66,28.44],[-80.74,28.52],[-80.68,28.58]],[[-77.81,26.91],[-77.77,26.93],[-77.51,26.87],[-77.33,26.71],[-77.27,26.63],[-77.06,26.53],[-77.06,26.42],[-77.01,26.32],[-77.16,26.25],[-77.19,25.92],[-77.23,25.89],[-77.35,26.07],[-77.22,26.15],[-77.26,26.2],[-77.16,26.56],[-77.31,26.59],[-77.43,26.7],[-77.52,26.85],[-77.75,26.88],[-77.81,26.91]],[[-78.59,26.54],[-78.71,26.57],[-78.58,26.69],[-78.29,26.69],[-77.97,26.73],[-77.9,26.68],[-78.54,26.57],[-78.59,26.54]],[[-77.52,23.93],[-77.57,23.74],[-77.64,23.75],[-77.81,23.88],[-77.83,24.02],[-77.94,24.1],[-77.84,24.21],[-77.68,24.3],[-77.64,24.24],[-77.74,24.16],[-77.55,24.13],[-77.52,23.93]],[[-78.35,24.66],[-78.21,24.86],[-78.16,25],[-78.21,25.18],[-78.05,25.18],[-77.98,25.14],[-77.99,25.01],[-77.93,24.98],[-77.87,24.84],[-77.74,24.7],[-77.75,24.6],[-77.72,24.5],[-77.91,24.35],[-78.06,24.32],[-78.08,24.38],[-78.18,24.46],[-78.35,24.53],[-78.44,24.62],[-78.35,24.66]],[[-97.08,27.81],[-97.18,27.65],[-97.32,27.36],[-97.37,27.35],[-97.23,27.65],[-97.08,27.81]],[[-91.8,29.49],[-92.02,29.57],[-91.93,29.65],[-91.72,29.58],[-91.8,29.49]],[[-74.29,22.73],[-74.23,22.82],[-74.09,22.66],[-74.29,22.73]],[[-74.16,20.27],[-74.14,20.18],[-74.27,20.07],[-74.39,20.08],[-74.58,20.05],[-74.81,20.04],[-74.98,19.92],[-75.38,19.88],[-75.6,19.89],[-75.72,19.96],[-75.89,19.97],[-75.98,19.95],[-76.25,19.99],[-76.52,19.94],[-76.87,19.94],[-76.96,19.89],[-77.19,19.91],[-77.36,19.86],[-77.61,19.84],[-77.74,19.86],[-77.62,20.02],[-77.4,20.2],[-77.18,20.29],[-77.11,20.37],[-77.11,20.51],[-77.24,20.56],[-77.2,20.64],[-77.31,20.71],[-77.49,20.68],[-77.78,20.7],[-77.88,20.73],[-77.94,20.7],[-78.07,20.71],[-78.27,20.9],[-78.4,20.96],[-78.49,21.05],[-78.56,21.38],[-78.65,21.54],[-78.73,21.56],[-78.77,21.64],[-79.25,21.55],[-79.45,21.6],[-79.64,21.69],[-79.82,21.71],[-79.9,21.76],[-80,21.72],[-80.07,21.82],[-80.27,21.89],[-80.44,22.04],[-80.51,22.06],[-80.99,22.05],[-81.1,22.1],[-81.2,22.21],[-81.29,22.1],[-81.4,22.17],[-81.65,22.21],[-81.82,22.19],[-81.88,22.26],[-82.09,22.34],[-82.12,22.43],[-81.84,22.43],[-81.68,22.46],[-81.64,22.57],[-81.88,22.68],[-82.1,22.65],[-82.2,22.69],[-82.63,22.68],[-82.78,22.7],[-82.8,22.62],[-83.09,22.46],[-83.17,22.34],[-83.29,22.32],[-83.42,22.19],[-83.61,22.2],[-83.93,22.17],[-84,22.06],[-83.99,21.95],[-84.14,21.94],[-84.31,21.88],[-84.47,21.77],[-84.47,21.9],[-84.54,21.94],[-84.66,21.91],[-84.8,21.83],[-84.95,21.86],[-84.58,22.01],[-84.32,22.05],[-84.34,22.13],[-84.43,22.2],[-84.39,22.35],[-84.29,22.49],[-84.23,22.5],[-84.02,22.68],[-83.87,22.75],[-83.56,22.84],[-83.54,22.87],[-83.37,22.89],[-83.33,22.95],[-83.21,23],[-83.06,23.02],[-82.96,22.97],[-82.92,23.03],[-82.58,23.05],[-82.41,23.15],[-82.22,23.19],[-82.03,23.2],[-81.84,23.16],[-81.58,23.16],[-81.48,23.1],[-81.27,23.14],[-81.18,23.05],[-81.08,23.1],[-80.96,23.06],[-80.76,23.1],[-80.62,23.09],[-80.56,23.01],[-80.28,22.91],[-80.02,22.95],[-79.99,22.88],[-79.7,22.75],[-79.51,22.53],[-79.46,22.53],[-79.34,22.41],[-79.15,22.38],[-78.98,22.4],[-78.78,22.39],[-78.57,22.32],[-78.48,22.26],[-78.38,22.25],[-78.3,22.16],[-78.16,22.14],[-78.07,22.09],[-77.9,21.88],[-77.84,21.9],[-77.76,21.81],[-77.66,21.78],[-77.52,21.81],[-77.51,21.86],[-77.14,21.65],[-77.25,21.61],[-77.26,21.48],[-77.15,21.5],[-77.07,21.6],[-76.96,21.47],[-76.81,21.39],[-76.66,21.35],[-76.65,21.29],[-76.39,21.28],[-76.14,21.17],[-76.12,21.09],[-75.87,21.1],[-75.82,21.14],[-75.64,21.08],[-75.58,21.01],[-75.78,20.75],[-75.71,20.69],[-75.61,20.72],[-75.5,20.69],[-75.39,20.74],[-75.15,20.68],[-75,20.7],[-74.85,20.63],[-74.61,20.49],[-74.49,20.36],[-74.4,20.31],[-74.26,20.32],[-74.16,20.27]],[[-68.36,18.66],[-68.33,18.58],[-68.44,18.42],[-68.46,18.36],[-68.57,18.38],[-68.66,18.21],[-68.74,18.2],[-68.85,18.37],[-68.92,18.41],[-69.09,18.4],[-69.24,18.45],[-69.53,18.41],[-69.6,18.46],[-69.88,18.47],[-70.02,18.41],[-70.16,18.24],[-70.4,18.24],[-70.55,18.2],[-70.59,18.28],[-70.6,18.41],[-70.7,18.43],[-70.76,18.35],[-70.85,18.34],[-70.93,18.26],[-71.05,18.31],[-71.1,18.24],[-71.06,18.14],[-71.2,17.91],[-71.31,17.82],[-71.42,17.6],[-71.51,17.74],[-71.63,17.82],[-71.66,17.95],[-71.79,18.05],[-71.93,18.18],[-72.07,18.24],[-72.44,18.22],[-72.89,18.14],[-73.38,18.26],[-73.58,18.22],[-73.65,18.25],[-73.81,18.16],[-73.87,18.03],[-73.97,18.14],[-74.18,18.29],[-74.33,18.29],[-74.45,18.35],[-74.49,18.43],[-74.43,18.61],[-74.26,18.67],[-74.16,18.66],[-73.81,18.54],[-73.6,18.5],[-73.53,18.52],[-72.99,18.47],[-72.75,18.43],[-72.63,18.55],[-72.35,18.53],[-72.33,18.67],[-72.55,18.79],[-72.62,18.89],[-72.81,19.05],[-72.72,19.1],[-72.8,19.23],[-72.73,19.43],[-72.81,19.5],[-73.02,19.6],[-73.22,19.65],[-73.41,19.64],[-73.47,19.72],[-73.34,19.83],[-73.14,19.92],[-72.98,19.91],[-72.78,19.94],[-72.4,19.81],[-72.33,19.75],[-72.14,19.75],[-72.03,19.7],[-71.97,19.73],[-71.76,19.71],[-71.74,19.82],[-71.65,19.9],[-71.5,19.91],[-71.36,19.85],[-71.21,19.84],[-71,19.94],[-70.83,19.9],[-70.62,19.77],[-70.43,19.78],[-70.3,19.66],[-70.13,19.62],[-70.04,19.68],[-69.9,19.64],[-69.87,19.43],[-69.73,19.29],[-69.54,19.34],[-69.34,19.29],[-69.16,19.29],[-69.25,19.18],[-69.42,19.19],[-69.6,19.23],[-69.61,19.09],[-69.42,19.11],[-69.36,19.05],[-69.04,18.99],[-68.98,19.03],[-68.74,18.96],[-68.58,18.81],[-68.36,18.66]],[[-65.63,18.28],[-65.74,18.18],[-65.83,18.03],[-65.94,17.97],[-66.16,17.93],[-66.42,17.95],[-66.47,17.99],[-66.59,17.96],[-66.77,17.98],[-66.92,17.95],[-67.21,17.97],[-67.15,18.2],[-67.27,18.36],[-67.16,18.42],[-67.1,18.52],[-66.91,18.49],[-66.64,18.5],[-66.47,18.48],[-66.26,18.48],[-66.12,18.44],[-65.99,18.46],[-65.85,18.44],[-65.66,18.37],[-65.63,18.28]],[[-64.56,17.75],[-64.88,17.69],[-64.89,17.76],[-64.77,17.79],[-64.69,17.74],[-64.56,17.75]],[[-76.26,18.01],[-76.19,17.92],[-76.31,17.87],[-76.52,17.86],[-76.65,17.93],[-76.85,17.99],[-76.96,17.83],[-77.09,17.9],[-77.14,17.88],[-77.22,17.72],[-77.32,17.81],[-77.44,17.86],[-77.72,17.85],[-77.84,17.95],[-77.85,18.02],[-77.96,18.03],[-78.08,18.2],[-78.23,18.19],[-78.34,18.22],[-78.33,18.37],[-78.19,18.46],[-77.98,18.44],[-77.9,18.52],[-77.27,18.46],[-77.14,18.41],[-76.89,18.41],[-76.76,18.27],[-76.35,18.16],[-76.26,18.01]],[[-73.26,18.88],[-73.2,18.97],[-72.85,18.83],[-72.81,18.72],[-73.04,18.76],[-73.26,18.88]],[[-81.14,19.35],[-81.14,19.29],[-81.3,19.31],[-81.29,19.37],[-81.14,19.35]],[[-86.75,20.59],[-86.8,20.48],[-86.93,20.31],[-87.02,20.33],[-87.01,20.44],[-86.94,20.55],[-86.75,20.59]],[[-82.57,21.64],[-82.59,21.54],[-82.84,21.44],[-83.08,21.47],[-82.97,21.59],[-83.07,21.76],[-83.08,21.84],[-82.99,21.95],[-82.69,21.88],[-82.69,21.82],[-82.59,21.73],[-82.57,21.64]],[[-74,22.66],[-73.95,22.72],[-73.84,22.72],[-73.91,22.59],[-74,22.66]],[[-73.14,22.36],[-73.06,22.44],[-72.75,22.35],[-73.14,22.36]],[[-77.63,22.05],[-77.7,21.95],[-77.9,22.02],[-77.81,22.1],[-77.63,22.05]],[[-73.65,21.06],[-73.51,21.19],[-73.4,21.22],[-73.26,21.14],[-73.16,21.17],[-73.05,21.33],[-73.01,21.29],[-73.03,21.16],[-73.13,20.99],[-73.23,20.95],[-73.35,20.96],[-73.49,20.92],[-73.68,20.94],[-73.65,21.06]],[[-75.8,23.54],[-75.87,23.53],[-75.99,23.6],[-75.98,23.68],[-75.8,23.54]],[[-62.65,17.27],[-62.76,17.29],[-62.86,17.36],[-62.82,17.42],[-62.72,17.36],[-62.65,17.27]],[[-25.05,17.04],[-25.19,16.93],[-25.3,16.92],[-25.32,17.11],[-25.1,17.2],[-24.97,17.11],[-25.05,17.04]],[[-24.92,16.9],[-24.88,16.83],[-25,16.79],[-25.09,16.85],[-24.97,16.92],[-24.92,16.9]],[[-22.93,16.59],[-22.99,16.82],[-22.9,16.83],[-22.9,16.61],[-22.93,16.59]],[[-24.07,16.61],[-24.11,16.56],[-24.23,16.6],[-24.33,16.49],[-24.42,16.66],[-24.36,16.68],[-24.07,16.61]],[[-61.54,16.29],[-61.5,16.35],[-61.53,16.45],[-61.46,16.51],[-61.39,16.39],[-61.19,16.26],[-61.5,16.21],[-61.54,16.29]],[[-61.55,16.29],[-61.58,16.22],[-61.56,16.09],[-61.6,16],[-61.69,15.95],[-61.77,16.09],[-61.8,16.25],[-61.72,16.35],[-61.55,16.29]],[[-22.68,16.11],[-22.68,16.06],[-22.81,15.99],[-22.95,16.02],[-22.92,16.21],[-22.71,16.21],[-22.68,16.11]],[[-61.19,15.93],[-61.24,15.88],[-61.33,15.93],[-61.27,16.01],[-61.19,15.93]],[[-61.88,17.05],[-61.83,17.17],[-61.71,17.09],[-61.69,17.03],[-61.85,17.01],[-61.88,17.05]],[[-61.36,15.2],[-61.42,15.41],[-61.49,15.54],[-61.47,15.63],[-61.31,15.58],[-61.27,15.51],[-61.26,15.29],[-61.36,15.2]],[[-23.13,15.31],[-23.11,15.2],[-23.18,15.12],[-23.26,15.17],[-23.25,15.27],[-23.13,15.31]],[[-23.46,15.02],[-23.49,14.92],[-23.68,14.94],[-23.77,15.04],[-23.79,15.17],[-23.7,15.27],[-23.51,15.11],[-23.46,15.02]],[[-24.3,14.92],[-24.38,14.82],[-24.45,14.84],[-24.53,14.92],[-24.4,15.04],[-24.33,15.03],[-24.3,14.92]],[[-60.81,14.46],[-61.01,14.48],[-61.04,14.57],[-61.16,14.67],[-61.23,14.82],[-61.17,14.88],[-61,14.81],[-60.93,14.69],[-60.85,14.6],[-60.81,14.46]],[[-60.89,14.01],[-60.89,13.83],[-60.94,13.72],[-61.05,13.77],[-61.08,13.89],[-60.93,14.11],[-60.89,14.01]],[[-61.17,13.15],[-61.27,13.19],[-61.28,13.25],[-61.21,13.37],[-61.12,13.31],[-61.17,13.15]],[[-59.43,13.16],[-59.51,13.06],[-59.61,13.08],[-59.65,13.16],[-59.65,13.3],[-59.43,13.16]],[[-68.78,12.1],[-68.79,12.04],[-68.94,12.11],[-69.08,12.2],[-69.16,12.31],[-69.07,12.34],[-69.04,12.26],[-68.96,12.2],[-68.84,12.17],[-68.78,12.1]],[[-61.61,12.21],[-61.61,12.08],[-61.69,12],[-61.76,12.09],[-61.67,12.24],[-61.61,12.21]],[[-16.17,11.87],[-15.99,11.9],[-16.03,11.77],[-16.15,11.81],[-16.17,11.87]],[[-16.02,11.51],[-15.91,11.58],[-15.9,11.45],[-16.04,11.42],[-16.02,11.51]],[[-60.53,11.35],[-60.59,11.26],[-60.8,11.14],[-60.79,11.22],[-60.67,11.3],[-60.53,11.35]],[[-16.05,11.12],[-16.08,11.04],[-16.19,11.04],[-16.17,11.13],[-16.1,11.21],[-16.05,11.12]],[[-63.85,11.14],[-63.79,11],[-63.9,10.88],[-64.04,10.87],[-64.18,10.97],[-64.22,10.94],[-64.41,10.97],[-64.37,11.06],[-64.2,11.09],[-64.18,11.03],[-64.05,10.99],[-63.99,11.11],[-63.9,11.17],[-63.85,11.14]],[[-61,10.7],[-61.04,10.51],[-61,10.36],[-61,10.14],[-61.19,10.07],[-61.54,10.08],[-61.64,10.06],[-61.71,10.16],[-61.61,10.25],[-61.51,10.24],[-61.46,10.3],[-61.49,10.43],[-61.47,10.59],[-61.6,10.75],[-61.4,10.77],[-61.37,10.8],[-61.18,10.8],[-60.95,10.85],[-61,10.7]],[[-60.92,9.03],[-60.85,8.97],[-60.93,8.88],[-61.02,8.88],[-60.92,9.03]],[[-60.95,8.83],[-60.86,8.87],[-60.74,8.87],[-60.69,8.79],[-60.77,8.74],[-60.85,8.64],[-61.09,8.63],[-61.17,8.7],[-61.06,8.8],[-60.95,8.83]],[[-12.49,7.57],[-12.55,7.41],[-12.61,7.48],[-12.95,7.57],[-12.9,7.61],[-12.62,7.64],[-12.49,7.57]],[[-50.45,2.11],[-50.4,2.12],[-50.31,1.95],[-50.38,1.88],[-50.46,1.88],[-50.52,2],[-50.45,2.11]]]},"properties":{"featurecla":"Bathymetry","depth":0,"scalerank":0}},
{"type":"Feature","geometry":{"type":"Polygon","coordinates":[[[54.75,41],[54.6,41.19],[54.31,41.34],[54.09,41.47],[54.04,41.53],[54.02,41.73],[53.93,41.88],[53.9,42.08],[53.68,42.14],[53.3,42.08],[53.12,42.09],[52.96,41.98],[52.82,41.76],[52.9,41.69],[52.9,41.57],[52.82,41.39],[52.56,41.52],[52.6,41.63],[52.44,41.75],[52.48,41.94],[52.4,42.09],[52.6,42.34],[52.74,42.66],[52.71,42.73],[52.57,42.8],[52.37,42.83],[52.27,42.8],[52.17,42.89],[51.93,42.83],[51.85,42.89],[51.65,43.19],[51.37,43.15],[51.27,43.19],[51.32,43.44],[51.27,43.56],[51.14,43.63],[51.02,43.8],[50.98,43.92],[50.85,44.04],[50.85,44.19],[50.7,44.26],[50.34,44.31],[50.23,44.39],[50.22,44.57],[50.3,44.66],[50.5,44.63],[50.85,44.63],[51.03,44.52],[51.14,44.48],[51.32,44.6],[51.2,44.74],[50.97,44.85],[50.98,44.99],[51.08,45],[51.24,45.1],[51.24,45.16],[51.4,45.33],[51.59,45.34],[51.79,45.41],[51.96,45.37],[52.4,45.41],[52.57,45.4],[52.91,45.31],[53.11,45.3],[53.14,45.38],[52.74,45.53],[52.75,45.64],[52.92,45.8],[53.09,46.02],[53.16,46.34],[53.08,46.43],[53.1,46.57],[53.19,46.72],[53.11,46.74],[53.08,46.85],[52.92,46.96],[52.61,46.95],[52.46,47],[52.24,46.81],[52.11,46.81],[52,46.89],[51.76,46.92],[51.5,47.06],[51.19,47.12],[50.86,47.04],[50.61,46.87],[50.42,46.88],[50.38,46.82],[50.17,46.75],[50.03,46.64],[49.82,46.54],[49.64,46.58],[49.47,46.56],[49.22,46.38],[49.25,46.27],[48.89,46.12],[48.71,46.13],[48.74,45.92],[48.47,45.94],[48.27,45.78],[47.9,45.69],[47.63,45.71],[47.61,45.64],[47.38,45.28],[47.3,45.19],[47.2,44.97],[47.07,44.79],[46.97,44.78],[46.72,44.66],[46.68,44.53],[46.7,44.45],[47.04,44.35],[47.08,44.26],[47.25,44.21],[47.5,43.78],[47.46,43.75],[47.38,43.56],[47.47,43.55],[47.55,43.88],[47.7,43.87],[47.6,43.77],[47.49,43.46],[47.46,43.02],[47.7,42.87],[47.72,42.7],[47.87,42.58],[48.02,42.39],[48.1,42.35],[48.3,42.1],[48.42,41.92],[48.55,41.88],[48.66,41.8],[49.04,41.41],[49.14,41.27],[49.2,41.06],[49.38,40.87],[49.54,40.79],[49.51,40.69],[49.59,40.63],[49.86,40.57],[50.05,40.58],[50.24,40.5],[50.34,40.41],[50.23,40.34],[49.89,40.37],[49.78,40.28],[49.58,40.22],[49.44,40.08],[49.48,39.99],[49.39,39.78],[49.42,39.71],[49.32,39.62],[49.3,39.48],[49.41,39.39],[49.24,39.28],[49.19,39.02],[49.06,39.17],[48.97,39.18],[48.92,38.94],[48.84,38.8],[48.86,38.76],[48.88,38.35],[48.91,38.08],[49.01,37.74],[49.13,37.62],[49.44,37.49],[49.94,37.45],[50.15,37.4],[50.22,37.33],[50.32,37.15],[50.48,37.03],[51.09,36.74],[51.37,36.69],[51.91,36.58],[52.09,36.6],[52.26,36.65],[52.78,36.74],[53.12,36.82],[53.49,36.89],[53.66,36.88],[53.7,36.82],[53.89,36.79],[54.01,36.82],[54.03,36.95],[53.92,37.26],[53.9,37.47],[53.82,37.74],[53.81,38.03],[53.86,38.21],[53.86,38.38],[53.83,38.53],[53.86,38.68],[53.98,38.9],[53.87,39.03],[53.75,39.05],[53.67,39.19],[53.57,39.25],[53.58,39.33],[53.39,39.32],[53.09,39.38],[53.18,39.52],[53.36,39.54],[53.58,39.47],[53.71,39.54],[53.53,39.63],[53.43,39.76],[53.57,39.95],[53.44,40],[53.29,39.94],[53.17,40],[52.88,39.94],[52.74,40.05],[52.77,40.15],[52.7,40.27],[52.74,40.48],[52.86,40.66],[52.83,40.71],[52.96,41.02],[53.11,40.77],[53.54,40.76],[53.59,40.89],[53.72,40.69],[53.72,40.63],[54.01,40.66],[54.17,40.73],[54.31,40.73],[54.27,40.89],[54.36,40.92],[54.47,40.81],[54.71,40.88],[54.75,41]]]},"properties":{"featurecla":"Bathymetry","depth":0,"scalerank":0}},
{"type":"Feature","geometry":{"type":"Polygon","coordinates":[[[0,35.84],[0.13,36.05],[0.66,36.33],[0.86,36.38],[1.04,36.49],[1.91,36.57],[2.06,36.57],[2.31,36.63],[2.46,36.59],[2.63,36.61],[2.82,36.71],[2.93,36.81],[3.01,36.81],[3.18,36.74],[3.24,36.81],[3.46,36.78],[3.65,36.82],[3.83,36.91],[4.1,36.88],[4.44,36.91],[4.5,36.89],[4.79,36.9],[5.1,36.78],[5.12,36.7],[5.3,36.64],[5.46,36.67],[5.58,36.76],[5.76,36.83],[5.87,36.82],[6.2,36.9],[6.34,37.07],[6.46,37.09],[6.58,36.99],[6.82,36.95],[6.91,36.89],[7.24,36.97],[7.27,37.07],[7.38,37.08],[7.59,36.99],[7.71,36.96],[7.77,36.89],[7.91,36.85],[8.05,36.88],[8.23,36.96],[8.29,36.93],[8.5,36.9],[8.9,37.02],[8.99,37.12],[9.21,37.23],[9.34,37.24],[9.67,37.34],[9.86,37.33],[9.77,37.21],[9.82,37.15],[10.05,37.27],[10.15,37.24],[10.22,36.98],[10.35,36.88],[10.27,36.82],[10.32,36.75],[10.44,36.73],[10.54,36.77],[10.57,36.86],[10.73,36.9],[11.01,37.08],[11.12,36.84],[11.02,36.79],[10.8,36.45],[10.52,36.34],[10.48,36.22],[10.48,36.08],[10.61,35.86],[10.69,35.79],[10.84,35.77],[10.84,35.7],[11.01,35.66],[11.06,35.49],[11.04,35.33],[11.11,35.21],[11.02,35.09],[11.02,35.03],[10.92,34.96],[10.92,34.87],[10.7,34.66],[10.63,34.63],[10.6,34.54],[10.43,34.5],[10.38,34.42],[10.13,34.33],[10.01,34.17],[10.05,33.98],[10.16,33.84],[10.33,33.7],[10.49,33.65],[10.72,33.71],[10.72,33.48],[10.91,33.54],[10.98,33.64],[11.11,33.55],[11.09,33.45],[11.17,33.33],[11.18,33.21],[11.37,33.18],[11.44,33.2],[11.64,33.11],[11.85,33.08],[12.12,32.92],[12.35,32.83],[12.73,32.8],[13.07,32.87],[13.16,32.91],[13.35,32.9],[13.57,32.8],[13.79,32.8],[14.18,32.72],[14.47,32.52],[14.63,32.5],[14.73,32.45],[14.91,32.44],[15.2,32.39],[15.28,32.32],[15.37,32.16],[15.37,31.93],[15.49,31.66],[15.62,31.5],[15.76,31.39],[16.04,31.28],[16.36,31.23],[16.73,31.22],[16.94,31.18],[17.16,31.12],[17.37,31.09],[17.47,31.03],[17.85,30.92],[17.93,30.86],[18.18,30.79],[18.32,30.66],[18.57,30.5],[18.65,30.42],[18.93,30.29],[19.06,30.27],[19.34,30.3],[19.62,30.42],[19.75,30.51],[20.04,30.82],[20.15,31.05],[20.15,31.22],[20.02,31.4],[19.95,31.56],[19.92,31.72],[19.94,31.96],[20.07,32.18],[20.26,32.34],[20.56,32.56],[20.8,32.64],[21.1,32.78],[21.29,32.77],[21.45,32.81],[21.61,32.93],[21.72,32.95],[21.88,32.9],[22.1,32.92],[22.38,32.87],[22.51,32.79],[22.81,32.72],[23.09,32.65],[23.15,32.48],[23.1,32.32],[23.2,32.29],[23.24,32.22],[23.41,32.19],[23.67,32.18],[24,32.09],[24.09,32.01],[24.55,31.99],[24.67,32.03],[24.98,31.97],[25.02,31.85],[25.16,31.66],[25.19,31.53],[25.4,31.5],[25.82,31.61],[25.97,31.62],[26.36,31.52],[26.75,31.48],[26.87,31.44],[26.97,31.45],[27.12,31.39],[27.32,31.38],[27.38,31.27],[27.48,31.21],[27.66,31.18],[27.86,31.23],[27.9,31.11],[28.15,31.09],[28.32,31.06],[28.4,31.09],[28.82,30.95],[28.83,30.92],[29.03,30.83],[29.22,30.84],[29.5,30.96],[29.84,31.15],[30.04,31.32],[30.17,31.22],[30.27,31.26],[30.36,31.51],[30.49,31.46],[30.74,31.41],[30.8,31.45],[30.91,31.42],[31.03,31.52],[31.22,31.58],[31.52,31.45],[31.6,31.44],[31.84,31.53],[31.85,31.42],[31.79,31.34],[31.93,31.19],[32.03,31.19],[32.06,31.08],[32.25,31.11],[32.3,31.28],[32.51,31.11],[32.73,31.04],[32.88,31.09],[32.97,31.09],[33.1,31.19],[33.19,31.06],[33.5,31.13],[33.65,31.12],[34.05,31.23],[34.22,31.33],[34.44,31.53],[34.61,31.77],[34.71,31.95],[34.84,32.28],[34.94,32.72],[34.95,32.81],[35.08,32.91],[35.1,33.1],[35.17,33.17],[35.27,33.46],[35.35,33.51],[35.48,33.8],[35.47,33.9],[35.58,33.92],[35.65,34.12],[35.63,34.2],[35.81,34.46],[35.98,34.54],[35.98,34.64],[35.87,34.92],[35.89,35.11],[35.96,35.2],[35.92,35.29],[35.91,35.43],[35.78,35.54],[35.78,35.68],[35.98,36.02],[35.79,36.32],[36.04,36.53],[36.19,36.6],[36.19,36.8],[36.02,36.93],[35.81,36.78],[35.61,36.74],[35.63,36.61],[35.51,36.61],[35.35,36.54],[34.77,36.82],[34.55,36.77],[34.28,36.59],[34.18,36.47],[34.08,36.41],[34.08,36.33],[33.54,36.14],[33.13,36.13],[33.09,36.08],[32.94,36.1],[32.8,36.03],[32.67,36.05],[32.37,36.18],[32.03,36.54],[31.77,36.61],[31.74,36.64],[31.41,36.76],[31.34,36.81],[30.94,36.86],[30.78,36.85],[30.69,36.89],[30.57,36.78],[30.57,36.53],[30.47,36.4],[30.52,36.34],[30.44,36.24],[30.25,36.31],[30.14,36.25],[29.91,36.22],[29.8,36.15],[29.67,36.14],[29.6,36.21],[29.32,36.25],[29.17,36.34],[29.12,36.42],[29.1,36.67],[28.96,36.73],[28.86,36.69],[28.6,36.73],[28.42,36.83],[28.24,36.81],[28.25,36.73],[28.11,36.6],[28.04,36.72],[27.74,36.76],[27.67,36.66],[27.43,36.74],[27.61,36.77],[27.65,36.81],[28.03,36.79],[28.04,36.94],[28.19,36.94],[28.3,37.05],[28.09,37.02],[27.99,37.04],[27.78,36.99],[27.48,36.99],[27.44,37.03],[27.26,36.96],[27.23,37.06],[27.3,37.12],[27.48,37.09],[27.55,37.13],[27.55,37.27],[27.33,37.35],[27.19,37.36],[27.22,37.48],[27.21,37.6],[27.13,37.69],[27.25,37.74],[27.24,37.99],[27.12,37.99],[26.95,38.07],[26.86,38.04],[26.76,38.22],[26.64,38.2],[26.61,38.11],[26.44,38.21],[26.27,38.29],[26.48,38.37],[26.51,38.43],[26.4,38.49],[26.35,38.62],[26.51,38.65],[26.63,38.52],[26.61,38.42],[26.77,38.36],[26.92,38.38],[26.94,38.43],[26.85,38.6],[26.75,38.62],[26.72,38.72],[27.01,38.87],[26.96,38.94],[26.81,38.95],[26.88,39.07],[26.74,39.2],[26.67,39.31],[26.93,39.49],[26.89,39.58],[26.46,39.52],[26.36,39.48],[26.15,39.46],[26.07,39.5],[26.15,39.63],[26.15,39.94],[26.2,40.01],[26.31,40.02],[26.39,40.11],[26.41,40.19],[26.5,40.21],[26.74,40.4],[27.01,40.39],[27.1,40.45],[27.3,40.46],[27.34,40.37],[27.45,40.32],[27.79,40.32],[27.87,40.37],[27.68,40.5],[27.76,40.54],[27.97,40.5],[28.11,40.4],[28.35,40.4],[28.64,40.37],[28.77,40.4],[28.96,40.36],[29.07,40.38],[29.11,40.47],[28.92,40.47],[28.79,40.55],[28.99,40.64],[29.28,40.67],[29.5,40.73],[29.56,40.69],[29.67,40.78],[29.36,40.76],[29.26,40.87],[29.03,40.98],[29.13,41.21],[29.23,41.24],[29.88,41.15],[30.14,41.14],[30.27,41.21],[30.7,41.12],[30.83,41.08],[31.25,41.11],[31.4,41.2],[31.4,41.32],[31.66,41.4],[31.87,41.5],[32.13,41.6],[32.26,41.72],[32.35,41.73],[32.61,41.84],[32.93,41.88],[33.32,42.02],[33.87,41.97],[34,41.98],[34.33,41.95],[34.48,41.98],[34.69,41.95],[34.89,42.01],[34.95,42.1],[35.1,42.02],[35.1,41.91],[35.22,41.76],[35.53,41.63],[35.62,41.63],[35.89,41.71],[36.04,41.7],[36.12,41.63],[36.13,41.46],[36.24,41.36],[36.45,41.24],[36.57,41.3],[36.62,41.38],[36.84,41.35],[36.98,41.29],[37.04,41.18],[37.26,41.15],[37.5,41.04],[37.66,41.12],[37.9,40.98],[37.98,40.99],[38.33,40.92],[38.72,40.95],[38.93,41.04],[39.16,41.08],[39.27,41.05],[39.43,41.11],[39.59,41.03],[39.73,41.02],[39.86,40.96],[40,40.98],[40.14,40.92],[40.3,40.97],[40.46,41.05],[40.56,41.04],[40.7,41.1],[40.83,41.2],[41.02,41.22],[41.12,41.29],[41.39,41.38],[41.62,41.63],[41.68,41.66],[41.77,41.82],[41.76,42.01],[41.66,42.11],[41.6,42.35],[41.55,42.39],[41.5,42.64],[41.38,42.76],[41.15,42.8],[41.02,42.99],[40.93,42.98],[40.86,43.06],[40.58,43.09],[40.4,43.16],[40.34,43.14],[40.22,43.32],[39.96,43.39],[39.85,43.51],[39.72,43.57],[39.46,43.77],[39.33,43.9],[39.12,44.02],[38.98,44.15],[38.87,44.17],[38.78,44.26],[38.6,44.33],[38.31,44.37],[38.18,44.41],[38.11,44.5],[37.92,44.61],[37.48,44.68],[37.35,44.78],[37.29,44.93],[37.19,44.99],[36.84,45.11],[36.7,45.1],[36.59,45.16],[36.83,45.23],[36.78,45.39],[36.83,45.44],[37.16,45.33],[37.43,45.32],[37.5,45.36],[37.64,45.33],[37.74,45.37],[37.65,45.58],[37.6,45.64],[37.83,45.75],[37.94,46.02],[38.25,46.14],[38.45,46.03],[38.56,46.12],[38.3,46.22],[38.12,46.38],[37.83,46.48],[37.85,46.62],[38.04,46.63],[38.28,46.73],[38.37,46.73],[38.4,46.82],[38.8,46.89],[39.08,47.03],[39.26,47.01],[39.26,47.26],[39.09,47.29],[38.94,47.25],[38.94,47.19],[38.63,47.14],[38.43,47.13],[38.13,47.07],[37.86,47.1],[37.58,47.09],[37.48,47.04],[37.34,46.88],[37.21,46.93],[36.89,46.8],[36.83,46.73],[36.7,46.78],[36.37,46.71],[36.28,46.64],[36.19,46.67],[35.9,46.65],[35.63,46.5],[35.51,46.46],[35.29,46.29],[35.21,46.41],[35.08,46.27],[34.84,46.21],[34.81,46.17],[34.87,45.93],[35.04,45.67],[35.33,45.37],[35.48,45.3],[35.69,45.33],[35.79,45.41],[36.02,45.37],[36.14,45.46],[36.3,45.47],[36.61,45.41],[36.5,45.35],[36.42,45.23],[36.44,45.07],[36.22,45.01],[36.05,45.05],[35.99,45],[35.85,44.99],[35.77,45.07],[35.55,45.12],[35.42,45.07],[35.39,45],[35.01,44.84],[34.76,44.82],[34.47,44.73],[34.34,44.56],[34.15,44.45],[33.96,44.38],[33.72,44.4],[33.58,44.5],[33.48,44.61],[33.55,44.71],[33.55,44.84],[33.62,44.93],[33.56,45.09],[33.41,45.18],[33.26,45.16],[32.9,45.35],[32.75,45.36],[32.66,45.32],[32.51,45.34],[32.53,45.46],[32.94,45.66],[33.27,45.75],[33.48,45.85],[33.71,45.91],[33.65,45.98],[33.61,46.15],[33.42,46.05],[33.29,46.14],[32.91,46.12],[32.79,46.13],[32.5,46.08],[32.26,46.13],[32.24,46.2],[32.12,46.21],[31.97,46.35],[32.01,46.45],[32.11,46.51],[32.28,46.47],[32.34,46.56],[31.91,46.66],[31.86,46.63],[31.48,46.65],[31.34,46.6],[31.19,46.63],[30.99,46.6],[30.75,46.52],[30.77,46.4],[30.49,46.08],[30.14,45.82],[29.97,45.84],[29.87,45.67],[29.75,45.62],[29.6,45.69],[29.59,45.56],[29.75,45.46],[29.76,45.32],[29.68,45.14],[29.61,44.85],[29.51,44.82],[29.1,44.78],[29.04,44.87],[29.05,45],[28.88,44.95],[28.92,44.76],[28.79,44.71],[28.77,44.55],[28.84,44.49],[28.64,44.33],[28.63,44.15],[28.67,44],[28.58,43.8],[28.56,43.45],[28.46,43.38],[28.32,43.43],[28.09,43.36],[27.94,43.16],[27.89,43.01],[27.89,42.71],[27.74,42.72],[27.51,42.55],[27.47,42.46],[27.69,42.43],[27.75,42.28],[27.9,42.12],[27.99,42.07],[28.04,41.89],[27.97,41.82],[28.11,41.61],[28.23,41.52],[28.38,41.45],[28.91,41.27],[29.11,41.24],[28.98,41],[28.82,40.96],[28.63,40.97],[28.46,41.03],[28.24,41.09],[28.01,41.04],[27.94,40.97],[27.74,41.01],[27.52,40.99],[27.42,40.83],[27.18,40.63],[27.05,40.61],[26.68,40.46],[26.62,40.36],[26.44,40.24],[26.38,40.15],[26.21,40.15],[26.27,40.26],[26.22,40.33],[26.6,40.51],[26.67,40.51],[26.83,40.6],[26.79,40.66],[26.3,40.6],[26.08,40.61],[26.01,40.82],[25.92,40.85],[25.54,40.87],[25.3,40.95],[24.99,40.94],[24.8,40.85],[24.63,40.86],[24.57,40.95],[24.42,40.95],[24.34,40.83],[24.11,40.73],[23.81,40.78],[23.69,40.7],[23.8,40.59],[23.88,40.56],[23.83,40.46],[23.87,40.41],[24.19,40.35],[24.38,40.18],[24.3,40.13],[24.17,40.28],[23.92,40.37],[23.7,40.33],[23.78,40.2],[23.99,40.12],[24.02,40.02],[23.97,39.96],[23.82,40.02],[23.68,40.22],[23.4,40.28],[23.34,40.21],[23.5,40.04],[23.67,39.99],[23.62,39.92],[23.38,40.01],[23.31,40.1],[23.3,40.24],[23.03,40.33],[22.9,40.4],[22.83,40.49],[22.98,40.55],[22.91,40.64],[22.71,40.51],[22.6,40.48],[22.66,40.37],[22.55,40.17],[22.57,40.05],[22.71,39.96],[22.74,39.87],[22.86,39.77],[22.93,39.6],[23.1,39.5],[23.27,39.32],[23.34,39.19],[23.21,39.17],[23.15,39.28],[23.02,39.32],[22.84,39.29],[22.83,39.22],[22.96,39.12],[23.02,39.01],[22.98,38.95],[22.85,38.93],[22.77,38.78],[22.91,38.78],[23.06,38.73],[23.09,38.65],[23.2,38.68],[23.32,38.64],[23.29,38.58],[23.42,38.5],[23.6,38.47],[23.59,38.43],[23.71,38.34],[23.95,38.29],[24.07,38.2],[23.99,38.12],[24.03,38.01],[24.01,37.89],[24.07,37.86],[24.07,37.69],[23.95,37.68],[23.9,37.78],[23.76,37.82],[23.68,37.95],[23.45,38.02],[23.41,37.97],[23.23,37.97],[23.09,37.91],[23.18,37.81],[23.17,37.61],[23.32,37.54],[23.37,37.56],[23.53,37.46],[23.45,37.41],[23.23,37.38],[23.2,37.3],[23.07,37.36],[23.13,37.45],[22.96,37.52],[22.72,37.54],[22.76,37.4],[22.91,37.18],[22.9,37.13],[23,37.03],[23.01,36.94],[23.1,36.81],[23.03,36.72],[23.08,36.58],[22.97,36.52],[22.77,36.8],[22.62,36.8],[22.53,36.71],[22.47,36.45],[22.35,36.51],[22.37,36.67],[22.22,36.9],[22.14,36.92],[22.15,37.02],[22.05,37.04],[21.94,36.98],[21.95,36.79],[21.71,36.82],[21.7,36.96],[21.6,37.05],[21.57,37.16],[21.68,37.28],[21.67,37.4],[21.55,37.56],[21.4,37.66],[21.3,37.67],[21.3,37.77],[21.12,37.84],[21.21,37.95],[21.33,38.02],[21.38,38.2],[21.6,38.15],[21.67,38.18],[21.76,38.3],[21.96,38.34],[22.23,38.19],[22.33,38.18],[22.68,38.07],[22.87,37.94],[22.94,38.08],[23.07,38.06],[23.22,38.1],[23.11,38.21],[22.9,38.24],[22.69,38.32],[22.55,38.3],[22.46,38.43],[22.37,38.34],[21.99,38.41],[21.76,38.33],[21.6,38.35],[21.54,38.31],[21.37,38.41],[21.16,38.3],[21.14,38.4],[21.02,38.61],[20.91,38.7],[20.88,38.78],[20.73,38.8],[20.76,38.89],[20.98,38.95],[21.09,38.86],[21.16,39],[21,39.02],[20.89,39.08],[20.69,39.07],[20.49,39.22],[20.45,39.29],[20.29,39.33],[20.22,39.44],[20.26,39.51],[20.14,39.54],[20.18,39.62],[19.98,39.7],[20.02,39.85],[19.91,39.91],[19.86,40.05],[19.48,40.21],[19.38,40.3],[19.47,40.35],[19.48,40.45],[19.31,40.64],[19.41,40.87],[19.53,40.95],[19.45,41.01],[19.47,41.19],[19.52,41.26],[19.41,41.38],[19.57,41.59],[19.59,41.82],[19.17,41.94],[19.14,42.04],[18.91,42.22],[18.78,42.27],[18.7,42.37],[18.62,42.37],[18.24,42.56],[18.22,42.62],[17.81,42.81],[17.73,42.8],[17.44,42.87],[17.39,42.98],[17.44,43.03],[17.32,43.13],[17.07,43.24],[16.88,43.41],[16.63,43.45],[16.43,43.55],[16.34,43.55],[16.1,43.48],[15.92,43.59],[15.93,43.68],[15.47,43.92],[15.14,44.2],[15.16,44.28],[15.28,44.29],[15.31,44.35],[14.9,44.69],[14.88,44.86],[14.92,44.96],[14.83,45.11],[14.51,45.3],[14.33,45.35],[14.23,45.15],[14.08,44.98],[13.97,44.83],[13.86,44.83],[13.77,44.96],[13.64,45.07],[13.51,45.44],[13.51,45.51],[13.75,45.55],[13.8,45.62],[13.73,45.7],[13.55,45.79],[13.51,45.71],[13.13,45.77],[13.08,45.64],[12.94,45.63],[12.78,45.55],[12.49,45.46],[12.44,45.53],[12.27,45.46],[12.17,45.26],[12.3,45.23],[12.38,45.04],[12.53,44.94],[12.44,44.82],[12.25,44.75],[12.28,44.49],[12.37,44.25],[12.48,44.14],[12.71,43.98],[12.95,43.9],[13.25,43.7],[13.62,43.53],[13.83,43.13],[13.94,42.8],[14.08,42.6],[14.22,42.47],[14.39,42.37],[14.56,42.23],[14.72,42.16],[14.74,42.08],[14.99,42.01],[15.12,41.93],[15.45,41.91],[16.03,41.94],[16.14,41.92],[16.19,41.79],[15.93,41.64],[15.91,41.5],[16.02,41.43],[16.59,41.21],[17.06,41.08],[17.28,40.98],[17.48,40.83],[18.01,40.65],[18.04,40.56],[18.24,40.46],[18.44,40.27],[18.52,40.11],[18.43,40.02],[18.38,39.81],[18.21,39.84],[18.07,39.91],[18.01,39.99],[18,40.12],[17.85,40.29],[17.51,40.3],[17.21,40.41],[17.25,40.5],[17.05,40.52],[16.91,40.45],[16.74,40.21],[16.6,40.08],[16.63,39.97],[16.49,39.81],[16.52,39.69],[16.62,39.63],[16.75,39.62],[16.85,39.55],[17.16,39.41],[17.12,39.34],[17.15,39.21],[17.12,39.09],[17.17,39.01],[17.13,38.93],[16.84,38.92],[16.61,38.82],[16.54,38.72],[16.57,38.43],[16.47,38.35],[16.34,38.3],[16.17,38.14],[16.09,37.95],[15.76,37.93],[15.67,37.97],[15.63,38.11],[15.65,38.24],[15.79,38.28],[15.9,38.47],[15.84,38.66],[16,38.73],[16.12,38.72],[16.22,38.81],[16.22,38.9],[16.08,39.08],[16.03,39.35],[16,39.44],[15.87,39.56],[15.81,39.7],[15.78,39.87],[15.61,40.07],[15.53,40.08],[15.41,39.99],[15.28,40.03],[15.13,40.17],[14.91,40.24],[15,40.4],[14.89,40.57],[14.75,40.68],[14.54,40.61],[14.38,40.63],[14.47,40.73],[14.29,40.84],[14.2,40.8],[14.05,40.84],[14.02,40.92],[13.85,41.15],[13.72,41.25],[13.51,41.23],[13.32,41.29],[13.04,41.23],[12.89,41.4],[12.62,41.46],[12.45,41.63],[12.24,41.74],[12.15,41.9],[11.92,42.04],[11.83,42.03],[11.66,42.28],[11.38,42.41],[11.16,42.44],[11.19,42.52],[10.99,42.71],[10.73,42.8],[10.78,42.89],[10.68,42.95],[10.5,42.94],[10.55,43.15],[10.52,43.27],[10.44,43.39],[10.33,43.48],[10.26,43.81],[10.21,43.92],[10.11,44.02],[9.96,44.04],[9.84,44.11],[9.77,44.08],[9.48,44.24],[9.23,44.35],[8.76,44.43],[8.47,44.3],[8.41,44.19],[8.23,44.1],[8.14,43.95],[7.96,43.85],[7.69,43.79],[7.5,43.79],[7.33,43.69],[7.15,43.65],[7.09,43.57],[6.98,43.55],[6.89,43.43],[6.73,43.41],[6.68,43.2],[6.03,43.08],[5.78,43.13],[5.54,43.21],[5.35,43.22],[5.34,43.33],[5.06,43.33],[5.06,43.42],[5.21,43.46],[5.02,43.55],[5.03,43.42],[4.93,43.44],[4.82,43.35],[4.57,43.37],[4.51,43.46],[4.21,43.46],[4.11,43.55],[3.94,43.53],[3.74,43.41],[3.62,43.37],[3.51,43.28],[3.39,43.28],[3.24,43.22],[3.11,43.11],[3.04,42.94],[3.05,42.55],[3.14,42.52],[3.17,42.36],[3.32,42.32],[3.26,42.24],[3.15,42.26],[3.12,42.14],[3.21,42.07],[3.24,41.97],[3.15,41.85],[2.78,41.65],[2.45,41.54],[2.3,41.47],[2.13,41.3],[2.06,41.27],[1.54,41.19],[1.22,41.1],[1.18,41.06],[0.99,41.04],[0.71,40.82],[0.87,40.71],[0.6,40.61],[0.55,40.57],[0.35,40.28],[0.21,40.17],[0,39.94],[0,39.2],[0.59,38.73],[0,38.26],[0,37.77],[0,36.8],[0,35.84]],[[10.99,33.84],[11.06,33.8],[10.89,33.66],[10.81,33.73],[10.74,33.72],[10.74,33.88],[10.9,33.88],[10.99,33.84]],[[34.54,35.68],[34.54,35.64],[34.35,35.52],[34.14,35.42],[34.06,35.32],[33.97,35.32],[33.9,35.16],[34.05,35.03],[34.01,34.99],[33.85,34.94],[33.68,34.97],[33.61,34.82],[33.25,34.7],[33.1,34.7],[32.94,34.57],[32.91,34.66],[32.67,34.65],[32.41,34.75],[32.33,34.89],[32.37,35.04],[32.45,35.06],[32.53,35.16],[32.65,35.19],[32.87,35.16],[32.93,35.23],[32.92,35.4],[33.43,35.33],[33.66,35.36],[34.04,35.47],[34.18,35.55],[34.32,35.59],[34.54,35.68]],[[26.32,35.32],[26.27,35.26],[26.31,35.18],[26.24,35.04],[26.15,35],[25.98,35.04],[25.81,35.01],[25.6,35.01],[25.51,34.98],[25.3,34.98],[25.1,34.94],[24.74,34.93],[24.76,35.04],[24.71,35.1],[24.56,35.11],[24.4,35.19],[24.08,35.2],[23.83,35.25],[23.59,35.24],[23.52,35.31],[23.57,35.43],[23.82,35.53],[24.04,35.53],[24.18,35.59],[24.19,35.45],[24.34,35.35],[24.72,35.43],[24.84,35.4],[24.97,35.42],[25.06,35.36],[25.38,35.34],[25.48,35.3],[25.64,35.35],[25.77,35.34],[25.71,35.18],[25.83,35.12],[25.9,35.18],[26.07,35.23],[26.16,35.2],[26.32,35.32]],[[14.55,35.89],[14.53,35.8],[14.34,35.88],[14.43,35.97],[14.55,35.89]],[[28.24,36.43],[28.24,36.37],[28.13,36.19],[27.78,35.89],[27.71,35.95],[27.76,36.08],[27.7,36.16],[27.9,36.34],[28.12,36.43],[28.24,36.43]],[[23.01,36.31],[23.08,36.27],[23.05,36.14],[22.91,36.21],[22.9,36.33],[23.01,36.31]],[[24.47,36.75],[24.48,36.67],[24.32,36.67],[24.35,36.75],[24.47,36.75]],[[25.53,37.2],[25.6,37.1],[25.55,36.97],[25.45,36.92],[25.34,37.08],[25.53,37.2]],[[25.28,37.05],[25.2,36.99],[25.1,37.01],[25.15,37.11],[25.26,37.12],[25.28,37.05]],[[27.28,36.91],[27.13,36.76],[27.06,36.84],[27.28,36.91]],[[26.36,37.69],[26.23,37.57],[26.06,37.52],[26.07,37.64],[26.2,37.63],[26.36,37.69]],[[27.05,37.73],[26.86,37.64],[26.79,37.65],[26.66,37.79],[26.77,37.81],[27.02,37.78],[27.05,37.73]],[[24.99,37.77],[24.96,37.71],[24.7,37.92],[24.95,37.91],[24.99,37.77]],[[24.59,38.16],[24.55,37.98],[24.37,37.97],[24.05,38.39],[23.64,38.42],[23.64,38.53],[23.51,38.6],[23.45,38.68],[23.2,38.83],[22.97,38.89],[23.14,39.01],[23.3,39.04],[23.43,38.95],[23.45,38.87],[23.62,38.77],[23.7,38.77],[23.86,38.68],[24.07,38.68],[24.22,38.54],[24.19,38.41],[24.33,38.19],[24.48,38.14],[24.59,38.16]],[[26.16,38.54],[26.14,38.42],[26.16,38.3],[26.11,38.22],[25.97,38.17],[25.87,38.26],[25.96,38.3],[25.99,38.38],[25.84,38.52],[25.85,38.58],[26,38.6],[26.16,38.54]],[[26.61,39.05],[26.42,38.97],[26.17,39.02],[26.17,39.2],[26.04,39.09],[25.89,39.14],[25.86,39.26],[26.16,39.32],[26.16,39.38],[26.34,39.38],[26.38,39.28],[26.47,39.23],[26.61,39.05]],[[25.45,40.04],[25.3,39.81],[25.07,39.86],[25.05,39.98],[25.23,40.01],[25.29,39.96],[25.45,40.04]],[[26.01,40.17],[25.77,40.1],[25.76,40.21],[25.91,40.24],[26.01,40.17]],[[25.69,40.45],[25.59,40.4],[25.47,40.46],[25.58,40.51],[25.69,40.45]],[[24.79,40.74],[24.78,40.62],[24.64,40.57],[24.51,40.67],[24.64,40.8],[24.79,40.74]],[[15.53,38.3],[15.58,38.24],[15.5,38.08],[15.21,37.75],[15.16,37.57],[15.1,37.49],[15.11,37.32],[15.22,37.28],[15.18,37.21],[15.33,37.03],[15.17,36.94],[15.09,36.8],[15.13,36.69],[15.07,36.66],[14.88,36.73],[14.78,36.7],[14.49,36.79],[14.39,36.95],[14.28,37.04],[14.09,37.12],[13.89,37.1],[13.68,37.19],[13.57,37.27],[13.45,37.3],[13.28,37.39],[13.17,37.49],[13.05,37.5],[12.94,37.57],[12.7,37.56],[12.49,37.68],[12.43,37.8],[12.5,38.01],[12.73,38.13],[12.9,38.03],[13.03,38.06],[13.1,38.19],[13.21,38.18],[13.31,38.22],[13.39,38.1],[13.51,38.11],[13.65,38],[13.79,37.97],[14.02,38.05],[14.27,38.02],[14.51,38.04],[14.63,38.08],[14.73,38.16],[14.91,38.19],[15.09,38.13],[15.25,38.22],[15.4,38.23],[15.53,38.3]],[[20.9,37.79],[20.82,37.65],[20.7,37.74],[20.62,37.86],[20.74,37.86],[20.9,37.79]],[[20.73,38.06],[20.61,38.12],[20.51,38.11],[20.47,38.18],[20.34,38.2],[20.4,38.33],[20.49,38.31],[20.63,38.35],[20.8,38.13],[20.73,38.06]],[[20.59,38.62],[20.6,38.78],[20.72,38.82],[20.72,38.64],[20.59,38.62]],[[20.09,39.43],[20,39.4],[19.87,39.47],[19.84,39.55],[19.69,39.67],[19.68,39.8],[19.85,39.82],[19.95,39.79],[19.86,39.66],[19.93,39.48],[20.09,39.43]],[[17.13,42.97],[17.11,42.91],[16.85,42.9],[16.82,42.96],[17.13,42.97]],[[16.69,43.13],[16.45,43.17],[16.54,43.23],[16.66,43.22],[16.69,43.13]],[[16.5,43.28],[16.49,43.38],[16.81,43.35],[16.85,43.27],[16.63,43.26],[16.5,43.28]],[[14.51,44.66],[14.43,44.66],[14.33,44.83],[14.45,44.85],[14.51,44.66]],[[14.72,44.94],[14.43,45.09],[14.51,45.13],[14.56,45.25],[14.67,45.16],[14.67,45.09],[14.81,44.98],[14.72,44.94]],[[1.61,39.09],[1.62,39.03],[1.51,38.93],[1.34,38.86],[1.21,38.9],[1.36,39.08],[1.54,39.12],[1.61,39.09]],[[9.79,40.56],[9.83,40.52],[9.75,40.38],[9.63,40.26],[9.65,40.14],[9.73,40.08],[9.69,39.99],[9.7,39.85],[9.65,39.64],[9.64,39.48],[9.56,39.14],[9.45,39.12],[9.25,39.23],[9.08,39.21],[9.02,39.15],[9.02,39],[8.84,38.88],[8.72,38.93],[8.64,38.89],[8.37,39.23],[8.43,39.28],[8.39,39.47],[8.46,39.58],[8.56,39.85],[8.4,39.91],[8.4,40.05],[8.49,40.1],[8.46,40.31],[8.31,40.58],[8.14,40.63],[8.13,40.73],[8.23,40.91],[8.31,40.85],[8.52,40.83],[8.64,40.9],[8.76,40.91],[9.02,41.13],[9.16,41.17],[9.23,41.26],[9.55,41.12],[9.57,40.91],[9.66,40.81],[9.79,40.56]],[[3.35,39.78],[3.47,39.74],[3.41,39.59],[3.32,39.52],[3.22,39.36],[3.06,39.27],[2.96,39.36],[2.76,39.4],[2.75,39.5],[2.66,39.56],[2.49,39.47],[2.38,39.53],[2.36,39.61],[2.57,39.71],[2.7,39.81],[2.93,39.91],[3.14,39.93],[3.12,39.81],[3.29,39.75],[3.35,39.78]],[[4.3,39.93],[4.25,39.82],[4.02,39.93],[3.87,39.93],[3.82,40.05],[4.11,40.07],[4.25,40],[4.3,39.93]],[[8.57,42.21],[8.68,42.27],[8.61,42.35],[8.67,42.51],[8.81,42.6],[9.02,42.65],[9.11,42.73],[9.34,42.75],[9.31,42.84],[9.42,43.02],[9.48,42.83],[9.46,42.61],[9.53,42.56],[9.56,42.29],[9.55,42.11],[9.4,41.95],[9.4,41.71],[9.34,41.57],[9.21,41.44],[8.94,41.49],[8.78,41.59],[8.9,41.7],[8.7,41.73],[8.81,41.91],[8.66,42.01],[8.74,42.04],[8.57,42.21]]]},"properties":{"featurecla":"Bathymetry","depth":0,"scalerank":0}},
{"type":"Feature","geometry":{"type":"Polygon","coordinates":[[[180,45.24],[180,45.62],[180,46.12],[180,46.62],[180,47.12],[180,47.62],[180,48.12],[180,48.61],[180,49.11],[180,49.61],[180,50.11],[180,50.61],[180,51.11],[180,51.61],[180,52.11],[180,52.6],[180,53.1],[180,53.6],[180,54.1],[180,54.6],[180,55.1],[180,55.6],[180,56.09],[180,56.59],[180,57.09],[180,57.59],[180,58.09],[180,58.59],[180,59.09],[180,59.58],[180,60.08],[180,60.58],[180,61.08],[180,61.58],[180,62.08],[180,62.58],[180,63.07],[180,63.57],[180,64.07],[180,64.57],[180,65.07],[179.78,65.02],[179.48,64.82],[179.25,64.81],[178.91,64.72],[178.76,64.64],[178.57,64.68],[178.27,64.67],[177.74,64.71],[177.55,64.78],[177.44,64.93],[177.3,64.84],[177.03,64.77],[176.85,64.85],[176.21,64.87],[176.32,64.77],[176.58,64.67],[176.73,64.58],[176.99,64.71],[177.34,64.78],[177.49,64.77],[177.36,64.56],[177.45,64.42],[177.67,64.31],[178,64.21],[178.28,64.35],[178.4,64.24],[178.47,63.99],[178.69,63.91],[178.76,63.64],[178.63,63.59],[178.72,63.48],[178.6,63.41],[179.33,63.2],[179.42,63.12],[179.25,62.98],[179.35,62.89],[179.54,62.85],[179.61,62.71],[179.43,62.62],[179.38,62.52],[179.15,62.5],[179.15,62.34],[178.49,62.44],[178.06,62.54],[177.68,62.58],[177.31,62.58],[177.33,62.69],[177.04,62.77],[176.93,62.69],[177.01,62.55],[176.59,62.49],[176.28,62.32],[175.63,62.19],[175.17,62.02],[174.82,61.95],[174.69,61.86],[174.49,61.81],[174.14,61.84],[173.99,61.71],[173.8,61.69],[173.54,61.75],[173.5,61.57],[173.29,61.52],[173.13,61.4],[172.9,61.47],[172.72,61.43],[172.93,61.35],[172.65,61.19],[172.39,61.23],[172.48,61.06],[172.24,61.02],[172.01,60.86],[171.66,60.82],[171.6,60.74],[171.41,60.75],[171.37,60.64],[171.18,60.56],[170.81,60.51],[170.79,60.45],[170.58,60.43],[170.67,60.34],[170.5,60.27],[170.4,59.97],[170.27,59.92],[170.12,60.02],[169.96,60.06],[169.75,60.28],[169.71,60.4],[169.35,60.53],[169.17,60.57],[168.62,60.56],[168.48,60.6],[168.1,60.57],[167.05,60.33],[166.29,59.84],[166.11,59.83],[166.18,60.12],[166.29,60.22],[166.25,60.38],[166.39,60.48],[166.05,60.45],[165.72,60.27],[165.13,60.08],[165.2,60.01],[165.01,59.85],[164.81,59.79],[164.72,59.96],[164.49,60.11],[164.32,60.09],[164.34,59.99],[164.16,59.96],[164.02,60.04],[163.65,60.05],[163.7,59.9],[163.5,59.9],[163.38,59.81],[163.39,59.63],[163.17,59.51],[163.3,59.43],[163.31,59.29],[163.08,59.27],[163.01,59.16],[162.89,59.11],[163.07,58.97],[162.82,58.89],[162.74,58.82],[162.41,58.65],[162.17,58.41],[161.99,58.09],[162.03,57.93],[162.21,57.82],[162.46,57.78],[162.53,57.94],[162.71,57.97],[163,57.84],[163.22,57.81],[163.33,57.71],[163.07,57.46],[162.83,57.38],[162.79,57.33],[162.79,57.15],[162.86,57.05],[162.79,56.92],[162.78,56.76],[162.97,56.7],[163.07,56.74],[163.28,56.69],[163.24,56.59],[163.34,56.36],[163.37,56.18],[163.11,56.1],[163.05,56.01],[162.82,56.06],[162.64,56.22],[162.75,56.35],[162.94,56.38],[163.12,56.5],[162.99,56.53],[162.91,56.43],[162.74,56.48],[162.5,56.44],[162.4,56.37],[162.59,56.27],[162.49,56.22],[162.14,56.13],[162.04,56.05],[162.02,55.93],[161.78,55.61],[161.75,55.38],[161.81,55.18],[162.15,54.85],[162.13,54.77],[161.75,54.52],[161.31,54.49],[161.21,54.57],[161.07,54.6],[160.74,54.54],[160.42,54.38],[160.22,54.24],[160.05,54.18],[159.9,53.98],[159.84,53.8],[159.87,53.69],[159.97,53.57],[159.92,53.28],[160.02,53.27],[160.02,53.12],[159.63,53.26],[159.48,53.23],[159,53.08],[158.71,52.89],[158.67,52.99],[158.56,53.07],[158.42,52.99],[158.62,52.93],[158.63,52.86],[158.52,52.75],[158.54,52.63],[158.52,52.48],[158.55,52.3],[158.29,52.03],[158.29,51.97],[158.03,51.78],[157.94,51.67],[157.76,51.54],[157.54,51.49],[157.45,51.35],[157.05,51.12],[156.72,50.89],[156.76,51.08],[156.72,51.2],[156.54,51.29],[156.48,51.52],[156.5,51.78],[156.44,52.22],[156.37,52.4],[156.43,52.52],[156.27,52.6],[156.11,52.94],[156.04,53.37],[155.94,53.87],[155.73,54.43],[155.61,54.89],[155.55,55.28],[155.69,56.04],[155.76,56.11],[155.92,56.58],[156.13,56.83],[156.39,56.91],[156.66,57.08],[156.83,57.21],[157,57.43],[156.93,57.66],[156.8,57.77],[156.98,57.86],[157.24,57.77],[157.47,57.8],[157.59,57.95],[157.72,58.02],[157.95,57.98],[158.17,58.02],[158.33,58.09],[158.65,58.27],[159.02,58.41],[159.4,58.68],[159.5,58.72],[159.75,58.93],[159.73,59.01],[159.86,59.14],[160.31,59.35],[160.5,59.55],[160.8,59.61],[161.28,59.87],[161.53,60.07],[161.65,60.09],[161.9,60.2],[161.94,60.42],[162.21,60.54],[162.4,60.56],[162.5,60.62],[162.75,60.65],[162.89,60.75],[163.19,60.81],[163.35,60.8],[163.77,60.92],[163.49,61],[163.76,61.19],[163.93,61.24],[164.03,61.35],[163.95,61.43],[163.76,61.48],[163.87,61.65],[164.04,61.68],[164.09,61.92],[164.08,62.09],[164.13,62.26],[164.42,62.35],[164.54,62.45],[164.74,62.46],[164.99,62.4],[165.17,62.46],[164.77,62.56],[164.6,62.67],[164.37,62.69],[164.06,62.66],[163.27,62.52],[163.23,62.31],[163.09,62.23],[163.15,62.04],[162.98,61.81],[163.34,61.71],[163.33,61.66],[162.91,61.58],[162.93,61.68],[162.77,61.71],[162.62,61.66],[162.42,61.68],[162.33,61.59],[161.99,61.37],[161.6,61.26],[161.45,61.14],[161.18,60.99],[160.92,60.9],[160.83,60.75],[160.38,60.7],[160.28,60.61],[160.16,60.64],[160.25,60.77],[160.17,60.82],[160.42,60.98],[160.2,61.04],[159.95,60.94],[159.85,60.98],[160,61.11],[159.91,61.26],[159.97,61.38],[160.11,61.5],[160.29,61.55],[160.26,61.63],[160.41,61.76],[160.39,61.88],[160.3,61.94],[160.04,61.85],[159.97,61.76],[159.58,61.65],[159.53,61.8],[159.36,61.89],[158.92,61.9],[158.85,61.83],[158.26,61.83],[158.08,61.73],[157.79,61.78],[157.46,61.78],[157.36,61.71],[157.03,61.65],[156.92,61.55],[156.68,61.52],[156.65,61.33],[156.55,61.21],[156.37,61.15],[156.01,60.95],[155.92,60.86],[155.92,60.75],[155.72,60.66],[155.57,60.63],[155.48,60.53],[155.34,60.52],[155.14,60.41],[154.95,60.37],[154.56,60.09],[154.41,60.06],[154.49,59.9],[154.22,59.87],[154.28,59.65],[154.08,59.51],[154.26,59.44],[154.43,59.55],[154.64,59.54],[154.78,59.47],[154.96,59.5],[155.21,59.34],[155.19,59.18],[154.81,59.19],[154.68,59.15],[154.5,59.22],[154.34,59.18],[154.36,59.11],[154.05,59.05],[153.91,59.09],[153.8,59.17],[153.37,59.24],[153.34,59.09],[153.09,59.08],[152.94,59.01],[152.92,58.92],[152.56,58.95],[152.4,59.02],[152.17,58.98],[152.02,58.88],[151.72,58.85],[151.36,58.86],[151.09,59.1],[151.22,59.09],[151.44,59.17],[151.77,59.13],[152.11,59.16],[152.31,59.23],[152.14,59.3],[151.96,59.27],[151.76,59.3],[151.64,59.48],[151.32,59.56],[151.06,59.58],[150.94,59.56],[150.84,59.45],[150.52,59.56],[150.46,59.61],[150,59.7],[149.6,59.76],[149.38,59.72],[149.13,59.64],[148.97,59.45],[148.99,59.36],[148.79,59.24],[148.44,59.26],[148.39,59.38],[148.22,59.41],[147.91,59.39],[147.59,59.3],[147.55,59.24],[147.27,59.33],[146.72,59.38],[146.44,59.46],[146.32,59.4],[146.31,59.28],[146.05,59.14],[145.84,59.29],[145.98,59.4],[145.68,59.42],[145,59.37],[144.45,59.37],[143.84,59.4],[143.49,59.32],[143.16,59.35],[142.58,59.23],[142.26,59.12],[141.95,58.94],[141.78,58.76],[141.58,58.62],[141.19,58.46],[140.9,58.38],[140.67,58.19],[140.5,57.84],[140.28,57.76],[139.98,57.69],[139.79,57.48],[139.56,57.43],[139.42,57.3],[139.2,57.27],[138.93,57.14],[138.92,57.06],[138.66,56.98],[138.27,56.63],[138.11,56.53],[138.22,56.42],[137.91,56.36],[137.83,56.23],[137.7,56.13],[137.57,56.12],[136.77,55.66],[136.57,55.62],[136.32,55.49],[136.22,55.35],[135.87,55.17],[135.53,55.09],[135.22,54.89],[135.17,54.82],[135.27,54.72],[135.65,54.67],[135.75,54.57],[136.25,54.62],[136.53,54.6],[136.76,54.64],[136.88,54.59],[136.74,54.41],[136.82,54.32],[136.78,54.06],[136.69,54.01],[136.68,53.81],[136.78,53.77],[136.96,53.86],[137.11,53.81],[137.19,53.85],[137.29,54.04],[137.16,54.04],[137.06,54.15],[137.3,54.27],[137.45,54.32],[137.68,54.28],[137.49,54.11],[137.31,54.12],[137.55,53.97],[137.77,53.94],[137.6,53.82],[137.48,53.67],[137.31,53.65],[137.21,53.59],[137.34,53.53],[137.68,53.55],[137.92,53.59],[138.3,53.76],[138.4,53.93],[138.56,53.99],[138.59,53.88],[138.54,53.79],[138.38,53.68],[138.25,53.53],[138.5,53.54],[138.66,53.73],[138.68,53.88],[138.76,53.98],[138.74,54.32],[139.16,54.2],[139.37,54.2],[139.8,54.3],[139.82,54.22],[140,54.12],[140.24,54.06],[140.33,53.97],[140.25,53.89],[140.36,53.79],[140.51,53.73],[140.54,53.67],[140.95,53.49],[141.04,53.41],[141.25,53.31],[141.38,53.31],[141.43,53.15],[141.19,52.99],[140.93,53.03],[140.97,52.94],[141.26,52.85],[141.28,52.58],[141.12,52.45],[141.17,52.36],[141.51,52.17],[141.4,52.14],[141.31,52.04],[141.43,51.94],[141.2,51.82],[141.11,51.68],[140.91,51.62],[140.9,51.43],[140.83,51.34],[140.71,51.33],[140.67,51.13],[140.71,51.07],[140.66,50.94],[140.54,50.88],[140.47,50.69],[140.51,50.62],[140.44,50.54],[140.55,50.34],[140.52,50.15],[140.66,50.06],[140.49,49.98],[140.42,49.86],[140.54,49.76],[140.51,49.69],[140.56,49.58],[140.45,49.42],[140.43,49.31],[140.34,49.22],[140.38,49.14],[140.3,48.98],[140.19,48.65],[140.17,48.45],[140.04,48.34],[139.73,48.16],[139.68,48.1],[139.39,47.9],[139.26,47.79],[139.21,47.66],[139.05,47.48],[138.96,47.31],[138.89,47.31],[138.53,46.99],[138.48,46.86],[138.35,46.66],[138.34,46.55],[138.2,46.45],[138.1,46.23],[137.78,45.95],[137.67,45.79],[137.4,45.62],[137.14,45.37],[136.83,45.2],[136.76,45.09],[136.66,45.03],[136.55,44.89],[136.36,44.79],[136.13,44.48],[136.49,44.05],[137.2,43.42],[137.91,42.78],[138.62,42.15],[139.34,41.52],[139.36,41.5],[139.7,41.19],[140.51,41.44],[141.31,41.69],[142.3,41.78],[143.29,41.87],[144.28,41.96],[145.28,42.05],[146.27,42.14],[147.26,42.23],[148.25,42.32],[149.24,42.41],[150.24,42.51],[151.23,42.6],[152.22,42.69],[153.21,42.78],[154.21,42.87],[155.2,42.96],[156.19,43.05],[157.18,43.14],[158.17,43.24],[159.17,43.33],[160.16,43.42],[161.15,43.51],[162.14,43.6],[163.13,43.69],[164.13,43.78],[165.12,43.87],[166.11,43.97],[167.1,44.06],[168.09,44.15],[169.09,44.24],[170.08,44.33],[171.07,44.42],[172.06,44.51],[173.06,44.6],[174.05,44.69],[175.04,44.79],[176.03,44.88],[177.02,44.97],[178.02,45.06],[179.01,45.15],[180,45.24]],[[164.71,58.98],[164.63,58.87],[164.41,58.86],[164.12,58.78],[163.59,58.56],[163.65,58.69],[163.78,58.81],[163.77,58.87],[163.97,59.03],[164.28,59.11],[164.56,59.24],[164.71,58.98]],[[166.66,54.76],[166.36,54.84],[166.08,55.06],[165.99,55.22],[165.8,55.27],[165.96,55.36],[166.29,55.3],[166.25,55.15],[166.48,54.94],[166.65,54.84],[166.66,54.76]],[[173.38,52.83],[173.09,52.83],[172.94,52.75],[172.76,52.8],[172.64,52.87],[172.66,53.01],[172.97,52.97],[173.13,52.99],[173.3,52.93],[173.38,52.83]],[[179.78,51.97],[179.64,51.87],[179.49,51.97],[179.64,52.03],[179.78,51.97]],[[156.46,50.87],[156.51,50.77],[156.41,50.63],[156.18,50.69],[156.2,50.78],[156.46,50.87]],[[156.13,50.64],[156.15,50.52],[156.06,50.49],[155.88,50.25],[155.77,50.19],[155.56,50.17],[155.38,50.04],[155.22,50.11],[155.25,50.22],[155.41,50.36],[155.63,50.38],[155.72,50.42],[155.89,50.69],[156.07,50.78],[156.13,50.64]],[[142.53,54.3],[142.73,54.42],[142.82,54.3],[143,54.14],[142.91,53.91],[142.94,53.75],[143.11,53.43],[143.21,53.36],[143.29,53.15],[143.34,52.7],[143.12,52.34],[143.18,52.31],[143.1,52.1],[143.16,52],[143.16,51.87],[143.31,51.75],[143.22,51.53],[143.46,51.47],[143.44,51.37],[143.54,51.24],[143.59,51.01],[143.68,50.74],[143.79,50.31],[144,50.01],[144.13,49.75],[144.14,49.64],[144.22,49.53],[144.28,49.25],[144.44,49.01],[144.01,49.27],[143.5,49.35],[143.17,49.25],[143.07,49.18],[142.97,49.05],[142.99,48.92],[142.79,48.56],[142.55,48.02],[142.55,47.77],[142.59,47.64],[142.76,47.43],[142.91,47.37],[143.02,47.25],[143.03,47.07],[143.12,46.87],[143.08,46.81],[143.17,46.71],[143.42,46.8],[143.51,46.77],[143.53,46.59],[143.63,46.37],[143.52,46.24],[143.42,46.22],[143.34,46.41],[143.34,46.56],[143.16,46.6],[142.77,46.61],[142.72,46.74],[142.53,46.68],[142.46,46.63],[142.28,46.33],[142.2,46.03],[142.04,45.92],[141.93,46.04],[141.9,46.28],[141.84,46.42],[141.82,46.6],[142.06,47.05],[142.06,47.17],[141.98,47.3],[141.97,47.61],[142.11,47.87],[142.19,47.97],[142.14,48.32],[141.92,48.61],[141.86,48.77],[141.97,48.86],[142.08,49.2],[142.06,49.31],[142.13,49.46],[142.16,49.68],[142.13,49.9],[142.17,50.09],[142.15,50.35],[142.05,50.53],[142.13,50.89],[142.27,51.07],[142.18,51.31],[142.08,51.47],[141.82,51.67],[141.81,51.81],[141.68,51.91],[141.65,52.08],[141.66,52.38],[141.78,52.47],[141.84,52.59],[141.87,52.86],[141.93,53.02],[141.83,53.17],[141.77,53.37],[141.96,53.46],[142.23,53.52],[142.31,53.37],[142.46,53.38],[142.58,53.5],[142.49,53.64],[142.61,53.71],[142.71,53.95],[142.47,54.15],[142.41,54.23],[142.53,54.3]],[[154.84,49.65],[154.9,49.61],[154.8,49.46],[154.83,49.35],[154.72,49.27],[154.6,49.3],[154.61,49.37],[154.84,49.65]],[[152.21,47.13],[152.16,47.02],[152.02,46.9],[151.8,46.77],[151.75,46.86],[151.87,46.87],[152.21,47.13]],[[150.33,46.21],[150.48,46.21],[150.36,46.08],[150.25,46.04],[150.14,45.9],[149.95,45.82],[149.64,45.61],[149.53,45.58],[149.48,45.67],[149.67,45.85],[149.81,45.88],[150.02,46.07],[150.15,46.09],[150.21,46.18],[150.33,46.21]],[[138.05,55.06],[138.18,55.06],[137.99,54.88],[137.99,54.8],[137.71,54.62],[137.65,54.66],[137.49,54.88],[137.29,54.8],[137.27,54.9],[137.46,55.03],[137.49,55.12],[137.61,55.2],[138.05,55.06]],[[137.17,55.12],[137.02,54.92],[136.79,55.01],[137.05,55.11],[137.17,55.12]],[[148.8,45.42],[148.76,45.31],[148.56,45.31],[148.44,45.25],[148.22,45.2],[147.99,45.01],[147.77,44.94],[147.7,45.01],[147.56,44.82],[147.39,44.74],[147.23,44.58],[147.11,44.57],[146.99,44.48],[146.87,44.49],[147.2,44.71],[147.26,44.87],[147.49,45],[147.5,45.08],[147.67,45.09],[147.78,45.2],[147.89,45.22],[147.87,45.38],[148.07,45.25],[148.31,45.28],[148.62,45.5],[148.8,45.52],[148.8,45.42]],[[146.47,44.43],[146.33,44.29],[146.14,44.27],[145.93,44.12],[145.79,43.95],[145.58,43.83],[145.57,43.73],[145.44,43.72],[145.41,43.83],[145.73,44.04],[145.8,44.16],[145.97,44.29],[146.12,44.51],[146.19,44.51],[146.36,44.42],[146.47,44.43]],[[146.88,43.86],[146.91,43.8],[146.65,43.71],[146.6,43.81],[146.77,43.86],[146.88,43.86]],[[145.77,43.39],[145.63,43.31],[145.52,43.17],[145.3,43.17],[145.13,43.12],[145,42.99],[144.76,43.02],[144.74,42.92],[144.5,42.93],[144.32,43],[144.04,42.93],[143.89,42.84],[143.64,42.66],[143.35,42.32],[143.34,42.15],[143.25,41.94],[142.96,42.11],[142.76,42.16],[142.46,42.27],[142.28,42.37],[142.17,42.46],[142.06,42.47],[141.93,42.56],[141.73,42.62],[141.43,42.56],[141.09,42.39],[141.02,42.32],[140.73,42.56],[140.53,42.58],[140.38,42.51],[140.29,42.35],[140.29,42.26],[140.55,42.11],[140.71,42.13],[140.97,41.91],[141.18,41.82],[141.04,41.72],[140.96,41.72],[140.64,41.82],[140.6,41.74],[140.45,41.68],[140.4,41.51],[140.27,41.48],[140.21,41.4],[140.04,41.44],[139.98,41.56],[140.02,41.7],[140.13,41.82],[140.15,41.98],[140.03,42.11],[139.93,42.14],[139.79,42.25],[139.77,42.31],[139.85,42.47],[139.83,42.59],[139.88,42.66],[140.05,42.69],[140.2,42.81],[140.26,42.76],[140.38,42.89],[140.53,43.02],[140.34,43.21],[140.36,43.33],[140.49,43.37],[140.81,43.19],[140.99,43.23],[141.02,43.17],[141.17,43.14],[141.37,43.25],[141.44,43.36],[141.37,43.5],[141.39,43.58],[141.34,43.71],[141.39,43.79],[141.53,43.84],[141.64,43.94],[141.67,44.07],[141.66,44.28],[141.75,44.42],[141.79,44.6],[141.78,44.77],[141.72,44.96],[141.59,45.16],[141.58,45.25],[141.69,45.4],[141.82,45.42],[141.96,45.51],[142.06,45.4],[142.22,45.3],[142.54,45.02],[142.63,44.88],[142.98,44.59],[143.35,44.38],[143.41,44.32],[143.68,44.18],[143.78,44.1],[144,44.13],[144.22,44.11],[144.32,43.99],[144.43,43.94],[144.74,43.91],[144.83,43.94],[145.05,44.12],[145.2,44.21],[145.35,44.21],[145.26,44.07],[145.12,43.92],[145.07,43.75],[145.19,43.62],[145.31,43.37],[145.32,43.28],[145.47,43.25],[145.68,43.38],[145.77,43.39]],[[139.55,42.24],[139.51,42.1],[139.41,42.17],[139.55,42.24]],[[141.33,45.17],[141.24,45.1],[141.15,45.15],[141.2,45.25],[141.33,45.17]]]},"properties":{"featurecla":"Bathymetry","depth":0,"scalerank":0}}
]}